SIGUNGU,FLOOD_YEAR,FLOOD_MONTH,FLOOD_AREA
43111,2017,7,8420.86
43111,2017,7,3860.054
43111,2017,7,1686.663
43111,2017,7,15485.922
43111,2017,7,15076.976
43111,2017,7,27622.781
43111,2017,7,16538.115
43114,2017,7,4276.074
43114,2017,7,17593.281
43114,2017,7,2173.062
43114,2017,7,7768.196
43111,2017,6,6709.522
43111,2017,7,4884.362
43111,2017,7,879.56
43114,2017,7,17580.316
43114,2017,7,2659.866
43112,2017,7,16047.415
43114,2017,7,6882.505
43114,2017,7,5641.678
43112,2017,7,3356.243
43112,2017,7,8563.563
43112,2017,7,2327.24
44200,2018,8,174.198
44200,2018,8,1602.379
43760,2018,8,5426.666
43760,2018,8,202.868
43760,2018,8,821.651
48170,2018,8,12218.564
41480,2020,8,1.3908344e+06
42230,2019,10,4809.4
42230,2019,10,18288.9
42230,2019,10,3183.3
42230,2019,10,94390.1
41150,2020,8,65.6
41461,2020,7,88573.6
48170,2018,10,20217.115
48250,2017,10,18998.006
48170,2018,10,13630.838
43112,2017,7,4491.282
43112,2017,7,10115.939
43112,2017,7,1436.165
43112,2017,7,10752.607
43111,2017,7,2053.165
43111,2017,7,410.613
43111,2017,7,24723.81
43111,2017,7,4577.475
43111,2017,7,15288.299
43111,2017,7,49137.516
41480,2020,8,4727.3
41480,2020,8,4014.8
50110,2016,10,1459.042
50110,2016,10,4081.043
31710,2016,10,102753.88
31710,2016,10,102422.44
31710,2016,10,216113.06
31710,2016,10,152358.12
31710,2016,10,57896.617
41480,2020,8,14115.1
41480,2020,8,8078.7
50130,2016,10,6373.254
31710,2016,10,41719.855
31710,2016,10,122723.91
31710,2016,10,45629.984
31710,2016,10,186902.8
31710,2016,10,116859.51
41480,2020,8,152795.7
31710,2016,10,106659.22
31710,2016,10,112899.625
48270,2016,10,387675.84
48270,2016,10,25742.896
48270,2016,10,19901.111
43150,2020,8,6424.6
50130,2016,10,1681.303
50130,2016,10,13188.571
50130,2016,10,4817.615
50130,2016,10,28306.287
50130,2016,10,2138.081
50130,2016,10,4028.443
50130,2016,10,3327.969
50130,2016,10,4189.768
50130,2016,10,2667.64
50130,2016,10,26717.457
50130,2016,10,16345.218
50130,2016,10,5256.282
50130,2016,10,7474.207
50130,2016,10,18978.092
31710,2016,10,6306.266
31710,2016,10,71027.586
31710,2016,10,51439.758
31710,2016,10,56088.617
31710,2016,10,107322.195
48270,2016,10,44338.867
48270,2016,10,70621.125
48270,2016,10,83431.05
48270,2016,10,123003.18
50130,2016,10,9941.214
50130,2016,10,5148.85
31710,2016,10,219719.27
31710,2016,10,219468.86
31710,2016,10,144646.98
48270,2016,10,62733.52
48330,2016,10,4933.98
48330,2016,10,49047.184
48330,2016,10,26900.271
48330,2016,10,9222.174
26470,2017,9,42087.28
26470,2017,9,65819.586
26470,2017,9,3531.279
26470,2017,9,8463.114
26500,2017,9,3247.861
31710,2016,10,52318.355
31710,2016,10,93896.28
46150,2020,8,6864.8
50130,2016,10,4323.873
50130,2016,10,3118.074
26470,2017,9,3452.055
43112,2016,7,25658.168
48330,2016,10,8122.8926
48330,2016,10,6459.5273
48330,2016,10,10385.314
48330,2016,10,14002.112
48330,2016,10,11602.414
46150,2020,8,18143.9
48330,2016,10,12637.632
48330,2016,10,37320.88
26500,2017,9,12592.737
48170,2020,8,6827.369
48170,2020,8,2110.5686
31710,2016,10,69949.16
43112,2016,8,14718.079
43113,2016,7,7150.0
43113,2016,7,5216.0
43113,2016,7,3937.0
43113,2016,7,4000.0
43113,2016,7,6979.0
48170,2020,8,2560.8423
48330,2016,10,31783.082
48330,2016,10,7672.1567
48330,2016,10,160010.83
48330,2016,10,30593.268
48330,2016,10,6786.701
48330,2016,10,6290.5054
50110,2016,10,1541.995
50110,2016,10,1090.688
50110,2016,10,2997.448
50110,2016,10,2623.635
50110,2016,10,1148.38
48170,2020,8,18766.547
26500,2017,9,14541.759
36110,2017,7,723.901
36110,2017,7,900.354
36110,2017,7,5178.69
36110,2017,7,392.768
36110,2017,7,2956.617
41220,2017,7,75543.8
43114,2016,7,5285.0
48121,2016,10,488336.38
50110,2016,10,3668.076
50110,2016,10,4786.755
50110,2016,10,3750.52
50110,2016,10,3934.277
50110,2016,10,1181.859
50110,2016,10,2132.115
50110,2016,10,3992.552
50110,2016,10,2979.912
50110,2016,10,1147.674
50110,2016,10,3596.086
50110,2016,10,3180.476
50110,2016,10,1967.297
50110,2016,10,2457.137
50110,2016,10,1378.509
50110,2016,10,3109.828
50110,2016,10,2222.958
31110,2016,10,1997.495
31110,2016,10,7358.325
31110,2016,10,134366.11
31200,2016,10,215100.61
31200,2016,10,123773.12
31200,2016,10,372498.44
31200,2016,10,590826.06
31200,2016,10,224931.06
31200,2016,10,35898.062
31200,2016,10,663886.3
31200,2016,10,23816.271
31200,2016,10,31167.504
31710,2016,10,76576.695
31710,2016,10,31556.938
31710,2016,10,119436.58
31710,2016,10,45579.117
31710,2016,10,71534.95
41390,2017,7,4076.0
41390,2017,7,34928.0
50110,2016,10,4197.276
50110,2016,10,1523.522
50110,2016,10,400.259
50110,2016,10,1275.221
50110,2016,10,1602.521
43111,2017,7,21412.79
43111,2017,7,1050.812
43111,2017,7,1227.393
43111,2017,7,4015.099
43111,2017,7,9556.692
43111,2017,7,315.138
43111,2017,7,10249.149
43111,2017,7,1359.821
43111,2017,7,1268.227
43111,2017,7,2044.284
43111,2017,7,829.509
43111,2017,7,563.52
43111,2017,7,940.346
43111,2017,7,119.329
43111,2017,7,6708.975
43111,2017,7,4502.769
43111,2017,7,4673.107
43111,2017,7,54.94
43111,2017,7,2550.513
43111,2017,7,3975.836
50110,2016,10,1735.018
50110,2016,10,1834.208
50110,2016,10,2405.592
50110,2016,10,3009.993
50110,2016,10,3611.619
50110,2016,10,1492.716
50110,2016,10,1636.97
50110,2016,10,1938.929
50110,2016,10,4477.107
41220,2017,7,73617.11
41390,2017,7,5969.0
41390,2017,7,5054.0
41390,2017,7,4658.215
43111,2017,7,483.324
43111,2017,7,369.009
43111,2017,7,3152.908
43111,2017,7,5079.9
43111,2017,7,2544.513
43111,2017,7,3696.179
43111,2017,7,6949.531
43111,2017,7,7785.587
43111,2017,7,2365.065
43111,2017,7,4984.572
43111,2017,7,6509.702
43111,2017,7,12395.428
43111,2017,7,6295.05
43111,2017,7,5683.032
43111,2017,7,2241.252
43111,2017,7,2528.038
43111,2017,7,6731.87
43111,2017,7,6756.182
43111,2017,7,5215.083
43111,2017,7,7788.835
43111,2017,7,4098.087
43111,2017,7,3705.97
43111,2017,7,3145.154
43111,2017,7,3385.141
43111,2017,7,1622.681
43111,2017,7,1674.815
43111,2017,7,1583.549
43111,2017,7,3139.059
43111,2017,7,831.154
43111,2017,7,19122.285
43111,2017,7,9574.685
43111,2017,7,2378.955
43111,2017,7,2137.949
43111,2017,7,3127.068
43111,2017,7,4504.371
43111,2017,7,1918.579
43111,2017,7,8829.966
43111,2017,7,1757.951
43111,2017,7,2620.839
43111,2017,7,876.132
43111,2017,7,1534.797
43111,2017,7,4349.726
43111,2017,7,2381.725
43111,2017,7,7524.418
43111,2017,7,1399.834
31710,2016,10,31862.4
43111,2017,7,1323.005
43111,2017,7,22186.592
43111,2017,7,2964.112
43111,2017,7,6282.032
43111,2017,7,7934.165
43111,2017,7,3111.592
43111,2017,7,2381.815
43111,2017,7,2253.13
43111,2017,7,4139.549
43111,2017,7,2646.788
43111,2017,7,1290.706
43111,2017,7,2358.779
43111,2017,7,2560.998
43111,2017,7,3217.213
43111,2017,7,8749.257
43111,2017,7,2964.127
43111,2017,7,4141.639
43111,2017,7,1258.699
43111,2017,7,3272.172
43111,2017,7,1511.201
43111,2017,7,2750.692
31710,2016,10,263247.06
31710,2016,10,118616.58
31710,2016,10,44192.53
41480,2020,8,14407.0
48121,2016,10,162182.45
48121,2016,10,82138.94
50110,2016,10,2112.253
50110,2016,10,813.729
50110,2016,10,523.572
50110,2016,10,921.499
48123,2016,10,270708.38
48129,2016,10,11233.276
50110,2016,10,3518.985
50110,2016,10,2691.522
50110,2016,10,1902.748
50110,2016,10,3186.14
50110,2016,10,2409.733
50110,2016,10,344.069
50110,2016,10,6889.734
50110,2016,10,2645.456
50110,2016,10,3611.998
50110,2016,10,1761.841
50110,2016,10,1917.736
26140,2016,10,172953.3
31140,2016,10,159035.08
31140,2016,10,110241.05
31710,2016,10,49892.5
48129,2016,10,177818.67
46730,2020,8,474661.1
50110,2016,10,5130.461
50110,2016,10,1358.343
50110,2016,10,2582.432
50110,2016,10,1612.527
50110,2016,10,5089.496
50110,2016,10,4469.197
50110,2016,10,5257.93
50110,2016,10,3022.479
50110,2016,10,14194.784
50110,2016,10,814.822
50110,2016,10,8758.073
50110,2016,10,1357.217
50110,2016,10,1929.721
50110,2016,10,1646.135
48220,2016,10,44985.66
48220,2016,9,19736.8
50110,2016,10,3557.264
50110,2016,10,1325.831
50110,2016,10,2609.501
50110,2016,10,3074.562
50110,2016,10,692.901
50110,2016,10,1051.958
50110,2016,10,5611.945
50110,2016,10,3607.293
50110,2016,10,5279.359
50110,2016,10,1894.892
50110,2016,10,783.651
50110,2016,10,2190.935
50110,2016,10,1920.681
31710,2016,10,60391.633
48270,2016,10,392268.47
48270,2016,10,82282.36
50110,2016,10,3532.478
50110,2016,10,1033.605
50130,2016,10,20409.234
50130,2016,10,13462.676
46730,2020,8,1.3412326e+06
50130,2016,10,38175.14
50130,2016,10,1653.378
50130,2016,10,15057.425
48890,2020,8,443041.9
48890,2020,8,211918.4
48890,2020,8,466967.4
48890,2020,8,735192.3
48890,2020,8,107092.4
48890,2020,8,551496.1
46880,2020,8,2401.6
46880,2020,8,14764.7
46730,2020,8,807189.5
48890,2020,8,1.2867781e+06
48890,2020,8,408339.3
31710,2016,10,250115.06
31710,2016,10,125991.86
31710,2016,10,56610.18
31710,2016,10,23562.918
31710,2016,10,233184.4
31710,2016,10,199800.42
31710,2016,10,97683.836
43800,2020,8,10511.9
31110,2016,10,102238.82
31110,2016,10,8103.747
31110,2016,10,5533.16
31110,2016,10,7531.977
31140,2016,10,28999.191
31140,2016,10,35441.52
31140,2016,10,25545.262
31140,2016,10,100746.234
31140,2016,10,69793.9
31140,2016,10,22120.164
31140,2016,10,54693.33
31140,2016,10,60620.36
26140,2016,10,16904.686
46720,2020,8,773048.1
46730,2020,8,75565.4
26350,2016,10,1669.128
26350,2016,10,35459.277
26350,2016,10,3965.41
26350,2016,10,6884.538
31140,2016,10,300989.78
31140,2016,10,244750.11
31140,2016,10,146601.83
50110,2016,10,1800.16
50110,2016,10,1637.27
50110,2016,10,2092.39
31110,2016,10,98380.72
31200,2016,10,358709.4
31200,2016,10,299068.66
31200,2016,10,482396.34
43111,2017,7,4571.045
43111,2017,7,6479.057
43111,2017,7,4579.164
43111,2017,7,7188.282
43111,2017,7,4305.122
43111,2017,7,7266.113
43111,2017,7,1653.912
31110,2016,10,6071.212
31110,2016,10,62744.883
31200,2016,10,202649.05
31110,2016,10,8431.232
31110,2016,10,2806.625
31110,2016,10,4482.031
31110,2016,10,6155.371
31110,2016,10,538.909
31200,2016,10,143330.48
43111,2017,7,29303.42
31200,2016,10,296866.2
31200,2016,10,237388.17
43111,2017,7,21364.248
43111,2017,7,20398.98
43111,2017,7,8714.371
43111,2017,7,30402.877
43111,2017,7,682.452
43111,2017,7,105710.12
43111,2017,7,8632.148
43111,2017,7,11799.394
43111,2017,7,2285.179
43111,2017,7,2917.401
43111,2017,7,2989.331
43111,2017,7,2212.514
43111,2017,7,11029.367
43111,2017,7,3837.832
43111,2017,7,5294.575
43111,2017,7,5766.543
43111,2017,7,8555.488
43111,2017,7,3987.166
43111,2017,7,8117.565
43111,2017,7,10542.252
43111,2017,7,20799.615
43111,2017,7,3707.968
43111,2017,7,8437.225
43111,2017,7,1871.912
43111,2017,7,1853.561
43111,2017,7,9775.504
43111,2017,7,11863.835
43111,2017,7,3870.234
43111,2017,7,11831.068
43111,2017,7,2532.09
43111,2017,7,1513.709
43112,2017,7,19734.174
43112,2017,7,4857.199
43112,2017,7,5061.873
43112,2017,7,5405.687
43112,2017,7,38921.766
43112,2017,7,3751.664
43112,2017,7,2808.098
43112,2017,7,12337.724
43112,2017,7,18642.588
43112,2017,7,20831.295
43112,2017,7,11225.706
43112,2017,7,23274.285
43111,2017,7,4164.753
43112,2017,7,7009.045
43112,2017,7,3880.506
43112,2017,7,3995.666
43112,2017,7,5500.309
43112,2017,7,7663.721
43112,2017,7,1817.903
43112,2017,7,8835.867
43112,2017,7,3805.013
43112,2017,7,6130.584
43112,2017,7,3977.866
43112,2017,7,3469.485
43112,2017,7,3322.679
43111,2017,7,21094.82
43112,2017,7,11379.528
43112,2017,7,6220.141
43112,2017,7,4163.946
43112,2017,7,5776.59
43112,2017,7,1037.568
43112,2017,7,8454.688
43112,2017,7,2230.479
43112,2017,7,5269.62
43112,2017,7,2541.139
43112,2017,7,6458.794
43112,2017,7,1931.733
43112,2017,7,3644.026
43112,2017,7,1310.466
43112,2017,7,3868.158
43112,2017,7,15696.755
43112,2017,7,3062.088
43112,2017,7,3443.424
43112,2017,7,7859.015
43112,2017,7,14687.519
43112,2017,7,16871.541
43112,2017,7,1906.843
43112,2017,7,3870.788
43112,2017,7,5434.321
43112,2017,7,6252.025
43112,2017,7,7924.703
43112,2017,7,2954.289
43112,2017,7,2162.104
43112,2017,7,5026.546
43112,2017,7,1260.234
43112,2017,7,1269.608
43112,2017,7,2427.705
43112,2017,7,10350.167
43112,2017,7,14420.434
43112,2017,7,1409.853
43112,2017,7,4825.432
43112,2017,7,898.615
43112,2017,7,1496.96
43112,2017,7,1815.642
43112,2017,7,5835.287
43112,2017,7,1711.198
43112,2017,7,1153.632
43112,2017,7,6803.259
43112,2017,7,3814.255
43112,2017,7,1776.051
43112,2017,7,4514.195
43112,2017,7,1202.465
43112,2017,7,1899.023
43112,2017,7,4031.596
43112,2017,7,11698.726
43112,2017,7,1514.404
43112,2017,7,3750.788
43112,2017,7,910.61
43112,2017,7,4916.074
43112,2017,7,6083.522
43112,2017,7,2017.443
43112,2017,7,1774.886
43112,2017,7,5568.617
43112,2017,7,3614.978
43112,2017,7,3455.166
43112,2017,7,3648.626
43112,2017,7,1170.15
43112,2017,7,10896.739
43112,2017,7,1950.391
43112,2017,7,1031.128
43112,2017,7,2060.325
43112,2017,7,3327.188
43112,2017,7,1656.54
43112,2017,7,7357.232
43112,2017,7,7269.335
43112,2017,7,1023.265
43112,2017,7,6833.095
43112,2017,7,2758.448
43112,2017,7,1807.377
43112,2017,7,1255.684
43112,2017,7,8486.89
43112,2017,7,3102.714
43112,2017,7,1594.46
43112,2017,7,10072.01
43112,2017,7,3675.334
43112,2017,7,1556.312
43112,2017,7,1171.908
43112,2017,7,1952.787
43112,2017,7,2968.567
43112,2017,7,3986.415
43112,2017,7,6510.483
43112,2017,7,2576.802
43111,2017,7,4596.437
43111,2017,7,3214.885
43111,2017,7,6888.644
43111,2017,7,49812.734
43111,2017,7,14073.725
43111,2017,7,21408.922
43111,2017,7,10584.486
43111,2017,7,15879.785
43111,2017,7,1652.15
43111,2017,7,6879.774
43111,2017,7,12151.237
43111,2017,7,36137.836
43111,2017,7,62841.324
43111,2017,7,9921.214
43111,2017,7,4527.337
43111,2017,7,4523.36
43111,2017,7,31591.156
43111,2017,7,16164.209
43111,2017,7,2178.717
43111,2017,7,4524.089
31110,2016,10,5007.983
43111,2017,7,3382.274
43111,2017,7,8289.235
43111,2017,7,2168.908
43111,2017,7,11050.877
43111,2017,7,10807.724
43111,2017,7,3497.293
43111,2017,7,5802.342
43111,2017,7,7378.754
43111,2017,7,36085.504
43111,2017,7,10812.123
43111,2017,7,18611.203
43111,2017,7,15010.934
43111,2017,7,5980.096
26350,2016,10,11751.104
26380,2016,10,596.635
26380,2016,10,778.938
26380,2016,10,21764.898
26380,2016,10,26800.693
26500,2016,10,79408.78
31140,2016,10,66331.63
30200,2016,7,45441.137
30200,2016,7,20399.492
31110,2016,10,3923.179
31110,2016,10,44611.04
31140,2016,10,19503.736
31140,2016,10,3726.411
43111,2017,7,9120.199
31200,2016,10,637467.2
31110,2016,10,6559.671
31110,2016,10,27393.205
31140,2016,10,5721.577
31140,2016,10,9350.172
31200,2016,10,11686.256
48270,2020,9,891.4186
48270,2020,9,2.525489e+06
46880,2020,8,3429.8
46880,2020,8,10055.4
43111,2017,7,1792.549
43111,2017,7,4962.006
43111,2017,7,2735.307
43111,2017,7,13501.583
43111,2017,7,19776.174
43111,2017,7,13180.677
43111,2017,7,3038.86
43111,2017,7,11113.553
43111,2017,7,2791.843
43111,2017,7,29251.535
43111,2017,7,1392.369
43111,2017,7,2134.625
43111,2017,7,22852.057
43111,2017,7,4656.876
43111,2017,7,111055.42
43111,2017,7,17075.23
43111,2017,7,10613.484
43111,2017,7,4275.361
43111,2017,7,7382.105
43111,2017,7,5116.904
43111,2017,7,2476.947
43111,2017,7,16110.098
43111,2017,7,12345.037
43111,2017,7,4596.314
43111,2017,7,13680.112
43111,2017,7,8451.536
43111,2017,7,1889.67
43111,2017,7,17637.352
43111,2017,7,4167.823
43111,2017,7,6329.694
43111,2017,7,8394.46
43111,2017,7,1764.498
43111,2017,7,1764.712
43111,2017,7,42569.18
43111,2017,7,9993.086
43111,2017,7,3714.656
43111,2017,7,8851.336
43111,2017,7,7914.538
43111,2017,7,19309.248
43111,2017,7,11267.06
43111,2017,7,2365.293
43111,2017,7,2410.563
43111,2017,7,7547.617
43111,2017,7,14611.848
43111,2017,7,2565.29
43111,2017,7,2816.111
43111,2017,7,2244.826
43111,2017,7,4037.82
43111,2017,7,3089.622
43111,2017,7,22361.602
43111,2017,7,39316.344
43111,2017,7,17727.668
43111,2017,7,1429.812
43111,2017,7,2276.195
43111,2017,7,13670.981
43111,2017,7,15647.774
43111,2017,7,2958.902
43111,2017,7,4998.44
43111,2017,7,31952.367
43111,2017,7,3714.142
43111,2017,7,1382.223
43111,2017,7,4926.4
43111,2017,7,1401.464
43111,2017,7,3076.194
43111,2017,7,3490.666
43111,2017,7,7739.393
43111,2017,7,40004.32
43111,2017,7,8751.008
43111,2017,7,5402.529
43111,2017,7,5897.392
43111,2017,7,7717.566
43111,2017,7,23615.404
43114,2017,7,11877.55
43111,2017,7,6710.135
43111,2017,7,21664.24
43111,2017,7,2859.078
43111,2017,7,31869.377
43111,2017,7,12308.926
43114,2017,7,4954.439
43111,2017,7,6067.915
43111,2017,7,3678.423
43111,2017,7,758.258
43111,2017,7,6428.018
43111,2017,7,2085.778
43111,2017,7,4894.627
43111,2017,7,796.512
43111,2017,7,12433.527
43111,2017,7,2593.172
43111,2017,7,2522.938
43111,2017,7,10425.181
43111,2017,7,16495.857
43111,2017,7,5303.146
43111,2017,7,5010.763
43111,2017,7,6078.746
43111,2017,7,9542.906
43111,2017,7,3662.603
43111,2017,7,3984.824
43111,2017,7,3698.809
43111,2017,7,3322.439
43111,2017,7,7768.544
43111,2017,7,8448.679
43111,2017,7,725.913
43111,2017,7,3066.961
43111,2017,7,1271.915
43111,2017,7,8768.925
43111,2017,7,17655.129
43111,2017,7,333.631
43111,2017,7,3162.953
43111,2017,7,23024.025
43111,2017,7,1868.22
43111,2017,7,7728.067
43111,2017,7,4264.12
43111,2017,7,2364.941
43111,2017,7,7446.714
43111,2017,7,4213.619
47900,2021,8,102.0
11560,2022,8,1163.5
11560,2022,8,9736.3
43111,2017,7,3873.701
43111,2017,7,3562.117
43111,2017,7,19572.172
43111,2017,7,6902.569
43111,2017,7,1748.767
43111,2017,7,596.377
43111,2017,7,2802.714
43111,2017,7,871.68
43111,2017,7,3163.015
43111,2017,7,3810.585
43111,2017,7,7136.104
43111,2017,7,1804.921
43111,2017,7,1764.691
43111,2017,7,14070.29
43111,2017,7,14508.234
43111,2017,7,13609.063
43111,2017,7,9028.442
43111,2017,7,3859.036
43111,2017,7,5735.809
43111,2017,7,15825.617
43111,2017,7,20179.12
43111,2017,7,11850.985
43111,2017,7,3010.312
43111,2017,7,9431.608
43111,2017,7,10116.282
43111,2017,7,1186.617
43111,2017,7,7243.722
43111,2017,7,8590.749
43111,2017,7,15897.721
43111,2017,7,1919.834
43111,2017,7,6077.631
43111,2017,7,21360.82
43111,2017,7,3169.606
43111,2017,7,8039.001
43111,2017,7,8823.246
43111,2017,7,2955.535
43111,2017,7,19689.992
43111,2017,7,7014.169
43111,2017,7,2111.498
43111,2017,7,1271.958
43111,2017,7,951.568
43111,2017,7,6802.467
43111,2017,7,2583.721
43111,2017,7,10515.684
43111,2017,7,2898.402
43111,2017,7,8329.221
43111,2017,7,11587.814
43111,2017,7,1688.481
43111,2017,7,2687.271
43111,2017,7,5841.674
43111,2017,7,5472.357
43111,2017,7,9624.4
43111,2017,7,2401.823
43111,2017,7,15400.247
43111,2017,7,14060.305
43111,2017,7,10251.052
43111,2017,7,3561.632
43111,2017,7,3252.005
43111,2017,7,7572.636
43111,2017,7,9958.733
43111,2017,7,16013.485
43111,2017,7,1806.737
43111,2017,7,10916.098
43111,2017,7,2207.057
43111,2017,7,6949.274
43111,2017,7,5705.92
43111,2017,7,7846.514
43111,2017,7,1801.329
43111,2017,7,6402.616
43111,2017,7,2459.871
43111,2017,7,3600.931
43111,2017,7,6090.921
43111,2017,7,1920.903
43111,2017,7,8828.675
43111,2017,7,634.527
43111,2017,7,5783.649
43111,2017,7,1239.482
43111,2017,7,2407.404
43111,2017,7,10539.287
43111,2017,7,7732.157
43111,2017,7,5714.038
43111,2017,7,15932.206
43111,2017,7,4841.451
43111,2017,7,3051.435
43111,2017,7,7676.981
43111,2017,7,1872.818
43111,2017,7,4586.554
43111,2017,7,8505.24
43111,2017,7,9103.776
43111,2017,7,7466.005
43111,2017,7,7550.936
45730,2021,7,1843.9319
43111,2017,7,8720.173
43111,2017,7,11695.551
43111,2017,7,9616.449
43111,2017,7,6955.572
43111,2017,7,5837.536
43111,2017,7,1784.988
43111,2017,7,2610.492
43111,2017,7,3621.131
43111,2017,7,4337.141
43111,2017,7,1624.819
43111,2017,7,2592.198
43111,2017,7,5345.372
43111,2017,7,6276.95
43111,2017,7,11760.158
43111,2017,7,6176.271
43111,2017,7,3292.352
43111,2017,7,2291.825
43111,2017,7,5691.066
43111,2017,7,13694.298
43111,2017,7,8004.519
43111,2017,7,3124.621
43111,2017,7,5053.112
43111,2017,7,2779.491
43111,2017,7,11209.886
43111,2017,7,10576.442
43111,2017,7,5415.371
43111,2017,7,6632.415
43111,2017,7,3401.749
43111,2017,7,4146.941
43111,2017,7,6020.174
43111,2017,7,1380.225
43111,2017,7,3242.099
43111,2017,7,2926.205
43111,2017,7,3432.224
43111,2017,7,10388.44
43111,2017,7,2429.238
43111,2017,7,5354.62
43111,2017,7,21424.928
43111,2017,7,11154.842
43111,2017,7,3905.957
43111,2017,7,6131.684
43111,2017,7,17672.973
43111,2017,7,1966.581
43111,2017,7,1676.499
43111,2017,7,637.948
43111,2017,7,1670.816
43111,2017,7,2673.2
43111,2017,7,6508.417
43111,2017,7,11471.48
43111,2017,7,5680.162
43111,2017,7,2743.639
43111,2017,7,5502.137
43111,2017,7,4378.206
43111,2017,7,4190.211
43111,2017,7,14917.706
43111,2017,7,4097.466
43111,2017,7,2368.684
43111,2017,7,1710.528
43111,2017,7,3873.008
43111,2017,7,4059.823
43111,2017,7,4575.416
43111,2017,7,640.904
43111,2017,7,40582.152
43111,2017,7,10161.642
43111,2017,7,2645.836
43111,2017,7,3067.096
43111,2017,7,2560.771
43111,2017,7,4902.203
43111,2017,7,11924.979
43111,2017,7,1326.122
43111,2017,7,8787.505
43111,2017,7,6654.457
43111,2017,7,17858.39
43111,2017,7,3177.683
43111,2017,7,3993.571
43111,2017,7,2875.762
43111,2017,7,4933.614
43111,2017,7,4964.204
43111,2017,7,7478.755
43111,2017,7,11038.636
43111,2017,7,7590.947
43111,2017,7,14762.566
43111,2017,7,3504.911
43111,2017,7,15597.549
43111,2017,7,2781.975
43111,2017,7,6555.793
43111,2017,7,13181.04
43111,2017,7,3456.297
43111,2017,7,10006.514
43111,2017,7,3950.44
43111,2017,7,11021.075
43111,2017,7,14436.874
43111,2017,7,5750.42
43111,2017,7,507.432
43111,2017,7,9299.925
43111,2017,7,18733.771
43111,2017,7,4870.776
43111,2017,7,23210.156
43111,2017,7,11035.0
43111,2017,7,2260.16
43111,2017,7,6684.273
43111,2017,7,3541.743
43111,2017,7,656.316
43111,2017,7,1094.23
43111,2017,7,12183.62
43111,2017,7,10059.73
43111,2017,7,6007.426
43111,2017,7,2992.728
43111,2017,7,3611.71
43111,2017,7,2005.037
43111,2017,7,3436.568
43111,2017,7,5197.333
43111,2017,7,3823.106
43111,2017,7,5318.631
43111,2017,7,3507.035
43111,2017,7,717.764
43111,2017,7,12428.081
43111,2017,7,741.454
43111,2017,7,6376.92
43111,2017,7,2648.933
43111,2017,7,1873.025
43111,2017,7,2761.592
43111,2017,7,9935.872
43111,2017,7,2038.894
43111,2017,7,3727.72
43111,2017,7,5716.012
43111,2017,7,2942.811
43111,2017,7,5897.248
43111,2017,7,5503.154
43111,2017,7,8053.575
43111,2017,7,2098.674
43111,2017,7,8861.625
43111,2017,7,2753.321
43111,2017,7,1276.475
43111,2017,7,17581.021
43111,2017,7,5735.892
43111,2017,7,3829.73
43111,2017,7,1878.257
43111,2017,7,5540.177
43111,2017,7,24787.389
43111,2017,7,8397.769
43111,2017,7,7451.064
43111,2017,7,6868.7
43111,2017,7,12023.635
43111,2017,7,7279.961
43111,2017,7,2711.786
43111,2017,7,1890.49
43111,2017,7,2789.094
43111,2017,7,3172.726
43111,2017,7,682.083
43111,2017,7,5420.935
43111,2017,7,7279.365
43111,2017,7,823.899
43111,2017,7,3446.778
43111,2017,7,11960.399
43111,2017,7,664.84
43111,2017,7,4045.004
43111,2017,7,3055.215
43111,2017,7,8502.263
43111,2017,7,8659.74
43111,2017,7,5586.566
43111,2017,7,3557.937
43111,2017,7,10709.194
43111,2017,7,825.848
43111,2017,7,5321.626
43111,2017,7,8888.89
43111,2017,7,437.873
43111,2017,7,3980.253
43111,2017,7,1422.179
43111,2017,7,9521.884
43111,2017,7,1731.465
43111,2017,7,5165.768
43111,2017,7,2399.46
43111,2017,7,906.812
43111,2017,7,4396.941
43111,2017,7,2909.803
43111,2017,7,8005.222
43111,2017,7,1376.348
43111,2017,7,26499.918
43111,2017,7,12620.434
43111,2017,7,4909.503
43111,2017,7,1640.605
43111,2017,7,2885.952
43111,2017,7,5849.591
43111,2017,7,11581.453
43111,2017,7,1145.239
43111,2017,7,4493.665
43111,2017,7,11224.483
43111,2017,7,15296.41
43111,2017,7,5654.434
43111,2017,7,756.402
43111,2017,7,9646.714
43111,2017,7,4219.467
43111,2017,7,7247.329
43111,2017,7,2747.766
43111,2017,7,8431.317
43111,2017,7,4732.937
43111,2017,7,2801.073
43111,2017,7,3880.65
43111,2017,7,5809.59
43111,2017,7,3914.131
43111,2017,7,6168.7
43111,2017,7,2919.491
43111,2017,7,9654.908
43111,2017,7,3415.029
43111,2017,7,3097.534
43111,2017,7,1292.278
43111,2017,7,26851.084
43111,2017,7,18451.256
43114,2017,7,42054.945
43114,2017,7,2000.909
43114,2017,7,4674.344
43114,2017,7,3164.783
43114,2017,7,27018.46
43114,2017,7,9150.593
43114,2017,7,4516.102
43114,2017,7,2704.809
43114,2017,7,10637.948
43114,2017,7,3162.541
43114,2017,7,6300.077
43114,2017,7,6254.302
43114,2017,7,7394.034
43114,2017,7,7849.125
43114,2017,7,5583.698
43114,2017,7,6485.68
43111,2017,7,4150.314
43111,2017,7,1909.893
43111,2017,7,2155.726
43111,2017,7,6542.025
43111,2017,7,3013.425
43111,2017,7,2346.18
43111,2017,7,4376.97
43111,2017,7,2225.403
43111,2017,7,2508.864
43111,2017,7,4837.663
43111,2017,7,2610.237
43111,2017,7,8441.946
43111,2017,7,1602.791
43111,2017,7,10362.317
43111,2017,7,5842.312
43111,2017,7,1093.488
43111,2017,7,1274.886
43111,2017,7,3091.902
43111,2017,7,3147.212
43111,2017,7,6268.21
43111,2017,7,12617.114
43720,2017,7,27849.998
43720,2017,7,21625.982
43113,2017,7,19745.29
43113,2017,7,22766.355
43113,2017,7,6064.575
43113,2017,7,4400.306
43113,2017,7,26808.354
43113,2017,7,13784.867
43113,2017,7,11030.03
43114,2017,7,6028.517
43113,2017,7,11481.778
43114,2017,7,124.053
43114,2017,7,783.848
43114,2017,7,1751.057
43114,2017,7,164.608
43114,2017,7,242.744
43114,2017,7,1815.553
43114,2017,7,4199.352
43114,2017,7,1036.223
43114,2017,7,2233.474
43114,2017,7,10154.345
43114,2017,7,6107.235
43114,2017,7,5574.169
43114,2017,7,5766.053
43114,2017,7,1476.444
43114,2017,7,5012.876
43113,2017,7,42244.266
43114,2017,7,5263.39
43114,2017,7,5034.251
43114,2017,7,46040.43
43114,2017,7,49184.664
43114,2017,7,21222.531
43114,2017,7,34865.703
43114,2017,7,8670.751
43114,2017,7,4660.575
43114,2017,7,4776.423
43114,2017,7,11619.406
43114,2017,7,8497.938
43114,2017,7,42709.848
43114,2017,7,9655.558
43114,2017,7,2909.913
43114,2017,7,24874.736
43114,2017,7,8901.185
43114,2017,7,12175.488
43114,2017,7,1678.023
43114,2017,7,8780.558
43114,2017,7,57879.29
43114,2017,7,8239.92
43114,2017,7,4824.321
43114,2017,7,3565.994
43114,2017,7,15465.534
43114,2017,7,358.907
43114,2017,7,147.74
43114,2017,7,1782.07
43114,2017,7,2593.105
43114,2017,7,419.639
43114,2017,7,268.496
43114,2017,7,133.358
43114,2017,7,327.295
43114,2017,7,380.034
43114,2017,7,414.156
43114,2017,7,130.937
43114,2017,7,950.735
43114,2017,7,452.184
43114,2017,7,291.777
43114,2017,7,408.718
43114,2017,7,135.444
43114,2017,7,794.517
43114,2017,7,2294.314
43114,2017,7,3069.579
43114,2017,7,4064.476
43114,2017,7,2886.311
43114,2017,7,17202.543
43114,2017,7,2017.438
43114,2017,7,4381.687
43114,2017,7,5494.404
43114,2017,7,5118.69
43114,2017,7,6754.972
43114,2017,7,3127.091
43114,2017,7,4351.354
43114,2017,7,2166.901
43114,2017,7,2167.484
43114,2017,7,3550.797
43114,2017,7,22169.15
43114,2017,7,47519.383
43114,2017,7,9094.521
43114,2017,7,7664.601
43114,2017,7,11677.414
43114,2017,7,24356.074
43114,2017,7,2753.818
43114,2017,7,16115.263
43114,2017,7,29970.72
43114,2017,7,2397.877
43114,2017,7,5927.249
43114,2017,7,7494.409
43114,2017,7,1499.26
43114,2017,7,3152.432
43114,2017,7,1117.681
43114,2017,7,17554.977
43114,2017,7,20914.502
43114,2017,7,1961.515
43114,2017,7,2054.732
43114,2017,7,2679.241
43114,2017,7,8969.516
43114,2017,7,1839.052
43114,2017,7,162.596
43114,2017,7,3101.507
43114,2017,7,3311.188
43114,2017,7,445.569
43114,2017,7,1276.475
43114,2017,7,393.071
43114,2017,7,795.898
43114,2017,7,5617.478
43114,2017,7,350.556
43114,2017,7,4926.25
43114,2017,7,13865.113
43114,2017,7,5052.604
43114,2017,7,9609.62
43114,2017,7,6122.422
43114,2017,7,3093.766
43114,2017,7,3482.626
43114,2017,7,2471.349
43114,2017,7,8909.681
43114,2017,7,7306.622
43114,2017,7,2407.815
43114,2017,7,11421.359
43114,2017,7,1247.918
43114,2017,7,2549.435
43114,2017,7,120.875
43114,2017,7,966.181
43114,2017,7,482.116
43114,2017,7,582.464
43114,2017,7,440.456
43114,2017,7,244.228
43114,2017,7,273.808
43114,2017,7,1022.033
43114,2017,7,1648.661
43114,2017,7,151.626
43114,2017,7,1788.6
43114,2017,7,352.042
43114,2017,7,170.125
43114,2017,7,2279.884
43114,2017,7,455.715
43114,2017,7,3768.204
43114,2017,7,4849.918
43114,2017,7,15452.505
43114,2017,7,3899.86
43114,2017,7,5063.25
43114,2017,7,2583.379
43114,2017,7,1374.525
43114,2017,7,10540.746
43114,2017,7,8728.008
43114,2017,7,8125.449
43114,2017,7,6070.575
43114,2017,7,15882.633
43114,2017,7,8071.868
43114,2017,7,2920.394
43114,2017,7,7504.345
43114,2017,7,19282.264
43114,2017,7,36218.754
43114,2017,7,2628.513
43114,2017,7,6795.039
43114,2017,7,10141.165
43114,2017,7,5189.696
43114,2017,7,6785.717
43114,2017,7,5211.328
43114,2017,7,1696.578
43114,2017,7,3349.639
43114,2017,7,7839.355
43114,2017,7,183280.4
43114,2017,7,10000.79
43114,2017,7,9101.654
43114,2017,7,2897.275
43114,2017,7,8047.394
43114,2017,7,1541.619
43114,2017,7,8738.202
43114,2017,7,6690.446
43114,2017,7,32479.305
43114,2017,7,21091.65
43114,2017,7,8197.439
43114,2017,7,18534.654
43114,2017,7,34738.652
43114,2017,7,30088.635
43114,2017,7,1374.457
43114,2017,7,2003.978
43114,2017,7,13119.961
43114,2017,7,3060.308
43114,2017,7,7741.202
43114,2017,7,1156.89
43114,2017,7,2573.819
43114,2017,7,7001.387
43114,2017,7,59048.094
43114,2017,7,4028.047
43114,2017,7,222.384
43114,2017,7,148.069
43114,2017,7,2917.292
43114,2017,7,687.102
43114,2017,7,1008.623
43114,2017,7,1075.026
43114,2017,7,993.945
43114,2017,7,3995.905
43114,2017,7,2474.33
43114,2017,7,999.314
43114,2017,7,266.97
43114,2017,7,3292.156
43114,2017,7,1810.72
43114,2017,7,6744.751
43114,2017,7,3987.957
43114,2017,7,4920.131
43114,2017,7,3486.685
43114,2017,7,8233.489
43114,2017,7,7843.794
43114,2017,7,710.423
43114,2017,7,5221.834
43114,2017,7,1972.634
43114,2017,7,2758.18
43114,2017,7,4212.907
43114,2017,7,10080.34
43114,2017,7,3900.097
43114,2017,7,7611.935
43114,2017,7,3052.167
43114,2017,7,4469.135
43114,2017,7,14621.293
43114,2017,7,11853.697
43114,2017,7,5944.714
43114,2017,7,5271.65
43114,2017,7,1181.052
43114,2017,7,5264.027
43114,2017,7,24950.479
43114,2017,7,3401.788
43114,2017,7,6220.687
43114,2017,7,1790.739
43114,2017,7,3041.162
43114,2017,7,3080.439
43114,2017,7,5817.576
43114,2017,7,3230.982
43114,2017,7,1686.204
43114,2017,7,3710.636
43114,2017,7,356.412
43114,2017,7,4697.677
43114,2017,7,2220.222
43114,2017,7,3598.055
43114,2017,7,817.075
43114,2017,7,1853.822
43114,2017,7,3855.117
43114,2017,7,217.588
43114,2017,7,459.867
43114,2017,7,11269.854
43114,2017,7,2544.821
43114,2017,7,1187.504
43114,2017,7,7484.847
43114,2017,7,2792.243
43114,2017,7,2746.222
43114,2017,7,2994.678
43114,2017,7,6003.142
43114,2017,7,1362.949
43114,2017,7,634.612
43114,2017,7,7071.194
43114,2017,7,6316.147
43114,2017,7,6467.623
43114,2017,7,9776.537
43114,2017,7,5249.921
43114,2017,7,56727.332
43114,2017,7,2988.561
43114,2017,7,7598.185
43114,2017,7,4727.261
43114,2017,7,7627.737
43114,2017,7,13829.567
43114,2017,7,14342.675
43114,2017,7,4151.374
43114,2017,7,1105.504
43114,2017,7,2891.012
43114,2017,7,7025.944
43114,2017,7,2104.707
43114,2017,7,3987.144
43114,2017,7,13746.013
43114,2017,7,1780.328
43114,2017,7,3196.789
43114,2017,7,2895.011
43114,2017,7,718.964
43114,2017,7,946.339
43114,2017,7,4737.053
43114,2017,7,1271.998
43114,2017,7,206.496
43114,2017,7,116.548
43114,2017,7,4211.882
43114,2017,7,2703.105
43114,2017,7,8475.852
43114,2017,7,6112.789
43114,2017,7,3852.359
43114,2017,7,7025.146
43114,2017,7,5745.922
43114,2017,7,1443.47
43114,2017,7,9900.35
43114,2017,7,7848.942
43114,2017,7,1504.683
43114,2017,7,5892.226
43114,2017,7,8990.802
43114,2017,7,3353.863
43114,2017,7,7529.536
43114,2017,7,1499.594
43114,2017,7,1941.25
43114,2017,7,27489.748
43114,2017,7,4084.38
43114,2017,7,24454.576
43114,2017,7,3857.216
43114,2017,7,1286.693
43114,2017,7,9395.019
43114,2017,7,2998.724
43114,2017,7,2867.345
43114,2017,7,10131.601
43114,2017,7,2753.501
43114,2017,7,11614.331
43114,2017,7,4520.943
43114,2017,7,7838.511
43114,2017,7,7293.395
43114,2017,7,8364.2
43114,2017,7,4981.911
43114,2017,7,12353.78
43114,2017,7,5609.561
43114,2017,7,18265.838
43114,2017,7,15634.293
43114,2017,7,1881.975
43114,2017,7,1839.578
43114,2017,7,2004.389
43114,2017,7,2825.894
43114,2017,7,22931.227
43114,2017,7,19269.22
43114,2017,7,3938.171
43114,2017,7,903.444
43114,2017,7,12777.281
43114,2017,7,3542.929
43114,2017,7,3009.287
43114,2017,7,8440.763
43114,2017,7,5081.397
45730,2021,8,1345.7863
43114,2017,7,1935.467
43114,2017,7,2083.139
43114,2017,7,12211.0
43114,2017,7,7337.086
43114,2017,7,3375.054
43114,2017,7,17983.309
43114,2017,7,24228.178
43114,2017,7,2761.794
43114,2017,7,24244.107
43114,2017,7,5731.02
43114,2017,7,6729.719
43114,2017,7,8698.525
43114,2017,7,2753.198
43114,2017,7,6112.136
43114,2017,7,3185.146
43114,2017,7,4580.908
43114,2017,7,3962.975
43114,2017,7,12644.017
43114,2017,7,1625.905
43114,2017,7,2341.994
43114,2017,7,2778.558
43114,2017,7,9675.93
43114,2017,7,5296.322
43114,2017,7,9497.421
43114,2017,7,17965.656
43114,2017,7,1783.869
43114,2017,7,5767.825
43114,2017,7,6403.83
43114,2017,7,4634.575
43114,2017,7,4082.659
43114,2017,7,3294.136
43114,2017,7,2023.204
43114,2017,7,2011.172
43114,2017,7,3864.703
43114,2017,7,8618.079
43114,2017,7,8707.104
43114,2017,7,2574.884
43114,2017,7,4433.016
43114,2017,7,6002.822
43114,2017,7,19556.744
43114,2017,7,1358.907
43114,2017,7,3721.933
43114,2017,7,1138.078
43114,2017,7,2769.661
43114,2017,7,18792.629
43114,2017,7,6237.994
43114,2017,7,2320.415
43114,2017,7,4061.498
43114,2017,7,1918.239
43114,2017,7,10945.462
43114,2017,7,7108.5
43114,2017,7,1604.852
43114,2017,7,15837.8
43114,2017,7,10751.16
43114,2017,7,5898.306
43114,2017,7,2625.823
43114,2017,7,5532.277
43114,2017,7,4026.586
43114,2017,7,12158.67
43114,2017,7,8174.122
43114,2017,7,11034.692
43114,2017,7,4544.591
43114,2017,7,4069.082
43111,2017,7,4023.702
43111,2017,7,5685.135
43111,2017,7,3491.304
43111,2017,7,8145.728
43111,2017,7,664.158
43111,2017,7,7001.015
43111,2017,7,11247.508
43111,2017,7,4280.641
43111,2017,7,10782.866
43111,2017,7,5322.099
43111,2017,7,3174.39
43111,2017,7,5653.314
43111,2017,7,2567.408
43111,2017,7,2455.703
43111,2017,7,2153.92
43111,2017,7,2090.887
43111,2017,7,696.205
43111,2017,7,1330.48
43111,2017,7,3193.836
43111,2017,7,2851.319
43111,2017,7,4502.583
43111,2017,7,10578.072
43111,2017,7,4203.112
43111,2017,7,2796.802
43111,2017,7,3899.331
43111,2017,7,6310.808
43111,2017,7,6179.971
43111,2017,7,2971.506
43111,2017,7,2738.355
43111,2017,7,9282.955
43111,2017,7,13324.323
43111,2017,7,8307.459
43111,2017,7,5961.594
43111,2017,7,2947.821
43111,2017,7,2830.068
43111,2017,7,632.079
43111,2017,7,2134.586
43111,2017,7,6152.007
43111,2017,7,1660.615
43111,2017,7,1475.849
43111,2017,7,321.243
43111,2017,7,4790.102
43111,2017,7,1205.559
43111,2017,7,314.556
43111,2017,7,3862.629
43111,2017,7,15300.965
43111,2017,7,1709.357
43111,2017,7,1069.845
43111,2017,7,2007.585
43111,2017,7,6014.295
43111,2017,7,2083.335
43111,2017,7,5164.34
43111,2017,7,1151.862
43111,2017,7,3575.922
43111,2017,7,12753.093
43111,2017,7,2390.422
43111,2017,7,3326.871
43111,2017,7,12405.035
43111,2017,7,1869.703
43111,2017,7,238.764
43111,2017,7,3570.677
43111,2017,7,3271.547
43111,2017,7,1512.37
43111,2017,7,1198.98
43111,2017,7,1320.722
43111,2017,7,3151.798
43111,2017,7,1507.049
43111,2017,7,7433.297
43111,2017,7,4012.826
43111,2017,7,2601.936
43111,2017,7,2412.693
43111,2017,7,11614.344
43111,2017,7,2954.634
43111,2017,7,351.13
43111,2017,7,4254.813
43111,2017,7,1935.226
43111,2017,7,7213.645
43111,2017,7,3722.949
43111,2017,7,2724.907
43111,2017,7,3308.903
43111,2017,7,362.715
43111,2017,7,6963.601
43111,2017,7,6700.689
43111,2017,7,1346.748
43111,2017,7,6018.611
43111,2017,7,1351.6
43111,2017,7,1428.286
43111,2017,7,9534.188
43111,2017,7,1150.704
43111,2017,7,3083.828
43111,2017,7,3718.611
43111,2017,7,4913.051
43111,2017,7,974.925
43111,2017,7,2438.821
43111,2017,7,1083.737
43111,2017,7,2023.997
43111,2017,7,4146.724
43111,2017,7,1796.688
43111,2017,7,3122.589
43111,2017,7,8987.336
43111,2017,7,6943.397
43111,2017,7,13152.173
43111,2017,7,5449.335
43111,2017,7,2076.079
43111,2017,7,1612.429
43111,2017,7,1875.291
43111,2017,7,2475.868
43111,2017,7,1774.521
43111,2017,7,2449.012
43111,2017,7,2391.029
43111,2017,7,1187.171
43111,2017,7,1683.807
43111,2017,7,2952.059
43111,2017,7,2253.709
43111,2017,7,1130.758
43111,2017,7,13047.058
43111,2017,7,13680.114
43111,2017,7,1544.407
43111,2017,7,1388.213
43111,2017,7,3154.293
43111,2017,7,970.039
43111,2017,7,2027.698
43111,2017,7,5292.16
43111,2017,7,2195.183
43111,2017,7,3399.212
43111,2017,7,2364.791
43111,2017,7,997.622
43111,2017,7,1869.594
43111,2017,7,2569.038
43111,2017,7,19033.19
43111,2017,7,3947.846
43111,2017,7,4255.437
43111,2017,7,2851.693
43111,2017,7,2666.755
43111,2017,7,2614.698
43111,2017,7,14779.74
43111,2017,7,2434.219
43111,2017,7,5233.576
43111,2017,7,13899.182
43111,2017,7,4475.736
43111,2017,7,2211.437
43111,2017,7,1743.406
43111,2017,7,981.576
43111,2017,7,1056.927
43114,2017,7,5550.373
43114,2017,7,10724.121
43114,2017,7,9099.882
43114,2017,7,2064.363
43111,2017,7,569.447
43114,2017,7,4009.186
43114,2017,7,2049.868
43114,2017,7,3623.175
43114,2017,7,3017.786
43114,2017,7,9736.637
43114,2017,7,12074.996
43114,2017,7,2068.955
43114,2017,7,4192.12
43114,2017,7,6373.911
43114,2017,7,4195.057
43114,2017,7,7321.745
43114,2017,7,3198.537
43114,2017,7,2461.596
43114,2017,7,4673.599
43114,2017,7,5097.748
43114,2017,7,3063.028
43114,2017,7,7721.964
43114,2017,7,9866.163
43114,2017,7,8668.223
43114,2017,7,12612.072
43114,2017,7,17088.932
43114,2017,7,2624.045
43114,2017,7,6810.346
43114,2017,7,3100.498
43114,2017,7,6371.238
43114,2017,7,32770.44
43114,2017,7,3097.063
43114,2017,7,5414.612
43114,2017,7,1757.077
43114,2017,7,19304.965
43114,2017,7,34352.902
43114,2017,7,3033.732
43114,2017,7,2210.496
43114,2017,7,18759.53
43114,2017,7,4450.765
43114,2017,7,10046.811
43114,2017,7,2968.908
43114,2017,7,1832.406
43114,2017,7,3088.405
43111,2017,7,863.21
43111,2017,7,3746.889
43111,2017,7,3663.53
43111,2017,7,1581.661
43111,2017,7,10423.641
43111,2017,7,16626.797
43111,2017,7,4504.894
43111,2017,7,2408.49
43111,2017,7,7633.116
43111,2017,7,2510.065
43111,2017,7,9431.934
43111,2017,7,4769.579
43111,2017,7,8594.499
43111,2017,7,15174.272
43111,2017,7,858.976
43111,2017,7,734.982
43760,2018,8,3918.312
43760,2018,8,1465.759
43760,2018,8,1269.53
43760,2018,8,13517.611
43760,2018,8,6647.334
43760,2018,8,8126.938
48170,2018,10,40232.527
48170,2018,10,29336.455
48170,2018,10,21012.635
43113,2017,7,32545.574
43113,2017,7,21346.535
43112,2017,7,1390.207
43112,2017,7,5473.716
43112,2017,7,2880.609
43112,2017,7,5056.73
43113,2017,7,11086.76
43113,2017,7,13075.708
43112,2017,7,9996.357
43112,2017,7,2277.615
43112,2017,7,6668.446
43113,2017,7,12662.286
43113,2017,7,716.944
43113,2017,7,26973.785
43113,2017,7,35690.94
43113,2017,7,30641.36
43113,2017,7,34506.176
43113,2017,7,34870.895
43113,2017,7,34921.105
43113,2017,7,65373.176
43113,2017,7,1993.207
43113,2017,7,4339.791
43113,2017,7,179.275
43113,2017,7,967.007
43113,2017,7,6627.924
43113,2017,7,5504.824
43113,2017,7,5013.564
43113,2017,7,16556.139
43113,2017,7,11025.687
43113,2017,7,3251.482
43113,2017,7,7583.162
43113,2017,7,3846.624
43113,2017,7,5361.73
43113,2017,7,15420.382
43113,2017,7,67617.99
43113,2017,7,27186.879
43113,2017,7,1489.054
43113,2017,7,3828.175
43113,2017,7,13140.837
43113,2017,7,3286.577
43113,2017,7,5570.445
43112,2017,7,5299.728
47130,2018,10,800.325
47130,2018,10,1685.591
47130,2018,10,3082.319
47130,2018,10,4546.043
48170,2018,8,43659.098
48170,2018,8,12631.261
48170,2018,10,9481.643
48170,2018,10,80573.266
48170,2018,10,2710.0657
48170,2018,10,43421.258
48170,2018,10,14513.937
48170,2018,8,11837.592
48170,2018,8,10909.534
43114,2018,7,149.035
43130,2018,9,24762.64
43130,2018,8,31031.432
47190,2018,7,4658.211
47190,2018,7,5808.89
47770,2018,10,29691.2
48170,2018,10,81806.97
48170,2018,10,2849.9424
48170,2018,10,5805.3335
48170,2018,8,99971.7
48170,2018,10,233328.11
48170,2018,10,41233.06
48170,2018,10,2742.5203
48170,2018,8,15651.501
48170,2018,10,32902.883
48170,2018,10,253446.95
48170,2018,10,2398.2634
48170,2018,10,7839.3164
48170,2018,10,4931.9883
48170,2018,10,37839.86
48170,2018,10,235618.25
48170,2018,10,84166.1
43745,2018,9,26062.96
43745,2018,9,6171.064
43745,2018,7,152797.23
48170,2018,10,27855.29
48170,2018,10,6974.4697
48170,2018,10,12410.227
48170,2018,10,17733.768
48170,2018,10,38391.242
48170,2018,8,74892.71
48170,2018,10,18253.79
48170,2018,10,104996.695
48170,2018,10,18676.572
48170,2018,10,50173.684
48170,2018,10,22628.277
48170,2018,10,20231.49
43745,2018,7,35150.26
43745,2018,7,63285.96
43745,2018,9,17614.418
43745,2018,9,41068.277
43760,2018,8,4962.615
43760,2018,8,4171.191
48170,2018,10,150482.73
48170,2018,10,11386.126
48170,2018,8,12817.58
48170,2018,10,55404.715
48170,2018,10,175064.36
48170,2018,10,41492.258
48170,2018,10,6534.351
48170,2018,10,4698.7246
48170,2018,10,41785.684
48170,2018,10,4396.8345
48170,2018,8,12800.55
48170,2018,10,12695.14
48170,2018,8,46268.09
48170,2018,10,15354.672
48170,2018,10,17802.965
48170,2018,10,3308.6135
48170,2018,10,21841.541
48170,2018,10,39588.76
43760,2017,7,121923.17
43760,2017,7,14885.343
43760,2017,7,9848.88
43760,2017,7,342103.56
43760,2017,7,54325.957
43760,2017,7,43822.316
43760,2017,7,95324.09
43760,2017,7,83088.58
43760,2017,7,176739.56
48250,2017,10,3494.347
48250,2017,10,20321.855
48250,2017,10,63945.016
48250,2017,10,46191.055
48250,2017,10,4341.725
48250,2017,10,112106.28
48250,2017,10,1515.869
48250,2017,10,5679.475
48250,2017,10,179.662
48250,2017,10,79719.18
48250,2017,10,1340.401
48250,2017,10,19141.973
48250,2017,10,185.005
48250,2017,10,2147.587
48250,2017,10,510.139
48250,2017,10,302.666
48250,2017,10,508.924
48250,2017,10,205.157
48250,2017,10,243.743
48250,2017,10,372.889
11350,2018,8,501.6
11350,2018,8,74.0
11350,2018,8,129.5
11350,2018,8,79.5
11350,2018,8,479.1
11350,2018,8,41.9
11350,2018,8,121.5
11350,2018,8,31.4
11350,2018,8,199.1
28177,2018,7,7876.0
28177,2018,7,22398.8
29140,2018,8,16412.89
29155,2018,8,12053.461
29155,2018,8,4046.361
29155,2018,8,12852.66
29155,2018,8,7768.017
30170,2018,8,2583.951
30170,2018,8,8175.8
30170,2018,8,5782.297
30170,2018,8,20097.05
30170,2018,8,33399.74
30170,2018,8,38300.0
30200,2018,8,38988.684
30200,2018,8,2570.547
30200,2018,8,14012.262
30200,2018,8,3966.662
30200,2018,8,195365.16
30200,2018,8,6863.09
30200,2018,8,283482.84
30230,2018,8,29940.791
30230,2018,8,48891.59
30230,2018,8,29606.793
36110,2018,9,1830.246
36110,2018,9,7683.049
41570,2018,8,10237.6
41570,2018,8,30900.3
41630,2018,8,10032.5
41630,2018,8,1423.0
41630,2018,8,3757.8
41630,2018,8,3251.0
41630,2018,8,22673.2
41630,2018,8,65572.0
41630,2018,8,3941.6
41630,2018,8,715.9
41630,2018,8,970.1
41630,2018,8,33370.4
41630,2018,8,7226.2
41630,2018,8,2001.8
41630,2018,8,1027.6
41630,2018,8,7450.4
41630,2018,8,3079.9
41630,2018,8,23559.4
41630,2018,8,460.0
41630,2018,8,25744.5
41630,2018,8,3752.9
41630,2018,8,3007.0
41630,2018,8,3355.2
41630,2018,8,13060.5
41630,2018,8,112.4
41630,2018,8,16358.9
41630,2018,8,10031.6
41630,2018,8,1340.6
41630,2018,8,23984.9
41630,2018,8,885.5
41630,2018,8,42424.2
41630,2018,8,1631.1
41630,2018,8,832.3
41630,2018,8,10566.1
41630,2018,8,2509.4
41630,2018,8,7191.3
41800,2018,8,72663.92
41800,2018,8,35805.004
42210,2018,8,2469.944
42210,2018,8,3086.214
42210,2018,8,1784.131
42210,2018,8,419.414
42210,2018,8,22130.318
42210,2018,8,5273.182
42210,2018,8,16378.909
42720,2018,7,1031.289
42720,2018,7,574.375
42720,2018,7,765.604
42720,2018,7,527.322
42720,2018,7,285.166
42720,2018,7,1384.179
42720,2018,7,170.303
42720,2018,7,418.064
42720,2018,7,6108.477
42720,2018,7,303.656
42720,2018,7,2925.889
42720,2018,7,4548.279
42720,2018,7,879.936
42720,2018,7,615.376
42720,2018,7,1515.029
42720,2018,7,1939.005
42720,2018,7,10766.211
42720,2018,7,488.415
42720,2018,7,526.156
42720,2018,7,3866.881
42720,2018,7,1428.866
42720,2018,7,5609.866
42720,2018,7,1433.719
42720,2018,7,709.369
42720,2018,7,3560.196
42720,2018,7,1611.721
42720,2018,7,3551.237
42210,2018,8,3428.887
42210,2018,8,14666.655
42210,2018,8,2371.422
43720,2017,7,35277.324
43720,2017,7,74341.42
43745,2017,7,63285.96
43745,2017,7,152797.23
43760,2017,7,54766.746
43760,2017,7,161579.66
43760,2017,7,24461.035
48250,2017,10,134208.23
48250,2017,10,39632.617
48250,2017,10,14843.403
48250,2017,10,62662.81
43745,2017,7,31045.174
43745,2017,7,4111.155
43745,2017,7,40509.754
43760,2017,7,29285.139
43113,2017,7,8890.952
43113,2017,7,43383.965
43113,2017,7,3253.406
43113,2017,7,16123.323
43113,2017,7,5115.07
43113,2017,7,9815.957
43113,2017,7,4381.256
43113,2017,7,7622.125
43113,2017,7,3709.193
43113,2017,7,9685.844
43113,2017,7,11970.858
43113,2017,7,10676.961
43113,2017,7,12746.137
43113,2017,7,2217.89
43113,2017,7,4268.999
43113,2017,7,4754.439
43113,2017,7,3262.846
43113,2017,7,2332.818
43113,2017,7,1019.604
43113,2017,7,1606.388
43113,2017,7,20221.23
43113,2017,7,9307.066
43113,2017,7,13527.131
43113,2017,7,9954.285
43113,2017,7,6111.62
43113,2017,7,15436.458
43113,2017,7,3736.884
43113,2017,7,2920.763
43113,2017,7,3851.274
43113,2017,7,7535.549
43113,2017,7,2862.302
43113,2017,7,3883.811
43113,2017,7,3735.145
43113,2017,7,15046.164
43113,2017,7,5519.821
43113,2017,7,14401.819
43113,2017,7,2745.601
43113,2017,7,6709.644
43113,2017,7,2142.147
43113,2017,7,3343.405
43113,2017,7,3265.995
43113,2017,7,1475.696
43113,2017,7,8991.622
43113,2017,7,11532.68
43113,2017,7,13679.462
43113,2017,7,8137.638
43113,2017,7,5148.167
43113,2017,7,5664.041
43113,2017,7,3570.53
43113,2017,7,3998.848
43113,2017,7,13137.563
43113,2017,7,7092.279
43113,2017,7,1834.344
43113,2017,7,12316.413
43113,2017,7,7960.015
43113,2017,7,13453.315
43113,2017,7,3426.816
43113,2017,7,1842.134
43113,2017,7,15808.681
43113,2017,7,9906.708
43113,2017,7,15908.47
43113,2017,7,2407.771
43113,2017,7,17806.281
43113,2017,7,2017.042
43113,2017,7,22583.531
43113,2017,7,2278.785
43113,2017,7,1359.958
43113,2017,7,5721.835
43113,2017,7,1634.631
43113,2017,7,8669.086
43113,2017,7,6123.489
43113,2017,7,8991.424
43113,2017,7,36760.363
43113,2017,7,36596.15
43113,2017,7,4254.586
43113,2017,7,11543.813
43113,2017,7,5693.003
43760,2018,8,1143.162
43760,2018,8,7194.206
43760,2018,8,3582.324
43760,2018,8,7978.874
43760,2018,8,12924.374
43760,2018,8,2589.125
43760,2018,8,5951.579
43760,2018,8,2173.868
43760,2018,8,1523.65
43760,2018,8,767.369
43760,2018,8,1424.065
43760,2018,8,2132.66
48170,2018,8,28763.701
48170,2018,10,41916.746
48170,2018,10,8093.9736
48170,2018,10,40447.574
48170,2018,10,40171.273
50110,2018,10,12722.57
48170,2018,10,12259.886
48170,2018,10,13117.0625
48170,2018,10,36164.02
48170,2018,10,147977.77
43112,2017,7,3301.862
43112,2017,7,1513.861
43113,2017,7,12275.93
48170,2018,10,2215.4824
48170,2018,10,34395.434
48170,2018,8,35213.895
48170,2018,10,122422.74
48170,2018,10,6757.2227
48170,2018,10,99010.94
48170,2018,10,22175.904
48170,2018,10,730109.25
48170,2018,10,10105.019
48170,2018,10,30720.64
48170,2018,10,33885.44
48170,2018,10,5934.7363
48170,2018,10,31118.268
48170,2018,10,45766.97
48170,2018,10,34304.43
48170,2018,10,5351.5728
48170,2018,10,635.8753
48170,2018,8,33039.754
48170,2018,10,8666.584
48170,2018,10,100629.89
48170,2018,10,112079.46
48170,2018,10,30989.607
48170,2018,10,18170.715
48170,2018,10,73485.98
48170,2018,10,199182.19
48170,2018,10,43851.887
48170,2018,8,10045.835
48170,2018,10,26067.373
48170,2018,8,22674.594
48170,2018,10,47583.96
48170,2018,8,28247.225
48170,2018,8,15846.897
48170,2018,10,65068.05
48170,2018,10,27755.662
48170,2018,8,40161.207
48170,2018,10,27308.11
48170,2018,10,7282.2334
48170,2018,10,50204.52
48170,2018,10,171315.7
48170,2018,10,4140.8716
48170,2018,10,15511.579
48170,2018,10,7631.4443
48170,2018,8,87700.65
48170,2018,10,29916.83
48170,2018,10,37341.28
48170,2018,8,28452.977
48170,2018,10,45204.63
48170,2018,10,32390.979
48170,2018,10,39091.598
48170,2018,8,45731.25
48170,2018,10,32730.043
48170,2018,8,59303.55
48170,2018,10,41649.47
48170,2018,10,140772.36
48170,2018,8,8161.417
48170,2018,8,92628.57
48170,2018,10,235842.0
48170,2018,10,73393.586
48170,2018,8,40131.273
48220,2018,9,13897.41
48220,2018,9,6338.549
48220,2018,9,20767.83
48220,2018,9,8159.745
50110,2018,10,3022.418
50110,2018,10,4337.368
50110,2018,8,1288.593
50110,2018,8,1355.47
50110,2018,8,3847.78
50110,2018,8,4271.44
50110,2018,8,3281.084
50110,2018,8,3205.743
50110,2018,8,5551.188
50110,2018,10,5315.327
50110,2018,8,4830.889
50110,2018,10,3380.482
50110,2018,8,3520.335
50110,2018,10,4639.228
50110,2018,10,6383.281
50110,2018,10,10416.728
50110,2018,10,550.687
50110,2018,10,2511.324
50110,2018,10,1059.142
50110,2018,10,4842.705
50110,2018,10,3472.909
50110,2018,10,3241.202
11350,2018,8,86.5
50110,2018,10,5781.602
50110,2018,8,742.573
50110,2018,10,4425.031
50110,2018,12,4536.605
50110,2018,10,2925.394
50110,2018,10,464.885
50110,2018,10,2984.381
50110,2018,10,7250.72
11350,2018,8,182.5
50110,2018,10,7193.751
50110,2018,10,6632.973
50110,2018,10,4250.402
50110,2018,10,2164.522
50110,2018,10,3015.644
50110,2018,10,33528.426
50110,2018,10,20521.736
50110,2018,8,5977.568
50110,2018,10,2060.123
50110,2018,8,1661.413
50110,2018,10,13063.532
50110,2018,8,2042.292
50110,2018,10,5713.258
42720,2018,7,11969.877
42720,2018,7,4375.892
42720,2018,7,625.255
42720,2018,7,170.165
42720,2018,7,9107.868
42720,2018,7,2984.853
42720,2018,7,1898.586
42720,2018,7,3433.45
42720,2018,7,259.298
42720,2018,7,980.736
48170,2018,10,68594.53
42720,2018,7,1210.585
42720,2018,7,728.766
42720,2018,7,2965.445
42720,2018,7,6600.061
42720,2018,7,2358.558
42720,2018,7,435.746
42720,2018,7,4883.611
43760,2018,8,6661.755
43760,2018,8,1184.554
43760,2018,8,5275.26
48170,2018,10,2098.288
48170,2018,10,8433.662
48170,2018,10,176028.8
48170,2018,10,30613.703
42720,2018,7,4486.704
42720,2018,7,662.728
42720,2018,7,1827.901
42720,2018,7,2777.62
42720,2018,7,4504.278
42720,2018,7,619.891
42720,2018,7,1440.502
43112,2017,7,1884.783
43112,2017,7,3260.608
43113,2017,7,3790.306
43113,2017,7,34500.61
43113,2017,7,17437.121
43113,2017,7,14187.52
43113,2017,7,14631.533
43113,2017,7,8351.794
43113,2017,7,4757.86
43113,2017,7,2163.761
43113,2017,7,14429.426
43113,2017,7,32315.205
43113,2017,7,3008.767
11560,2022,8,243.3
43113,2017,7,31493.424
43113,2017,7,423.167
43113,2017,7,794.736
43113,2017,7,3922.39
43113,2017,7,29912.064
43113,2017,7,14832.651
43113,2017,7,6471.265
43113,2017,7,2798.608
43113,2017,7,11859.58
43113,2017,7,3943.095
43113,2017,7,10766.062
43113,2017,7,7135.113
43113,2017,7,1751.62
45730,2021,7,486.53085
45730,2021,8,2172.861
43114,2017,7,5939.988
43114,2017,7,18383.04
43114,2017,7,15576.039
43114,2017,7,1507.027
43114,2017,7,10397.857
43114,2017,7,4971.158
43114,2017,7,8089.058
43114,2017,7,2600.824
43114,2017,7,1578.172
43114,2017,7,3812.37
43114,2017,7,6780.894
43114,2017,7,16309.688
43114,2017,7,19463.191
43114,2017,7,1679.277
43113,2017,7,60462.254
43114,2017,7,17787.426
43114,2017,7,9659.394
43114,2017,7,14080.037
43114,2017,7,1796.646
43114,2017,7,3907.458
43114,2017,7,4949.118
43114,2017,7,3968.824
42720,2018,7,2127.388
43114,2017,7,2616.352
43114,2017,7,4644.128
43114,2017,7,2251.551
43114,2017,7,13438.626
43114,2017,7,4126.987
43114,2017,7,2232.164
43114,2017,7,3653.757
43114,2017,7,4941.971
43114,2017,7,3689.447
42720,2018,7,481.086
43112,2017,7,2146.198
43112,2017,7,2715.911
43112,2017,7,3227.523
43112,2017,7,1236.889
43112,2017,7,3495.145
43112,2017,7,2096.132
43112,2017,7,2421.786
43112,2017,7,2690.382
43113,2017,7,33000.7
43113,2017,7,24065.809
42720,2018,7,25737.447
43113,2017,7,35406.957
43113,2017,7,28501.404
43113,2017,7,1708.935
43113,2017,7,9992.567
43113,2017,7,35742.207
43113,2017,7,35455.91
43113,2017,7,7184.795
43113,2017,7,5726.564
43113,2017,7,13526.247
43113,2017,7,19829.14
43113,2017,7,16009.837
43113,2017,7,6947.868
43113,2017,7,7198.976
43113,2017,7,11159.195
43113,2017,7,5293.82
43113,2017,7,18549.621
43113,2017,7,1855.291
43113,2017,7,5804.885
43113,2017,7,8165.003
43113,2017,7,3950.417
43113,2017,7,8151.145
43113,2017,7,7916.048
43113,2017,7,37263.547
43113,2017,7,27465.592
43113,2017,7,4811.838
43113,2017,7,6683.428
43113,2017,7,9490.449
43113,2017,7,5366.096
43113,2017,7,2888.437
43113,2017,7,9084.947
43112,2017,7,2090.188
43112,2017,7,10883.258
43112,2017,7,4020.124
43112,2017,7,2900.799
43112,2017,7,3601.666
43112,2017,7,2423.668
43112,2017,7,2316.723
43112,2017,7,1628.672
43112,2017,7,1646.973
43112,2017,7,2049.996
43113,2017,7,5396.414
43113,2017,7,475.385
43113,2017,7,35590.97
43113,2017,7,33800.824
43113,2017,7,8054.656
43113,2017,7,38280.617
43113,2017,7,2604.023
43113,2017,7,35293.977
43113,2017,7,6951.271
43113,2017,7,2513.08
43113,2017,7,8416.602
43113,2017,7,6084.297
43113,2017,7,3757.759
43113,2017,7,2427.45
43113,2017,7,2973.001
43113,2017,7,3046.127
43113,2017,7,2402.537
43113,2017,7,5348.436
43113,2017,7,4731.577
43113,2017,7,5568.504
43113,2017,7,9146.11
43113,2017,7,13962.609
43113,2017,7,7602.007
43113,2017,7,10780.949
43113,2017,7,6817.623
43113,2017,7,4086.923
43113,2017,7,5160.523
43113,2017,7,6226.85
43113,2017,7,5821.491
43113,2017,7,2915.911
43113,2017,7,20996.662
43113,2017,7,4739.126
43113,2017,7,12987.355
43113,2017,7,2735.37
43113,2017,7,3570.059
43112,2017,7,2462.594
43112,2017,7,2842.118
43112,2017,7,7459.353
43112,2017,7,7639.012
43112,2017,7,2538.51
43112,2017,7,2978.621
43112,2017,7,5768.954
43113,2017,7,4295.273
43113,2017,7,4320.299
43113,2017,7,6692.029
43113,2017,7,38860.03
43113,2017,7,24060.455
43113,2017,7,1668.111
43113,2017,7,35987.59
42720,2018,7,1013.342
42720,2018,7,1657.791
42720,2018,7,5888.506
42720,2018,7,164.454
43111,2018,7,4461.743
43760,2018,8,1543.56
43760,2018,8,3012.312
43760,2018,8,5747.541
43760,2018,8,5217.985
43760,2018,8,4214.495
43760,2018,8,8834.277
43760,2018,8,2129.642
43760,2018,8,2412.56
43760,2018,8,5344.511
43760,2018,8,9923.247
43760,2018,8,1412.094
48170,2018,10,154737.78
48170,2018,10,53346.863
48170,2018,10,76340.38
43111,2018,7,11626.137
43111,2018,7,2933.469
43760,2018,8,9086.165
43760,2018,8,5133.26
43760,2018,8,6383.056
43760,2018,8,3293.615
48170,2018,10,34093.75
48170,2018,10,6638.824
48170,2018,10,9394.444
48170,2018,8,59575.305
48170,2018,10,251028.6
48170,2018,8,7949.059
48170,2018,10,45001.445
43113,2017,7,3920.639
43113,2017,7,16153.331
48170,2018,10,32003.879
48170,2018,10,21917.086
48170,2018,10,67590.37
48170,2018,10,35436.58
43112,2018,7,2436.709
43113,2018,7,2083.685
43113,2018,7,9387.808
43113,2018,7,24843.088
43113,2018,7,219.286
43113,2018,7,1192.557
43113,2018,7,10843.449
48170,2018,10,11966.976
48170,2018,10,27239.307
48170,2018,10,233297.14
48170,2018,8,56402.742
48170,2018,10,11876.97
43113,2018,7,1015.994
43113,2018,7,631.867
44200,2018,8,492.2
46730,2018,8,12614.437
46730,2018,8,15780.774
46730,2018,8,6329.358
46730,2018,8,1888.013
46780,2018,7,32103.22
46780,2018,7,29410.504
48170,2018,8,124689.555
48170,2018,10,11727.075
48170,2018,10,2524.4124
48170,2018,10,27578.824
48170,2018,10,7212.097
48170,2018,10,9847.442
48170,2018,8,15969.547
48170,2018,10,2499.8076
48170,2018,10,33209.5
48170,2018,10,105567.41
48170,2018,10,38525.324
43113,2018,7,15583.427
43113,2018,7,168.13
43113,2018,7,1041.649
43113,2017,7,6494.503
43113,2017,7,4667.379
43113,2017,7,4336.511
43113,2017,7,4766.395
43113,2017,7,3018.22
43113,2017,7,2997.136
43113,2017,7,3177.413
43113,2017,7,3090.21
43113,2017,7,13185.329
43113,2017,7,2851.397
43113,2017,7,10167.803
43113,2017,7,13602.652
43113,2017,7,8209.112
43113,2017,7,3859.026
43113,2017,7,29788.922
43113,2017,7,6349.9
43113,2017,7,3830.823
43113,2017,7,4062.413
43113,2017,7,14323.505
43113,2017,7,7192.794
43113,2017,7,3117.322
43112,2017,7,6319.447
43112,2017,7,1292.221
43112,2017,7,2175.661
43112,2017,7,1857.957
43112,2017,7,5424.321
43113,2017,7,405.412
43113,2017,7,8303.73
43113,2017,7,4243.284
43113,2017,7,13442.182
43113,2017,7,51671.055
43113,2017,7,11953.409
43113,2017,7,3760.592
43113,2017,7,2904.659
43113,2017,7,5104.527
43113,2017,7,2147.912
43113,2017,7,3031.949
43113,2017,7,6846.329
43113,2017,7,8584.028
43113,2017,7,11729.734
43113,2017,7,7372.276
43113,2017,7,3472.672
43113,2017,7,3083.517
43113,2017,7,3746.417
43113,2017,7,3831.447
43113,2017,7,5988.683
43113,2017,7,5530.595
43113,2017,7,9949.923
43113,2017,7,4864.961
43113,2017,7,13215.442
43113,2017,7,28200.617
43113,2017,7,3402.089
43113,2017,7,7483.896
43113,2017,7,1995.024
43113,2017,7,4498.822
43113,2017,7,7574.152
43113,2017,7,27352.732
43113,2017,7,6019.477
43113,2017,7,4264.838
43113,2017,7,9421.748
43113,2017,7,7411.693
43113,2017,7,7155.686
43113,2017,7,9654.728
43113,2017,7,2112.243
43113,2017,7,9331.564
43113,2017,7,11016.794
43113,2017,7,1425.608
43113,2017,7,4434.403
43113,2017,7,4201.382
43113,2017,7,10898.12
43113,2017,7,22098.412
43113,2017,7,4039.711
43113,2017,7,4797.337
43113,2017,7,5077.419
43113,2017,7,5208.673
43113,2017,7,42989.34
43113,2017,7,9423.418
43113,2017,7,2912.827
43113,2017,7,5036.868
43113,2017,7,1680.71
43113,2017,7,5013.181
43113,2017,7,1418.75
43113,2017,7,7926.728
43113,2017,7,10574.061
43113,2017,7,10844.685
43113,2017,7,8429.824
43113,2017,7,5188.268
43113,2017,7,7356.665
43113,2017,7,3526.777
43113,2017,7,4641.848
43113,2017,7,11812.157
43113,2017,7,10465.543
43113,2017,7,842.291
43113,2017,7,7392.795
43113,2017,7,15668.455
43113,2017,7,7749.979
43113,2017,7,3098.937
43113,2017,7,7786.282
43113,2017,7,3655.741
43113,2017,7,8272.265
43113,2017,7,5993.093
43113,2017,7,2905.818
43113,2017,7,1714.799
43113,2017,7,10743.862
43113,2017,7,1529.575
43113,2017,7,2029.108
43113,2017,7,3436.652
43113,2017,7,2578.07
43113,2017,7,1123.561
43113,2017,7,7893.543
43113,2017,7,1377.095
43113,2017,7,7984.582
43113,2017,7,4889.322
43113,2017,7,23322.473
43113,2017,7,1847.434
43113,2017,7,3969.458
43113,2017,7,18230.436
43113,2017,7,5719.997
43113,2017,7,1385.029
43113,2017,7,4046.824
43113,2017,7,3986.139
43113,2017,7,34867.914
43113,2017,7,8324.046
43113,2017,7,7985.079
43113,2017,7,9340.375
43113,2017,7,1291.16
43113,2017,7,8494.243
43113,2017,7,15730.004
43113,2017,7,12451.326
43113,2017,7,4497.659
43113,2017,7,8925.662
43113,2017,7,3422.1
43113,2017,7,7864.779
43113,2017,7,16450.512
43113,2017,7,1143.512
43113,2017,7,14743.197
43113,2017,7,4383.251
43113,2017,7,6753.64
43113,2017,7,5238.286
43113,2017,7,8120.211
43113,2017,7,11080.375
43113,2017,7,3218.342
43113,2017,7,7856.454
43113,2017,7,9689.016
43113,2017,7,4678.091
43113,2017,7,6414.15
43113,2017,7,16894.246
43113,2017,7,2113.446
43113,2017,7,2522.381
43113,2017,7,13086.545
43113,2017,7,6549.349
43113,2017,7,15939.046
43113,2017,7,7649.613
43113,2017,7,3200.131
43113,2017,7,2237.75
43113,2017,7,5589.749
43113,2017,7,5605.642
43113,2017,7,14286.889
43113,2017,7,7998.452
43113,2017,7,6436.819
43114,2017,7,15155.609
43114,2017,7,3372.791
43114,2017,7,7915.486
43114,2017,7,1479.646
43114,2017,7,3404.455
43114,2017,7,3955.972
43114,2017,7,7368.243
43114,2017,7,1698.579
43114,2017,7,4025.471
43114,2017,7,2516.647
43114,2017,7,6456.925
43114,2017,7,3757.082
43114,2017,7,10012.617
43114,2017,7,21293.701
43114,2017,7,2782.128
43114,2017,7,3925.141
43114,2017,7,21020.605
43114,2017,7,8436.289
43114,2017,7,2841.707
43114,2017,7,13294.636
43114,2017,7,17896.03
43114,2017,7,4198.662
43114,2017,7,6388.134
43114,2017,7,2390.335
43114,2017,7,18119.72
43114,2017,7,9552.836
43114,2017,7,7504.069
43114,2017,7,1662.76
43114,2017,7,8009.341
43114,2017,7,3103.872
43114,2017,7,2300.308
43114,2017,7,6384.661
43114,2017,7,3387.679
43114,2017,7,1740.711
43114,2017,7,2868.837
43114,2017,7,3564.327
43114,2017,7,3189.603
43114,2017,7,4655.917
43114,2017,7,4393.913
43114,2017,7,8451.443
43114,2017,7,7259.976
43114,2017,7,2589.839
43114,2017,7,3866.82
43114,2017,7,2497.004
43114,2017,7,2991.677
43114,2017,7,5434.476
43114,2017,7,1699.54
43114,2017,7,1266.079
43114,2017,7,1118.174
43114,2017,7,1645.534
43114,2017,7,3320.199
43114,2017,7,2082.114
43114,2017,7,5655.309
43114,2017,7,3658.376
43114,2017,7,3203.17
43114,2017,7,1647.346
43114,2017,7,6035.869
43114,2017,7,3603.247
43114,2017,7,15900.528
43114,2017,7,1985.781
43113,2017,7,33747.523
43113,2017,7,34503.188
43113,2017,7,20042.14
43113,2017,7,11710.502
43113,2017,7,37261.11
43113,2017,7,4049.177
43113,2017,7,8408.704
43113,2017,7,9611.005
43113,2017,7,6084.087
43113,2017,7,2419.469
43113,2017,7,7761.582
43113,2017,7,5056.083
43113,2017,7,3989.528
43113,2017,7,15141.445
43113,2017,7,5106.198
43113,2017,7,6670.932
43113,2017,7,7724.184
43113,2017,7,15458.707
43113,2017,7,3375.593
43113,2017,7,8129.438
43113,2017,7,3953.687
43113,2017,7,3728.943
43113,2017,7,24119.09
43113,2017,7,2621.356
43113,2017,7,3955.056
43113,2017,7,2965.429
43113,2017,7,4418.039
43113,2017,7,8106.467
43113,2017,7,4164.655
43113,2017,7,12179.2
43113,2017,7,11053.123
43113,2017,7,22854.396
43113,2017,7,2366.155
43113,2017,7,7011.129
43113,2017,7,6246.773
43113,2017,7,14749.573
43113,2017,7,9870.828
43113,2017,7,3791.875
43113,2017,7,10148.17
43113,2017,7,5167.511
43113,2017,7,10136.009
43113,2017,7,861.441
43113,2017,7,1064.305
43113,2017,7,4092.655
43113,2017,7,4254.488
43113,2017,7,4160.657
43113,2017,7,7855.633
43113,2017,7,14330.414
43113,2017,7,16392.156
43113,2017,7,11458.631
43113,2017,7,666.301
43113,2017,7,7794.282
43113,2017,7,4934.187
43113,2017,7,33116.34
43113,2017,7,3006.601
43113,2017,7,3332.74
43113,2017,7,5569.142
43113,2017,7,2836.926
43113,2017,7,11155.866
43113,2017,7,13550.345
43113,2017,7,10105.05
43113,2017,7,4101.883
43113,2017,7,3001.557
43113,2017,7,2704.327
43113,2017,7,10535.67
43113,2017,7,5640.828
43113,2017,7,12945.034
43113,2017,7,8411.798
43113,2017,7,21851.127
43113,2017,7,11893.888
43113,2017,7,12766.386
43113,2017,7,21768.39
43113,2017,7,9882.531
43113,2017,7,50871.28
43113,2017,7,4930.625
43113,2017,7,23337.68
43113,2017,7,12070.037
43113,2017,7,20482.527
43113,2017,7,11128.386
43113,2017,7,30271.762
43113,2017,7,9395.607
43113,2017,7,17344.117
43113,2017,7,4436.156
43113,2017,7,6206.786
43113,2017,7,10735.971
43113,2017,7,4093.383
43113,2017,7,1843.459
43113,2017,7,15766.627
43113,2017,7,31880.762
43113,2017,7,4732.792
43113,2017,7,4274.719
43113,2017,7,2959.503
43113,2017,7,24562.61
43113,2017,7,22781.957
43113,2017,7,32055.77
43113,2017,7,19756.059
43113,2017,7,8011.865
43113,2017,7,17600.48
43113,2017,7,16804.656
43113,2017,7,16407.17
43113,2017,7,13231.996
43113,2017,7,24965.07
43113,2017,7,5901.158
43113,2017,7,5115.617
43113,2017,7,11577.547
43113,2017,7,19266.137
43113,2017,7,9778.446
43113,2017,7,9100.597
43113,2017,7,22727.09
43113,2017,7,6720.9
43113,2017,7,2615.539
43113,2017,7,29743.584
43113,2017,7,13455.376
43113,2017,7,5820.644
43113,2017,7,19642.738
43113,2017,7,1935.624
43113,2017,7,10769.674
43113,2017,7,14418.382
43113,2017,7,11463.121
43113,2017,7,3959.177
43113,2017,7,24047.725
43113,2017,7,1820.168
43113,2017,7,15855.542
43113,2017,7,2127.664
43113,2017,7,16087.583
43113,2017,7,12097.61
43113,2017,7,7275.392
43113,2017,7,3642.405
43113,2017,7,21500.379
43113,2017,7,8432.155
43113,2017,7,3916.094
43113,2017,7,17242.705
43113,2017,7,29207.582
43113,2017,7,5811.253
43113,2017,7,15862.675
43113,2017,7,5850.989
43113,2017,7,3441.556
43113,2017,7,7516.106
43113,2017,7,15475.05
43113,2017,7,8202.709
43113,2017,7,5428.975
43113,2017,7,2962.506
43113,2017,7,10563.436
43113,2017,7,3859.187
43113,2017,7,16574.3
43113,2017,7,50470.4
43113,2017,7,2300.757
43113,2017,7,4304.733
43113,2017,7,5185.278
43113,2017,7,2506.522
43113,2017,7,9263.845
43113,2017,7,4157.416
43113,2017,7,15177.917
43113,2017,7,3266.694
43113,2017,7,27336.451
43113,2017,7,18516.225
43113,2017,7,4157.936
43113,2017,7,11189.834
43113,2017,7,16864.236
43113,2017,7,15695.433
43113,2017,7,8940.426
43113,2017,7,5489.909
43113,2017,7,8565.425
43113,2017,7,6311.916
43113,2017,7,1847.832
43113,2017,7,12155.611
43113,2017,7,7795.337
43113,2017,7,10066.088
43113,2017,7,6435.196
43113,2017,7,23047.123
43113,2017,7,2204.259
43113,2017,7,5653.32
43113,2017,7,8134.135
43113,2017,7,11269.347
43113,2017,7,4414.419
43113,2017,7,6418.15
43113,2017,7,3116.509
43113,2017,7,2674.383
43113,2017,7,9664.166
43113,2017,7,3348.144
43113,2017,7,13755.258
43113,2017,7,4329.791
43113,2017,7,15775.603
43113,2017,7,3043.674
43114,2017,7,1428.379
43113,2017,7,39608.36
43113,2017,7,9944.952
43113,2017,7,14989.343
43113,2017,7,8676.055
43112,2017,7,4252.753
43112,2017,7,4020.906
43112,2017,7,12193.685
43112,2017,7,3683.965
43112,2017,7,1734.994
43112,2017,7,2803.841
43113,2017,7,5808.613
43113,2017,7,3985.501
43114,2017,7,8781.07
43113,2017,7,4966.736
43113,2017,7,2270.207
43113,2017,7,17727.1
43113,2017,7,6249.221
43113,2017,7,5641.87
43113,2017,7,1621.961
43113,2017,7,4001.131
43113,2017,7,5637.185
43113,2017,7,3831.434
43113,2017,7,4007.573
43113,2017,7,1008.045
43113,2017,7,5329.56
43113,2017,7,10327.772
43113,2017,7,4271.065
43113,2017,7,8966.511
43113,2017,7,23737.727
43113,2017,7,6859.684
43112,2017,7,3669.861
43112,2017,7,1797.618
43112,2017,7,3386.36
43112,2017,7,3925.516
43112,2017,7,12280.081
43114,2017,7,25036.232
43114,2017,7,3003.068
43114,2017,7,1924.14
43114,2017,7,25352.842
43114,2017,7,6090.899
43114,2017,7,10021.589
43114,2017,7,19837.842
43114,2017,7,1890.694
43114,2017,7,12739.417
43114,2017,7,7866.323
43114,2017,7,9602.902
43114,2017,7,1371.277
43114,2017,7,3701.797
43114,2017,7,8700.61
43114,2017,7,3224.082
43114,2017,7,3689.685
43114,2017,7,6998.991
43114,2017,7,5441.227
43114,2017,7,3871.044
43114,2017,7,1724.287
43114,2017,7,11681.611
43114,2017,7,2228.725
43114,2017,7,3234.955
43114,2017,7,2099.163
43114,2017,7,5030.538
43114,2017,7,8939.246
43114,2017,7,2139.494
43114,2017,7,1890.435
43114,2017,7,6312.959
43114,2017,7,21579.723
43114,2017,7,3737.098
43114,2017,7,6419.101
43114,2017,7,5609.782
43114,2017,7,1447.62
43114,2017,7,1875.007
43114,2017,7,2772.119
43114,2017,7,4348.512
43114,2017,7,10097.262
43114,2017,7,4360.645
43114,2017,7,2697.146
43114,2017,7,2039.597
43114,2017,7,8628.08
43114,2017,7,5693.391
43114,2017,7,1827.177
43114,2017,7,3759.723
43114,2017,7,4601.019
43114,2017,7,1241.906
43114,2017,7,2072.431
43114,2017,7,8681.275
43114,2017,7,4428.526
43114,2017,7,5152.448
43114,2017,7,3427.111
43114,2017,7,2118.424
43114,2017,7,4107.389
43114,2017,7,4175.531
43114,2017,7,4098.324
43114,2017,7,3258.222
43114,2017,7,13129.761
43114,2017,7,2670.438
43114,2017,7,35674.38
43114,2017,7,4507.13
43114,2017,7,11354.862
43114,2017,7,4176.597
43114,2017,7,19884.434
43114,2017,7,4073.711
43114,2017,7,2973.148
43114,2017,7,2065.461
46780,2018,7,106777.2
46780,2018,7,20455.203
46780,2018,7,34935.01
47130,2018,10,156657.06
48170,2018,10,39911.67
48170,2018,10,715.3107
48170,2018,10,27680.701
48170,2018,8,57234.695
48170,2018,10,28552.979
48170,2018,10,105956.17
48170,2018,8,19425.742
48170,2018,8,6847.1826
43113,2018,7,2471.901
47130,2018,10,88146.266
47130,2018,10,57135.266
47130,2018,10,55599.81
48170,2018,10,39554.797
48170,2018,10,20924.387
48170,2018,8,2517.0356
48170,2018,10,27762.543
48170,2018,10,9528.55
48170,2018,10,45032.03
48170,2018,10,15276.89
48170,2018,10,39152.37
48170,2018,8,7577.0146
48170,2018,10,5877.389
48170,2018,8,1331.311
43113,2018,7,15252.45
43113,2018,7,327.978
43113,2018,7,223.122
43113,2018,7,2581.4
43113,2018,7,1569.805
43114,2018,7,671.894
43114,2018,7,1787.413
43114,2018,7,221.382
43114,2018,7,271.121
43114,2018,7,392.069
43114,2018,7,2304.046
48250,2017,10,4331.078
48250,2017,10,871.75
48250,2017,10,42091.824
48250,2017,10,52384.02
48250,2017,10,7500.464
48250,2017,10,127125.164
43760,2017,7,19863.469
43760,2017,7,3580.783
43760,2017,7,50933.76
47113,2019,9,604795.7
47113,2019,9,110753.9
47930,2019,10,123546.8
47113,2019,10,31021.9
47760,2019,10,2299.1
47760,2019,10,1726.1
47760,2019,10,2924.3
47760,2019,10,1212.2
47770,2019,10,187523.7
47770,2019,10,18562.1
47770,2019,10,57193.6
47770,2019,10,240248.0
47930,2019,10,9829.6
47930,2019,10,169213.8
48170,2019,10,13602.224
48170,2019,10,12541.1455
48170,2019,10,12407.216
48170,2019,10,18147.217
48170,2019,10,57938.78
48170,2019,10,20259.688
48170,2019,10,332016.94
48170,2019,10,5514.8433
48170,2019,10,33770.992
48170,2019,10,18071.76
48170,2019,10,2327.235
48170,2019,10,309216.03
48170,2019,10,478143.47
48170,2019,10,10741.984
48220,2019,10,10042.6
48270,2019,10,1.6853839e+06
48270,2019,10,101743.3
48270,2019,10,44450.645
48270,2019,10,12645.586
48270,2019,10,139662.83
48270,2019,10,34887.5
48270,2019,10,84188.46
48270,2019,10,685742.4
48170,2019,10,18539.717
48170,2019,10,1882.6902
48170,2019,10,10802.515
48170,2019,10,48985.066
48170,2019,10,329.77933
48170,2019,10,5368.8115
48170,2019,10,2688.7063
48170,2019,10,1470.9883
48170,2019,10,16405.342
48170,2019,10,7360.963
48270,2019,10,551687.6
48270,2019,10,682377.56
48270,2019,10,291333.94
48270,2019,10,276559.84
48270,2019,10,311050.4
48270,2019,10,1.4761132e+06
48270,2019,10,2.0538358e+06
48270,2019,10,220754.92
48270,2019,10,118175.0
48270,2019,10,1.196475e+06
48270,2019,10,71606.94
48270,2019,10,26909.008
48270,2019,10,1.54335e+06
48270,2019,10,66000.0
48270,2019,10,994400.0
48270,2019,10,303406.44
48270,2019,10,393850.03
48270,2019,10,404650.0
48270,2019,10,1.6667388e+06
48270,2019,10,213924.98
48270,2019,10,451140.28
48270,2019,10,128733.13
48270,2019,10,658055.06
48270,2019,10,95353.76
48270,2019,10,264376.88
48270,2019,10,178478.84
48270,2019,10,96361.43
48270,2019,10,720369.44
48270,2019,10,556074.2
48270,2019,10,124648.3
48270,2019,10,203906.67
48270,2019,10,751120.75
48270,2019,10,134201.36
48270,2019,10,377621.16
48270,2019,10,525599.1
48270,2019,10,254975.9
50110,2019,7,257.5
50110,2019,7,721.7
50110,2019,7,251.0
50110,2019,7,462.8
50110,2019,7,4487.8
50110,2019,10,87.2
50110,2019,10,356.8
50110,2019,7,136.1
50110,2019,10,1014.6
50110,2019,10,200.3
50110,2019,9,498.8
46820,2019,8,8032.879
46820,2019,8,60550.793
46820,2019,8,11294.952
46820,2019,8,21636.436
46820,2019,8,44848.24
46820,2019,8,34111.266
46820,2019,8,56513.637
46820,2019,8,20065.86
46820,2019,8,38441.312
46820,2019,8,7368.018
46820,2019,8,34717.863
47770,2019,10,174490.7
46820,2019,8,8400.565
46820,2019,8,37160.594
46820,2019,8,8923.143
46820,2019,8,16700.236
46820,2019,8,45217.03
46820,2019,8,35910.406
46820,2019,8,76322.484
46820,2019,8,185964.86
46820,2019,8,51595.95
46820,2019,8,24030.182
46820,2019,8,31025.1
46820,2019,8,24433.93
47113,2019,9,419555.7
47113,2019,10,134955.5
47930,2019,10,130187.5
47930,2019,10,52286.1
47930,2019,10,100959.4
46820,2019,8,23279.156
46820,2019,8,22247.76
46820,2019,8,43695.8
46820,2019,8,39545.527
46820,2019,8,16149.197
46820,2019,8,4167.589
46820,2019,8,31784.299
46820,2019,8,27754.545
46820,2019,8,26913.924
46820,2019,8,8709.395
46820,2019,8,7764.963
47113,2019,10,151835.5
47770,2019,10,13342.7
47770,2019,10,130129.3
47770,2019,10,5763.1
46820,2019,8,19291.809
46820,2019,8,21501.723
46820,2019,8,34378.793
46820,2019,8,48278.094
46820,2019,8,43842.348
46820,2019,8,14859.06
46820,2019,8,59964.12
46820,2019,8,751197.2
46820,2019,8,31072.61
46820,2019,8,8702.194
46820,2019,8,19567.838
43760,2017,7,3758.261
43760,2017,7,107499.516
43760,2017,7,18698.7
48250,2017,10,1318.457
48250,2017,10,449.061
48250,2017,10,485.075
48250,2017,10,600.874
48250,2017,10,5520.335
48250,2017,10,282.759
48250,2017,10,2028.747
43760,2017,7,6147.465
48250,2017,10,25139.426
43745,2017,7,35616.004
43745,2017,7,35150.26
43745,2017,7,10608.787
43745,2017,7,15015.187
43760,2017,7,2611.991
43760,2017,7,6134.688
43760,2017,7,390.561
43760,2017,7,5618.32
48250,2017,10,13439.583
48250,2017,10,2787.766
48250,2017,10,224954.78
48250,2017,10,42335.11
48250,2017,10,96111.16
48250,2017,10,62559.07
43745,2017,7,17205.012
43750,2017,7,19762.193
43750,2017,7,21261.873
43750,2017,7,35930.73
43750,2017,7,4097.261
43750,2017,7,25481.732
43750,2017,7,33741.453
43760,2017,7,13162.407
43760,2017,7,4875.727
43750,2017,7,59515.95
43750,2017,7,8323.2
44131,2017,7,42066.35
44131,2017,7,17853.13
44131,2017,7,6949.447
44131,2017,7,18084.395
44131,2017,7,37816.973
44131,2017,7,37070.613
48250,2017,10,3974.442
48250,2017,10,38424.344
48250,2017,10,65860.1
43750,2017,7,6423.301
43750,2017,7,15903.459
43750,2017,7,920.246
43750,2017,7,22707.594
43760,2017,7,14840.747
43760,2017,7,39258.28
48250,2017,10,80422.72
43750,2017,7,2589.361
44131,2017,7,12178.758
44131,2017,7,153890.89
48250,2017,10,2594.588
48250,2017,10,140416.88
43760,2017,7,317625.28
43760,2017,7,48206.816
48170,2018,10,29696.943
43760,2017,7,122850.76
48270,2019,10,42975.0
11650,2022,8,19036.29
44131,2017,7,281620.47
44131,2017,7,63088.33
44131,2017,7,9769.777
44131,2017,7,2866.049
44131,2017,7,3264.045
44131,2017,7,13624.285
44131,2017,7,240136.14
44131,2017,7,25867.912
44131,2017,7,6008.148
48250,2017,10,52006.613
48250,2017,10,9071.169
48250,2017,10,90570.79
11650,2022,8,365.63
11650,2022,8,230.36
11650,2022,8,19749.42
43760,2017,7,2563.897
43760,2017,7,1083.592
43760,2017,7,7036.337
44133,2017,7,9209.833
48250,2017,10,33036.953
48250,2017,10,2998.357
48250,2017,10,38.111
48250,2017,10,9910.464
48250,2017,10,27211.16
48250,2017,10,29939.676
41630,2022,8,10087.3
41630,2022,8,4791.6
48250,2017,10,43675.355
48250,2017,10,78560.14
48250,2017,10,45689.848
48250,2017,10,361672.2
48250,2017,10,20426.549
48250,2017,10,6972.686
48250,2017,10,2017.297
48250,2017,10,1401.486
48250,2017,10,1090.655
41650,2022,8,782.164
41650,2022,8,916.726
44790,2022,8,326.0
44790,2022,8,7826.9
44790,2022,8,4030.7
48250,2017,10,19473.1
48250,2017,10,47642.18
43113,2018,7,4458.691
48170,2018,10,7786.768
48170,2018,10,19023.965
48170,2018,10,31980.416
48170,2018,8,50169.31
48170,2018,10,65965.11
48170,2018,10,2546.5461
48170,2018,10,11854.53
48170,2018,10,18350.354
48170,2018,10,17569.783
48170,2018,10,46259.04
43113,2018,7,3682.315
43113,2018,7,756.829
43113,2018,7,306.983
43113,2018,7,1978.156
43113,2018,7,1886.736
43113,2018,7,6088.72
43113,2018,7,778.423
43113,2018,7,3972.52
47130,2018,10,9039.634
47130,2018,10,39679.43
47130,2018,10,31264.654
47130,2018,10,66319.664
48170,2018,8,5864.732
48170,2018,10,3694.6873
48170,2018,10,46494.4
48250,2017,10,93672.516
48250,2017,10,81960.85
48250,2017,10,79253.234
48250,2017,10,2356.227
48250,2017,10,1360.049
48250,2017,10,357.253
48250,2017,10,25630.695
48250,2017,10,81802.03
48250,2017,10,6241.576
42150,2019,10,174720.2
43150,2019,8,13192.312
44230,2019,7,87702.7
44230,2019,7,47793.4
44230,2019,7,45714.6
44230,2019,7,100166.7
44230,2019,7,12376.9
44230,2019,7,155646.9
44230,2019,7,82320.7
44230,2019,7,30207.1
46820,2019,8,21005.633
46820,2019,8,9639.797
46820,2019,8,48920.348
46820,2019,8,23564.088
46820,2019,8,32703.098
46820,2019,8,71274.3
46820,2019,8,31759.71
46820,2019,8,9909.099
46820,2019,8,18305.594
46820,2019,8,11528.306
46820,2019,8,11556.29
46820,2019,8,3928.333
46820,2019,8,14079.537
46820,2019,8,17959.586
46820,2019,8,31106.48
46820,2019,8,15131.507
46820,2019,8,39361.273
46820,2019,8,9943.081
46820,2019,8,22908.316
46820,2019,8,2214.59
46820,2019,8,4872.094
46820,2019,8,51764.285
46820,2019,8,2941.254
46820,2019,8,34398.12
46820,2019,8,15188.007
44230,2019,7,38503.1
44230,2019,7,78725.1
46780,2019,10,91110.2
46780,2019,10,8097.7
46780,2019,10,18547.3
46820,2019,8,30778.045
50110,2018,10,37710.395
50110,2018,10,1925.84
50110,2018,8,1533.87
50110,2018,8,6193.379
50110,2018,10,8360.902
50110,2018,8,11956.881
50110,2018,10,2094.501
50110,2018,10,4847.949
50110,2018,10,3193.695
50110,2018,10,8172.793
50110,2018,10,3710.509
50110,2018,10,6799.802
50110,2018,10,1950.594
50110,2018,10,12466.578
50110,2018,10,4802.4
50110,2018,10,11228.35
50130,2018,10,3257.448
50130,2018,9,36198.145
50130,2018,9,11317.191
50130,2018,10,13405.25
50130,2018,9,12111.659
50130,2018,9,8155.426
50130,2018,9,17223.336
42170,2019,10,19018.1
42230,2019,10,25027.7
42230,2019,10,38494.7
42230,2019,10,14740.0
42230,2019,10,1405.6
42230,2019,10,13156.4
50110,2018,10,13024.115
50110,2018,10,7366.493
50110,2018,10,7064.658
50110,2018,10,6144.101
50110,2018,8,2032.237
50110,2018,10,8888.648
50110,2018,10,20788.11
50110,2018,8,6753.152
50110,2018,10,4679.434
50110,2018,8,4269.632
50110,2018,10,21413.994
50110,2018,8,3639.86
50110,2018,10,9957.78
50110,2018,8,46727.277
50110,2018,8,9386.166
50130,2018,10,20120.936
50130,2018,9,16433.043
50130,2018,9,36783.887
50130,2018,9,2553.913
50130,2018,10,4639.975
50130,2018,9,29444.346
50130,2018,10,3670.773
50130,2018,9,4199.243
50130,2018,9,19156.816
42230,2019,10,12833.8
42230,2019,10,9036.4
42230,2019,10,4982.6
42230,2019,10,10284.5
50110,2018,10,6905.211
50110,2018,10,8210.232
50110,2018,10,18834.242
50110,2018,10,7181.543
50110,2018,10,3414.818
50110,2018,10,7380.78
50110,2018,10,2936.954
50110,2018,8,2493.182
50130,2018,9,5008.667
50130,2018,10,2716.095
50130,2018,9,37092.098
50130,2018,9,16198.048
26440,2019,7,57711.0
26440,2019,7,2372.6
42230,2019,10,4829.0
42230,2019,10,11871.1
42230,2019,10,9153.0
42230,2019,10,3360.5
42230,2019,10,37696.0
42230,2019,10,3592.0
42230,2019,10,12839.2
42230,2019,10,11615.8
42230,2019,10,3549.2
50110,2018,10,17067.105
50110,2018,10,2609.415
50110,2018,10,13680.859
50110,2018,10,10469.629
50110,2018,10,29259.752
50110,2018,8,5984.23
50110,2018,10,10751.813
50110,2018,10,370.451
50110,2018,10,3410.347
50110,2018,10,6794.695
26440,2019,7,214866.7
26440,2019,7,378718.1
42230,2019,10,32775.6
42230,2019,10,131030.6
42230,2019,10,5295.5
42230,2019,10,5851.0
50110,2018,10,5563.269
50110,2018,10,12497.369
50110,2018,8,1140.843
50110,2018,8,1506.314
50110,2018,8,487.919
50110,2018,8,1871.851
50110,2018,10,4655.03
50130,2018,10,5542.416
50130,2018,9,14487.778
50130,2018,9,14975.316
50130,2018,9,26940.627
42230,2019,10,14325.5
42230,2019,10,14908.2
50110,2018,10,6333.924
50110,2018,10,1652.483
50110,2018,10,4974.428
50110,2018,10,1945.357
50110,2018,8,7607.984
50110,2018,10,16354.906
50110,2018,10,27841.043
50110,2018,10,2805.429
50110,2018,10,7442.039
50110,2018,8,6238.912
50110,2018,8,7096.538
50110,2018,10,4762.653
50110,2018,8,8875.057
50110,2018,10,2743.698
50110,2018,8,6913.056
50110,2018,10,1561.07
30230,2019,9,1138.6
30230,2019,9,358.7
30230,2019,9,47.5
31200,2019,10,6320.9
31200,2019,10,2203.2
31200,2019,10,4203.9
31710,2019,10,3325.0
42230,2019,10,12700.4
42230,2019,10,9082.2
42230,2019,10,3006.0
42230,2019,10,51513.2
42230,2019,10,1242.6
42230,2019,10,8371.1
42230,2019,10,55057.7
50110,2018,10,19107.67
50110,2018,8,6534.01
50110,2018,10,1030.858
50110,2018,10,17914.295
50110,2018,10,12517.819
50110,2018,10,3697.468
50110,2018,8,3903.877
50110,2018,10,2900.628
50110,2018,10,4777.138
50110,2018,8,7631.305
50110,2018,10,6533.463
50110,2018,10,2063.087
50110,2018,8,1734.022
50110,2018,8,4326.236
50110,2018,10,2596.898
36110,2019,7,257.0
36110,2019,7,445.2
42150,2019,10,25266.2
42150,2019,10,8371.0
42150,2019,10,11025.1
42150,2019,10,483.0
42150,2019,10,6644.7
42230,2019,10,3417.5
42230,2019,10,9778.9
42230,2019,10,4883.1
42230,2019,10,850.0
50110,2018,10,54111.27
50110,2018,8,9300.658
50110,2018,10,2487.697
50110,2018,10,8741.766
50110,2018,8,5572.902
50130,2018,10,11293.515
50130,2018,10,2443.283
50130,2018,10,8119.474
50130,2018,10,1630.036
50130,2018,10,1363.465
50130,2018,10,10546.674
50130,2018,10,3100.606
50130,2018,10,6621.203
50130,2018,10,5685.798
50130,2018,10,1487.239
50130,2018,10,3652.205
50130,2018,10,41414.09
50130,2018,10,4344.113
42150,2019,10,199966.8
42150,2019,10,137446.8
42230,2019,10,4492.4
42230,2019,10,4015.3
50110,2018,10,45979.668
50110,2018,10,13657.816
50110,2018,10,19449.717
50110,2018,10,10299.559
50130,2018,10,9740.322
50130,2018,10,7576.71
50130,2018,10,8212.667
50130,2018,10,3646.009
50130,2018,10,7501.412
50130,2018,10,48294.703
50130,2018,10,159328.42
42150,2019,10,52829.3
42150,2019,10,58153.8
42230,2019,10,8896.6
42230,2019,10,8738.6
42230,2019,10,1802.8
42230,2019,10,7894.4
42230,2019,10,14625.2
50110,2018,10,22799.64
50110,2018,10,6195.956
50110,2018,8,2831.306
50110,2018,10,9772.935
50110,2018,10,4225.378
50110,2018,10,9013.975
50110,2018,8,5332.317
50130,2018,10,3575.239
50130,2018,10,6714.321
50130,2018,10,47650.61
50130,2018,10,932.588
50130,2018,10,13296.985
50130,2018,10,6293.595
50130,2018,10,13580.314
50130,2018,8,1080.779
50130,2018,10,64586.387
50130,2018,10,11893.299
50130,2018,9,1390.537
50130,2018,9,1072.009
42150,2019,10,23654.5
42230,2019,10,9417.9
42230,2019,10,29058.4
42230,2019,10,22889.4
42230,2019,10,2548.7
50110,2018,8,4197.722
50110,2018,10,4119.653
47770,2019,10,154383.0
46820,2019,8,17559.785
46820,2019,8,54718.605
47930,2019,10,79376.8
47930,2019,10,21640.3
46820,2019,8,38695.99
46820,2019,8,14763.369
46820,2019,8,35445.473
46820,2019,8,22855.506
46820,2019,8,52013.426
46820,2019,8,60054.32
46820,2019,8,8697.542
46820,2019,8,3995.18
47113,2019,10,262699.4
47930,2019,10,81512.1
47770,2019,10,21128.5
47930,2019,10,40814.1
50130,2018,9,13271.314
50130,2018,9,10571.991
47930,2019,10,33536.1
46820,2019,8,57126.645
46820,2019,8,47750.938
46820,2019,8,18430.26
46820,2019,8,46179.266
46820,2019,8,17161.787
46820,2019,8,16103.172
46820,2019,8,10413.408
46820,2019,8,12736.551
50130,2018,9,19770.365
46820,2019,8,12854.637
46820,2019,8,82413.17
47760,2019,10,3087.2
47760,2019,10,382.4
47760,2019,10,1066.3
47760,2019,10,691.0
47760,2019,10,1498.5
47760,2019,10,11472.3
47770,2019,10,11050.8
47770,2019,10,110875.4
42230,2019,10,8714.8
48125,2019,10,37385.6
46820,2019,8,19283.684
46820,2019,8,76015.336
42230,2019,10,4106.5
46820,2019,8,38388.414
46820,2019,8,5666.32
46820,2019,8,44994.535
46820,2019,8,38225.844
46820,2019,8,29105.312
46820,2019,8,23810.383
46820,2019,8,18603.648
47760,2019,10,240.1
47760,2019,10,3697.5
47760,2019,10,9893.9
47760,2019,10,6664.1
47760,2019,10,19029.4
47770,2019,10,141369.4
47770,2019,10,81310.1
48125,2019,10,308411.0
48127,2019,10,673.5
48127,2019,10,1069.4
48127,2019,10,1332.2
48170,2019,10,37507.9
46820,2019,8,19895.236
46820,2019,8,69992.7
46820,2019,8,23597.309
46820,2019,8,36138.992
46820,2019,8,41584.086
46820,2019,8,11505.908
46820,2019,8,35352.477
46820,2019,8,10392.407
47111,2019,9,24770.8
47760,2019,10,93061.5
47760,2019,10,20007.7
47760,2019,10,29734.8
47760,2019,10,10387.1
47770,2019,10,86765.8
47840,2019,10,116032.1
47840,2019,10,181124.6
48170,2019,10,1980.0233
48170,2019,10,19755.938
48170,2019,10,36656.785
48170,2019,10,1169.2115
48170,2019,10,8536.217
47760,2019,10,7257.8
50110,2018,10,3426.856
50110,2018,10,6014.81
48170,2019,10,370635.1
47113,2019,10,61884.0
47113,2019,10,29962.5
47760,2019,10,20275.1
47760,2019,10,7418.2
47760,2019,10,2911.0
47760,2019,10,2672.2
47760,2019,10,5977.5
47760,2019,10,2928.8
47760,2019,10,3012.1
47760,2019,10,2475.3
47840,2019,10,288130.7
47840,2019,10,224343.1
48170,2019,10,125813.22
48170,2019,10,8198.098
48170,2019,10,654.5357
48170,2019,10,2883.5574
50130,2018,10,9995.04
50130,2018,8,3396.694
50130,2018,8,1262.456
48170,2019,10,446563.4
48170,2019,10,2508.8733
48170,2019,10,22697.611
47113,2019,10,82296.0
47760,2019,10,3254.6
47760,2019,10,1685.7
47760,2019,10,3750.7
47760,2019,10,2434.7
47760,2019,10,757.2
47760,2019,10,2366.4
47760,2019,10,793.9
47760,2019,10,1435.3
47760,2019,10,2433.0
47760,2019,10,1178.1
47760,2019,10,1965.1
47760,2019,10,1501.2
48170,2019,10,2832.1902
48170,2019,10,163882.55
48170,2019,10,588298.7
48170,2019,10,199887.19
48170,2019,10,8913.712
48170,2019,10,7778.4746
48170,2019,10,310936.75
50130,2018,10,61335.29
50130,2018,10,754.831
47760,2019,10,4917.5
47760,2019,10,917.0
47760,2019,10,1632.0
47760,2019,10,3893.9
47760,2019,10,1501.5
47760,2019,10,2683.9
47760,2019,10,4523.1
47760,2019,10,1712.8
47760,2019,10,409.2
47840,2019,10,10165.9
50110,2018,10,3011.043
50110,2018,8,1069.941
50110,2018,10,6224.198
50110,2018,8,3162.418
50110,2018,10,6784.363
50110,2018,8,16940.744
50110,2018,8,10830.734
50110,2018,8,2554.535
50110,2018,10,8156.909
50130,2018,9,9679.627
50130,2018,9,11815.099
50130,2018,9,1838.341
50130,2018,9,10155.915
50130,2018,9,40913.74
50130,2018,10,10404.757
50130,2018,9,16138.322
50130,2018,10,16930.992
50130,2018,9,9050.387
42170,2019,10,77282.0
48250,2017,10,14355.088
48250,2017,10,24467.824
48250,2017,10,16977.719
48250,2017,10,4668.388
42230,2019,10,2647.0
42230,2019,10,41641.0
42230,2019,10,27141.5
42230,2019,10,5841.0
42230,2019,10,10723.6
42230,2019,10,5714.0
42230,2019,10,8713.4
42230,2019,10,5299.9
42230,2019,10,8214.2
42230,2019,10,6831.8
42230,2019,10,18701.4
42230,2019,10,14568.9
42230,2019,10,37444.3
42230,2019,10,3478.1
42230,2019,10,10834.8
42230,2019,10,6214.2
42230,2019,10,12559.0
42230,2019,10,7581.2
42230,2019,10,19689.2
42230,2019,10,7255.5
42230,2019,10,1530.2
42230,2019,10,5691.2
42230,2019,10,23155.0
42230,2019,10,25222.2
42230,2019,10,6187.9
42230,2019,10,26881.6
42230,2019,10,62525.8
42230,2019,10,19348.1
42230,2019,10,14093.6
43114,2017,7,12956.171
50110,2018,10,8426.026
50110,2018,8,16198.78
50110,2018,8,6564.668
50110,2018,8,12675.009
50110,2018,10,19380.982
50110,2018,8,13389.966
50130,2018,9,7770.051
50130,2018,9,88.727
50130,2018,9,337.59
50130,2018,9,928.673
50130,2018,9,29867.697
50130,2018,10,15028.671
50130,2018,9,1999.455
50130,2018,9,4349.899
50130,2018,10,1533.28
50130,2018,10,4169.699
50130,2018,9,14150.644
50130,2018,9,40061.883
42150,2019,10,57099.5
42230,2019,10,4390.0
42230,2019,10,31012.3
42230,2019,10,45958.5
42230,2019,10,17712.9
50110,2018,8,5522.246
50110,2018,8,10081.618
50110,2018,10,8963.938
50110,2018,10,20784.527
50110,2018,8,7760.04
50110,2018,8,9630.228
50110,2018,8,20546.154
50130,2018,9,7934.422
50130,2018,10,22295.217
50130,2018,9,11025.991
50130,2018,9,2220.482
50130,2018,9,11281.456
50130,2018,9,12943.212
50130,2018,9,10252.27
50130,2018,9,3128.166
50130,2018,9,11222.814
50130,2018,9,8674.813
50130,2018,9,1709.866
42150,2019,10,13041.2
42150,2019,10,6185.5
42150,2019,10,22412.1
42230,2019,10,23267.7
42230,2019,10,12050.1
42230,2019,10,10887.4
42230,2019,10,4145.9
50110,2018,10,13949.792
50110,2018,10,8433.527
50110,2018,8,1871.75
50110,2018,10,460.9
50110,2018,10,15193.506
50110,2018,10,9106.991
41461,2020,7,23929.3
41461,2020,7,35716.4
41461,2020,7,224037.3
41461,2020,7,67580.4
41461,2020,7,52630.2
41461,2020,7,14589.3
41461,2020,7,118139.1
41461,2020,7,34744.0
41480,2020,8,113924.0
41480,2020,8,24317.9
41480,2020,8,3754.0
41480,2020,8,24144.1
41480,2020,8,20795.4
41480,2020,8,4324.3
41480,2020,8,25520.8
41480,2020,8,56757.5
50110,2018,8,6721.889
50110,2018,10,10671.257
41461,2020,7,14489.1
41461,2020,7,80561.0
41461,2020,7,155472.8
41480,2020,8,233894.4
41480,2020,8,17512.3
41480,2020,8,52894.5
41480,2020,8,8441.8
41480,2020,8,27815.3
41480,2020,8,56561.4
41480,2020,8,111545.2
41480,2020,8,280554.3
41480,2020,8,24465.0
41480,2020,8,9081.9
41480,2020,8,114377.2
41480,2020,8,28122.6
41480,2020,8,6062.1
41480,2020,8,2890.2
41480,2020,8,86808.7
41480,2020,8,119728.5
41480,2020,8,26593.1
41480,2020,8,23332.3
41480,2020,8,749.3
41480,2020,8,7007.4
41480,2020,8,4066.9
41480,2020,8,13327.9
42230,2019,10,1964.6
42230,2019,10,10080.9
42230,2019,10,2749.8
42230,2019,10,22982.7
42230,2019,10,8275.9
42230,2019,10,10091.4
42230,2019,10,8035.1
42230,2019,10,3863.1
42230,2019,10,27058.3
42230,2019,10,2562.7
42230,2019,10,6889.5
42230,2019,10,21093.9
42230,2019,10,35747.6
42230,2019,10,17092.5
42230,2019,10,11364.2
42230,2019,10,1345.6
42230,2019,10,7819.0
42230,2019,10,1652.4
42230,2019,10,13132.3
42230,2019,10,4555.8
42230,2019,10,2226.4
42230,2019,10,7687.2
42230,2019,10,1198.4
42230,2019,10,10716.6
42230,2019,10,4807.1
42230,2019,10,34665.3
42230,2019,10,9642.0
42230,2019,10,38450.0
42230,2019,10,6991.3
42230,2019,10,6416.9
42230,2019,10,18743.2
41461,2020,7,273679.2
41461,2020,7,17230.4
41461,2020,7,51900.3
41461,2020,7,10778.1
41480,2020,8,23935.2
41480,2020,8,34601.2
41480,2020,8,8033.4
41480,2020,8,17733.7
41480,2020,8,5156.4
41480,2020,8,14283.9
41480,2020,8,5063.0
41480,2020,8,16101.4
41480,2020,8,5560.9
41480,2020,8,7231.9
41480,2020,8,36941.0
41480,2020,8,35256.3
41480,2020,8,13436.4
41480,2020,8,15690.1
41480,2020,8,195813.3
41480,2020,8,13571.3
41480,2020,8,67547.8
41480,2020,8,3324.2
41450,2020,8,2257.8
41450,2020,8,1769.8
31710,2020,7,8764.7
36110,2020,8,385.6
36110,2020,8,22621.1
36110,2020,8,22075.2
36110,2020,8,12506.5
36110,2020,8,3834.1
41111,2020,5,158.1
41131,2020,8,2323.7
41131,2020,8,3641.3
41150,2020,8,74.2
41150,2020,8,71.3
41150,2020,8,68.4
41150,2020,8,66.1
41461,2020,7,52965.9
41461,2020,7,28501.3
41461,2020,7,60052.1
41480,2020,8,4668.6
41480,2020,8,12004.3
41480,2020,8,1722.4
41480,2020,8,2158.0
41480,2020,8,8771.8
41480,2020,8,6235.7
41480,2020,8,48813.7
41480,2020,8,1912.6
41480,2020,8,3262.2
41480,2020,8,2389.3
41480,2020,8,372.3
41480,2020,8,16399.7
41150,2020,8,85.2
41150,2020,8,65.0
41150,2020,8,77.2
41150,2020,8,59.7
41150,2020,8,79.8
41150,2020,8,112.2
41150,2020,8,73.5
41150,2020,8,74.4
41150,2020,8,70.5
41150,2020,8,130.4
41150,2020,8,71.4
41150,2020,8,95.2
41150,2020,8,75.5
41150,2020,8,111.5
41150,2020,7,68.0
41150,2020,8,76.3
41461,2020,7,76523.0
41461,2020,7,71945.1
41461,2020,7,22479.8
41461,2020,7,66727.0
41461,2020,7,20440.2
41480,2020,8,18200.2
41480,2020,8,5908.0
41480,2020,8,5119.5
41480,2020,8,12743.1
41480,2020,8,8808.9
41480,2020,8,5538.6
41480,2020,8,6481.4
41480,2020,8,7363.2
41480,2020,8,4787.2
41150,2020,8,83.8
41150,2020,8,77.0
41150,2020,8,67.3
41150,2020,8,77.8
41150,2020,8,86.2
41150,2020,8,89.2
41150,2020,8,106.4
41150,2020,8,104.1
41150,2020,8,88.6
41150,2020,8,84.0
41150,2020,8,96.3
41150,2020,8,81.5
41150,2020,8,62.8
41150,2020,8,73.9
41150,2020,8,70.9
41150,2020,8,90.0
41210,2020,8,93.6
41210,2020,8,50.5
41210,2020,8,30.6
41461,2020,7,45740.5
41461,2020,7,52990.8
41461,2020,7,196668.1
41461,2020,7,159403.9
41461,2020,7,20582.7
41480,2020,8,7554.5
41480,2020,8,15065.4
41480,2020,8,2030.2
41480,2020,8,1971.1
41480,2020,8,10215.7
41480,2020,8,9444.8
41480,2020,8,486.5
41480,2020,8,13082.8
41480,2020,8,12488.4
41480,2020,8,95015.4
41480,2020,8,10265.6
41480,2020,8,6453.0
41210,2020,8,63.4
41210,2020,8,137.2
41210,2020,8,59.5
41461,2020,7,13088.2
41461,2020,7,53892.1
41480,2020,8,1540.7
41480,2020,8,11422.2
41480,2020,8,6680.2
41480,2020,8,4185.5
41480,2020,8,2616.9
41390,2020,8,97.2
41390,2020,8,71.5
41390,2020,8,78.4
41390,2020,8,58.7
41390,2020,8,66.0
41390,2020,8,79.5
41390,2020,8,69.2
41390,2020,8,83.3
41390,2020,8,121.9
41390,2020,8,22.1
41450,2020,8,108.1
41450,2020,8,689.1
41450,2020,8,190.5
41450,2020,8,758.3
41461,2020,7,23238.7
41461,2020,7,135044.5
41461,2020,7,54427.2
41461,2020,7,18293.7
41480,2020,8,7344.7
41480,2020,8,10700.9
41480,2020,8,7334.6
41480,2020,8,19577.1
41480,2020,8,15785.6
41480,2020,8,17358.8
41480,2020,8,7924.3
41480,2020,8,721.6
41210,2020,8,133.0
41210,2020,8,22.6
41210,2020,8,69.0
41210,2020,8,61.3
41210,2020,8,79.6
41210,2020,8,31.8
41210,2020,8,62.2
41210,2020,8,54.7
41210,2020,8,21.3
41210,2020,8,57.2
41210,2020,8,32.9
41210,2020,8,68.1
41210,2020,8,77.2
41210,2020,8,38.5
41461,2020,7,42640.7
41461,2020,7,91806.0
41461,2020,7,110107.7
41480,2020,8,931.7
41450,2020,8,1425.8
41450,2020,8,81.3
41450,2020,8,1795.8
41450,2020,8,4608.1
41450,2020,8,706.0
41450,2020,8,593.0
41450,2020,8,4162.2
41450,2020,8,5561.2
41450,2020,8,27938.9
41450,2020,8,1670.5
41461,2020,7,205019.4
41461,2020,7,121395.3
41461,2020,7,13976.0
41461,2020,7,26115.3
41461,2020,7,11990.9
41461,2020,7,257750.3
41461,2020,7,59275.7
41480,2020,8,11046.9
41480,2020,8,58153.3
41480,2020,8,29226.4
41480,2020,8,14582.6
41480,2020,8,4881.6
41461,2020,7,71685.4
41461,2020,7,125176.2
26290,2020,7,36044.5
26290,2020,7,47832.2
41461,2020,7,9331.6
41461,2020,7,2886.1
41461,2020,7,2593.9
41461,2020,7,59985.9
29200,2020,8,145717.3
41480,2020,8,31285.0
41480,2020,8,9165.7
26290,2020,7,23207.6
29140,2020,8,28636.5
29140,2020,8,24420.0
29140,2020,8,2269.1
29200,2020,8,66330.5
29200,2020,8,169573.6
29200,2020,8,104418.6
29200,2020,8,39389.4
29200,2020,8,264680.6
29200,2020,8,176357.0
29200,2020,8,3261.1
29200,2020,8,25644.8
29200,2020,8,157597.5
29200,2020,8,12980.4
29200,2020,8,135006.1
29200,2020,8,4056.5
29200,2020,8,165190.6
29200,2020,8,43140.7
29200,2020,8,111163.3
29200,2020,8,110276.2
29200,2020,8,4393.5
29200,2020,8,91262.4
29200,2020,8,19117.8
29200,2020,8,241246.7
43114,2017,7,4800.099
30200,2020,7,35045.2
30200,2020,7,24019.2
30200,2020,8,6257.5
30200,2020,7,7754.6
30200,2020,8,8788.5
30200,2020,8,29034.4
30230,2020,7,7594.1
30230,2020,7,6393.1
30230,2020,7,517.8
30230,2020,7,179.1
30230,2020,7,2630.6
30230,2020,7,172.5
30230,2020,7,198.5
41461,2020,7,34523.1
41461,2020,7,5412.0
41461,2020,7,53440.8
41461,2020,7,88754.7
41480,2020,8,13691.1
41480,2020,8,16536.2
41480,2020,8,788.5
41480,2020,8,8931.8
41480,2020,8,2934.9
41480,2020,8,7912.6
30200,2020,7,10821.7
41461,2020,7,22313.8
41461,2020,7,30092.3
41461,2020,7,139911.5
41461,2020,7,24050.6
41480,2020,8,15952.9
41480,2020,8,4719.4
41480,2020,8,2153.0
41480,2020,8,958.5
41480,2020,8,8801.9
41480,2020,8,3464.1
41480,2020,8,2969.5
41480,2020,8,14455.8
29200,2020,8,592009.0
50130,2019,5,2352.0
50130,2019,10,10065.098
50130,2019,9,7447.274
50130,2019,9,1585.412
50130,2019,5,32390.7
50130,2019,5,4575.6
50130,2019,5,860.5
50130,2019,5,4051.3
26110,2020,7,1251.6
26470,2020,7,4622.7
26470,2020,7,10979.9
26470,2020,7,1342.0
26470,2020,7,294.4
26470,2020,7,268.7
26470,2020,9,3482.8
26470,2020,7,5569.9
26500,2020,7,7390.5
26500,2020,7,22216.4
26500,2020,7,6210.0
26500,2020,7,12592.6
26500,2020,7,12869.1
26500,2020,7,5251.6
26710,2020,7,178673.6
29155,2020,8,1886.3
29155,2020,8,3306.6
29155,2020,8,3448.2
29155,2020,8,3620.6
29155,2020,8,5277.1
26140,2020,9,9877.6
26140,2020,7,4063.8
26170,2020,7,9608.5
26710,2020,7,1346.6
26710,2020,7,96355.6
26710,2020,7,12110.8
26710,2020,7,50339.0
29110,2020,8,5423.6
29200,2020,8,33703.1
26170,2020,7,70777.7
29200,2020,8,123979.8
29110,2020,8,12174.9
29110,2020,8,6527.2
29110,2020,8,28468.1
29110,2020,8,3722.0
29200,2020,8,239515.7
26170,2020,7,16179.0
26170,2020,7,16679.8
26170,2020,7,23326.1
29110,2020,8,20976.4
29110,2020,8,27224.3
29110,2020,8,3705.5
29110,2020,8,33456.0
29200,2020,8,2817.0
29200,2020,8,13665.1
26200,2020,7,10409.9
26200,2020,7,12049.3
26230,2020,7,3890.8
26230,2020,7,40000.8
26230,2020,7,10732.8
26230,2020,7,21051.9
26260,2020,7,22886.7
29110,2020,8,10480.9
29140,2020,8,10691.1
26260,2020,7,3592.1
26290,2020,7,2175.3
26290,2020,7,173.1
26290,2020,7,385.7
26290,2020,7,826.0
26290,2020,7,5869.1
42810,2020,8,2289.012
42830,2020,9,14673.8
42830,2020,9,44419.6
42830,2020,9,43579.9
42830,2020,9,78864.4
42830,2020,9,2759.7
42830,2020,9,13527.7
43130,2020,7,18328.7
43150,2020,8,10952.5
43150,2020,8,14178.0
43150,2020,8,842.5
43150,2020,8,8092.5
43150,2020,8,3374.0
43150,2020,8,12675.8
43150,2020,8,8732.8
43150,2020,8,5503.8
43150,2020,8,302.3
43150,2020,8,7449.6
43150,2020,8,5248.1
43150,2020,8,1994.4
43150,2020,8,4513.9
43150,2020,8,7640.2
43150,2020,8,4826.5
43150,2020,8,9709.7
43150,2020,8,39409.8
43150,2020,8,7865.1
43150,2020,8,2163.1
43150,2020,8,6656.2
43150,2020,8,7447.5
43150,2020,8,6880.1
43150,2020,8,7157.7
43150,2020,8,9115.0
43150,2020,8,7206.3
43150,2020,8,31817.3
43150,2020,8,9733.6
43150,2020,8,3522.5
43150,2020,8,7230.8
43150,2020,8,2604.0
43150,2020,8,16025.5
43150,2020,8,7239.5
43150,2020,8,1387.8
43150,2020,8,8061.0
43150,2020,8,4223.8
43150,2020,8,3458.5
43150,2020,8,21220.8
43150,2020,8,8678.6
43150,2020,8,1543.0
43150,2020,8,6356.0
43150,2020,8,8323.0
43150,2020,8,5931.2
43150,2020,8,1968.5
43150,2020,8,11983.5
43150,2020,8,6824.8
43150,2020,8,3945.2
43150,2020,8,10222.1
43150,2020,8,8659.2
43150,2020,8,15983.8
43150,2020,8,2665.9
43150,2020,8,8510.7
43150,2020,8,2277.5
43150,2020,8,8015.1
43150,2020,8,14569.1
43150,2020,8,6852.7
43150,2020,8,5286.1
43150,2020,8,19475.0
43150,2020,8,3403.8
43150,2020,8,4571.9
43150,2020,8,13087.5
43150,2020,8,4716.1
43150,2020,8,5642.9
43150,2020,8,5836.6
43150,2020,8,786.0
43150,2020,8,6811.6
43150,2020,8,14237.6
43150,2020,8,23148.7
43150,2020,8,9430.1
43150,2020,8,5784.3
43150,2020,8,5896.9
43150,2020,8,4103.4
43150,2020,8,38926.9
43150,2020,8,1162.4
43150,2020,8,6348.7
43150,2020,8,7546.6
43150,2020,8,3500.5
43150,2020,8,10783.8
43150,2020,8,2464.3
43150,2020,8,5646.1
43150,2020,8,1995.5
43150,2020,8,3348.0
43150,2020,8,8676.2
43150,2020,8,15301.8
43150,2020,8,9953.9
43150,2020,8,8335.5
43150,2020,8,31884.6
43150,2020,8,4435.8
43150,2020,8,6412.8
43150,2020,8,7124.9
43150,2020,8,9623.6
43150,2020,8,3920.2
43150,2020,8,10489.5
43150,2020,8,13784.2
43150,2020,8,3352.6
43150,2020,8,8660.4
43150,2020,8,5089.7
43150,2020,8,8348.6
43150,2020,8,2105.5
43150,2020,8,1938.9
43150,2020,8,2832.9
43150,2020,8,7028.1
43150,2020,8,6530.1
42810,2020,8,6712.774
42810,2020,8,4978.173
29200,2020,8,65530.3
29200,2020,8,28749.4
29200,2020,8,25666.2
29200,2020,8,4866.1
29200,2020,8,246458.1
29200,2020,8,94781.7
29200,2020,8,44994.6
29200,2020,8,25626.8
30110,2020,7,3225.5
30110,2020,7,2076.4
30110,2020,7,2710.5
30110,2020,7,1770.9
30110,2020,7,3040.6
30110,2020,7,3069.3
30110,2020,7,1454.4
30110,2020,7,3324.3
30140,2020,7,10649.3
30170,2020,7,45105.0
30170,2020,7,9921.5
30170,2020,7,9967.2
30170,2020,7,2287.8
30170,2020,7,2167.9
30170,2020,7,2410.3
30170,2020,7,1924.2
30170,2020,7,948.2
30170,2020,7,4776.9
30170,2020,7,58285.2
30170,2020,7,15821.9
30170,2020,7,9274.5
30170,2020,7,14048.2
30170,2020,7,18861.6
30170,2020,7,5920.0
30170,2020,7,28585.5
30110,2020,7,2192.1
50110,2019,7,177.0
50110,2019,9,68.3
50110,2019,10,217.2
50110,2019,10,57.8
50110,2019,10,107.3
50110,2019,9,283.6
50110,2019,10,258.9
50110,2019,9,216.5
50110,2019,10,88.2
50110,2019,10,457.7
50110,2019,9,231.2
50110,2019,10,1332.7
50110,2019,7,237.2
29140,2020,8,5908.6
29140,2020,8,3599.8
29140,2020,8,102090.1
29200,2020,8,243644.7
50110,2019,9,322.6
50110,2019,10,684.9
50110,2019,9,42.7
50110,2019,9,271.2
50110,2019,10,855.2
50110,2019,9,201.5
50110,2019,9,263.6
50110,2019,10,129.6
50110,2019,10,455.2
50110,2019,9,234.3
50110,2019,10,426.9
50110,2019,9,821.1
50110,2019,10,501.0
50110,2019,10,228.6
50110,2019,7,3821.1
50110,2019,7,1786.2
50110,2019,10,99.4
50110,2019,7,53.6
26350,2020,7,15023.1
26350,2020,7,44787.3
29140,2020,8,14030.5
29140,2020,8,132867.5
50110,2019,10,145.6
50110,2019,9,191.4
50110,2019,9,231.0
50110,2019,9,735.7
50110,2019,7,4932.4
26290,2020,7,24295.7
26290,2020,7,24295.8
29200,2020,8,9243.2
50110,2019,7,76.6
50110,2019,7,284.3
50110,2019,10,798.8
50110,2019,9,416.1
50110,2019,10,601.5
50110,2019,9,1403.2
50110,2019,10,2041.0
50110,2019,9,1036.8
50110,2019,8,106.1
50110,2019,7,225.4
50110,2019,7,108.9
50130,2019,10,3488.201
50130,2019,10,1622.964
50130,2019,10,12981.412
26350,2020,7,947.5
26350,2020,7,85440.0
26350,2020,7,130236.8
26350,2020,7,1726.3
26350,2020,7,129073.4
26410,2020,7,5762.0
29140,2020,8,15669.6
29200,2020,8,502876.4
50130,2019,10,2252.056
50130,2019,10,2451.916
50130,2019,10,5133.339
50130,2019,10,2223.028
50130,2019,10,1938.116
50130,2019,10,4169.576
50130,2019,10,5641.2
50130,2019,10,1283.789
50130,2019,5,44561.3
26410,2020,7,4494.6
26410,2020,7,8045.2
26410,2020,7,3607.7
26410,2020,7,2535.6
26440,2020,7,66404.2
43150,2020,8,3672.0
26440,2020,7,12067.6
26470,2020,9,226.8
26470,2020,9,1777.5
26470,2020,9,735.7
29140,2020,8,509214.0
29200,2020,8,1083.9
50130,2019,9,5121.9
50130,2019,9,9991.079
50130,2019,9,11051.663
50130,2019,9,13493.84
50130,2019,5,10866.2
50130,2019,5,3206.5
50130,2019,5,6061.5
50130,2019,9,8592.723
50130,2019,5,9083.3
41480,2020,8,30318.4
41480,2020,8,4907.3
30170,2020,7,13667.4
30170,2020,7,21694.6
30170,2020,7,22952.3
30170,2020,7,6765.0
30170,2020,7,2458.3
30170,2020,7,11674.7
30170,2020,7,27955.8
30170,2020,7,27894.5
30170,2020,7,32091.4
41461,2020,7,57670.4
41461,2020,7,27574.8
41461,2020,7,58139.2
41480,2020,8,1807.9
30170,2020,7,21755.7
30170,2020,7,71607.5
30170,2020,7,25502.1
30170,2020,7,34978.8
30170,2020,7,4501.2
30170,2020,7,36126.7
30170,2020,7,27697.4
30170,2020,7,18152.8
30170,2020,7,17235.9
41461,2020,7,23335.9
41461,2020,7,63297.3
41480,2020,8,5348.9
41480,2020,8,23629.0
41480,2020,8,4471.1
41480,2020,8,1244.4
41480,2020,8,671.4
41480,2020,8,4080.7
30170,2020,7,20092.4
30170,2020,7,11779.0
30170,2020,7,29759.5
30200,2020,7,3681.6
30200,2020,7,28924.9
30200,2020,7,11992.0
26470,2020,9,296.9
26470,2020,9,1448.5
26470,2020,7,8617.4
29140,2020,8,39243.8
41500,2020,8,622473.2
41630,2020,8,11845.2
41670,2020,7,11642.9
41670,2020,7,59284.4
41670,2020,8,3604.0
41670,2020,7,54586.0
41670,2020,7,66366.1
41670,2020,8,16623.6
41670,2020,8,2075.6
41670,2020,8,2732.0
42810,2020,9,74251.96
42780,2020,8,1.6995304e+06
42790,2020,8,7003.8
42790,2020,8,55483.5
42810,2020,9,6992.334
42810,2020,8,1691.394
42810,2020,9,21511.344
42810,2020,8,185428.08
42810,2020,8,8983.149
42810,2020,8,4801.626
42810,2020,8,24305.787
42810,2020,9,3882.53
42810,2020,8,4662.403
42810,2020,8,2309.126
42810,2020,9,14283.101
42810,2020,8,3039.77
42810,2020,8,8795.083
42810,2020,9,3065.365
42810,2020,9,8092.052
42810,2020,8,35676.91
42810,2020,8,5530.724
42810,2020,9,5764.997
42810,2020,9,1804.811
42810,2020,9,1517.654
42810,2020,8,33080.67
42810,2020,8,6395.111
42810,2020,8,11253.132
42810,2020,8,1123.201
42810,2020,8,5830.94
42810,2020,8,5898.728
42810,2020,8,23479.492
42810,2020,8,1480.298
42810,2020,8,22887.807
42810,2020,8,115962.76
42810,2020,8,35657.02
42810,2020,8,4283.784
42810,2020,8,2821.858
42810,2020,8,13216.058
42810,2020,8,14191.487
42810,2020,8,2020.803
42810,2020,8,13276.613
42810,2020,8,12452.997
42810,2020,8,10357.578
42810,2020,8,1722.791
42810,2020,8,937.529
42810,2020,8,14523.709
42810,2020,8,7115.13
42810,2020,8,4078.381
42810,2020,8,4582.02
42810,2020,8,3802.196
42810,2020,8,14382.049
42810,2020,8,3717.907
42810,2020,8,11313.17
42810,2020,8,10893.559
42810,2020,9,9938.701
42810,2020,9,4048.346
42810,2020,8,6001.381
42810,2020,8,5844.159
42810,2020,8,29947.836
41480,2020,8,2376.9
42810,2020,8,46506.37
42810,2020,8,56345.84
42810,2020,8,2613.688
41480,2020,8,31808.0
41480,2020,8,18171.4
41500,2020,8,185173.9
41500,2020,8,28928.0
41500,2020,8,16303.6
41550,2020,8,1090.6
41550,2020,8,3602.5
41670,2020,7,9759.1
41670,2020,8,12151.6
41670,2020,7,15928.0
41670,2020,7,92662.1
41670,2020,7,18840.1
41670,2020,8,5040.3
41670,2020,7,18768.1
41550,2020,8,304735.9
41480,2020,8,1953.0
41550,2020,8,295182.4
41550,2020,8,291264.8
41550,2020,8,476.1
41670,2020,8,80217.5
41670,2020,7,9908.1
41670,2020,7,2590.5
41800,2020,8,8030.1
41800,2020,8,111183.5
41800,2020,8,11461.7
41480,2020,8,680.8
41480,2020,8,15220.9
41480,2020,8,2908.9
41480,2020,8,13241.2
41480,2020,8,4205.8
41480,2020,8,6143.1
41550,2020,8,149104.7
41550,2020,8,352.6
41550,2020,8,342.4
41550,2020,8,56109.5
41800,2020,8,47642.0
41800,2020,8,17875.4
41820,2020,8,1096.4
41820,2020,8,153.1
41820,2020,8,493.2
41830,2020,8,416.1
41480,2020,8,5632.9
41550,2020,8,564.0
41550,2020,8,2728.9
41550,2020,8,2955.9
41550,2020,8,2875.9
41550,2020,8,662.3
41550,2020,8,246.1
41550,2020,8,4964.1
41550,2020,8,1459.3
41830,2020,8,168.0
41830,2020,8,388.7
41830,2020,8,74.9
41830,2020,8,2984.8
41830,2020,8,76.4
42110,2020,8,6242.9
42110,2020,8,4645.1
42110,2020,8,11823.1
42110,2020,8,7748.3
42110,2020,8,2550.4
42110,2020,8,8656.6
42110,2020,8,8528.8
42110,2020,8,61342.6
42110,2020,8,2708.6
42110,2020,8,1740.4
42110,2020,8,117931.3
41480,2020,8,7229.1
41550,2020,8,90040.8
41550,2020,8,1809.7
41550,2020,8,631.1
41550,2020,8,718.9
41590,2020,8,85.8
41590,2020,8,377.2
41590,2020,8,102.2
41610,2020,8,84.8
41610,2020,8,161.7
41610,2020,8,106.8
41610,2020,8,77.4
41610,2020,8,107.5
41610,2020,8,417.3
41610,2020,8,168.8
41610,2020,8,159.5
41610,2020,8,248.1
41610,2020,8,305.9
41610,2020,8,550.4
42110,2020,8,26092.8
42110,2020,8,57385.3
42110,2020,8,1978.1
42110,2020,8,7642.7
42110,2020,8,9206.7
42110,2020,8,1558.3
42110,2020,8,2587.9
42110,2020,8,29955.5
42110,2020,8,2970.7
42810,2020,8,58236.293
43130,2020,8,114167.6
42810,2020,8,2850.969
43150,2020,8,9424.6
42810,2020,8,2863.48
43130,2020,7,45093.7
43130,2020,8,40235.1
43130,2020,8,46059.2
43130,2020,8,482500.2
43150,2020,8,5886.5
43150,2020,8,10434.3
43150,2020,8,10386.6
43150,2020,8,11766.6
43150,2020,8,2085.3
43150,2020,8,14280.0
43150,2020,8,7285.4
43150,2020,8,14874.3
43150,2020,8,9273.8
43150,2020,8,4433.9
43150,2020,8,6377.0
43150,2020,8,3094.9
43150,2020,8,2771.1
43150,2020,8,14390.7
43150,2020,8,8955.6
42810,2020,8,10407.24
42810,2020,8,2772.16
42810,2020,8,45931.82
43130,2020,8,31223.3
43150,2020,8,11808.2
43150,2020,8,1462.7
43150,2020,8,1464.4
43150,2020,8,2914.3
43150,2020,8,8934.0
43150,2020,8,3117.6
43150,2020,8,4740.5
43150,2020,8,5371.3
26470,2020,7,1872.2
26470,2020,7,384.9
26470,2020,7,735.6
43150,2020,8,59911.6
43150,2020,8,9108.5
26470,2020,7,10883.6
43150,2020,8,7281.3
43150,2020,8,3519.9
42810,2020,8,26556.836
42810,2020,8,65781.99
42810,2020,8,3477.832
42810,2020,8,4355.488
43130,2020,8,21771.3
43150,2020,8,12258.3
43150,2020,8,3495.5
43150,2020,8,4531.3
26470,2020,7,2610.2
43150,2020,8,5106.3
43150,2020,8,12373.8
43150,2020,8,4586.7
43150,2020,8,4725.3
43150,2020,8,2994.1
43150,2020,8,17672.2
43150,2020,8,9718.1
42810,2020,8,2796.304
42810,2020,8,22188.42
42810,2020,8,59583.066
42810,2020,8,6233.112
43130,2020,8,91556.6
43130,2020,8,76328.9
43150,2020,8,7414.7
43150,2020,8,9278.5
43150,2020,8,7317.7
43150,2020,8,4577.3
43150,2020,8,2651.4
43150,2020,8,10881.6
42810,2020,8,38906.277
42810,2020,8,18903.523
42810,2020,9,12867.809
43150,2020,8,5518.1
43150,2020,8,12308.7
43150,2020,8,1263.6
43150,2020,8,6898.9
43150,2020,8,15184.5
43150,2020,8,5737.4
43150,2020,8,3791.3
43150,2020,8,3105.6
43150,2020,8,2208.1
43150,2020,8,14653.0
43150,2020,8,20675.3
43150,2020,8,4099.0
43150,2020,8,9517.1
43150,2020,8,10002.5
43130,2020,8,97435.5
43150,2020,8,9036.7
43150,2020,8,12240.1
42810,2020,8,31607.451
42810,2020,8,93147.35
42810,2020,8,25378.6
43150,2020,8,9362.8
43150,2020,8,6942.7
43150,2020,8,869.9
43150,2020,8,5057.2
43150,2020,8,7974.3
43150,2020,8,11337.7
43150,2020,8,3537.4
43150,2020,8,7174.4
43150,2020,8,3815.3
43150,2020,8,9938.5
43150,2020,8,5020.5
43150,2020,8,7118.0
43150,2020,8,4012.4
43150,2020,8,11436.1
42810,2020,8,33135.57
42810,2020,8,7358.641
42810,2020,8,17069.672
42810,2020,8,26327.105
42810,2020,8,1593.842
43130,2020,8,33018.6
43150,2020,8,5017.4
43150,2020,8,1198.3
43150,2020,8,7889.0
43150,2020,8,13526.4
43150,2020,8,7119.7
43150,2020,8,4318.4
43150,2020,8,6479.5
43150,2020,8,3846.5
43150,2020,8,14265.7
43150,2020,8,3522.6
43150,2020,8,4345.5
43150,2020,8,6066.4
43150,2020,8,10992.7
43150,2020,8,11773.4
43150,2020,8,8855.4
42810,2020,8,10828.624
42810,2020,8,22414.018
42810,2020,8,8608.851
50130,2019,5,2174.0
50130,2019,10,13781.868
26470,2020,9,7681.9
26470,2020,7,16914.0
26470,2020,9,526.5
26470,2020,9,4012.1
26470,2020,7,8845.2
26470,2020,7,10722.3
26470,2020,7,791.1
26470,2020,7,3313.6
26470,2020,7,3233.4
26470,2020,7,3116.8
26470,2020,7,96.0
26470,2020,7,20990.5
26470,2020,7,2482.3
26470,2020,9,630.4
26110,2020,7,17175.5
50130,2019,10,7582.409
50130,2019,10,1952.527
50130,2019,5,4807.4
50130,2019,5,5015.3
50130,2019,5,16096.3
50130,2019,5,2007.8
50130,2019,10,14408.934
50130,2019,5,969.4
50130,2019,5,4217.0
50130,2019,9,1446.945
50130,2019,10,10751.985
50130,2019,5,2554.4
50130,2019,5,1683.3
26470,2020,7,152.2
26470,2020,7,193.4
26470,2020,9,8259.6
26470,2020,9,1732.0
26470,2020,7,1793.5
26470,2020,9,325.2
29140,2020,8,16012.5
29155,2020,8,21712.0
29200,2020,8,9509.0
43150,2020,8,2024.5
43150,2020,8,20779.1
43150,2020,8,7208.2
43150,2020,8,12732.0
43150,2020,8,5715.9
43150,2020,8,597.5
43150,2020,8,11835.1
43150,2020,8,2315.4
43150,2020,8,5583.6
43150,2020,8,2543.6
43150,2020,8,9414.2
41480,2020,8,4301.8
41500,2020,8,15366.2
41500,2020,8,157861.1
44133,2020,8,5751.4
44133,2020,8,10027.1
44133,2020,8,12666.1
45710,2020,7,19519.1
45710,2020,7,4182.3
45720,2020,8,87643.2
45720,2020,8,18070.9
45720,2020,8,20837.4
45720,2020,8,193278.6
43150,2020,8,5240.9
43150,2020,8,8744.3
43150,2020,8,9210.1
43150,2020,8,16531.6
43150,2020,8,4633.2
43150,2020,8,12757.8
43150,2020,8,7047.5
43150,2020,8,5547.9
43150,2020,8,6309.6
43150,2020,8,3395.9
43150,2020,8,6902.7
43150,2020,8,1137.7
43150,2020,8,1373.3
43150,2020,8,2196.6
43150,2020,8,8976.5
43150,2020,8,4955.0
43150,2020,8,8516.1
43150,2020,8,9760.7
43150,2020,8,11456.5
43150,2020,8,7038.4
43150,2020,8,2167.1
43150,2020,8,18147.3
43150,2020,8,3228.7
43150,2020,8,5066.4
43150,2020,8,3508.6
43150,2020,8,8258.7
43150,2020,8,9232.8
43150,2020,8,4331.1
43150,2020,8,968.9
43150,2020,8,7188.5
43150,2020,8,5138.0
43150,2020,8,10421.5
43150,2020,8,4178.2
43150,2020,8,14743.9
43150,2020,8,7312.9
43150,2020,8,2407.1
43150,2020,8,10935.9
43150,2020,8,5762.8
43150,2020,8,10384.2
43150,2020,8,11321.8
43150,2020,8,8690.7
43150,2020,8,5832.5
43150,2020,8,2118.1
43150,2020,8,7641.8
43150,2020,8,3218.2
46710,2020,8,74591.3
43150,2020,8,16190.5
43150,2020,8,4729.0
43150,2020,8,6655.5
43150,2020,8,2428.5
43150,2020,8,5811.2
43150,2020,8,2571.9
43150,2020,8,6071.5
43150,2020,8,7174.6
43150,2020,8,11641.7
43150,2020,8,9660.1
43150,2020,8,5387.2
43150,2020,8,8031.5
43150,2020,8,7189.0
43150,2020,8,4794.4
43150,2020,8,8223.8
43150,2020,8,2794.9
43150,2020,8,10376.0
43150,2020,8,10938.7
43150,2020,8,4971.9
43150,2020,8,5844.1
43150,2020,8,9509.8
43150,2020,8,6077.6
43150,2020,8,6965.3
43150,2020,8,5069.7
43150,2020,8,3360.9
43150,2020,8,5407.8
43150,2020,8,4413.2
43150,2020,8,8633.5
43150,2020,8,2404.0
43150,2020,8,2983.8
43150,2020,8,6921.3
43150,2020,8,1336.7
43150,2020,8,1713.5
43150,2020,8,2250.1
43150,2020,8,8060.9
43150,2020,8,2030.5
43150,2020,8,5420.2
43150,2020,8,11511.3
43150,2020,8,19028.6
43150,2020,8,20190.9
43150,2020,8,6603.6
43150,2020,8,5504.6
43150,2020,8,3440.0
43150,2020,8,7700.2
43150,2020,8,14111.4
43150,2020,8,4133.6
43150,2020,8,10255.5
43150,2020,8,9423.5
43150,2020,8,8151.4
43150,2020,8,4466.1
43150,2020,8,4560.5
43150,2020,8,3799.8
43150,2020,8,2126.5
43150,2020,8,3108.9
43150,2020,8,17461.2
43150,2020,8,4691.6
43150,2020,8,6857.9
43150,2020,8,4634.9
43150,2020,8,6954.0
43150,2020,8,4112.9
43150,2020,8,12130.8
43150,2020,8,11521.9
43150,2020,8,3216.4
43150,2020,8,10872.7
43150,2020,8,8191.8
43150,2020,8,3457.9
43150,2020,8,7071.7
43150,2020,8,1443.1
43150,2020,8,2207.4
43150,2020,8,9801.3
43150,2020,8,3373.2
43150,2020,8,8083.7
43150,2020,8,4586.9
43150,2020,8,12476.2
43150,2020,8,11967.4
43150,2020,8,456.7
43150,2020,8,6202.1
43150,2020,8,5604.2
43150,2020,8,6350.9
43150,2020,8,8879.0
43150,2020,8,3392.8
43150,2020,8,6431.0
43150,2020,8,11947.4
43150,2020,8,7178.3
43150,2020,8,5586.0
43150,2020,8,8611.5
43150,2020,8,3995.2
43150,2020,8,9539.4
43150,2020,8,5557.4
43150,2020,8,13923.1
43150,2020,8,2773.9
43150,2020,8,3479.8
43150,2020,8,2351.7
43150,2020,8,5600.3
43150,2020,8,5485.9
43150,2020,8,3077.0
43150,2020,8,7513.9
43150,2020,8,8446.5
43150,2020,8,895.2
43150,2020,8,3061.6
43150,2020,8,8660.3
43150,2020,8,8465.1
43150,2020,8,3574.2
43150,2020,8,8547.4
43150,2020,8,6899.0
43150,2020,8,14335.9
43150,2020,8,9334.0
43150,2020,8,6682.7
43150,2020,8,6090.4
43150,2020,8,9310.2
43150,2020,8,2623.9
43150,2020,8,1484.2
43150,2020,8,644.1
43150,2020,8,2834.0
43150,2020,8,3305.3
43150,2020,8,8944.4
43150,2020,8,3369.6
43150,2020,8,4629.2
43150,2020,8,7306.7
43150,2020,8,1769.6
43150,2020,8,8532.8
43150,2020,8,3944.0
43150,2020,8,1060.4
43150,2020,8,8896.8
43150,2020,8,1102.8
43150,2020,8,2703.8
43150,2020,8,2765.8
43150,2020,8,5857.4
43150,2020,8,2652.4
43150,2020,8,7328.4
43150,2020,8,5791.9
43150,2020,8,10659.0
43150,2020,8,1615.7
43150,2020,8,6506.0
43150,2020,8,1850.1
43150,2020,8,8282.5
43150,2020,8,4371.1
43150,2020,8,3845.9
43150,2020,8,7197.7
43150,2020,8,5809.7
43150,2020,8,4662.2
43150,2020,8,7385.7
43150,2020,8,4327.8
43150,2020,8,4442.2
43150,2020,8,2778.8
43150,2020,8,1500.2
43150,2020,8,3499.1
43150,2020,8,6058.8
43150,2020,8,5638.5
43150,2020,8,3774.6
43150,2020,8,3401.3
43150,2020,8,2166.4
43150,2020,8,5761.6
43150,2020,8,1801.1
43150,2020,8,4943.7
43150,2020,8,3418.2
43150,2020,8,12555.5
43150,2020,8,8953.0
43150,2020,8,12945.5
43150,2020,8,2346.6
43150,2020,8,1692.9
43150,2020,8,19773.4
43150,2020,8,3748.4
43150,2020,8,6736.1
43150,2020,8,4194.8
43150,2020,8,4642.1
43150,2020,8,8746.2
43150,2020,8,3376.1
43150,2020,8,12497.2
43150,2020,8,3593.2
43150,2020,8,3539.1
43150,2020,8,3718.3
43150,2020,8,1697.5
43150,2020,8,8632.5
43150,2020,8,6530.8
43150,2020,8,3652.9
43150,2020,8,4448.1
43150,2020,8,2509.0
43150,2020,8,4132.1
43150,2020,8,10205.3
43150,2020,8,5299.6
43150,2020,8,3705.5
43150,2020,8,4782.3
43150,2020,8,5365.6
43150,2020,8,9162.7
43150,2020,8,11289.8
43150,2020,8,9423.8
43150,2020,8,4444.1
43150,2020,8,891.2
43150,2020,8,3898.7
43150,2020,8,4772.5
43150,2020,8,3507.9
43150,2020,8,5783.3
43150,2020,8,5562.6
43150,2020,8,7487.0
43150,2020,8,5933.3
43150,2020,8,4912.8
43150,2020,8,1966.0
43150,2020,8,5017.2
43150,2020,8,1552.9
43150,2020,8,6292.4
43150,2020,8,3837.2
43150,2020,8,3795.3
43150,2020,8,8590.6
43150,2020,8,3059.9
43150,2020,8,2745.7
43150,2020,8,8642.2
43150,2020,8,3440.5
43150,2020,8,18111.9
43150,2020,8,16859.1
43150,2020,8,8594.0
43150,2020,8,11668.5
43150,2020,8,5424.5
43150,2020,8,8700.2
43150,2020,8,5258.4
46230,2020,8,386127.9
43150,2020,8,11481.0
43150,2020,8,5553.5
43150,2020,8,7335.6
43150,2020,8,1738.9
43150,2020,8,10367.9
43150,2020,8,15600.5
43150,2020,8,14950.6
43150,2020,8,11401.8
43150,2020,8,5880.8
43150,2020,8,2688.0
46710,2020,8,1.0850226e+06
46710,2020,8,85717.6
46720,2020,8,1.8087219e+06
46710,2020,8,229774.9
46710,2020,8,341892.3
46710,2020,8,57125.8
46710,2020,8,566909.1
46710,2020,8,48116.5
46710,2020,8,54360.8
46710,2020,8,6756.5
46710,2020,8,35415.7
46710,2020,8,35063.1
46720,2020,8,76830.1
44131,2020,8,6470.4
44131,2020,8,20427.5
44131,2020,8,33006.5
44810,2020,8,26052.1
44810,2020,8,8693.0
44810,2020,8,43205.7
44810,2020,8,5007.6
44810,2020,8,13416.4
44810,2020,8,20574.0
43750,2020,8,15091.7
43750,2020,9,27106.9
43760,2020,7,10833.0
43760,2020,7,4989.5
43760,2020,7,3415.5
43760,2020,7,2632.1
43760,2020,7,4259.4
43760,2020,7,12748.1
43760,2020,7,6717.6
43760,2020,7,10265.1
43760,2020,7,4001.4
43760,2020,7,4996.7
43800,2020,8,24913.6
43800,2020,8,3731.4
43800,2020,8,8266.6
43800,2020,8,14183.5
43800,2020,8,19321.4
43800,2020,8,18394.0
43800,2020,8,1421.2
44131,2020,8,35006.8
44131,2020,8,355814.0
44131,2020,8,43333.0
44131,2020,8,79195.5
45190,2020,8,343353.3
45190,2020,8,181779.6
45190,2020,8,2.1305382e+06
43760,2020,7,2652.2
43760,2020,7,5215.6
43760,2020,7,4846.1
43760,2020,7,5985.1
43760,2020,7,41220.7
43760,2020,7,8652.2
43770,2020,8,649.1
43770,2020,8,7988.2
43770,2020,8,5044.4
43800,2020,8,9017.5
43800,2020,8,10277.1
43800,2020,8,4973.9
43800,2020,8,15641.8
43800,2020,8,7660.1
43800,2020,8,7260.9
43800,2020,8,7759.7
43800,2020,8,3089.7
44131,2020,8,124121.9
44131,2020,8,29839.4
44131,2020,8,255689.6
45710,2020,7,12352.0
45710,2020,7,29531.9
45710,2020,7,4293.7
43770,2020,8,3605.0
43770,2020,8,13317.7
43770,2020,8,2479.4
43770,2020,8,9755.1
43800,2020,8,29347.5
43800,2020,8,3870.0
43800,2020,8,715.6
43800,2020,8,17020.6
43800,2020,8,22401.3
43800,2020,8,11784.7
44133,2020,8,39254.5
44133,2020,8,110517.4
44133,2020,8,66236.9
43150,2020,8,5272.9
43150,2020,8,3014.0
43150,2020,8,11253.5
43150,2020,8,5592.1
43150,2020,8,1684.5
43150,2020,8,3981.0
43150,2020,8,9994.8
43150,2020,8,1654.0
43150,2020,8,5344.5
43150,2020,8,1787.4
43150,2020,8,4963.5
43150,2020,8,4539.8
43150,2020,8,2415.8
43150,2020,8,23582.8
43150,2020,8,3080.3
45710,2020,7,6821.5
45710,2020,7,6946.8
45710,2020,7,27328.9
45710,2020,7,14127.6
45710,2020,7,5024.3
45710,2020,7,3477.3
45710,2020,7,6792.6
45710,2020,7,5770.1
43770,2020,8,7784.4
43770,2020,8,3898.5
43770,2020,8,4678.8
43770,2020,8,9154.4
43770,2020,8,5604.8
43770,2020,8,2518.1
43150,2020,8,1962.9
43150,2020,8,2722.0
43150,2020,8,5498.2
43150,2020,8,8256.7
43150,2020,8,6523.5
43150,2020,8,1233.2
43150,2020,8,1811.5
43150,2020,8,5777.2
43150,2020,8,8296.0
43730,2020,7,246987.8
43150,2020,8,10486.4
43150,2020,8,10514.4
43150,2020,8,3469.3
43150,2020,8,7061.8
43150,2020,8,3556.4
43150,2020,8,5632.0
43150,2020,8,10594.0
43150,2020,8,13627.1
43150,2020,8,6484.0
43730,2020,7,296998.1
43150,2020,8,4804.4
43150,2020,8,3410.4
43730,2020,7,31631.8
43730,2020,7,6056.0
43730,2020,7,45034.8
43730,2020,7,37306.0
43740,2020,8,13288.1
43740,2020,8,4879.3
43740,2020,8,9815.5
43740,2020,8,9259.9
43740,2020,8,35245.8
43740,2020,8,7989.4
43740,2020,8,11977.0
43740,2020,8,30163.5
43740,2020,8,937.6
43740,2020,8,3546.6
43740,2020,8,4808.7
43740,2020,8,3987.2
43740,2020,8,3877.7
43740,2020,8,12559.1
43740,2020,8,3625.6
43740,2020,8,40523.7
43740,2020,8,4736.8
43740,2020,8,7176.1
43740,2020,8,5226.3
43740,2020,8,2389.3
43740,2020,8,4253.5
43740,2020,8,1482.4
43740,2020,8,36458.4
43740,2020,8,20992.9
43740,2020,8,52755.3
43740,2020,8,1006.7
43740,2020,8,3506.0
43740,2020,8,2080.8
43740,2020,8,58916.6
43740,2020,8,29118.7
43740,2020,8,9869.4
43740,2020,8,9477.6
43740,2020,8,3208.1
43740,2020,8,2352.6
43740,2020,8,4838.6
43740,2020,8,49590.0
43740,2020,8,994.4
43740,2020,8,20686.9
43740,2020,8,1743.0
43740,2020,8,16317.0
43740,2020,8,42565.6
43740,2020,8,4611.1
43740,2020,8,2201.0
43740,2020,8,4740.0
43740,2020,8,60430.1
43740,2020,8,984.4
43740,2020,8,20313.7
43740,2020,8,1336.9
43740,2020,8,78619.1
43740,2020,8,8594.9
43740,2020,8,7130.1
43740,2020,8,3017.3
43740,2020,8,7408.0
43740,2020,8,7338.8
43740,2020,8,835.8
43740,2020,8,10176.0
43740,2020,8,1079.8
43740,2020,8,3730.9
43740,2020,8,2611.8
43740,2020,8,6388.5
43740,2020,8,14111.6
43740,2020,8,3000.3
43800,2020,8,34439.2
43800,2020,8,1798.1
43800,2020,8,19048.4
44133,2020,8,15657.3
45720,2020,8,4074.7
45720,2020,8,13374.2
45720,2020,8,3388.7
45720,2020,8,2314.0
45730,2020,9,354.64822
45730,2020,7,102858.38
45730,2020,8,69825.766
45730,2020,9,18061.94
45730,2020,9,24281.53
45730,2020,8,22906.773
45730,2020,9,4862.5
45730,2020,8,40350.14
45730,2020,8,4375.111
45730,2020,8,8935.25
45730,2020,8,5278.5806
45730,2020,9,9587.5
45730,2020,7,3018.5771
45730,2020,7,8708.46
45730,2020,8,237.5
45730,2020,7,1051.0444
45730,2020,9,1612.5
45730,2020,8,23.52941
45730,2020,8,8376.321
45730,2020,8,3147.3706
45730,2020,7,11895.045
45730,2020,8,78.92429
45730,2020,7,6624.9575
45730,2020,8,1269.0654
45730,2020,8,126742.06
45730,2020,7,8126.0435
45730,2020,8,8191.6245
45730,2020,8,850.0
45730,2020,7,2977.3657
45730,2020,9,1062.5
45730,2020,8,48.06133
43150,2020,8,3536.9
43150,2020,8,3649.2
43150,2020,8,6492.4
43150,2020,8,7797.6
43150,2020,8,11187.0
43150,2020,8,2318.0
43150,2020,8,26707.5
43150,2020,8,11534.7
43150,2020,8,3437.8
43150,2020,8,4164.3
45730,2020,8,425.0
45730,2020,8,6600.0
45730,2020,9,44904.336
45730,2020,7,26598.459
45730,2020,8,700.0
45730,2020,8,3.89404
45730,2020,8,38646.066
45730,2020,8,6562.2666
45730,2020,8,2819.8757
45730,2020,8,146996.62
45730,2020,8,88263.75
45730,2020,7,537.2341
45730,2020,8,4426.885
45730,2020,8,5.2118
45730,2020,8,4751.2036
45730,2020,7,8662.5
45730,2020,8,2162.5
45730,2020,8,1337.5
45730,2020,7,332.15372
45730,2020,8,9495.35
45730,2020,9,179.05132
45730,2020,8,16978.83
45730,2020,8,23.18238
45730,2020,7,79586.77
45730,2020,8,18120.27
45730,2020,8,6509.9326
45730,2020,7,32021.193
45730,2020,9,75509.44
45730,2020,7,6807.43
45730,2020,9,27032.094
45730,2020,8,552.76904
45730,2020,9,27012.5
45730,2020,8,9958.785
45730,2020,9,412.5
45730,2020,8,6985.7983
45730,2020,8,291.56937
45730,2020,8,97444.555
45730,2020,8,2305.3838
45730,2020,9,28075.0
45730,2020,8,18586.969
45730,2020,7,3106.8867
45730,2020,8,75.0
45730,2020,8,2699.758
45730,2020,9,8208.345
45730,2020,7,24081.695
45730,2020,8,7401.8203
45730,2020,8,73015.914
45730,2020,9,193977.98
45730,2020,9,40346.562
45730,2020,9,30535.738
45730,2020,8,3236.5676
45730,2020,7,9777.188
45730,2020,9,178754.31
45730,2020,7,21842.006
45730,2020,8,75120.445
45730,2020,8,8293.037
45730,2020,8,460.63855
45730,2020,8,15.32684
45730,2020,8,31200.0
45730,2020,7,29139.783
45730,2020,8,98070.875
45730,2020,8,2146.4817
45730,2020,8,2712.5
45730,2020,8,86.95509
43740,2020,8,61217.4
43740,2020,8,11756.1
43740,2020,8,14850.8
43740,2020,8,1490.5
43740,2020,8,11520.5
43740,2020,8,65650.6
43770,2020,8,3549.6
43150,2020,8,4933.5
43150,2020,8,7689.4
43150,2020,8,2035.4
43770,2020,8,7261.3
43770,2020,8,265.5
43800,2020,8,26677.4
43800,2020,8,13695.9
43800,2020,8,304.9
43800,2020,8,37294.5
43150,2020,8,2922.4
43800,2020,8,624.0
43800,2020,8,16391.4
44133,2020,8,8060.1
44200,2020,8,42058.9
44200,2020,8,9070.0
44200,2020,8,16521.3
44200,2020,8,100313.6
44200,2020,8,38758.3
43740,2020,8,52424.4
43740,2020,8,2138.0
43740,2020,8,21643.3
43740,2020,8,15103.3
43740,2020,8,8339.2
43740,2020,8,5434.3
43740,2020,8,70072.5
43800,2020,8,67934.1
43800,2020,8,15553.6
43800,2020,8,3017.6
43800,2020,8,1599.9
43800,2020,8,2753.4
44200,2020,8,62736.4
44200,2020,8,47480.6
44230,2020,7,12898.1
44230,2020,7,18817.9
44230,2020,7,8537.5
43800,2020,8,82627.2
44230,2020,7,8333.1
44230,2020,7,13780.0
44230,2020,7,8624.3
44230,2020,7,13057.6
44230,2020,7,16221.9
43150,2020,8,4048.5
43150,2020,8,1351.8
43150,2020,8,10792.3
43150,2020,8,3308.8
43740,2020,8,10606.8
43740,2020,8,10538.5
43740,2020,8,3112.1
43740,2020,8,1941.8
43740,2020,8,7478.6
43740,2020,8,1454.5
43740,2020,8,2273.7
43740,2020,8,3478.2
43740,2020,8,2253.0
43800,2020,8,4489.1
43800,2020,8,1565.5
43800,2020,8,3396.7
43800,2020,8,6719.0
43800,2020,8,7338.6
43800,2020,8,12560.4
43800,2020,8,8672.9
43800,2020,8,11900.0
44230,2020,7,10779.9
44230,2020,7,13511.6
43800,2020,8,8875.6
43800,2020,8,16170.0
43800,2020,8,7980.4
43800,2020,8,13728.8
43800,2020,8,3517.3
43800,2020,8,34040.2
43800,2020,8,8245.2
44230,2020,7,17906.6
44230,2020,7,19473.5
44230,2020,7,5158.1
44230,2020,7,15007.2
44270,2020,9,3123.5437
44270,2020,9,2900.4075
44270,2020,9,4025.23
44270,2020,9,3420.5745
44270,2020,9,2018.5323
44270,2020,9,2988.974
44270,2020,9,4270.638
44270,2020,9,3441.0024
44270,2020,9,1786.5935
44270,2020,9,2863.9783
43740,2020,8,1174.6
43740,2020,8,3451.5
43740,2020,8,730.2
43740,2020,8,6251.0
43740,2020,8,1043.0
43740,2020,8,1790.2
43740,2020,8,5944.6
43740,2020,8,14410.0
43740,2020,8,917.8
43740,2020,8,1019.4
43800,2020,8,9044.0
43800,2020,8,13454.4
43800,2020,8,3599.5
43800,2020,8,24009.9
43800,2020,8,4717.1
43800,2020,8,17391.4
43800,2020,8,10041.5
43800,2020,8,8106.1
44270,2020,9,2133.8408
44270,2020,9,1644.138
44270,2020,9,2996.9219
44270,2020,9,3322.3315
44270,2020,9,155.12915
44270,2020,9,970.7902
44270,2020,9,3182.3467
44270,2020,9,2896.6055
44270,2020,9,834.6737
44270,2020,9,1950.8076
44270,2020,9,1940.8915
44270,2020,9,1192.4073
43740,2020,8,5629.4
43740,2020,8,1005.7
43740,2020,8,12689.7
43740,2020,8,2778.0
43740,2020,8,5561.4
43740,2020,8,2015.9
43740,2020,8,3985.4
43740,2020,8,7554.3
43800,2020,8,12544.4
43800,2020,8,5298.5
43800,2020,8,20734.5
43800,2020,8,12211.0
43800,2020,8,3438.2
43800,2020,8,10020.0
43800,2020,8,710.2
43800,2020,8,3768.3
43800,2020,8,3829.2
43800,2020,8,10555.3
48740,2020,8,5605.91
43800,2020,8,15307.4
43800,2020,8,4518.0
44810,2020,8,15496.1
43740,2020,8,6065.0
43740,2020,8,5720.4
43740,2020,8,6022.3
43740,2020,8,444.5
43740,2020,8,249.8
43740,2020,8,6076.3
43740,2020,8,8252.1
43740,2020,8,1538.1
43740,2020,8,1233.7
43740,2020,8,921.9
43745,2020,7,6522.2
43745,2020,7,40510.8
43800,2020,8,18318.3
43800,2020,8,1746.4
43800,2020,8,16164.5
43800,2020,8,2785.1
43800,2020,8,8339.5
43800,2020,8,552.0
43800,2020,8,18184.5
43800,2020,8,5914.9
44131,2020,8,22435.6
44131,2020,8,26597.1
44810,2020,8,8882.5
43745,2020,7,8794.5
43745,2020,7,9483.4
43745,2020,7,1447.8
43150,2020,8,13748.3
43745,2020,7,4658.1
43745,2020,7,17088.7
43745,2020,7,17716.3
43750,2020,8,128164.4
43800,2020,8,24837.8
43800,2020,8,8674.8
43800,2020,8,13047.2
43800,2020,8,6650.8
43800,2020,8,10357.8
43800,2020,8,1251.0
43800,2020,8,12556.8
44131,2020,8,36694.8
44131,2020,8,65501.1
44131,2020,8,5840.7
44810,2020,8,3718.7
43750,2020,8,29714.1
43750,2020,8,66061.3
43750,2020,8,40839.0
43800,2020,8,1890.9
43800,2020,8,6516.8
43800,2020,8,55744.1
43800,2020,8,1521.4
43800,2020,8,39754.8
43800,2020,8,17676.1
43800,2020,8,3582.2
44131,2020,8,39304.3
41500,2020,8,7272.7
41500,2020,8,244.3
41500,2020,8,550.3
41630,2020,8,10211.4
41630,2020,8,647.5
41630,2020,8,5684.9
41630,2020,8,11150.8
41630,2020,8,3778.4
41630,2020,8,17588.5
41630,2020,8,5379.3
41630,2020,8,4553.5
41630,2020,8,4456.8
42110,2020,8,10041.8
42110,2020,8,10692.8
42110,2020,8,11367.2
42110,2020,8,5085.4
42110,2020,8,2255.1
42130,2020,8,223922.8
41500,2020,8,2155.3
41500,2020,8,15422.5
41500,2020,8,1624.0
41500,2020,8,5574.4
41500,2020,8,340.6
41500,2020,8,10.8
41500,2020,8,160.2
41630,2020,8,17913.1
41630,2020,8,99383.6
41630,2020,8,5523.9
41630,2020,8,2429.5
41630,2020,8,29500.1
41630,2020,8,12327.3
41630,2020,8,10034.7
41630,2020,8,20719.7
41630,2020,8,8895.1
42230,2020,7,3692.9
42230,2020,9,10832.2
42230,2020,7,4938.6
42230,2020,9,14716.7
42230,2020,9,7118.3
42230,2020,9,7529.1
41500,2020,8,809.1
41500,2020,8,2875.4
41500,2020,8,2012.8
41500,2020,8,8588.5
41500,2020,8,3367.7
41500,2020,8,248.5
41500,2020,8,986.2
41500,2020,8,1637.3
41500,2020,8,224.7
41500,2020,8,1568.6
41500,2020,8,1050.2
41630,2020,8,30555.2
41630,2020,8,13790.1
41630,2020,8,14162.8
41630,2020,8,6504.8
41630,2020,8,12803.5
41630,2020,8,17680.3
41630,2020,8,7009.8
42230,2020,9,31411.2
42230,2020,9,4776.4
42230,2020,7,1797.3
42230,2020,7,4246.7
42230,2020,9,14757.8
42230,2020,7,2051.9
42230,2020,7,2402.1
42230,2020,7,2235.2
42230,2020,7,3615.8
42230,2020,7,3154.9
42230,2020,7,510.0
41480,2020,8,3760.8
41500,2020,8,447.2
41500,2020,8,4782.4
41500,2020,8,4172.8
41500,2020,8,20548.8
41500,2020,8,17429.4
41630,2020,8,1970.2
41630,2020,8,2672.5
41630,2020,8,13298.4
41630,2020,8,21209.4
41630,2020,8,6295.5
43150,2020,8,6267.1
43800,2020,8,40470.3
41480,2020,8,445.4
41500,2020,8,20911.0
41500,2020,8,31155.3
41500,2020,8,72056.7
42720,2020,7,4730.7
42720,2020,7,6424.1
42780,2020,8,53682.6
41480,2020,8,4976.3
41500,2020,8,107298.5
42230,2020,9,14876.2
42230,2020,7,824.6
42230,2020,7,1873.6
42230,2020,7,787.8
42230,2020,7,2701.6
42230,2020,9,12973.7
42230,2020,7,9417.7
42230,2020,9,28753.2
42230,2020,9,19107.9
42230,2020,9,9039.7
41500,2020,8,7718.7
43800,2020,8,14347.2
41630,2020,8,13314.9
41630,2020,8,2669.0
41480,2020,8,3278.9
43770,2020,8,3788.5
43770,2020,8,5561.6
43770,2020,8,3364.7
43770,2020,8,5187.7
43770,2020,8,6265.2
43770,2020,8,172.0
43770,2020,8,7754.6
43770,2020,8,5781.8
43770,2020,8,2074.4
43800,2020,8,39535.9
42810,2020,8,5452.284
43150,2020,8,21832.6
43150,2020,8,25527.3
43800,2020,8,1090.5
43150,2020,8,10840.5
43150,2020,8,14195.0
43150,2020,8,8745.1
43150,2020,8,5475.4
43150,2020,8,10676.1
43150,2020,8,9708.8
43150,2020,8,6935.5
43150,2020,8,2233.9
43150,2020,8,5508.3
43150,2020,8,4248.6
43150,2020,8,2182.1
43150,2020,8,4347.5
42810,2020,8,3126.183
42810,2020,8,12950.993
42810,2020,8,56945.9
42810,2020,8,24031.125
43150,2020,8,20701.2
43150,2020,8,3854.7
43150,2020,8,8245.2
43150,2020,8,10538.4
43150,2020,8,5102.4
43150,2020,8,19228.7
43150,2020,8,5501.4
43150,2020,8,9997.4
43150,2020,8,4325.2
43150,2020,8,8980.4
43150,2020,8,1560.3
43150,2020,8,6196.8
43150,2020,8,5665.3
43150,2020,8,5298.8
43150,2020,8,6636.4
42810,2020,9,5386.495
42810,2020,8,3917.829
41670,2020,8,19288.9
41670,2020,8,3539.6
42810,2020,8,7968.319
42810,2020,8,14572.232
43150,2020,8,5851.5
43800,2020,8,6963.3
43150,2020,8,9282.0
43150,2020,8,4608.9
43150,2020,8,10993.7
43150,2020,8,12024.9
43150,2020,8,2622.2
43150,2020,8,1975.9
43150,2020,8,10887.6
43150,2020,8,15442.5
43150,2020,8,7546.5
43150,2020,8,14759.6
43150,2020,8,6794.1
42810,2020,8,12410.616
42810,2020,8,16626.232
45730,2020,9,115421.0
42810,2020,8,4467.245
42810,2020,8,39879.758
42810,2020,8,5907.332
43150,2020,8,17416.1
45730,2020,8,102377.89
45730,2020,8,43463.684
45730,2020,8,6769.5977
45730,2020,8,34491.95
43740,2020,8,14194.6
43740,2020,8,9126.7
43740,2020,8,188667.8
43740,2020,8,1299.3
43740,2020,8,5253.4
43740,2020,8,759.5
43740,2020,8,801.5
43740,2020,8,25562.2
43740,2020,8,1766.8
43740,2020,8,51639.1
43150,2020,8,7736.7
43150,2020,8,9467.1
43150,2020,8,3522.2
43150,2020,8,8459.6
43150,2020,8,7392.1
43150,2020,8,15920.1
43150,2020,8,4733.0
43150,2020,8,8638.6
43150,2020,8,10188.9
43150,2020,8,18627.9
43150,2020,8,5256.9
46170,2020,8,2.4548102e+06
46710,2020,8,60350.2
46710,2020,8,251275.2
46710,2020,8,77693.2
46710,2020,8,107292.5
46710,2020,8,290711.8
46710,2020,8,15883.2
46720,2020,8,1.8138594e+06
46170,2020,8,1.5945888e+06
46170,2020,8,424689.2
46170,2020,8,50439.5
46710,2020,8,77875.8
46710,2020,8,21828.4
46720,2020,8,41025.4
46710,2020,8,32327.6
46710,2020,8,15618.2
46710,2020,8,18990.7
45730,2020,8,14539.594
45730,2020,9,6472.1636
45730,2020,8,1175.0
45730,2020,9,4599.706
45730,2020,8,13338.483
45730,2020,8,9729.586
45730,2020,8,254957.36
45730,2020,7,324375.0
45730,2020,8,54462.5
45730,2020,8,8007.961
45730,2020,8,23501.39
45730,2020,8,512.5
45730,2020,8,25035.916
45730,2020,7,9102.371
45730,2020,8,10689.268
45730,2020,8,41939.76
45730,2020,8,37684.508
45730,2020,8,9529.249
45730,2020,7,9527.461
46150,2020,8,11706.1
46150,2020,8,64106.5
46150,2020,8,1101.2
46150,2020,8,43573.2
46150,2020,8,1524.5
46150,2020,8,34799.2
46150,2020,8,690.0
46150,2020,8,23385.6
46150,2020,8,3699.3
46150,2020,8,7787.2
46150,2020,8,2378.7
46150,2020,8,3845.0
46150,2020,8,172.1
46150,2020,8,11073.0
46150,2020,8,1919.4
46150,2020,8,2473.5
46150,2020,8,93.2
46150,2020,8,711.5
46150,2020,8,145.4
46150,2020,8,93087.1
46150,2020,8,310.6
46150,2020,8,1320.0
46150,2020,8,44530.1
46150,2020,8,12035.3
46150,2020,8,98349.3
46150,2020,8,1410.3
46720,2020,8,20261.8
46720,2020,8,248543.2
46720,2020,8,22448.8
46720,2020,8,53788.0
46720,2020,8,74728.8
46720,2020,8,61794.6
46720,2020,8,13498.4
46170,2020,8,3570.9
46170,2020,8,19518.9
46710,2020,8,15672.1
43740,2020,8,16617.0
43740,2020,8,31.7
43740,2020,8,8479.2
43740,2020,8,4605.4
43740,2020,8,3119.8
43740,2020,8,2692.3
43740,2020,8,4871.9
43150,2020,8,7996.7
43150,2020,8,7292.2
43740,2020,8,3756.7
43740,2020,8,18004.9
43740,2020,8,3033.4
43740,2020,8,2035.4
43740,2020,8,20872.4
43740,2020,8,199369.2
43740,2020,8,87981.2
43740,2020,8,836.9
43740,2020,8,1688.5
43740,2020,8,12494.7
43740,2020,8,19410.1
43740,2020,8,5269.1
43740,2020,8,902.4
43150,2020,8,2900.3
43740,2020,8,46289.0
43740,2020,8,36053.2
43740,2020,8,11953.1
43740,2020,8,2531.8
43740,2020,8,2851.1
43740,2020,8,4952.0
43740,2020,8,11779.6
43740,2020,8,7606.0
43740,2020,8,9187.2
43150,2020,8,10988.7
43150,2020,8,29784.5
43150,2020,8,5824.1
43150,2020,8,3049.3
43150,2020,8,4908.1
43150,2020,8,3705.4
43150,2020,8,8239.1
43150,2020,8,2813.1
43150,2020,8,3881.8
43150,2020,8,12571.6
43150,2020,8,6004.4
43150,2020,8,19689.8
43150,2020,8,9966.1
43150,2020,8,2943.3
43150,2020,8,18402.9
43150,2020,8,5832.9
43150,2020,8,6460.1
43150,2020,8,6092.9
43150,2020,8,11017.0
43150,2020,8,13348.9
43150,2020,8,6932.8
43150,2020,8,2855.2
43150,2020,8,6328.2
43150,2020,8,9573.6
43150,2020,8,6499.1
43150,2020,8,3199.7
43150,2020,8,14748.8
45730,2020,7,13535.095
45730,2020,8,7871.8296
45730,2020,8,12882.916
45730,2020,6,9907.338
45730,2020,8,4158.9556
45730,2020,8,10405.172
45730,2020,7,7224.593
45730,2020,7,33039.09
45730,2020,8,8633.95
45730,2020,8,3377.9397
45730,2020,7,57502.812
45730,2020,7,6364.919
45730,2020,7,19512.32
45730,2020,7,16802.508
45730,2020,8,8707.899
45730,2020,9,2714.7944
45730,2020,8,1562.5
45730,2020,8,3590.365
45730,2020,8,31020.686
45730,2020,8,33062.055
45730,2020,8,11.02941
45730,2020,8,23149.678
45730,2020,8,7.24637
45730,2020,8,29502.17
45730,2020,8,17262.941
45730,2020,8,1782.6771
45730,2020,8,653.23773
45730,2020,8,18916.115
45730,2020,7,51011.598
45730,2020,7,17780.822
45730,2020,8,9402.352
45730,2020,7,3.60779
45730,2020,8,32171.254
45730,2020,8,7257.8945
45730,2020,7,6392.543
45730,2020,8,4580.2944
45730,2020,7,714.1184
45730,2020,8,7097.7344
45730,2020,8,10038.598
45730,2020,8,16390.232
45730,2020,8,3046.829
46150,2020,8,848.7
45730,2020,8,14476.345
45730,2020,8,5052.641
45730,2020,9,39588.89
45730,2020,9,3606.703
45730,2020,8,67393.32
45730,2020,9,785.0392
45730,2020,8,719.7359
45730,2020,9,3073.673
45730,2020,8,19383.418
48270,2020,9,185970.77
48270,2020,9,34832.766
48270,2020,9,138.38492
48270,2020,9,46281.76
48270,2020,9,18.00505
48270,2020,9,887.5
48270,2020,9,812.5
48270,2020,9,44.06285
48270,2020,9,178897.02
48270,2020,9,3860.3262
48270,2020,9,11195.353
48740,2020,8,86402.12
48740,2020,8,8754.22
48740,2020,8,8088.98
48740,2020,8,22648.67
48740,2020,8,1726.08
48740,2020,8,91845.14
48740,2020,8,7509.52
48740,2020,8,2134.23
48740,2020,8,64452.6
48740,2020,8,9938.87
48740,2020,8,3262.85
48740,2020,8,564.73
48740,2020,8,3303.74
48740,2020,8,2462.58
48740,2020,8,3460.77
48740,2020,8,2187.88
48740,2020,8,5358.77
48740,2020,8,1997.19
48740,2020,8,3825.77
48740,2020,8,1386.77
48740,2020,8,1144.58
48740,2020,8,12413.35
48740,2020,8,34372.64
48740,2020,8,20015.75
48740,2020,8,7814.24
48740,2020,8,40242.56
48740,2020,8,42623.06
48740,2020,8,3626.44
48740,2020,8,1910.31
48740,2020,8,1580.14
48740,2020,8,17104.52
48740,2020,8,318.42
48740,2020,8,22.69
48740,2020,8,5605.77
48740,2020,8,1284.39
48740,2020,8,7818.96
48740,2020,8,5096.78
48740,2020,8,2662.87
48740,2020,8,21988.14
48740,2020,8,293.67
48740,2020,8,2499.84
48740,2020,8,3057.43
48740,2020,8,12752.67
48740,2020,8,2389.26
48740,2020,8,909.58
48740,2020,8,3526.25
48740,2020,8,13704.74
48740,2020,8,21913.18
48740,2020,8,29022.36
48740,2020,8,5902.28
48740,2020,8,2952.21
48740,2020,8,13223.22
48740,2020,8,29141.26
48740,2020,8,2380.55
48740,2020,8,1108.51
48740,2020,8,7230.78
48740,2020,8,3259.51
48740,2020,8,1979.2
48740,2020,8,7398.61
48740,2020,8,3917.26
48740,2020,8,656.19
48740,2020,8,4025.38
48740,2020,8,1590.06
48740,2020,8,546.65
48740,2020,8,2047.59
48740,2020,8,7690.33
48740,2020,8,1140.52
48740,2020,8,2693.37
48740,2020,8,7478.18
48740,2020,8,2584.83
48740,2020,8,1099.51
48740,2020,8,2873.69
48740,2020,8,15169.61
48740,2020,8,1676.4
48740,2020,8,16505.38
48740,2020,8,9006.66
48740,2020,8,1628.3
48740,2020,8,1371.18
48740,2020,8,26989.45
48740,2020,8,3786.45
48740,2020,8,16534.67
48740,2020,8,7505.94
48740,2020,8,3820.22
48740,2020,8,6972.4
48740,2020,8,1792.62
48740,2020,8,4331.48
48740,2020,8,2087.37
48740,2020,8,1123.11
48740,2020,8,22076.24
48740,2020,8,2359.15
48740,2020,8,2925.54
48740,2020,8,15742.85
48740,2020,8,665.14
48740,2020,8,1381.7
48740,2020,8,4994.49
48740,2020,8,20561.31
48740,2020,8,534.08
48740,2020,8,16938.07
48740,2020,8,30650.43
48740,2020,8,615.07
48740,2020,8,12921.5
48740,2020,8,13124.92
48740,2020,8,3499.39
48740,2020,8,10531.36
48740,2020,8,6095.19
48740,2020,8,2137.67
48740,2020,8,4183.08
48740,2020,8,8901.71
48740,2020,8,121.94
48740,2020,8,4030.47
48740,2020,8,15218.04
48740,2020,8,32440.15
48740,2020,8,26288.44
48740,2020,8,605.77
48740,2020,8,2139.33
48740,2020,8,1693.72
48740,2020,8,8071.73
48740,2020,8,16517.88
48740,2020,8,4045.97
48740,2020,8,240.96
48270,2020,9,471780.03
48740,2020,8,11597.71
48740,2020,8,8006.26
48740,2020,8,20246.29
48740,2020,8,13619.56
48740,2020,8,2561.87
48740,2020,8,1376.31
48740,2020,8,4437.68
48740,2020,8,26969.96
48740,2020,8,4249.54
48740,2020,8,4204.11
48740,2020,8,2688.13
48740,2020,8,28187.46
48740,2020,8,2353.99
48740,2020,8,10904.89
48270,2020,9,3.50902
48270,2020,9,222.51332
48270,2020,9,2090.6804
48270,2020,9,6.84818
48270,2020,9,1400.0
48270,2020,9,79863.305
48270,2020,9,289462.4
48270,2020,9,294830.44
48270,2020,9,333.97888
48270,2020,9,42.40418
48270,2020,9,19975.684
48270,2020,9,9370.424
48270,2020,9,44826.332
48270,2020,9,103220.42
48270,2020,9,77905.445
48740,2020,8,54195.04
48740,2020,8,3456.96
48740,2020,8,58194.89
48740,2020,8,11669.62
48740,2020,8,2634.71
48740,2020,8,14759.49
48270,2020,9,265752.94
48270,2020,9,504736.03
48270,2020,9,140986.69
48270,2020,9,163774.67
48270,2020,9,18849.928
48270,2020,9,25.0
48270,2020,9,425.0
48270,2020,9,89985.99
48270,2020,9,217062.5
48740,2020,8,3700.57
48740,2020,8,1254.67
48740,2020,8,12500.24
48740,2020,8,2061.49
48740,2020,8,5342.42
48740,2020,8,9705.05
48270,2020,9,216578.27
48270,2020,9,328757.1
48270,2020,9,1751.3953
48270,2020,9,2300.0
48270,2020,9,2137.5
48270,2020,9,224167.84
48270,2020,9,46240.45
48270,2020,9,99545.15
48270,2020,9,69740.55
48270,2020,9,137047.5
48270,2020,9,155701.8
48270,2020,9,35114.066
48270,2020,9,100.0
48270,2020,9,22.5
48270,2020,9,53912.5
48270,2020,9,837.5
48330,2020,8,2290.6
48330,2020,8,6898.7
48740,2020,8,94619.39
48740,2020,8,1687.8
48740,2020,8,13853.83
48740,2020,8,2728.09
48740,2020,8,47635.18
48270,2020,9,360.6918
48270,2020,9,41709.082
48270,2020,9,252.78421
48270,2020,9,4937.5
48270,2020,9,300.0
48270,2020,9,12.5
48270,2020,9,878.75
45730,2020,9,68924.15
45730,2020,8,18679.697
45730,2020,7,26600.543
45730,2020,8,9362.5
45730,2020,7,15270.507
45730,2020,8,15.84994
45730,2020,7,19587.5
45730,2020,8,12224.497
45730,2020,8,7173.8945
45730,2020,9,725.0
45730,2020,8,11158.373
45730,2020,8,4794.2583
45730,2020,8,8458.735
45730,2020,8,1241.2709
45730,2020,8,20357.771
45730,2020,8,15365.773
45730,2020,8,667.92456
45730,2020,8,13862.5
45730,2020,8,51925.0
45730,2020,8,85747.266
45730,2020,9,132567.77
45730,2020,8,9437.5
45730,2020,8,5312.843
45730,2020,8,8123.895
45730,2020,7,24648.357
45730,2020,6,930.4346
45730,2020,8,15292.075
45730,2020,8,69482.055
45730,2020,8,2275.0
45730,2020,8,670.60547
45730,2020,7,3746.1436
45730,2020,8,46732.5
45730,2020,7,8142.1147
45730,2020,8,62.5
45730,2020,7,12174.379
45730,2020,8,4763.7603
45730,2020,8,25116.791
45730,2020,9,3827.8176
45730,2020,8,24430.121
45730,2020,9,25343.791
45730,2020,7,3500.3733
45730,2020,8,10497.492
45730,2020,9,2248.5005
45730,2020,8,8606.134
45730,2020,9,6256.6826
45730,2020,8,5135.9326
45730,2020,8,3649.0435
45730,2020,8,33594.598
45730,2020,8,1888.565
45730,2020,8,30920.252
45730,2020,8,37.5
45730,2020,8,24033.338
45730,2020,8,3937.5
45730,2020,8,33747.613
45730,2020,8,10767.389
45730,2020,8,16712.5
45730,2020,8,8920.38
45730,2020,8,4647.47
45730,2020,7,2900.36
45730,2020,8,9446.484
45730,2020,8,2456.5059
45730,2020,8,1775.7109
45730,2020,9,19214.062
45730,2020,7,49.67152
45730,2020,9,15596.149
45730,2020,7,4077.9717
45730,2020,8,2695.6597
45730,2020,8,39101.5
45730,2020,8,1397.0328
45730,2020,8,8417.463
45730,2020,8,2897.8762
45730,2020,8,5831.4077
45730,2020,8,10165.119
45730,2020,8,6393.573
45730,2020,8,224754.55
45730,2020,8,9250.0
45730,2020,8,34908.223
45730,2020,8,12.5
45730,2020,9,88463.5
45730,2020,8,5384.7627
45730,2020,9,47.36842
45730,2020,8,5875.0
45730,2020,8,23272.12
45730,2020,7,11221.921
45730,2020,7,4849.4995
45730,2020,8,4405.8115
45730,2020,7,30229.691
45730,2020,7,6527.939
45730,2020,8,3604.2576
45730,2020,9,11614.047
45730,2020,8,14731.212
45730,2020,8,98099.19
45730,2020,8,3134.3726
45730,2020,7,22725.85
45730,2020,8,8075.446
45730,2020,9,10498.438
45730,2020,9,131.68407
45730,2020,7,4361.3564
45730,2020,8,19648.01
45730,2020,7,18777.47
45730,2020,8,487.4483
45730,2020,7,33442.08
45730,2020,8,3992.6436
45730,2020,8,937.6071
45730,2020,7,1357.2313
45730,2020,8,22581.697
45730,2020,9,37554.184
45730,2020,8,20994.256
45730,2020,8,3938.3093
45730,2020,8,9359.118
45730,2020,9,10136.859
45730,2020,8,24276.396
45730,2020,8,10269.538
45730,2020,8,24830.78
45730,2020,8,23126.562
45730,2020,8,27972.727
45730,2020,8,85431.664
45730,2020,9,187.10995
45730,2020,8,1456.7986
45730,2020,8,27332.59
45730,2020,7,14490.303
45730,2020,8,16.66667
45730,2020,8,17.5
45730,2020,8,14160.6455
45730,2020,7,25272.465
45730,2020,8,2109.276
45730,2020,8,24271.842
45730,2020,8,5274.5947
45730,2020,8,20716.697
45730,2020,9,1548.2803
45730,2020,8,5241.965
45730,2020,8,10105.18
45730,2020,8,28.35187
45730,2020,8,26347.18
45730,2020,8,3891.452
45730,2020,9,31113.762
45730,2020,8,2533.911
45730,2020,8,2373.9636
45730,2020,8,13294.017
45730,2020,8,5662.274
45730,2020,8,33103.613
45730,2020,8,3825.7964
45730,2020,8,7701.4624
45730,2020,8,9843.724
45730,2020,8,15994.35
45730,2020,8,26196.545
45730,2020,8,17416.13
45730,2020,8,20799.18
45730,2020,7,22086.672
45730,2020,8,22736.885
45730,2020,8,124499.945
45730,2020,8,25520.756
45730,2020,8,9485.983
45730,2020,7,28004.047
45730,2020,7,659.69684
45730,2020,8,41562.277
45730,2020,8,5934.9644
45730,2020,7,2459.3564
45730,2020,8,4791.1514
45730,2020,8,29091.56
45730,2020,8,56661.824
45730,2020,8,7532.497
45730,2020,9,6934.5576
45730,2020,8,10723.448
45730,2020,9,57808.516
45730,2020,8,50261.8
45730,2020,8,1639.5409
45730,2020,8,8793.744
45730,2020,8,7046.5566
45730,2020,8,9780.477
45730,2020,7,3904.2974
45730,2020,8,16118.487
45730,2020,8,4946.66
45730,2020,8,12264.077
45730,2020,8,4848.645
46170,2020,8,9427.6
45730,2020,8,2237.3643
45730,2020,8,4275.0
45730,2020,8,2025.1982
45730,2020,8,10359.563
45730,2020,8,18899.516
45730,2020,8,25.98302
45730,2020,7,22981.926
45730,2020,8,10.0
45730,2020,7,44763.336
45730,2020,8,12034.553
45730,2020,7,21413.451
45730,2020,8,9286.641
45730,2020,8,79.43532
45730,2020,8,10997.157
45730,2020,8,36775.98
45730,2020,8,173.94205
45730,2020,8,124996.14
45730,2020,8,6594.573
45730,2020,8,23390.844
45730,2020,8,11730.218
45730,2020,8,4363.7773
45730,2020,7,19.69742
45730,2020,8,1491.2661
45730,2020,8,67.85714
45730,2020,8,3375.0
45730,2020,8,57162.5
45730,2020,9,644.15485
45730,2020,8,1350.0
45730,2020,8,31873.682
45730,2020,8,11030.962
45730,2020,9,350.0
45730,2020,8,8266.182
45730,2020,7,3573.1877
45730,2020,8,16368.311
45730,2020,8,8575.359
45730,2020,8,11679.868
45730,2020,8,13477.995
45730,2020,8,3226.7173
45730,2020,8,1351.599
45730,2020,8,1700.0
45730,2020,8,3151.178
45730,2020,7,29991.102
45730,2020,8,1052.3423
45730,2020,8,197632.23
45730,2020,8,117804.375
45730,2020,8,163366.19
45730,2020,8,326.47467
45730,2020,8,61702.336
45730,2020,9,8990.066
45730,2020,8,1034.3755
45730,2020,8,11362.696
45730,2020,8,7357.172
43113,2017,7,5919.592
43113,2017,7,4248.336
43113,2017,7,11887.771
43113,2017,7,8008.486
43113,2017,7,5403.436
43113,2017,7,13733.286
43113,2017,7,20743.334
48270,2020,9,137.5
48270,2020,9,12.99938
48270,2020,9,167251.67
48270,2020,9,4796.472
48270,2020,9,362.5
48270,2020,9,244974.64
48270,2020,9,57078.91
48270,2020,9,60522.414
48740,2020,8,41452.44
48740,2020,8,616.46
48740,2020,8,5424.36
48740,2020,8,7935.5
48740,2020,8,46254.44
48740,2020,8,2816.73
48740,2020,8,3167.66
48740,2020,8,4589.0
48740,2020,8,1132.94
48740,2020,8,7697.28
48740,2020,8,5396.39
48740,2020,8,15042.97
48740,2020,8,17225.98
48740,2020,8,3040.03
48270,2020,9,26323.688
48270,2020,9,100.27648
48270,2020,9,171.63881
48270,2020,9,71263.4
48270,2020,9,1329.4081
48270,2020,9,167.60905
48270,2020,9,1812.5
48270,2020,9,5732.483
48270,2020,9,7729.669
48270,2020,9,48445.23
48270,2020,9,3285.1685
48270,2020,9,89.40697
48270,2020,9,39731.516
48270,2020,9,76113.11
48270,2020,9,50.8279
48740,2020,8,4148.42
48740,2020,8,2785.0
48740,2020,8,28751.34
48740,2020,8,4540.02
48740,2020,8,797.11
48740,2020,8,2313.18
48740,2020,8,4631.17
48740,2020,8,4373.91
48740,2020,8,41042.39
48740,2020,8,5206.7
48740,2020,8,6409.3
48740,2020,8,4096.2
48740,2020,8,5710.95
48740,2020,8,20143.31
48740,2020,8,119365.78
48740,2020,8,17413.43
48740,2020,8,4007.46
48740,2020,8,5113.63
48740,2020,8,10211.2
48740,2020,8,2248.9
48740,2020,8,2465.94
48270,2020,9,29082.79
48270,2020,9,1854.5133
48270,2020,9,18668.238
48270,2020,9,246106.52
48270,2020,9,186.09286
48270,2020,9,103707.25
48270,2020,9,1170.6516
48270,2020,9,36231.934
48270,2020,9,87136.945
48740,2020,8,5595.99
48740,2020,8,48888.6
48740,2020,8,2547.15
48740,2020,8,13.77
48740,2020,8,3537.62
48740,2020,8,10442.9
48740,2020,8,4487.7
48270,2020,9,106462.37
48270,2020,9,4704.179
48270,2020,9,548.9531
48270,2020,9,100370.1
48270,2020,9,116709.26
48270,2020,9,237475.42
48270,2020,9,297732.6
48270,2020,9,16810.629
48270,2020,9,74069.47
48270,2020,9,43776.125
48270,2020,9,12.4107
48270,2020,9,19744.762
48270,2020,9,1.2005302e+06
48740,2020,8,2546.72
48740,2020,8,5064.14
48740,2020,8,18362.76
48740,2020,8,596.45
48740,2020,8,2580.6
48740,2020,8,2873.51
48740,2020,8,11936.16
48740,2020,8,252.75
48740,2020,8,6161.88
48740,2020,8,2977.57
48740,2020,8,2663.05
48740,2020,8,9748.31
48740,2020,8,1104.34
48740,2020,8,3423.12
48740,2020,8,2841.46
48740,2020,8,71.67
48740,2020,8,1554.02
48740,2020,8,5992.32
48740,2020,8,815.97
48740,2020,8,3737.4
48740,2020,8,5203.35
48740,2020,8,31246.51
48740,2020,8,1862.91
48740,2020,8,6393.39
48740,2020,8,2356.69
48740,2020,8,1244.01
48270,2020,9,84553.016
48270,2020,9,140206.19
48270,2020,9,102408.516
48270,2020,9,729.33276
48270,2020,9,66745.71
48270,2020,9,245.83333
48270,2020,9,2450.0
48270,2020,9,81037.5
48270,2020,9,8.33333
48270,2020,9,162612.5
48270,2020,9,325.0
48740,2020,8,17398.61
48740,2020,8,114499.36
48740,2020,8,2894.34
48740,2020,8,1894.29
48270,2020,9,466610.12
48740,2020,8,96215.14
48740,2020,8,196.8
48740,2020,8,14756.03
48740,2020,8,2190.6
48740,2020,8,8797.59
48740,2020,8,1951.14
48740,2020,8,182.84
48740,2020,8,23299.46
48270,2020,9,189086.55
48270,2020,9,11879.359
48270,2020,9,607.52014
48270,2020,9,111076.63
48270,2020,9,242575.0
48270,2020,9,73021.95
48270,2020,9,19053.516
48270,2020,9,68200.0
48740,2020,8,1623.13
48740,2020,8,10072.08
48740,2020,8,5744.67
48740,2020,8,26069.39
45730,2020,8,30263.176
45730,2020,8,118.11351
45730,2020,9,7225.39
45730,2020,9,40077.414
45730,2020,8,95496.6
45730,2020,8,25.0
45730,2020,8,106995.69
45730,2020,8,16298.525
45730,2020,8,9107.881
45730,2020,8,5715.8154
45730,2020,7,113.36909
45730,2020,8,39299.02
45730,2020,8,2545.3948
45730,2020,8,16317.286
45730,2020,7,2549.1267
45730,2020,8,2001.4604
45730,2020,8,6639.4214
45730,2020,9,27545.713
45730,2020,8,5758.86
45730,2020,9,2275.08
45730,2020,8,4018.1565
45730,2020,9,2303.3484
45730,2020,9,49069.84
45730,2020,9,5237.897
45730,2020,7,10988.489
45730,2020,8,437.5
45730,2020,8,2677.5415
45730,2020,8,6614.888
45730,2020,8,5076.718
45730,2020,8,17233.51
45730,2020,8,78020.83
45730,2020,8,4444.016
45730,2020,8,70482.62
45730,2020,9,18611.055
45730,2020,8,7100.9844
45730,2020,8,36397.586
45730,2020,8,2063.3196
45730,2020,8,8437.5
45730,2020,8,11500.0
45730,2020,8,13912.5
45730,2020,8,10525.0
45730,2020,8,111509.3
45730,2020,8,8477.724
45730,2020,8,13459.132
45730,2020,8,5935.823
45730,2020,8,16600.0
45730,2020,8,12209.879
45730,2020,9,92.44762
45730,2020,8,2489.198
45730,2020,9,33323.875
45730,2020,8,11504.865
45730,2020,8,6996.425
45730,2020,8,29767.725
45730,2020,8,44540.363
45730,2020,9,26150.0
45730,2020,8,5688.664
45730,2020,8,33.33333
45730,2020,7,8014.2856
45730,2020,8,8642.544
45730,2020,8,10696.113
45730,2020,8,9084.952
45730,2020,8,94737.3
48740,2020,8,12580.03
45730,2020,7,163462.5
45730,2020,9,1937.5
45730,2020,7,11989.729
45730,2020,8,797.26404
45730,2020,7,5668.7974
45730,2020,8,3.48147
45730,2020,8,4312.5
45730,2020,7,505.13742
45730,2020,7,3204.889
45730,2020,8,38073.81
45730,2020,7,1515.8188
45730,2020,7,28697.828
45730,2020,7,5620.365
45730,2020,8,15052.523
45730,2020,9,19630.893
45730,2020,7,7483.52
45730,2020,9,43686.008
45730,2020,8,4110.2495
48170,2020,8,23616.94
48170,2020,8,918.031
48170,2020,8,5609.0156
48170,2020,8,2904.413
48170,2020,8,10442.168
48170,2020,8,38039.38
48170,2020,8,1488.005
48170,2020,8,84003.51
48270,2020,9,191821.42
48270,2020,9,767.54865
48270,2020,9,52991.56
48270,2020,9,80245.7
48270,2020,9,2831.9775
48270,2020,9,21942.947
48270,2020,9,150747.6
48270,2020,9,87547.82
48270,2020,9,1387.7407
48270,2020,9,11.84705
48270,2020,9,3201.8682
48270,2020,9,48.50495
48270,2020,9,8778.517
48270,2020,9,41235.145
48270,2020,9,85728.75
48270,2020,9,108945.305
48270,2020,9,11645.009
48270,2020,9,54057.42
48270,2020,9,58460.562
48270,2020,9,838216.6
48270,2020,9,84445.84
48270,2020,9,7127.4937
48270,2020,9,228144.34
48270,2020,9,18548.994
48270,2020,9,400.0
48270,2020,9,179.01808
48270,2020,9,155.53137
48270,2020,9,250.0
48270,2020,9,2.029684e+06
48270,2020,9,3127.2444
48270,2020,9,420344.62
48270,2020,9,3.2294188e+06
48270,2020,9,43472.527
48270,2020,9,86859.57
48270,2020,9,205899.11
48270,2020,9,773462.1
48270,2020,9,787717.1
48270,2020,9,259.99637
48270,2020,9,44815.26
48270,2020,9,36890.395
48270,2020,9,369034.75
48270,2020,9,1737.5
48270,2020,9,1.4885922e+06
48270,2020,9,1.7315009e+06
48270,2020,9,2841.222
48270,2020,9,11283.778
48270,2020,9,7925.0
46730,2020,8,309069.1
46730,2020,8,777317.0
46870,2020,8,400618.0
46870,2020,8,511356.0
46870,2020,8,432923.0
46870,2020,8,386751.0
46870,2020,8,252104.0
46870,2020,8,322062.0
46870,2020,8,581964.0
46870,2020,8,204490.0
46870,2020,8,629878.0
46870,2020,8,1.168451e+06
46870,2020,8,203300.0
46870,2020,8,231259.0
46870,2020,8,160980.0
46730,2020,8,212209.7
46870,2020,8,86751.0
46870,2020,8,135383.0
46870,2020,8,103665.0
46870,2020,8,150562.0
46880,2020,8,17305.3
46880,2020,8,13780.3
46880,2020,8,4936.6
46880,2020,8,3911.5
46880,2020,8,3374.1
46880,2020,8,5808.5
46880,2020,8,21476.2
46730,2020,8,280290.9
46730,2020,8,175947.8
46730,2020,8,617319.9
46880,2020,8,5959.2
46880,2020,8,13308.9
46880,2020,8,3273.7
46730,2020,10,47338.0
46730,2020,8,294703.3
46730,2020,8,441849.2
46880,2020,8,2144.8
46880,2020,8,5947.0
46880,2020,8,3511.4
46880,2020,8,6976.3
46880,2020,8,11994.1
46880,2020,8,9023.3
46880,2020,8,5846.9
46880,2020,8,3673.6
46730,2020,8,513310.0
46730,2020,8,49822.9
46730,2020,8,154564.3
46880,2020,8,6410.5
46880,2020,8,3390.8
46880,2020,8,10517.3
43113,2017,7,42648.46
43113,2017,7,20106.207
50110,2018,8,8916.338
50110,2018,8,6580.288
30230,2018,8,2120.125
30230,2018,8,39946.863
31200,2018,8,5356.377
31200,2018,8,5156.208
42210,2018,8,1102.491
31200,2018,8,4331.317
36110,2018,9,1695.766
42210,2018,8,9989.841
48170,2020,8,10463.844
48170,2020,8,3884.8064
48170,2020,8,5929.726
48170,2020,8,11173.121
48170,2020,8,2894.1472
48170,2020,8,76896.74
48170,2020,8,12414.889
48170,2020,8,1194.3188
48170,2020,8,6810.6494
48170,2020,8,984.3306
48170,2020,8,6554.788
48170,2020,8,9089.597
48170,2020,8,11925.894
48170,2020,8,47930.434
48170,2020,8,4520.8574
48170,2020,8,14879.025
48170,2020,8,52741.676
48170,2020,8,10579.227
48170,2020,8,2319.2056
48170,2020,8,1995.3197
48170,2020,8,18903.19
48170,2020,7,13630.201
48890,2020,8,72042.0
48890,2020,8,100473.6
48890,2020,8,33758.9
48890,2020,8,37243.0
48890,2020,8,141322.9
48890,2020,8,63250.1
46880,2020,8,28539.4
46880,2020,8,30539.2
46880,2020,8,62644.7
47770,2020,7,86470.7
46880,2020,8,5920.9
47830,2020,8,157136.3
46790,2020,8,151228.1
46790,2020,8,48200.4
46790,2020,8,10893.6
46790,2020,8,24098.8
47830,2020,8,33393.4
47830,2020,8,943.5
47830,2020,8,734.4
47830,2020,8,3505.2
47830,2020,8,7740.1
48170,2020,8,1463.5262
48170,2020,8,1647.2334
48170,2020,8,15545.947
46790,2020,8,5937.2
46790,2020,8,125113.0
46790,2020,8,14989.9
48740,2020,8,4328.64
48740,2020,8,3021.7
48740,2020,8,1176.33
48740,2020,8,13000.79
48740,2020,8,2319.49
48740,2020,8,3019.98
48740,2020,8,3018.73
48740,2020,8,429.26
48740,2020,8,1898.48
48740,2020,8,2868.49
48740,2020,8,2509.04
48740,2020,8,2188.98
48740,2020,8,11807.82
48740,2020,8,4372.48
48740,2020,8,555.35
48270,2020,9,50618.35
48270,2020,9,2750.4639
48270,2020,9,131495.2
48270,2020,9,124501.76
48270,2020,9,887.36163
48270,2020,9,38.36788
48270,2020,9,31966.21
48270,2020,9,104354.88
48270,2020,9,1320.7993
48270,2020,9,17837.5
48270,2020,9,200.0
48270,2020,9,62737.5
48270,2020,9,17.85714
48270,2020,9,6.25
48270,2020,9,162.5
48270,2020,9,350.0
48740,2020,8,8612.28
48740,2020,8,10174.34
48740,2020,8,56325.83
48740,2020,8,1391.18
48740,2020,8,446.17
48740,2020,8,411.16
48740,2020,8,1876.23
48740,2020,8,3738.73
48740,2020,8,3966.98
48740,2020,8,1830.54
48270,2020,9,782833.75
48740,2020,8,34806.17
48270,2020,9,2447.3416
48270,2020,9,159.49564
48270,2020,9,43.40782
48270,2020,9,45958.84
48270,2020,9,134.67188
48270,2020,9,187.5
48270,2020,9,329.31552
48270,2020,9,4147.5938
48270,2020,9,749.01807
48270,2020,9,37.5
48270,2020,9,5300.0
48270,2020,9,42.14964
48270,2020,9,700.0
48270,2020,9,162.76093
48270,2020,9,800.0
48270,2020,9,29407.207
48270,2020,9,3337.5
48270,2020,9,1985.2743
48740,2020,8,23152.33
48740,2020,8,11085.22
48740,2020,8,333.53
48740,2020,8,12856.47
46830,2020,8,11797.391
46830,2020,8,5713.6553
46870,2020,8,2.658469e+06
46870,2020,8,108028.0
46870,2020,8,406505.0
46870,2020,8,82772.0
46870,2020,8,112578.0
48170,2020,8,2529.3884
48170,2020,8,5996.2256
48170,2020,8,2671.6213
48740,2020,8,4767.06
48740,2020,8,6125.24
48740,2020,8,27180.01
48740,2020,8,20787.78
48740,2020,8,3692.12
48740,2020,8,756.74
48740,2020,8,26869.88
48740,2020,8,17752.5
48740,2020,8,11040.59
48740,2020,8,3755.35
11590,2022,8,232.25
11590,2022,8,342.63
11590,2022,8,195.6
11590,2022,8,1951.04
11590,2022,8,142.4
11590,2022,8,160.32
11590,2022,8,227.2
11590,2022,8,52.26
11590,2022,8,596.8
11590,2022,8,989.9
11590,2022,8,3232.98
11590,2022,8,179.16
11590,2022,8,491.8
11590,2022,8,145.12
11590,2022,8,262.79
11590,2022,8,150.5
11590,2022,8,357.3
11590,2022,8,363.3
11590,2022,8,71.6
11590,2022,8,111.87
11590,2022,8,1418.0
11590,2022,8,43.03
11590,2022,8,81.57
11740,2022,8,178.97249
11740,2022,8,149.95378
11740,2022,8,209.6915
11740,2022,8,107.64066
11740,2022,8,396.9235
11740,2022,8,261.52853
11740,2022,8,196.63525
11740,2022,8,795.3981
11740,2022,9,180.27974
11740,2022,8,174.59096
11740,2022,8,184.60944
11740,2022,8,110.31422
11740,2022,8,121.44088
11740,2022,8,167.45982
11740,2022,8,113.71259
11740,2022,8,107.271
11740,2022,8,119.48973
11740,2022,8,123.56257
11740,2022,8,208.08365
11740,2022,8,229.11414
11740,2022,8,178.28531
11740,2022,8,225.17595
11590,2022,8,5.9
11590,2022,8,3050.1
11590,2022,8,163.9
11590,2022,8,216.95
11590,2022,8,61.97
11590,2022,8,147.6
11590,2022,8,3520.59
11590,2022,8,283.09
11590,2022,8,433.1
11590,2022,8,356.9
11590,2022,8,182.1
11590,2022,8,219.8
11590,2022,8,15.08
48740,2020,8,303.44
48740,2020,8,27.48
48740,2020,8,147.11
48740,2020,8,1508.96
48740,2020,8,4415.46
48740,2020,8,6198.17
48740,2020,8,421.0
11590,2022,8,111.3
48850,2020,8,38353.5
48850,2020,8,20636.3
48850,2020,8,53307.9
48850,2020,8,56948.1
48850,2020,8,91983.4
48850,2020,8,19408.2
48850,2020,8,165810.9
11590,2022,8,225.8
11590,2022,8,19.22
11590,2022,8,135.8
11590,2022,8,162.0
11590,2022,8,17.26
11590,2022,8,6100.7
48740,2020,8,139.5
48740,2020,8,2090.98
48740,2020,8,22699.11
48740,2020,8,641.2
11590,2022,8,455.39
48740,2020,8,10386.53
48740,2020,8,755.16
48850,2020,8,35630.6
48850,2020,8,145510.9
48850,2020,8,126315.5
48850,2020,8,136693.7
48740,2020,8,3777.25
48740,2020,8,424.51
48740,2020,8,1389.9
48850,2020,8,939.6
48850,2020,8,2777.9
48850,2020,8,102954.9
48740,2020,8,1636.28
48740,2020,8,477.95
48740,2020,8,3609.7
48740,2020,8,17194.74
48740,2020,8,17229.7
48740,2020,8,429.07
48740,2020,8,5068.59
48740,2020,8,6300.06
48850,2020,8,646397.4
48740,2020,8,2489.0
48740,2020,8,1496.81
48740,2020,8,1668.7
48740,2020,8,1776.36
48740,2020,8,1449.72
48740,2020,8,1463.23
48740,2020,8,2288.6
48740,2020,8,1835.81
48740,2020,8,3313.97
48740,2020,8,489.89
48740,2020,8,3841.67
48740,2020,8,3478.94
48740,2020,8,6361.85
48740,2020,8,2869.43
48740,2020,8,17506.42
48740,2020,8,410.77
48740,2020,8,2995.69
48740,2020,8,1381.5
48740,2020,8,421.75
48740,2020,8,2626.51
48740,2020,8,416.6
48740,2020,8,2261.9
48740,2020,8,2995.74
48740,2020,8,4361.28
48740,2020,8,1376.92
48740,2020,8,643.98
48740,2020,8,10936.58
48740,2020,8,22473.03
48740,2020,8,8096.67
48740,2020,8,119.34
48740,2020,8,119.89
48740,2020,8,2914.24
48740,2020,8,2659.76
48740,2020,8,3453.67
48740,2020,8,3406.92
48740,2020,8,2356.17
48740,2020,8,3679.4
48740,2020,8,56.9
48740,2020,8,229.86
48740,2020,8,86.92
48740,2020,8,2678.73
48740,2020,8,4394.94
48740,2020,8,5574.37
48740,2020,8,1369.31
48740,2020,8,1924.34
48740,2020,8,7594.91
48740,2020,8,94.15
48740,2020,8,32.4
48740,2020,8,5372.69
48740,2020,8,7.03
48740,2020,8,20.41
11590,2022,8,133.89
11590,2022,8,145.4
11590,2022,8,79.1
11590,2022,8,778.1
11590,2022,8,80.8
11590,2022,8,2192.76
11590,2022,8,410.7
11590,2022,8,157.3
11590,2022,8,241.71
11590,2022,8,116.4
11590,2022,8,94.3
11590,2022,8,169.81
11590,2022,8,281.2
11590,2022,8,33.54
11590,2022,8,32.44
11590,2022,8,247.79
11590,2022,8,99.9
11590,2022,8,455.2
11590,2022,8,76.48
11590,2022,8,61.59
11590,2022,8,161.5
11590,2022,8,105.69
11590,2022,8,6.66
11590,2022,8,227.0
11590,2022,8,113.98
11590,2022,8,223.1
11590,2022,8,976.4
11590,2022,8,27.52
11590,2022,8,125.0
11590,2022,8,490.6
11590,2022,8,59.0
11590,2022,8,931.4
11590,2022,8,211.48
11590,2022,8,7175.79
11590,2022,8,1286.2
11590,2022,8,549.2
11590,2022,8,402.1
11590,2022,8,245.57
11590,2022,8,2417.4
11710,2022,8,244.0
11590,2022,8,145.6
11590,2022,8,312.57
11590,2022,8,449.6
11590,2022,8,769.1
11590,2022,8,70.02
11590,2022,8,48.31
11590,2022,8,164.83
11590,2022,8,116.3
11590,2022,8,2845.77
11590,2022,8,48.63
11590,2022,8,417.5
11590,2022,8,699.3
11590,2022,8,1818.2
11590,2022,8,5.81
11590,2022,8,2212.5
11590,2022,8,118.5
11590,2022,8,83.24
11590,2022,8,12984.89
11590,2022,8,593.9
11590,2022,8,296.5
11590,2022,8,139.7
11590,2022,8,2261.19
11590,2022,8,302.26
11590,2022,8,83.6
11590,2022,8,1510.83
11590,2022,8,254.5
11590,2022,8,1831.4
11710,2022,8,197.0
11710,2022,8,144.0
11710,2022,8,293.0
11710,2022,8,222.0
11710,2022,8,231.0
11710,2022,8,172.0
11710,2022,8,145.0
11710,2022,8,195.0
11710,2022,8,73.0
11710,2022,8,122.0
11710,2022,8,396.0
11710,2022,8,361.0
11710,2022,8,116.0
48740,2020,8,2196.39
48740,2020,8,18.9
48740,2020,8,104.5
48740,2020,8,245.55
48740,2020,8,6.08
48740,2020,8,2064.66
48740,2020,8,13.55
48740,2020,8,90.09
48740,2020,8,11.08
48740,2020,8,2316.8
48740,2020,8,6686.07
48740,2020,8,25.5
48740,2020,8,2662.89
48740,2020,8,2110.41
48740,2020,8,4166.09
48740,2020,8,1520.39
48740,2020,8,7411.04
48740,2020,8,3811.93
48740,2020,8,8165.13
48740,2020,8,3727.6
48740,2020,8,10065.23
48740,2020,8,3645.62
48740,2020,8,4987.5
48740,2020,8,193.05
48740,2020,8,4005.21
48740,2020,8,6861.78
48740,2020,8,5190.84
48740,2020,8,13418.79
48740,2020,8,1599.53
48740,2020,8,36.62
48740,2020,8,6325.66
48740,2020,8,33.55
48740,2020,8,35652.99
48740,2020,8,4195.38
48740,2020,8,7362.37
48740,2020,8,157.58
48740,2020,8,13819.28
48740,2020,8,287.55
48740,2020,8,2372.0
48740,2020,8,1791.08
48740,2020,8,3031.34
48740,2020,8,4007.78
48740,2020,8,4592.49
48740,2020,8,2082.99
48740,2020,8,306.22
48740,2020,8,2147.55
48740,2020,8,782.23
48740,2020,8,20.39
48740,2020,8,1229.85
48740,2020,8,1182.18
48740,2020,8,84.9
48740,2020,8,18484.74
50130,2022,8,535.1
50130,2020,8,2971.4
50130,2020,8,1218.8
50130,2020,8,2003.9
50130,2020,8,513.6
50130,2020,8,4212.9
50130,2020,8,1762.3
50130,2020,8,3325.5
50130,2020,8,1826.6
50130,2020,8,2084.0
41461,2022,8,910.7
41461,2022,8,6891.0
41461,2022,8,3562.9
41461,2022,8,948.7
41461,2022,8,24957.5
41461,2022,8,19873.3
41461,2022,8,674.7
41461,2022,8,24357.2
48270,2021,7,138019.42
48270,2021,7,159339.22
48270,2021,8,5114.59
48270,2021,7,6787.91
48270,2021,7,4554.31
48270,2021,7,156657.11
48270,2021,7,6332.14
48270,2021,7,39048.29
50110,2021,9,3731.8
50110,2021,9,1331.0
50110,2021,9,1589.3
50110,2021,9,731.3
50110,2021,9,4550.4
50110,2021,9,3147.5
50110,2021,9,737.1
11560,2022,8,89.65
11560,2022,8,49.0
11560,2022,8,103.1
11560,2022,8,181.68
11560,2022,8,179.06
11560,2022,8,206.3
11560,2022,8,113.08
11560,2022,8,95.11
11560,2022,8,92.0
11560,2022,8,113.0
11560,2022,8,205.21
11560,2022,8,54.0
11560,2022,8,45.0
11560,2022,8,140.4
11560,2022,8,148.0
11560,2022,8,175.23
11560,2022,8,104.45
11560,2022,8,416.0
11560,2022,8,113.85
11560,2022,8,179.49
11560,2022,8,99.74
11560,2022,8,56.0
11560,2022,8,114.09
11560,2022,8,131.23
11560,2022,8,115.01
11560,2022,8,106.54
11560,2022,8,84.79
11560,2022,8,186.43
11560,2022,8,45.32
11560,2022,8,33.0
11560,2022,8,93.37
11560,2022,8,192.0
11560,2022,8,102.0
11560,2022,8,159.0
11560,2022,8,163.97
48270,2021,7,18836.09
48270,2021,7,3649.15
48270,2021,7,4196.78
48270,2021,7,222520.97
48270,2021,7,5085.33
48270,2021,7,16756.24
48270,2021,7,4070.4
48270,2022,9,67236.31
50110,2021,9,475.9
50110,2021,9,459.0
50110,2021,9,460.2
50110,2021,9,1084.6
50110,2021,9,2144.7
50110,2021,9,2086.5
50130,2022,9,3022.9
50130,2022,9,4995.4
50130,2022,8,729.2
50110,2021,9,226.3
50130,2022,9,182.4
47900,2021,8,12824.0
47900,2021,8,10027.0
48220,2021,8,23172.3
48220,2021,8,2537.5
48220,2021,8,4827.2
48220,2021,8,8750.6
48220,2021,8,377.5
48220,2021,8,1280.2
48220,2021,8,2781.7
48220,2021,8,1257.8
48220,2021,8,3228.0
48220,2021,8,9690.8
48220,2021,8,5115.5
48220,2021,8,3923.3
48220,2021,8,2147.4
48220,2021,8,171.5
48220,2021,8,6689.7
11560,2022,8,66.0
11560,2022,8,159.31
11560,2022,8,55.0
11560,2022,8,125.25
11560,2022,8,185.94
11560,2022,8,86.31
11560,2022,8,52.0
11560,2022,8,116.97
11560,2022,8,51.0
11560,2022,8,267.19
11560,2022,8,50.0
11560,2022,8,102.17
11560,2022,8,139.15
11560,2022,8,98.11
11560,2022,8,71.0
11560,2022,8,180.2
11560,2022,8,64.0
11560,2022,8,109.52
11560,2022,8,98.85
47830,2021,7,7184.2
47830,2021,7,2028.7
47830,2021,7,2909.9
47830,2021,7,1345.3
47830,2021,7,1925.0
47830,2021,7,6608.1
47830,2021,7,2567.3
47830,2021,7,2336.7
47830,2021,7,2784.6
47830,2021,7,2945.3
47830,2021,7,2117.9
47830,2021,7,4862.1
47830,2021,7,2013.9
48270,2021,7,153.88
48270,2021,7,2421.81
48270,2021,7,3752.31
48270,2021,7,83618.27
48270,2021,7,8529.72
11560,2022,8,168.65
11560,2022,8,83.02
11560,2022,8,86.38
11560,2022,8,169.1
11560,2022,8,45.33
11560,2022,8,126.21
11560,2022,8,148.98
11560,2022,8,162.75
11560,2022,8,135.31
11560,2022,8,74.0
11560,2022,8,105.68
11560,2022,8,194.31
11560,2022,8,234.22
11560,2022,8,191.07
11560,2022,8,200.88
11560,2022,8,23.0
11560,2022,8,65.0
11560,2022,8,41.0
11560,2022,8,47.0
48270,2022,9,94.2
48270,2022,9,11886.021
48270,2021,7,559.73
48270,2021,7,5072.93
48270,2021,7,22400.13
48270,2022,9,41869.56
11560,2022,8,134.1
48270,2021,7,8664.23
48270,2022,9,35.336
48270,2022,9,37.403
48270,2022,9,4552.76
48270,2021,8,3630.78
48270,2021,7,5586.29
48270,2021,7,6727.4
48270,2021,7,3799.02
48270,2021,7,3584.01
48270,2021,7,423011.22
48220,2021,8,9950.0
48240,2021,8,36790.824
48240,2021,8,611.7882
48240,2021,8,553.81537
48240,2021,8,3308.0173
48240,2021,8,1957.4103
48240,2021,8,1484.645
48240,2021,8,9109.376
48270,2021,7,13803.49
11560,2022,8,687.99
11560,2022,8,195.13
11560,2022,8,200.61
11560,2022,8,130.7
11560,2022,8,159.21
11560,2022,8,103.99
11560,2022,8,123.45
11560,2022,8,142.76
11560,2022,8,119.1
48270,2021,7,6649.88
48270,2022,9,16401.545
48270,2021,7,3006.19
48270,2021,7,2111.59
48270,2021,7,20687.25
11560,2022,8,997.38
11560,2022,8,137.75
11560,2022,8,143.29
11560,2022,8,167.65
11560,2022,8,184.33
11560,2022,8,15.58
11560,2022,8,58.0
11560,2022,8,155.64
11560,2022,8,129.31
11560,2022,8,194.79
11560,2022,8,153.85
48270,2021,7,23734.36
48270,2021,7,1.3245524e+06
48270,2021,7,4427.59
48270,2021,7,3333.31
48270,2021,8,3853.0
48270,2021,7,3275.91
48270,2021,7,5975.64
48270,2021,7,6843.34
48270,2021,7,2333.24
48270,2021,7,19700.46
48270,2021,7,3765.61
48270,2021,7,6606.13
48270,2021,7,12043.28
48270,2021,7,15658.78
48270,2021,7,5137.47
50130,2022,9,273.9
50130,2022,8,361.4
50130,2022,8,1709.3
50130,2022,8,115.5
50130,2022,8,1421.7
50130,2022,9,274.2
50130,2022,9,708.8
50130,2022,9,894.6
50130,2022,8,632.6
50130,2022,9,1800.1
50130,2022,9,267.4
50130,2022,9,609.9
50130,2022,9,4962.3
50130,2022,8,1554.6
48270,2021,7,58060.52
48270,2021,7,2012.67
48270,2021,8,5286.94
48270,2021,7,2531.17
48270,2021,7,4257.25
48270,2021,7,5086.93
48270,2021,7,5332.68
48270,2021,7,3763.09
48270,2021,7,2970.53
48270,2022,9,1112.371
11560,2022,8,271.78
11560,2022,8,169.63
11560,2022,8,141.06
11560,2022,8,133.3
11560,2022,8,138.03
11560,2022,8,176.35
11560,2022,8,134.13
11560,2022,8,78.93
11560,2022,8,206.85
11560,2022,8,1337.47
11560,2022,8,161.03
11560,2022,8,169.0
11560,2022,8,106.83
11560,2022,8,103.48
11560,2022,8,3412.49
11560,2022,8,223.94
11560,2022,8,190.49
11560,2022,8,199.6
11560,2022,8,171.75
48270,2022,9,10205.422
48270,2021,8,2661.15
48270,2022,9,3362.254
48270,2022,9,1687.013
48270,2022,9,11954.15
48270,2022,9,8864.596
48270,2022,9,26734.717
48310,2021,8,4954.4
48310,2021,8,53.9
48310,2021,8,1116.4
48310,2021,8,2274.5
48310,2021,8,8753.7
48310,2021,8,139.6
47830,2021,7,3969.6
50130,2022,9,1445.1
50130,2022,9,774.3
50130,2022,8,340.8
47900,2021,8,12363.0
47900,2021,8,75.0
50130,2022,9,1286.2
11560,2022,8,67.0
11560,2022,8,119.0
11560,2022,8,116.78
11560,2022,8,220.16
11560,2022,8,184.94
11560,2022,8,141.41
11560,2022,8,129.92
11560,2022,8,132.17
11560,2022,8,142.02
11560,2022,8,171.93
11560,2022,8,301.34
11560,2022,8,111.62
11560,2022,8,176.5
11560,2022,8,151.48
11560,2022,8,124.68
11560,2022,8,159.75
11560,2022,8,117.03
11560,2022,8,134.88
11560,2022,8,119.46
48220,2021,8,7649.0
48220,2021,8,928.7
11560,2022,8,226.0
11560,2022,8,137.72
11560,2022,8,130.87
11560,2022,8,129.21
11560,2022,8,109.7
11560,2022,8,210.25
11560,2022,8,94.72
11560,2022,8,203.28
11560,2022,8,100.24
11560,2022,8,112.6
11560,2022,8,111.73
11560,2022,8,102.3
11560,2022,8,1961.3
11560,2022,8,39.0
47830,2021,7,3996.4
47830,2021,7,1107.9
47830,2021,7,2717.5
47830,2021,7,811.3
47830,2021,7,4665.6
47830,2021,7,798.6
47830,2021,7,2848.9
47830,2021,7,2803.9
47830,2021,7,5239.7
47830,2021,7,1215.9
47830,2021,7,2690.4
47830,2021,7,772.2
47830,2021,7,3708.7
47830,2021,7,1982.7
47830,2021,7,2467.5
47830,2021,7,3760.7
48270,2021,7,18097.39
48270,2021,7,3364.11
48270,2022,9,21.559
48270,2021,7,4361.34
48270,2022,9,103.036
48270,2021,7,4016.33
48270,2021,7,4366.41
11560,2022,8,33.17
11560,2022,8,22.57
11560,2022,8,702.32
11560,2022,8,7228.81
11560,2022,8,2009.79
11560,2022,8,1314.33
11560,2022,8,693.77
11560,2022,8,371.16
11560,2022,8,158.81
11560,2022,8,90.25
11560,2022,8,72.0
11560,2022,8,48.0
11560,2022,8,70.0
11560,2022,8,400.85
11560,2022,8,114.51
11560,2022,8,109.76
11560,2022,8,85.01
11560,2022,8,132.67
11560,2022,8,67.35
11560,2022,8,175.35
11560,2022,8,78.34
11560,2022,8,28.0
11560,2022,8,40.0
11560,2022,8,42.0
48270,2021,7,1199.01
48270,2021,7,3829.19
48270,2021,7,332.78
48270,2021,7,32196.62
48270,2022,9,1666.217
48270,2021,7,13504.51
48270,2022,9,8623.626
48270,2021,7,14942.35
48270,2022,9,8740.988
48270,2021,7,167465.55
48270,2021,7,6093.97
48270,2021,7,21117.98
48270,2021,7,3128.32
48270,2021,7,17330.43
48270,2022,9,6399.184
48270,2022,9,2966.343
48270,2021,8,5244.08
48270,2021,8,1195.72
48270,2022,9,18094.908
48270,2021,8,3558.11
48270,2022,9,10417.664
48270,2022,9,8563.642
48270,2021,7,222.44
48270,2021,7,2190.86
11560,2022,8,126.64
11560,2022,8,156.7
11560,2022,8,168.28
11560,2022,8,182.19
11560,2022,8,134.95
11560,2022,8,82.0
48270,2021,7,187386.06
11560,2022,8,115.64
11560,2022,8,72.45
11560,2022,8,37.0
11560,2022,8,108.49
11560,2022,8,91.57
11560,2022,8,153.03
11560,2022,8,76.17
11560,2022,8,87.77
11560,2022,8,80.17
48270,2021,7,2884.23
48270,2021,7,1962.64
48270,2021,7,2794.57
48270,2021,7,3855.76
48270,2021,8,7817.67
48270,2021,7,3497.86
48270,2021,7,489712.88
48270,2021,7,2226.2
48270,2021,7,625.06
48270,2021,7,29174.92
48270,2021,7,67476.33
50130,2022,9,2218.7
50130,2022,8,378.1
50130,2022,8,178.0
50130,2022,9,1991.4
50130,2022,9,4701.8
50130,2022,8,4876.5
50130,2022,9,670.5
50130,2022,8,3029.6
50130,2022,9,468.8
50130,2022,8,1622.1
50130,2022,9,794.7
50130,2022,9,1912.4
50130,2022,9,522.2
50130,2022,9,1452.9
50130,2022,8,1490.5
50130,2022,8,2722.2
50130,2022,9,238.7
50130,2022,8,729.1
50130,2022,8,189.9
50130,2022,8,200.9
11560,2022,8,133.93
11560,2022,8,123.91
11560,2022,8,132.0
11560,2022,8,109.46
11560,2022,8,107.33
11560,2022,8,198.26
11560,2022,8,135.56
11560,2022,8,129.3
11560,2022,8,169.85
11560,2022,8,167.16
11560,2022,8,169.57
11560,2022,8,198.82
11560,2022,8,188.06
11560,2022,8,94.11
47750,2021,8,7553.3
47750,2021,8,209.1
47750,2021,8,2872.7
47750,2021,8,221.2
48310,2021,8,5630.2
48310,2021,8,320.5
48310,2021,8,443.8
48310,2021,8,3139.9
48310,2021,8,196.9
50110,2021,9,44.4
50110,2021,9,315.0
50110,2021,9,3453.5
50110,2021,9,227.5
50110,2021,9,202.6
50110,2021,9,144.1
50110,2021,9,1398.2
50110,2021,9,712.6
50110,2021,9,670.9
50110,2021,9,1362.4
50110,2021,9,1039.2
47900,2021,8,197.0
47900,2021,8,5227.0
47900,2021,8,7762.0
48220,2021,8,1060.1
11560,2022,8,43.0
11560,2022,8,118.52
11560,2022,8,140.89
11560,2022,8,63.0
11560,2022,8,53.0
11560,2022,8,127.57
11560,2022,8,163.93
11560,2022,8,253.26
11560,2022,8,143.19
11560,2022,8,514.0
11560,2022,8,200.09
11560,2022,8,196.46
11560,2022,8,153.12
11560,2022,8,101.16
47750,2021,8,9114.0
47750,2021,8,5566.2
47750,2021,8,5442.0
48270,2021,7,1893.52
48270,2021,7,6363.79
48270,2022,9,755.101
48270,2021,7,3182.66
48270,2022,9,114.61
47830,2021,7,540.5
47830,2021,7,2407.2
47830,2021,7,2706.8
47830,2021,7,988.4
50130,2020,9,1992.1
50130,2020,9,1898.2
50130,2020,9,1675.2
50130,2020,9,1743.2
50130,2020,9,2841.2
50130,2020,9,4692.8
50130,2020,9,4127.1
50130,2020,9,1659.4
50130,2020,9,2917.0
50130,2020,9,2536.3
50130,2020,9,659.6
50130,2020,9,1096.1
50130,2020,9,14712.6
50130,2020,9,2791.2
50130,2020,9,1940.8
50130,2020,9,1833.4
50130,2020,9,1398.5
50130,2020,9,2328.9
50130,2020,9,1390.0
50130,2020,9,1402.1
50130,2020,9,331.3
50130,2020,9,1809.4
41390,2022,8,72.7
41390,2022,8,68.5
41390,2022,8,70.4
41390,2022,8,65.1
41390,2022,6,60.1
41390,2022,8,83.5
41390,2022,8,69.5
41390,2022,8,58.8
41390,2022,8,40.3
41390,2022,8,99.5
41390,2022,8,46.1
48890,2020,8,4283.8
41210,2022,8,286.3
41210,2022,8,126.3
41210,2022,8,342.6
41650,2022,8,6865.952
41650,2022,8,316.462
41650,2022,8,1689.058
41650,2022,8,448.208
41210,2022,8,126.5
41650,2022,8,6995.945
41650,2022,8,375.875
41650,2022,8,3657.482
41650,2022,8,2549.429
41650,2022,8,2352.298
41650,2022,8,953.228
41650,2022,8,1182.475
41650,2022,8,2941.956
41210,2022,8,245.8
41210,2022,8,259.2
41210,2022,8,303.3
41461,2022,8,12239.7
41461,2022,8,6031.3
41461,2022,8,15374.8
41461,2022,8,7206.0
41461,2022,8,19645.8
41461,2022,8,15637.6
41461,2022,8,12960.1
41461,2022,8,1235.9
41461,2022,8,17744.7
50110,2020,9,74.5
50110,2020,9,1053.3
50110,2020,9,633.0
50110,2020,9,4744.3
50110,2020,9,531.8
50110,2020,9,27.0
50110,2020,9,369.1
50110,2020,9,614.7
50110,2020,9,115.5
50110,2020,9,725.0
50110,2020,9,307.6
50110,2020,9,561.0
41210,2022,8,248.8
41210,2022,8,132.9
41210,2022,8,374.8
41210,2022,8,476.3
41210,2022,8,580.1
41210,2022,8,128.4
41210,2022,8,354.5
41210,2022,8,809.4
41210,2022,8,532.4
41210,2022,8,133.6
41210,2022,8,122.3
41210,2022,8,125.2
41390,2022,8,40.5
11590,2022,8,2222.6
11590,2022,8,1068.9
11590,2022,8,379.6
11590,2022,8,1963.93
11590,2022,8,3434.64
11590,2022,8,882.97
11590,2022,8,123.81
11590,2022,8,3529.52
11590,2022,8,285.91
11590,2022,8,24.82
11590,2022,8,949.64
11590,2022,8,560.2
11590,2022,8,190.0
11590,2022,8,422.32
11590,2022,8,117.83
11590,2022,8,125.5
11590,2022,8,75.0
11590,2022,8,472.6
11590,2022,8,236.1
11590,2022,8,323.88
11590,2022,8,567.5
11590,2022,8,3131.43
11590,2022,8,310.37
11590,2022,8,288.3
11590,2022,8,316.4
11590,2022,8,138.7
11590,2022,8,109.39
11590,2022,8,5722.9
11590,2022,8,41.01
11590,2022,8,85.44
11590,2022,8,275.5
11590,2022,8,327.2
11590,2022,8,124.8
11590,2022,8,244.2
11590,2022,8,493.2
11590,2022,8,102.55
11590,2022,8,56.31
11590,2022,8,599.9
11590,2022,8,223.8
11590,2022,8,111.6
11590,2022,8,109.87
11590,2022,8,116.7
11590,2022,8,440.75
11590,2022,8,101.7
11590,2022,8,1186.4
11590,2022,8,295.4
11590,2022,8,187.31
11590,2022,8,5872.0
41210,2021,7,57.9
41210,2022,8,134.8
41210,2021,7,63.3
41210,2022,8,57.0
11590,2022,8,78.7
11590,2022,8,91.22
11590,2022,8,298.0
11590,2022,8,558.1
11590,2022,8,789.82
11590,2022,8,118.3
11590,2022,8,105.7
11590,2022,8,90.5
11590,2022,8,316.35
11590,2022,8,121.0
11590,2022,8,93.39
11590,2022,8,24.15
11590,2022,8,2626.73
11590,2022,8,61.23
11590,2022,8,65.3
11590,2022,8,198.2
11590,2022,8,188.0
11590,2022,8,55.59
11590,2022,8,374.07
11590,2022,8,6.86
11590,2022,8,101.16
11590,2022,8,553.85
11590,2022,8,108.66
50130,2020,9,2564.8
50130,2020,9,704.4
50130,2020,8,3014.6
50130,2020,8,1706.8
11590,2022,8,1880.08
11590,2022,8,75.05
11590,2022,8,2011.25
11590,2022,8,310.9
11590,2022,8,56.8
11590,2022,8,1261.7
11590,2022,8,290.0
11590,2022,8,157.06
11590,2022,8,6489.83
11590,2022,8,238.5
11590,2022,8,115.7
11590,2022,8,458.1
11590,2022,8,275.45
11590,2022,8,261.2
11590,2022,8,310.0
11590,2022,8,301.1
11590,2022,8,190.3
11590,2022,8,442.0
41461,2022,8,4139.4
41461,2022,8,1272.0
41461,2022,8,919.5
50130,2020,8,5189.8
50130,2020,8,3397.6
50130,2020,9,4125.5
50130,2020,9,2742.2
50130,2020,8,1777.4
50130,2020,9,2528.4
50130,2020,8,1927.7
50130,2020,9,9213.9
50130,2020,8,3647.8
50130,2020,8,1530.4
50130,2020,9,988.1
50130,2020,9,1562.5
41210,2022,8,1923.0
41210,2022,8,738.0
41210,2022,8,117.4
41210,2022,8,127.9
41210,2022,8,243.7
41210,2022,8,122.1
41210,2022,8,125.5
41210,2022,8,615.6
41210,2022,8,1422.9
41210,2022,8,108.4
41210,2022,8,125.1
41210,2022,8,128.0
41210,2022,8,242.5
41210,2022,8,132.2
41210,2022,8,530.1
41210,2022,8,127.0
41210,2022,8,199.8
50130,2022,9,434.9
50130,2020,9,4756.3
50130,2020,9,3490.1
50130,2020,8,2042.9
50130,2020,8,1829.9
50130,2020,8,1905.8
50130,2020,9,2854.6
50130,2020,8,1875.0
50130,2020,9,4009.1
41390,2022,8,91.4
41390,2022,8,91.6
41390,2022,8,88.8
41390,2022,8,89.0
41390,2022,9,89.4
41390,2022,8,91.5
41390,2022,8,72.3
41390,2022,8,86.4
41390,2022,8,112.6
41390,2022,6,32.9
41390,2022,6,33.1
41430,2022,8,7569.5
41461,2022,8,22984.6
41461,2022,8,12971.3
41461,2022,8,4853.5
41650,2022,8,2604.003
50130,2020,8,1543.7
50130,2020,9,2843.0
50130,2020,8,2376.2
50130,2020,9,131.9
50130,2020,9,4680.2
50130,2020,8,912.1
50130,2020,8,3307.9
11590,2022,8,1510.81
11590,2022,8,29160.34
11590,2022,8,526.49
11590,2022,8,370.6
11590,2022,8,79.6
11590,2022,8,51.28
11590,2022,8,100.1
50110,2020,9,232.8
50110,2020,9,45.8
50110,2020,9,185.8
11590,2022,8,121.1
11590,2022,8,126.3
11590,2022,8,107.1
11590,2022,8,205.1
11590,2022,8,137.4
11590,2022,8,61.5
11590,2022,8,273.25
11590,2022,8,1726.0
11590,2022,8,155.0
50130,2020,9,1656.9
50130,2020,8,2235.3
11590,2022,8,295.82
11590,2022,8,749.22
11590,2022,8,210.46
11590,2022,8,916.7
11590,2022,8,148.8
11590,2022,8,140.05
11590,2022,8,171.12
11590,2022,8,554.3
11590,2022,8,1328.4
11590,2022,8,107.99
11590,2022,8,7.06
11590,2022,8,156.14
11590,2022,8,129.11
11590,2022,8,673.6
11590,2022,8,211.12
11590,2022,8,125.23
11590,2022,8,5457.1
11590,2022,8,155.81
11590,2022,8,57.8
11590,2022,8,972.14
11590,2022,8,198.3
11590,2022,8,1761.7
11590,2022,8,139.8
11590,2022,8,96.43
11590,2022,8,303.3
11590,2022,8,1267.8
11590,2022,8,555.38
11590,2022,8,1223.2
11590,2022,8,2286.6
11590,2022,8,351.8
11590,2022,8,38.87
11590,2022,8,228.8
11590,2022,8,185.08
11590,2022,8,176.0
11590,2022,8,32.42
11590,2022,8,128.52
11590,2022,8,57.31
11590,2022,8,205.96
11590,2022,8,52.45
11590,2022,8,97.7
11590,2022,8,155.18
11590,2022,8,171.0
11590,2022,8,218.9
11590,2022,8,341.0
11590,2022,8,554.5
11590,2022,8,135.11
11590,2022,8,217.76
11590,2022,8,342.6
11590,2022,8,258.9
11590,2022,8,8.7
11590,2022,8,155.6
11590,2022,8,827.7
11590,2022,8,99.2
11590,2022,8,276.0
11590,2022,8,86.98
11590,2022,8,132.53
11590,2022,8,132.3
11590,2022,8,532.78
11590,2022,8,118.4
11590,2022,8,117.78
11590,2022,8,3695.58
11590,2022,8,3451.21
11590,2022,8,1145.1
11590,2022,8,493.6
11590,2022,8,520.74
11590,2022,8,109.59
11590,2022,8,1129.2
11590,2022,8,154.5
48270,2021,7,12118.14
11590,2022,8,825.4
11590,2022,8,78.6
11590,2022,8,490.7
11590,2022,8,1902.16
11590,2022,8,702.27
11590,2022,8,113.5
11590,2022,8,23.26
11590,2022,8,16.88
11590,2022,8,756.77
11590,2022,8,566.66
11590,2022,8,24.57
11590,2022,8,48.87
11590,2022,8,48.45
11590,2022,8,146.6
11590,2022,8,100.03
11590,2022,8,216.4
11590,2022,8,3550.8
11590,2022,8,4689.25
11590,2022,8,476.56
11590,2022,8,118.7
11590,2022,8,57.7
11590,2022,8,2364.9
11590,2022,8,108.1
11590,2022,8,177.1
11590,2022,8,12.96
11590,2022,8,771.7
11590,2022,8,128.7
11590,2022,8,166.99
11590,2022,8,231.0
11590,2022,8,225.4
11590,2022,8,77.3
11590,2022,8,376.2
11590,2022,8,106.9
11590,2022,8,98.5
11590,2022,8,1654.29
11590,2022,8,55.05
11590,2022,8,5276.9
11590,2022,8,106.4
11590,2022,8,1251.1
11590,2022,8,231.75
11590,2022,8,224.7
11590,2022,8,21.62
11590,2022,8,417.3
11590,2022,8,859.8
11590,2022,8,34.76
11590,2022,8,135.0
11590,2022,8,763.7
11590,2022,8,849.1
11590,2022,8,136.2
11590,2022,8,189.23
11590,2022,8,243.55
11590,2022,8,75.8
11590,2022,8,117.3
11590,2022,8,2581.03
11590,2022,8,278.7
11590,2022,8,329.37
11590,2022,8,175.37
11590,2022,8,32.72
11590,2022,8,166.2
11590,2022,8,133.3
11590,2022,8,18.83
11590,2022,8,224.2
11590,2022,8,1380.0
11590,2022,8,642.6
11590,2022,8,153.85
11590,2022,8,100.19
11590,2022,8,2837.77
11590,2022,8,168.0
11590,2022,8,1017.3
11590,2022,8,956.37
11590,2022,8,171.7
11590,2022,8,330.2
11590,2022,8,1358.4
11590,2022,8,127.2
11590,2022,8,62.01
11590,2022,8,288.0
11590,2022,8,3273.2
11590,2022,8,51.4
11590,2022,8,412.6
11560,2022,8,184.34
11560,2022,8,57.0
11560,2022,8,44.0
11590,2022,8,2792.91
11590,2022,8,904.3
11590,2022,8,16.6
11590,2022,8,379.7
11590,2022,8,52.33
11590,2022,8,1318.34
11590,2022,8,399.08
11590,2022,8,170.7
11590,2022,8,179.3
11590,2022,8,154.2
11590,2022,8,208.9
11590,2022,8,272.59
11590,2022,8,303.8
11590,2022,8,1764.91
11590,2022,8,143.8
11590,2022,8,229.6
11590,2022,8,430.0
11590,2022,8,401.4
11590,2022,8,279.61
11590,2022,8,13.4
11590,2022,8,513.6
11590,2022,8,252.4
11590,2022,8,2967.43
11590,2022,8,2414.9
11590,2022,8,495.4
11590,2022,8,177.6
11590,2022,8,16.82
11590,2022,8,761.8
11590,2022,8,301.3
11590,2022,8,224.1
11590,2022,8,3280.07
11590,2022,8,381.6
11590,2022,8,19.56
11590,2022,8,3859.1
11590,2022,8,183.9
11590,2022,8,120.0
11590,2022,8,171.49
11590,2022,8,992.34
11590,2022,8,37.33
11590,2022,8,305.19
11590,2022,8,927.1
11590,2022,8,881.1
11590,2022,8,653.15
11590,2022,8,3636.6
11590,2022,8,211.39
11590,2022,8,766.5
11560,2022,8,78.78
11590,2022,8,180.79
11590,2022,8,6896.8
11590,2022,8,378.6
11590,2022,8,1053.5
11590,2022,8,116.9
11590,2022,8,59.12
11590,2022,8,234.2
11590,2022,8,663.7
11590,2022,8,1271.54
11590,2022,8,233.36
11590,2022,8,3658.6
11590,2022,8,137.0
11590,2022,8,29.38
11590,2022,8,101.81
50130,2020,9,2691.1
50130,2020,9,1715.3
50130,2020,9,2521.1
50130,2020,9,1998.4
50130,2020,9,3942.2
50130,2020,9,6367.7
50130,2020,9,1913.6
11590,2022,8,1224.54
11590,2022,8,625.4
11590,2022,8,84.7
11590,2022,8,121.2
11590,2022,8,633.46
11590,2022,8,132.1
11590,2022,8,554.6
11590,2022,8,92.0
11590,2022,8,597.42
11590,2022,8,687.0
11590,2022,8,441.3
11590,2022,8,104.3
11590,2022,8,103.9
50130,2020,9,1799.9
50130,2020,9,3036.6
50130,2020,9,3676.9
50130,2020,9,2235.5
50130,2020,9,1632.4
41650,2022,8,414.773
41650,2022,8,297.783
41650,2022,8,1902.268
41650,2022,8,1166.467
41650,2022,8,2277.566
41650,2022,8,3463.127
41650,2022,8,4631.087
41650,2022,8,3200.643
41650,2022,8,2521.556
41650,2022,8,924.046
41650,2022,8,988.127
41210,2022,8,133.5
41210,2022,8,554.1
41210,2022,8,130.9
41650,2022,8,3927.405
41650,2022,8,701.204
41650,2022,8,405.095
41650,2022,8,3940.005
41650,2022,8,1752.389
41650,2022,8,2923.023
41650,2022,8,927.976
41650,2022,8,1165.126
41650,2022,8,2057.918
41650,2022,8,4855.921
41650,2022,8,1939.281
41650,2022,8,4655.686
41650,2022,8,961.995
41650,2022,8,1019.823
41650,2022,8,4097.857
41650,2022,8,5603.192
41650,2022,8,1630.413
41650,2022,8,752.909
41650,2022,8,1321.241
41650,2022,8,335.93
41650,2022,8,825.939
41650,2022,8,5816.131
41390,2022,8,80.9
41390,2022,6,51.4
41390,2022,8,74.3
41390,2022,7,55.8
41390,2022,7,42.1
41390,2022,7,56.0
41390,2022,8,38.9
41390,2022,8,90.7
41390,2022,8,83.8
41390,2022,8,74.0
41390,2022,8,28.3
41461,2022,8,5121.3
41461,2022,8,7361.3
41461,2022,8,3791.3
41461,2022,8,2275.2
41210,2022,8,401.2
41210,2022,8,274.6
41210,2022,8,125.7
41210,2022,8,244.4
41210,2022,8,351.1
41210,2022,8,127.1
41210,2022,8,416.3
41210,2022,8,132.5
41210,2022,8,470.3
41210,2022,8,129.9
41210,2022,8,88.2
41210,2022,8,712.7
41210,2022,8,283.7
41210,2022,8,147.2
41210,2022,8,428.8
41210,2022,8,115.7
41210,2022,8,139.9
41210,2022,8,144.3
41210,2022,8,41.9
41210,2022,8,1832.7
41210,2022,8,105.9
41210,2022,8,336.7
41210,2022,8,143.7
41210,2022,8,86.5
41210,2022,8,95.7
41210,2022,8,122.7
41210,2022,8,171.0
41210,2022,8,197.6
41210,2022,8,804.1
41210,2022,8,180.0
41210,2022,8,200.5
41210,2022,8,109.2
41210,2022,8,360.3
41210,2022,8,269.5
41210,2022,8,272.4
41390,2022,7,31.3
41390,2022,8,93.4
41390,2022,7,63.3
41390,2022,7,59.7
41390,2022,8,60.0
41390,2022,8,54.3
41390,2022,8,30.3
41390,2022,8,30.4
41390,2022,7,101.5
41390,2022,7,43.0
41390,2022,8,46.2
41390,2022,8,52.9
41390,2022,8,26.8
41390,2022,8,50.0
41390,2022,8,42.4
41390,2022,8,67.6
41390,2022,8,36.2
41390,2022,8,82.1
41461,2022,8,3712.9
41461,2022,8,5797.8
41461,2022,8,5850.8
41461,2022,8,19772.0
41430,2022,8,15126.8
41430,2022,8,14388.4
41650,2022,8,1771.307
41650,2022,8,821.218
41650,2022,8,158.544
41650,2022,8,1002.835
41650,2022,8,1228.156
41650,2022,8,384.71
41461,2022,8,8824.0
41430,2022,8,6070.7
41430,2022,9,3642.2
41430,2022,9,3880.3
41430,2022,8,5742.9
41430,2022,9,1316.1
41430,2022,8,13528.4
41430,2022,8,892.4
41430,2022,9,1828.2
41461,2022,8,4317.1
41461,2022,8,2364.2
41461,2022,8,2097.3
41461,2022,8,4684.9
41461,2022,8,5187.6
41461,2022,8,3595.1
41461,2022,8,10353.5
41461,2022,8,5905.6
41461,2022,8,10694.8
41461,2022,8,5253.0
41461,2022,8,2434.8
41461,2022,8,2909.1
41461,2022,8,8993.6
41461,2022,8,3384.8
41461,2022,8,9797.4
41461,2022,8,5834.2
41461,2022,8,5145.6
41461,2022,8,5921.8
41461,2022,8,3341.5
41461,2022,8,6008.8
41461,2022,8,8396.4
41465,2022,8,51.1
41650,2022,8,36286.527
41210,2022,8,267.7
41210,2022,8,404.1
41210,2022,8,325.8
41210,2022,8,583.8
41210,2022,8,253.7
41210,2022,8,130.3
41210,2022,8,137.7
41210,2022,8,124.1
41650,2022,8,1485.832
41650,2022,8,1544.558
41461,2022,8,1900.1
41461,2022,8,4907.3
41461,2022,8,75800.1
41461,2022,8,804.4
41461,2022,8,4495.3
41461,2022,8,29872.3
41461,2022,8,3206.3
41461,2022,8,8429.3
41461,2022,8,4728.6
41461,2022,8,3430.7
41465,2022,8,257.8
41461,2022,8,12110.2
41465,2022,8,515.0
41465,2022,8,433.7
41465,2022,8,652.1
41465,2022,8,265.7
41465,2022,8,722.6
41465,2022,8,577.5
41465,2022,8,872.4
41465,2022,8,630.9
41465,2022,8,612.3
41465,2022,8,865.2
41465,2022,8,635.0
41465,2022,8,152.3
41465,2022,8,754.9
41465,2022,8,112.8
41465,2022,8,947.9
41210,2022,8,98.2
41210,2022,8,121.9
41210,2022,8,368.5
41210,2022,8,269.4
41210,2022,8,276.9
41210,2022,8,119.0
41210,2022,8,1671.3
41210,2022,8,288.9
41210,2022,8,834.2
41390,2022,8,566.7
41390,2022,8,37.8
41390,2022,8,46.5
41390,2022,8,97.1
41390,2022,8,63.0
41390,2022,8,71.8
41390,2022,6,81.7
41390,2022,8,51.3
11560,2022,8,1915.53
11710,2022,8,151.0
11710,2022,8,174.0
11710,2022,8,154.0
11710,2022,8,77.0
11710,2022,8,158.0
11590,2022,8,3000.3
11590,2022,8,1747.05
11590,2022,8,306.1
11590,2022,8,1363.5
11590,2022,8,122.6
11590,2022,8,17.69
11590,2022,8,143.13
11590,2022,8,109.7
11590,2022,8,170.2
11590,2022,8,135.33
11590,2022,8,3542.32
11590,2022,8,12107.5
11590,2022,8,6099.3
11590,2022,8,523.3
11590,2022,8,477.89
11590,2022,8,252.91
11590,2022,8,588.27
11590,2022,8,866.8
11590,2022,8,165.8
11590,2022,8,4227.9
11590,2022,8,298.5
11590,2022,8,341.1
11590,2022,8,69.01
11590,2022,8,1197.5
11590,2022,8,143.5
11590,2022,8,127.4
11590,2022,8,2520.33
11590,2022,8,562.21
11590,2022,8,872.2
11590,2022,8,84.99
11590,2022,8,296.3
11710,2022,8,149.0
11710,2022,8,81.0
11710,2022,8,225.0
11710,2022,8,247.0
11710,2022,8,206.0
11710,2022,8,210.0
11710,2022,8,136.0
11710,2022,8,127.0
11710,2022,8,190.0
11710,2022,8,118.0
11710,2022,8,476.0
11710,2022,8,248.0
11710,2022,8,134.0
11710,2022,8,246.0
11710,2022,8,173.0
11710,2022,8,12.0
11710,2022,8,237.0
11710,2022,8,209.0
11710,2022,8,159.0
11590,2022,8,2796.02
11590,2022,8,60.3
11590,2022,8,443.4
11590,2022,8,865.4
11590,2022,8,72.52
11590,2022,8,642.4
11590,2022,8,77.02
11590,2022,8,249.3
11590,2022,8,372.9
11590,2022,8,714.7
11590,2022,8,2624.75
11590,2022,8,101.58
11590,2022,8,343.9
11590,2022,8,118.2
11590,2022,8,249.4
11590,2022,8,104.9
11590,2022,8,140.7
11590,2022,8,398.8
11590,2022,8,307.0
11590,2022,8,84.2
11590,2022,8,182.3
11590,2022,8,59.3
11590,2022,8,2906.24
11590,2022,8,158.5
11590,2022,8,443.3
11590,2022,8,108.9
11590,2022,8,51.6
11590,2022,8,501.0
11590,2022,8,2500.41
11590,2022,8,126.19
11590,2022,8,72.4
11590,2022,8,66.78
11740,2022,8,749.3798
11740,2022,8,348.8467
11740,2022,8,166.33835
11740,2022,8,726.6506
11740,2022,8,104.77424
11740,2022,8,238.35638
11740,2022,8,316.50894
11740,2022,8,183.20403
11740,2022,8,134.20293
11740,2022,8,145.96884
11740,2022,8,256.68228
11740,2022,9,333.6532
11740,2022,8,174.33844
11740,2022,8,957.1534
11740,2022,8,323.1855
11740,2022,8,226.17526
11740,2022,8,129.80759
11740,2022,8,603.7212
11740,2022,8,117.96773
11590,2022,8,176.5
11590,2022,8,199.0
11590,2022,8,224.6
11590,2022,8,116.89
11590,2022,8,92.5
11590,2022,8,1894.38
11590,2022,8,396.13
11590,2022,8,301.83
11590,2022,8,199.4
11590,2022,8,346.68
11590,2022,8,215.9
11590,2022,8,176.3
11590,2022,8,117.5
11590,2022,8,455.74
11590,2022,8,179.6
11590,2022,8,363.38
11590,2022,8,30.03
11590,2022,8,1616.8
11590,2022,8,136.4
11590,2022,8,322.7
11590,2022,8,184.2
11590,2022,8,291.8
11590,2022,8,469.1
11590,2022,8,3737.43
11590,2022,8,233.56
11590,2022,8,111.5
11590,2022,8,597.5
11590,2022,8,1355.3
11590,2022,8,130.67
11590,2022,8,9.92
11590,2022,8,1025.7
11590,2022,8,33.69
11590,2022,8,54.18
11590,2022,8,771.42
11590,2022,8,295.0
41650,2022,8,570.018
11590,2022,8,769.53
11590,2022,8,50.54
11590,2022,8,216.1
11710,2022,8,224.0
11710,2022,8,217.0
11710,2022,8,211.0
11710,2022,8,208.0
11710,2022,8,177.0
11710,2022,8,65.0
11710,2022,8,121.0
11710,2022,8,117.0
11710,2022,8,296.0
11710,2022,8,82.0
11710,2022,8,152.0
11710,2022,8,58.0
11710,2022,8,124.0
11710,2022,8,76.0
11710,2022,8,353.0
11710,2022,8,113.0
11710,2022,8,282.0
11710,2022,8,56.0
41650,2022,8,994.478
11590,2022,8,15613.23
11590,2022,8,920.42
11590,2022,8,6.28
11590,2022,8,312.8
11590,2022,8,340.7
11590,2022,8,31.12
11590,2022,8,136.0
11590,2022,8,91.4
11590,2022,8,722.3
11590,2022,8,360.92
11590,2022,8,209.49
11590,2022,8,442.8
11590,2022,8,178.4
11590,2022,8,706.8
11590,2022,8,215.15
11590,2022,8,162.8
41650,2022,8,3521.511
11590,2022,8,607.05
11590,2022,8,231.34
11590,2022,8,180.5
11590,2022,8,98.4
11590,2022,8,1053.42
11590,2022,8,2561.62
11590,2022,8,54.03
11590,2022,8,152.9
11590,2022,8,334.4
11590,2022,8,2656.3
11590,2022,8,300.8
11590,2022,8,199.2
11590,2022,8,94.99
11590,2022,8,94.4
11590,2022,8,115.74
11590,2022,8,29.07
48740,2020,8,12156.84
48740,2020,8,6743.4
48740,2020,8,1732.04
48740,2020,8,239.01
48740,2020,8,3141.27
48740,2020,8,5828.79
48740,2020,8,30915.83
48740,2020,8,4034.34
48740,2020,8,12099.63
48740,2020,8,3728.38
48740,2020,8,3344.77
48740,2020,8,1526.27
48740,2020,8,247.88
48740,2020,8,507.1
48740,2020,8,192.7
48740,2020,8,32.03
48740,2020,8,3105.55
48740,2020,8,30.23
48740,2020,8,418.67
48740,2020,8,39.94
48740,2020,8,177.83
48740,2020,8,7461.32
48740,2020,8,328.72
48740,2020,8,263.0
48740,2020,8,4089.14
48740,2020,8,7914.76
48740,2020,8,4891.5
48740,2020,8,67618.83
48740,2020,8,708.81
48740,2020,8,349.82
48740,2020,8,5756.97
48740,2020,8,4129.85
48740,2020,8,6643.29
48740,2020,8,19831.69
48740,2020,8,5074.62
48740,2020,8,1740.07
48740,2020,8,1578.5
48740,2020,8,131.42
48740,2020,8,827.93
48740,2020,8,953.54
48740,2020,8,222.63
48740,2020,8,2962.51
48740,2020,8,120947.85
48740,2020,8,1999.94
48740,2020,8,23.59
11590,2022,8,2535.38
11590,2022,8,163.7
11590,2022,8,406.9
11590,2022,8,1336.5
11590,2022,8,2074.64
11590,2022,8,124.7
11590,2022,8,1331.6
11590,2022,8,31.42
50130,2020,8,2374.4
11590,2022,8,980.34
11590,2022,8,217.23
11590,2022,8,3209.3
11590,2022,8,726.0
11590,2022,8,61.45
11590,2022,8,2076.9
11590,2022,8,95.5
11590,2022,8,924.2
11590,2022,8,461.9
11590,2022,8,250.5
11590,2022,8,636.6
11590,2022,8,90.9
11590,2022,8,117.8
11590,2022,8,179.5
11590,2022,8,403.31
11590,2022,8,174.61
11590,2022,8,664.0
11590,2022,8,172.7
11590,2022,8,248.6
11590,2022,8,866.9
11590,2022,8,177.7
11590,2022,8,1208.8
11590,2022,8,825.0
11590,2022,8,1743.05
11590,2022,8,86.6
11590,2022,8,758.1
11590,2022,8,245.31
11590,2022,8,2727.03
11590,2022,8,630.24
11590,2022,8,603.8
50130,2020,9,3992.4
50130,2020,8,1978.8
50130,2020,9,1996.3
11590,2022,8,1184.45
11590,2022,8,295.5
11590,2022,8,31.96
11590,2022,8,75.35
11590,2022,8,105.2
11590,2022,8,164.0
41465,2022,8,401.9
11590,2022,8,284.7
11590,2022,8,20.49
11590,2022,8,38.44
11590,2022,8,2471.16
11590,2022,8,4483.9
11590,2022,8,1084.4
11590,2022,8,47.81
11590,2022,8,66.9
11590,2022,8,67.17
11590,2022,8,123.9
11590,2022,8,7742.9
11590,2022,8,321.3
11590,2022,8,109.0
11590,2022,8,8.16
11590,2022,8,44.9
11590,2022,8,132.2
11590,2022,8,81.4
11590,2022,8,241.2
11590,2022,8,1135.2
11590,2022,8,208.2
11590,2022,8,247.0
11590,2022,8,524.2
11590,2022,8,330.33
11590,2022,8,13.41
11590,2022,8,304.51
11590,2022,8,280.3
11590,2022,8,125.4
11590,2022,8,653.5
11590,2022,8,135.1
11590,2022,8,19.15
11590,2022,8,219.4
11590,2022,8,255.0
11590,2022,8,66.34
11590,2022,8,147.16
11590,2022,8,344.4
11590,2022,8,126.8
11590,2022,8,20.31
11590,2022,8,284.59
11590,2022,8,51.04
11590,2022,8,136.49
11590,2022,8,245.41
11590,2022,8,448.3
11590,2022,8,269.07
11590,2022,8,52.47
11590,2022,8,1632.64
11590,2022,8,383.9
11590,2022,8,494.46
11590,2022,8,704.94
11590,2022,8,138.3
11590,2022,8,132.7
11590,2022,8,195.2
11590,2022,8,38.98
11590,2022,8,85.4
11590,2022,8,910.8
11590,2022,8,496.2
11590,2022,8,93.9
11590,2022,8,171.4
11590,2022,8,494.2
11590,2022,8,39.5
11590,2022,8,785.7
11590,2022,8,309.6
11590,2022,8,79.01
11590,2022,8,22.02
11590,2022,8,991.5
11590,2022,8,26.92
48270,2021,9,62218.57
48270,2021,7,55244.15
48270,2021,8,1891.37
11560,2022,8,96.24
28110,2021,8,1730.88
28110,2022,8,200.1
28110,2021,8,11830.31
28110,2022,8,1421.4
28110,2021,8,2302.83
28110,2021,8,9766.39
28177,2022,8,7577.2
28200,2022,8,769.3
28200,2022,8,1878.0
28237,2022,8,9645.4
28245,2021,8,45.6
28260,2021,8,138.1
11710,2022,8,167.0
11710,2022,8,335.0
11710,2022,8,299.0
11710,2022,8,202.0
11710,2022,8,147.0
11710,2022,8,204.0
11710,2022,8,160.0
11710,2022,8,223.0
11710,2022,8,185.0
11710,2022,8,123.0
11710,2022,8,381.0
11710,2022,8,74.0
11710,2022,8,288.0
11710,2022,8,143.0
11710,2022,8,126.0
11710,2022,8,198.0
11710,2022,8,165.0
11710,2022,8,176.0
11710,2022,8,226.0
11740,2022,8,183.94365
11740,2022,8,312.78326
11740,2022,8,98.46453
11740,2022,8,255.85712
11740,2022,9,85.52528
11740,2022,8,158.34523
11740,2022,8,160.07774
11740,2022,8,511.0496
11740,2022,8,96.90629
11740,2022,8,202.67711
11740,2022,8,323.4866
11740,2022,8,464.05325
11740,2022,8,238.43675
11740,2022,8,118.97945
11740,2022,8,330.04517
11740,2022,8,124.55462
11740,2022,8,143.89268
11740,2022,8,149.96954
11740,2022,8,188.09203
26140,2022,9,1210.4
28260,2022,8,8611.6
29140,2021,7,131.1
29140,2021,7,118.9
29155,2021,7,1826.3
29155,2021,7,1892.4
29155,2021,7,1246.9
29155,2021,7,2054.0
29155,2021,7,1842.4
11710,2022,8,140.0
11710,2022,8,139.0
11710,2022,8,99.0
11710,2022,8,157.0
26440,2021,8,4031.4
26440,2021,8,4393.8
26440,2021,8,8750.4
26440,2021,8,989.4
26440,2021,8,2294.9
26470,2021,8,5843.6
26470,2021,8,607.0
26470,2021,8,4180.1
26470,2021,8,4192.9
26470,2021,8,1300.5
26470,2021,8,28441.0
26470,2021,8,785.9
26470,2021,8,2356.5
26470,2021,8,402.6
11710,2022,8,655.0
11710,2022,8,97.0
11710,2022,8,108.0
11710,2022,8,90.0
11710,2022,8,85.0
11710,2022,8,229.0
11710,2022,8,96.0
11710,2022,8,452.0
11710,2022,8,102.0
11710,2022,8,142.0
11710,2022,8,155.0
11710,2022,8,129.0
11710,2022,8,141.0
11710,2022,8,14.0
11710,2022,8,148.0
11710,2022,8,135.0
11710,2022,8,132.0
11710,2022,8,162.0
11710,2022,8,184.0
11710,2022,8,260.0
11710,2022,8,120.0
11710,2022,8,63.0
26140,2022,9,3878.3
26140,2022,9,78356.2
41171,2022,8,2571.2
41171,2022,8,1125.5
41173,2022,8,2465.7
11710,2022,8,89.0
11710,2022,8,153.0
11710,2022,8,279.0
11710,2022,8,92.0
11710,2022,8,57.0
11680,2022,8,360.0
11710,2022,8,87.0
11710,2022,8,66.0
11710,2022,8,109.0
11710,2022,8,62.0
11710,2022,8,100.0
11710,2022,8,125.0
11710,2022,8,218.0
26350,2021,8,5913.4
26350,2022,9,399.4
26380,2021,8,860.4
26380,2021,8,565.3
26380,2021,8,198.2
26380,2021,8,3503.9
41210,2022,8,162.9
41210,2022,8,415.7
41210,2022,8,111.2
41210,2022,8,105.0
41210,2022,8,114.5
41210,2022,8,63.8
41210,2022,8,149.2
41210,2022,8,208.4
41210,2022,8,196.4
41210,2022,8,69.5
41210,2022,8,128.6
41210,2022,8,702.7
41210,2022,8,82.3
41210,2022,8,126.8
41210,2022,8,755.2
41210,2022,8,134.5
26140,2022,9,11594.6
26230,2021,8,2083.6
26350,2022,9,19151.7
26350,2022,9,194.8
26350,2022,9,79.3
41111,2022,8,117.1
41131,2022,8,5826.8
41131,2022,8,2842.3
41171,2022,8,3239.3
41171,2022,8,2514.7
41171,2022,8,2834.8
29155,2021,7,2027.0
29155,2021,7,1491.9
29155,2021,7,3945.9
31140,2021,8,24185.5
31140,2021,8,4376.5
31140,2021,8,824.0
36110,2022,8,152.2
36110,2022,8,150.2
41111,2022,8,103.5
41111,2022,8,159.4
41111,2022,8,72.4
41111,2022,8,180.5
41111,2022,8,207.5
41173,2022,8,2128.4
41210,2022,8,74.4
41210,2022,8,80.0
41210,2022,8,89.1
41210,2022,8,210.7
41210,2022,8,113.7
41210,2022,8,84.3
41210,2022,8,193.8
41210,2022,8,85.3
41210,2022,8,192.0
41210,2022,8,60.3
41210,2022,8,97.7
41210,2022,8,172.0
41210,2022,8,80.4
41210,2022,8,81.6
41210,2022,8,83.6
41210,2022,8,250.5
41210,2022,8,141.0
41210,2022,8,147.9
41210,2022,8,150.3
41210,2022,8,159.3
41210,2022,8,743.0
41210,2022,8,156.1
41210,2022,8,144.9
41210,2022,8,314.4
41210,2022,8,124.5
41210,2022,8,102.5
41210,2022,8,123.0
41210,2022,8,1423.8
41210,2022,8,73.8
41210,2022,8,54.9
41210,2022,8,158.6
41210,2022,8,88.8
41210,2022,8,146.9
41210,2022,8,100.2
41210,2022,8,118.5
41210,2022,8,161.3
41210,2022,8,156.3
41210,2022,8,103.6
41210,2022,8,100.5
11680,2022,8,191.4
11680,2022,8,193.8
11680,2022,8,677.6
11680,2022,8,823.2
11680,2022,8,198.3
11680,2022,8,489.9
11680,2022,8,1266.8
11680,2022,8,1778.1
11680,2022,8,202.5
11680,2022,8,5919.6
11680,2022,8,295.6
11680,2022,8,1444.8
11680,2022,8,2177.61
11680,2022,8,3.01
11680,2022,8,239.7
11680,2022,8,273.0
11710,2022,8,255.0
11710,2022,8,480.0
11710,2022,8,119.0
11710,2022,8,181.0
11710,2022,8,234.0
11560,2022,8,1201.0
47900,2021,8,24748.0
48270,2022,9,19.622
48270,2021,7,7700.49
48270,2021,7,1936.44
48270,2022,9,35114.367
48270,2021,7,2315.07
48270,2022,9,125308.484
48270,2021,7,3029.22
11560,2022,8,75.65
11560,2022,8,166.0
11560,2022,8,7644.6
11560,2022,8,144.0
11560,2022,8,172.42
11560,2022,8,198.0
11560,2022,8,143.0
11560,2022,8,122.0
11560,2022,8,140.0
11560,2022,8,1087.67
11560,2022,8,188.0
48270,2021,7,10438.32
48270,2022,9,11846.669
48270,2021,7,21024.85
48270,2022,9,224.733
48270,2021,7,6677.73
48270,2021,7,534.42
48270,2021,7,9533.2
48270,2021,7,3709.17
48270,2021,7,3473.65
48270,2021,7,7875.49
48270,2021,7,5071.92
48270,2021,7,322.25
48270,2021,7,18989.81
50130,2020,9,2549.6
50130,2020,8,1664.7
41210,2022,8,81.1
41210,2022,8,80.3
41210,2022,8,157.6
41210,2022,8,134.4
41210,2022,8,117.7
48270,2021,7,621466.1
48270,2021,7,6839.15
48270,2021,7,180649.38
48270,2021,7,16388.23
48270,2021,7,2069.68
48270,2021,7,21533.06
48270,2021,7,15231.93
48270,2021,7,11282.77
11560,2022,8,27.0
41210,2022,8,71.9
11560,2022,8,118.13
11560,2022,8,121.79
11560,2022,8,152.75
11560,2022,8,138.94
11560,2022,8,281.11
11560,2022,8,133.56
11560,2022,8,75.06
11560,2022,8,271.0
11560,2022,8,91.02
11560,2022,8,132.79
11560,2022,8,75.78
11560,2022,8,19.63
11560,2022,8,159.96
11560,2022,8,137.92
11560,2022,8,83.0
11560,2022,8,100.15
48270,2021,7,143815.98
48270,2021,7,59625.83
48270,2021,7,2185.88
48270,2021,7,9886.57
48270,2021,8,3048.66
48270,2021,7,408.13
48270,2021,8,6290.36
48270,2021,8,2366.95
48270,2021,7,20591.55
48270,2021,7,84067.13
50110,2021,9,7162.7
50110,2021,9,1773.7
50110,2021,9,1342.4
50110,2021,9,1631.0
50110,2021,9,1984.4
50110,2021,9,5997.5
50130,2022,8,268.5
50130,2022,8,78.7
50130,2022,8,165.6
50130,2022,8,20.6
50130,2022,8,351.3
50130,2022,8,104.4
50130,2022,9,947.7
11560,2022,8,152.48
11560,2022,8,150.99
11560,2022,8,97.89
11560,2022,8,144.31
11560,2022,8,148.31
11560,2022,8,28.14
11560,2022,8,163.05
11560,2022,8,179.3
48270,2021,7,13489.17
48270,2021,7,13535.0
48270,2021,7,2952.99
48270,2021,7,1507.61
48270,2021,7,2251.75
48270,2021,7,5176.51
50110,2020,9,319.2
50110,2020,9,1019.8
50110,2020,9,938.8
50110,2020,9,4209.1
50110,2020,9,479.9
50110,2020,9,105.0
50110,2020,9,1031.4
50110,2020,9,368.5
50110,2020,9,661.4
50110,2020,9,798.8
50110,2020,9,49.7
50110,2020,9,279.2
41390,2022,8,137.8
41390,2022,7,46.8
41390,2022,6,49.6
41390,2022,7,54.6
41390,2022,7,105.7
41390,2022,9,9.5
41390,2022,7,92.1
41390,2022,6,56.7
41390,2022,8,86.1
41390,2022,8,87.5
50130,2022,8,1599.2
50130,2022,8,261.2
50130,2022,8,537.5
50130,2022,8,2718.3
50130,2022,8,245.9
50130,2022,9,1949.2
50130,2022,8,179.5
50130,2022,8,122.2
50130,2022,8,1063.7
50130,2022,8,99.3
50130,2022,8,533.8
41500,2022,8,1564.2
11560,2022,8,84.95
11560,2022,8,146.59
11560,2022,8,131.88
11560,2022,8,159.73
11560,2022,8,143.31
11560,2022,8,128.32
11560,2022,8,177.81
11560,2022,8,120.22
11560,2022,8,156.82
11560,2022,8,171.99
11560,2022,8,139.17
11560,2022,8,135.44
11560,2022,8,152.15
41390,2022,8,63.1
41390,2022,8,98.7
41390,2022,8,99.2
41390,2022,8,59.6
41390,2022,8,86.8
41390,2022,8,104.4
50110,2020,9,2757.8
50110,2020,9,770.6
50110,2020,9,177.7
50110,2020,9,617.8
50110,2020,9,452.9
50110,2020,9,1894.9
50110,2020,9,1301.7
50110,2020,9,417.7
50130,2020,9,130.5
50130,2020,9,149.3
50130,2020,9,1442.8
50130,2020,9,198.7
50130,2020,9,1614.6
50130,2020,9,2029.9
41461,2022,8,2866.2
41461,2022,8,5073.9
41461,2022,8,6953.3
41461,2022,8,12528.4
41461,2022,8,1667.2
41461,2022,8,18606.6
41461,2022,8,7393.3
41461,2022,8,3092.9
50130,2020,9,1968.6
50130,2020,9,1209.3
50130,2020,9,1544.3
50130,2020,9,4256.4
50130,2020,9,1414.6
50130,2020,9,1450.1
50130,2020,9,1123.6
50130,2020,8,1432.7
50130,2020,9,10213.8
50130,2020,8,3868.8
50130,2020,8,4372.7
50130,2020,9,1158.7
50130,2020,9,1816.0
41650,2022,8,382.268
41650,2022,8,1603.455
41650,2022,8,2496.606
41650,2022,8,658.658
41650,2022,8,2051.946
41650,2022,8,1038.819
41650,2022,8,834.779
41650,2022,8,15751.446
41650,2022,8,1386.126
41650,2022,8,285.739
11560,2022,8,86.0
11560,2022,8,78.0
11560,2022,8,155.36
11560,2022,8,101.0
11560,2022,8,131.58
11560,2022,8,136.88
48270,2021,7,253850.9
11560,2022,8,128.22
48270,2021,7,9680.75
48270,2021,7,44238.95
48270,2022,9,3198.432
48270,2022,9,57.961
48270,2022,9,307.686
48270,2021,7,2354.62
48270,2021,7,35165.5
48270,2021,7,11168.51
48270,2021,9,34069.88
48270,2021,7,1411.81
48270,2021,7,3455.6
48270,2021,7,3042.59
48270,2021,7,7673.4
26470,2021,8,4943.1
26470,2021,8,4904.2
26470,2021,8,9040.6
26500,2021,8,6115.0
26500,2021,8,26971.0
26500,2021,8,6524.6
26500,2021,8,8223.1
28110,2021,8,679.9
28110,2022,8,552.9
28110,2022,8,227.1
28110,2022,8,502.2
28110,2022,8,117.4
11680,2022,8,568.5
11680,2022,8,249.4
11680,2022,8,1383.2
11680,2022,8,300.4
11680,2022,8,257.4
11680,2022,8,665.9
11680,2022,8,284.2
11680,2022,8,272.7
11680,2022,8,1695.0
11680,2022,8,549.4
11680,2022,8,265.0
11680,2022,8,1724.3
11680,2022,8,767.99
11680,2022,8,754.2
11680,2022,8,2015.54
11680,2022,8,258.5
11680,2022,8,264.4
11680,2022,8,1745.7
11680,2022,8,815.6
11680,2022,8,486.4
11680,2022,8,11846.7
11680,2022,8,450.6
11680,2022,8,427.8
11680,2022,8,1141.9
11680,2022,8,1006.8
11680,2022,8,2233.4
11680,2022,8,7380.9
11680,2022,8,814.1
11710,2022,8,164.0
11680,2022,8,831.6
11740,2022,8,164.39137
11740,2022,8,264.61658
11740,2022,8,175.43501
11740,2022,8,118.93296
11740,2022,8,267.7187
11740,2022,8,198.05109
11740,2022,8,113.71258
11740,2022,8,153.54498
11740,2022,8,171.10332
11740,2022,8,290.76114
11740,2022,8,183.65607
28110,2022,8,2072.1
11560,2022,8,208.44
11560,2022,8,385.53
11560,2022,8,101.43
11560,2022,8,110.64
11560,2022,8,176.82
11560,2022,8,164.55
11560,2022,8,184.71
11560,2022,8,142.97
11560,2022,8,219.42
11560,2022,8,197.22
11560,2022,8,126.95
11560,2022,8,625.74
11560,2022,8,4585.09
11560,2022,8,306.45
11560,2022,8,3055.97
11560,2022,8,5814.77
11560,2022,8,6039.97
11560,2022,8,30.38
11560,2022,8,5.62
11560,2022,8,41.54
11560,2022,8,91.22
11560,2022,8,105.71
11560,2022,8,62.37
11560,2022,8,34.52
11560,2022,8,21.68
11560,2022,8,43.34
11560,2022,8,11.95
11560,2022,8,13.42
11560,2022,8,18.94
11560,2022,8,2849.74
11560,2022,8,8474.76
11560,2022,8,1768.05
11560,2022,8,38.0
11560,2022,8,6574.27
11560,2022,8,1122.11
11560,2022,8,489.0
11560,2022,8,284.77
11560,2022,8,140.78
11560,2022,8,202.69
11560,2022,8,4633.45
11560,2022,8,1085.11
11560,2022,8,108.85
11560,2022,8,27.84
11560,2022,8,75.96
11560,2022,8,12846.86
11560,2022,8,126.25
11560,2022,8,1587.84
11560,2022,8,136.52
11560,2022,8,2289.56
11560,2022,8,570.74
11560,2022,8,893.3
11560,2022,8,1505.61
11560,2022,8,161.12
11560,2022,8,352.01
11560,2022,8,97.62
11560,2022,8,115.7
11560,2022,8,89.49
11560,2022,8,1.54
11560,2022,8,8.74
11560,2022,8,21.6
11560,2022,8,4584.06
11560,2022,8,3589.05
11560,2022,8,365.68
11560,2022,8,10.98
11560,2022,8,4.14
11560,2022,8,20.51
11560,2022,8,5.41
11560,2022,8,308.99
11560,2022,8,182.93
11560,2022,8,50.19
11560,2022,8,4.12
11560,2022,8,17.53
11560,2022,8,8.72
11560,2022,8,50.57
11560,2022,8,53.9
11560,2022,8,47.89
11560,2022,8,47.75
11560,2022,8,26.86
11560,2022,8,6.48
11560,2022,8,60.95
11560,2022,8,89.13
11560,2022,8,44.1
11560,2022,8,108.58
11560,2022,8,26.15
11560,2022,8,119.65
11560,2022,8,17.02
11560,2022,8,47.92
11560,2022,8,51.88
11560,2022,8,1442.89
11560,2022,8,4.74
11560,2022,8,25.54
11560,2022,8,3.97
11560,2022,8,471.29
11560,2022,8,974.79
11560,2022,8,537.22
11560,2022,8,66.95
11560,2022,8,71.09
11560,2022,8,498.24
11560,2022,8,190.76
11560,2022,8,572.68
11560,2022,8,241.95
11560,2022,8,158.7
11560,2022,8,360.89
11560,2022,8,118.38
11560,2022,8,136.64
11560,2022,8,9490.52
11560,2022,8,852.36
11560,2022,8,217.26
11560,2022,8,5690.22
11560,2022,8,56.95
11560,2022,8,225.88
11560,2022,8,5589.74
11560,2022,8,87.2
11560,2022,8,1159.37
11560,2022,8,3361.71
11560,2022,8,467.47
11560,2022,8,14.5
11560,2022,8,1491.95
11560,2022,8,63.44
11560,2022,8,1209.79
11560,2022,8,2171.71
11560,2022,8,550.26
11560,2022,8,10.61
11560,2022,8,91.0
11560,2022,8,130.0
11560,2022,8,326.0
11560,2022,8,81.0
11560,2022,8,1.26
11560,2022,8,342.55
11560,2022,8,157.96
11560,2022,8,94.18
11560,2022,8,1996.95
11560,2022,8,1937.18
11560,2022,8,484.74
11560,2022,8,131.04
11560,2022,8,9007.14
11560,2022,8,133.0
11560,2022,8,94.0
11560,2022,8,114.25
11560,2022,8,115.76
11560,2022,8,105.6
11560,2022,8,110.35
11560,2022,8,84.32
11560,2022,8,88.36
11560,2022,8,5680.84
11560,2022,8,116.48
11560,2022,8,109.21
11560,2022,8,103.25
11560,2022,8,128.65
11560,2022,8,237.27
11560,2022,8,146.98
11560,2022,8,787.39
11560,2022,8,380.66
11560,2022,8,141.08
11560,2022,8,80.68
11560,2022,8,907.02
11560,2022,8,81.64
11560,2022,8,29.35
11560,2022,8,101.79
11560,2022,8,379.15
11560,2022,8,48.96
11560,2022,8,13121.25
11560,2022,8,12433.99
11560,2022,8,6457.84
11560,2022,8,458.52
11560,2022,8,912.27
11560,2022,8,49.33
11560,2022,8,180.08
11560,2022,8,384.86
11560,2022,8,4445.26
11560,2022,8,2355.72
11560,2022,8,3183.54
11560,2022,8,2078.06
11560,2022,8,32.0
11560,2022,8,68.0
11560,2022,8,92.19
11560,2022,8,36618.78
11560,2022,8,1335.58
11560,2022,8,2293.27
11560,2022,8,3.48
11560,2022,8,33.76
11560,2022,8,4112.32
11560,2022,8,23.94
11560,2022,8,301.4
11560,2022,8,65.79
11560,2022,8,354.54
11560,2022,8,1077.75
11560,2022,8,35.14
11560,2022,8,130.63
11560,2022,8,468.49
11560,2022,8,6.08
11560,2022,8,465.91
11560,2022,8,1847.13
11560,2022,8,1602.03
11560,2022,8,3213.0
11560,2022,8,586.37
11560,2022,8,96.22
11560,2022,8,818.7
11560,2022,8,383.23
11560,2022,8,9755.8
11560,2022,8,1274.34
11560,2022,8,78.83
11560,2022,8,9.49
11560,2022,8,48.75
11560,2022,8,1162.25
11560,2022,8,25.19
11560,2022,8,253.72
11560,2022,8,553.89
11560,2022,8,6.72
11560,2022,8,4876.62
11560,2022,8,70.21
11560,2022,8,251.96
11560,2022,8,158.55
11560,2022,8,1.74
11560,2022,8,1214.05
11560,2022,8,933.17
11560,2022,8,97.21
11560,2022,8,125.04
11560,2022,8,616.71
11560,2022,8,25.58
11560,2022,8,915.06
11560,2022,8,543.87
11560,2022,8,140.9
11560,2022,8,7.84
11560,2022,8,215.06
11560,2022,8,49.83
11560,2022,8,4694.13
11560,2022,8,9866.27
11560,2022,8,42.99
11560,2022,8,19.35
11560,2022,8,519.77
11560,2022,8,55.62
11560,2022,8,5295.41
11560,2022,8,5682.18
11560,2022,8,2779.22
11560,2022,8,690.27
11560,2022,8,607.8
11560,2022,8,117.13
11560,2022,8,313.97
11560,2022,8,267.67
11560,2022,8,262.44
11560,2022,8,1170.3
11560,2022,8,62.7
11560,2022,8,433.35
11560,2022,8,94.1
11560,2022,8,1308.46
11560,2022,8,194.13
11560,2022,8,638.82
11560,2022,8,229.79
11560,2022,8,2804.56
11560,2022,8,147.5
11560,2022,8,361.73
11560,2022,8,231.84
11560,2022,8,10.28
11560,2022,8,5221.17
11560,2022,8,253.36
11560,2022,8,243.56
11560,2022,8,223.73
11560,2022,8,3166.8
11560,2022,8,2250.95
11560,2022,8,340.21
11560,2022,8,521.0
11560,2022,8,796.0
11560,2022,8,100.0
11560,2022,8,60.0
11560,2022,8,1415.17
11560,2022,8,329.46
11560,2022,8,9.19
11560,2022,8,265.32
11560,2022,8,44.7
11560,2022,8,15.41
11560,2022,8,13.15
11560,2022,8,20.48
11560,2022,8,13.13
11560,2022,8,16.96
11560,2022,8,620.09
11560,2022,8,106.58
11560,2022,8,100.38
11560,2022,8,108.72
11560,2022,8,121.08
11560,2022,8,91.11
11560,2022,8,99.95
11560,2022,8,158.58
11560,2022,8,97.74
11560,2022,8,99.0
11560,2022,8,115.0
11560,2022,8,231.6
11560,2022,8,222.0
11560,2022,8,130.52
11560,2022,8,135.27
11560,2022,8,115.26
11560,2022,8,143.8
11560,2022,8,243.74
11560,2022,8,138.06
11560,2022,8,147.94
11560,2022,8,132.92
11560,2022,8,133.09
11560,2022,8,123.49
11560,2022,8,124.06
11560,2022,8,118.79
11560,2022,8,115.61
11560,2022,8,128.15
11560,2022,8,115.55
11560,2022,8,202.67
11560,2022,8,151.53
11560,2022,8,173.33
11560,2022,8,195.38
11560,2022,8,93.43
11560,2022,8,63.99
11560,2022,8,35.0
11560,2022,8,93.55
11560,2022,8,97.67
11560,2022,8,108.56
11560,2022,8,95.15
11560,2022,8,122.3
11560,2022,8,92.29
11560,2022,8,341.39
11560,2022,8,298.43
11560,2022,8,161.52
11560,2022,8,297.24
11560,2022,8,104.62
11560,2022,8,205.97
11560,2022,8,202.97
11560,2022,8,100.29
11560,2022,8,99.81
11560,2022,8,107.34
11560,2022,8,92.9
11560,2022,8,128.39
11560,2022,8,86.21
11560,2022,8,116.27
11560,2022,8,80.74
11560,2022,8,36.0
11560,2022,8,113.36
11560,2022,8,149.1
11560,2022,8,155.4
11560,2022,8,123.19
11560,2022,8,165.99
11560,2022,8,88.12
11560,2022,8,287.5
11560,2022,8,109.96
11560,2022,8,105.64
11560,2022,8,108.98
11560,2022,8,90.6
11560,2022,8,120.32
11560,2022,8,108.07
11560,2022,8,106.71
11560,2022,8,106.42
11560,2022,8,100.76
11560,2022,8,110.74
11560,2022,8,152.55
11560,2022,8,69.0
11560,2022,8,119.32
11560,2022,8,129.77
11560,2022,8,163.58
11560,2022,8,142.69
11560,2022,8,113.21
11560,2022,8,85.17
11560,2022,8,134.32
11560,2022,8,309.05
11560,2022,8,95.97
11560,2022,8,99.61
11560,2022,8,242.4
11560,2022,8,106.43
11560,2022,8,130.61
11560,2022,8,97.42
11560,2022,8,105.57
11560,2022,8,105.39
11710,2022,8,114.0
11680,2022,8,2356.73
11680,2022,8,166.68
11680,2022,8,258.0
11680,2022,8,347.28
11680,2022,8,1662.1
11680,2022,8,216.4
11680,2022,8,774.4
11680,2022,8,108.0
11680,2022,8,185.2
11680,2022,8,530.5
11680,2022,8,223.1
11680,2022,8,818.6
11680,2022,8,407.0
11680,2022,8,46.51
11680,2022,8,258.7
11680,2022,8,251.0
47900,2021,8,30638.0
11710,2022,8,138.0
11710,2022,8,110.0
11710,2022,8,146.0
11710,2022,8,230.0
26380,2021,8,18291.6
26380,2021,8,1175.5
26380,2021,8,5122.7
26380,2021,8,2636.2
26380,2021,8,7403.7
26440,2021,8,1372.4
48270,2021,7,12721.42
11560,2022,8,194.67
11560,2022,8,80.49
11560,2022,8,6134.77
47750,2021,8,4747.9
50110,2021,9,7665.2
50110,2021,9,2089.0
50110,2021,9,6162.3
50110,2021,9,6178.6
50110,2021,9,11033.2
50110,2021,9,5137.9
50110,2021,9,6557.1
50110,2021,9,11833.8
50110,2021,9,2831.8
50110,2021,9,5417.3
50110,2021,9,4891.8
50110,2021,9,409.5
48220,2021,8,2956.4
48220,2021,8,4780.9
48220,2021,8,1058.0
48220,2021,8,1516.1
48220,2021,8,4801.6
48220,2021,8,119.7
48220,2021,8,3158.6
48220,2021,8,2153.7
48220,2021,8,3223.1
48220,2021,8,403.5
48220,2021,8,1028.4
48220,2021,8,4100.2
48220,2021,8,7845.9
48220,2021,8,1659.3
48220,2021,8,4878.5
48220,2021,8,11294.9
48220,2021,8,6793.3
48220,2021,8,5401.9
11560,2022,8,114.78
11560,2022,8,286.92
11560,2022,8,169.31
11560,2022,8,145.49
48270,2021,7,32919.66
11560,2022,8,188.79
11560,2022,8,44.8
11560,2022,8,116.69
11560,2022,8,20.0
11560,2022,8,124.86
11560,2022,8,142.79
11560,2022,8,177.98
11560,2022,8,111.0
11560,2022,8,157.6
11560,2022,8,188.78
11560,2022,8,87.89
11560,2022,8,164.75
11560,2022,8,188.82
47750,2021,8,1073.4
47750,2021,8,717.1
47750,2021,8,6403.4
47750,2021,8,330.5
47830,2021,7,1134.6
47830,2021,7,2269.5
47830,2021,7,1022.7
47830,2021,7,2352.7
11740,2022,8,168.39532
11740,2022,8,379.05377
11740,2022,8,118.93297
48270,2021,7,7329.96
47750,2021,8,691.8
48270,2022,9,12725.661
48270,2021,7,12688.23
48270,2021,7,6909.15
48270,2021,7,1654.13
48270,2021,7,6205.54
48270,2021,7,2470.1
11560,2022,8,4502.58
48270,2021,7,1530.06
48270,2022,9,18.472
48270,2021,7,1866.02
48270,2022,9,144.492
48270,2021,8,2274.29
11560,2022,8,706.39
11560,2022,8,18.4
11560,2022,8,752.9
11560,2022,8,535.0
11560,2022,8,124.0
11560,2022,8,416.62
11560,2022,8,185.55
11560,2022,8,87.08
11560,2022,8,2778.68
11560,2022,8,655.17
11560,2022,8,292.95
11560,2022,8,69.64
11560,2022,8,217.68
11560,2022,8,66.52
11560,2022,8,225.56
11560,2022,8,126.34
11560,2022,8,130.25
11560,2022,8,79.73
11560,2022,8,89.89
11560,2022,8,151.66
11560,2022,8,159.92
11560,2022,8,153.98
11560,2022,8,88.47
11560,2022,8,149.94
11560,2022,8,92.39
11560,2022,8,162.89
11560,2022,8,161.0
11560,2022,8,83.16
11560,2022,8,216.55
11560,2022,8,135.33
11560,2022,8,213.29
11560,2022,8,2171.24
11560,2022,8,2990.0
11560,2022,8,7080.4
11560,2022,8,114.13
11560,2022,8,1701.17
11560,2022,8,2.74
11560,2022,8,1337.55
11560,2022,8,273.06
11560,2022,8,1367.47
11560,2022,8,459.21
11560,2022,8,112.0
11560,2022,8,2114.0
11560,2022,8,348.4
11560,2022,8,176.26
11560,2022,8,40.66
11560,2022,8,49.22
11560,2022,8,35.36
11560,2022,8,47.73
11560,2022,8,251.66
11560,2022,8,36.56
11560,2022,8,89.79
11560,2022,8,2702.3
11560,2022,8,385.54
11560,2022,8,333.51
11560,2022,8,45.63
11560,2022,8,84.93
11560,2022,8,32.33
11560,2022,8,61.87
11560,2022,8,292.39
11560,2022,8,3.49
11560,2022,8,802.7
11560,2022,8,157.91
11560,2022,8,171.47
11560,2022,8,148.28
11560,2022,8,107.68
11560,2022,8,116.33
11560,2022,8,83.47
11560,2022,8,131.63
11560,2022,8,145.46
11560,2022,8,135.86
11560,2022,8,123.1
11560,2022,8,114.77
11560,2022,8,123.17
11560,2022,8,100.64
11560,2022,8,110.54
11560,2022,8,108.96
11560,2022,8,110.34
11560,2022,8,108.57
11560,2022,8,113.54
11560,2022,8,120.4
11560,2022,8,810.81
11560,2022,8,561.87
11560,2022,8,118.37
11560,2022,8,11451.74
11560,2022,8,1811.6
11560,2022,8,473.97
11560,2022,8,86.96
11560,2022,8,33.46
11560,2022,8,43.24
11560,2022,8,53.44
11560,2022,8,536.41
11560,2022,8,1995.33
11560,2022,8,229.04
11560,2022,8,112.36
11560,2022,8,659.83
11560,2022,8,168.43
11560,2022,8,134.11
11560,2022,8,136.68
11560,2022,8,136.86
11560,2022,8,120.34
11560,2022,8,144.85
11560,2022,8,99.85
11560,2022,8,190.5
11560,2022,8,114.11
11560,2022,8,356.66
11560,2022,8,986.23
11560,2022,8,766.25
11560,2022,8,114.21
11560,2022,8,107.49
11560,2022,8,46.06
11560,2022,8,9.5
11560,2022,8,24.66
11560,2022,8,30.23
11560,2022,8,15.11
11560,2022,8,14.51
11560,2022,8,8.33
11560,2022,8,10.67
11560,2022,8,274.96
11560,2022,8,37.71
11560,2022,8,2.93
11560,2022,8,118.78
11560,2022,8,1324.85
11560,2022,8,27.2
11560,2022,8,727.97
11560,2022,8,138.05
11560,2022,8,1167.7
11560,2022,8,3575.47
11560,2022,8,904.21
11560,2022,8,1770.26
11560,2022,8,678.41
11560,2022,8,396.64
11560,2022,8,171.46
11560,2022,8,62.0
11560,2022,8,145.98
11560,2022,8,146.32
11560,2022,8,142.71
11560,2022,8,131.54
11560,2022,8,150.96
11560,2022,8,182.04
11560,2022,8,119.21
11560,2022,8,137.19
11560,2022,8,144.9
11560,2022,8,133.54
11560,2022,8,159.07
11560,2022,8,149.64
11560,2022,8,454.32
11560,2022,8,206.0
11560,2022,8,82.12
11560,2022,8,74.79
11560,2022,8,80.0
11560,2022,8,76.0
11560,2022,8,96.0
11560,2022,8,235.7
11560,2022,8,403.1
11560,2022,8,34.0
11560,2022,8,116.7
11560,2022,8,77.0
11560,2022,8,66.1
11560,2022,8,24.0
11560,2022,8,104.0
11560,2022,8,79.0
11560,2022,8,394.0
11560,2022,8,354.0
11560,2022,8,180.0
11560,2022,8,620.96
11560,2022,8,64.86
11560,2022,8,227.72
45730,2020,7,5563.1177
50110,2018,8,14246.986
50110,2018,8,5706.581
41210,2020,8,99.9
41210,2020,8,106.3
41390,2020,8,90.3
41390,2020,8,70.9
29200,2020,8,24785.1
29140,2020,8,15760.6
29110,2020,8,4006.2
11560,2022,8,122.92
11560,2022,8,138.83
11560,2022,8,188.11
11560,2022,8,152.6
11560,2022,8,161.71
11560,2022,8,112.7
11560,2022,8,146.25
11560,2022,8,214.35
11560,2022,8,194.59
11560,2022,8,123.96
11560,2022,8,116.61
11560,2022,8,252.89
11560,2022,8,80.21
11560,2022,8,158.4
11560,2022,8,155.24
11560,2022,8,103.6
11560,2022,8,133.42
11560,2022,8,180.89
11560,2022,8,122.55
11560,2022,8,144.7
11560,2022,8,118.72
11560,2022,8,105.51
11560,2022,8,87.37
11560,2022,8,103.58
11560,2022,8,111.84
11560,2022,8,114.79
11560,2022,8,71.36
11560,2022,8,116.62
11560,2022,8,97.84
11560,2022,8,111.96
11560,2022,8,110.44
11560,2022,8,114.57
11560,2022,8,110.32
11560,2022,8,114.0
11560,2022,8,106.98
11560,2022,8,79.79
11560,2022,8,106.73
11560,2022,8,155.38
11560,2022,8,72.91
11560,2022,8,73.17
11560,2022,8,464.43
11560,2022,8,71.99
11560,2022,8,512.9
11560,2022,8,1242.33
11560,2022,8,129.06
11560,2022,8,212.6
11560,2022,8,103.59
11560,2022,8,112.34
11560,2022,8,71.32
11560,2022,8,140.09
11560,2022,8,106.26
11560,2022,8,106.27
11560,2022,8,103.92
11560,2022,8,103.69
11560,2022,8,122.63
11560,2022,8,108.3
11560,2022,8,108.7
11560,2022,8,117.3
11560,2022,8,67.46
11560,2022,8,62.53
11560,2022,8,122.95
11560,2022,8,97.8
11560,2022,8,108.01
11560,2022,8,112.9
11560,2022,8,140.03
11560,2022,8,145.35
11560,2022,8,129.66
11560,2022,8,123.23
11560,2022,8,108.62
11560,2022,8,126.68
11560,2022,8,83.75
11560,2022,8,97.7
11560,2022,8,159.12
11560,2022,8,124.28
11560,2022,8,46.94
11560,2022,8,16.0
11560,2022,8,80.61
11560,2022,8,92.58
11560,2022,8,129.76
11560,2022,8,109.44
11560,2022,8,90.65
11560,2022,8,113.1
11560,2022,8,78.5
11560,2022,8,110.2
11560,2022,8,94.06
11560,2022,8,179.62
11560,2022,8,73.83
11560,2022,8,61.0
11560,2022,8,101.44
11560,2022,8,116.6
11560,2022,8,507.0
11560,2022,8,317.04
11560,2022,8,107.08
11560,2022,8,18.0
11560,2022,8,184.0
11560,2022,8,99.23
11560,2022,8,138.09
11560,2022,8,138.74
11560,2022,8,137.18
11560,2022,8,137.76
11560,2022,8,137.94
11560,2022,8,140.23
11560,2022,8,140.29
11560,2022,8,143.06
11560,2022,8,137.81
11560,2022,8,120.25
11560,2022,8,113.34
11560,2022,8,125.52
11560,2022,8,106.41
11560,2022,8,136.75
11560,2022,8,139.19
11560,2022,8,139.01
11560,2022,8,135.37
11560,2022,8,138.77
11560,2022,8,184.99
11560,2022,8,132.65
11560,2022,8,105.53
11560,2022,8,137.25
11560,2022,8,138.84
11560,2022,8,131.6
11560,2022,8,443.0
11560,2022,8,126.0
11560,2022,8,162.54
11560,2022,8,155.0
11560,2022,8,165.0
11560,2022,8,306.61
11560,2022,8,194.84
11560,2022,8,46.0
11560,2022,8,150.5
11560,2022,8,150.6
11560,2022,8,360.9
11560,2022,8,177.2
11560,2022,8,117.82
11560,2022,8,114.73
11560,2022,8,87.91
11560,2022,8,210.22
11560,2022,8,111.22
11560,2022,8,92.46
11560,2022,8,120.99
11560,2022,8,129.65
11560,2022,8,127.16
11560,2022,8,199.0
11560,2022,8,167.0
11560,2022,8,59.0
11560,2022,8,43906.35
11560,2022,8,4857.07
11560,2022,8,1917.29
11560,2022,8,690.66
11560,2022,8,279.68
11560,2022,8,124.58
11560,2022,8,100.94
11560,2022,8,107.38
11560,2022,8,1418.25
11560,2022,8,357.47
11560,2022,8,183.67
11560,2022,8,23.23
11560,2022,8,16.74
11560,2022,8,10.16
11560,2022,8,13.6
11560,2022,8,7.38
11560,2022,8,244.35
11560,2022,8,60.28
11560,2022,8,7.77
11560,2022,8,720.68
11560,2022,8,798.93
11560,2022,8,7.82
11560,2022,8,94.74
11560,2022,8,575.63
11560,2022,8,920.4
11560,2022,8,270.91
11560,2022,8,4583.35
11560,2022,8,3956.17
11560,2022,8,4421.3
11560,2022,8,7572.3
11560,2022,8,83.97
11560,2022,8,117.97
11560,2022,8,82.9
11560,2022,8,10888.36
11560,2022,8,9739.6
11560,2022,8,593.7
11560,2022,8,90.55
11560,2022,8,200.06
11560,2022,8,864.09
11560,2022,8,85.0
11560,2022,8,169.71
11560,2022,8,66.16
11560,2022,8,121.44
11560,2022,8,125.61
11560,2022,8,114.59
11560,2022,8,25.0
11560,2022,8,180.53
11560,2022,8,138.1
11560,2022,8,96.14
11560,2022,8,87.11
11560,2022,8,90.66
11560,2022,8,92.37
11560,2022,8,67.39
11560,2022,8,116.58
11560,2022,8,91.49
11560,2022,8,87.42
11560,2022,8,82.88
11560,2022,8,64.49
11560,2022,8,124.9
11560,2022,8,115.27
11560,2022,8,4934.47
11560,2022,8,618.51
11560,2022,8,15.2
11560,2022,8,1461.05
11560,2022,8,151.05
11560,2022,8,17.57
11560,2022,8,333.22
11560,2022,8,338.16
11560,2022,8,253.35
11560,2022,8,197.75
11560,2022,8,13.87
11560,2022,8,31.56
11560,2022,8,456.36
11560,2022,8,78.8
11560,2022,8,117.99
11560,2022,8,255.33
11560,2022,8,4903.06
11560,2022,8,98.57
11560,2022,8,214.52
11560,2022,8,136.57
11560,2022,8,113.55
11560,2022,8,120.14
11560,2022,8,120.44
11560,2022,8,254.09
11560,2022,8,73.36
11560,2022,8,139.66
11560,2022,8,164.11
11560,2022,8,134.02
11560,2022,8,4619.14
11560,2022,8,3690.5
11560,2022,8,1715.25
11560,2022,8,1795.85
11560,2022,8,2310.71
11560,2022,8,1545.85
11560,2022,8,288.48
11560,2022,8,7138.96
11560,2022,8,17.83
11560,2022,8,227.02
11560,2022,8,3392.17
11560,2022,8,1397.54
11560,2022,8,32.85
11560,2022,8,37.2
11560,2022,8,140.13
11560,2022,8,142.23
11560,2022,8,94.19
11560,2022,8,190.12
11560,2022,8,301.74
11560,2022,8,72.22
11560,2022,8,32.05
11560,2022,8,44.77
11560,2022,8,22.73
11560,2022,8,212.53
11560,2022,8,131.3
11560,2022,8,485.96
11560,2022,8,2375.14
11560,2022,8,135.32
11560,2022,8,117.81
11560,2022,8,166.86
11560,2022,8,128.98
11560,2022,8,169.03
11560,2022,8,147.03
11560,2022,8,114.22
11560,2022,8,159.91
11560,2022,8,138.82
11560,2022,8,183.68
11560,2022,8,142.74
11560,2022,8,5110.83
11560,2022,8,5068.93
11560,2022,8,16410.63
11560,2022,8,6130.12
11560,2022,8,4037.89
11560,2022,8,131.55
11560,2022,8,600.72
11560,2022,8,387.51
50110,2016,10,2436.02
43111,2017,7,3615.307
43111,2017,7,3670.446
43111,2017,7,5976.458
43111,2017,7,874.527
11560,2022,8,140.43
11560,2022,8,130.04
11560,2022,8,137.99
11560,2022,8,127.06
11560,2022,8,138.63
11560,2022,8,125.72
11560,2022,8,173.16
11560,2022,8,118.8
11560,2022,8,122.12
11560,2022,8,136.28
11560,2022,8,135.75
11560,2022,8,125.69
11560,2022,8,116.11
11560,2022,8,1282.39
11560,2022,8,138.44
11560,2022,8,113.97
11560,2022,8,246.09
11560,2022,8,109.27
11560,2022,8,110.98
11560,2022,8,108.83
11560,2022,8,98.71
11560,2022,8,88.25
11560,2022,8,109.99
11560,2022,8,96.43
11560,2022,8,151.63
11560,2022,8,91.52
11560,2022,8,112.62
11560,2022,8,26.0
11560,2022,8,146.0
11560,2022,8,129.0
11560,2022,8,110.19
11560,2022,8,171.0
11560,2022,8,108.0
11560,2022,8,253.4
11560,2022,8,213.58
11560,2022,8,153.0
11560,2022,8,124.71
11560,2022,8,127.56
11560,2022,8,126.35
11560,2022,8,116.59
11560,2022,8,173.13
11560,2022,8,106.47
11560,2022,8,101.24
11560,2022,8,114.39
11560,2022,8,109.89
11560,2022,8,76.96
11560,2022,8,93.5
11560,2022,8,99.15
11560,2022,8,138.85
11560,2022,8,105.44
11560,2022,8,129.6
11560,2022,8,113.3
11560,2022,8,110.88
11560,2022,8,102.51
11560,2022,8,102.13
11560,2022,8,79.95
11560,2022,8,96.44
11560,2022,8,89.1
11560,2022,8,238.41
11560,2022,8,603.0
11560,2022,8,172.12
11560,2022,8,201.03
11560,2022,8,94.34
11560,2022,8,89.33
11560,2022,8,298.62
11560,2022,8,1317.03
11560,2022,8,38.7
11560,2022,8,23.1
11560,2022,8,17.5
11560,2022,8,22.5
11560,2022,8,170.0
11560,2022,8,253.0
11560,2022,8,251.7
11560,2022,8,228.3
11560,2022,8,142.1
11560,2022,8,310.9
11560,2022,8,155.65
11560,2022,8,212.95
11560,2022,8,92.28
11560,2022,8,157.07
11560,2022,8,76.8
11560,2022,8,118.56
11560,2022,8,132.3
11560,2022,8,268.05
11560,2022,8,149.55
11560,2022,8,150.31
11560,2022,8,166.47
11560,2022,8,81.6
11560,2022,8,113.46
11560,2022,8,105.08
11560,2022,8,105.32
11560,2022,8,101.51
11560,2022,8,119.54
11560,2022,8,88.24
11560,2022,8,112.96
11560,2022,8,121.42
11560,2022,8,95.83
11560,2022,8,101.31
11560,2022,8,112.75
11560,2022,8,74.71
11560,2022,8,128.05
11560,2022,8,105.79
11560,2022,8,83.74
11560,2022,8,92.22
11560,2022,8,93.27
11560,2022,8,86.07
11560,2022,8,87.5
11560,2022,8,83.34
11560,2022,8,144.68
11560,2022,8,121.45
11560,2022,8,133.13
11560,2022,8,136.91
11560,2022,8,149.81
11560,2022,8,141.28
11560,2022,8,140.87
11560,2022,8,131.59
11560,2022,8,143.26
11560,2022,8,135.88
11560,2022,8,141.93
11560,2022,8,19.0
11560,2022,8,666.0
11560,2022,8,17.0
11560,2022,8,29.4
11560,2022,8,85.95
11560,2022,8,88.16
11560,2022,8,87.54
11560,2022,8,83.09
11560,2022,8,88.22
11560,2022,8,73.81
11560,2022,8,139.58
11560,2022,8,141.81
11560,2022,8,104.46
11560,2022,8,116.57
11560,2022,8,128.56
11560,2022,8,126.7
11560,2022,8,107.44
11560,2022,8,133.95
11560,2022,8,145.15
11560,2022,8,125.02
11560,2022,8,147.11
11560,2022,8,156.1
11560,2022,8,522.59
11560,2022,8,112.16
11560,2022,8,120.92
11560,2022,8,151.82
11560,2022,8,128.36
11560,2022,8,139.75
11560,2022,8,118.03
11560,2022,8,100.01
11560,2022,8,269.0
11560,2022,8,95.05
11560,2022,8,166.69
11560,2022,8,199.99
11560,2022,8,89.06
11560,2022,8,219.84
11560,2022,8,98.08
11560,2022,8,94.51
11560,2022,8,123.9
11560,2022,8,284.69
11560,2022,8,295.16
11560,2022,8,148.69
11560,2022,8,83.21
11560,2022,8,303.0
11560,2022,8,109.16
11560,2022,8,111.51
11560,2022,8,104.68
11560,2022,8,111.37
11560,2022,8,137.84
11560,2022,8,143.23
11560,2022,8,139.48
11560,2022,8,137.69
11560,2022,8,143.47
11560,2022,8,149.92
11560,2022,8,139.59
11560,2022,8,135.6
11560,2022,8,141.1
11560,2022,8,119.64
11560,2022,8,129.24
11560,2022,8,188.96
11560,2022,8,478.57
11560,2022,8,98.6
11560,2022,8,118.55
11560,2022,8,88.95
11560,2022,8,103.49
11560,2022,8,79.35
11560,2022,8,94.31
11560,2022,8,186.01
11560,2022,8,118.08
11560,2022,8,150.34
11560,2022,8,139.07
11560,2022,8,112.81
11560,2022,8,149.98
11560,2022,8,137.27
11560,2022,8,94.87
11560,2022,8,115.16
11560,2022,8,87.7
11560,2022,8,106.95
11560,2022,8,133.01
11560,2022,8,130.9
11560,2022,8,73.0
11560,2022,8,143.99
11560,2022,8,128.43
11560,2022,8,116.86
11560,2022,8,144.42
11560,2022,8,84.72
11560,2022,8,102.52
11560,2022,8,92.4
11560,2022,8,165.46
11560,2022,8,95.21
11560,2022,8,246.39
11560,2022,8,654.21
11560,2022,8,96.72
11560,2022,8,107.0
11560,2022,8,106.14
11560,2022,8,115.68
11560,2022,8,108.84
11560,2022,8,154.91
11560,2022,8,103.27
11560,2022,8,87.15
11560,2022,8,62.23
11560,2022,8,97.97
11560,2022,8,104.53
11560,2022,8,140.11
11560,2022,8,181.07
11560,2022,8,134.58
11560,2022,8,90.79
11560,2022,8,115.58
11560,2022,8,135.08
11560,2022,8,87.72
11560,2022,8,227.57
11560,2022,8,264.26
11560,2022,8,146.34
11560,2022,8,153.09
11560,2022,8,248.08
11560,2022,8,115.77
11560,2022,8,118.01
11560,2022,8,134.51
11560,2022,8,195.59
11560,2022,8,117.55
11560,2022,8,229.88
11560,2022,8,134.41
11560,2022,8,129.9
11560,2022,8,90.9
11560,2022,8,85.48
11560,2022,8,149.05
11560,2022,8,145.97
11560,2022,8,134.87
11560,2022,8,21.0
11560,2022,8,90.0
11560,2022,8,118.48
11560,2022,8,150.68
11560,2022,8,95.24
11560,2022,8,31.0
11560,2022,8,87.0
11560,2022,8,30.0
11560,2022,8,106.23
11560,2022,8,96.18
11560,2022,8,1615.46
11560,2022,8,137.44
11560,2022,8,114.43
11560,2022,8,135.93
11560,2022,8,87.12
11560,2022,8,86.9
11560,2022,8,133.48
11560,2022,8,115.56
11560,2022,8,105.81
11560,2022,8,121.46
11560,2022,8,130.11
11560,2022,8,233.73
11560,2022,8,97.39
11560,2022,8,72.23
11560,2022,8,123.92
11560,2022,8,141.44
11560,2022,8,203.09
11560,2022,8,164.48
11560,2022,8,190.37
11560,2022,8,181.85
11560,2022,8,89.9
11560,2022,8,174.93
11560,2022,8,100.49
11560,2022,8,125.87
11560,2022,8,112.85
11560,2022,8,93.0
11560,2022,8,159.38
11560,2022,8,285.92
11560,2022,8,109.85
11560,2022,8,160.96
11560,2022,8,81.06
11560,2022,8,108.65
11560,2022,8,130.44
11560,2022,8,141.21
11560,2022,8,117.88
11560,2022,8,1640.84
11560,2022,8,70.25
11560,2022,8,119.99
11560,2022,8,190.58
11560,2022,8,81.74
11560,2022,8,163.87
11560,2022,8,109.18
11560,2022,8,137.55
11560,2022,8,195.02
11560,2022,8,152.7
11560,2022,8,110.16
11560,2022,8,133.68
11560,2022,8,135.72
11560,2022,8,140.33
11560,2022,8,136.0
11560,2022,8,164.72
11560,2022,8,86.89
11560,2022,8,129.4
11560,2022,8,94.03
11560,2022,8,115.67
11560,2022,8,109.57
11560,2022,8,72.16
11560,2022,8,76.58
11560,2022,8,95.87
11560,2022,8,105.2
11560,2022,8,118.73
11560,2022,8,111.6
11560,2022,8,127.12
11560,2022,8,112.67
11560,2022,8,124.12
11560,2022,8,166.68
11560,2022,8,106.61
11560,2022,8,108.6
11560,2022,8,109.63
11560,2022,8,111.52
11560,2022,8,109.93
11560,2022,8,135.92
11560,2022,8,109.53
11560,2022,8,88.21
11560,2022,8,116.3
11560,2022,8,98.7
11560,2022,8,87.02
11560,2022,8,118.05
11560,2022,8,116.66
11560,2022,8,127.92
11560,2022,8,128.7
11560,2022,8,110.24
11560,2022,8,99.31
11560,2022,8,126.03
11560,2022,8,136.71
11560,2022,8,139.0
11560,2022,8,218.0
11560,2022,8,110.0
11560,2022,8,203.0
11560,2022,8,214.0
11560,2022,8,170.94
11560,2022,8,118.9
11560,2022,8,120.55
11740,2022,8,187.2055
11650,2022,8,5504.19
11740,2022,8,27678.354
11740,2022,8,21552.357
11740,2022,8,255.17827
11680,2022,8,2778.7
11650,2022,8,10374.4
11650,2022,8,51270.15
11650,2022,8,277.25
11650,2022,8,225.37
11650,2022,8,203.36
11650,2022,8,278.55
11650,2022,8,202.49
11650,2022,8,234.55
11650,2022,8,24932.26
11650,2022,8,518.65
11650,2022,8,5802.81
11650,2022,8,1009.31
11650,2022,8,286.16
11650,2022,8,56.41
11650,2022,8,77.72
11650,2022,8,725.48
11650,2022,8,3579.99
11650,2022,8,2967.68
11680,2022,8,1397.1
11680,2022,8,523.3
11680,2022,8,147.2
11680,2022,8,1027.9
11680,2022,8,234.9
11680,2022,8,578.0
11680,2022,8,609.5
11680,2022,8,2007.5
11680,2022,8,2331.1
11680,2022,8,2234.3
11680,2022,8,4161.0
11680,2022,8,182.3
11680,2022,8,181.8
11680,2022,8,410.8
11710,2022,8,180.0
11710,2022,8,179.0
11650,2022,8,3178.35
11650,2022,8,190.26
11650,2022,8,512.73
11650,2022,8,330.53
11650,2022,8,541.12
11650,2022,8,1050.35
11650,2022,8,1047.03
11650,2022,8,648.24
11650,2022,8,161.97
11650,2022,8,658.2
11650,2022,8,10584.53
11650,2022,8,324.11
11650,2022,8,5328.16
11650,2022,8,111.37
11650,2022,8,313.22
11650,2022,8,1212.25
11650,2022,8,162.58
11650,2022,8,87.46
11650,2022,8,176.7
11650,2022,8,163.52
11650,2022,8,3019.99
11650,2022,8,657.92
11650,2022,8,13.82
11650,2022,8,233.87
11650,2022,8,1995.75
11650,2022,8,19002.54
11650,2022,8,2887.46
11710,2022,8,242.0
11710,2022,8,156.0
11710,2022,8,213.0
11710,2022,8,169.0
11710,2022,8,186.0
11710,2022,8,168.0
11710,2022,8,130.0
11710,2022,8,276.0
11710,2022,8,269.0
11710,2022,8,112.0
11650,2022,8,225.05
11650,2022,8,410.41
11650,2022,8,299.01
11650,2022,8,386.66
11650,2022,8,1782.11
11650,2022,8,253.8
11650,2022,8,406.28
11650,2022,8,486.74
11650,2022,8,320.73
11650,2022,8,353.24
11650,2022,8,692.35
11650,2022,8,372.69
11650,2022,8,195.8
11650,2022,8,1816.94
11650,2022,8,429.04
11650,2022,8,6024.84
11650,2022,8,5175.22
11650,2022,8,1477.44
11650,2022,8,273.18
11650,2022,8,251.94
11620,2022,8,818.3
11620,2022,8,84.3
11620,2022,8,158.6
11620,2022,8,4679.9
11620,2022,8,182.3
11620,2022,8,965.2
11620,2022,8,232.4
11710,2022,8,312.0
11710,2022,8,137.0
11710,2022,8,150.0
11710,2022,8,133.0
11710,2022,8,171.0
11710,2022,8,326.0
11650,2022,8,8915.25
11650,2022,8,8197.8
11710,2022,8,86.0
11710,2022,8,431.0
11620,2022,8,167.7
11620,2022,8,773.9
11650,2022,8,6008.0
11650,2022,8,406.32
11650,2022,8,174.38
11650,2022,8,206.84
11650,2022,8,388.68
11650,2022,8,330.58
11650,2022,8,60419.21
11650,2022,8,14980.17
11680,2022,8,254.4
11680,2022,8,203.9
11680,2022,8,320.7
11680,2022,8,1029.2
11680,2022,8,163.4
11650,2022,8,229.67
11650,2022,8,330.48
11650,2022,8,28070.23
11650,2022,8,269.08
11650,2022,8,2269.96
11710,2022,8,79.0
11710,2022,8,98.0
11710,2022,8,67.0
11710,2022,8,88.0
11710,2022,8,69.0
11680,2022,8,673.3
11620,2022,8,360.2
11620,2022,8,753.9
11620,2022,8,167.9
11620,2022,8,508.1
11620,2022,8,755.8
11620,2022,8,160.8
11620,2022,8,772.4
11620,2022,8,273.3
11620,2022,8,543.7
11650,2022,8,344.09
11650,2022,8,343.7
45730,2020,8,32637.379
50110,2016,10,6344.027
50110,2016,10,2044.058
50110,2016,10,580.808
50110,2016,10,1798.504
50110,2016,10,3231.832
50110,2016,10,2557.419
11560,2022,8,110.14
11560,2022,8,119.49
11560,2022,8,135.2
11560,2022,8,143.36
11560,2022,8,160.25
11560,2022,8,144.45
11560,2022,8,97.85
11560,2022,8,110.53
11560,2022,8,282.69
11560,2022,8,625.0
11560,2022,8,87.26
11560,2022,8,145.0
11560,2022,8,186.0
11560,2022,8,150.0
11560,2022,8,109.0
11560,2022,8,174.0
11560,2022,8,106.0
11560,2022,8,204.3
11560,2022,8,130.49
11560,2022,8,116.38
11560,2022,8,108.24
11560,2022,8,85.42
11560,2022,8,138.37
11560,2022,8,110.49
11560,2022,8,77.79
11560,2022,8,77.84
11560,2022,8,106.67
11560,2022,8,120.62
11560,2022,8,120.97
11560,2022,8,103.4
11560,2022,8,109.38
11560,2022,8,109.61
11560,2022,8,99.52
11560,2022,8,127.21
11560,2022,8,133.28
11560,2022,8,130.85
11560,2022,8,134.0
11560,2022,8,49.9
11560,2022,8,115.12
11560,2022,8,136.23
11560,2022,8,76.81
11560,2022,8,129.98
11560,2022,8,123.39
11560,2022,8,119.78
11560,2022,8,208.67
11560,2022,8,296.11
11560,2022,8,106.08
11560,2022,8,178.99
11560,2022,8,103.0
11560,2022,8,108.05
11560,2022,8,109.2
11560,2022,8,89.24
11560,2022,8,89.38
11560,2022,8,150.67
11560,2022,8,93.01
11560,2022,8,100.23
11560,2022,8,232.57
11560,2022,8,121.55
11560,2022,8,142.87
11560,2022,8,121.21
11560,2022,8,107.32
11560,2022,8,97.9
11560,2022,8,121.2
11560,2022,8,118.2
11560,2022,8,126.5
11560,2022,8,113.53
11560,2022,8,115.41
11560,2022,8,88.0
11560,2022,8,127.55
11560,2022,8,123.77
11560,2022,8,108.88
11560,2022,8,111.57
11560,2022,8,99.05
11560,2022,8,131.74
11560,2022,8,124.69
11560,2022,8,130.88
11560,2022,8,131.09
11560,2022,8,132.87
11560,2022,8,130.43
11560,2022,8,123.41
11560,2022,8,103.39
11560,2022,8,102.44
11560,2022,8,108.08
11560,2022,8,134.55
11560,2022,8,101.96
11560,2022,8,132.43
11560,2022,8,136.72
11560,2022,8,458.0
11560,2022,8,81.67
11560,2022,8,132.61
11560,2022,8,98.56
11560,2022,8,128.81
11560,2022,8,134.27
11560,2022,8,65.03
11560,2022,8,134.29
11560,2022,8,100.83
11560,2022,8,131.13
11560,2022,8,104.13
11560,2022,8,188.73
11560,2022,8,233.12
11560,2022,8,155.71
11560,2022,8,142.24
11560,2022,8,172.99
11560,2022,8,115.11
11560,2022,8,102.5
11560,2022,8,145.73
11560,2022,8,169.83
11560,2022,8,121.0
11560,2022,8,115.48
11560,2022,8,190.08
11560,2022,8,211.16
11560,2022,8,274.02
11560,2022,8,2185.66
11560,2022,8,115.04
11560,2022,8,126.19
11560,2022,8,88.42
11560,2022,8,95.33
11560,2022,8,158.9
11560,2022,8,169.2
11560,2022,8,129.25
11560,2022,8,86.2
11560,2022,8,145.48
11560,2022,8,229.82
11560,2022,8,137.53
11560,2022,8,89.92
11560,2022,8,150.24
11560,2022,8,125.34
11560,2022,8,115.96
11560,2022,8,179.63
11560,2022,8,122.33
11560,2022,8,100.97
11560,2022,8,76.37
11560,2022,8,108.79
11560,2022,8,150.39
11560,2022,8,82.51
11560,2022,8,131.07
11560,2022,8,130.19
11560,2022,8,99.2
11560,2022,8,104.24
11560,2022,8,116.4
11560,2022,8,108.97
11560,2022,8,121.26
11560,2022,8,109.24
11560,2022,8,183.02
11560,2022,8,110.51
11560,2022,8,102.31
11560,2022,8,111.41
11560,2022,8,116.76
11560,2022,8,113.32
11560,2022,8,125.84
11560,2022,8,163.84
11560,2022,8,118.17
11560,2022,8,101.32
11560,2022,8,139.87
11560,2022,8,108.93
11560,2022,8,137.86
11560,2022,8,95.13
11560,2022,8,120.0
11710,2022,8,161.0
11710,2022,8,207.0
11650,2022,8,207.02
11650,2022,8,207.63
11650,2022,8,2038.64
11650,2022,8,1994.95
11650,2022,8,331.93
11650,2022,8,731.25
11650,2022,8,204.7
11620,2022,8,1052.9
11620,2022,8,348.2
11620,2022,8,111.9
11620,2022,8,139.9
11620,2022,8,147.6
11620,2022,8,285.7
11620,2022,8,17413.75
11620,2022,8,494.6
11620,2022,8,1493.0
11620,2022,8,188.7
11620,2022,8,147.9
11620,2022,8,345.5
11620,2022,8,183.3
11650,2022,8,9.65
11650,2022,8,242.46
11650,2022,8,412.64
11680,2022,8,2552.2
11680,2022,8,237.8
11680,2022,8,1131.7
11680,2022,8,765.6
11680,2022,8,846.0
11680,2022,8,213.1
11680,2022,8,541.9
11680,2022,8,481.2
11680,2022,8,263.8
11680,2022,8,2264.0
11680,2022,8,562.7
11680,2022,8,177.6
11680,2022,8,1350.0
11680,2022,8,297.6
11740,2022,8,187.9206
11740,2022,8,228.6912
11740,2022,8,190.96858
11740,2022,8,226.95581
11740,2022,8,188.93971
11740,2022,8,179.71426
11740,2022,8,185.74986
11740,2022,8,191.64215
11740,2022,8,184.86794
11740,2022,8,149.80331
11740,2022,8,188.3845
11740,2022,8,229.50053
11740,2022,8,180.67393
11740,2022,8,194.1757
11740,2022,8,217.67815
11740,2022,8,20490.021
11650,2022,8,30512.56
11650,2022,8,234.64
11650,2022,8,2730.56
11650,2022,8,209.76
11650,2022,8,252.83
11650,2022,8,497.85
11650,2022,8,331.87
11650,2022,8,208.32
11650,2022,8,330.46
11650,2022,8,194.2
11650,2022,8,197.36
11650,2022,8,440.78
11650,2022,8,253.92
11650,2022,8,2667.92
11650,2022,8,1122.1
11650,2022,8,4643.39
11650,2022,8,3801.84
11650,2022,8,6.79
11650,2022,8,172.1
11650,2022,8,10.03
11650,2022,8,193.31
11680,2022,8,2532.1
11680,2022,8,176.8
11680,2022,8,201.0
11680,2022,8,230.4
11680,2022,8,407.6
11680,2022,8,227.2
11680,2022,8,197.9
11680,2022,8,199.0
11680,2022,8,232.9
11680,2022,8,197.3
11680,2022,8,231.3
11680,2022,8,231.5
11680,2022,8,1060.9
11680,2022,8,187.1
11680,2022,8,463.0
11680,2022,8,201.3
11680,2022,8,169.6
11680,2022,8,196.4
11680,2022,8,395.8
11650,2022,8,6256.35
11650,2022,8,1228.29
11650,2022,8,196.35
11650,2022,8,186.46
11650,2022,8,452.3
11650,2022,8,2704.8
11650,2022,8,415.3
11650,2022,8,14.86
11650,2022,8,361.97
11650,2022,8,1836.64
11650,2022,8,377.02
11650,2022,8,623.0
11650,2022,8,153.31
11650,2022,8,2589.27
11650,2022,8,282.68
11650,2022,8,221.56
11650,2022,8,251.87
11650,2022,8,252.49
11650,2022,8,7124.99
11650,2022,8,258.18
11650,2022,8,1325.3
11650,2022,8,297.32
11650,2022,8,3785.05
11710,2022,8,316.0
11710,2022,8,191.0
11650,2022,8,19446.73
11650,2022,8,16171.52
11650,2022,8,364.11
11650,2022,8,213.62
11650,2022,8,512.32
11650,2022,8,488.9
11650,2022,8,33188.7
11620,2022,8,296.0
11710,2022,8,68.0
11710,2022,8,241.0
11710,2022,8,104.0
11710,2022,8,175.0
11710,2022,8,163.0
11740,2022,8,193.30634
11650,2022,8,1718.46
11650,2022,8,303.76
11650,2022,8,1600.02
11650,2022,8,1121.31
11650,2022,8,587.07
11650,2022,8,236.44
11650,2022,8,348.88
11650,2022,8,276.36
11650,2022,8,6076.63
11650,2022,8,628.33
11650,2022,8,330.5
11620,2022,8,179.1
11650,2022,8,790.3
11650,2022,8,204.69
11650,2022,8,172.27
11650,2022,8,215.82
11650,2022,8,361.53
11650,2022,8,183.67
11650,2022,8,341.81
11650,2022,8,233.82
45730,2021,8,150.04562
45730,2021,8,501.15283
45730,2021,8,40.09573
45730,2021,8,1923.4858
45730,2021,8,1037.005
45730,2021,8,2125.6934
45730,2021,7,814.5293
45730,2021,8,2967.9856
45730,2021,8,1666.3586
45730,2021,7,780.95624
45730,2021,8,614.6471
45730,2021,8,1396.4471
45730,2021,8,782.0075
45730,2021,8,2035.6078
45730,2021,8,2709.7715
45730,2021,7,3192.3403
45730,2021,8,1527.3936
11650,2022,8,2545.16
11650,2022,8,378.25
11650,2022,8,170.64
11650,2022,8,26434.03
11650,2022,8,17423.49
11650,2022,8,538.12
11650,2022,8,245.69
11620,2022,8,1307.6
11620,2022,8,694.1
11620,2022,8,131.9
11620,2022,8,126.3
11620,2022,8,444.7
11620,2022,8,247.1
11620,2022,8,368.5
46800,2021,7,47880.4
45730,2021,8,2440.3196
45730,2021,8,1504.8009
45730,2021,8,1955.9822
45730,2021,8,2249.3027
45730,2021,8,1426.4731
45730,2021,7,1603.8525
46800,2021,7,66998.6
45730,2021,7,1819.1615
45730,2021,8,3179.0144
45730,2021,8,1777.0604
45730,2021,7,2635.8313
45730,2021,7,1938.428
45730,2021,7,2889.3645
45730,2021,7,4248.672
45730,2021,7,920.0927
45730,2021,7,5127.3926
45730,2021,7,2624.1099
45730,2021,7,3692.1418
46800,2021,7,2605.0
46800,2021,7,56866.4
46800,2021,7,17899.0
46800,2021,7,24937.2
46800,2021,7,17931.3
46800,2021,7,34855.3
46800,2021,7,25967.0
46800,2021,7,24850.9
46800,2021,7,29871.4
46800,2021,7,25210.7
46800,2021,7,29768.5
46800,2021,7,28040.5
46800,2021,7,6267.2
45730,2021,7,268.14075
45730,2021,7,1263.6354
45730,2021,7,5945.0166
45730,2021,7,952.6457
45730,2021,8,3748.6711
45730,2021,8,3413.5295
45730,2021,7,1401.957
45730,2021,7,147.67087
45730,2021,7,999.9728
45730,2021,7,589.2834
45730,2021,7,3287.4011
45730,2021,7,1588.7767
45730,2021,7,25879.408
45730,2021,7,1207.1418
45730,2021,7,5103.4697
45730,2021,7,1557.3772
45730,2021,7,21651.555
45730,2021,7,67462.08
45730,2021,7,13480.637
45730,2021,7,765.36194
45730,2021,7,2525.095
45730,2021,7,1617.9323
45730,2021,7,1448.092
45730,2021,7,8336.192
45730,2021,7,2589.3364
45730,2021,8,3758.9995
45730,2021,7,1125.1357
45730,2021,7,4280.8433
45730,2021,8,3198.3105
45730,2021,7,1933.4155
45730,2021,8,1766.6133
45730,2021,8,2680.0916
45730,2021,8,2151.4688
46800,2021,7,27113.3
46800,2021,7,16736.7
46800,2021,7,15588.3
46800,2021,7,25730.9
46800,2021,7,30708.9
46800,2021,7,11695.6
46800,2021,7,21320.6
46800,2021,7,48774.8
46800,2021,7,32299.1
46800,2021,7,52275.4
46800,2021,7,40550.1
46800,2021,7,28483.4
46800,2021,7,27688.3
45800,2021,8,4995.0
45800,2021,8,12083.0
45800,2021,8,9804.0
45800,2021,8,7363.0
46170,2021,7,6524.5
46170,2021,7,2987.1
46170,2021,7,2182.1
46170,2021,7,2220.0
46170,2021,7,1429.3
46170,2021,7,4162.8
46170,2021,7,4004.4
46170,2021,7,285.4
46170,2021,7,20245.9
46170,2021,7,19118.8
46170,2021,7,7775.7
46170,2021,7,12111.5
46170,2021,7,27167.5
46170,2021,7,8070.3
46170,2021,7,19349.3
46170,2021,7,10970.5
46170,2021,7,8015.3
46170,2021,7,3565.9
46170,2021,7,2982.1
46170,2021,7,43664.2
46170,2021,7,55410.3
46170,2021,7,32666.8
46170,2021,7,4026.9
46170,2021,7,9426.7
46800,2021,7,28207.5
46170,2021,7,9036.4
46170,2021,7,7725.9
46800,2021,7,89609.2
46800,2021,7,83389.6
46800,2021,7,41433.9
46800,2021,7,22209.8
46800,2021,7,51544.9
46170,2021,7,15844.2
46170,2021,7,7896.0
46170,2021,7,23920.5
46170,2021,7,9394.1
46170,2021,7,33634.4
46170,2021,7,9942.6
46170,2021,7,11881.6
46170,2021,7,13570.7
46170,2021,7,17387.5
46170,2021,7,8069.9
46170,2021,7,41825.0
46170,2021,7,6317.4
46170,2021,7,8072.3
46170,2021,7,42283.1
46800,2021,7,5770.5
46800,2021,7,21883.2
46800,2021,7,31684.6
46800,2021,7,5478.1
46800,2021,7,3836.5
46800,2021,7,235149.0
46800,2021,7,66515.3
45730,2021,8,2398.3809
45730,2021,8,1962.416
46800,2021,7,1579.3
46800,2021,7,32195.8
46800,2021,7,8699.6
46800,2021,7,6022.9
46800,2021,7,64720.2
46800,2021,7,13598.2
46800,2021,7,4056.8
46800,2021,7,64095.3
46800,2021,7,4604.9
46800,2021,7,7611.6
46800,2021,7,916.4
46800,2021,7,1067.1
46800,2021,7,19774.3
46800,2021,7,5292.5
46800,2021,7,2473.9
46800,2021,7,1479.7
46800,2021,7,41793.0
46800,2021,7,25427.1
46800,2021,7,56820.9
46800,2021,7,22350.5
46800,2021,7,22831.4
46800,2021,7,24079.5
46800,2021,7,29650.4
46800,2021,7,14206.3
46800,2021,7,10977.5
45730,2021,8,663.50415
45730,2021,8,1828.1289
45730,2021,8,3155.0435
45730,2021,8,116.53832
45730,2021,8,1059.2052
45730,2021,8,1569.9156
45730,2021,8,1492.708
45730,2021,8,1339.2411
45730,2021,8,620.334
45730,2021,8,2964.1992
45730,2021,8,928.6327
45730,2021,8,1640.7794
45730,2021,8,1296.7759
45730,2021,8,1118.0903
45730,2021,8,1256.4215
45730,2021,8,1414.1388
45730,2021,8,1503.6542
45730,2021,8,1659.8169
45730,2021,8,968.7222
45730,2021,8,1485.1707
45730,2021,8,280.1346
46800,2021,7,23831.8
45730,2021,8,3227.0957
45730,2021,8,1569.7399
45730,2021,8,814.60046
45730,2021,8,1972.3077
45730,2021,7,126.31461
45730,2021,8,2330.9543
45730,2021,8,1619.7734
45730,2021,8,1276.4102
45730,2021,7,359.8803
45730,2021,7,8579.568
46170,2021,7,10504.0
46170,2021,7,19215.9
46170,2021,7,7865.8
46170,2021,7,7545.8
46170,2021,7,3320.6
46170,2021,7,10349.0
46170,2021,7,8114.8
46170,2021,7,7107.8
46170,2021,7,14894.4
46170,2021,7,7362.1
46170,2021,7,7985.7
46170,2021,7,3086.7
46170,2021,7,32018.4
46800,2021,7,18064.2
46800,2021,7,59296.4
46800,2021,7,37968.1
46800,2021,7,27092.4
46800,2021,7,27627.4
46800,2021,7,29831.4
46800,2021,7,30885.8
46800,2021,7,134189.6
46800,2021,7,73123.2
46800,2021,7,28899.5
46800,2021,7,21106.3
46800,2021,7,34613.7
46800,2021,7,33108.9
45730,2021,7,908.2598
45730,2021,7,5311.9863
45730,2021,7,17022.04
45730,2021,7,1150.2246
45730,2021,7,6427.072
45730,2021,7,2814.4153
45730,2021,7,1552.9005
45730,2021,7,1603.2233
45730,2021,7,981.8428
45730,2021,8,1823.6716
45730,2021,7,1346.2723
45730,2021,7,1140.5792
45730,2021,7,6568.1553
45730,2021,7,5132.345
45730,2021,7,2955.3667
45730,2021,7,18887.266
45730,2021,7,17223.377
45730,2021,7,5962.59
46800,2021,7,8460.2
45730,2021,7,5536.5737
45730,2021,7,1450.2349
46170,2021,7,18954.9
45730,2021,7,5621.0425
45730,2021,7,24556.766
45730,2021,7,625.9019
45730,2021,8,1946.3201
45730,2021,7,2075.3225
45730,2021,7,1726.6212
45730,2021,8,3802.78
45730,2021,7,1223.1731
45730,2021,7,12658.021
45730,2021,7,1364.6674
45730,2021,7,1481.2628
46800,2021,7,205.5
46800,2021,7,11222.0
46800,2021,7,2960.9
46800,2021,7,30968.0
46800,2021,7,27754.4
46800,2021,7,82043.0
46800,2021,7,18961.1
46800,2021,7,26297.1
46800,2021,7,15323.8
46800,2021,7,4688.0
46800,2021,7,22987.4
46800,2021,7,43905.4
46170,2021,7,4493.1
46170,2021,7,5940.8
46170,2021,7,25034.3
46170,2021,7,15489.9
11650,2022,8,6476.7
11620,2022,8,1195.4
11620,2022,8,199.6
11620,2022,8,308.9
11620,2022,8,74.6
11650,2022,8,150.17
11650,2022,8,774.41
11680,2022,8,179.2
11680,2022,8,176.3
11620,2022,8,950.2
11680,2022,8,1828.4
11680,2022,8,622.5
11680,2022,8,210.0
11680,2022,8,671.3
11680,2022,8,15558.7
11680,2022,8,4773.2
11680,2022,8,206.6
11680,2022,8,246.6
11680,2022,8,431.0
11680,2022,8,259.7
11680,2022,8,498.8
11680,2022,8,3287.4
11680,2022,8,160.6
11680,2022,8,3624.0
11680,2022,8,167.0
11620,2022,8,3816.0
11620,2022,8,1149.1
11620,2022,8,375.3
11620,2022,8,533.4
11620,2022,8,2796.5
11650,2022,8,66.09
11650,2022,8,209.17
11650,2022,8,953.44
11650,2022,8,260.94
11650,2022,8,1679.42
11650,2022,8,170.14
11650,2022,8,237.0
11650,2022,8,412.25
11650,2022,8,115.77
11680,2022,8,217.3
11680,2022,8,281.3
11680,2022,8,181.5
11680,2022,8,170.7
11680,2022,8,211.0
11680,2022,8,581.0
11680,2022,8,2183.9
11680,2022,8,2072.8
11680,2022,8,246.0
11680,2022,8,1642.9
11680,2022,8,495.4
11680,2022,8,644.7
11680,2022,8,221.1
11680,2022,8,215.2
11680,2022,8,647.5
11680,2022,8,245.9
11680,2022,8,203.2
11650,2022,8,293.18
11650,2022,8,681.84
11650,2022,8,191.73
11650,2022,8,103.13
11650,2022,8,191.44
11650,2022,8,1145.74
11650,2022,8,346.52
11650,2022,8,1091.13
11650,2022,8,3281.23
11650,2022,8,64.78
11650,2022,8,85.91
11650,2022,8,165.31
11650,2022,8,170.8
11650,2022,8,175.16
11650,2022,8,557.94
11680,2022,8,44306.0
11680,2022,8,279.4
11680,2022,8,346.7
11650,2022,8,2622.45
11650,2022,8,246.78
11650,2022,8,5722.62
11650,2022,8,278.23
11650,2022,8,201.6
11650,2022,8,444.89
11650,2022,8,227.92
11650,2022,8,2555.64
11650,2022,8,186.79
11650,2022,8,167.8
11650,2022,8,188.76
11650,2022,8,5930.58
11650,2022,8,214.61
11650,2022,8,327.93
11650,2022,8,120.44
11650,2022,8,6711.4
11650,2022,8,310.74
11710,2022,8,221.0
11650,2022,8,310.91
11650,2022,8,100.54
11650,2022,8,109.18
11650,2022,8,343.08
11650,2022,8,3425.17
11650,2022,8,313.11
11650,2022,8,200.93
11650,2022,8,294.7
11650,2022,8,850.44
11650,2022,8,12444.21
11650,2022,8,1598.54
11620,2022,8,383.7
11620,2022,8,165.2
11620,2022,8,133.4
11620,2022,8,1010.3
11620,2022,8,166.1
11620,2022,8,48.5
11650,2022,8,361.69
11650,2022,8,197.29
11650,2022,8,256.46
11650,2022,8,2247.31
11650,2022,8,5016.22
11650,2022,8,945.0
11650,2022,8,361.21
11650,2022,8,200.25
11650,2022,8,271.96
11620,2022,8,248.3
11620,2022,8,164.3
11620,2022,8,748.1
11620,2022,8,618.7
11620,2022,8,123.3
11620,2022,8,641.8
11620,2022,8,412.3
11620,2022,8,76.7
11620,2022,8,115.1
11620,2022,8,359.3
11710,2022,8,182.0
11710,2022,8,281.0
11650,2022,8,2608.97
11650,2022,8,266.93
11650,2022,8,380.14
11650,2022,8,255.87
11650,2022,8,301.45
11650,2022,8,1103.8
11650,2022,8,340.22
11650,2022,8,990.71
11650,2022,8,517.49
11650,2022,8,303.88
11650,2022,8,200.92
11650,2022,8,641.49
11650,2022,8,4423.67
11650,2022,8,503.87
11650,2022,8,244.0
11650,2022,8,262.29
11620,2022,8,307.7
11620,2022,8,1357.2
11620,2022,8,144.0
11620,2022,8,155.2
11620,2022,8,173.7
11620,2022,8,614.0
11620,2022,8,144.8
11620,2022,8,233.6
11620,2022,8,256.9
11620,2022,8,187.9
11620,2022,8,325.9
11620,2022,8,1147.3
11620,2022,8,308.2
11620,2022,8,2056.4
11620,2022,8,380.5
11620,2022,8,53.1
11680,2022,8,890.2
11680,2022,8,331.8
11680,2022,8,387.8
11680,2022,8,250.2
11680,2022,8,46057.5
11680,2022,8,1444.0
11680,2022,8,884.6
11680,2022,8,435.1
11680,2022,8,261.4
11680,2022,8,440.1
11680,2022,8,579.9
11680,2022,8,203.4
11680,2022,8,206.8
11680,2022,8,233.6
11620,2022,8,36397.8
11650,2022,8,4621.67
11650,2022,8,1653.22
11650,2022,8,268.1
11650,2022,8,432.49
11650,2022,8,669.43
11650,2022,8,331.48
11650,2022,8,431.61
11650,2022,8,699.73
11650,2022,8,413.55
11620,2022,8,126.9
11620,2022,8,150.7
11620,2022,8,125.7
11680,2022,8,313.5
11680,2022,8,230.6
11680,2022,8,690.5
11680,2022,8,556.5
11710,2022,8,95.0
11560,2022,8,123.11
11560,2022,8,143.28
11560,2022,8,88.11
11560,2022,8,128.1
11560,2022,8,201.02
11560,2022,8,136.73
11560,2022,8,96.04
11560,2022,8,266.52
11560,2022,8,122.03
11560,2022,8,230.97
11560,2022,8,227.73
11560,2022,8,231.37
11560,2022,8,227.04
11560,2022,8,231.89
11560,2022,8,245.22
11560,2022,8,245.04
11560,2022,8,202.4
11560,2022,8,119.42
11560,2022,8,108.51
11560,2022,8,227.0
11560,2022,8,148.8
11560,2022,8,98.02
11560,2022,8,115.2
11560,2022,8,90.22
11560,2022,8,99.37
11560,2022,8,111.42
11560,2022,8,127.74
11560,2022,8,140.31
11560,2022,8,122.17
11560,2022,8,121.78
11560,2022,8,132.08
11560,2022,8,161.74
11560,2022,8,101.21
11560,2022,8,147.58
11560,2022,8,112.3
11560,2022,8,114.48
11560,2022,8,112.5
11560,2022,8,113.87
11560,2022,8,620.0
11560,2022,8,131.46
11560,2022,8,126.87
11560,2022,8,133.58
11560,2022,8,90.03
11560,2022,8,113.83
11560,2022,8,130.27
11560,2022,8,98.19
11560,2022,8,97.37
11560,2022,8,123.71
11560,2022,8,130.03
11560,2022,8,130.18
48270,2022,9,3724.412
48270,2021,7,2691.33
48270,2021,7,247482.66
48270,2021,7,61813.43
48270,2022,9,17255.412
48270,2021,8,1821.36
11560,2022,8,110.84
11560,2022,8,429.24
11560,2022,8,122.43
11560,2022,8,232.17
11560,2022,8,234.18
11560,2022,8,230.67
11560,2022,8,237.26
11560,2022,8,94.71
11560,2022,8,94.56
11560,2022,8,122.57
11560,2022,8,230.47
11560,2022,8,230.43
11560,2022,8,232.83
11560,2022,8,229.77
11560,2022,8,115.99
11560,2022,8,147.31
11560,2022,8,99.55
11560,2022,8,123.02
11560,2022,8,120.87
11560,2022,8,255.49
11560,2022,8,97.96
11560,2022,8,101.1
11560,2022,8,162.12
11560,2022,8,75.0
11560,2022,8,115.49
11560,2022,8,142.59
11560,2022,8,153.36
11560,2022,8,99.25
11560,2022,8,124.22
11560,2022,8,107.06
11560,2022,8,138.96
11560,2022,8,164.61
11560,2022,8,174.67
11560,2022,8,92.69
11560,2022,8,89.36
11560,2022,8,196.49
11560,2022,8,160.97
11560,2022,8,163.56
11560,2022,8,172.5
11560,2022,8,147.39
11560,2022,8,278.43
11560,2022,8,176.2
11560,2022,8,102.97
11560,2022,8,192.24
11560,2022,8,95.57
11560,2022,8,94.02
11560,2022,8,96.97
11560,2022,8,289.23
11560,2022,8,52.98
11560,2022,8,105.69
11560,2022,8,112.29
11560,2022,8,157.94
11560,2022,8,109.19
11560,2022,8,118.27
11560,2022,8,156.55
11560,2022,8,138.65
11560,2022,8,104.33
48270,2022,9,84.701
48270,2021,7,2294.7
11560,2022,8,232.67
11560,2022,8,88.43
11560,2022,8,110.21
11560,2022,8,245.98
11560,2022,8,178.34
11560,2022,8,211.68
11560,2022,8,110.94
11560,2022,8,114.36
11560,2022,8,114.63
11560,2022,8,105.1
11560,2022,8,113.25
11560,2022,8,132.03
11560,2022,8,120.59
11560,2022,8,103.56
11560,2022,8,251.03
11560,2022,8,231.92
11560,2022,8,118.28
11560,2022,8,112.51
11560,2022,8,134.48
11560,2022,8,119.14
11560,2022,8,98.51
11560,2022,8,114.68
11560,2022,8,119.93
11560,2022,8,127.39
11560,2022,8,167.71
11560,2022,8,176.01
11560,2022,8,167.45
11560,2022,8,113.93
11560,2022,8,119.29
11560,2022,8,163.74
11560,2022,8,2074.81
11560,2022,8,53.82
11560,2022,8,139.78
11560,2022,8,527.97
11560,2022,8,138.41
48270,2021,7,41363.02
11560,2022,8,95.45
11560,2022,8,131.0
11560,2022,8,13.0
11560,2022,8,113.7
11560,2022,8,562.1
11560,2022,8,197.19
11560,2022,8,154.04
48270,2021,7,137690.23
48270,2022,9,13.741
48270,2021,7,418.17
48270,2022,9,1307.121
48270,2021,7,6326.12
48270,2022,9,90008.16
48270,2022,9,95.877
48270,2022,9,49.039
11710,2022,8,1605.0
11710,2022,8,895.0
11650,2022,8,241.81
11650,2022,8,233.67
11650,2022,8,9908.98
11650,2022,8,695.09
11650,2022,8,194.54
11650,2022,8,624.82
11650,2022,8,252.59
11650,2022,8,11593.24
11650,2022,8,313.3
11650,2022,8,685.5
11650,2022,8,660.67
11650,2022,8,324.08
11650,2022,8,426.11
11620,2022,8,141.2
11650,2022,8,1090.96
11650,2022,8,303.48
11620,2022,8,2049.2
11620,2022,8,756.5
11620,2022,8,145.0
11620,2022,8,734.2
11620,2022,8,1554.0
11620,2022,8,418.1
11620,2022,8,1284.1
11710,2022,8,178.0
11710,2022,8,103.0
11710,2022,8,370.0
11740,2022,8,192.33772
11740,2022,8,183.14471
11650,2022,8,5222.76
11650,2022,8,412.04
11650,2022,8,349.26
11650,2022,8,489.25
11650,2022,8,2750.19
11650,2022,8,388.1
11650,2022,8,224.9
11650,2022,8,327.4
11650,2022,8,18570.65
11650,2022,8,649.87
11650,2022,8,536.18
11650,2022,8,352.27
11620,2022,8,127.8
11620,2022,8,143.1
11620,2022,8,182.2
46170,2021,7,43687.8
46170,2021,7,3686.8
46170,2021,7,4143.3
46170,2021,7,2661.1
46170,2021,7,3013.6
46170,2021,7,9207.4
11650,2022,8,89.15
11650,2022,8,132.72
11650,2022,8,146.1
11650,2022,8,133.84
11650,2022,8,3662.11
11650,2022,8,406.53
11650,2022,8,348.86
11650,2022,8,225.41
44790,2022,8,4098.1
44790,2022,8,404.1
44790,2022,8,12571.8
44790,2022,8,914.0
44790,2022,8,3219.3
44790,2022,8,4014.0
44790,2022,8,2728.8
44790,2022,8,1174.4
44790,2022,8,4082.2
44790,2022,8,2100.0
44790,2022,8,1730.2
44790,2022,8,10492.7
44790,2022,8,5009.8
11650,2022,8,43.31
11650,2022,8,313.14
11650,2022,8,432.36
11650,2022,8,15.99
11650,2022,8,200.83
11650,2022,8,31706.9
11650,2022,8,279.37
11650,2022,8,204.65
11650,2022,8,247.89
11650,2022,8,164.43
11650,2022,8,8634.44
11650,2022,8,544.57
11650,2022,8,236.18
11650,2022,8,214.6
11620,2022,8,1947.9
11620,2022,8,94.9
11620,2022,8,788.0
11620,2022,8,514.5
44270,2021,8,32.2374
11620,2022,8,865.6
11620,2022,8,117.6
11620,2022,8,534.9
11620,2022,8,179.7
11620,2022,8,668.5
44790,2022,8,5354.5
44790,2022,8,1020.8
44790,2022,8,1624.6
44790,2022,8,67365.3
44790,2022,8,317.2
44790,2022,8,774.3
44790,2022,8,3.6
44790,2022,8,7753.8
44790,2022,8,5294.5
44790,2022,8,4452.2
44790,2022,8,4018.4
44790,2022,8,940.7
44790,2022,8,2959.1
44790,2022,8,2989.0
44790,2022,8,11918.7
44790,2022,8,11944.2
44790,2022,8,13921.3
44790,2022,8,3985.6
44790,2022,8,2899.4
44790,2022,8,20750.3
44790,2022,8,3471.1
44790,2022,8,4743.9
44790,2022,8,5458.7
44790,2022,8,5202.3
44790,2022,8,1966.4
44790,2022,8,2225.2
44790,2022,8,3203.8
11650,2022,8,7525.49
11650,2022,8,2059.09
11650,2022,8,146.34
11620,2022,8,5323.28
11620,2022,8,209.3
11620,2022,8,146.3
11620,2022,8,134.5
11620,2022,8,2345.7
11620,2022,8,1502.0
11620,2022,8,116.5
11620,2022,8,269.9
11620,2022,8,480.6
11620,2022,8,91.1
44790,2022,8,1160.5
44790,2022,8,2261.6
44790,2022,8,388.2
44790,2022,8,7891.8
44790,2022,8,5635.4
44790,2022,8,712.9
44790,2022,8,436.7
44790,2022,8,4017.2
44790,2022,8,2451.6
44790,2022,8,1103.5
44790,2022,8,2688.3
44790,2022,8,3013.2
44790,2022,8,2516.8
44790,2022,8,1641.3
44790,2022,8,22753.4
44790,2022,8,101838.8
44790,2022,8,1414.6
44790,2022,8,9289.1
44790,2022,8,1747.8
44790,2022,8,2699.0
44790,2022,8,4872.8
44790,2022,8,6162.5
44790,2022,8,4147.8
44790,2022,8,5524.5
44790,2022,8,1892.3
44790,2022,8,491.6
44790,2022,8,2480.6
44790,2022,8,12068.3
44790,2022,8,1652.2
44790,2022,8,3479.2
44790,2022,8,510.9
44790,2022,8,3459.0
44790,2022,8,4036.7
44790,2022,8,450.2
44790,2022,8,486.9
11620,2022,8,2725.9
11620,2022,8,334.6
11650,2022,8,5915.44
11650,2022,8,1977.09
11650,2022,8,198.68
11650,2022,8,321.18
11650,2022,8,610.87
44790,2022,8,2712.8
44790,2022,8,4007.1
44790,2022,8,1764.1
44790,2022,8,3144.1
44790,2022,8,16082.7
44790,2022,8,3363.3
44790,2022,8,975.0
44790,2022,8,95.0
44790,2022,8,1340.6
44790,2022,8,5056.8
44790,2022,8,1790.5
44790,2022,8,19950.9
44790,2022,8,1058.8
44790,2022,8,2542.5
44790,2022,8,8319.0
44790,2022,8,2876.3
44790,2022,8,2399.3
44790,2022,8,1001.8
44790,2022,8,4095.6
44790,2022,8,2585.7
44790,2022,8,594.8
44790,2022,8,611.9
44790,2022,8,2773.7
44790,2022,8,8009.5
44790,2022,8,5537.9
44790,2022,8,768.4
44790,2022,8,3952.6
44790,2022,8,2715.8
44790,2022,8,1262.0
44790,2022,8,1354.4
44790,2022,8,7042.7
44790,2022,8,4178.6
44790,2022,8,3437.4
44790,2022,8,924.3
44790,2022,8,2450.2
44790,2022,8,2310.1
44790,2022,8,9969.2
44790,2022,8,5955.0
44790,2022,8,6532.5
44790,2022,8,685.2
44790,2022,8,3897.7
44790,2022,8,1748.6
11650,2022,8,261.14
11650,2022,8,234.7
11650,2022,8,89.14
11650,2022,8,177.78
11650,2022,8,324.42
11650,2022,8,163.75
11650,2022,8,353.38
11650,2022,8,4.4
11650,2022,8,8376.39
11650,2022,8,11.71
11650,2022,8,1261.68
11650,2022,8,272.06
11650,2022,8,140.87
11650,2022,8,209.48
11650,2022,8,1038.63
11650,2022,8,174.41
11650,2022,8,206.65
11650,2022,8,1836.97
44790,2022,8,323060.8
44790,2022,8,110.3
44790,2022,8,672.4
44790,2022,8,6766.8
43130,2022,8,985.2
44790,2022,8,4407.0
44790,2022,8,20122.4
44790,2022,8,447.6
44790,2022,8,1529.5
44790,2022,8,51610.3
44790,2022,8,1626.1
11650,2022,8,6719.72
11650,2022,8,364.34
11650,2022,8,157.67
11650,2022,8,350.18
11650,2022,8,298.63
11650,2022,8,162.1
11650,2022,8,2019.63
11650,2022,8,186.44
11650,2022,8,243.13
11650,2022,8,661.08
11650,2022,8,459.49
11650,2022,8,5946.67
11650,2022,8,438.1
11650,2022,8,2110.21
11650,2022,8,654.91
44790,2022,8,3975.6
44790,2022,8,4006.3
44790,2022,8,2187.8
44790,2022,8,883.8
44790,2022,8,2851.9
44790,2022,8,1677.1
44790,2022,8,4733.1
44790,2022,8,5452.9
44790,2022,8,105.2
44790,2022,8,9425.5
44790,2022,8,2069.7
44790,2022,8,1487.4
44790,2022,8,1636.6
43130,2022,8,1277.6
43130,2022,8,2939.7
43130,2022,8,5977.9
43130,2022,8,20860.5
43130,2022,8,1714.8
44790,2022,8,3110.9
44790,2022,8,129668.7
44790,2022,8,2909.2
44790,2022,8,1373.9
44790,2022,8,2831.6
44790,2022,8,2978.1
44790,2022,8,1780.2
44790,2022,8,2543.4
44790,2022,8,2406.5
44790,2022,8,7413.5
44790,2022,8,3226.5
44790,2022,8,7998.4
44790,2022,8,1053.6
44790,2022,8,3923.6
44790,2022,8,15871.3
44790,2022,8,946.4
11650,2022,8,592.44
11650,2022,8,333.23
44790,2022,8,228.4
44790,2022,8,3822.1
44790,2022,8,1145.4
44790,2022,8,2390.0
44790,2022,8,1278.0
44790,2022,8,6088.2
44790,2022,8,5691.9
44790,2022,8,2066.8
44790,2022,8,1394.8
44790,2022,8,4024.2
44790,2022,8,2795.3
44790,2022,8,2424.9
44790,2022,8,729.0
44790,2022,8,7977.5
44790,2022,8,3929.7
44790,2022,8,2613.5
11650,2022,8,5334.03
11620,2022,8,155.8
11620,2022,8,619.6
11620,2022,8,195.9
11620,2022,8,4429.95
11620,2022,8,357.6
11620,2022,8,1898.2
11620,2022,8,152.5
11620,2022,8,184.7
11620,2022,8,186.1
11620,2022,8,161.8
11620,2022,8,167.4
44790,2022,8,5691.8
44790,2022,8,1744.6
44790,2022,8,1870.1
44790,2022,8,2078.2
44790,2022,8,3387.4
44790,2022,8,5647.2
44790,2022,8,5290.7
44790,2022,8,394.0
44790,2022,8,1183.0
44790,2022,8,1942.4
44790,2022,8,1946.8
44790,2022,8,2403.5
44790,2022,8,7886.5
44790,2022,8,7898.8
44790,2022,8,8768.1
44790,2022,8,170.5
44790,2022,8,1557.5
44790,2022,8,242.5
44790,2022,8,5971.0
44790,2022,8,1706.3
44790,2022,8,8903.4
44790,2022,8,7868.9
44790,2022,8,3004.6
44790,2022,8,1286.0
44790,2022,8,2235.8
44790,2022,8,2705.8
44790,2022,8,8192.5
44790,2022,8,1784.6
44790,2022,8,4037.1
11620,2022,8,218.7
11620,2022,8,1753.9
11650,2022,8,210.48
11650,2022,8,223.6
11650,2022,8,1681.14
11650,2022,8,8573.76
11620,2022,8,595.4
11620,2022,8,50.8
11620,2022,8,1626.1
11650,2022,8,260.51
11650,2022,8,343.0
11650,2022,8,204.41
11650,2022,8,460.89
11650,2022,8,6631.43
11650,2022,8,19.61
11650,2022,8,86.86
11650,2022,8,223.08
11620,2022,8,143.7
11620,2022,8,99.0
44790,2022,8,1997.6
44790,2022,8,512.7
44790,2022,8,6315.7
44790,2022,8,4765.2
44790,2022,8,2866.3
44790,2022,8,1231.4
44790,2022,8,21979.6
44790,2022,8,2814.4
44790,2022,8,2510.0
44790,2022,8,2657.7
44790,2022,8,14714.9
44790,2022,8,5012.3
44790,2022,8,1001.3
44790,2022,8,698.0
44790,2022,8,7561.5
44790,2022,8,2917.7
44790,2022,8,4751.9
44790,2022,8,9663.5
44790,2022,8,2446.9
44790,2022,8,2748.4
44790,2022,8,2233.0
44790,2022,8,3797.0
44790,2022,8,1563.0
44790,2022,8,1377.6
44790,2022,8,1992.9
44790,2022,8,7666.7
44790,2022,8,1441.7
44790,2022,8,1985.7
11650,2022,8,207.99
11650,2022,8,226.64
11650,2022,8,356.89
11650,2022,8,249.27
11650,2022,8,932.37
11650,2022,8,739.91
11650,2022,8,433.12
11650,2022,8,968.0
11650,2022,8,4768.56
11650,2022,8,187.67
11650,2022,8,6284.68
11650,2022,8,167.74
11650,2022,8,169.63
11650,2022,8,210.24
11650,2022,8,163.44
11650,2022,8,1866.59
11650,2022,8,55.38
11650,2022,8,170.61
11650,2022,8,40.92
11650,2022,8,16191.01
11650,2022,8,3079.81
11650,2022,8,79.15
44790,2022,8,1355.5
44790,2022,8,346.1
44790,2022,8,1543.6
44790,2022,8,1807.4
44790,2022,8,1945.8
44790,2022,8,6044.5
44790,2022,8,203.2
44790,2022,8,6833.7
44790,2022,8,3435.6
44790,2022,8,5431.3
44790,2022,8,928.5
44790,2022,8,8861.7
44790,2022,8,9335.9
44790,2022,8,2132.2
44790,2022,8,4540.4
44790,2022,8,528.6
44790,2022,8,5618.5
44790,2022,8,7987.7
44790,2022,8,3168.6
44790,2022,8,2403.9
44790,2022,8,1203.3
44790,2022,8,592.0
44790,2022,8,751.5
44790,2022,8,15582.8
43800,2021,8,110.5
44230,2021,7,48.6
11650,2022,8,560.28
11650,2022,8,989.92
11650,2022,8,269.57
11650,2022,8,759.74
11650,2022,8,202.19
11650,2022,8,11.62
11650,2022,8,1986.05
11650,2022,8,211.31
11650,2022,8,243.51
11650,2022,8,493.21
11650,2022,8,208.03
11650,2022,8,209.87
11650,2022,8,7590.32
11650,2022,8,218.17
11650,2022,8,164.46
11650,2022,8,231.74
11650,2022,8,4755.32
11650,2022,8,189.2
11650,2022,8,192.62
11650,2022,8,299.44
11650,2022,8,450.77
11650,2022,8,201.29
11650,2022,8,319.93
11650,2022,8,407.18
11650,2022,8,179.88
11650,2022,8,158.06
11650,2022,8,320.16
11650,2022,8,4284.4
11650,2022,8,358.27
44790,2022,8,6499.4
44790,2022,8,4013.5
44790,2022,8,5438.7
44790,2022,8,5130.5
44790,2022,8,1314.4
44790,2022,8,484.4
44790,2022,8,2122.6
44790,2022,8,6976.7
44790,2022,8,22191.5
44790,2022,8,7544.4
44270,2022,6,1558.5
44270,2022,6,187.5
44270,2022,6,1116.5
44270,2022,6,663.9
44270,2022,6,6522.9
44270,2021,8,666.9725
44270,2021,8,1500.4056
44270,2021,8,2608.039
44270,2021,8,2523.7717
44270,2021,8,2290.395
44270,2021,8,663.61804
44790,2022,8,3457.8
44790,2022,8,2073.9
44790,2022,8,12875.2
11650,2022,8,171.29
11650,2022,8,222.33
11650,2022,8,6630.52
11650,2022,8,118.53
11650,2022,8,139.98
11650,2022,8,163.34
11650,2022,8,204.31
11650,2022,8,13778.84
11650,2022,8,306.67
11620,2022,8,104.8
11620,2022,8,270.7
11620,2022,8,843.6
11620,2022,8,130.7
11620,2022,8,212.1
11620,2022,8,1049.3
11620,2022,8,355.2
11620,2022,8,269.7
11650,2022,8,2367.79
11650,2022,8,295.97
11650,2022,8,3199.4
11650,2022,8,238.45
11650,2022,8,308.31
11650,2022,8,485.69
11650,2022,8,1740.51
11620,2022,8,20208.9
11620,2022,8,235.0
11620,2022,8,398.7
11620,2022,8,109.5
44790,2022,8,1191.3
44790,2022,8,17627.0
44790,2022,8,1977.9
44790,2022,8,23266.1
44790,2022,8,2563.1
44790,2022,8,1528.5
44790,2022,8,479.1
44790,2022,8,19870.4
44790,2022,8,1043.2
44790,2022,8,931.7
44790,2022,8,1994.0
44790,2022,8,1452.7
44790,2022,8,1128.5
44790,2022,8,3618.2
44790,2022,8,1791.5
44790,2022,8,1701.7
44790,2022,8,8101.7
44790,2022,8,9782.0
44790,2022,8,3461.5
44790,2022,8,20268.2
44790,2022,8,2200.2
44790,2022,8,3780.3
44790,2022,8,8032.1
44790,2022,8,474.2
44790,2022,8,1624.8
44790,2022,8,4757.5
44790,2022,8,1692.4
44790,2022,8,3938.0
44790,2022,8,2208.9
11620,2022,8,656.2
11620,2022,8,375.1
11620,2022,8,138.6
11620,2022,8,391.8
11620,2022,8,142.9
11650,2022,8,162.5
11650,2022,8,316.4
11650,2022,8,415.22
11650,2022,8,90.1
11650,2022,8,168.79
11650,2022,8,320.39
11650,2022,8,588.9
11650,2022,8,531.99
11650,2022,8,54.5
11650,2022,8,70.92
11620,2022,8,549.6
11620,2022,8,395.4
11620,2022,8,108.0
11620,2022,8,149.2
11650,2022,8,153.98
11650,2022,8,241.4
11650,2022,8,896.18
11650,2022,8,188.95
11650,2022,8,9102.31
11650,2022,8,476.23
11650,2022,8,903.54
11650,2022,8,174.36
11650,2022,8,291.34
11650,2022,8,1741.82
11620,2022,8,407.6
44790,2022,8,3682.0
44790,2022,8,257.7
44790,2022,8,827.1
44790,2022,8,148.0
44790,2022,8,12049.7
46170,2021,7,24841.4
46170,2021,7,21849.5
46170,2021,7,7967.9
46170,2021,7,9009.8
46170,2021,7,5296.6
46170,2021,7,5102.9
46170,2021,7,4989.3
46170,2021,7,4513.0
46170,2021,7,4949.7
46170,2021,7,15229.5
46170,2021,7,8076.9
46170,2021,7,6002.1
46170,2021,7,12876.0
46170,2021,7,3790.8
46170,2021,7,4422.7
46170,2021,7,7999.1
46170,2021,7,11991.6
46170,2021,7,19617.8
46170,2021,7,4216.6
46170,2021,7,13346.9
46170,2021,7,16942.2
45730,2021,7,1453.6467
45730,2021,7,9441.4
45730,2021,8,1632.6947
45730,2021,8,2574.9382
45730,2021,7,5355.716
45730,2021,7,609.5865
45730,2021,8,1233.7634
45730,2021,8,1078.3586
45730,2021,8,3090.768
45730,2021,8,4253.6245
45730,2021,7,1950.3179
46170,2021,7,19948.5
46800,2021,7,10278.7
46800,2021,7,62509.3
46800,2021,7,70686.2
46800,2021,7,21484.8
46800,2021,7,37168.9
46800,2021,7,26868.3
46800,2021,7,23392.8
46800,2021,7,19095.1
46800,2021,7,49767.2
46800,2021,7,36869.1
46800,2021,7,32712.9
46800,2021,7,27289.4
46170,2021,7,34933.5
46170,2021,7,11003.5
46170,2021,7,5360.7
46170,2021,7,40912.1
46170,2021,7,6345.5
46170,2021,7,2705.5
46170,2021,7,1535.7
46170,2021,7,4262.1
46170,2021,7,2615.9
46170,2021,7,513.8
46170,2021,7,1679.8
45730,2021,8,2462.8608
46800,2021,7,18668.0
46800,2021,7,459.2
46800,2021,7,28596.1
46800,2021,7,1687.0
46800,2021,7,15512.0
46800,2021,7,55572.2
46800,2021,7,9854.4
46800,2021,7,36004.9
41650,2022,8,12149.43
41650,2022,8,25415.205
41650,2022,8,3890.765
41650,2022,8,3139.906
41650,2022,8,59376.844
41650,2022,8,3190.001
41650,2022,8,787.334
41650,2022,8,2163.688
46800,2021,7,27393.4
46800,2021,7,2498.7
46800,2021,7,32839.5
46800,2021,7,2383.1
46800,2021,7,30768.6
46800,2021,7,31099.2
46800,2021,7,32317.0
46800,2021,7,40528.4
46800,2021,7,26692.9
46800,2021,7,31078.3
46800,2021,7,44143.7
46800,2021,7,41818.4
46800,2021,7,26801.7
46800,2021,7,25969.2
45730,2021,8,1979.843
45730,2021,8,869.4897
45730,2021,8,1470.7274
45730,2021,7,1421.6837
45730,2021,8,2574.931
45730,2021,8,872.6791
45730,2021,8,2043.8279
45730,2021,7,1436.8081
45730,2021,8,1747.5599
45730,2021,8,1845.7595
45730,2021,8,1474.5887
45730,2021,8,1249.4752
45730,2021,8,2103.962
45730,2021,8,2353.549
45730,2021,8,1674.3944
45730,2021,8,997.76196
45730,2021,7,298.9976
45730,2021,8,1117.8329
45730,2021,8,153.93884
45730,2021,8,267.1547
45730,2021,8,1543.0862
45730,2021,8,1075.7722
45730,2021,8,3422.154
45730,2021,8,2356.85
41390,2022,8,72.8
41390,2022,7,56.8
41390,2022,8,55.7
41390,2022,8,82.0
41390,2022,8,65.4
41390,2022,8,55.6
41390,2022,7,61.5
41390,2022,8,40.6
41390,2022,8,53.8
41390,2022,8,81.1
41390,2022,8,48.7
41390,2022,6,29.0
41390,2022,8,46.4
41390,2022,8,76.3
41390,2022,8,91.3
41390,2022,8,65.5
41390,2022,8,39.7
41390,2022,8,57.2
41390,2022,6,59.3
41390,2022,8,72.2
46800,2021,7,28478.1
46800,2021,7,36504.7
46810,2021,7,2376.2
46810,2021,7,4629.6
46810,2021,7,6233.5
46810,2021,7,198.0
46810,2021,7,1888.7
46810,2021,7,5859.1
46810,2021,7,6122.7
46810,2021,7,9192.2
45730,2021,7,5816.534
45730,2021,7,1293.6029
45730,2021,7,4861.2515
45730,2021,7,19647.357
45730,2021,7,1380.795
45730,2021,7,1148.9276
45730,2021,7,6146.6016
45730,2021,7,2011.0092
45730,2021,8,4150.011
45730,2021,7,1147.9786
45730,2021,7,739.41486
45730,2021,7,7136.2896
45730,2021,7,874.70514
45730,2021,7,42024.566
45730,2021,7,356.93646
45730,2021,7,285.41672
45730,2021,8,2213.047
45730,2021,7,16166.813
45730,2021,7,94.9786
45730,2021,7,224.98463
45730,2021,7,55948.773
45730,2021,7,12850.084
45730,2021,7,1495.4803
45730,2021,7,3274.8022
45730,2021,7,1924.2465
46170,2021,7,10406.5
46170,2021,7,8713.5
46170,2021,7,23753.5
46170,2021,7,5880.9
46170,2021,7,2729.2
46170,2021,7,5309.9
46170,2021,7,11264.0
46170,2021,7,4827.8
46170,2021,7,9509.5
46170,2021,7,3255.5
46170,2021,7,2953.2
46170,2021,7,13608.7
46170,2021,7,36476.9
46170,2021,7,10826.3
46170,2021,7,3913.8
46170,2021,7,1852.2
46170,2021,7,7489.7
46170,2021,7,12148.1
46170,2021,7,12012.5
46170,2021,7,11872.7
46170,2021,7,38583.2
45730,2021,7,6253.567
45730,2021,8,2967.4124
45730,2021,8,2565.0461
45730,2021,7,1513.4105
45730,2021,7,1621.1954
45730,2021,8,532.792
45730,2021,7,1038.1677
45730,2021,7,1477.9193
45730,2021,7,921.966
45730,2021,8,2485.2832
45730,2021,8,890.24426
46800,2021,7,29177.5
46800,2021,7,31367.0
46800,2021,7,29067.6
46800,2021,7,24376.9
46800,2021,7,22798.2
46800,2021,7,40779.3
11650,2022,8,3087.08
11650,2022,8,5246.93
11650,2022,8,249.83
11650,2022,8,330.32
46800,2021,7,27425.1
46800,2021,7,32878.6
46800,2021,7,10930.9
46800,2021,7,27006.7
46800,2021,7,17128.7
46800,2021,7,61926.2
46170,2021,7,2867.1
46170,2021,7,2245.0
46170,2021,7,1442.7
46170,2021,7,8694.4
46170,2021,7,3121.4
46170,2021,7,3284.7
46170,2021,7,1784.7
46170,2021,7,7443.1
46170,2021,7,3844.2
46170,2021,7,4694.1
46170,2021,7,4611.5
46170,2021,7,4025.0
45730,2021,7,864.29535
45730,2021,7,1258.7513
45730,2021,7,1942.3966
45730,2021,7,11561.087
45730,2021,7,19963.139
46800,2021,7,50909.3
46800,2021,7,49460.7
46800,2021,7,35314.5
46800,2021,7,34594.0
46800,2021,7,56750.5
46800,2021,7,56764.2
46800,2021,7,30769.2
46800,2021,7,34641.6
46800,2021,7,66647.8
46800,2021,7,4286.9
46800,2021,7,31005.1
46800,2021,7,65384.0
46800,2021,7,26770.1
46170,2021,7,8883.1
46170,2021,7,7784.5
46800,2021,7,37024.3
46800,2021,7,125463.5
46800,2021,7,11482.3
46800,2021,7,33394.4
46800,2021,7,92217.6
46800,2021,7,21148.9
46800,2021,7,58601.9
46800,2021,7,14997.6
45730,2021,8,1791.7346
45730,2021,8,1286.4926
46170,2021,7,4036.2
46170,2021,7,11762.1
46170,2021,7,16150.3
46170,2021,7,8105.1
46170,2021,7,11263.8
46170,2021,7,83803.3
46170,2021,7,4096.2
46170,2021,7,12405.0
46170,2021,7,644.8
46800,2021,7,1627.9
46810,2021,7,740.6
46810,2021,7,634.6
44790,2022,8,4570.3
46810,2021,7,15825.3
46810,2021,7,314.8
11740,2022,8,214.92126
11740,2022,8,223.8289
11740,2022,8,178.47023
11740,2022,9,34154.336
11740,2022,8,225.6726
11650,2022,8,1604.46
11650,2022,8,1578.95
11650,2022,8,330.92
11650,2022,8,339.61
11650,2022,8,166.95
11650,2022,8,728.5
11650,2022,8,334.23
11650,2022,8,2302.48
11620,2022,8,212.3
11620,2022,8,472.8
11620,2022,8,1130.6
11620,2022,8,510.0
11620,2022,8,451.5
11620,2022,8,173.6
11650,2022,8,8730.72
11650,2022,8,1338.81
11650,2022,8,94.88
11650,2022,8,167.62
11710,2022,8,192.0
11680,2022,8,1775.0
11680,2022,8,1176.2
11680,2022,8,447.1
11680,2022,8,184.1
11680,2022,8,794.0
11680,2022,8,345.3
11680,2022,8,347.3
11680,2022,8,329.1
11680,2022,8,4545.0
11680,2022,8,252.4
11680,2022,8,4196.7
11680,2022,8,250.1
11680,2022,8,311.3
11680,2022,8,778.2
11680,2022,8,500.2
11650,2022,8,9277.2
11650,2022,8,582.52
11650,2022,8,428.34
11650,2022,8,1295.73
11650,2022,8,803.61
11650,2022,8,208.21
11650,2022,8,458.39
11650,2022,8,267.62
11650,2022,8,5039.42
11650,2022,8,245.1
11650,2022,8,173.91
11650,2022,8,166.1
11650,2022,8,362.58
11650,2022,8,111.34
11650,2022,8,753.03
11650,2022,8,94.94
11650,2022,8,171.6
11650,2022,8,1629.06
11650,2022,8,1803.07
11650,2022,8,295.59
11620,2022,8,1338.9
11650,2022,8,204.15
11650,2022,8,320.21
11710,2022,8,1295.0
11710,2022,8,7.0
45730,2021,7,1106.657
45730,2021,7,631.3095
46170,2021,7,14259.5
11620,2022,8,440.6
46170,2021,7,13336.2
46170,2021,7,2016.3
46170,2021,7,4278.4
46170,2021,7,1397.9
46170,2021,7,3004.3
46170,2021,7,3988.1
46170,2021,7,4010.5
46170,2021,7,4052.8
46170,2021,7,3916.6
46170,2021,7,4007.5
46800,2021,7,101288.4
46800,2021,7,10698.5
46800,2021,7,61069.8
44790,2022,8,1953.7
43130,2022,8,5143.9
43800,2021,8,113.2
43800,2021,8,141.3
46800,2021,7,26971.4
46800,2021,7,42788.3
46800,2021,7,65380.5
46800,2021,7,2074.3
46800,2021,7,30926.3
46800,2021,7,6294.3
46800,2021,7,16285.3
46800,2021,7,4289.9
46800,2021,7,10191.1
46800,2021,7,2646.9
11650,2022,8,232.68
46800,2021,7,31822.2
46800,2021,7,49937.8
46800,2021,7,13314.9
46800,2021,7,29086.5
46800,2021,7,66081.8
46800,2021,7,44435.4
46800,2021,7,34308.8
46800,2021,7,12959.7
46800,2021,7,61767.8
46170,2021,7,17896.4
46170,2021,7,83804.1
11620,2022,8,261.3
11650,2022,8,178.92
11650,2022,8,74.66
11650,2022,8,17.0
11650,2022,8,240.16
11650,2022,8,130.0
11650,2022,8,1655.09
11650,2022,8,33.43
44790,2022,8,1096.4
44790,2022,8,4168.1
44790,2022,8,1087.3
44790,2022,8,2670.2
44790,2022,8,6896.7
44790,2022,8,6919.8
44790,2022,8,6963.7
44790,2022,8,15942.5
44790,2022,8,5120.4
44790,2022,8,2031.7
44790,2022,8,3659.0
44790,2022,8,1611.8
44790,2022,8,2912.0
11620,2022,8,110.3
44790,2022,8,1148.4
11650,2022,8,7644.85
44790,2022,8,11449.3
44790,2022,8,1785.2
44790,2022,8,1799.6
44790,2022,8,1338.2
44790,2022,8,3168.8
44790,2022,8,1268.5
44790,2022,8,1588.4
44790,2022,8,54484.5
44790,2022,8,950.1
44790,2022,8,3852.4
44790,2022,8,772.3
44790,2022,8,7988.3
44790,2022,8,2045.1
11650,2022,8,1543.62
11650,2022,8,299.59
11650,2022,8,9.06
11650,2022,8,64.35
11650,2022,8,62.42
11650,2022,8,219.8
11650,2022,8,176.74
11650,2022,8,3516.76
11650,2022,8,73.02
11650,2022,8,2763.56
44790,2022,8,1655.4
11650,2022,8,276.53
11650,2022,8,9518.81
11650,2022,8,2931.83
44790,2022,8,8610.8
44790,2022,8,303.6
44790,2022,8,2392.9
44790,2022,8,5712.0
44790,2022,8,2667.1
44790,2022,8,4541.5
44790,2022,8,3729.1
44790,2022,8,2740.9
44790,2022,8,22608.9
44790,2022,8,4100.5
44790,2022,8,6574.9
41500,2022,8,1273.6
41500,2022,8,498.2
41500,2022,9,216.4
41500,2022,8,718.6
41500,2022,8,464.9
41500,2022,8,1284.7
41500,2022,8,906.6
41500,2022,8,755.1
41500,2022,8,382.7
41210,2022,8,336.1
41210,2022,8,132.6
41210,2022,8,98.1
44790,2022,8,2775.9
44790,2022,8,21364.7
44790,2022,8,1786.3
44790,2022,8,718.7
44790,2022,8,32063.7
44790,2022,8,7946.3
44790,2022,8,6911.3
44790,2022,8,5830.7
44790,2022,8,6373.9
44790,2022,8,1592.5
44790,2022,8,2097.3
44790,2022,8,193.0
44790,2022,8,2195.6
44790,2022,8,361.3
41830,2022,8,376.1
41830,2022,8,247.1
41830,2022,8,215.7
41830,2022,8,809.5
41830,2022,8,279.9
41830,2022,8,264.1
41830,2022,8,44.6
41830,2022,8,88.7
41830,2022,8,167.2
41830,2022,8,147.5
41830,2022,8,245.2
41830,2022,8,379.5
41830,2022,8,648.4
41830,2022,8,90.7
41830,2022,8,669.6
41830,2022,8,203.6
41830,2022,8,186.7
41390,2022,6,51.2
41390,2022,8,78.2
41390,2022,8,85.9
41390,2022,8,43.3
41390,2022,7,48.4
41390,2022,7,81.8
41390,2022,8,54.7
41390,2022,8,35.2
41390,2022,6,24.0
41390,2022,8,31.9
41390,2022,7,50.3
41390,2022,8,89.3
41390,2022,7,61.8
41390,2022,7,77.9
41390,2022,8,77.2
41461,2022,8,25658.4
44790,2022,8,6953.0
44790,2022,8,67.0
44790,2022,8,3199.8
44790,2022,8,5272.1
44790,2022,8,8002.9
44790,2022,8,2689.9
44790,2022,8,1360.9
44790,2022,8,2596.4
44790,2022,8,9889.7
44790,2022,8,2764.8
44790,2022,8,2349.1
44790,2022,8,3960.5
44790,2022,8,1363.6
44790,2022,8,2454.5
44790,2022,8,1537.7
44790,2022,8,1783.2
44790,2022,8,2624.5
44790,2022,8,3043.2
44790,2022,8,1151.3
44790,2022,8,2839.9
44790,2022,8,2355.5
44790,2022,8,7182.0
44790,2022,8,3292.5
44790,2022,8,4033.6
44790,2022,8,20406.3
44790,2022,8,6350.4
41830,2022,8,95.3
41830,2022,8,226.9
41830,2022,8,673.9
41830,2022,8,442.5
41830,2022,8,34.5
41830,2022,8,204.5
41830,2022,8,112.0
41830,2022,8,481.9
41830,2022,8,1517.0
41830,2022,8,331.0
41830,2022,8,617.1
41830,2022,8,45.3
41830,2022,8,4039.2
41830,2022,8,267.6
41830,2022,8,390.6
41830,2022,8,1307.8
41461,2022,8,15807.7
41461,2022,8,66.0
41461,2022,8,573.8
41461,2022,8,41320.4
41461,2022,8,2351.9
41461,2022,8,21186.9
41461,2022,8,14269.3
41461,2022,8,2113.3
41500,2022,8,905.8
41590,2022,9,228.8
41590,2022,8,829.0
44790,2022,8,3333.2
44790,2022,8,4951.5
44790,2022,8,4244.0
44790,2022,8,1656.4
44790,2022,8,8114.3
44790,2022,8,3345.5
44790,2022,8,1982.1
44790,2022,8,4017.7
44790,2022,8,5475.8
44790,2022,8,2904.0
44790,2022,8,1857.4
44790,2022,8,3394.2
44790,2022,8,4740.5
44790,2022,8,7966.4
44790,2022,8,370.8
44790,2022,8,6702.4
44790,2022,8,9181.8
44790,2022,8,3688.8
44790,2022,8,2120.0
44790,2022,8,695.6
44790,2022,8,3943.5
44790,2022,8,494.0
44790,2022,8,535.2
44790,2022,8,3958.6
41830,2022,8,199.3
41830,2022,8,248.1
41830,2022,8,136.0
41830,2022,8,899.0
41830,2022,8,592.3
41830,2022,8,306.2
41830,2022,8,191.2
41830,2022,8,454.8
41830,2022,8,374.6
41830,2022,8,2243.5
41830,2022,8,767.5
41830,2022,8,392.4
41830,2022,8,826.8
41830,2022,8,373.9
41830,2022,8,213.5
41830,2022,8,282.9
41830,2022,8,635.8
41590,2022,8,3138.4
41590,2022,9,1645.3
41590,2022,6,1302.5
41630,2022,8,1544.6
41630,2022,8,3129.4
41630,2022,8,1681.4
41210,2022,8,140.8
41210,2022,8,573.3
41210,2022,8,536.2
41210,2022,8,144.1
41210,2022,8,164.3
44790,2022,8,3736.2
44790,2022,8,85506.4
44790,2022,8,2912.6
44790,2022,8,430.2
44790,2022,8,1858.0
44790,2022,8,9713.5
44790,2022,8,3105.6
44790,2022,8,755.4
44790,2022,8,8131.7
44790,2022,8,3866.7
44790,2022,8,1122.8
44790,2022,8,6866.7
41830,2022,8,894.2
41830,2022,8,540.1
42110,2022,9,58.6
42110,2022,9,732.4
42110,2022,8,19599.1
42110,2022,8,20931.7
42110,2022,8,1625.9
42110,2022,8,2427.7
42110,2022,8,1002.3
42110,2022,8,1570.2
42110,2022,8,5547.8
42110,2022,8,532.8
42110,2022,8,5434.2
42130,2022,8,3222.8
41210,2022,8,148.6
41210,2022,8,146.7
41210,2022,8,146.4
41210,2022,8,144.6
41210,2022,8,158.1
41210,2022,8,135.9
41210,2022,8,131.3
41210,2022,8,505.0
41210,2022,8,269.2
41210,2022,8,126.4
41210,2022,8,291.1
41210,2022,8,123.1
41210,2022,8,132.3
41390,2022,8,74.2
41390,2022,8,69.4
41390,2022,7,34.5
41390,2022,8,84.5
44790,2022,8,1870.7
44790,2022,8,1968.4
44790,2022,8,1355.8
44790,2022,8,482.3
44790,2022,8,8381.3
44790,2022,8,3940.7
44790,2022,8,567.0
44790,2022,8,5193.8
44790,2022,8,3979.6
44790,2022,8,2270.4
44790,2022,8,6032.9
44790,2022,8,995.1
44790,2022,8,3896.5
44790,2022,8,1084.5
44790,2022,8,4028.8
44790,2022,8,3291.9
44790,2022,8,7932.2
44790,2022,8,3995.9
44790,2022,8,4102.7
44790,2022,8,510.1
44790,2022,8,990.7
44790,2022,8,818.7
44790,2022,8,544.4
44790,2022,8,2700.6
44790,2022,8,4794.0
44790,2022,8,2249.9
44790,2022,8,5259.5
44790,2022,8,5720.1
44790,2022,8,2985.4
44790,2022,8,1266.1
44790,2022,8,10518.1
42130,2022,8,25444.9
42130,2022,8,19369.8
42130,2022,8,20103.2
42130,2022,8,13707.9
42130,2022,8,1030.1
42130,2022,8,20643.3
42130,2022,8,5724.0
42130,2022,8,13634.3
42130,2022,8,102737.4
41390,2022,8,84.6
41390,2022,8,86.2
41390,2022,8,36.0
44790,2022,8,11953.8
44790,2022,8,4801.0
44790,2022,8,2561.8
44790,2022,8,61491.2
44790,2022,8,3430.9
44790,2022,8,3090.3
44790,2022,8,4485.6
44790,2022,8,5855.2
44790,2022,8,3657.1
44790,2022,8,2878.5
44790,2022,8,1252.5
41830,2022,8,420.8
41830,2022,8,651.8
41390,2022,7,70.8
41390,2022,8,84.7
41390,2022,7,101.8
41390,2022,8,58.5
41390,2022,8,53.2
41390,2022,8,49.3
41461,2022,8,16662.2
44790,2022,8,2173.2
44790,2022,8,1418.0
44790,2022,8,984.2
44790,2022,8,2175.1
44790,2022,8,1769.3
44790,2022,8,4247.4
44790,2022,8,1205.1
44790,2022,8,365.1
44790,2022,8,659.1
44790,2022,8,2270.1
44790,2022,8,1683.4
44790,2022,8,2797.1
44790,2022,8,2604.0
44790,2022,8,808.0
44790,2022,8,2928.5
44790,2022,8,1479.5
44790,2022,8,3146.1
44790,2022,8,1170.5
44790,2022,8,334.0
44790,2022,8,2203.6
44790,2022,8,2250.0
44790,2022,8,665.3
44790,2022,8,4808.6
44790,2022,8,827.3
44790,2022,8,166.7
44790,2022,8,5047.5
44790,2022,8,1460.9
44790,2022,8,3841.6
44790,2022,8,1548.5
44790,2022,8,341.2
44790,2022,8,1154.8
44790,2022,8,237.9
44790,2022,8,3159.1
44790,2022,8,291.1
44790,2022,8,1054.1
44790,2022,8,1822.7
44790,2022,8,1255.5
44790,2022,8,1448.3
44790,2022,8,789.1
44790,2022,8,667.4
44790,2022,8,2647.4
44790,2022,8,1947.8
44790,2022,8,1085.5
44790,2022,8,635.9
44790,2022,8,281.0
44790,2022,8,202.3
44790,2022,8,4384.2
44790,2022,8,825.3
44790,2022,8,621.7
44790,2022,8,1808.8
44790,2022,8,901.9
44790,2022,8,3379.8
44790,2022,8,508.5
44790,2022,8,1792.0
44790,2022,8,910.2
44790,2022,8,2307.1
44790,2022,8,1064.3
44790,2022,8,2679.3
44790,2022,8,9517.5
44790,2022,8,3492.2
44790,2022,8,240.8
44790,2022,8,1218.4
44790,2022,8,342.5
44790,2022,8,1653.6
44790,2022,8,488.9
44790,2022,8,2182.8
44790,2022,8,982.5
44790,2022,8,472.0
44790,2022,8,1212.2
44790,2022,8,3451.3
44790,2022,8,923.4
44790,2022,8,3881.7
44790,2022,8,2990.6
44790,2022,8,372.1
44790,2022,8,1780.4
44790,2022,8,5203.5
44790,2022,8,1595.1
44790,2022,8,3623.6
44790,2022,8,799.8
44790,2022,8,661.6
44790,2022,8,926.5
44790,2022,8,986.4
44790,2022,8,1195.1
44790,2022,8,993.7
44790,2022,8,1147.7
44790,2022,8,2141.7
44790,2022,8,1249.0
44790,2022,8,1238.0
44790,2022,8,2122.3
44790,2022,8,1168.0
44790,2022,8,168.3
44790,2022,8,1961.0
44790,2022,8,1493.6
44790,2022,8,540.4
44790,2022,8,751.1
44790,2022,8,1721.7
44790,2022,8,2220.2
44790,2022,8,1567.3
44790,2022,8,1117.1
44790,2022,8,1477.0
44790,2022,8,537.1
44790,2022,8,3613.1
44790,2022,8,3571.1
44790,2022,8,802.5
44790,2022,8,684.6
44790,2022,8,2262.1
44790,2022,8,3875.4
44790,2022,8,4413.9
44790,2022,8,8031.3
44790,2022,8,1446.9
44790,2022,8,1786.6
44790,2022,8,1885.7
44790,2022,8,660.6
44790,2022,8,1199.2
44790,2022,8,2323.0
44790,2022,8,2015.3
44790,2022,8,1703.1
44790,2022,8,555.1
44790,2022,8,1938.8
44790,2022,8,3866.8
44790,2022,8,1235.9
44790,2022,8,849.6
44790,2022,8,1681.2
44790,2022,8,485.4
44790,2022,8,1802.3
44790,2022,8,1917.8
44790,2022,8,7209.3
44790,2022,8,3700.1
44790,2022,8,2787.2
44790,2022,8,1006.3
44790,2022,8,1145.5
44790,2022,8,4100.8
44790,2022,8,2309.2
44790,2022,8,2936.6
44790,2022,8,481.1
44790,2022,8,2123.9
44790,2022,8,1130.0
44790,2022,8,2575.8
44790,2022,8,1503.3
44790,2022,8,178.4
44790,2022,8,4168.0
44790,2022,8,16699.5
44790,2022,8,3053.6
44790,2022,8,1066.7
44790,2022,8,2333.2
44790,2022,8,918.8
44790,2022,8,2882.3
44790,2022,8,2327.4
44790,2022,8,2311.4
44790,2022,8,700.0
44790,2022,8,3385.4
44790,2022,8,667.8
44790,2022,8,3438.4
44790,2022,8,1831.7
44790,2022,8,4120.8
44790,2022,8,1597.3
44790,2022,8,1576.6
44790,2022,8,825.0
44790,2022,8,1664.0
44790,2022,8,679.7
44790,2022,8,703.6
44790,2022,8,1727.9
44790,2022,8,2903.0
44790,2022,8,1122.9
44790,2022,8,658.6
44790,2022,8,1713.9
44790,2022,8,2043.2
44790,2022,8,2350.4
44790,2022,8,1112.3
44790,2022,8,4168.9
44790,2022,8,4170.6
44790,2022,8,2230.5
44790,2022,8,961.8
44790,2022,8,549.7
44790,2022,8,20.4
44790,2022,8,2151.2
44790,2022,8,3584.5
44790,2022,8,4963.1
44790,2022,8,1345.3
44790,2022,8,1137.3
44790,2022,8,717.7
44790,2022,8,1742.6
44790,2022,8,929.8
44790,2022,8,936.5
44790,2022,8,2891.6
44790,2022,8,3011.2
44790,2022,8,2320.0
44790,2022,8,1301.7
44790,2022,8,1245.3
44790,2022,8,677.3
44790,2022,8,2512.8
44790,2022,8,2593.3
44790,2022,8,2253.0
44790,2022,8,2114.2
44790,2022,8,1779.1
44790,2022,8,1465.3
44790,2022,8,383.6
44790,2022,8,3139.4
44790,2022,8,1944.8
44790,2022,8,1657.7
44790,2022,8,2031.6
44790,2022,8,2405.7
44790,2022,8,2112.9
44790,2022,8,317.7
44790,2022,8,13376.1
44790,2022,8,1307.8
44790,2022,8,3396.1
44790,2022,8,1929.4
44790,2022,8,4214.5
44790,2022,8,873.0
44790,2022,8,3182.4
44790,2022,8,645.5
44790,2022,8,5076.8
44790,2022,8,1403.2
44790,2022,8,3933.7
44790,2022,8,6366.0
44790,2022,8,1319.0
44790,2022,8,1545.9
44790,2022,8,2950.8
11560,2022,8,98.0
11560,2022,8,22.0
44790,2022,8,5170.4
44790,2022,8,2536.1
44790,2022,8,508.0
44790,2022,8,1130.9
44790,2022,8,567.1
44790,2022,8,627.0
44790,2022,8,970.5
44790,2022,8,944.6
44790,2022,8,525.9
44790,2022,8,939.3
44790,2022,8,592.4
44790,2022,8,2654.5
44790,2022,8,14557.9
44790,2022,8,3191.6
44790,2022,8,1406.8
44790,2022,8,792.9
44790,2022,8,1041.2
44790,2022,8,1375.2
44790,2022,8,291.7
44790,2022,8,148.3
44790,2022,8,492.0
44790,2022,8,759.7
44790,2022,8,3480.4
44790,2022,8,361.4
44790,2022,8,4748.4
44790,2022,8,2003.4
44790,2022,8,1380.8
44790,2022,8,1165.7
44790,2022,8,1134.1
44790,2022,8,1182.0
44790,2022,8,1421.9
44790,2022,8,838.1
44790,2022,8,1462.5
44790,2022,8,1840.8
44790,2022,8,2835.0
44790,2022,8,2524.2
44790,2022,8,658.0
44790,2022,8,452.7
44790,2022,8,3991.2
44790,2022,8,426.4
44790,2022,8,2830.7
44790,2022,8,3461.8
44790,2022,8,1515.4
44790,2022,8,976.9
44790,2022,8,1456.8
44790,2022,8,3057.0
44790,2022,8,964.3
44790,2022,8,1994.7
44790,2022,8,1337.8
44790,2022,8,1331.9
44790,2022,8,3015.4
44790,2022,8,2822.3
44790,2022,8,769.5
44790,2022,8,9930.1
44790,2022,8,2817.2
44790,2022,8,2292.6
44790,2022,8,4517.6
44790,2022,8,8630.5
44790,2022,8,4280.4
44790,2022,8,2781.2
44790,2022,8,1601.3
44790,2022,8,350.8
44790,2022,8,2917.2
44790,2022,8,5035.7
44790,2022,8,1386.3
44790,2022,8,5708.6
44790,2022,8,1499.2
44790,2022,8,1726.9
44790,2022,8,3373.8
44790,2022,8,472.2
44790,2022,8,3562.2
44790,2022,8,5941.8
44790,2022,8,8506.1
44790,2022,8,4306.2
44790,2022,8,981.5
44790,2022,8,757.0
44790,2022,8,2676.0
44790,2022,8,13980.7
44790,2022,8,1491.6
44790,2022,8,1374.2
44790,2022,8,1512.3
44790,2022,8,543.5
44790,2022,8,698.5
44790,2022,8,4800.1
44790,2022,8,3461.9
44790,2022,8,73.0
44790,2022,8,761.1
44790,2022,8,146.9
44790,2022,8,403.7
44790,2022,8,3877.5
44790,2022,8,2589.3
44790,2022,8,1227.5
44790,2022,8,2590.6
44790,2022,8,2171.9
44790,2022,8,1119.2
44790,2022,8,794.8
44790,2022,8,11042.2
44790,2022,8,3977.7
44790,2022,8,4986.4
44790,2022,8,4016.8
44790,2022,8,1179.9
44790,2022,8,592.6
44790,2022,8,3062.5
44790,2022,8,12041.6
44790,2022,8,1474.0
44790,2022,8,1226.7
44790,2022,8,2845.8
44790,2022,8,4960.1
44790,2022,8,1121.3
44790,2022,8,5591.0
44790,2022,8,1930.5
44790,2022,8,6684.2
44790,2022,8,1420.1
44790,2022,8,3339.7
44790,2022,8,5589.3
44790,2022,8,6959.8
44790,2022,8,5989.3
44790,2022,8,183.3
44790,2022,8,4043.8
44790,2022,8,1119.3
42130,2022,8,32112.5
42130,2022,8,4257.0
42130,2022,8,6409.4
42130,2022,8,17597.5
42130,2022,8,3892.8
42130,2022,8,3558.5
42130,2022,8,5585.4
42130,2022,8,17670.4
41650,2022,8,617.493
41650,2022,8,1643.938
41650,2022,8,2085.66
41650,2022,8,1072.776
41650,2022,8,3653.644
41650,2022,8,3345.254
41650,2022,8,2996.928
41210,2022,8,339.9
41210,2022,8,113.9
41210,2022,8,343.0
41210,2022,8,133.2
41210,2022,8,1571.2
41210,2022,8,163.0
41210,2022,8,114.8
44790,2022,8,2988.8
44790,2022,8,1533.2
44790,2022,8,1961.7
44790,2022,8,2038.3
44790,2022,8,676.9
44790,2022,8,572.1
44790,2022,8,1781.9
44790,2022,8,903.6
44790,2022,8,1497.7
44790,2022,8,2253.6
44790,2022,8,37652.3
44790,2022,8,887.6
44790,2022,8,5945.1
44790,2022,8,784.0
44790,2022,8,3332.7
44790,2022,8,1347.7
44790,2022,8,1324.6
44790,2022,8,6354.7
44790,2022,8,3179.1
44790,2022,8,628.7
44790,2022,8,3011.6
44790,2022,8,433.7
41390,2022,8,28.2
41390,2022,8,70.1
41390,2022,8,34.1
41390,2022,8,29.8
41390,2022,8,47.1
41390,2022,8,92.6
41390,2022,8,38.3
41390,2022,8,25.8
41390,2022,8,40.7
42130,2022,8,5053.4
42130,2022,8,9697.5
42130,2022,8,10280.5
42150,2022,8,1277.5
42130,2022,8,7232.3
42130,2022,8,75018.6
42130,2022,8,4381.4
42130,2022,8,15663.2
42150,2022,8,877.7
42150,2022,8,2883.5
42150,2022,8,152.8
42150,2022,8,267.7
41210,2022,8,128.1
41210,2022,8,109.0
41210,2022,8,348.0
41210,2022,8,1567.5
41210,2022,8,279.0
41210,2022,8,379.8
41210,2022,8,273.0
41210,2022,8,285.8
41390,2022,8,89.6
41390,2022,8,43.1
41390,2022,6,84.4
41390,2022,7,44.7
41390,2022,8,45.8
41390,2022,8,83.2
44790,2022,8,3587.3
44790,2022,8,4316.7
44790,2022,8,3811.9
44790,2022,8,1461.8
44790,2022,8,1747.7
44790,2022,8,3491.0
44790,2022,8,8022.2
44790,2022,8,1440.5
44790,2022,8,5664.0
44790,2022,8,3953.5
44790,2022,8,3962.8
44790,2022,8,4982.2
44790,2022,8,2885.7
44790,2022,8,1634.2
43112,2022,8,3242.8
43112,2022,8,832.9
43112,2022,8,9364.2
43112,2022,8,8131.3
43112,2022,8,4552.4
43112,2022,8,2899.5
43112,2022,8,6715.8
43112,2022,8,8392.3
43112,2022,8,3323.2
43112,2022,8,6909.1
43112,2022,8,2003.9
43112,2022,8,1672.2
43112,2022,8,2279.3
41650,2022,8,1880.787
41650,2022,8,2895.505
41650,2022,8,690.319
41650,2022,8,2485.575
41650,2022,8,3210.971
41650,2022,8,756.606
41650,2022,8,233.505
41390,2022,8,70.7
41650,2022,8,3205.218
41210,2022,8,522.9
41210,2022,8,321.4
41210,2022,8,560.2
41210,2022,8,282.4
41210,2022,8,118.3
41210,2022,8,450.1
41210,2022,8,127.4
44790,2022,8,6025.2
44790,2022,8,1996.4
44790,2022,8,2099.2
44790,2022,8,762.4
44790,2022,8,4046.2
44790,2022,8,3086.3
44790,2022,8,8107.3
44790,2022,8,2049.7
44790,2022,8,3831.6
44790,2022,8,2711.7
44790,2022,8,2025.0
44790,2022,8,4049.2
44790,2022,8,4259.2
41461,2022,8,9171.0
41461,2022,8,10668.4
41461,2022,8,3839.4
41461,2022,8,6072.5
41461,2022,8,8563.7
41461,2022,8,3956.1
41461,2022,8,12195.7
41461,2022,8,5102.8
41461,2022,8,1758.8
41465,2022,8,559.2
41465,2022,8,454.6
41465,2022,8,3728.0
43130,2022,8,27091.7
43130,2022,8,10320.9
42130,2022,8,19765.2
42130,2022,8,6851.3
42130,2022,8,12547.8
43112,2022,8,2001.1
43112,2022,8,2666.6
43113,2022,8,12457.1
43113,2022,8,837.1
43113,2022,8,1748.4
43113,2022,8,2064.0
41390,2022,8,81.6
41390,2022,8,94.6
41390,2022,6,52.0
41390,2022,7,52.1
41390,2022,8,73.7
41390,2022,8,60.9
44790,2022,8,3618.3
41390,2022,8,79.2
41390,2022,8,23.3
41390,2022,8,81.4
41390,2022,8,64.3
41390,2022,8,21.4
41390,2022,6,24.2
41390,2022,8,68.2
41390,2022,8,45.6
41390,2022,8,89.5
41390,2022,8,20.8
41390,2022,6,88.9
41390,2022,8,62.4
41461,2022,8,10553.4
41461,2022,8,3005.7
41461,2022,8,2730.3
41461,2022,8,5983.7
41461,2022,8,8887.2
41461,2022,8,11962.5
41461,2022,8,5935.1
42150,2022,8,710.3
42150,2022,8,455.6
42150,2022,8,646.8
11560,2022,8,118.76
41390,2022,8,54.8
41390,2022,8,95.4
41390,2022,8,86.5
41461,2022,8,3950.1
41461,2022,8,1828.5
44790,2022,8,4063.1
44790,2022,8,242.2
44790,2022,8,6614.4
44790,2022,8,3916.4
44790,2022,8,1710.3
44790,2022,8,1664.9
44790,2022,8,4022.0
44790,2022,8,6830.7
44790,2022,8,2542.3
44790,2022,8,5807.8
44790,2022,8,1272.9
44790,2022,8,196.3
44790,2022,8,2881.5
44790,2022,8,4574.9
41465,2022,8,471.9
41465,2022,8,640.9
41465,2022,8,80.2
41465,2022,8,339.3
41465,2022,8,705.8
41465,2022,8,534.8
41465,2022,8,1717.5
41465,2022,8,469.4
41465,2022,8,767.5
41650,2022,8,48332.13
41650,2022,8,487.234
41650,2022,8,1031.277
42130,2022,8,29644.9
42130,2022,8,11628.2
42130,2022,8,3075.4
42150,2022,8,839.6
42150,2022,8,443.8
42150,2022,8,2482.5
42150,2022,8,791.4
42150,2022,8,2098.5
41210,2022,8,320.8
41210,2022,8,122.9
41210,2022,8,161.8
41210,2022,8,78.3
41461,2022,8,2688.7
41461,2022,8,2128.2
41461,2022,8,1088.4
41461,2022,8,7624.2
41461,2022,8,3925.9
41461,2022,8,119.8
41461,2022,8,20996.6
41650,2022,8,1386.715
41650,2022,8,189.816
41650,2022,8,2130.658
41650,2022,8,805.979
41650,2022,8,326.395
41650,2022,8,1513.879
44790,2022,8,4009.8
44790,2022,8,1593.6
11560,2022,8,128.52
11560,2022,8,136.03
11560,2022,8,121.81
11560,2022,8,99.56
11560,2022,8,98.94
11560,2022,8,100.57
11560,2022,8,112.95
11560,2022,8,128.78
11560,2022,8,119.67
11560,2022,8,102.78
11560,2022,8,179.02
11560,2022,8,77.18
11560,2022,8,103.61
11560,2022,8,143.89
11560,2022,8,107.85
11560,2022,8,119.35
11560,2022,8,116.28
11560,2022,8,81.73
11560,2022,8,162.78
11560,2022,8,148.61
11560,2022,8,111.04
11560,2022,8,143.27
11560,2022,8,104.06
11560,2022,8,100.78
11560,2022,8,91.26
11560,2022,8,96.39
11560,2022,8,99.73
11560,2022,8,86.68
11560,2022,8,143.51
11560,2022,8,91.65
11560,2022,8,156.89
11560,2022,8,101.06
11560,2022,8,261.01
11560,2022,8,113.75
11560,2022,8,157.73
11560,2022,8,178.4
11560,2022,8,108.35
11560,2022,8,153.34
11560,2022,8,201.76
11560,2022,8,219.57
11560,2022,8,174.85
11560,2022,8,152.71
11560,2022,8,78.51
11560,2022,8,180.33
11560,2022,8,79.71
11560,2022,8,102.39
11560,2022,8,97.66
11560,2022,8,88.85
11560,2022,8,130.51
11560,2022,8,114.93
44790,2022,8,3936.3
11560,2022,8,134.28
11560,2022,8,123.54
11560,2022,8,112.01
11560,2022,8,139.54
11560,2022,8,112.28
11560,2022,8,114.82
11560,2022,8,103.22
11560,2022,8,116.0
11560,2022,8,183.2
11560,2022,8,219.2
11560,2022,8,116.68
11560,2022,8,102.63
11560,2022,8,111.89
11560,2022,8,97.38
11560,2022,8,97.25
11560,2022,8,133.06
44790,2022,8,1141.6
44790,2022,8,1756.7
44790,2022,8,2242.0
44790,2022,8,551.4
11560,2022,8,195.56
11560,2022,8,147.44
11560,2022,8,126.92
11560,2022,8,130.09
11560,2022,8,123.07
11560,2022,8,113.91
11560,2022,8,128.54
11560,2022,8,117.4
11560,2022,8,131.39
11560,2022,8,118.0
11560,2022,8,160.55
11560,2022,8,147.41
11560,2022,8,160.59
11560,2022,8,160.42
11560,2022,8,157.0
11560,2022,8,154.0
11560,2022,8,158.0
11560,2022,8,238.16
11560,2022,8,224.44
11560,2022,8,199.7
11560,2022,8,223.17
11560,2022,8,178.42
11560,2022,8,149.99
11560,2022,8,215.15
11560,2022,8,127.02
11560,2022,8,130.14
11560,2022,8,108.04
11560,2022,8,106.53
11560,2022,8,145.81
11560,2022,8,132.83
11560,2022,8,124.37
44790,2022,8,779.3
44790,2022,8,895.8
44790,2022,8,2826.7
44790,2022,8,822.7
41670,2022,8,723.0
41670,2022,8,6200.9
41670,2022,8,1067.7
41670,2022,8,905.9
41670,2022,8,623.9
41670,2022,8,661.0
41670,2022,8,86.1
41670,2022,8,683.1
41670,2022,8,933.1
41670,2022,8,141.6
41670,2022,8,628.7
41670,2022,8,889.8
41670,2022,8,4068.6
41670,2022,8,1960.0
41670,2022,8,612.7
41670,2022,9,1077.3
41500,2022,8,255.7
41500,2022,8,152.1
41500,2022,9,428.4
41500,2022,8,2020.0
44790,2022,8,1026.4
44790,2022,8,26.9
44790,2022,8,1982.2
44790,2022,8,4939.7
44790,2022,8,12115.9
44790,2022,8,4008.0
44790,2022,8,794.0
44790,2022,8,1494.5
44790,2022,8,1966.8
44790,2022,8,12749.3
44790,2022,8,8036.7
44790,2022,8,3955.4
44790,2022,8,6372.5
44790,2022,8,3062.3
44790,2022,8,3980.0
44790,2022,8,2428.9
44790,2022,8,1084.6
44790,2022,8,751.4
44790,2022,8,2154.2
44790,2022,8,3791.7
44790,2022,8,453.5
44790,2022,8,3159.8
44790,2022,8,1379.0
44790,2022,8,13509.1
44790,2022,8,1194.0
44790,2022,8,2402.4
41670,2022,8,931.2
41670,2022,8,1434.9
41670,2022,8,671.4
41670,2022,8,2062.8
41670,2022,8,7231.3
41670,2022,8,4803.9
41670,2022,8,4320.1
41830,2022,8,476.8
41830,2022,8,184.7
41830,2022,8,265.9
41830,2022,8,400.6
41830,2022,8,210.9
41670,2022,8,253.0
41210,2022,8,76.4
41210,2022,8,1416.6
41210,2022,8,64.4
41210,2022,8,125.4
41210,2022,8,141.1
41210,2022,8,620.3
41210,2022,8,159.6
41210,2022,8,143.6
41210,2022,8,142.2
41210,2022,8,128.5
41210,2022,8,140.4
41210,2022,8,591.0
41210,2022,8,140.2
41210,2022,8,131.4
41210,2022,8,129.5
41390,2022,7,82.9
41390,2022,8,24.5
41390,2022,8,87.4
44790,2022,8,8105.9
44790,2022,8,1812.2
44790,2022,8,11939.2
44790,2022,8,4071.4
44790,2022,8,4058.2
44790,2022,8,4058.8
44790,2022,8,3240.9
44790,2022,8,2459.7
44790,2022,8,1253.1
44790,2022,8,1849.3
44790,2022,8,590.4
44790,2022,8,741.9
44790,2022,8,2160.8
44790,2022,8,548.1
44790,2022,8,4968.7
44790,2022,8,4006.4
44790,2022,8,1871.4
44790,2022,8,2456.6
11560,2022,8,133.83
11560,2022,8,117.7
11560,2022,8,81.1
11560,2022,8,130.79
11560,2022,8,302.8
11560,2022,8,103.65
11560,2022,8,132.22
11560,2022,8,146.06
11560,2022,8,166.06
11560,2022,8,110.09
11560,2022,8,116.72
11560,2022,8,130.42
11560,2022,8,133.07
11560,2022,8,118.5
11560,2022,8,132.37
11560,2022,8,121.07
11560,2022,8,97.0
11560,2022,8,149.56
11560,2022,8,96.66
11560,2022,8,156.97
11560,2022,8,99.84
11560,2022,8,102.28
11560,2022,8,149.75
11560,2022,8,180.4
11560,2022,8,144.13
11560,2022,8,157.99
11560,2022,8,163.19
11560,2022,8,167.88
11560,2022,8,161.3
11560,2022,8,141.73
11560,2022,8,235.18
11560,2022,8,132.21
11560,2022,8,121.32
11560,2022,8,131.2
11560,2022,8,128.28
11560,2022,8,133.29
11560,2022,8,134.24
11560,2022,8,132.23
44790,2022,8,2781.9
44790,2022,8,2683.7
44790,2022,8,6974.1
11560,2022,8,114.98
11560,2022,8,141.19
11560,2022,8,128.96
11560,2022,8,146.61
11560,2022,8,144.67
11560,2022,8,113.66
11560,2022,8,73.91
11560,2022,8,98.97
11560,2022,8,211.38
11560,2022,8,107.82
11560,2022,8,106.66
11560,2022,8,99.59
11560,2022,8,118.86
11560,2022,8,98.73
11560,2022,8,68.27
11560,2022,8,104.77
11560,2022,8,113.69
11560,2022,8,92.47
11560,2022,8,86.51
11560,2022,8,196.18
11560,2022,8,144.49
11560,2022,8,148.6
11560,2022,8,177.18
11560,2022,8,167.82
11560,2022,8,143.48
11560,2022,8,127.3
11560,2022,8,111.16
11560,2022,8,149.83
11560,2022,8,147.15
11560,2022,8,144.37
11560,2022,8,134.5
11560,2022,8,133.03
11560,2022,8,146.26
11560,2022,8,683.13
11560,2022,8,202.83
11560,2022,8,172.68
11560,2022,8,150.07
11560,2022,8,103.45
11560,2022,8,110.85
11560,2022,8,117.17
11560,2022,8,75.98
11560,2022,8,130.69
11560,2022,8,136.78
11560,2022,8,142.05
11560,2022,8,141.22
11560,2022,8,120.43
11560,2022,8,123.57
11560,2022,8,133.62
11560,2022,8,121.12
11560,2022,8,156.87
11560,2022,8,149.91
11560,2022,8,166.36
11560,2022,8,151.86
11560,2022,8,170.44
11560,2022,8,113.99
11560,2022,8,159.9
11560,2022,8,110.83
11560,2022,8,909.39
11560,2022,8,154.16
11560,2022,8,168.83
11560,2022,8,101.46
11560,2022,8,215.39
11560,2022,8,197.21
11560,2022,8,200.82
44790,2022,8,2648.2
11560,2022,8,136.63
11560,2022,8,151.54
11560,2022,8,166.91
11560,2022,8,103.2
11560,2022,8,108.19
11560,2022,8,116.64
11560,2022,8,100.71
11560,2022,8,114.16
11560,2022,8,233.82
11560,2022,8,217.97
11560,2022,8,198.62
11560,2022,8,111.97
11560,2022,8,103.03
11560,2022,8,73.19
11560,2022,8,106.37
11560,2022,8,115.75
11560,2022,8,171.37
11560,2022,8,127.27
11560,2022,8,130.37
11560,2022,8,161.97
44790,2022,8,391.3
44790,2022,8,2460.1
44790,2022,8,453.3
11560,2022,8,138.02
11560,2022,8,134.7
11560,2022,8,159.62
11560,2022,8,138.54
11560,2022,8,167.09
11560,2022,8,137.63
11560,2022,8,144.28
11560,2022,8,164.92
11560,2022,8,149.62
11560,2022,8,115.15
11560,2022,8,122.15
11560,2022,8,236.84
11560,2022,8,101.54
11560,2022,8,141.7
11560,2022,8,90.71
11560,2022,8,95.12
11560,2022,8,124.24
11560,2022,8,193.4
11560,2022,8,83.26
11560,2022,8,115.8
11560,2022,8,137.58
11560,2022,8,125.89
11560,2022,8,145.56
11560,2022,8,160.58
11560,2022,8,20.26
11560,2022,8,163.65
11560,2022,8,162.9
11560,2022,8,159.41
11560,2022,8,164.9
11560,2022,8,177.77
11560,2022,8,164.02
11560,2022,8,87.21
11560,2022,8,170.33
11560,2022,8,184.65
11560,2022,8,154.99
11560,2022,8,3656.24
11560,2022,8,157.4
11560,2022,8,169.58
11560,2022,8,208.73
11560,2022,8,144.87
11560,2022,8,116.34
11560,2022,8,101.12
11560,2022,8,160.16
11560,2022,8,159.24
11560,2022,8,195.0
11560,2022,8,134.43
11560,2022,8,120.31
11560,2022,8,108.45
11560,2022,8,102.23
11560,2022,8,95.02
11560,2022,8,102.65
11560,2022,8,150.77
11560,2022,8,131.31
11560,2022,8,144.78
11560,2022,8,142.99
11560,2022,8,132.88
11560,2022,8,130.45
11560,2022,8,162.62
11560,2022,8,113.09
11560,2022,8,128.92
11560,2022,8,156.14
11560,2022,8,118.22
11560,2022,8,132.9
11560,2022,8,113.68
11560,2022,8,153.92
11560,2022,8,119.75
11560,2022,8,141.07
44790,2022,8,314.0
44790,2022,8,2756.0
11560,2022,8,124.34
11560,2022,8,114.66
11560,2022,8,145.95
11560,2022,8,165.88
11560,2022,8,91.75
11560,2022,8,99.91
11560,2022,8,109.74
11560,2022,8,150.94
11560,2022,8,126.27
11560,2022,8,113.5
11560,2022,8,131.96
11560,2022,8,122.37
11560,2022,8,117.86
11560,2022,8,108.33
11560,2022,8,115.54
11560,2022,8,225.28
11560,2022,8,105.46
11560,2022,8,128.13
11560,2022,8,118.62
11560,2022,8,133.65
11620,2022,8,988.8
11560,2022,8,185.0
11560,2022,8,368.6
11560,2022,8,396.8
11560,2022,8,75.8
11560,2022,8,32.1
11560,2022,8,92.76
11560,2022,8,116.94
11560,2022,8,94.35
11560,2022,8,108.77
11560,2022,8,194.83
11560,2022,8,138.51
11620,2022,8,136.4
11560,2022,8,147.89
11560,2022,8,145.94
11560,2022,8,140.88
11560,2022,8,125.43
11560,2022,8,126.36
11560,2022,8,103.53
11560,2022,8,132.15
11560,2022,8,185.1
11560,2022,8,129.05
11560,2022,8,136.25
11560,2022,8,138.34
11560,2022,8,105.0
11560,2022,8,142.8
11560,2022,8,132.2
11620,2022,8,510.5
11560,2022,8,42.6
11560,2022,8,105.8
11560,2022,8,30.4
11560,2022,8,30.7
11560,2022,8,84.0
11560,2022,8,82.6
11560,2022,8,138.8
11560,2022,8,146.4
11560,2022,8,109.1
11560,2022,8,95.9
11560,2022,8,84.6
11560,2022,8,104.1
11560,2022,8,144.66
11560,2022,8,219.49
11560,2022,8,150.18
11560,2022,8,125.0
11560,2022,8,131.83
11560,2022,8,116.85
11560,2022,8,114.49
11560,2022,8,213.82
11560,2022,8,86.27
11560,2022,8,209.4
11560,2022,8,151.64
11560,2022,8,130.05
11560,2022,8,110.26
11560,2022,8,106.59
11560,2022,8,232.38
11560,2022,8,133.37
11560,2022,8,104.97
11560,2022,8,102.09
11560,2022,8,119.51
11560,2022,8,132.95
11560,2022,8,158.47
11560,2022,8,152.96
11560,2022,8,121.01
11560,2022,8,146.02
11560,2022,8,142.84
11560,2022,8,145.31
11560,2022,8,157.52
11560,2022,8,160.76
11560,2022,8,95.0
11560,2022,8,136.61
11560,2022,8,133.89
11560,2022,8,129.93
11560,2022,8,202.8
11560,2022,8,120.07
11560,2022,8,136.17
11560,2022,8,93.95
11560,2022,8,136.99
11560,2022,8,131.78
11560,2022,8,153.02
11560,2022,8,157.46
11560,2022,8,147.37
11560,2022,8,155.58
11560,2022,8,207.96
11560,2022,8,128.9
11560,2022,8,121.09
11560,2022,8,125.91
11560,2022,8,123.76
11560,2022,8,99.27
11560,2022,8,124.44
11560,2022,8,87.31
11560,2022,8,144.84
11560,2022,8,159.78
11560,2022,8,163.17
11560,2022,8,127.24
11560,2022,8,159.29
11560,2022,8,150.42
11560,2022,8,240.23
11560,2022,8,116.19
11560,2022,8,145.77
11560,2022,8,212.0
11560,2022,8,120.29
11560,2022,8,142.22
11560,2022,8,125.27
11560,2022,8,89.2
11560,2022,8,109.4
11560,2022,8,99.3
11560,2022,8,69.4
11560,2022,8,144.15
11560,2022,8,139.86
11545,2022,8,690.7
11545,2022,8,5388.0
11545,2022,8,9610.6
11560,2022,8,129.51
11560,2022,8,104.14
11560,2022,8,180.14
11560,2022,8,325.04
11560,2022,8,180.15
11560,2022,8,146.48
11560,2022,8,134.26
11560,2022,8,132.07
11560,2022,8,135.28
11560,2022,8,132.1
11560,2022,8,179.87
11560,2022,8,127.97
11560,2022,8,139.46
11560,2022,8,233.81
11560,2022,8,177.73
11560,2022,8,109.02
11560,2022,8,139.06
11560,2022,8,96.8
11560,2022,8,129.44
11560,2022,8,118.43
11560,2022,8,132.52
11560,2022,8,139.98
11560,2022,8,162.07
11560,2022,8,175.48
11560,2022,8,126.67
11560,2022,8,136.6
11560,2022,8,124.13
11560,2022,8,102.11
11560,2022,8,149.27
11560,2022,8,143.53
11560,2022,8,121.89
11560,2022,8,101.64
11560,2022,8,88.67
11560,2022,8,111.71
11560,2022,8,109.66
11560,2022,8,228.67
11560,2022,8,163.83
11560,2022,8,124.97
11560,2022,8,112.45
11560,2022,8,190.38
11560,2022,8,102.56
11560,2022,8,132.38
11560,2022,8,206.49
11560,2022,8,137.1
11560,2022,8,119.72
11560,2022,8,133.31
11560,2022,8,113.58
11560,2022,8,152.99
11560,2022,8,150.66
11560,2022,8,111.75
11560,2022,8,95.94
11560,2022,8,81.38
11560,2022,8,29.01
11560,2022,8,186.33
11560,2022,8,117.66
11560,2022,8,115.1
11560,2022,8,139.22
11560,2022,8,145.74
11560,2022,8,297.02
11560,2022,8,169.94
11560,2022,8,146.64
11560,2022,8,129.57
11560,2022,8,147.93
11560,2022,8,139.85
11560,2022,8,136.87
11560,2022,8,158.13
11560,2022,8,139.18
11560,2022,8,115.98
11560,2022,8,107.01
11560,2022,8,155.15
11560,2022,8,106.06
11560,2022,8,170.92
11560,2022,8,98.04
11560,2022,8,97.57
11560,2022,8,231.93
11560,2022,8,238.07
11560,2022,8,100.95
11560,2022,8,132.41
11560,2022,8,100.51
11560,2022,8,104.55
11560,2022,8,66.82
11560,2022,8,134.06
11560,2022,8,96.38
11560,2022,8,184.24
11560,2022,8,63.8
11560,2022,8,184.46
11560,2022,8,83.4
11560,2022,8,163.8
11560,2022,8,113.65
11560,2022,8,110.22
11560,2022,8,117.22
11560,2022,8,121.96
11560,2022,8,131.36
11560,2022,8,163.86
11560,2022,8,141.14
11560,2022,8,156.71
11560,2022,8,151.72
11560,2022,8,140.06
11560,2022,8,163.52
11560,2022,8,153.5
11560,2022,8,144.41
11560,2022,8,131.86
11560,2022,8,156.62
11560,2022,8,112.43
11560,2022,8,160.26
11560,2022,8,158.61
11560,2022,8,110.58
11560,2022,8,115.53
11560,2022,8,99.1
11560,2022,8,133.94
11560,2022,8,126.4
11560,2022,8,133.7
11560,2022,8,117.23
11560,2022,8,134.31
11560,2022,8,136.97
11560,2022,8,90.95
11560,2022,8,136.49
11560,2022,8,72.76
11560,2022,8,87.04
11560,2022,8,150.8
11560,2022,8,151.98
11560,2022,8,120.63
11620,2022,8,816.1
11545,2022,8,6428.7
11560,2022,8,131.19
11560,2022,8,128.6
11560,2022,8,140.1
11560,2022,8,127.42
11560,2022,8,161.23
11560,2022,8,202.0
11560,2022,8,163.0
11560,2022,8,464.0
11560,2022,8,160.0
11560,2022,8,121.16
11560,2022,8,122.41
11560,2022,8,97.53
11560,2022,8,123.38
11560,2022,8,140.26
11560,2022,8,125.85
11560,2022,8,194.26
11560,2022,8,157.01
11560,2022,8,131.56
11560,2022,8,184.48
11560,2022,8,155.63
11560,2022,8,116.81
11560,2022,8,135.68
11560,2022,8,162.32
11560,2022,8,122.78
11560,2022,8,153.76
11560,2022,8,135.24
11560,2022,8,119.11
11560,2022,8,174.42
11560,2022,8,90.47
11560,2022,8,190.9
11560,2022,8,153.07
11560,2022,8,116.89
11560,2022,8,160.1
11560,2022,8,112.99
11560,2022,8,96.99
11560,2022,8,132.12
11560,2022,8,226.7
11560,2022,8,164.37
11560,2022,8,151.1
11560,2022,8,176.03
11560,2022,8,107.25
11560,2022,8,149.89
11560,2022,8,167.51
11560,2022,8,150.25
11560,2022,8,169.04
11560,2022,8,147.22
11560,2022,8,84.15
11560,2022,8,169.32
11560,2022,8,172.82
11560,2022,8,129.15
11560,2022,8,155.7
11560,2022,8,114.61
11560,2022,8,140.52
11560,2022,8,101.04
11560,2022,8,145.21
11560,2022,8,100.46
11560,2022,8,160.98
11560,2022,8,109.79
11560,2022,8,123.67
11560,2022,8,114.42
11560,2022,8,292.4
11560,2022,8,142.12
11560,2022,8,146.27
11560,2022,8,130.99
11560,2022,8,107.7
11560,2022,8,109.03
11560,2022,8,127.96
11560,2022,8,140.81
11560,2022,8,138.22
11560,2022,8,163.51
11560,2022,8,168.6
11560,2022,8,158.91
11560,2022,8,164.45
11560,2022,8,154.72
11560,2022,8,166.93
11560,2022,8,167.21
11560,2022,8,97.81
11560,2022,8,113.94
44790,2022,8,3430.6
44790,2022,8,9975.6
44790,2022,8,13079.4
44790,2022,8,2510.4
44790,2022,8,4010.3
44790,2022,8,7975.8
44790,2022,8,395.1
44790,2022,8,1100.7
44790,2022,8,1248.9
44790,2022,8,6296.1
44790,2022,8,5697.3
44790,2022,8,3440.7
44790,2022,8,4046.0
42130,2022,8,3508.5
42130,2022,8,5956.6
42130,2022,8,8057.9
42130,2022,8,14750.2
42130,2022,8,3807.8
42130,2022,8,19940.9
42130,2022,8,7441.4
42130,2022,8,6842.6
42130,2022,8,6258.3
41461,2022,8,25622.8
41461,2022,8,7169.7
41461,2022,8,1206.7
41461,2022,8,861.9
41461,2022,8,17585.3
41461,2022,8,2640.6
44790,2022,8,1420.2
44790,2022,8,3518.0
44790,2022,8,541.5
44790,2022,8,1803.1
44790,2022,8,2040.3
44790,2022,8,4101.4
44790,2022,8,104486.7
44790,2022,8,7996.6
44790,2022,8,5394.2
44790,2022,8,4948.5
44790,2022,8,778.8
44790,2022,8,2317.4
44790,2022,8,708.4
44790,2022,8,5021.5
44790,2022,8,3911.1
44790,2022,8,37497.2
44790,2022,8,717.6
44790,2022,8,5846.6
11650,2022,8,419.87
11650,2022,8,158.5
11650,2022,8,87.42
11650,2022,8,17070.98
11650,2022,8,7272.41
11650,2022,8,329.22
11650,2022,8,459.66
11650,2022,8,225.85
11650,2022,8,91.93
11650,2022,8,61.91
11650,2022,8,6.28
11650,2022,8,174.18
11650,2022,8,314.58
11650,2022,8,170.43
11650,2022,8,196.86
11650,2022,8,8.2
11650,2022,8,317.01
11650,2022,8,156.44
11650,2022,8,178.29
11650,2022,8,228.45
11650,2022,8,245.72
11650,2022,8,197.53
11650,2022,8,163.16
11650,2022,8,5286.31
11650,2022,8,636.75
44790,2022,8,513.5
44790,2022,8,332.0
44790,2022,8,2706.6
44790,2022,8,3956.6
44790,2022,8,3240.6
44790,2022,8,4357.0
44790,2022,8,3909.1
44790,2022,8,22918.9
44790,2022,8,2902.6
44790,2022,8,2048.9
44790,2022,8,6091.2
44790,2022,8,1276.7
44790,2022,8,2660.9
44790,2022,8,5230.5
44790,2022,8,3062.0
44790,2022,8,644.3
44790,2022,8,38695.7
44270,2021,8,2970.019
44270,2021,8,562.2953
44270,2021,8,2504.947
44790,2022,8,5059.4
44790,2022,8,2305.2
44790,2022,8,12403.9
11650,2022,8,189.0
11650,2022,8,6771.07
11650,2022,8,47.22
11650,2022,8,1372.88
11650,2022,8,136.5
11650,2022,8,2712.94
11650,2022,8,298.55
11650,2022,8,506.41
11650,2022,8,822.91
11650,2022,8,393.69
11650,2022,8,209.02
11650,2022,8,167.66
11650,2022,8,96.06
11650,2022,8,323.63
11650,2022,8,503.13
11650,2022,8,338.94
11650,2022,8,99.15
11650,2022,8,3052.12
11650,2022,8,1230.08
11650,2022,8,589.37
11650,2022,8,330.49
11650,2022,8,410.5
11650,2022,8,559.29
11650,2022,8,358.37
11650,2022,8,199.73
11650,2022,8,300.27
11650,2022,8,208.66
11650,2022,8,404.15
11650,2022,8,254.19
11650,2022,8,357.19
11650,2022,8,288.98
44790,2022,8,1957.3
44790,2022,8,2071.8
44790,2022,8,2185.6
44790,2022,8,2364.0
44790,2022,8,5539.3
44790,2022,8,1313.2
44790,2022,8,3744.9
44790,2022,8,1946.1
44790,2022,8,2893.4
44790,2022,8,5330.7
44790,2022,8,1196.8
44790,2022,8,4945.8
44790,2022,8,2155.8
44790,2022,8,2275.6
44790,2022,8,4043.7
44790,2022,8,401.6
44790,2022,8,423.8
44790,2022,8,3957.3
44790,2022,8,6424.3
44790,2022,8,1981.9
44790,2022,8,434.0
11650,2022,8,613.58
11650,2022,8,202.58
11650,2022,8,111.31
11650,2022,8,1524.59
11650,2022,8,19.54
11650,2022,8,2822.36
11650,2022,8,8267.39
11650,2022,8,143.83
11620,2022,8,586.3
11620,2022,8,3683.1
11620,2022,8,1693.7
11620,2022,8,241.9
11620,2022,8,276.2
11650,2022,8,2291.44
11650,2022,8,3629.76
11650,2022,8,902.83
11650,2022,8,1235.77
11650,2022,8,641.92
11620,2022,8,12524.4
11620,2022,8,207.8
11620,2022,8,351.7
11620,2022,8,575.9
11620,2022,8,98.5
11620,2022,8,256.2
11620,2022,8,125.1
44790,2022,8,8886.3
44790,2022,8,2963.1
44790,2022,8,1970.2
44790,2022,8,6500.2
44790,2022,8,508.6
44790,2022,8,4915.2
44790,2022,8,2352.6
44790,2022,8,4653.7
44790,2022,8,17378.4
44790,2022,8,2004.7
44790,2022,8,1270.3
44790,2022,8,5129.7
44790,2022,8,1658.6
44790,2022,8,4124.0
44790,2022,8,1491.8
44790,2022,8,1906.5
44790,2022,8,782.7
44790,2022,8,2666.4
44790,2022,8,2714.4
44790,2022,8,4219.4
44790,2022,8,762.0
11620,2022,8,162.0
11620,2022,8,448.6
11620,2022,8,161.2
11620,2022,8,147.2
11620,2022,8,142.6
11650,2022,8,315.67
11650,2022,8,281.15
11650,2022,8,1795.53
11650,2022,8,225.81
11650,2022,8,196.77
11650,2022,8,198.75
11650,2022,8,335.92
11560,2022,8,137.03
11560,2022,8,129.02
11560,2022,8,164.44
11560,2022,8,157.15
46810,2021,7,3705.6
47113,2021,8,23953.5
47170,2021,8,1730.4
47170,2021,8,485.9
47170,2021,8,914.9
47170,2021,8,1495.6
45730,2021,8,595.8293
45730,2021,8,1254.2537
45730,2021,8,1698.6816
45730,2021,8,320.90878
45730,2021,8,1001.2132
45730,2021,8,904.15875
45730,2021,8,212.73703
45730,2021,7,624.8943
45730,2021,8,2333.878
45730,2021,8,1090.483
45730,2021,8,2972.2537
45730,2021,8,137.83926
45730,2021,8,1774.6238
45730,2021,8,1435.946
45730,2021,8,47.01515
45730,2021,8,1199.223
45730,2021,8,3091.3408
45730,2021,8,88.0861
45730,2021,8,2201.0889
45730,2021,8,1362.9729
45730,2021,8,208.71928
45730,2021,8,1569.8702
45730,2021,8,2457.368
45730,2021,8,1356.9703
45730,2021,8,281.5168
45730,2021,8,716.1973
45730,2021,8,3845.5537
45730,2021,7,886.87366
45730,2021,8,1445.309
46800,2021,7,17329.7
46800,2021,7,50107.5
46800,2021,7,7441.3
46800,2021,7,16542.9
46800,2021,7,10337.3
46800,2021,7,10645.2
46800,2021,7,81504.0
46800,2021,7,7738.1
46800,2021,7,46529.0
46800,2021,7,62603.2
46800,2021,7,19031.4
45730,2021,8,1821.639
45730,2021,8,1415.199
45730,2021,8,770.95135
45730,2021,7,711.31415
45730,2021,8,1239.6877
44790,2022,8,4768.9
45730,2021,8,1000.7619
45730,2021,8,4405.423
45730,2021,8,2325.2068
45730,2021,8,494.57333
45730,2021,8,708.5395
45730,2021,8,569.05615
45730,2021,8,905.5516
45730,2021,8,393.44513
45730,2021,8,2969.9065
45730,2021,8,1734.7921
45730,2021,7,1985.5189
11650,2022,8,168.67
11650,2022,8,805.67
11650,2022,8,445.73
11650,2022,8,248.88
11650,2022,8,198.16
11650,2022,8,171.55
11650,2022,8,352.15
11650,2022,8,7.96
11620,2022,8,130.5
11620,2022,8,176.0
11620,2022,8,133.3
11650,2022,8,170.32
11650,2022,8,35.01
11650,2022,8,235.88
11650,2022,8,11126.28
11650,2022,8,202.62
11650,2022,8,468.18
45730,2021,7,11450.265
45730,2021,7,1418.5387
45730,2021,7,168.83562
45730,2021,7,516.3683
45730,2021,7,2805.4634
45730,2021,7,2133.1309
45730,2021,7,337.64584
45730,2021,7,5457.7207
44790,2022,8,1183.7
45730,2021,7,2700.3086
45730,2021,7,10875.941
45730,2021,7,2936.4333
45730,2021,8,7078.102
45730,2021,7,909.2431
45730,2021,8,1066.3977
45730,2021,8,708.96686
45730,2021,7,6191.3696
45730,2021,7,975.0809
45730,2021,7,7770.3945
45730,2021,7,292.77682
45730,2021,7,7044.2686
45730,2021,8,1667.0427
46800,2021,7,18981.9
46800,2021,7,60823.1
46800,2021,7,87355.9
46800,2021,7,19277.9
46800,2021,7,82497.4
46800,2021,7,3861.5
46800,2021,7,58510.1
46800,2021,7,76254.5
46800,2021,7,48058.3
46800,2021,7,70104.3
46800,2021,7,983.7
46800,2021,7,37132.3
46800,2021,7,7517.1
46800,2021,7,19763.1
45730,2021,8,499.75058
45730,2021,7,3477.1428
11620,2022,8,185.2
11620,2022,8,183.0
45730,2021,7,29754.078
45730,2021,7,634.6261
45730,2021,7,13471.543
45730,2021,7,1182.1162
45730,2021,7,742.8219
45730,2021,7,420.5005
45730,2021,7,1814.8298
45730,2021,7,1050.9946
45730,2021,7,839.86566
45730,2021,7,1611.028
45730,2021,7,568.54504
46170,2021,7,3009.0
46170,2021,7,2636.7
46170,2021,7,3256.0
46170,2021,7,6056.7
11620,2022,8,612.4
11620,2022,8,391.3
46170,2021,7,21943.6
46170,2021,7,4204.9
46170,2021,7,8073.3
41630,2022,8,874.3
41630,2022,8,848.7
46170,2021,7,2920.2
46170,2021,7,7274.9
46170,2021,7,3281.7
46170,2021,7,4019.6
46170,2021,7,2901.7
46170,2021,7,2361.4
46170,2021,7,2526.7
46170,2021,7,3776.8
46170,2021,7,19650.3
46170,2021,7,4919.8
46170,2021,7,46302.5
46170,2021,7,13906.2
46170,2021,7,9310.9
46170,2021,7,15957.3
46170,2021,7,21089.1
46170,2021,7,6727.8
46170,2021,7,16907.0
46800,2021,7,237221.0
46800,2021,7,35386.1
46800,2021,7,28217.4
46800,2021,7,27660.0
46800,2021,7,27856.2
46800,2021,7,70297.7
46800,2021,7,53301.5
46800,2021,7,82337.2
46800,2021,7,8291.6
46800,2021,7,47348.0
46800,2021,7,10371.3
46800,2021,7,8188.1
45730,2021,7,7131.1914
45730,2021,7,3581.3855
45730,2021,7,1176.0166
45730,2021,7,1407.574
45730,2021,8,890.26465
45730,2021,7,587.98627
45730,2021,7,627.5528
45730,2021,7,2181.383
45730,2021,8,1129.8407
45730,2021,8,1787.7245
11560,2022,8,137.36
11560,2022,8,140.64
11560,2022,8,128.95
11560,2022,8,144.16
11560,2022,8,162.4
11560,2022,8,161.59
44790,2022,8,1725.9
11560,2022,8,108.52
11560,2022,8,120.09
11560,2022,8,136.43
11560,2022,8,119.52
11560,2022,8,153.2
11560,2022,8,137.15
11560,2022,8,132.76
11560,2022,8,135.79
11560,2022,8,128.5
11560,2022,8,131.24
11560,2022,8,135.05
11560,2022,8,145.13
11560,2022,8,131.48
11560,2022,8,126.24
11560,2022,8,146.16
11560,2022,8,121.9
11560,2022,8,139.82
11560,2022,8,179.0
11560,2022,8,670.0
11560,2022,8,177.0
11560,2022,8,151.61
11560,2022,8,321.27
11560,2022,8,162.7
11560,2022,8,102.36
11560,2022,8,150.76
11560,2022,8,278.9
11560,2022,8,138.81
11560,2022,8,152.91
11560,2022,8,123.26
11560,2022,8,170.62
11560,2022,8,96.83
11560,2022,8,138.93
11560,2022,8,187.98
11560,2022,8,142.08
11560,2022,8,153.35
11560,2022,8,81.51
11560,2022,8,68.64
11560,2022,8,151.41
11560,2022,8,131.69
11560,2022,8,140.19
11560,2022,8,123.88
11560,2022,8,127.19
11560,2022,8,142.31
11560,2022,8,165.5
11560,2022,8,127.61
11560,2022,8,121.13
11560,2022,8,112.32
11560,2022,8,76.09
11560,2022,8,87.84
11560,2022,8,162.74
11560,2022,8,137.39
11560,2022,8,208.64
11560,2022,8,142.67
11560,2022,8,72.06
11560,2022,8,110.96
11560,2022,8,103.23
11560,2022,8,152.43
11560,2022,8,150.15
11560,2022,8,108.16
11560,2022,8,109.91
11560,2022,8,118.68
11560,2022,8,100.33
11560,2022,8,177.85
11560,2022,8,160.46
11560,2022,8,141.91
11560,2022,8,108.22
11560,2022,8,152.74
11560,2022,8,137.28
11560,2022,8,134.05
11560,2022,8,172.53
11560,2022,8,111.48
11560,2022,8,214.54
44790,2022,8,418.4
44790,2022,8,4386.3
44790,2022,8,8527.7
11560,2022,8,89.0
11560,2022,8,99.98
11560,2022,8,96.55
11560,2022,8,112.73
11560,2022,8,859.0
11560,2022,8,117.5
11560,2022,8,124.7
11560,2022,8,162.43
11560,2022,8,165.65
11560,2022,8,159.42
11560,2022,8,152.58
11560,2022,8,138.38
11560,2022,8,138.27
11560,2022,8,132.98
11560,2022,8,225.63
11560,2022,8,127.45
11560,2022,8,160.13
11560,2022,8,74.5
11560,2022,8,126.77
11560,2022,8,191.28
11560,2022,8,117.71
11560,2022,8,146.1
11560,2022,8,132.62
11560,2022,8,157.31
11560,2022,8,156.01
11560,2022,8,157.08
11560,2022,8,164.38
11560,2022,8,341.42
11560,2022,8,236.46
11560,2022,8,155.86
11560,2022,8,125.42
11560,2022,8,153.06
11560,2022,8,116.1
11560,2022,8,102.22
11560,2022,8,212.67
11560,2022,8,147.47
11560,2022,8,150.88
11560,2022,8,132.74
11560,2022,8,103.77
11560,2022,8,134.8
11560,2022,8,131.5
11560,2022,8,140.67
11560,2022,8,158.56
11560,2022,8,208.39
11560,2022,8,117.56
11560,2022,8,151.73
11560,2022,8,126.72
44790,2022,8,5842.2
44790,2022,8,2215.3
44790,2022,8,847.5
44790,2022,8,1771.6
44790,2022,8,95.5
44790,2022,8,2367.6
44790,2022,8,1577.1
44790,2022,8,2231.8
44790,2022,8,410.1
44790,2022,8,1224.5
44790,2022,8,2374.0
44790,2022,8,1469.7
44790,2022,8,1516.4
44790,2022,8,1217.5
44790,2022,8,3852.2
44790,2022,8,2379.1
44790,2022,8,321.5
44790,2022,8,3167.8
44790,2022,8,1424.9
44790,2022,8,382.3
44790,2022,8,253.8
44790,2022,8,1799.9
44790,2022,8,456.0
44790,2022,8,508.8
44790,2022,8,638.0
44790,2022,8,118.1
44790,2022,8,4187.4
44790,2022,8,1520.5
44790,2022,8,1042.0
44790,2022,8,8008.4
44790,2022,8,1797.8
44790,2022,8,669.0
44790,2022,8,2830.8
44790,2022,8,3970.1
44790,2022,8,3180.3
44790,2022,8,4015.9
44790,2022,8,3722.9
44790,2022,8,3623.9
44790,2022,8,2594.1
44790,2022,8,3307.5
44790,2022,8,2018.9
44790,2022,8,2219.8
44790,2022,8,1605.4
44790,2022,8,1122.7
44790,2022,8,866.4
44790,2022,8,1025.7
11350,2022,8,85.0
11350,2022,8,82.0
11350,2022,6,32.0
11350,2022,8,48.0
11350,2022,8,51.0
11350,2022,6,123.8
11530,2022,8,26.07
11530,2022,8,10.83
11470,2022,8,180.9
11470,2022,8,89.92
11470,2022,8,133.38
44790,2022,8,1952.9
44790,2022,8,2295.3
44790,2022,8,2686.5
44790,2022,8,1781.5
44790,2022,8,3066.4
44790,2022,8,2597.3
44790,2022,8,963.5
44790,2022,8,1589.4
44790,2022,8,1607.8
44790,2022,8,1518.9
44790,2022,8,1091.3
44790,2022,8,1266.4
44790,2022,8,1292.0
44790,2022,8,1184.9
44790,2022,8,1345.5
44790,2022,8,3153.7
44790,2022,8,1097.3
44790,2022,8,3161.3
44790,2022,8,1894.9
44790,2022,8,2085.8
44790,2022,8,688.6
44790,2022,8,1499.9
44790,2022,8,2859.9
44790,2022,8,1983.6
44790,2022,8,119.2
44790,2022,8,1680.5
44790,2022,8,4147.0
44790,2022,8,597.6
44790,2022,8,3156.4
44790,2022,8,3127.1
44790,2022,8,2443.1
44790,2022,8,1606.0
44790,2022,8,3531.8
44790,2022,8,2426.3
44790,2022,8,325.8
44790,2022,8,915.6
44790,2022,8,977.5
11320,2022,8,174.59
11320,2022,8,113.46
11320,2022,8,479.27
11320,2022,8,165.69
11320,2022,8,676.79
11320,2022,8,108.47
11320,2022,6,125.88
11320,2022,8,264.25
11320,2022,8,135.56
11320,2022,8,153.74
11320,2022,8,194.83
11320,2022,8,159.83
11320,2022,8,92.64
11320,2022,8,201.79
11320,2022,8,313.7
11320,2022,8,331.85
11320,2022,9,433.1
11320,2022,8,239.01
11500,2022,8,60.33
11500,2022,8,77.89
11500,2022,8,182.95
11500,2022,8,68.69
11500,2022,8,245.68
11500,2022,8,1235.89
11500,2022,8,144.71
11500,2022,8,486.54
11500,2022,8,25.64
11500,2022,8,543.38
11500,2022,8,808.83
11500,2022,8,31.56
11500,2022,8,651.57
11260,2022,8,5.0
11260,2022,8,10.0
11260,2022,9,87.12
11260,2022,8,20.0
11260,2022,9,58.41
11260,2022,8,12.0
11260,2022,8,81.02
11260,2022,9,73.8
11260,2022,8,99.36
11260,2022,8,57.12
11260,2022,8,500.0
11260,2022,8,70.0
11260,2022,8,98.0
11260,2022,9,151.36
11320,2022,8,189.56
11320,2022,8,241.61
11320,2022,8,233.86
11320,2022,8,251.28
11320,2022,8,141.04
11320,2022,8,174.57
11320,2022,8,105.81
11320,2022,8,135.26
11320,2022,8,321.26
11320,2022,8,311.7
11320,2022,8,175.44
11320,2022,8,205.74
11320,2022,8,107.68
11320,2022,8,167.43
11320,2022,8,174.21
11320,2022,8,156.87
11320,2022,8,145.77
11320,2022,8,318.21
11320,2022,8,258.59
11320,2022,8,281.91
11500,2022,8,28.13
11500,2022,8,356.21
11500,2022,8,66.79
11530,2022,8,40.0
11260,2022,9,40.23
11290,2022,9,135.9
11290,2022,8,34.15
11290,2022,8,69.0
11290,2022,8,55.7
11290,2022,8,33.97
11290,2022,8,16.53
11290,2022,8,330.0
11290,2022,8,31.54
11290,2022,8,36.36
11290,2022,9,79.0
11290,2022,8,49.63
11290,2022,8,99.0
11290,2022,8,63.83
11290,2022,8,68.14
11320,2022,8,204.37
11320,2022,9,160.24
11320,2022,8,151.67
11320,2022,8,171.77
11320,2022,8,252.1
11320,2022,8,112.59
11320,2022,8,158.45
11320,2022,8,281.92
11320,2022,8,145.29
11320,2022,8,107.63
11320,2022,8,184.58
11320,2022,8,145.47
11320,2022,8,117.09
11320,2022,9,110.07
11320,2022,9,169.12
11320,2022,8,214.96
11320,2022,6,244.95
11320,2022,6,115.55
11320,2022,8,118.99
11500,2022,8,123.47
11500,2022,8,265.87
11500,2022,8,118.11
11500,2022,8,31.44
11500,2022,8,47.26
11500,2022,8,146.9
11500,2022,8,50.72
11500,2022,8,3048.18
11500,2022,8,1272.54
11500,2022,8,254.87
11500,2022,8,860.17
11530,2022,8,5.0
11530,2022,8,270.0
11290,2022,8,105.0
11290,2022,8,59.37
11290,2022,8,47.76
11290,2022,8,50.75
11290,2022,8,99.3
11290,2022,8,155.64
11500,2022,8,111.8
11500,2022,8,1152.91
11500,2022,8,1148.62
11500,2022,8,1616.68
11500,2022,8,32.81
11500,2022,8,90.35
11500,2022,8,1729.46
11500,2022,8,174.72
11500,2022,8,1008.5
11500,2022,8,178.3
11500,2022,8,11.89
11500,2022,8,20.47
11500,2022,8,54.45
11500,2022,8,18.14
11290,2022,8,134.48
11290,2022,8,81.9
11290,2022,8,66.25
11290,2022,8,73.68
11290,2022,8,82.5
11290,2022,9,61.0
11290,2022,8,56.1
11290,2022,8,79.2
11290,2022,8,54.15
11290,2022,8,23.65
11290,2022,8,52.26
11290,2022,8,60.03
11320,2022,9,100.0
11320,2022,8,337.54
11320,2022,8,113.88
11320,2022,8,353.37
11320,2022,8,387.36
11320,2022,8,187.91
11320,2022,8,111.06
11320,2022,8,130.94
11320,2022,8,129.55
11320,2022,8,117.86
11320,2022,8,264.22
11320,2022,8,748.73
11320,2022,8,252.21
11320,2022,8,219.55
11530,2022,8,908.0
11530,2022,8,391.07
11530,2022,8,18.13
11530,2022,8,67.83
11530,2022,8,4.64
11530,2022,8,100.0
11530,2022,8,731.0
11290,2022,8,10.25
11290,2022,8,100.4
11290,2022,8,89.37
11290,2022,9,115.0
11290,2022,8,52.69
11290,2022,8,106.58
11290,2022,8,40.0
11290,2022,8,73.37
11290,2022,8,87.39
11290,2022,8,66.64
11290,2022,8,11.7
11290,2022,8,82.34
11290,2022,9,62.56
11290,2022,8,56.88
11290,2022,8,50.0
11290,2022,8,8.99
11290,2022,8,51.45
11320,2022,8,101.32
11320,2022,8,110.67
11320,2022,8,214.35
11320,2022,6,134.9
11320,2022,8,116.71
11320,2022,8,123.55
11320,2022,8,333.98
11320,2022,8,132.5
11320,2022,8,143.19
11320,2022,8,340.25
11320,2022,8,311.71
11320,2022,6,125.47
11320,2022,8,165.32
11320,2022,8,171.9
11320,2022,8,724.72
11320,2022,8,144.85
11320,2022,8,210.66
11320,2022,8,278.71
11320,2022,6,172.65
11320,2022,8,116.14
11530,2022,8,680.07
11530,2022,8,33.75
11530,2022,8,20.11
11530,2022,8,26.88
11530,2022,8,120.0
11290,2022,8,51.59
11305,2022,8,84.42
11305,2022,8,113.42
11305,2022,8,144.41
11305,2022,8,126.8
11305,2022,8,83.77
11305,2022,8,120.54
11305,2022,8,135.5
11305,2022,8,109.89
11305,2022,8,128.43
11305,2022,8,94.19
11305,2022,8,170.08
11305,2022,8,226.26
11305,2022,8,139.45
11305,2022,8,102.54
11305,2022,8,222.46
11305,2022,8,147.61
11305,2022,8,246.33
11290,2022,8,47.16
11380,2022,8,88.37
11380,2022,8,132.26
11380,2022,8,361.82
11380,2022,8,208.78
11380,2022,8,187.96
11380,2022,8,141.58
11380,2022,8,135.96
11380,2022,8,250.83
11380,2022,8,141.11
11380,2022,8,244.44
11380,2022,8,257.25
11380,2022,8,69.03
11380,2022,8,166.67
11380,2022,8,313.54
11380,2022,8,104.21
11380,2022,8,117.58
11380,2022,8,183.2
11380,2022,8,147.13
11530,2022,8,4.91
11530,2022,8,24.11
11530,2022,8,5.74
11530,2022,8,15.35
11530,2022,8,25.67
11530,2022,8,17.86
11530,2022,8,20.01
11305,2022,8,172.01
11305,2022,8,185.13
11305,2022,8,181.77
11305,2022,8,271.63
11305,2022,8,153.4
11305,2022,8,168.34
11305,2022,8,120.72
11305,2022,8,274.18
11305,2022,8,110.97
11305,2022,8,327.55
11305,2022,8,160.77
11305,2022,8,390.26
11305,2022,8,186.93
11305,2022,8,215.2
11305,2022,8,115.76
11305,2022,8,158.45
11305,2022,8,101.71
11305,2022,8,968.63
11305,2022,8,164.83
11410,2022,8,111.48404
11410,2022,8,223.40778
11410,2022,8,273.20874
11410,2022,8,235.18378
11410,2022,8,152.63388
11410,2022,8,140.9151
11440,2022,8,241.9561
11440,2022,8,179.81526
11440,2022,8,24.28048
11440,2022,8,270.219
11440,2022,8,303.13806
11440,2022,8,341.7604
11440,2022,8,218.44412
11440,2022,8,155.81163
11440,2022,8,218.69678
11440,2022,8,188.56955
11530,2022,8,46.73
11530,2022,8,27.03
11530,2022,8,3.26
11530,2022,8,33.51
11530,2022,8,27.22
11530,2022,8,68.0
11530,2022,8,134.0
11530,2022,8,256.0
11530,2022,8,787.0
11530,2022,8,1000.0
11305,2022,8,113019.72
11305,2022,8,179.33
11320,2022,8,105.82
11320,2022,8,291.96
11320,2022,8,246.04
11320,2022,6,206.02
11320,2022,8,167.18
11320,2022,8,141.15
11320,2022,8,122.78
11320,2022,8,172.14
11320,2022,8,261.74
11320,2022,8,449.14
11320,2022,8,159.59
11320,2022,6,156.02
11320,2022,8,309.54
11320,2022,8,153.92
11320,2022,8,213.85
11320,2022,8,163.08
11380,2022,8,126.28
11380,2022,8,140.3
11380,2022,8,141.01
11380,2022,8,165.06
11380,2022,8,246.37
11380,2022,8,321.49
11380,2022,8,180.89
11380,2022,8,144.35
11380,2022,8,184.78
11380,2022,8,229.85
11380,2022,8,157.84
11380,2022,8,116.69
11380,2022,8,157.19
11380,2022,8,98.33
11380,2022,8,144.65
11380,2022,8,151.33
11380,2022,8,161.63
11380,2022,8,133.07
11380,2022,8,139.67
11380,2022,8,128.86
11380,2022,8,114.77
11530,2022,8,17.65
11530,2022,8,29.7
11530,2022,8,7.67
11530,2022,8,13.83
11530,2022,8,34.95
11110,2022,9,635.51
11110,2022,8,267.16
11110,2022,8,91.1
11140,2022,8,132.0
11140,2022,8,231.0
11140,2022,8,56.0
11140,2022,8,29.0
11140,2022,8,82.0
11140,2022,8,82.6
11140,2022,8,165.0
11140,2022,8,70.0
11140,2022,8,49.0
11170,2022,8,186.01208
11170,2022,8,39.85799
11170,2022,8,91.96275
11170,2022,8,74.09686
11170,2022,8,50.77521
11170,2022,8,190.53156
11305,2022,8,239.65
11305,2022,8,166.67
11305,2022,8,20.64
11305,2022,8,165.68
11305,2022,8,116.76
11305,2022,8,120.53
11305,2022,8,171.74
11305,2022,8,2188.2
11305,2022,8,134.88
11305,2022,8,90.67
11305,2022,8,197.47
11305,2022,8,310.56
11305,2022,8,130.07
11305,2022,8,183.02
11305,2022,8,381.03
11305,2022,8,45286.71
11380,2022,8,115.13
11380,2022,8,136.91
11380,2022,8,79.42
11380,2022,8,132.81
11380,2022,8,191.67
11380,2022,8,213.98
11380,2022,8,102.4
11380,2022,8,113.8
11380,2022,8,231.33
11380,2022,8,182.44
11380,2022,8,635.65
11380,2022,8,263.4
11380,2022,8,157.81
11380,2022,8,312.14
11380,2022,8,128.98
11380,2022,8,163.67
11380,2022,8,8501.38
11380,2022,8,4917.23
11530,2022,8,18.41
11530,2022,8,20.96
11530,2022,8,49.68
11530,2022,8,7.04
11530,2022,8,5.62
11170,2022,8,94.49463
11170,2022,8,64.66719
11170,2022,8,2810.8967
11170,2022,8,490.00812
11170,2022,8,153.83987
11170,2022,8,210.5284
11170,2022,8,589.0969
11170,2022,8,79.82766
11170,2022,8,151.7166
11170,2022,8,224.33849
11170,2022,8,124.03111
11170,2022,8,238.17168
11170,2022,8,105.20761
11170,2022,8,123.18682
11170,2022,8,90.7922
11170,2022,8,98.73297
11170,2022,8,52.35574
11170,2022,8,185.05977
11305,2022,8,411.97
11305,2022,8,324.64
11305,2022,8,1428.29
11305,2022,8,211.38
11305,2022,8,1076.28
11305,2022,8,170.44
11305,2022,8,140.11
11305,2022,8,2629.33
11305,2022,8,213.25
11305,2022,8,185.4
11305,2022,8,128.91
11305,2022,8,242.64
11380,2022,8,8151.51
11380,2022,8,5996.75
11410,2022,8,74.98526
11410,2022,8,455.7639
11410,2022,8,97.13378
11410,2022,9,175.82684
11410,2022,8,140.67342
11410,2022,8,664.71985
11410,2022,8,277.21988
11410,2022,8,148.04973
44790,2022,8,590.2
44790,2022,8,1956.3
44790,2022,8,698.7
45710,2021,7,24106.8
45710,2021,7,6189.9
45720,2021,7,47540.4
45720,2021,7,48385.0
45720,2021,7,16278.1
45720,2021,7,18484.3
45720,2021,7,63771.2
45720,2021,7,9473.5
44790,2022,8,662.8
44790,2022,8,1529.2
44790,2022,8,3264.1
44790,2022,8,2483.5
44790,2022,8,1670.7
44790,2022,8,3638.3
44790,2022,8,426.0
44790,2022,8,252.8
44790,2022,8,1300.4
44790,2022,8,1698.4
44790,2022,8,3837.9
44790,2022,8,1560.2
44790,2022,8,467.3
44790,2022,8,1575.5
44790,2022,8,1509.2
44790,2022,8,2804.6
44790,2022,8,3125.3
44790,2022,8,1179.3
44790,2022,8,886.2
44790,2022,8,3229.1
44790,2022,8,686.7
44790,2022,8,752.9
44790,2022,8,1389.3
44790,2022,8,557.6
44790,2022,8,895.0
44790,2022,8,2078.5
44790,2022,8,1613.7
44790,2022,8,2588.9
44790,2022,8,2646.5
44790,2022,8,2564.3
44790,2022,8,1402.7
44790,2022,8,2388.8
44790,2022,8,1041.1
44790,2022,8,1223.0
44790,2022,8,3883.6
44790,2022,8,3433.5
45730,2021,8,3613.3123
45730,2021,7,1062.1046
45730,2021,7,12467.384
45730,2021,7,846.1525
45730,2021,7,358.4953
45730,2021,7,2332.6252
45730,2021,7,408.85406
45730,2021,8,3281.7869
45730,2021,8,1610.0055
45730,2021,7,1889.7758
45730,2021,8,631.34717
44790,2022,8,648.2
44790,2022,8,3110.3
44790,2022,8,1335.2
44790,2022,8,1042.7
44790,2022,8,1483.2
44790,2022,8,2582.6
44790,2022,8,307.5
44790,2022,8,1620.4
44790,2022,8,1483.4
44790,2022,8,3347.4
44790,2022,8,994.6
44790,2022,8,2793.1
44790,2022,8,2597.5
44790,2022,8,1455.8
44790,2022,8,1705.5
44790,2022,8,1215.6
44790,2022,8,3472.3
44790,2022,8,2055.8
44790,2022,8,2072.9
44790,2022,8,3535.8
44790,2022,8,2816.8
44790,2022,8,1445.7
44790,2022,8,6343.9
44790,2022,8,1469.3
44790,2022,8,3081.5
44790,2022,8,1956.9
44790,2022,8,1333.2
44790,2022,8,2507.2
44790,2022,8,2227.8
44790,2022,8,3348.3
44790,2022,8,2011.2
44790,2022,8,260.0
44790,2022,8,3378.0
44790,2022,8,1958.8
44790,2022,8,3265.9
44790,2022,8,2843.0
44790,2022,8,1407.6
44790,2022,8,83.4
44790,2022,8,4402.8
44790,2022,8,266.1
45730,2021,7,1762.908
45730,2021,8,3056.8574
45730,2021,8,2879.871
45730,2021,7,2438.9465
45730,2021,7,288.43665
44790,2022,8,1434.9
44790,2022,8,595.7
44790,2022,8,1467.1
44790,2022,8,2848.1
44790,2022,8,2179.5
44790,2022,8,1315.9
44790,2022,8,1219.3
44790,2022,8,3890.4
44790,2022,8,582.3
44790,2022,8,4359.4
44790,2022,8,675.9
44790,2022,8,482.1
44790,2022,8,1215.1
44790,2022,8,2249.2
44790,2022,8,3300.6
44790,2022,8,2055.3
44790,2022,8,2377.3
44790,2022,8,1227.2
44790,2022,8,1844.5
44790,2022,8,727.7
44790,2022,8,2087.2
44790,2022,8,286.1
44790,2022,8,293.9
44790,2022,8,1980.5
44790,2022,8,1570.0
45720,2021,7,85013.6
45720,2021,7,13374.2
45720,2021,7,7541.6
45730,2021,8,4509.9097
45730,2021,7,1091.8492
45730,2021,8,1440.0366
45730,2021,7,850.69965
44790,2022,8,1507.5
44790,2022,8,1857.0
44790,2022,8,7728.3
44790,2022,8,1163.1
44790,2022,8,1768.5
44790,2022,8,3917.3
44790,2022,8,9860.3
44790,2022,8,4051.1
44790,2022,8,1052.2
44790,2022,8,469.6
44790,2022,8,1926.4
44790,2022,8,211.3
44790,2022,8,1465.2
44790,2022,8,660.0
44790,2022,8,4971.8
44790,2022,8,2021.8
44790,2022,8,2528.3
44790,2022,8,2941.3
44790,2022,8,2242.5
44790,2022,8,1977.4
44790,2022,8,3034.1
44790,2022,8,1480.5
45730,2021,8,2150.8682
45730,2021,8,2202.0986
45730,2021,7,8392.647
44790,2022,8,2310.0
44790,2022,8,78254.0
44790,2022,8,1146.5
44790,2022,8,2624.6
44790,2022,8,2339.0
44790,2022,8,228.6
44790,2022,8,233.2
44790,2022,8,1036.6
44790,2022,8,1839.2
44790,2022,8,3443.7
44790,2022,8,4320.3
44790,2022,8,3453.1
44790,2022,8,33.0
44790,2022,8,3380.6
44790,2022,8,763.9
44790,2022,8,3281.6
44790,2022,8,4142.4
44790,2022,8,664.9
44790,2022,8,8711.1
44790,2022,8,3118.4
41650,2022,8,1122.693
41650,2022,8,621.788
41650,2022,8,1104.083
44790,2022,8,1686.0
41650,2022,8,38194.35
41650,2022,8,1838.162
41650,2022,8,1965.946
41650,2022,8,623.552
41650,2022,8,1382.93
41650,2022,8,2007.829
41650,2022,8,1326.258
41650,2022,8,4055.436
41650,2022,8,932.067
41650,2022,8,961.803
41210,2022,8,101.3
41210,2022,8,93.2
41210,2022,8,65.5
41210,2022,8,61.3
41210,2022,8,45.9
41210,2022,8,206.6
41210,2022,8,122.8
41210,2022,8,138.9
41210,2022,8,82.7
41210,2022,8,84.5
41210,2022,8,142.5
41210,2022,8,75.2
41210,2022,8,68.9
41210,2022,8,113.0
41210,2022,8,118.1
41210,2022,8,237.6
41210,2022,8,82.6
41390,2022,7,51.0
41210,2022,8,273.7
41210,2022,8,127.6
41210,2022,8,257.4
41210,2022,8,125.3
41210,2022,8,276.8
41210,2022,8,835.4
41210,2022,8,270.4
41210,2022,8,282.7
41210,2022,8,553.6
41210,2022,8,128.7
41390,2022,8,63.2
41390,2022,8,86.0
41390,2022,8,81.3
41390,2022,8,88.4
41390,2022,7,56.2
41390,2022,8,51.6
44790,2022,8,2715.0
44790,2022,8,3116.9
44790,2022,8,1176.1
44790,2022,8,2207.9
44790,2022,8,1636.0
44790,2022,8,16183.5
44790,2022,8,467.9
44790,2022,8,5440.3
44790,2022,8,3012.7
44790,2022,8,7969.2
44790,2022,8,3985.4
44790,2022,8,1170.7
44790,2022,8,4325.4
44790,2022,8,9983.1
44790,2022,8,389.3
44790,2022,8,352.1
41650,2022,8,13571.995
41650,2022,8,17030.357
41650,2022,8,1255.854
41650,2022,8,1359.658
41650,2022,8,732.511
41650,2022,8,597.32
41650,2022,8,1979.898
41650,2022,8,591.518
41650,2022,8,1178.05
41650,2022,8,1690.007
41650,2022,8,298.842
41650,2022,8,3375.169
41650,2022,8,764.965
41650,2022,8,803.848
41390,2022,7,46.9
41390,2022,6,79.7
41390,2022,8,55.1
41390,2022,8,100.0
41390,2022,8,71.4
41390,2022,8,140.5
41390,2022,8,132.0
41390,2022,8,95.0
41390,2022,8,68.9
41390,2022,8,69.9
41390,2022,8,68.1
41390,2022,8,68.3
41390,2022,8,76.1
41390,2022,8,43.4
41461,2022,8,2963.4
41461,2022,8,2551.3
41461,2022,8,3539.4
44790,2022,8,935.6
44790,2022,8,2297.8
44790,2022,8,1596.2
44790,2022,8,438.3
44790,2022,8,11847.6
44790,2022,8,3973.8
44790,2022,8,3102.3
44790,2022,8,924.0
44790,2022,8,3874.9
44790,2022,8,606.3
44790,2022,8,4272.7
44790,2022,8,3983.3
44790,2022,8,7975.4
44790,2022,8,5196.6
44790,2022,8,1345.8
44790,2022,8,450.4
44790,2022,8,3854.8
44790,2022,8,995.9
44790,2022,8,2396.2
44790,2022,8,4039.1
44790,2022,8,2377.9
41650,2022,8,27049.852
41650,2022,8,12469.558
41650,2022,8,3420.783
41650,2022,8,5487.166
41650,2022,8,2567.277
41650,2022,8,2047.557
41650,2022,8,3653.311
41650,2022,8,16853.604
41650,2022,8,2105.914
41650,2022,8,2820.455
41670,2022,8,375.5
41670,2022,8,495.5
41461,2022,8,19322.2
41461,2022,8,6187.2
41461,2022,8,9037.2
41461,2022,8,5951.8
41461,2022,8,11128.6
41461,2022,8,1545.0
44790,2022,8,1161.3
41461,2022,8,2927.8
41461,2022,8,17100.1
41461,2022,8,2376.7
41465,2022,8,817.6
41465,2022,8,700.0
41465,2022,8,331.8
44790,2022,8,865.7
44790,2022,8,2465.8
44790,2022,8,1766.2
44790,2022,8,1056.4
44790,2022,8,10280.4
44790,2022,8,1167.8
44790,2022,8,7389.2
44790,2022,8,1342.6
44790,2022,8,4660.7
44790,2022,8,1875.2
44790,2022,8,10315.5
44790,2022,8,1997.3
44790,2022,8,384.8
44790,2022,8,1640.0
44790,2022,8,19943.9
44790,2022,8,4543.7
44790,2022,8,3436.2
44790,2022,8,257.4
44790,2022,8,1778.0
44790,2022,8,3971.5
44790,2022,8,818.2
44790,2022,8,4811.8
44790,2022,8,6645.0
44790,2022,8,1891.3
44790,2022,8,3354.7
44790,2022,8,579.1
44790,2022,8,210.8
44790,2022,8,1123.8
11500,2022,8,470.88
44790,2022,8,1525.0
44790,2022,8,1750.9
44790,2022,8,8630.9
44790,2022,8,1025.8
44790,2022,8,891.3
44790,2022,8,328.9
44790,2022,8,1088.9
44790,2022,8,1950.1
44790,2022,8,1918.8
44790,2022,8,886.9
44790,2022,8,1201.6
44790,2022,8,465.4
44790,2022,8,2772.0
44790,2022,8,833.0
44790,2022,8,1426.5
44790,2022,8,4590.8
44790,2022,8,348.9
44790,2022,8,659.9
44790,2022,8,1467.9
44790,2022,8,1770.6
44790,2022,8,3119.5
44790,2022,8,1715.3
44790,2022,8,1124.8
44790,2022,8,2058.6
44790,2022,8,868.1
44790,2022,8,2081.5
44790,2022,8,2673.9
44790,2022,8,385.7
44790,2022,8,342.7
44790,2022,8,3939.8
44790,2022,8,2696.5
44790,2022,8,3613.2
44790,2022,8,2016.9
44790,2022,8,2939.6
44790,2022,8,554.2
44790,2022,8,1741.5
44790,2022,8,883.2
44790,2022,8,1758.0
44790,2022,8,1629.8
44790,2022,8,6316.9
44790,2022,8,1379.8
44790,2022,8,2131.9
44790,2022,8,208.5
44790,2022,8,116.6
44790,2022,8,754.5
44790,2022,8,1854.3
44790,2022,8,1515.5
44790,2022,8,3066.0
44790,2022,8,2478.0
44790,2022,8,2369.1
44790,2022,8,5245.8
44790,2022,8,2199.7
44790,2022,8,1450.4
44790,2022,8,2577.9
44790,2022,8,3498.0
44790,2022,8,1855.5
44790,2022,8,2224.7
44790,2022,8,5354.8
44790,2022,8,3440.2
44790,2022,8,1402.0
44790,2022,8,4610.2
44790,2022,8,1221.1
44790,2022,8,2711.8
44790,2022,8,607.5
44790,2022,8,921.6
44790,2022,8,765.1
44790,2022,8,816.3
44790,2022,8,2276.6
44790,2022,8,3030.8
44790,2022,8,2555.4
44790,2022,8,2272.2
44790,2022,8,2350.9
44790,2022,8,1283.3
44790,2022,8,954.3
44790,2022,8,972.9
44790,2022,8,1246.0
44790,2022,8,4206.8
44790,2022,8,2020.6
44790,2022,8,3807.9
44790,2022,8,992.8
44790,2022,8,562.4
44790,2022,8,342.3
44790,2022,8,1521.6
44790,2022,8,1651.0
44790,2022,8,803.3
11545,2022,8,1338.7
11545,2022,8,126.7
11545,2022,8,88.4
11545,2022,8,450.5
11545,2022,8,1664.9
11545,2022,8,2982.7
11545,2022,8,114.4
11545,2022,8,201.8
11545,2022,8,167.5
11545,2022,8,209.5
11545,2022,8,133.2
11545,2022,8,103.7
11545,2022,8,240.7
11545,2022,8,211.0
11545,2022,8,138.3
11545,2022,8,337.6
11545,2022,8,773.8
11545,2022,8,168.7
11545,2022,8,259.0
11545,2022,8,138.0
11545,2022,8,133.5
11545,2022,8,242.7
11620,2022,8,58547.7
11590,2022,8,322.3
11620,2022,8,272.7
11620,2022,8,166.6
11620,2022,8,912.1
11620,2022,8,1092.8
11620,2022,8,143.5
11620,2022,8,109.2
11620,2022,8,163.2
11620,2022,8,2170.0
11620,2022,8,384.3
11620,2022,8,212.9
11620,2022,8,276.8
11620,2022,8,326.2
11620,2022,8,1410.4
11620,2022,8,921.9
11545,2022,8,1239.8
11545,2022,8,158.2
11545,2022,8,163.2
11545,2022,8,203.3
11545,2022,8,310.1
11545,2022,8,455.6
11545,2022,8,1075.4
11545,2022,8,192.5
11545,2022,8,130.2
11545,2022,8,338.2
11545,2022,8,141.8
11545,2022,8,439.3
11545,2022,8,162.2
11545,2022,8,169.9
11545,2022,8,323.5
11545,2022,8,74.6
11545,2022,8,311.3
11545,2022,8,173.2
11545,2022,8,86.2
11545,2022,8,141.7
11545,2022,8,151.7
11545,2022,8,144.7
11545,2022,8,1212.3
11545,2022,8,366.9
11545,2022,8,115.0
11545,2022,8,748.2
11545,2022,8,93.0
11545,2022,8,129.1
11545,2022,8,1613.4
11545,2022,8,133.1
11545,2022,8,287.9
11545,2022,8,160.0
11545,2022,8,375.8
11590,2022,8,7303.0
11590,2022,8,1059.7
11590,2022,8,12.64
11590,2022,8,110.45
11590,2022,8,40.55
11590,2022,8,626.26
11590,2022,8,614.4
11590,2022,8,422.8
11590,2022,8,2870.5
11590,2022,8,408.9
11590,2022,8,1719.8
11590,2022,8,132.9
11620,2022,8,689.2
11620,2022,8,59.1
11620,2022,8,388.8
11620,2022,8,295.9
11620,2022,8,838.2
11620,2022,8,1534.3
11620,2022,8,133.1
11620,2022,8,219.3
11620,2022,8,140.7
11620,2022,8,181.2
11620,2022,8,270.6
11545,2022,8,405.0
11545,2022,8,131.9
11545,2022,8,232.5
11545,2022,8,211.2
11545,2022,8,2094.1
11545,2022,8,117.0
11545,2022,8,147.1
11545,2022,8,228.0
11545,2022,8,170.2
11545,2022,8,1270.8
11545,2022,8,170.9
11545,2022,8,109.1
11545,2022,8,127.3
11545,2022,8,187.3
11545,2022,8,595.2
11545,2022,8,621.1
11545,2022,8,137.3
11545,2022,8,194.8
11545,2022,8,1878.6
11545,2022,8,101.9
11545,2022,8,128.7
11545,2022,8,122.0
11545,2022,8,110.4
11545,2022,8,103.2
11545,2022,8,165.3
11545,2022,8,132.4
11590,2022,8,193.8
11590,2022,8,368.38
11590,2022,8,317.6
11590,2022,8,10.54
11590,2022,8,109.6
11590,2022,8,91.53
11590,2022,8,1107.8
11590,2022,8,120.26
11590,2022,8,1383.2
11590,2022,8,503.7
11590,2022,8,302.0
11590,2022,8,36.24
11590,2022,8,8898.7
11590,2022,8,69.32
11590,2022,8,158.7
11590,2022,8,156.0
11590,2022,8,167.9
11590,2022,8,797.75
11590,2022,8,207.4
11590,2022,8,173.4
11530,2022,8,294.0
11530,2022,8,56.0
11530,2022,8,95.0
11545,2022,8,225.2
11545,2022,8,177.6
11545,2022,8,158.8
11545,2022,8,533.2
11545,2022,8,196.2
11545,2022,8,291.8
11545,2022,8,119.8
11545,2022,8,159.3
11545,2022,8,127.8
11545,2022,8,182.5
11545,2022,8,119.6
11545,2022,8,105.7
11545,2022,8,134.4
11545,2022,8,111.6
11545,2022,8,129.3
11545,2022,8,283.4
11545,2022,8,1658.3
11545,2022,8,2098.5
11590,2022,8,1632.69
11590,2022,8,365.9
11590,2022,8,5.82
11590,2022,8,21.31
11590,2022,8,2767.74
11590,2022,8,161.1
11590,2022,8,11.77
11590,2022,8,350.07
11590,2022,8,627.3
11590,2022,8,459.93
11590,2022,8,64.05
11590,2022,8,517.7
11590,2022,8,197.7
11590,2022,8,75.3
11590,2022,8,384.6
11590,2022,8,173.36
11530,2022,8,74.0
11530,2022,8,343.0
11530,2022,8,168.0
11545,2022,8,1218.8
11545,2022,8,122.7
11545,2022,8,97.5
11545,2022,8,120.9
11545,2022,8,239.6
11545,2022,8,575.1
11545,2022,8,175.9
11545,2022,8,756.5
11545,2022,8,294.3
11545,2022,8,275.0
11545,2022,8,183.7
11545,2022,8,310.3
11545,2022,8,294.9
11545,2022,8,404.3
11545,2022,8,144.4
11590,2022,8,205.5
11590,2022,8,209.0
11590,2022,8,217.2
11590,2022,8,196.4
11590,2022,8,102.3
11590,2022,8,104.6
11590,2022,8,351.3
11590,2022,8,1487.0
11590,2022,8,1817.73
11590,2022,8,354.09
11590,2022,8,325.0
11530,2022,8,92.0
11530,2022,8,346.0
11545,2022,8,7120.2
11545,2022,8,27.8
11545,2022,8,7926.5
11545,2022,8,9162.6
11545,2022,8,168.1
11545,2022,8,208.3
11545,2022,8,2660.4
11545,2022,8,125.6
11545,2022,8,204.8
11545,2022,8,110.3
11545,2022,8,164.3
11545,2022,8,187.8
11545,2022,8,161.5
11545,2022,8,832.1
11545,2022,8,166.5
11545,2022,8,97.1
11545,2022,8,160.7
11545,2022,8,314.9
11545,2022,8,107.2
11545,2022,8,244.6
11545,2022,8,188.8
11590,2022,8,157.89
11590,2022,8,362.4
11590,2022,8,291.5
11590,2022,8,72.47
11590,2022,8,18.53
11590,2022,8,207.86
11545,2022,8,130.0
11545,2022,8,345.9
11545,2022,8,238.9
11545,2022,8,315.8
11545,2022,8,131.5
11590,2022,8,445.5
11545,2022,8,687.8
11545,2022,8,136.6
11545,2022,8,106.4
11545,2022,8,682.2
11590,2022,8,2417.9
11590,2022,8,251.8
11590,2022,8,445.8
11590,2022,8,1594.59
11590,2022,8,153.4
11590,2022,8,521.0
11590,2022,8,128.2
11590,2022,8,170.1
11590,2022,8,295.6
11590,2022,8,105.1
11590,2022,8,337.6
11590,2022,8,147.1
11590,2022,8,127.8
11590,2022,8,133.0
11590,2022,8,230.52
11545,2022,8,190.0
11545,2022,8,119.0
11545,2022,8,138.8
11545,2022,8,323.9
11545,2022,8,136.7
11545,2022,8,445.4
11545,2022,8,216.0
11590,2022,8,1642.11
11590,2022,8,333.57
11590,2022,8,782.5
11590,2022,8,10.14
11590,2022,8,314.69
11590,2022,8,183.7
11590,2022,8,4.9
11590,2022,8,31.24
11590,2022,8,1203.9
11590,2022,8,106.8
11590,2022,8,216.3
11590,2022,8,27.9
11590,2022,8,790.4
11590,2022,8,694.09
11590,2022,8,75.93
11590,2022,8,73.63
11590,2022,8,239.2
11545,2022,8,368.4
11545,2022,8,162.5
11545,2022,8,114.6
11545,2022,8,135.1
11545,2022,8,172.8
11545,2022,8,303.7
11545,2022,8,783.1
11545,2022,8,147.4
11545,2022,8,131.7
11545,2022,8,183.6
11545,2022,8,169.7
11545,2022,8,139.9
11545,2022,8,116.0
11545,2022,8,175.6
11545,2022,8,122.9
11545,2022,8,174.1
11545,2022,8,220.6
11545,2022,8,126.6
11545,2022,8,161.6
11545,2022,8,360.4
11545,2022,8,347.6
11545,2022,8,109.8
11545,2022,8,276.5
11545,2022,8,119.5
11545,2022,8,234.1
11545,2022,8,119.2
11545,2022,8,161.3
11545,2022,8,114.9
11545,2022,8,145.5
11590,2022,8,256.0
11590,2022,8,268.6
11590,2022,8,556.1
11590,2022,8,58.81
11590,2022,8,1244.2
11590,2022,8,331.7
11590,2022,8,57.0
11590,2022,8,294.2
11590,2022,8,376.4
11590,2022,8,70.28
11590,2022,8,196.77
11590,2022,8,140.1
11590,2022,8,143.6
11590,2022,8,57.58
11590,2022,8,138.1
11590,2022,8,455.1
11590,2022,8,924.9
11590,2022,8,737.2
11590,2022,8,342.8
11590,2022,8,148.0
11590,2022,8,115.6
11590,2022,8,1591.5
11590,2022,8,2921.7
11590,2022,8,32.3
11545,2022,8,330.6
11545,2022,8,332.8
11545,2022,8,2191.9
11545,2022,8,383.8
11545,2022,8,363.1
11545,2022,8,3844.6
11545,2022,8,135.3
11545,2022,8,263.4
11545,2022,8,127.2
11545,2022,8,152.6
11545,2022,8,1325.5
11545,2022,8,97.2
11545,2022,8,367.1
11545,2022,8,151.2
11545,2022,8,160.2
11545,2022,8,258.0
11545,2022,8,308.4
11545,2022,8,117.7
11545,2022,8,149.5
11545,2022,8,92.3
11545,2022,8,100.1
11545,2022,8,441.5
11545,2022,8,289.4
11545,2022,8,22.6
11545,2022,8,145.4
11545,2022,8,572.8
11545,2022,8,377.4
11545,2022,8,348.7
11545,2022,8,159.7
11545,2022,8,381.0
11545,2022,8,133.7
11590,2022,8,34.5
11590,2022,8,127.29
11590,2022,8,269.1
11590,2022,8,340.4
11590,2022,8,100.64
11590,2022,8,190.8
11590,2022,8,83.0
11590,2022,8,819.8
11590,2022,8,57.5
11590,2022,8,507.9
11590,2022,8,310.3
11590,2022,8,200.1
11590,2022,8,213.76
11590,2022,8,96.1
11590,2022,8,727.3
11590,2022,8,69.1
11590,2022,8,2543.93
11590,2022,8,87.73
11590,2022,8,302.58
11590,2022,8,236.8
11590,2022,8,4457.0
11590,2022,8,188.4
11590,2022,8,265.0
11590,2022,8,32.65
11545,2022,8,297.5
11545,2022,8,197.5
11545,2022,8,131.3
11545,2022,8,146.2
11545,2022,8,744.4
11545,2022,8,118.7
11545,2022,8,43.2
11545,2022,8,6378.3
11545,2022,8,16864.4
11545,2022,8,285.6
11545,2022,8,202.9
11545,2022,8,98.7
11545,2022,8,173.8
11545,2022,8,128.1
11545,2022,8,256.5
11545,2022,8,99.1
11545,2022,8,143.9
11545,2022,8,1014.1
11545,2022,8,1010.2
11545,2022,8,118.4
11545,2022,8,165.2
11545,2022,8,190.9
11545,2022,8,103.0
11545,2022,8,597.6
11545,2022,8,115.1
11545,2022,8,409.7
11545,2022,8,269.3
11545,2022,8,233.1
11590,2022,8,163.1
11590,2022,8,102.9
11590,2022,8,212.9
11590,2022,8,264.08
11590,2022,8,114.01
11590,2022,8,328.0
11590,2022,8,556.9
11590,2022,8,352.4
11590,2022,8,18.6
11590,2022,8,121.3
11590,2022,8,69.6
11590,2022,8,2182.3
11590,2022,8,124.5
11590,2022,8,566.6
11590,2022,8,136.5
11590,2022,8,475.1
11590,2022,8,956.2
11590,2022,8,419.8
11590,2022,8,192.2
11590,2022,8,105.3
11590,2022,8,1114.7
11545,2022,8,1608.6
11545,2022,8,203.8
11545,2022,8,267.6
11545,2022,8,13021.1
11545,2022,8,141.4
11545,2022,8,192.9
11545,2022,8,8252.1
11545,2022,8,5894.4
11545,2022,8,809.0
11545,2022,8,356.1
11545,2022,8,2122.0
11545,2022,8,624.3
11545,2022,8,143.4
11545,2022,8,442.2
11545,2022,8,5791.4
11545,2022,8,187.4
11545,2022,8,1428.7
11545,2022,8,3190.1
11545,2022,8,250.7
11545,2022,8,332.1
11590,2022,8,1004.96
11590,2022,8,401.19
11590,2022,8,260.42
11590,2022,8,860.3
11590,2022,8,87.8
11590,2022,8,98.6
11590,2022,8,25.2
11590,2022,8,18.89
11590,2022,8,79.2
11590,2022,8,308.9
11590,2022,8,525.8
11590,2022,8,76.67
11590,2022,8,181.0
11590,2022,8,5082.58
11590,2022,8,151.3
11590,2022,8,402.27
11590,2022,8,7049.7
11590,2022,8,9728.2
11590,2022,8,349.3
11590,2022,8,541.26
11590,2022,8,1279.4
11545,2022,8,6446.9
11545,2022,8,21974.6
11545,2022,8,4403.9
11590,2022,8,5570.77
11545,2022,8,366.8
11545,2022,8,8690.3
11545,2022,8,1678.3
11545,2022,8,334.9
11545,2022,8,124.4
11545,2022,8,143.8
11545,2022,8,369.5
11545,2022,8,806.1
11545,2022,8,166.0
11545,2022,8,180.2
11545,2022,8,171.4
11545,2022,8,212.9
11545,2022,8,416.0
11545,2022,8,132.3
11545,2022,8,117.6
11545,2022,8,165.1
11545,2022,8,140.3
11545,2022,8,132.0
11590,2022,8,994.3
11590,2022,8,24508.56
11590,2022,8,364.4
11590,2022,8,1314.9
11590,2022,8,1770.8
11590,2022,8,105.9
11590,2022,8,105.77
11590,2022,8,15.72
11590,2022,8,331.8
11590,2022,8,49.91
11590,2022,8,112.7
11590,2022,8,132.61
11590,2022,8,3558.63
11590,2022,8,117.9
11620,2022,8,278.8
11620,2022,8,383.9
11620,2022,8,132.0
11620,2022,8,2384.2
11620,2022,8,487.1
11620,2022,8,642.2
11620,2022,8,134.3
11620,2022,8,171.7
11620,2022,8,146.9
11620,2022,8,576.9
11620,2022,8,163.6
11620,2022,8,209.1
11620,2022,8,1650.8
11545,2022,8,18390.8
11545,2022,8,120.2
11545,2022,8,27716.9
11545,2022,8,91.8
11545,2022,8,4382.3
11410,2022,8,116.85017
11410,2022,8,111.23701
11410,2022,8,204.6466
11410,2022,8,84.11311
11410,2022,8,89.88108
11410,2022,8,161.865
11530,2022,8,19.35
11530,2022,8,18.01
11530,2022,8,8.03
11530,2022,8,29.75
11530,2022,8,181.63
11260,2022,8,106.92
11260,2022,9,55.88
11260,2022,8,145.16
11260,2022,8,170.0
11260,2022,8,58.5
11260,2022,9,59.4
11305,2022,8,527.39
11305,2022,8,3875.64
11305,2022,8,156.16
11305,2022,8,245.05
11305,2022,8,322.82
11305,2022,8,174.78
11305,2022,8,122.17
11305,2022,8,203.52
11350,2022,8,67.0
11350,2022,8,52.0
11350,2022,8,39.0
11350,2022,8,49.0
11350,2022,8,55.0
11350,2022,8,60.0
11350,2022,8,135.0
11350,2022,8,120.0
11350,2022,8,10.0
11350,2022,8,139.0
11350,2022,8,24.0
11350,2022,8,56.0
11350,2022,8,62.0
11350,2022,8,65.0
11350,2022,8,245.0
11350,2022,8,73.0
11380,2022,8,625.48
11530,2022,8,43.03
11530,2022,8,29.01
11530,2022,8,17.49
11530,2022,8,114.67
11530,2022,8,31.52
11530,2022,8,21.0
11170,2022,8,332.6772
11170,2022,8,134.1201
11170,2022,8,66.61295
11170,2022,8,292.45706
11170,2022,8,97.11501
11200,2022,9,165.0
11200,2022,9,200.0
11200,2022,9,100.0
11200,2022,9,80.0
11305,2022,8,110.47
11305,2022,8,217.35
11305,2022,8,173.82
11305,2022,8,160.56
11305,2022,8,96.81
11305,2022,8,123.29
11305,2022,8,717.97
11305,2022,8,344.1
11305,2022,8,303.81
11305,2022,8,128.59
11305,2022,8,497.17
11305,2022,8,239.15
11305,2022,8,101.67
11305,2022,8,128.63
11305,2022,8,194.25
11305,2022,8,148.88
11305,2022,8,119.69
11305,2022,8,107.33
11305,2022,8,115.29
11380,2022,8,534.39
11380,2022,8,109.88
11380,2022,8,140.63
11380,2022,8,258.26
11380,2022,8,311.39
11380,2022,8,11.54
11380,2022,8,187.73
11380,2022,8,215.43
11380,2022,8,163.51
11380,2022,8,198.73
11380,2022,8,211.14
11380,2022,8,135.24
11380,2022,8,241.55
11380,2022,8,257.57
11380,2022,8,109.81
11380,2022,8,98.46
11380,2022,8,470.58
11380,2022,8,249.22
11545,2022,8,122.2
11545,2022,8,182.0
11545,2022,8,490.3
11545,2022,8,99.6
11545,2022,8,181.4
11590,2022,8,49.17
11530,2022,8,55.0
11110,2022,8,189.06
11110,2022,8,96.86
11110,2022,8,223.83
11110,2022,8,229.04
11110,2022,8,229.42
11110,2022,8,106.8
11110,2022,8,26.2
11110,2022,8,103.52
11110,2022,8,91.05
11110,2022,8,310.67
11590,2022,8,80.6
11110,2022,8,183.94
11110,2022,8,109.78
11110,2022,8,169.55
11110,2022,8,195.27
11110,2022,8,120.44
11110,2022,8,170.18
11110,2022,8,193.78
11305,2022,8,235.6
11305,2022,8,122.51
11305,2022,8,169.93
11305,2022,8,157.66
11305,2022,8,334.5
11305,2022,8,242.62
11305,2022,8,380.0
11305,2022,8,146.06
11305,2022,8,130.47
11305,2022,8,165.01
11305,2022,8,83.31
11305,2022,8,277.35
11305,2022,8,103.56
11305,2022,8,212.15
11305,2022,8,232.9
11305,2022,8,107.57
11305,2022,8,236.73
11305,2022,8,126.51
11530,2022,8,47.48
11530,2022,8,62.95
11530,2022,8,16.48
11530,2022,8,42.16
11530,2022,8,5.33
11530,2022,8,19.53
11305,2022,8,147.5
11305,2022,8,347.17
11305,2022,8,306.4
11305,2022,8,114.17
11305,2022,8,134.65
11545,2022,8,185.9
11545,2022,8,252.8
11545,2022,8,1051.7
11350,2022,8,99.0
11350,2022,6,94.22
11350,2022,8,19.0
11350,2022,8,267.0
11350,2022,6,83.2
11350,2022,8,88.0
11350,2022,8,116.0
11350,2022,8,78.0
11530,2022,8,22.71
11530,2022,8,23.13
11530,2022,8,35.02
11530,2022,8,33.86
11530,2022,8,18.05
11530,2022,8,93.96
11530,2022,8,175.82
11305,2022,8,91.69
11305,2022,8,85.89
11305,2022,8,106.9
11305,2022,8,87.05
11305,2022,8,69.07
11305,2022,8,157.12
11305,2022,8,107.23
11305,2022,8,116.59
11305,2022,8,105.14
11305,2022,8,31446.19
11305,2022,8,112.08
11305,2022,8,176.77
11305,2022,8,89.74
11305,2022,8,57.6
11350,2022,6,47.27
11350,2022,8,66.0
11545,2022,8,450.8
11545,2022,8,150.8
11350,2022,8,50.0
11350,2022,8,80.0
11350,2022,8,198.0
11350,2022,8,70.0
11350,2022,8,59.0
11350,2022,8,44.0
11350,2022,6,262.0
11350,2022,8,47.0
44790,2022,8,1382.3
44790,2022,8,2967.5
44790,2022,8,2328.0
44790,2022,8,2271.1
44790,2022,8,1571.7
44790,2022,8,726.0
44790,2022,8,5064.3
44790,2022,8,3316.7
44790,2022,8,767.4
11305,2022,8,91.7
11305,2022,8,181.44
11305,2022,8,275.5
11305,2022,8,169.81
11305,2022,8,193.94
11305,2022,8,3368.43
11305,2022,8,95.38
11305,2022,8,165.55
11305,2022,8,167.17
11305,2022,8,262.4
11305,2022,8,132.08
11320,2022,6,183.13
11320,2022,8,173.63
11320,2022,8,138.55
11320,2022,8,163.99
11320,2022,8,480.23
11320,2022,6,166.04
11320,2022,8,181.85
11320,2022,9,201.58
11320,2022,9,195.3
11320,2022,8,180.74
11320,2022,8,438.82
44790,2022,8,453.0
44790,2022,8,1579.2
44790,2022,8,1073.6
44790,2022,8,4001.2
44790,2022,8,5932.0
44790,2022,8,558.6
44790,2022,8,147.6
44790,2022,8,5195.8
44790,2022,8,2100.9
44790,2022,8,1836.3
44790,2022,8,348.4
44790,2022,8,420.2
44790,2022,8,2187.3
44790,2022,8,1576.7
44790,2022,8,662.2
44790,2022,8,1642.6
44790,2022,8,531.5
44790,2022,8,1466.9
44790,2022,8,2089.2
44790,2022,8,675.4
44790,2022,8,1657.2
44790,2022,8,1212.4
44790,2022,8,53.8
44790,2022,8,1848.5
44790,2022,8,2399.1
44790,2022,8,2285.7
44790,2022,8,1247.8
44790,2022,8,1451.2
44790,2022,8,5015.6
44790,2022,8,2753.9
44790,2022,8,1704.5
44790,2022,8,2298.6
44790,2022,8,2362.1
44790,2022,8,2500.8
44790,2022,8,440.1
44790,2022,8,1334.4
44790,2022,8,2515.8
44790,2022,8,2470.6
44790,2022,8,4570.8
44790,2022,8,107.5
44790,2022,8,915.1
44790,2022,8,1339.0
44790,2022,8,2101.1
44790,2022,8,2390.2
44790,2022,8,4172.7
44790,2022,8,305.9
44790,2022,8,232.9
44790,2022,8,2582.7
44790,2022,8,1207.7
44790,2022,8,401.9
44790,2022,8,139.0
44790,2022,8,835.6
44790,2022,8,293.1
44790,2022,8,1599.0
44790,2022,8,2228.0
44790,2022,8,959.9
44790,2022,8,1415.7
44790,2022,8,2759.6
44790,2022,8,5797.7
44790,2022,8,397.0
44790,2022,8,898.6
44790,2022,8,2692.2
44790,2022,8,3307.6
44790,2022,8,1708.2
44790,2022,8,3228.8
44790,2022,8,7480.6
44790,2022,8,551.0
44790,2022,8,3193.7
44790,2022,8,4955.0
44790,2022,8,2917.8
44790,2022,8,1740.8
44790,2022,8,1071.1
44790,2022,8,1508.5
44790,2022,8,1061.7
44790,2022,8,1325.2
44790,2022,8,383.0
44790,2022,8,398.0
44790,2022,8,2678.3
44790,2022,8,569.0
44790,2022,8,2541.7
44790,2022,8,940.3
11545,2022,8,2155.2
11590,2022,8,215.8
11590,2022,8,4989.97
11545,2022,8,2627.5
11545,2022,8,198.1
11545,2022,8,185.5
11545,2022,8,339.6
11545,2022,8,277.0
11545,2022,8,1312.0
11545,2022,8,300.0
11620,2022,8,23818.5
11590,2022,8,4705.7
11590,2022,8,120.8
11590,2022,8,105.0
11545,2022,8,3285.7
11545,2022,8,149.1
11545,2022,8,713.3
11590,2022,8,1031.3
11590,2022,8,90.6
11590,2022,8,516.3
11590,2022,8,320.9
11590,2022,8,307.8
11590,2022,8,205.6
11590,2022,8,34.09
11590,2022,8,30.53
11620,2022,8,3156.1
11620,2022,8,85.5
11620,2022,8,114.2
11620,2022,8,189.8
11620,2022,8,367.8
11620,2022,8,161.7
11620,2022,8,188.3
11545,2022,8,293.0
11545,2022,8,364.2
11545,2022,8,122.5
11545,2022,8,148.5
11545,2022,8,86.7
11545,2022,8,172.7
11545,2022,8,312.8
11545,2022,8,124.0
11545,2022,8,140.9
11545,2022,8,178.1
11545,2022,8,155.6
11545,2022,8,119.7
11545,2022,8,241.7
11545,2022,8,167.6
11545,2022,8,116.3
11545,2022,8,352.4
11545,2022,8,228.9
11545,2022,8,261.5
11545,2022,8,694.6
11545,2022,8,314.4
11545,2022,8,297.7
11545,2022,8,528.9
11545,2022,8,125.2
11545,2022,8,204.0
11545,2022,8,120.0
11545,2022,8,3090.6
11545,2022,8,110.8
11545,2022,8,135.8
11545,2022,8,107.1
11545,2022,8,111.7
11545,2022,8,177.9
11545,2022,8,323.4
11590,2022,8,1840.5
11590,2022,8,770.1
11590,2022,8,118.1
11590,2022,8,101.8
11590,2022,8,252.24
11590,2022,8,2079.0
11590,2022,8,471.4
11590,2022,8,135.81
11590,2022,8,175.9
11590,2022,8,917.5
11590,2022,8,1228.48
11590,2022,8,2542.6
11590,2022,8,197.1
11590,2022,8,130.4
11590,2022,8,239.0
11620,2022,8,1110.0
11620,2022,8,188.1
11620,2022,8,169.4
11620,2022,8,189.7
11620,2022,8,211.0
11620,2022,8,335.6
11620,2022,8,116.9
11620,2022,8,47.6
11620,2022,8,634.0
11620,2022,8,1024.1
11620,2022,8,283.3
11620,2022,8,123.9
11620,2022,8,264.6
11620,2022,8,168.7
11620,2022,8,181.7
11620,2022,8,129.9
11620,2022,8,166.5
11545,2022,8,125.1
11545,2022,8,98.0
11545,2022,8,926.8
11545,2022,8,169.3
11545,2022,8,209.8
11545,2022,8,99.5
11590,2022,8,215.6
11590,2022,8,102.5
11590,2022,8,24.1
11590,2022,8,3943.9
11590,2022,8,2312.6
11590,2022,8,351.49
11590,2022,8,148.1
11590,2022,8,328.8
11590,2022,8,103.7
11590,2022,8,20.91
11590,2022,8,21.45
11590,2022,8,46.7
11590,2022,8,3.56
11590,2022,8,3717.6
11590,2022,8,496.7
11620,2022,8,6754.94
11620,2022,8,246.4
11620,2022,8,357.1
11620,2022,8,2329.3
11620,2022,8,1660.9
11620,2022,8,90.3
11620,2022,8,155.0
11620,2022,8,106.6
11620,2022,8,473.2
11620,2022,8,149.8
11620,2022,8,456.7
11620,2022,8,264.1
11620,2022,8,163.9
11620,2022,8,128.9
11545,2022,8,143.3
11545,2022,8,379.9
11545,2022,8,159.0
11545,2022,8,355.9
11545,2022,8,213.5
11545,2022,8,170.0
11545,2022,8,321.9
11545,2022,8,247.7
11590,2022,8,954.15
11590,2022,8,222.7
11545,2022,8,1124.6
11545,2022,8,204.1
11545,2022,8,325.7
11545,2022,8,259.7
11545,2022,8,170.5
11545,2022,8,307.0
11545,2022,8,2241.8
11545,2022,8,101.5
11545,2022,8,117.2
11545,2022,8,175.4
11545,2022,8,103.6
11545,2022,8,413.1
11545,2022,8,119.9
11545,2022,8,375.9
11545,2022,8,112.3
11545,2022,8,187.1
11590,2022,8,967.0
11590,2022,8,1695.7
11590,2022,8,525.9
11590,2022,8,168.2
11590,2022,8,348.31
11590,2022,8,129.47
11590,2022,8,164.52
11590,2022,8,19.25
11590,2022,8,121.02
11590,2022,8,161.8
11590,2022,8,543.43
11590,2022,8,28.51
11545,2022,8,3491.3
11545,2022,8,1666.7
11545,2022,8,211.7
11545,2022,8,116.8
11545,2022,8,200.6
11545,2022,8,214.3
11545,2022,8,137.2
11545,2022,8,1388.4
11545,2022,8,156.6
11545,2022,8,101.7
11590,2022,8,411.21
11590,2022,8,4793.43
11590,2022,8,507.0
11590,2022,8,1416.9
11590,2022,8,181.8
11590,2022,8,400.4
11590,2022,8,820.3
11590,2022,8,1262.7
11590,2022,8,516.0
11590,2022,8,92.9
11590,2022,8,306.06
11620,2022,8,244.6
11590,2022,8,63.45
11590,2022,8,96.5
11590,2022,8,1003.05
11590,2022,8,854.99
11620,2022,8,864.4
11620,2022,8,620.1
11620,2022,8,84.6
11620,2022,8,280.3
11620,2022,8,138.4
11620,2022,8,161.6
11620,2022,8,461.5
11620,2022,8,164.7
11620,2022,8,657.5
11620,2022,8,185.4
11620,2022,8,255.5
11620,2022,8,219.4
11620,2022,8,146.2
11590,2022,8,232.74
11590,2022,8,3193.1
11590,2022,8,177.29
11590,2022,8,202.4
11590,2022,8,641.9
11590,2022,8,249.31
11590,2022,8,271.01
11590,2022,8,181.2
11590,2022,8,38.91
11590,2022,8,21.6
11590,2022,8,35.1
11590,2022,8,331.6
11590,2022,8,235.2
11620,2022,8,118.2
11620,2022,8,151.5
11620,2022,8,621.4
11620,2022,8,169.2
11620,2022,8,388.4
11620,2022,8,87.9
11620,2022,8,1819.9
11620,2022,8,448.8
11620,2022,8,357.8
11620,2022,8,478.5
11620,2022,8,892.5
11620,2022,8,7641.6
11620,2022,8,170.9
11620,2022,8,1372.9
11620,2022,8,159.6
11620,2022,8,278.0
11620,2022,8,274.0
11620,2022,8,270.4
11620,2022,8,168.4
11620,2022,8,393.2
11620,2022,8,350.9
11620,2022,8,177.1
11620,2022,8,122.4
11620,2022,8,436.8
11620,2022,8,340.8
11620,2022,8,608.6
11620,2022,8,118.0
11620,2022,8,173.1
11620,2022,8,359.5
11620,2022,8,346.1
11620,2022,8,212.5
11620,2022,8,536.2
11620,2022,8,164.9
11620,2022,8,135.8
11620,2022,8,575.6
11620,2022,8,2094.9
11620,2022,8,928.7
11620,2022,8,105.0
11620,2022,8,153.7
11620,2022,8,2058.1
11620,2022,8,123.6
11590,2022,8,429.34
11590,2022,8,381.8
11590,2022,8,618.55
11590,2022,8,142.2
11590,2022,8,174.3
11590,2022,8,119.1
11590,2022,8,129.6
11590,2022,8,31.64
11590,2022,8,577.16
11590,2022,8,112.3
11590,2022,8,813.13
11590,2022,8,75.63
11620,2022,8,19177.8
11590,2022,8,249.1
11590,2022,8,161.43
11590,2022,8,164.94
11590,2022,8,184.99
11620,2022,8,356.3
11620,2022,8,120.9
11620,2022,8,1094.9
11620,2022,8,329.7
11620,2022,8,173.9
11620,2022,8,190.1
11620,2022,8,1000.3
11620,2022,8,844.6
11620,2022,8,446.9
11620,2022,8,181.8
11620,2022,8,159.1
11620,2022,8,90.4
11620,2022,8,2046.1
11620,2022,8,218.3
11620,2022,8,841.9
11620,2022,8,3269.2
11620,2022,8,154.1
11620,2022,8,315.8
11620,2022,8,2013.5
11620,2022,8,558.0
11620,2022,8,142.4
11620,2022,8,371.3
11620,2022,8,1360.3
11590,2022,8,25775.71
11590,2022,8,269.71
11590,2022,8,153.64
11590,2022,8,121.6
11590,2022,8,7.74
11530,2022,8,19.52
11530,2022,8,15.58
11530,2022,8,21.84
11530,2022,8,29.95
11530,2022,8,545.27
11530,2022,8,14.84
11305,2022,8,124.37
11305,2022,8,208.13
11305,2022,8,115.26
11305,2022,8,92.89
11305,2022,8,109.86
11305,2022,8,96.24
11305,2022,8,117.26
11305,2022,8,93.24
11305,2022,8,222.21
11305,2022,8,92.74
11305,2022,8,139.37
11305,2022,8,101.35
11305,2022,8,116.91
11305,2022,8,127.14
11305,2022,8,153.34
11305,2022,8,82.32
11305,2022,8,113.2
11305,2022,8,431.42
11305,2022,8,135.77
11350,2022,8,76.0
11350,2022,8,15.0
11350,2022,8,8.0
11350,2022,8,90.0
11350,2022,8,42.0
11350,2022,8,7.0
11350,2022,8,114.0
11350,2022,8,131.0
11350,2022,8,74.0
11350,2022,8,138.0
11350,2022,8,69.0
11350,2022,6,75.04
11470,2022,8,93.42
11470,2022,8,40.15
11470,2022,8,206.94
11470,2022,8,164.25
11470,2022,8,729.54
11470,2022,8,64.48
11470,2022,8,66.3
11620,2022,8,1752.7
11620,2022,8,133.2
11620,2022,8,177.2
11620,2022,8,311.9
11620,2022,8,357.4
11620,2022,8,50.3
11620,2022,8,115.7
11620,2022,8,284.4
11620,2022,8,1902.1
11620,2022,8,112.2
11620,2022,8,214.1
11620,2022,8,1415.0
11590,2022,8,4300.2
11590,2022,8,167.4
11590,2022,8,389.2
11590,2022,8,694.9
11590,2022,8,410.9
11590,2022,8,362.7
11590,2022,8,2223.3
11500,2022,8,334.82
11500,2022,8,528.49
11500,2022,8,151.04
11500,2022,8,2054.29
11500,2022,8,1555.79
11500,2022,8,756.05
11500,2022,8,909.42
11500,2022,8,1771.4
11530,2022,8,13.43
11530,2022,8,25.01
11530,2022,8,7.05
11530,2022,8,25.7
11530,2022,8,3.69
11530,2022,8,72.15
11530,2022,8,54.61
11545,2022,8,22687.5
11545,2022,8,135.7
11545,2022,8,224.0
11545,2022,8,8210.0
11545,2022,8,791.5
11545,2022,8,109.7
11545,2022,8,272.1
11545,2022,8,171.9
11545,2022,8,213.2
11545,2022,8,170.6
11545,2022,8,210.1
11545,2022,8,345.0
11545,2022,8,100.4
11590,2022,8,31.07
11590,2022,8,332.3
11590,2022,8,422.2
11590,2022,8,255.5
11590,2022,8,141.4
11590,2022,8,105.5
11590,2022,8,11.02
11590,2022,8,2907.4
11590,2022,8,151.5
11590,2022,8,251.4
11590,2022,8,474.1
11590,2022,8,127.38
11590,2022,8,136.64
11590,2022,8,322.9
11620,2022,8,137.6
11620,2022,8,360.1
11620,2022,8,1077.3
11620,2022,8,547.4
11620,2022,8,604.4
11620,2022,8,96.8
11620,2022,8,277.7
11620,2022,8,302.7
11620,2022,8,289.1
11620,2022,8,436.6
11620,2022,8,278.6
11620,2022,8,589.7
11620,2022,8,383.2
11620,2022,8,101.7
11545,2022,8,18436.1
11545,2022,8,71.3
11545,2022,8,20538.9
11545,2022,8,7961.5
11545,2022,8,174.2
11545,2022,8,98.5
11545,2022,8,5160.8
11545,2022,8,16365.1
11545,2022,8,518.3
11545,2022,8,321.7
11545,2022,8,225.6
11545,2022,8,178.3
11545,2022,8,761.3
11545,2022,8,178.7
11545,2022,8,365.4
11545,2022,8,680.1
11545,2022,8,245.9
11545,2022,8,126.3
11545,2022,8,279.4
11545,2022,8,555.9
11545,2022,8,87.8
11545,2022,8,130.9
11545,2022,8,182.3
11545,2022,8,977.9
11590,2022,8,1563.7
11590,2022,8,36.03
11590,2022,8,39.77
11590,2022,8,3007.44
11590,2022,8,120.7
11590,2022,8,246.6
11590,2022,8,4.01
11590,2022,8,3846.23
11590,2022,8,185.1
11620,2022,8,1076.2
11620,2022,8,53.8
11620,2022,8,55.5
11620,2022,8,513.0
11620,2022,8,195.8
11620,2022,8,554.8
11620,2022,8,247.3
11620,2022,8,322.3
11620,2022,8,489.1
11620,2022,8,123.1
11620,2022,8,790.3
11620,2022,8,1923.81
11620,2022,8,183.2
11545,2022,8,131.2
11545,2022,8,90.4
11545,2022,8,818.5
11545,2022,8,2877.8
11620,2022,8,142.2
11620,2022,8,152.0
11620,2022,8,128.8
11620,2022,8,333.8
11620,2022,8,1582.6
11620,2022,8,112.1
11620,2022,8,338.9
11620,2022,8,143.4
11620,2022,8,185.6
11620,2022,8,175.9
11620,2022,8,228.9
11620,2022,8,466.3
11620,2022,8,157.3
11620,2022,8,193.4
11620,2022,8,126.4
11620,2022,8,110.0
11620,2022,8,148.2
11620,2022,8,149.4
11620,2022,8,343.2
11620,2022,8,302.1
11620,2022,8,282.6
11620,2022,8,120.5
11620,2022,8,2465.95
11620,2022,8,719.9
11620,2022,8,845.5
11620,2022,8,92.2
11620,2022,8,170.8
11620,2022,8,165.0
11620,2022,8,756.1
11620,2022,8,644.2
11620,2022,8,1975.8
11620,2022,8,145.1
11620,2022,8,166.3
11620,2022,8,210.5
11620,2022,8,95.6
11620,2022,8,297.9
11620,2022,8,92.9
11620,2022,8,507.6
11620,2022,8,198.1
11620,2022,8,450.6
11620,2022,8,761.1
11620,2022,8,351.3
11620,2022,8,216.9
11620,2022,8,310.2
11620,2022,8,387.0
11620,2022,8,178.5
11620,2022,8,2057.8
11620,2022,8,196.1
11620,2022,8,130.4
11620,2022,8,229.9
11620,2022,8,163.4
11620,2022,8,93.3
11620,2022,8,4839.0
11590,2022,8,3655.33
11620,2022,8,346.3
11620,2022,8,200.2
11620,2022,8,380.9
11620,2022,8,1361.5
11620,2022,8,126.2
11620,2022,8,1385.8
11620,2022,8,201.4
11620,2022,8,613.5
11620,2022,8,427.1
11620,2022,8,101.5
11620,2022,8,539.3
11620,2022,8,101.1
11620,2022,8,858.9
11620,2022,8,6159.1
11620,2022,8,701.2
11620,2022,8,301.2
11620,2022,8,793.9
11620,2022,8,259.9
11620,2022,8,90.2
11620,2022,8,1193.4
11620,2022,8,120.3
11620,2022,8,170.3
11620,2022,8,344.0
11620,2022,8,191.0
11620,2022,8,1033.8
11590,2022,8,166.1
11620,2022,8,163.8
11620,2022,8,244.3
11620,2022,8,1222.0
11620,2022,8,3500.0
11620,2022,8,1867.0
11620,2022,8,152.2
11620,2022,8,124.6
11620,2022,8,285.1
11620,2022,8,1538.8
11620,2022,8,1397.9
11620,2022,8,152.6
11620,2022,8,125.9
11620,2022,8,432.4
11620,2022,8,1624.8
11620,2022,8,2242.9
11620,2022,8,244.9
11620,2022,8,396.4
11620,2022,8,155.9
11620,2022,8,111.1
11620,2022,8,222.7
11620,2022,8,425.0
11620,2022,8,131.8
11620,2022,8,655.6
11620,2022,8,2461.6
11620,2022,8,213.3
11620,2022,8,1567.2
11590,2022,8,2659.82
11590,2022,8,8.18
11590,2022,8,5970.83
11590,2022,8,630.2
11590,2022,8,271.91
11590,2022,8,615.6
11590,2022,8,96.7
11590,2022,8,416.9
11590,2022,8,2297.5
11590,2022,8,313.3
11590,2022,8,767.1
11590,2022,8,202.5
11590,2022,8,440.18
11590,2022,8,1063.8
11590,2022,8,5277.4
11590,2022,8,20.24
11590,2022,8,222.9
11590,2022,8,173.66
11590,2022,8,287.7
11590,2022,8,25.52
11590,2022,8,110.7
11590,2022,8,200.5
11590,2022,8,702.1
11620,2022,8,574.8
11620,2022,8,606.9
11620,2022,8,368.6
11620,2022,8,132.5
11620,2022,8,426.4
11620,2022,8,423.2
11620,2022,8,116.0
11620,2022,8,112.4
11620,2022,8,112.5
11620,2022,8,210.6
11620,2022,8,175.7
11620,2022,8,159.5
11620,2022,8,221.3
11620,2022,8,446.5
11620,2022,8,204.7
11620,2022,8,328.6
11620,2022,8,1307.2
11620,2022,8,147.0
11620,2022,8,112.9
11620,2022,8,211.6
11620,2022,8,389.4
11620,2022,8,107.3
11620,2022,8,4369.5
11620,2022,8,467.5
11620,2022,8,413.4
11620,2022,8,153.9
11620,2022,8,778.3
11620,2022,8,1831.8
11620,2022,8,585.8
11620,2022,8,259.4
11620,2022,8,616.3
11620,2022,8,104.9
11620,2022,8,780.6
11620,2022,8,480.8
11620,2022,8,613.4
11620,2022,8,1141.0
11620,2022,8,393.3
11620,2022,8,121.8
11620,2022,8,239.7
11620,2022,8,852.5
11620,2022,8,1638.9
11620,2022,8,556.6
11620,2022,8,276.3
11620,2022,8,150.0
11620,2022,8,2005.3
11620,2022,8,138.5
11620,2022,8,389.8
11620,2022,8,761.9
11620,2022,8,489.2
11620,2022,8,221.0
11620,2022,8,1616.4
11620,2022,8,517.5
11620,2022,8,822.8
11620,2022,8,139.7
11620,2022,8,247.2
11620,2022,8,488.5
11620,2022,8,1068.8
11620,2022,8,342.1
11620,2022,8,425.1
11620,2022,8,323.0
11620,2022,8,710.7
11620,2022,8,114.3
11620,2022,8,500.2
11620,2022,8,138.8
11620,2022,8,472.6
11620,2022,8,267.2
11620,2022,8,222.6
11620,2022,8,792.1
11620,2022,8,1535.1
11620,2022,8,308.1
11620,2022,8,129.4
11620,2022,8,693.6
11620,2022,8,240.8
11620,2022,8,372.3
11620,2022,8,132.6
11620,2022,8,278.3
11620,2022,8,1584.2
11620,2022,8,872.9
11620,2022,8,406.4
11620,2022,8,31.5
11620,2022,8,289.8
11620,2022,8,168.9
11620,2022,8,187.1
11620,2022,8,736.8
11620,2022,8,664.9
11620,2022,8,427.8
11620,2022,8,2500.5
11620,2022,8,242.1
11620,2022,8,5105.2
11620,2022,8,264.8
11620,2022,8,113.9
11620,2022,8,291.1
11620,2022,8,528.3
11620,2022,8,862.5
11620,2022,8,915.5
11620,2022,8,1094.0
11620,2022,8,134.0
11620,2022,8,360.5
11620,2022,8,294.9
11620,2022,8,156.3
11620,2022,8,73.1
11620,2022,8,232.5
11590,2022,8,1326.97
11590,2022,8,72.2
11590,2022,8,174.6
11590,2022,8,144.3
11620,2022,8,195.3
11620,2022,8,157.6
11620,2022,8,897.9
11620,2022,8,119.9
11620,2022,8,414.3
11620,2022,8,193.5
11620,2022,8,326.5
11620,2022,8,356.0
11620,2022,8,477.8
11620,2022,8,169.6
11620,2022,8,278.5
11620,2022,8,94.7
11620,2022,8,384.9
11620,2022,8,343.5
11620,2022,8,248.8
11620,2022,8,260.5
11620,2022,8,605.3
11620,2022,8,3293.3
11620,2022,8,290.2
11620,2022,8,92.5
11620,2022,8,555.4
11620,2022,8,2084.1
11620,2022,8,332.0
11620,2022,8,519.4
11620,2022,8,337.6
11590,2022,8,20.46
11590,2022,8,132.5
11620,2022,8,392.0
11620,2022,8,87.4
11620,2022,8,370.3
11620,2022,8,153.8
11620,2022,8,600.4
11620,2022,8,833.3
11620,2022,8,837.35
11620,2022,8,848.0
11620,2022,8,96.6
11620,2022,8,310.3
11620,2022,8,723.9
11620,2022,8,138.1
11620,2022,8,93.2
11620,2022,8,121.6
11620,2022,8,607.1
11620,2022,8,333.4
11620,2022,8,180.3
11620,2022,8,1346.8
11620,2022,8,4164.6
11620,2022,8,1041.9
11620,2022,8,91.9
11620,2022,8,9068.9
11620,2022,8,194.7
11620,2022,8,152.1
11620,2022,8,277.8
11620,2022,8,116.4
11620,2022,8,130.2
11620,2022,8,130.8
11590,2022,8,10337.2
11590,2022,8,114.7
11590,2022,8,122.3
11590,2022,8,100.3
11590,2022,8,219.12
11590,2022,8,2541.1
11590,2022,8,755.1
11590,2022,8,125.3
11590,2022,8,261.16
11590,2022,8,182.2
11590,2022,8,10.94
11620,2022,8,1578.1
11620,2022,8,619.2
11620,2022,8,867.5
11620,2022,8,595.7
11620,2022,8,2620.4
11620,2022,8,1074.1
11620,2022,8,135.4
11620,2022,8,826.2
11620,2022,8,264.3
11620,2022,8,730.8
11590,2022,8,283.6
11590,2022,8,74.65
11620,2022,8,9358.01
11620,2022,8,749.8
11620,2022,8,682.4
11620,2022,8,158.3
11620,2022,8,109.9
11620,2022,8,437.6
11620,2022,8,1042.6
11620,2022,8,1103.7
11620,2022,8,2721.9
11620,2022,8,395.3
11620,2022,8,1088.2
11620,2022,8,2100.0
11620,2022,8,156.6
11620,2022,8,116.1
11620,2022,8,127.5
11620,2022,8,130.9
11620,2022,8,294.2
11620,2022,8,499.5
11620,2022,8,129.1
11620,2022,8,3083.5
11620,2022,8,275.6
11620,2022,8,197.0
11590,2022,8,23.89
11590,2022,8,202.54
11590,2022,8,45.51
11590,2022,8,57.26
11590,2022,8,264.0
11590,2022,8,140.4
11590,2022,8,53.96
11590,2022,8,5693.08
11590,2022,8,187.6
11590,2022,8,56.23
11590,2022,8,131.8
11590,2022,8,139.5
11590,2022,8,384.1
11590,2022,8,135.6
11590,2022,8,473.1
11590,2022,8,24345.1
11590,2022,8,104.5
11590,2022,8,2213.72
11590,2022,8,4477.11
11590,2022,8,155.46
11590,2022,8,463.4
11590,2022,8,33.39
11590,2022,8,972.1
11590,2022,8,303.81
11620,2022,8,255.1
11620,2022,8,135.1
11590,2022,8,189.3
11590,2022,8,73.58
11590,2022,8,420.8
11590,2022,8,51.21
11590,2022,8,838.96
11590,2022,8,22.28
11590,2022,8,21137.1
11590,2022,8,580.8
11590,2022,8,531.68
11590,2022,8,98.3
11590,2022,8,186.41
11590,2022,8,1972.2
11590,2022,8,550.7
11590,2022,8,20.58
11620,2022,8,121.5
11620,2022,8,591.8
11620,2022,8,148.9
11620,2022,8,494.8
11620,2022,8,224.5
11620,2022,8,88.1
11620,2022,8,137.9
11620,2022,8,547.3
11620,2022,8,403.4
11620,2022,8,2963.27
11620,2022,8,981.7
11620,2022,8,137.4
11620,2022,8,1705.3
11590,2022,8,157.25
11590,2022,8,165.1
11590,2022,8,4315.4
11590,2022,8,370.34
11590,2022,8,53.57
11590,2022,8,22.61
11590,2022,8,578.8
11590,2022,8,2467.77
11590,2022,8,173.39
11590,2022,8,69.71
11590,2022,8,1027.2
11590,2022,8,249.7
11620,2022,8,257.8
11620,2022,8,259.7
11620,2022,8,483.1
11620,2022,8,125.5
11620,2022,8,1227.0
11620,2022,8,278.2
11620,2022,8,207.3
11620,2022,8,219.5
11620,2022,8,1560.21
11620,2022,8,100.3
11620,2022,8,735.2
11620,2022,8,171.8
11620,2022,8,93.8
11620,2022,8,103.7
11620,2022,8,182.8
11620,2022,8,141.0
11620,2022,8,119.5
11620,2022,8,354.6
11620,2022,8,158.0
11620,2022,8,168.1
11620,2022,8,281.8
11620,2022,8,299.6
11620,2022,8,79.7
11620,2022,8,184.8
11620,2022,8,868.5
11620,2022,8,106.1
11620,2022,8,406.6
11620,2022,8,157.5
11620,2022,8,491.4
11620,2022,8,229.8
11620,2022,8,201.0
11620,2022,8,52609.1
11620,2022,8,304.0
11620,2022,8,2075.1
11620,2022,8,567.0
11620,2022,8,226.3
11620,2022,8,134.7
11620,2022,8,348.9
11620,2022,8,235.6
11620,2022,8,685.3
11620,2022,8,181.0
11620,2022,8,2353.1
11620,2022,8,181.4
11590,2022,8,1569.1
11590,2022,8,256.4
11590,2022,8,927.8
11590,2022,8,47.06
11590,2022,8,106.1
11590,2022,8,204.4
11590,2022,8,799.79
11590,2022,8,1168.58
11590,2022,8,148.3
11590,2022,8,442.9
11620,2022,8,285.0
11620,2022,8,667.8
11620,2022,8,549.0
11620,2022,8,304.2
11620,2022,8,250.5
11620,2022,8,916.9
11620,2022,8,103.0
48740,2020,8,2669.99
48740,2020,8,31.39
11620,2022,8,213.6
11620,2022,8,384.1
11620,2022,8,409.5
48740,2020,8,2923.13
11620,2022,8,254.9
48740,2020,8,23056.17
48740,2020,8,458.05
11590,2022,8,1916.5
11590,2022,8,19.52
48740,2020,8,6061.13
11620,2022,8,125.6
11620,2022,8,1560.0
11620,2022,8,118.5
11620,2022,8,331.3
11620,2022,8,172.5
11620,2022,8,1206.2
11620,2022,8,273.6
11620,2022,8,651.5
11620,2022,8,571.8
11620,2022,8,465.2
11620,2022,8,605.2
11620,2022,8,775.3
11620,2022,8,1241.3
11620,2022,8,133.5
11620,2022,8,316.3
11620,2022,8,132.4
11620,2022,8,69.5
11620,2022,8,255.3
11620,2022,8,193.9
11620,2022,8,202.5
11620,2022,8,3037.5
11620,2022,8,137.0
11620,2022,8,139.8
11620,2022,8,3289.2
11620,2022,8,776.6
11620,2022,8,407.1
11590,2022,8,20.13
11620,2022,8,1270.3
11620,2022,8,139.2
11620,2022,8,1955.7
11620,2022,8,246.5
11590,2022,8,631.7
11590,2022,8,11057.18
11590,2022,8,222.63
11590,2022,8,204.9
11590,2022,8,160.23
11590,2022,8,523.34
11590,2022,8,360.53
11590,2022,8,606.8
11590,2022,8,236.36
11590,2022,8,555.4
11590,2022,8,13.78
11590,2022,8,255.19
11620,2022,8,374.0
11620,2022,8,109.3
11620,2022,8,244.7
11620,2022,8,264.0
11620,2022,8,210.9
11620,2022,8,153.3
11620,2022,8,527.7
11620,2022,8,325.3
11620,2022,8,207.7
11620,2022,8,148.8
11620,2022,8,488.0
11620,2022,8,307.2
11620,2022,8,215.0
11620,2022,8,144.3
11620,2022,8,374.6
11590,2022,8,326.88
11590,2022,8,72.13
11590,2022,8,133.1
11620,2022,8,350.1
11590,2022,8,20.88
11620,2022,8,882.5
11620,2022,8,114.4
11620,2022,8,323.5
11620,2022,8,113.8
11620,2022,8,103.4
11620,2022,8,845.9
11620,2022,8,2242.4
11620,2022,8,156.4
11620,2022,8,800.5
11620,2022,8,206.3
11620,2022,8,1469.43
11620,2022,8,128.5
11620,2022,8,2961.5
11620,2022,8,108.8
11620,2022,8,164.6
11620,2022,8,461.8
11620,2022,8,2787.5
11620,2022,8,472.5
11620,2022,8,173.0
11620,2022,8,734.0
11620,2022,8,81.2
11620,2022,8,384.7
11620,2022,8,1032.3
11620,2022,8,689.0
11620,2022,8,762.0
11620,2022,8,157.1
11620,2022,8,150.4
11620,2022,8,562.2
11620,2022,8,252.5
11620,2022,8,197.7
11620,2022,8,540.6
11620,2022,8,657.3
11620,2022,8,351.9
11620,2022,8,1100.7
11620,2022,8,145.8
11620,2022,8,131.3
11620,2022,8,165.3
11620,2022,8,126.8
11620,2022,8,136.1
11620,2022,8,161.4
11590,2022,8,953.76
11590,2022,8,677.77
11590,2022,8,1715.9
11590,2022,8,673.3
11590,2022,8,214.29
11590,2022,8,698.2
11590,2022,8,19.44
11590,2022,8,882.6
11620,2022,8,1291.2
11590,2022,8,1450.6
11590,2022,8,173.2
11590,2022,8,734.1
11590,2022,8,492.4
11590,2022,8,104.1
11590,2022,8,4295.95
11590,2022,8,21.07
11590,2022,8,4202.98
11590,2022,8,217.05
11590,2022,8,60.0
11590,2022,8,144.8
11620,2022,8,693.8
11620,2022,8,261.5
11620,2022,8,9456.9
11620,2022,8,139.0
11620,2022,8,225.6
11620,2022,8,169.5
11620,2022,8,756.7
11620,2022,8,130.6
11620,2022,8,170.7
11620,2022,8,2398.01
11620,2022,8,95.5
11620,2022,8,107.5
11620,2022,8,148.7
11620,2022,8,121.2
11620,2022,8,129.7
11620,2022,8,1019.1
11620,2022,8,854.6
11620,2022,8,110.5
11620,2022,8,902.9
11620,2022,8,3445.3
11620,2022,8,272.2
11620,2022,8,331.6
11620,2022,8,909.2
11620,2022,8,501.9
11620,2022,8,171.1
11620,2022,8,110.7
11620,2022,8,101.9
11620,2022,8,154.0
11620,2022,8,239.6
11620,2022,8,94.3
11620,2022,8,134.9
11620,2022,8,202.1
11620,2022,8,199.5
11620,2022,8,198.6
11620,2022,8,798.0
11620,2022,8,14427.2
11620,2022,8,67.4
11620,2022,8,169.7
11620,2022,8,139.3
11620,2022,8,127.2
11620,2022,8,162.8
11620,2022,8,149.0
11620,2022,8,250.9
11620,2022,8,161.0
11620,2022,8,668.9
11620,2022,8,150.1
11620,2022,8,134.8
11620,2022,8,160.5
11620,2022,8,1284.3
11620,2022,8,1005.5
11620,2022,8,1240.2
11620,2022,8,295.4
11620,2022,8,238.8
11620,2022,8,157.9
11620,2022,8,2532.2
11620,2022,8,131.7
11620,2022,8,589.1
11620,2022,8,118.3
11620,2022,8,181.6
11620,2022,8,222.8
11620,2022,8,342.3
11620,2022,8,1144.9
11620,2022,8,287.1
11620,2022,8,3077.7
11620,2022,8,540.8
11620,2022,8,189.1
11620,2022,8,180.7
11620,2022,8,3787.7
11620,2022,8,487.0
11620,2022,8,189.5
11620,2022,8,146.5
11620,2022,8,260.1
11620,2022,8,762.1
11620,2022,8,133.9
11620,2022,8,230.3
11620,2022,8,217.8
11620,2022,8,1554.2
11620,2022,8,1464.2
11620,2022,8,459.3
11620,2022,8,359.8
48740,2020,8,3882.67
48740,2020,8,1614.03
48740,2020,8,894.23
50130,2020,8,3438.7
41650,2022,8,3809.34
41650,2022,8,2296.825
47830,2021,7,4035.3
11740,2022,8,116.98099
11740,2022,8,131.77187
11740,2022,8,106.31745
11740,2022,8,107.27097
11740,2022,8,229.11417
11740,2022,8,88.16084
11740,2022,8,126.73439
43150,2020,8,9486.0
11650,2022,8,499.02
44790,2022,8,2863.4
44790,2022,8,7986.1
11620,2022,8,457.1
44790,2022,8,3377.5
44790,2022,8,5848.6
44790,2022,8,2198.6
11560,2022,8,121.71
11560,2022,8,151.37
11560,2022,8,91.34
11560,2022,8,141.24
11560,2022,8,1726.0
11560,2022,8,112.31
11560,2022,8,117.32
11560,2022,8,116.46
44790,2022,8,852.2
44790,2022,8,1852.5
44790,2022,8,739.4
44790,2022,8,545.3
44790,2022,8,4506.5
44790,2022,8,2601.3
44790,2022,8,2359.8
44790,2022,8,382.0
44790,2022,8,1561.9
50110,2020,9,484.7
45730,2020,8,69589.73
45730,2020,8,7771.5586
45730,2020,9,18083.508
48740,2020,8,132.48
50110,2020,9,60.0
50110,2020,9,953.7
45730,2021,8,2323.2756
45730,2021,8,1261.5701
11560,2022,8,11.2
11560,2022,8,30.19
11560,2022,8,22.37
11560,2022,8,40.01
11560,2022,8,41.78
11560,2022,8,91.35
11740,2022,8,233.86816
11740,2022,8,600.5375
11740,2022,8,163.18056
11740,2022,9,170.8108
11740,2022,8,187.17255
11740,2022,8,285.0201
11740,2022,8,15203.9795
11740,2022,8,188.6192
11620,2022,8,154.8
11740,2022,8,208.40298
11740,2022,8,503.2952
11740,2022,8,101.02186
11740,2022,8,164.54968
11620,2022,8,1526.2
11620,2022,8,125.2
46800,2021,7,27546.1
46800,2021,7,32231.1
46800,2021,7,56311.6
46800,2021,7,60351.1
46800,2021,7,54982.0
46800,2021,7,33983.8
46800,2021,7,34047.5
46800,2021,7,61425.9
46800,2021,7,50623.7
46800,2021,7,48575.0
46800,2021,7,33005.7
11590,2022,8,368.53
11545,2022,8,110.0
11620,2022,8,675.3
11620,2022,8,601.3
11620,2022,8,461.9
44790,2022,8,1913.9
44790,2022,8,2265.0
44790,2022,8,1890.6
44790,2022,8,3615.5
44790,2022,8,734.6
44790,2022,8,942.4
44790,2022,8,377.7
44790,2022,8,3788.5
44790,2022,8,681.6
44790,2022,8,1176.2
44790,2022,8,2361.6
44790,2022,8,2533.6
44790,2022,8,1588.9
11470,2022,8,273.6
11470,2022,8,394.87
11470,2022,8,48.16
44790,2022,8,1850.8
11470,2022,8,1341.66
11380,2022,8,131.45
11530,2022,8,73.84
11590,2022,8,146.8
11710,2022,8,351.0
46800,2021,7,39424.1
46800,2021,7,41921.4
45730,2021,8,564.3333
45730,2021,8,1132.0435
44790,2022,8,708.8
44790,2022,8,1531.0
