FLOOD_YEAR,DAM_RAIN,DEAD,SIGUNGU,FLOOD_GRD,FLOOD_MONTH
2021,0.0,0.0,43800,1.0,8
2021,0.0,0.0,43800,1.0,8
2021,0.0,0.0,43800,1.0,8
2020,198.0,0.0,43130,2.0,7
2020,198.0,0.0,43130,3.0,8
2020,198.0,0.0,43130,2.0,7
2020,198.0,0.0,43130,2.0,8
2020,198.0,0.0,43130,3.0,8
2020,198.0,0.0,43130,3.0,8
2020,198.0,0.0,43130,2.0,8
2020,198.0,0.0,43130,5.0,8
2020,198.0,0.0,43130,3.0,8
2020,198.0,0.0,43130,2.0,8
2020,198.0,0.0,43130,1.0,8
2020,198.0,0.0,43130,2.0,8
2020,198.0,0.0,43130,3.0,8
2020,198.0,0.0,43130,3.0,8
2020,198.0,0.0,43130,2.0,8
2020,198.0,0.0,43130,6.0,8
2020,198.0,0.0,43130,2.0,8
2020,198.0,0.0,43130,3.0,8
2020,198.0,0.0,43130,3.0,8
2020,198.0,0.0,43130,2.0,8
2020,198.0,0.0,43130,5.0,8
2020,198.0,0.0,43130,5.0,8
2020,198.0,0.0,43130,5.0,8
2020,198.0,0.0,43130,6.0,8
2020,198.0,0.0,43130,3.0,8
2020,198.0,0.0,47830,3.0,8
2020,198.0,0.0,47830,3.0,8
2020,198.0,0.0,47830,2.0,8
2020,198.0,0.0,47830,2.0,8
2020,198.0,0.0,47830,5.0,8
2020,198.0,0.0,47830,5.0,8
2020,188.0,0.0,43760,2.0,7
2020,188.0,0.0,43760,1.0,7
2020,188.0,0.0,43760,1.0,7
2020,188.0,0.0,43760,1.0,7
2020,188.0,0.0,43760,1.0,7
2020,188.0,0.0,43760,1.0,7
2020,188.0,0.0,43760,2.0,7
2020,188.0,0.0,43760,2.0,7
2020,188.0,0.0,43760,2.0,7
2020,188.0,0.0,43760,2.0,7
2020,188.0,0.0,43760,2.0,7
2020,188.0,0.0,43760,1.0,7
2020,188.0,0.0,43760,2.0,7
2020,188.0,0.0,43760,1.0,7
2020,188.0,0.0,43760,1.0,7
2020,188.0,0.0,43760,1.0,7
2020,188.0,0.0,43760,1.0,7
2020,188.0,0.0,43760,2.0,7
2020,188.0,0.0,43760,1.0,7
2022,198.0,0.0,11110,1.0,9
2022,198.0,0.0,11110,1.0,8
2022,198.0,0.0,11110,1.0,8
2022,198.0,0.0,11110,1.0,8
2022,198.0,0.0,11110,1.0,8
2022,198.0,0.0,11110,1.0,8
2022,198.0,0.0,11110,1.0,8
2022,198.0,0.0,11110,1.0,8
2022,198.0,0.0,11110,1.0,8
2022,198.0,0.0,11110,1.0,8
2022,198.0,0.0,11110,1.0,8
2022,198.0,0.0,11110,1.0,8
2022,198.0,0.0,11110,1.0,8
2022,198.0,0.0,11110,1.0,8
2022,198.0,0.0,11110,1.0,8
2022,198.0,0.0,11110,1.0,8
2022,198.0,0.0,11110,1.0,8
2022,198.0,0.0,11110,1.0,8
2022,198.0,0.0,11110,1.0,8
2022,198.0,0.0,11110,1.0,8
2020,97.0,0.0,50110,1.0,9
2020,97.0,0.0,50110,2.0,9
2020,97.0,0.0,50110,2.0,9
2020,97.0,0.0,50110,2.0,9
2020,97.0,0.0,50110,1.0,9
2020,97.0,0.0,50110,2.0,9
2020,97.0,0.0,50110,1.0,9
2020,97.0,0.0,50110,2.0,9
2020,97.0,0.0,50110,2.0,9
2020,97.0,0.0,50110,2.0,9
2020,97.0,0.0,50110,2.0,9
2020,97.0,0.0,50110,1.0,9
2020,97.0,0.0,50110,2.0,9
2020,97.0,0.0,50110,1.0,9
2020,97.0,0.0,50110,2.0,9
2020,97.0,0.0,50110,2.0,9
2020,97.0,0.0,50110,2.0,9
2020,97.0,0.0,50110,2.0,9
2020,97.0,0.0,50110,2.0,9
2020,97.0,0.0,50110,2.0,9
2020,97.0,0.0,50110,2.0,9
2020,97.0,0.0,50110,2.0,9
2020,97.0,0.0,50110,1.0,9
2020,97.0,0.0,50110,2.0,9
2020,97.0,0.0,50110,2.0,9
2020,97.0,0.0,50110,2.0,9
2020,97.0,0.0,50110,2.0,9
2020,97.0,0.0,50110,2.0,9
2020,97.0,0.0,50110,2.0,9
2020,97.0,0.0,50110,2.0,9
2020,97.0,0.0,50110,2.0,9
2020,97.0,0.0,50110,2.0,9
2020,97.0,0.0,50110,2.0,9
2020,97.0,0.0,50110,2.0,9
2020,97.0,0.0,50110,2.0,9
2020,97.0,0.0,50110,2.0,9
2020,97.0,0.0,50110,2.0,9
2020,97.0,0.0,50110,2.0,9
2020,97.0,0.0,50110,1.0,9
2020,97.0,0.0,50110,2.0,9
2020,323.0,0.0,44200,2.0,8
2020,323.0,0.0,44200,2.0,8
2020,323.0,0.0,44200,3.0,8
2020,323.0,0.0,44200,1.0,8
2020,323.0,0.0,44200,2.0,8
2020,323.0,0.0,44200,2.0,8
2020,323.0,0.0,44200,2.0,8
2020,323.0,0.0,44200,2.0,8
2020,323.0,0.0,44200,1.0,8
2020,323.0,0.0,44200,3.0,8
2020,323.0,0.0,44200,3.0,8
2020,323.0,0.0,44200,1.0,8
2020,323.0,0.0,44200,3.0,8
2020,198.0,0.0,46790,2.0,8
2020,198.0,0.0,46790,2.0,8
2020,198.0,0.0,46790,3.0,8
2020,198.0,0.0,46790,2.0,8
2020,198.0,0.0,46790,2.0,8
2020,198.0,0.0,46790,2.0,8
2020,198.0,0.0,46790,3.0,8
2020,198.0,0.0,46790,3.0,8
2020,198.0,0.0,46790,5.0,8
2020,198.0,0.0,46790,2.0,8
2020,198.0,0.0,46790,2.0,8
2020,198.0,0.0,46790,2.0,8
2020,198.0,0.0,46790,2.0,8
2020,198.0,0.0,46790,3.0,8
2020,198.0,0.0,46790,2.0,8
2020,198.0,0.0,46790,2.0,8
2020,198.0,0.0,46790,3.0,8
2020,198.0,0.0,46790,3.0,8
2020,198.0,0.0,46790,2.0,8
2020,198.0,0.0,46790,2.0,8
2020,198.0,0.0,46790,3.0,8
2020,198.0,0.0,46790,2.0,8
2020,198.0,0.0,46790,2.0,8
2020,198.0,0.0,46790,2.0,8
2020,198.0,0.0,46790,3.0,8
2020,198.0,0.0,46790,3.0,8
2020,198.0,0.0,46790,5.0,8
2020,198.0,0.0,46790,2.0,8
2020,198.0,0.0,46790,2.0,8
2020,198.0,0.0,46790,2.0,8
2020,198.0,0.0,46790,2.0,8
2020,198.0,0.0,46790,3.0,8
2020,198.0,0.0,46790,2.0,8
2020,198.0,0.0,46790,2.0,8
2020,198.0,0.0,46790,3.0,8
2020,198.0,0.0,46790,3.0,8
2020,198.0,0.0,43150,3.0,8
2020,198.0,0.0,43150,2.0,8
2020,198.0,0.0,43150,5.0,8
2020,198.0,0.0,43150,3.0,8
2020,198.0,0.0,43150,1.0,8
2020,198.0,0.0,43150,3.0,8
2020,198.0,0.0,43150,2.0,8
2020,198.0,0.0,43150,2.0,8
2020,198.0,0.0,43150,3.0,8
2020,198.0,0.0,43150,1.0,8
2020,198.0,0.0,43150,2.0,8
2020,198.0,0.0,43150,2.0,8
2020,198.0,0.0,43150,3.0,8
2020,198.0,0.0,43150,3.0,8
2020,198.0,0.0,43150,2.0,8
2020,198.0,0.0,43150,2.0,8
2020,198.0,0.0,43150,2.0,8
2020,198.0,0.0,43150,2.0,8
2020,198.0,0.0,43150,2.0,8
2020,198.0,0.0,43150,2.0,8
2020,198.0,0.0,43150,3.0,8
2020,198.0,0.0,43150,2.0,8
2020,198.0,0.0,43150,2.0,8
2020,198.0,0.0,43150,3.0,8
2020,198.0,0.0,43150,2.0,8
2020,198.0,0.0,43150,2.0,8
2020,198.0,0.0,43150,2.0,8
2020,198.0,0.0,43150,1.0,8
2020,198.0,0.0,43150,2.0,8
2020,198.0,0.0,43150,2.0,8
2020,198.0,0.0,43150,2.0,8
2020,198.0,0.0,43150,2.0,8
2020,198.0,0.0,43150,3.0,8
2020,198.0,0.0,43150,1.0,8
2020,198.0,0.0,43150,2.0,8
2020,198.0,0.0,43150,5.0,8
2020,198.0,0.0,43150,3.0,8
2020,198.0,0.0,43150,2.0,8
2020,198.0,0.0,43150,1.0,8
2020,198.0,0.0,43150,1.0,8
2020,198.0,0.0,43150,1.0,8
2020,198.0,0.0,43150,2.0,8
2020,198.0,0.0,43150,2.0,8
2020,198.0,0.0,43150,3.0,8
2020,198.0,0.0,43150,3.0,8
2020,198.0,0.0,43150,3.0,8
2020,198.0,0.0,43150,3.0,8
2020,198.0,0.0,43150,2.0,8
2020,198.0,0.0,43150,2.0,8
2020,198.0,0.0,43150,2.0,8
2020,198.0,0.0,43150,3.0,8
2020,198.0,0.0,43150,5.0,8
2020,198.0,0.0,43150,2.0,8
2020,198.0,0.0,43150,2.0,8
2020,198.0,0.0,43150,5.0,8
2020,198.0,0.0,43150,3.0,8
2020,198.0,0.0,43150,1.0,8
2020,198.0,0.0,43150,2.0,8
2020,198.0,0.0,43150,3.0,8
2020,198.0,0.0,43150,3.0,8
2020,198.0,0.0,43150,2.0,8
2020,198.0,0.0,43150,2.0,8
2020,198.0,0.0,43150,3.0,8
2020,198.0,0.0,43150,2.0,8
2020,198.0,0.0,43150,2.0,8
2020,198.0,0.0,43150,1.0,8
2020,198.0,0.0,43150,5.0,8
2020,198.0,0.0,43150,3.0,8
2020,198.0,0.0,43150,2.0,8
2020,198.0,0.0,43150,5.0,8
2020,198.0,0.0,43150,1.0,8
2020,198.0,0.0,43150,2.0,8
2020,198.0,0.0,43150,2.0,8
2020,198.0,0.0,43150,2.0,8
2020,198.0,0.0,43150,2.0,8
2020,198.0,0.0,43150,3.0,8
2020,198.0,0.0,43150,2.0,8
2020,198.0,0.0,43150,3.0,8
2020,198.0,0.0,43150,1.0,8
2020,198.0,0.0,43150,1.0,8
2020,198.0,0.0,43150,2.0,8
2020,198.0,0.0,43150,2.0,8
2020,198.0,0.0,43150,1.0,8
2020,198.0,0.0,43150,3.0,8
2020,198.0,0.0,43150,3.0,8
2020,198.0,0.0,43150,2.0,8
2020,198.0,0.0,43150,2.0,8
2020,198.0,0.0,43150,1.0,8
2020,198.0,0.0,43150,2.0,8
2020,198.0,0.0,43150,2.0,8
2020,198.0,0.0,43150,2.0,8
2020,198.0,0.0,43150,3.0,8
2020,198.0,0.0,43150,3.0,8
2020,198.0,0.0,43150,2.0,8
2020,198.0,0.0,43150,3.0,8
2020,198.0,0.0,43150,2.0,8
2020,198.0,0.0,43150,2.0,8
2020,198.0,0.0,43150,3.0,8
2020,198.0,0.0,43150,2.0,8
2020,198.0,0.0,43150,2.0,8
2020,198.0,0.0,43150,3.0,8
2020,198.0,0.0,43150,2.0,8
2020,198.0,0.0,43150,2.0,8
2020,198.0,0.0,43150,2.0,8
2020,198.0,0.0,43150,2.0,8
2020,198.0,0.0,43150,3.0,8
2020,198.0,0.0,43150,1.0,8
2020,198.0,0.0,43150,5.0,8
2020,198.0,0.0,43150,3.0,8
2020,198.0,0.0,43150,3.0,8
2020,198.0,0.0,43150,2.0,8
2020,198.0,0.0,43150,3.0,8
2020,198.0,0.0,43150,2.0,8
2020,198.0,0.0,43150,2.0,8
2020,198.0,0.0,43150,5.0,8
2020,198.0,0.0,43150,2.0,8
2020,198.0,0.0,43150,1.0,8
2020,198.0,0.0,43150,1.0,8
2020,198.0,0.0,43150,2.0,8
2020,198.0,0.0,43150,2.0,8
2020,198.0,0.0,43150,3.0,8
2020,198.0,0.0,43150,2.0,8
2020,198.0,0.0,43150,2.0,8
2020,198.0,0.0,43150,2.0,8
2020,198.0,0.0,43150,1.0,8
2020,198.0,0.0,43150,2.0,8
2020,198.0,0.0,43150,2.0,8
2020,198.0,0.0,43150,2.0,8
2020,198.0,0.0,43150,2.0,8
2020,198.0,0.0,43150,2.0,8
2020,198.0,0.0,43150,2.0,8
2020,198.0,0.0,43150,2.0,8
2020,198.0,0.0,43150,2.0,8
2020,198.0,0.0,43150,3.0,8
2020,198.0,0.0,43150,2.0,8
2020,198.0,0.0,43150,3.0,8
2020,198.0,0.0,43150,2.0,8
2020,198.0,0.0,43150,2.0,8
2020,198.0,0.0,43150,2.0,8
2020,198.0,0.0,43150,3.0,8
2020,198.0,0.0,43150,3.0,8
2020,198.0,0.0,43150,6.0,8
2020,198.0,0.0,43150,2.0,8
2020,198.0,0.0,43150,1.0,8
2020,198.0,0.0,43150,2.0,8
2020,198.0,0.0,43150,2.0,8
2020,198.0,0.0,43150,2.0,8
2020,198.0,0.0,43150,3.0,8
2020,198.0,0.0,43150,5.0,8
2020,198.0,0.0,43150,1.0,8
2020,198.0,0.0,43150,3.0,8
2020,198.0,0.0,43150,1.0,8
2020,198.0,0.0,43150,2.0,8
2020,198.0,0.0,43150,1.0,8
2020,198.0,0.0,43150,3.0,8
2020,198.0,0.0,43150,3.0,8
2020,198.0,0.0,43150,2.0,8
2020,198.0,0.0,43150,3.0,8
2020,198.0,0.0,43150,2.0,8
2020,198.0,0.0,43150,1.0,8
2020,198.0,0.0,43150,2.0,8
2020,198.0,0.0,43150,2.0,8
2020,198.0,0.0,43150,2.0,8
2020,198.0,0.0,43150,2.0,8
2020,198.0,0.0,43150,1.0,8
2020,198.0,0.0,43150,2.0,8
2020,198.0,0.0,43150,3.0,8
2020,198.0,0.0,43150,1.0,8
2020,198.0,0.0,43150,1.0,8
2020,198.0,0.0,43150,3.0,8
2020,198.0,0.0,43150,3.0,8
2020,198.0,0.0,43150,1.0,8
2020,198.0,0.0,43150,2.0,8
2020,198.0,0.0,43150,5.0,8
2020,198.0,0.0,43150,2.0,8
2020,198.0,0.0,43150,2.0,8
2020,198.0,0.0,43150,5.0,8
2020,198.0,0.0,43150,2.0,8
2020,198.0,0.0,43150,2.0,8
2020,198.0,0.0,43150,1.0,8
2020,198.0,0.0,43150,1.0,8
2020,198.0,0.0,43150,2.0,8
2020,198.0,0.0,43150,3.0,8
2020,198.0,0.0,43150,2.0,8
2020,198.0,0.0,43150,3.0,8
2020,198.0,0.0,43150,2.0,8
2020,198.0,0.0,43150,2.0,8
2020,198.0,0.0,43150,2.0,8
2020,198.0,0.0,43150,1.0,8
2020,198.0,0.0,43150,1.0,8
2020,198.0,0.0,43150,5.0,8
2020,198.0,0.0,43150,3.0,8
2020,198.0,0.0,43150,2.0,8
2020,198.0,0.0,43150,2.0,8
2020,198.0,0.0,43150,1.0,8
2020,198.0,0.0,43150,2.0,8
2020,198.0,0.0,43150,3.0,8
2020,198.0,0.0,43150,2.0,8
2020,198.0,0.0,43150,3.0,8
2020,198.0,0.0,43150,2.0,8
2020,198.0,0.0,43150,1.0,8
2020,198.0,0.0,43150,2.0,8
2020,198.0,0.0,43150,2.0,8
2020,198.0,0.0,43150,3.0,8
2020,198.0,0.0,43150,2.0,8
2020,198.0,0.0,43150,2.0,8
2020,198.0,0.0,43150,2.0,8
2020,198.0,0.0,43150,3.0,8
2020,198.0,0.0,43150,1.0,8
2020,198.0,0.0,43150,3.0,8
2020,198.0,0.0,43150,5.0,8
2020,198.0,0.0,43150,2.0,8
2020,198.0,0.0,43150,1.0,8
2020,198.0,0.0,43150,5.0,8
2020,198.0,0.0,43150,5.0,8
2020,198.0,0.0,43150,2.0,8
2020,198.0,0.0,43150,1.0,8
2020,198.0,0.0,43150,2.0,8
2020,198.0,0.0,43150,2.0,8
2020,198.0,0.0,43150,2.0,8
2020,198.0,0.0,43150,1.0,8
2020,198.0,0.0,43150,1.0,8
2020,198.0,0.0,43150,2.0,8
2020,198.0,0.0,43150,2.0,8
2020,198.0,0.0,43150,2.0,8
2020,198.0,0.0,43150,5.0,8
2020,198.0,0.0,43150,2.0,8
2020,198.0,0.0,43150,2.0,8
2020,198.0,0.0,43150,5.0,8
2020,198.0,0.0,43150,1.0,8
2020,198.0,0.0,43150,3.0,8
2020,198.0,0.0,43150,3.0,8
2020,198.0,0.0,43150,3.0,8
2020,198.0,0.0,43150,1.0,8
2020,198.0,0.0,43150,1.0,8
2020,198.0,0.0,43150,1.0,8
2020,198.0,0.0,43150,3.0,8
2020,198.0,0.0,43150,2.0,8
2020,198.0,0.0,43150,5.0,8
2020,198.0,0.0,43150,3.0,8
2020,198.0,0.0,43150,1.0,8
2020,198.0,0.0,43150,3.0,8
2020,198.0,0.0,43150,3.0,8
2020,198.0,0.0,43150,2.0,8
2020,198.0,0.0,43150,5.0,8
2020,198.0,0.0,43150,2.0,8
2020,198.0,0.0,43150,2.0,8
2020,198.0,0.0,43150,1.0,8
2020,198.0,0.0,43150,3.0,8
2020,198.0,0.0,43150,3.0,8
2020,198.0,0.0,43150,3.0,8
2020,198.0,0.0,43150,3.0,8
2020,198.0,0.0,43150,2.0,8
2020,198.0,0.0,43150,2.0,8
2020,198.0,0.0,43150,2.0,8
2020,198.0,0.0,43150,3.0,8
2020,198.0,0.0,43150,3.0,8
2020,198.0,0.0,43150,2.0,8
2020,198.0,0.0,43150,3.0,8
2020,198.0,0.0,43150,1.0,8
2020,198.0,0.0,43150,2.0,8
2020,198.0,0.0,43150,3.0,8
2020,198.0,0.0,43150,1.0,8
2020,198.0,0.0,43150,2.0,8
2020,198.0,0.0,43150,2.0,8
2020,198.0,0.0,43150,2.0,8
2020,198.0,0.0,43150,2.0,8
2020,198.0,0.0,43150,1.0,8
2020,198.0,0.0,43150,3.0,8
2020,198.0,0.0,43150,2.0,8
2020,198.0,0.0,43150,3.0,8
2020,198.0,0.0,43150,2.0,8
2020,198.0,0.0,43150,2.0,8
2020,198.0,0.0,43150,3.0,8
2020,198.0,0.0,43150,2.0,8
2020,198.0,0.0,43150,3.0,8
2020,198.0,0.0,43150,3.0,8
2020,198.0,0.0,43150,3.0,8
2020,198.0,0.0,43150,3.0,8
2020,198.0,0.0,43150,2.0,8
2020,198.0,0.0,43150,2.0,8
2020,198.0,0.0,43150,1.0,8
2020,198.0,0.0,43150,3.0,8
2020,198.0,0.0,43150,3.0,8
2020,198.0,0.0,43150,1.0,8
2020,198.0,0.0,43150,2.0,8
2020,198.0,0.0,43150,3.0,8
2020,198.0,0.0,43150,3.0,8
2020,198.0,0.0,43150,3.0,8
2020,198.0,0.0,43150,2.0,8
2020,198.0,0.0,43150,3.0,8
2020,198.0,0.0,43150,1.0,8
2020,198.0,0.0,43150,2.0,8
2020,198.0,0.0,43150,3.0,8
2020,198.0,0.0,43150,2.0,8
2020,198.0,0.0,43150,3.0,8
2020,198.0,0.0,43150,3.0,8
2020,198.0,0.0,43150,3.0,8
2020,198.0,0.0,43150,2.0,8
2020,198.0,0.0,43150,2.0,8
2020,198.0,0.0,43150,3.0,8
2020,198.0,0.0,43150,3.0,8
2020,198.0,0.0,43150,1.0,8
2020,198.0,0.0,43150,3.0,8
2020,198.0,0.0,43150,3.0,8
2020,198.0,0.0,43150,2.0,8
2020,198.0,0.0,43150,5.0,8
2020,198.0,0.0,43150,1.0,8
2020,198.0,0.0,43150,2.0,8
2020,198.0,0.0,43150,3.0,8
2020,198.0,0.0,43150,3.0,8
2020,198.0,0.0,43150,5.0,8
2020,198.0,0.0,43150,1.0,8
2020,198.0,0.0,43150,5.0,8
2020,198.0,0.0,43150,3.0,8
2020,198.0,0.0,43150,1.0,8
2020,198.0,0.0,43150,3.0,8
2020,198.0,0.0,43150,2.0,8
2020,198.0,0.0,43150,2.0,8
2020,198.0,0.0,43150,2.0,8
2020,198.0,0.0,43150,2.0,8
2020,198.0,0.0,43150,2.0,8
2020,198.0,0.0,43150,2.0,8
2020,198.0,0.0,43150,2.0,8
2020,198.0,0.0,43150,2.0,8
2020,198.0,0.0,43150,5.0,8
2020,198.0,0.0,43150,2.0,8
2020,198.0,0.0,43150,3.0,8
2020,198.0,0.0,43150,3.0,8
2020,198.0,0.0,43150,5.0,8
2020,198.0,0.0,43150,3.0,8
2020,198.0,0.0,43150,2.0,8
2020,198.0,0.0,43150,2.0,8
2020,198.0,0.0,43150,1.0,8
2020,198.0,0.0,43150,2.0,8
2020,198.0,0.0,43150,2.0,8
2020,198.0,0.0,43150,2.0,8
2020,198.0,0.0,43150,2.0,8
2020,198.0,0.0,43150,5.0,8
2020,198.0,0.0,43150,2.0,8
2020,198.0,0.0,43150,1.0,8
2020,198.0,0.0,43150,2.0,8
2020,198.0,0.0,43150,1.0,8
2020,198.0,0.0,43150,3.0,8
2020,198.0,0.0,43150,3.0,8
2020,198.0,0.0,43150,5.0,8
2020,198.0,0.0,43150,2.0,8
2020,198.0,0.0,43150,5.0,8
2020,198.0,0.0,43150,2.0,8
2020,198.0,0.0,43150,1.0,8
2020,198.0,0.0,43150,2.0,8
2020,198.0,0.0,43150,3.0,8
2020,198.0,0.0,43150,2.0,8
2020,198.0,0.0,43150,5.0,8
2020,198.0,0.0,43150,2.0,8
2020,198.0,0.0,43150,1.0,8
2020,198.0,0.0,43150,2.0,8
2020,198.0,0.0,43150,3.0,8
2020,198.0,0.0,43150,3.0,8
2020,198.0,0.0,43150,3.0,8
2020,198.0,0.0,43150,2.0,8
2020,198.0,0.0,43150,2.0,8
2020,198.0,0.0,43150,2.0,8
2020,198.0,0.0,43150,2.0,8
2020,198.0,0.0,43150,2.0,8
2020,198.0,0.0,43150,3.0,8
2020,198.0,0.0,43150,2.0,8
2020,198.0,0.0,43150,3.0,8
2020,198.0,0.0,43150,3.0,8
2020,198.0,0.0,43150,1.0,8
2020,198.0,0.0,43150,2.0,8
2020,198.0,0.0,43150,3.0,8
2020,198.0,0.0,43150,3.0,8
2020,198.0,0.0,43150,2.0,8
2020,198.0,0.0,43150,1.0,8
2020,198.0,0.0,43150,3.0,8
2020,198.0,0.0,43150,2.0,8
2020,198.0,0.0,43150,2.0,8
2020,198.0,0.0,43150,2.0,8
2020,198.0,0.0,43150,2.0,8
2020,198.0,0.0,43150,5.0,8
2020,198.0,0.0,43150,2.0,8
2020,198.0,0.0,43150,1.0,8
2020,198.0,0.0,43150,1.0,8
2020,198.0,0.0,43150,2.0,8
2020,198.0,0.0,43150,2.0,8
2020,198.0,0.0,43150,3.0,8
2020,198.0,0.0,43150,2.0,8
2020,198.0,0.0,43150,3.0,8
2020,198.0,0.0,43150,2.0,8
2020,198.0,0.0,43150,2.0,8
2020,198.0,0.0,43150,3.0,8
2020,198.0,0.0,43150,2.0,8
2020,198.0,0.0,43150,2.0,8
2020,198.0,0.0,43150,2.0,8
2020,198.0,0.0,43150,1.0,8
2020,198.0,0.0,43150,3.0,8
2020,198.0,0.0,43150,2.0,8
2020,198.0,0.0,43150,2.0,8
2020,198.0,0.0,43150,3.0,8
2020,198.0,0.0,43150,3.0,8
2020,198.0,0.0,43150,1.0,8
2020,198.0,0.0,43150,2.0,8
2020,198.0,0.0,43150,1.0,8
2020,198.0,0.0,43150,2.0,8
2020,198.0,0.0,43150,2.0,8
2020,198.0,0.0,43150,2.0,8
2020,198.0,0.0,43150,2.0,8
2020,198.0,0.0,43150,2.0,8
2020,198.0,0.0,43150,3.0,8
2020,198.0,0.0,43150,1.0,8
2020,198.0,0.0,43150,3.0,8
2020,198.0,0.0,43150,2.0,8
2020,198.0,0.0,43150,2.0,8
2020,198.0,0.0,43150,3.0,8
2020,198.0,0.0,43150,2.0,8
2020,198.0,0.0,43150,3.0,8
2020,198.0,0.0,43150,1.0,8
2020,198.0,0.0,43150,2.0,8
2020,198.0,0.0,43150,3.0,8
2020,198.0,0.0,43150,2.0,8
2020,198.0,0.0,43150,1.0,8
2020,198.0,0.0,43150,1.0,8
2020,198.0,0.0,43150,2.0,8
2020,198.0,0.0,43150,2.0,8
2020,198.0,0.0,43150,5.0,8
2020,198.0,0.0,43150,2.0,8
2020,198.0,0.0,43150,3.0,8
2020,198.0,0.0,43150,2.0,8
2020,198.0,0.0,43150,2.0,8
2020,198.0,0.0,43150,2.0,8
2020,198.0,0.0,43150,2.0,8
2020,198.0,0.0,43150,2.0,8
2020,198.0,0.0,43150,3.0,8
2020,198.0,0.0,43150,3.0,8
2020,198.0,0.0,43150,2.0,8
2020,198.0,0.0,43150,2.0,8
2020,198.0,0.0,43150,5.0,8
2020,198.0,0.0,43150,3.0,8
2020,198.0,0.0,43150,3.0,8
2020,198.0,0.0,43150,2.0,8
2020,198.0,0.0,43150,2.0,8
2020,198.0,0.0,43150,3.0,8
2020,198.0,0.0,43150,2.0,8
2020,198.0,0.0,43150,3.0,8
2020,198.0,0.0,43150,1.0,8
2020,198.0,0.0,43150,2.0,8
2020,198.0,0.0,43150,2.0,8
2020,198.0,0.0,43150,3.0,8
2020,198.0,0.0,43150,2.0,8
2020,198.0,0.0,43150,2.0,8
2020,198.0,0.0,43150,3.0,8
2020,198.0,0.0,43150,3.0,8
2020,198.0,0.0,43150,3.0,8
2020,198.0,0.0,43150,2.0,8
2020,198.0,0.0,43150,3.0,8
2020,198.0,0.0,43150,2.0,8
2020,198.0,0.0,43150,2.0,8
2020,198.0,0.0,43150,2.0,8
2020,198.0,0.0,43150,2.0,8
2020,198.0,0.0,43150,1.0,8
2020,198.0,0.0,43150,2.0,8
2020,198.0,0.0,43150,5.0,8
2020,198.0,0.0,43150,3.0,8
2020,198.0,0.0,43150,3.0,8
2020,198.0,0.0,43150,2.0,8
2020,198.0,0.0,43150,5.0,8
2020,198.0,0.0,43150,3.0,8
2020,198.0,0.0,43150,2.0,8
2020,198.0,0.0,43150,2.0,8
2020,198.0,0.0,43150,2.0,8
2020,198.0,0.0,43150,5.0,8
2020,198.0,0.0,43150,2.0,8
2020,198.0,0.0,43150,5.0,8
2020,198.0,0.0,43150,1.0,8
2020,198.0,0.0,43150,2.0,8
2020,198.0,0.0,43150,1.0,8
2020,198.0,0.0,43150,2.0,8
2020,198.0,0.0,43150,3.0,8
2020,198.0,0.0,43150,1.0,8
2020,198.0,0.0,43150,2.0,8
2020,198.0,0.0,43150,3.0,8
2020,198.0,0.0,43150,3.0,8
2020,198.0,0.0,43150,3.0,8
2020,198.0,0.0,43150,2.0,8
2020,198.0,0.0,43150,2.0,8
2020,198.0,0.0,43150,3.0,8
2020,198.0,0.0,43150,3.0,8
2020,198.0,0.0,43150,3.0,8
2020,198.0,0.0,43150,3.0,8
2020,198.0,0.0,43150,2.0,8
2020,198.0,0.0,43150,2.0,8
2020,198.0,0.0,43150,1.0,8
2020,198.0,0.0,43150,3.0,8
2020,198.0,0.0,43150,3.0,8
2020,198.0,0.0,43150,2.0,8
2020,198.0,0.0,43150,2.0,8
2020,198.0,0.0,43150,2.0,8
2020,198.0,0.0,43150,2.0,8
2020,198.0,0.0,43150,3.0,8
2020,198.0,0.0,43150,2.0,8
2020,198.0,0.0,43150,2.0,8
2020,198.0,0.0,43150,5.0,8
2020,198.0,0.0,43150,3.0,8
2020,198.0,0.0,43150,1.0,8
2020,198.0,0.0,43150,2.0,8
2020,198.0,0.0,43150,2.0,8
2020,198.0,0.0,43150,2.0,8
2020,198.0,0.0,43150,1.0,8
2020,198.0,0.0,43150,1.0,8
2020,198.0,0.0,43150,1.0,8
2020,198.0,0.0,43150,3.0,8
2020,198.0,0.0,43150,3.0,8
2020,198.0,0.0,43150,2.0,8
2020,198.0,0.0,43150,3.0,8
2020,198.0,0.0,43150,2.0,8
2020,198.0,0.0,43150,2.0,8
2020,198.0,0.0,43150,1.0,8
2020,198.0,0.0,43150,3.0,8
2020,198.0,0.0,43150,2.0,8
2020,198.0,0.0,43150,2.0,8
2020,198.0,0.0,43150,2.0,8
2020,198.0,0.0,43150,3.0,8
2020,198.0,0.0,43150,3.0,8
2020,198.0,0.0,43150,2.0,8
2020,198.0,0.0,43150,3.0,8
2020,198.0,0.0,43150,2.0,8
2020,198.0,0.0,43150,2.0,8
2020,198.0,0.0,43150,3.0,8
2020,198.0,0.0,43150,2.0,8
2020,198.0,0.0,43150,2.0,8
2020,198.0,0.0,43150,1.0,8
2020,198.0,0.0,43150,1.0,8
2020,198.0,0.0,43150,1.0,8
2020,198.0,0.0,43150,3.0,8
2020,198.0,0.0,43150,2.0,8
2020,198.0,0.0,43150,2.0,8
2020,198.0,0.0,43150,1.0,8
2020,198.0,0.0,43150,3.0,8
2020,198.0,0.0,43150,3.0,8
2020,198.0,0.0,43150,2.0,8
2020,198.0,0.0,43150,1.0,8
2020,198.0,0.0,43150,1.0,8
2020,198.0,0.0,43150,1.0,8
2020,198.0,0.0,43150,2.0,8
2020,198.0,0.0,43150,1.0,8
2020,198.0,0.0,43150,1.0,8
2020,198.0,0.0,43150,2.0,8
2020,198.0,0.0,43150,2.0,8
2020,198.0,0.0,43150,3.0,8
2020,198.0,0.0,43150,3.0,8
2020,198.0,0.0,43150,2.0,8
2020,198.0,0.0,43150,3.0,8
2020,198.0,0.0,43150,3.0,8
2020,198.0,0.0,43150,2.0,8
2020,198.0,0.0,43150,2.0,8
2020,198.0,0.0,43150,3.0,8
2020,198.0,0.0,43150,1.0,8
2020,198.0,0.0,43150,3.0,8
2020,198.0,0.0,43150,2.0,8
2020,198.0,0.0,43150,1.0,8
2020,198.0,0.0,43150,3.0,8
2020,198.0,0.0,43150,2.0,8
2020,198.0,0.0,43150,2.0,8
2020,198.0,0.0,43150,2.0,8
2020,198.0,0.0,43150,2.0,8
2020,198.0,0.0,43150,2.0,8
2020,198.0,0.0,43150,1.0,8
2020,198.0,0.0,43150,5.0,8
2020,198.0,0.0,43150,2.0,8
2020,198.0,0.0,43150,1.0,8
2020,198.0,0.0,43150,5.0,8
2020,198.0,0.0,43150,2.0,8
2020,198.0,0.0,43150,2.0,8
2020,198.0,0.0,43150,3.0,8
2020,198.0,0.0,43150,2.0,8
2020,198.0,0.0,43150,6.0,8
2020,198.0,0.0,43150,1.0,8
2020,198.0,0.0,43150,3.0,8
2020,198.0,0.0,43150,3.0,8
2020,198.0,0.0,43150,3.0,8
2020,198.0,0.0,43150,3.0,8
2020,198.0,0.0,43150,3.0,8
2020,198.0,0.0,43150,2.0,8
2020,198.0,0.0,43150,5.0,8
2020,198.0,0.0,43150,2.0,8
2020,198.0,0.0,43150,5.0,8
2020,198.0,0.0,43150,2.0,8
2020,198.0,0.0,43150,3.0,8
2020,198.0,0.0,43150,2.0,8
2020,198.0,0.0,43150,5.0,8
2020,198.0,0.0,43150,2.0,8
2020,198.0,0.0,43150,2.0,8
2020,198.0,0.0,43150,2.0,8
2020,198.0,0.0,43150,1.0,8
2020,198.0,0.0,43150,2.0,8
2020,198.0,0.0,43150,3.0,8
2020,198.0,0.0,43150,3.0,8
2020,198.0,0.0,43150,5.0,8
2020,198.0,0.0,43150,1.0,8
2020,198.0,0.0,43150,2.0,8
2020,198.0,0.0,43150,3.0,8
2020,198.0,0.0,43150,3.0,8
2020,198.0,0.0,43150,3.0,8
2020,198.0,0.0,43150,3.0,8
2020,198.0,0.0,43150,2.0,8
2020,198.0,0.0,43150,3.0,8
2020,198.0,0.0,43150,3.0,8
2020,198.0,0.0,43150,2.0,8
2020,198.0,0.0,43150,2.0,8
2020,198.0,0.0,43150,2.0,8
2020,198.0,0.0,43150,1.0,8
2020,198.0,0.0,43150,3.0,8
2020,198.0,0.0,43150,3.0,8
2020,198.0,0.0,43150,3.0,8
2020,198.0,0.0,43150,3.0,8
2020,198.0,0.0,43150,2.0,8
2021,244.0,0.0,26350,1.0,8
2021,198.0,0.0,48270,3.0,7
2021,198.0,0.0,48270,3.0,7
2021,198.0,0.0,48270,2.0,8
2021,198.0,0.0,48270,2.0,7
2021,198.0,0.0,48270,3.0,7
2021,198.0,0.0,48270,4.0,7
2021,198.0,0.0,48270,3.0,7
2021,198.0,0.0,48270,2.0,7
2021,198.0,0.0,48270,3.0,7
2021,198.0,0.0,48270,2.0,7
2021,198.0,0.0,48270,2.0,7
2021,198.0,0.0,48270,2.0,7
2021,198.0,0.0,48270,3.0,7
2021,198.0,0.0,48270,3.0,7
2021,198.0,0.0,48270,2.0,7
2021,198.0,0.0,48270,5.0,7
2021,198.0,0.0,48270,4.0,7
2021,198.0,0.0,48270,3.0,7
2021,198.0,0.0,48270,4.0,7
2021,198.0,0.0,48270,3.0,7
2021,198.0,0.0,48270,3.0,7
2021,198.0,0.0,48270,3.0,7
2021,198.0,0.0,48270,3.0,7
2021,198.0,0.0,48270,4.0,7
2021,198.0,0.0,48270,2.0,8
2021,198.0,0.0,48270,2.0,7
2021,198.0,0.0,48270,3.0,7
2021,198.0,0.0,48270,2.0,7
2021,198.0,0.0,48270,3.0,7
2021,198.0,0.0,48270,3.0,7
2021,198.0,0.0,48270,3.0,7
2021,198.0,0.0,48270,3.0,7
2021,198.0,0.0,48270,6.0,7
2021,198.0,0.0,48270,5.0,7
2021,198.0,0.0,48270,3.0,7
2021,198.0,0.0,48270,2.0,7
2021,198.0,0.0,48270,2.0,7
2021,198.0,0.0,48270,2.0,7
2021,198.0,0.0,48270,3.0,7
2021,198.0,0.0,48270,2.0,8
2021,198.0,0.0,48270,3.0,7
2021,198.0,0.0,48270,3.0,7
2021,198.0,0.0,48270,2.0,7
2021,198.0,0.0,48270,2.0,7
2021,198.0,0.0,48270,3.0,7
2021,198.0,0.0,48270,3.0,7
2021,198.0,0.0,48270,2.0,7
2021,198.0,0.0,48270,3.0,7
2021,198.0,0.0,48270,3.0,7
2021,198.0,0.0,48270,2.0,7
2021,198.0,0.0,48270,4.0,7
2021,198.0,0.0,48270,2.0,7
2021,198.0,0.0,48270,2.0,8
2021,198.0,0.0,48270,2.0,7
2021,198.0,0.0,48270,3.0,7
2021,198.0,0.0,48270,3.0,7
2021,198.0,0.0,48270,2.0,7
2021,198.0,0.0,48270,3.0,7
2021,198.0,0.0,48270,2.0,7
2021,198.0,0.0,48270,2.0,8
2021,198.0,0.0,48270,2.0,7
2021,198.0,0.0,48270,3.0,7
2021,198.0,0.0,48270,3.0,7
2021,198.0,0.0,48270,2.0,7
2021,198.0,0.0,48270,6.0,7
2021,198.0,0.0,48270,4.0,7
2021,198.0,0.0,48270,4.0,7
2021,198.0,0.0,48270,2.0,7
2021,198.0,0.0,48270,4.0,7
2021,198.0,0.0,48270,2.0,7
2021,198.0,0.0,48270,5.0,7
2021,198.0,0.0,48270,4.0,7
2021,198.0,0.0,48270,3.0,7
2021,198.0,0.0,48270,3.0,7
2021,198.0,0.0,48270,2.0,7
2021,198.0,0.0,48270,3.0,7
2021,198.0,0.0,48270,2.0,8
2021,198.0,0.0,48270,2.0,8
2021,198.0,0.0,48270,2.0,8
2021,198.0,0.0,48270,2.0,7
2021,198.0,0.0,48270,2.0,7
2021,198.0,0.0,48270,3.0,7
2021,198.0,0.0,48270,3.0,7
2021,198.0,0.0,48270,2.0,7
2021,198.0,0.0,48270,2.0,7
2021,198.0,0.0,48270,3.0,7
2021,198.0,0.0,48270,2.0,8
2021,198.0,0.0,48270,3.0,7
2021,198.0,0.0,48270,2.0,7
2021,198.0,0.0,48270,2.0,7
2021,198.0,0.0,48270,2.0,7
2021,198.0,0.0,48270,2.0,7
2021,198.0,0.0,48270,2.0,7
2021,198.0,0.0,48270,2.0,7
2021,198.0,0.0,48270,2.0,7
2021,198.0,0.0,48270,2.0,7
2021,198.0,0.0,48270,2.0,7
2021,198.0,0.0,48270,2.0,9
2021,198.0,0.0,48270,2.0,7
2021,198.0,0.0,48270,2.0,8
2021,198.0,0.0,48270,3.0,7
2021,198.0,0.0,48270,3.0,7
2021,198.0,0.0,48270,6.0,7
2021,198.0,0.0,48270,2.0,7
2021,198.0,0.0,48270,4.0,7
2021,198.0,0.0,48270,3.0,7
2021,198.0,0.0,48270,3.0,7
2021,198.0,0.0,48270,3.0,7
2021,198.0,0.0,48270,3.0,7
2021,198.0,0.0,48270,2.0,7
2021,198.0,0.0,48270,3.0,7
2021,198.0,0.0,48270,3.0,7
2021,198.0,0.0,48270,2.0,7
2021,198.0,0.0,48270,2.0,7
2021,198.0,0.0,48270,3.0,7
2021,198.0,0.0,48270,2.0,7
2021,198.0,0.0,48270,3.0,7
2021,198.0,0.0,48270,3.0,7
2021,198.0,0.0,48270,4.0,7
2021,198.0,0.0,48270,2.0,7
2021,198.0,0.0,48270,2.0,7
2021,198.0,0.0,48270,2.0,7
2021,198.0,0.0,48270,4.0,7
2021,198.0,0.0,48270,3.0,7
2021,198.0,0.0,48270,3.0,7
2021,198.0,0.0,48270,2.0,7
2021,198.0,0.0,48270,2.0,7
2021,198.0,0.0,48270,2.0,8
2021,198.0,0.0,48270,2.0,7
2021,198.0,0.0,48270,2.0,8
2021,198.0,0.0,48270,2.0,8
2021,198.0,0.0,48270,2.0,7
2021,198.0,0.0,48270,2.0,7
2021,198.0,0.0,48270,2.0,7
2021,198.0,0.0,48270,3.0,7
2021,198.0,0.0,48270,2.0,7
2021,198.0,0.0,48270,2.0,7
2021,198.0,0.0,48270,2.0,7
2021,198.0,0.0,48270,2.0,7
2021,198.0,0.0,48270,4.0,7
2021,198.0,0.0,48270,3.0,7
2021,198.0,0.0,48270,3.0,7
2021,198.0,0.0,48270,3.0,7
2021,198.0,0.0,48270,3.0,7
2021,198.0,0.0,48270,3.0,7
2021,198.0,0.0,48270,3.0,9
2021,198.0,0.0,48270,2.0,7
2021,198.0,0.0,48270,3.0,7
2021,198.0,0.0,48270,2.0,7
2021,198.0,0.0,48270,3.0,7
2021,198.0,0.0,48270,2.0,7
2021,198.0,0.0,48270,2.0,7
2021,198.0,0.0,48270,3.0,7
2021,198.0,0.0,48270,4.0,7
2021,198.0,0.0,48270,4.0,7
2021,198.0,0.0,48270,5.0,7
2021,198.0,0.0,48270,4.0,7
2021,198.0,0.0,48270,2.0,7
2021,198.0,0.0,48270,2.0,7
2021,198.0,0.0,48270,3.0,7
2021,198.0,0.0,48270,2.0,8
2021,198.0,0.0,48270,3.0,7
2021,198.0,0.0,48270,2.0,7
2021,198.0,0.0,48270,4.0,7
2021,198.0,0.0,48270,2.0,8
2021,198.0,0.0,48270,3.0,7
2021,198.0,0.0,48270,2.0,7
2021,198.0,0.0,48270,2.0,7
2021,198.0,0.0,48270,2.0,7
2021,198.0,0.0,48270,5.0,7
2021,198.0,0.0,48310,1.0,8
2021,198.0,0.0,48310,2.0,8
2021,198.0,0.0,48310,1.0,8
2021,198.0,0.0,48310,3.0,8
2021,198.0,0.0,48310,2.0,8
2021,198.0,0.0,48310,3.0,8
2021,198.0,0.0,48310,1.0,8
2021,198.0,0.0,48310,3.0,8
2021,198.0,0.0,48310,2.0,8
2021,198.0,0.0,48310,3.0,8
2021,198.0,0.0,48310,2.0,8
2021,198.0,0.0,48270,3.0,7
2021,198.0,0.0,48270,3.0,7
2021,198.0,0.0,48270,2.0,8
2021,198.0,0.0,48270,2.0,7
2021,198.0,0.0,48270,3.0,7
2021,198.0,0.0,48270,4.0,7
2021,198.0,0.0,48270,3.0,7
2021,198.0,0.0,48270,2.0,7
2021,198.0,0.0,48270,3.0,7
2021,198.0,0.0,48270,2.0,7
2021,198.0,0.0,48270,2.0,7
2021,198.0,0.0,48270,2.0,7
2021,198.0,0.0,48270,3.0,7
2021,198.0,0.0,48270,3.0,7
2021,198.0,0.0,48270,2.0,7
2021,198.0,0.0,48270,5.0,7
2021,198.0,0.0,48270,4.0,7
2021,198.0,0.0,48270,3.0,7
2021,198.0,0.0,48270,4.0,7
2021,198.0,0.0,48270,3.0,7
2021,198.0,0.0,48270,3.0,7
2021,198.0,0.0,48270,3.0,7
2021,198.0,0.0,48270,3.0,7
2021,198.0,0.0,48270,4.0,7
2021,198.0,0.0,48270,2.0,8
2021,198.0,0.0,48270,2.0,7
2021,198.0,0.0,48270,3.0,7
2021,198.0,0.0,48270,2.0,7
2021,198.0,0.0,48270,3.0,7
2021,198.0,0.0,48270,3.0,7
2021,198.0,0.0,48270,3.0,7
2021,198.0,0.0,48270,3.0,7
2021,198.0,0.0,48270,6.0,7
2021,198.0,0.0,48270,5.0,7
2021,198.0,0.0,48270,3.0,7
2021,198.0,0.0,48270,2.0,7
2021,198.0,0.0,48270,2.0,7
2021,198.0,0.0,48270,2.0,7
2021,198.0,0.0,48270,3.0,7
2021,198.0,0.0,48270,2.0,8
2021,198.0,0.0,48270,3.0,7
2021,198.0,0.0,48270,3.0,7
2021,198.0,0.0,48270,2.0,7
2021,198.0,0.0,48270,2.0,7
2021,198.0,0.0,48270,3.0,7
2021,198.0,0.0,48270,3.0,7
2021,198.0,0.0,48270,2.0,7
2021,198.0,0.0,48270,3.0,7
2021,198.0,0.0,48270,3.0,7
2021,198.0,0.0,48270,2.0,7
2021,198.0,0.0,48270,4.0,7
2021,198.0,0.0,48270,2.0,7
2021,198.0,0.0,48270,2.0,8
2021,198.0,0.0,48270,2.0,7
2021,198.0,0.0,48270,3.0,7
2021,198.0,0.0,48270,3.0,7
2021,198.0,0.0,48270,2.0,7
2021,198.0,0.0,48270,3.0,7
2021,198.0,0.0,48270,2.0,7
2021,198.0,0.0,48270,2.0,8
2021,198.0,0.0,48270,2.0,7
2021,198.0,0.0,48270,3.0,7
2021,198.0,0.0,48270,3.0,7
2021,198.0,0.0,48270,2.0,7
2021,198.0,0.0,48270,6.0,7
2021,198.0,0.0,48270,4.0,7
2021,198.0,0.0,48270,4.0,7
2021,198.0,0.0,48270,2.0,7
2021,198.0,0.0,48270,4.0,7
2021,198.0,0.0,48270,2.0,7
2021,198.0,0.0,48270,5.0,7
2021,198.0,0.0,48270,4.0,7
2021,198.0,0.0,48270,3.0,7
2021,198.0,0.0,48270,3.0,7
2021,198.0,0.0,48270,2.0,7
2021,198.0,0.0,48270,3.0,7
2021,198.0,0.0,48270,2.0,8
2021,198.0,0.0,48270,2.0,8
2021,198.0,0.0,48270,2.0,8
2021,198.0,0.0,48270,2.0,7
2021,198.0,0.0,48270,2.0,7
2021,198.0,0.0,48270,3.0,7
2021,198.0,0.0,48270,3.0,7
2021,198.0,0.0,48270,2.0,7
2021,198.0,0.0,48270,2.0,7
2021,198.0,0.0,48270,3.0,7
2021,198.0,0.0,48270,2.0,8
2021,198.0,0.0,48270,3.0,7
2021,198.0,0.0,48270,2.0,7
2021,198.0,0.0,48270,2.0,7
2021,198.0,0.0,48270,2.0,7
2021,198.0,0.0,48270,2.0,7
2021,198.0,0.0,48270,2.0,7
2021,198.0,0.0,48270,2.0,7
2021,198.0,0.0,48270,2.0,7
2021,198.0,0.0,48270,2.0,7
2021,198.0,0.0,48270,2.0,7
2021,198.0,0.0,48270,2.0,9
2021,198.0,0.0,48270,2.0,7
2021,198.0,0.0,48270,2.0,8
2021,198.0,0.0,48270,3.0,7
2021,198.0,0.0,48270,3.0,7
2021,198.0,0.0,48270,6.0,7
2021,198.0,0.0,48270,2.0,7
2021,198.0,0.0,48270,4.0,7
2021,198.0,0.0,48270,3.0,7
2021,198.0,0.0,48270,3.0,7
2021,198.0,0.0,48270,3.0,7
2021,198.0,0.0,48270,3.0,7
2021,198.0,0.0,48270,2.0,7
2021,198.0,0.0,48270,3.0,7
2021,198.0,0.0,48270,3.0,7
2021,198.0,0.0,48270,2.0,7
2021,198.0,0.0,48270,2.0,7
2021,198.0,0.0,48270,3.0,7
2021,198.0,0.0,48270,2.0,7
2021,198.0,0.0,48270,3.0,7
2021,198.0,0.0,48270,3.0,7
2021,198.0,0.0,48270,4.0,7
2021,198.0,0.0,48270,2.0,7
2021,198.0,0.0,48270,2.0,7
2021,198.0,0.0,48270,2.0,7
2021,198.0,0.0,48270,4.0,7
2021,198.0,0.0,48270,3.0,7
2021,198.0,0.0,48270,3.0,7
2021,198.0,0.0,48270,2.0,7
2021,198.0,0.0,48270,2.0,7
2021,198.0,0.0,48270,2.0,8
2021,198.0,0.0,48270,2.0,7
2021,198.0,0.0,48270,2.0,8
2021,198.0,0.0,48270,2.0,8
2021,198.0,0.0,48270,2.0,7
2021,198.0,0.0,48270,2.0,7
2021,198.0,0.0,48270,2.0,7
2021,198.0,0.0,48270,3.0,7
2021,198.0,0.0,48270,2.0,7
2021,198.0,0.0,48270,2.0,7
2021,198.0,0.0,48270,2.0,7
2021,198.0,0.0,48270,2.0,7
2021,198.0,0.0,48270,4.0,7
2021,198.0,0.0,48270,3.0,7
2021,198.0,0.0,48270,3.0,7
2021,198.0,0.0,48270,3.0,7
2021,198.0,0.0,48270,3.0,7
2021,198.0,0.0,48270,3.0,7
2021,198.0,0.0,48270,3.0,9
2021,198.0,0.0,48270,2.0,7
2021,198.0,0.0,48270,3.0,7
2021,198.0,0.0,48270,2.0,7
2021,198.0,0.0,48270,3.0,7
2021,198.0,0.0,48270,2.0,7
2021,198.0,0.0,48270,2.0,7
2021,198.0,0.0,48270,3.0,7
2021,198.0,0.0,48270,4.0,7
2021,198.0,0.0,48270,4.0,7
2021,198.0,0.0,48270,5.0,7
2021,198.0,0.0,48270,4.0,7
2021,198.0,0.0,48270,2.0,7
2021,198.0,0.0,48270,2.0,7
2021,198.0,0.0,48270,3.0,7
2021,198.0,0.0,48270,2.0,8
2021,198.0,0.0,48270,3.0,7
2021,198.0,0.0,48270,2.0,7
2021,198.0,0.0,48270,4.0,7
2021,198.0,0.0,48270,2.0,8
2021,198.0,0.0,48270,3.0,7
2021,198.0,0.0,48270,2.0,7
2021,198.0,0.0,48270,2.0,7
2021,198.0,0.0,48270,2.0,7
2021,198.0,0.0,48270,5.0,7
2019,198.0,0.0,47840,1.0,10
2019,198.0,0.0,47840,1.0,10
2019,198.0,0.0,47840,1.0,10
2019,198.0,0.0,47840,1.0,10
2019,198.0,0.0,47840,2.0,10
2019,198.0,0.0,47840,2.0,10
2019,198.0,0.0,47840,2.0,10
2019,198.0,0.0,47840,2.0,10
2019,198.0,0.0,47840,2.0,10
2019,198.0,0.0,47840,1.0,10
2019,198.0,0.0,47840,1.0,10
2019,198.0,0.0,47840,3.0,10
2019,198.0,0.0,47840,2.0,10
2019,198.0,0.0,47840,2.0,10
2019,198.0,0.0,47840,2.0,10
2019,198.0,0.0,47840,2.0,10
2019,198.0,0.0,47840,2.0,10
2019,198.0,0.0,47840,1.0,10
2019,198.0,0.0,47840,2.0,10
2019,198.0,0.0,47840,3.0,10
2019,198.0,0.0,47840,2.0,10
2019,198.0,0.0,47840,1.0,10
2019,198.0,0.0,47840,2.0,10
2019,198.0,0.0,47840,2.0,10
2019,198.0,0.0,47840,2.0,10
2019,198.0,0.0,47840,3.0,10
2019,198.0,0.0,47840,1.0,10
2019,198.0,0.0,47840,2.0,10
2019,198.0,0.0,47840,2.0,10
2019,198.0,0.0,47840,2.0,10
2019,198.0,0.0,47840,2.0,10
2019,198.0,0.0,47840,1.0,10
2019,198.0,0.0,47840,2.0,10
2019,198.0,0.0,47840,1.0,10
2019,198.0,0.0,47840,2.0,10
2019,198.0,0.0,47840,1.0,10
2019,198.0,0.0,47840,2.0,10
2019,198.0,0.0,47840,2.0,10
2019,198.0,0.0,47840,2.0,10
2019,198.0,0.0,47840,1.0,10
2019,198.0,0.0,47840,1.0,10
2019,198.0,0.0,47840,2.0,10
2019,198.0,0.0,47840,1.0,10
2019,198.0,0.0,47840,2.0,10
2020,198.0,0.0,48890,3.0,8
2020,198.0,0.0,48890,2.0,8
2020,198.0,0.0,48890,2.0,8
2020,198.0,0.0,48890,3.0,8
2020,198.0,0.0,48890,2.0,8
2020,198.0,0.0,48890,3.0,8
2020,198.0,0.0,48890,6.0,8
2020,198.0,0.0,48890,3.0,8
2020,198.0,0.0,48890,5.0,8
2020,198.0,0.0,48890,3.0,8
2020,198.0,0.0,48890,3.0,8
2020,198.0,0.0,48890,3.0,8
2020,198.0,0.0,48890,2.0,8
2020,198.0,0.0,48890,2.0,8
2020,198.0,0.0,48890,2.0,8
2020,198.0,0.0,48890,5.0,8
2020,198.0,0.0,48890,3.0,8
2020,198.0,0.0,48890,3.0,8
2020,198.0,0.0,48890,5.0,8
2020,198.0,0.0,48890,2.0,8
2020,198.0,0.0,48890,2.0,8
2020,198.0,0.0,48890,2.0,8
2020,198.0,0.0,48890,5.0,8
2020,198.0,0.0,48890,3.0,8
2020,198.0,0.0,48890,2.0,8
2020,198.0,0.0,48890,3.0,8
2020,198.0,0.0,48890,3.0,8
2020,198.0,0.0,48890,5.0,8
2020,198.0,0.0,48890,6.0,8
2020,198.0,0.0,48890,5.0,8
2020,198.0,0.0,48890,3.0,8
2020,198.0,0.0,48890,2.0,8
2020,198.0,0.0,48890,3.0,8
2020,198.0,0.0,48890,2.0,8
2020,198.0,0.0,48890,2.0,8
2020,198.0,0.0,48890,5.0,8
2020,198.0,0.0,48890,3.0,8
2020,198.0,0.0,48890,3.0,8
2020,198.0,0.0,48890,2.0,8
2020,198.0,0.0,48890,2.0,8
2020,198.0,0.0,48890,2.0,8
2020,198.0,0.0,48890,2.0,8
2020,198.0,0.0,48890,5.0,8
2020,198.0,0.0,48890,3.0,8
2020,198.0,0.0,48890,2.0,8
2020,198.0,0.0,48890,2.0,8
2020,198.0,0.0,48890,2.0,8
2020,198.0,0.0,48890,2.0,8
2020,198.0,0.0,48890,2.0,8
2020,198.0,0.0,48890,5.0,8
2020,198.0,0.0,48890,2.0,8
2020,198.0,0.0,48890,2.0,8
2020,198.0,0.0,48890,2.0,8
2020,198.0,0.0,48890,6.0,8
2020,198.0,0.0,48890,5.0,8
2020,198.0,0.0,48890,5.0,8
2020,198.0,0.0,48890,5.0,8
2020,198.0,0.0,48890,2.0,8
2020,198.0,0.0,48890,2.0,8
2020,198.0,0.0,48890,5.0,8
2020,198.0,0.0,48890,2.0,8
2020,198.0,0.0,48890,3.0,8
2020,198.0,0.0,48890,2.0,8
2020,198.0,0.0,48890,2.0,8
2020,198.0,0.0,48890,5.0,8
2020,198.0,0.0,48890,2.0,8
2020,198.0,0.0,48890,3.0,8
2020,198.0,0.0,48890,2.0,8
2020,198.0,0.0,48890,3.0,8
2020,198.0,0.0,48890,2.0,8
2020,198.0,0.0,48890,2.0,8
2020,198.0,0.0,48890,2.0,8
2020,198.0,0.0,48890,5.0,8
2020,198.0,0.0,48890,5.0,8
2020,198.0,0.0,48890,2.0,8
2020,198.0,0.0,48890,3.0,8
2020,198.0,0.0,48890,6.0,8
2020,198.0,0.0,48890,6.0,8
2020,198.0,0.0,48890,6.0,8
2020,198.0,0.0,48890,3.0,8
2020,198.0,0.0,48890,3.0,8
2020,198.0,0.0,48890,2.0,8
2020,198.0,0.0,48890,3.0,8
2020,198.0,0.0,48890,2.0,8
2020,198.0,0.0,48890,2.0,8
2020,198.0,0.0,48890,5.0,8
2020,198.0,0.0,48890,5.0,8
2020,198.0,0.0,48890,6.0,8
2020,198.0,0.0,48890,3.0,8
2020,198.0,0.0,48890,6.0,8
2020,198.0,0.0,48890,5.0,8
2020,198.0,0.0,48890,5.0,8
2020,198.0,0.0,48890,2.0,8
2020,198.0,0.0,48890,6.0,8
2020,198.0,0.0,48890,5.0,8
2020,198.0,0.0,48890,5.0,8
2020,198.0,0.0,48890,6.0,8
2020,198.0,0.0,48890,6.0,8
2020,198.0,0.0,48890,2.0,8
2020,198.0,0.0,48890,2.0,8
2020,198.0,0.0,48890,2.0,8
2020,198.0,0.0,48890,6.0,8
2020,198.0,0.0,48890,2.0,8
2020,198.0,0.0,48890,2.0,8
2020,198.0,0.0,48890,6.0,8
2020,198.0,0.0,48890,2.0,8
2020,198.0,0.0,48890,2.0,8
2020,198.0,0.0,48890,5.0,8
2020,198.0,0.0,48890,6.0,8
2020,198.0,0.0,48890,2.0,8
2020,198.0,0.0,48890,5.0,8
2020,198.0,0.0,48890,2.0,8
2020,198.0,0.0,48890,2.0,8
2020,198.0,0.0,48890,5.0,8
2020,198.0,0.0,48890,6.0,8
2020,198.0,0.0,48890,3.0,8
2020,198.0,0.0,48890,3.0,8
2020,198.0,0.0,48890,2.0,8
2020,198.0,0.0,48890,3.0,8
2020,198.0,0.0,48890,5.0,8
2020,198.0,0.0,48890,5.0,8
2020,198.0,0.0,48890,3.0,8
2020,198.0,0.0,48890,6.0,8
2020,198.0,0.0,48890,6.0,8
2020,198.0,0.0,48890,6.0,8
2020,198.0,0.0,48890,2.0,8
2020,198.0,0.0,48890,5.0,8
2020,198.0,0.0,48890,2.0,8
2020,198.0,0.0,48890,6.0,8
2020,198.0,0.0,48890,2.0,8
2020,198.0,0.0,48890,3.0,8
2020,198.0,0.0,48890,2.0,8
2020,198.0,0.0,48890,5.0,8
2020,198.0,0.0,48890,5.0,8
2020,198.0,0.0,48890,5.0,8
2020,198.0,0.0,48890,2.0,8
2020,198.0,0.0,48890,3.0,8
2020,198.0,0.0,48890,3.0,8
2020,198.0,0.0,48890,2.0,8
2020,198.0,0.0,48890,2.0,8
2020,198.0,0.0,48890,5.0,8
2020,198.0,0.0,48890,6.0,8
2020,198.0,0.0,48890,6.0,8
2020,198.0,0.0,48890,2.0,8
2020,198.0,0.0,48890,3.0,8
2020,198.0,0.0,48890,3.0,8
2020,198.0,0.0,48890,2.0,8
2020,198.0,0.0,48890,3.0,8
2020,198.0,0.0,48890,2.0,8
2020,198.0,0.0,48890,3.0,8
2020,198.0,0.0,48890,3.0,8
2020,198.0,0.0,48890,5.0,8
2020,198.0,0.0,48890,5.0,8
2020,198.0,0.0,48890,2.0,8
2020,198.0,0.0,48890,6.0,8
2020,198.0,0.0,48890,6.0,8
2020,198.0,0.0,48890,3.0,8
2020,198.0,0.0,48890,6.0,8
2020,198.0,0.0,48890,6.0,8
2020,198.0,0.0,48890,2.0,8
2020,198.0,0.0,48890,2.0,8
2020,198.0,0.0,48890,5.0,8
2020,198.0,0.0,48890,2.0,8
2020,198.0,0.0,48890,5.0,8
2020,198.0,0.0,48890,3.0,8
2020,198.0,0.0,48890,2.0,8
2020,198.0,0.0,48890,2.0,8
2020,198.0,0.0,48890,3.0,8
2020,198.0,0.0,48890,2.0,8
2020,198.0,0.0,48890,2.0,8
2020,198.0,0.0,48890,6.0,8
2020,198.0,0.0,48890,3.0,8
2020,198.0,0.0,48890,2.0,8
2020,198.0,0.0,48890,2.0,8
2020,198.0,0.0,48890,2.0,8
2020,198.0,0.0,48890,6.0,8
2020,198.0,0.0,48890,6.0,8
2020,198.0,0.0,48890,6.0,8
2020,198.0,0.0,48890,3.0,8
2020,198.0,0.0,48890,2.0,8
2020,198.0,0.0,48890,2.0,8
2020,198.0,0.0,48890,2.0,8
2020,198.0,0.0,48890,3.0,8
2020,198.0,0.0,48890,2.0,8
2020,198.0,0.0,48890,5.0,8
2020,198.0,0.0,48890,2.0,8
2020,198.0,0.0,48890,6.0,8
2020,198.0,0.0,48890,5.0,8
2020,198.0,0.0,48890,2.0,8
2020,198.0,0.0,48890,3.0,8
2020,198.0,0.0,48890,2.0,8
2020,198.0,0.0,48890,2.0,8
2020,198.0,0.0,48890,5.0,8
2020,198.0,0.0,48890,3.0,8
2020,198.0,0.0,48890,2.0,8
2020,198.0,0.0,48890,5.0,8
2020,198.0,0.0,48890,6.0,8
2020,198.0,0.0,48890,2.0,8
2020,198.0,0.0,48890,2.0,8
2020,198.0,0.0,48890,6.0,8
2020,198.0,0.0,48890,6.0,8
2020,198.0,0.0,48890,6.0,8
2020,198.0,0.0,48890,2.0,8
2020,198.0,0.0,48890,5.0,8
2020,198.0,0.0,48890,5.0,8
2020,198.0,0.0,48890,3.0,8
2020,198.0,0.0,48890,3.0,8
2020,198.0,0.0,48890,6.0,8
2020,198.0,0.0,48890,3.0,8
2020,198.0,0.0,48890,6.0,8
2020,198.0,0.0,48890,2.0,8
2020,198.0,0.0,48890,6.0,8
2020,198.0,0.0,48890,5.0,8
2020,198.0,0.0,48890,2.0,8
2020,198.0,0.0,48890,2.0,8
2020,198.0,0.0,48890,6.0,8
2020,198.0,0.0,48890,6.0,8
2020,198.0,0.0,48890,5.0,8
2020,198.0,0.0,48890,3.0,8
2020,198.0,0.0,48890,6.0,8
2020,198.0,0.0,48890,3.0,8
2020,198.0,0.0,48890,2.0,8
2020,198.0,0.0,48890,2.0,8
2020,198.0,0.0,48890,2.0,8
2020,198.0,0.0,48890,3.0,8
2020,198.0,0.0,48890,2.0,8
2020,198.0,0.0,48890,2.0,8
2020,198.0,0.0,48890,2.0,8
2020,198.0,0.0,48890,2.0,8
2020,198.0,0.0,48890,2.0,8
2020,198.0,0.0,48890,6.0,8
2020,198.0,0.0,48890,3.0,8
2020,198.0,0.0,48890,5.0,8
2020,198.0,0.0,48890,3.0,8
2020,198.0,0.0,48890,5.0,8
2020,198.0,0.0,48890,2.0,8
2020,198.0,0.0,48890,2.0,8
2020,198.0,0.0,48890,3.0,8
2020,198.0,0.0,48890,2.0,8
2020,198.0,0.0,48890,6.0,8
2020,198.0,0.0,48890,5.0,8
2020,198.0,0.0,48890,2.0,8
2020,198.0,0.0,48890,5.0,8
2020,198.0,0.0,48890,2.0,8
2020,198.0,0.0,48890,3.0,8
2020,198.0,0.0,48890,2.0,8
2020,198.0,0.0,48890,3.0,8
2020,198.0,0.0,48890,5.0,8
2020,198.0,0.0,48890,3.0,8
2020,198.0,0.0,48890,6.0,8
2020,198.0,0.0,48890,5.0,8
2020,198.0,0.0,48890,2.0,8
2020,198.0,0.0,48890,5.0,8
2020,198.0,0.0,48890,3.0,8
2020,198.0,0.0,48890,2.0,8
2020,198.0,0.0,48890,2.0,8
2020,198.0,0.0,48890,2.0,8
2020,198.0,0.0,48890,2.0,8
2020,198.0,0.0,48890,3.0,8
2020,198.0,0.0,48890,6.0,8
2020,198.0,0.0,48890,5.0,8
2020,198.0,0.0,48890,2.0,8
2020,198.0,0.0,48890,2.0,8
2020,198.0,0.0,48890,2.0,8
2020,198.0,0.0,48890,2.0,8
2020,198.0,0.0,48890,5.0,8
2020,198.0,0.0,48890,6.0,8
2020,198.0,0.0,48890,5.0,8
2020,198.0,0.0,48890,2.0,8
2020,198.0,0.0,48890,2.0,8
2020,198.0,0.0,48890,2.0,8
2020,198.0,0.0,48890,5.0,8
2020,198.0,0.0,48890,3.0,8
2020,198.0,0.0,48890,5.0,8
2020,198.0,0.0,48890,2.0,8
2020,198.0,0.0,48890,2.0,8
2020,198.0,0.0,48890,6.0,8
2020,198.0,0.0,48890,5.0,8
2020,198.0,0.0,48890,5.0,8
2020,198.0,0.0,48890,3.0,8
2020,198.0,0.0,48890,5.0,8
2020,198.0,0.0,48890,3.0,8
2020,198.0,0.0,48890,2.0,8
2020,198.0,0.0,48890,2.0,8
2020,198.0,0.0,48890,5.0,8
2020,198.0,0.0,48890,3.0,8
2020,198.0,0.0,48890,2.0,8
2020,198.0,0.0,48890,6.0,8
2020,198.0,0.0,48890,3.0,8
2020,198.0,0.0,48890,2.0,8
2020,198.0,0.0,48890,2.0,8
2020,198.0,0.0,48890,3.0,8
2020,198.0,0.0,48890,2.0,8
2020,198.0,0.0,48890,3.0,8
2020,198.0,0.0,48890,5.0,8
2020,198.0,0.0,48890,3.0,8
2020,198.0,0.0,48890,3.0,8
2020,198.0,0.0,48890,2.0,8
2020,198.0,0.0,48890,6.0,8
2020,198.0,0.0,48890,2.0,8
2020,198.0,0.0,48890,2.0,8
2020,198.0,0.0,48890,2.0,8
2020,198.0,0.0,48890,6.0,8
2020,198.0,0.0,48890,5.0,8
2020,198.0,0.0,48890,2.0,8
2020,198.0,0.0,48890,2.0,8
2020,198.0,0.0,48890,3.0,8
2020,198.0,0.0,48890,2.0,8
2020,198.0,0.0,48890,6.0,8
2020,198.0,0.0,48890,2.0,8
2020,198.0,0.0,48890,5.0,8
2020,198.0,0.0,48890,3.0,8
2020,198.0,0.0,48890,5.0,8
2020,198.0,0.0,48890,6.0,8
2020,198.0,0.0,48890,5.0,8
2020,198.0,0.0,48890,2.0,8
2020,198.0,0.0,48890,3.0,8
2020,198.0,0.0,48890,6.0,8
2020,198.0,0.0,48890,6.0,8
2020,198.0,0.0,48890,5.0,8
2020,198.0,0.0,48890,3.0,8
2020,198.0,0.0,48890,2.0,8
2020,198.0,0.0,48890,6.0,8
2020,198.0,0.0,48890,2.0,8
2020,198.0,0.0,48890,6.0,8
2020,198.0,0.0,48890,2.0,8
2020,198.0,0.0,48890,3.0,8
2020,198.0,0.0,48890,2.0,8
2020,198.0,0.0,48890,6.0,8
2020,198.0,0.0,48890,2.0,8
2020,198.0,0.0,48890,6.0,8
2020,198.0,0.0,48890,2.0,8
2020,198.0,0.0,48890,2.0,8
2020,198.0,0.0,48890,6.0,8
2020,198.0,0.0,48890,5.0,8
2020,198.0,0.0,48890,2.0,8
2020,198.0,0.0,48890,2.0,8
2020,198.0,0.0,48890,2.0,8
2020,198.0,0.0,48890,6.0,8
2020,198.0,0.0,48890,2.0,8
2020,198.0,0.0,48890,2.0,8
2020,198.0,0.0,48890,2.0,8
2020,198.0,0.0,48890,5.0,8
2020,198.0,0.0,48890,2.0,8
2020,198.0,0.0,48890,5.0,8
2020,198.0,0.0,48890,5.0,8
2020,198.0,0.0,48890,6.0,8
2020,198.0,0.0,48890,6.0,8
2020,198.0,0.0,48890,5.0,8
2020,198.0,0.0,48890,2.0,8
2020,198.0,0.0,48890,2.0,8
2020,198.0,0.0,48890,2.0,8
2020,198.0,0.0,48890,3.0,8
2020,198.0,0.0,48890,2.0,8
2020,198.0,0.0,48890,3.0,8
2020,198.0,0.0,48890,5.0,8
2020,198.0,0.0,48890,3.0,8
2020,198.0,0.0,48890,5.0,8
2020,198.0,0.0,48890,3.0,8
2020,198.0,0.0,48890,2.0,8
2020,198.0,0.0,48890,3.0,8
2020,198.0,0.0,48890,5.0,8
2020,198.0,0.0,48890,6.0,8
2020,198.0,0.0,48890,5.0,8
2020,198.0,0.0,48890,6.0,8
2020,198.0,0.0,48890,3.0,8
2020,198.0,0.0,48890,3.0,8
2020,198.0,0.0,48890,3.0,8
2020,198.0,0.0,48890,2.0,8
2020,198.0,0.0,48890,5.0,8
2020,198.0,0.0,48890,3.0,8
2020,198.0,0.0,48890,6.0,8
2020,198.0,0.0,48890,2.0,8
2020,198.0,0.0,48890,2.0,8
2020,198.0,0.0,48890,5.0,8
2020,198.0,0.0,48890,6.0,8
2020,198.0,0.0,48890,2.0,8
2020,198.0,0.0,48890,3.0,8
2020,198.0,0.0,48890,6.0,8
2020,198.0,0.0,48890,3.0,8
2020,198.0,0.0,48890,3.0,8
2020,198.0,0.0,48890,2.0,8
2020,198.0,0.0,48890,2.0,8
2020,198.0,0.0,48890,2.0,8
2020,198.0,0.0,48890,5.0,8
2020,198.0,0.0,48890,3.0,8
2020,198.0,0.0,48890,2.0,8
2020,198.0,0.0,48890,5.0,8
2020,198.0,0.0,48890,2.0,8
2020,198.0,0.0,48890,5.0,8
2020,198.0,0.0,48890,2.0,8
2020,198.0,0.0,48890,2.0,8
2020,198.0,0.0,48890,2.0,8
2020,198.0,0.0,48890,2.0,8
2020,198.0,0.0,48890,5.0,8
2020,198.0,0.0,48890,5.0,8
2020,198.0,0.0,48890,3.0,8
2020,198.0,0.0,48890,2.0,8
2020,198.0,0.0,48890,5.0,8
2020,198.0,0.0,48890,6.0,8
2020,198.0,0.0,48890,5.0,8
2020,198.0,0.0,48890,2.0,8
2020,198.0,0.0,48890,3.0,8
2020,198.0,0.0,48890,2.0,8
2020,198.0,0.0,48890,5.0,8
2020,198.0,0.0,48890,3.0,8
2020,198.0,0.0,48890,3.0,8
2020,198.0,0.0,48890,2.0,8
2020,198.0,0.0,48890,2.0,8
2020,198.0,0.0,48890,3.0,8
2020,198.0,0.0,48890,2.0,8
2020,198.0,0.0,48890,6.0,8
2020,198.0,0.0,48890,2.0,8
2020,198.0,0.0,48890,3.0,8
2020,198.0,0.0,48890,2.0,8
2020,198.0,0.0,48890,2.0,8
2020,198.0,0.0,48890,2.0,8
2020,198.0,0.0,48890,6.0,8
2020,198.0,0.0,48890,5.0,8
2020,198.0,0.0,48890,6.0,8
2020,198.0,0.0,48890,2.0,8
2020,198.0,0.0,48890,2.0,8
2020,198.0,0.0,48890,5.0,8
2020,198.0,0.0,48890,5.0,8
2020,198.0,0.0,48890,5.0,8
2020,198.0,0.0,48890,2.0,8
2020,198.0,0.0,48890,6.0,8
2020,198.0,0.0,48890,2.0,8
2020,198.0,0.0,48890,2.0,8
2020,198.0,0.0,48890,2.0,8
2020,198.0,0.0,48890,2.0,8
2020,198.0,0.0,48890,2.0,8
2020,198.0,0.0,48890,3.0,8
2020,198.0,0.0,48890,6.0,8
2020,198.0,0.0,48890,6.0,8
2020,198.0,0.0,48890,6.0,8
2020,198.0,0.0,48890,5.0,8
2020,198.0,0.0,48890,5.0,8
2020,198.0,0.0,48890,3.0,8
2020,198.0,0.0,48890,6.0,8
2020,198.0,0.0,48890,2.0,8
2020,198.0,0.0,48890,3.0,8
2020,198.0,0.0,48890,3.0,8
2020,198.0,0.0,48890,3.0,8
2020,198.0,0.0,48890,6.0,8
2020,198.0,0.0,48890,2.0,8
2020,198.0,0.0,48890,5.0,8
2020,198.0,0.0,48890,6.0,8
2020,198.0,0.0,48890,3.0,8
2020,198.0,0.0,48890,2.0,8
2020,198.0,0.0,48890,6.0,8
2020,198.0,0.0,48890,3.0,8
2020,198.0,0.0,48890,6.0,8
2020,198.0,0.0,48890,6.0,8
2020,198.0,0.0,48890,3.0,8
2020,198.0,0.0,48890,2.0,8
2020,198.0,0.0,48890,5.0,8
2020,198.0,0.0,48890,6.0,8
2020,198.0,0.0,48890,3.0,8
2020,198.0,0.0,48890,2.0,8
2020,198.0,0.0,48890,6.0,8
2020,198.0,0.0,48890,5.0,8
2020,198.0,0.0,48890,2.0,8
2020,198.0,0.0,48890,5.0,8
2020,198.0,0.0,48890,2.0,8
2020,198.0,0.0,48890,2.0,8
2020,198.0,0.0,48890,2.0,8
2020,198.0,0.0,48890,2.0,8
2020,198.0,0.0,48890,3.0,8
2020,198.0,0.0,48890,2.0,8
2020,198.0,0.0,48890,2.0,8
2020,198.0,0.0,48890,3.0,8
2020,198.0,0.0,48890,2.0,8
2020,198.0,0.0,48890,3.0,8
2020,198.0,0.0,48890,3.0,8
2020,198.0,0.0,48890,5.0,8
2020,198.0,0.0,48890,6.0,8
2020,198.0,0.0,48890,2.0,8
2020,198.0,0.0,48890,5.0,8
2020,198.0,0.0,48890,2.0,8
2020,198.0,0.0,48890,2.0,8
2020,198.0,0.0,48890,2.0,8
2020,198.0,0.0,48890,2.0,8
2020,198.0,0.0,48890,2.0,8
2020,198.0,0.0,48890,6.0,8
2020,198.0,0.0,48890,2.0,8
2020,198.0,0.0,48890,5.0,8
2020,198.0,0.0,48890,6.0,8
2020,198.0,0.0,48890,5.0,8
2020,198.0,0.0,48890,2.0,8
2020,198.0,0.0,48890,3.0,8
2020,198.0,0.0,48890,2.0,8
2020,198.0,0.0,48890,3.0,8
2020,198.0,0.0,48890,6.0,8
2020,198.0,0.0,48890,2.0,8
2020,198.0,0.0,48890,3.0,8
2020,198.0,0.0,48890,5.0,8
2020,198.0,0.0,48890,6.0,8
2020,198.0,0.0,48890,3.0,8
2020,198.0,0.0,48890,5.0,8
2020,198.0,0.0,48890,2.0,8
2020,198.0,0.0,48890,2.0,8
2020,198.0,0.0,48890,2.0,8
2020,198.0,0.0,48890,5.0,8
2020,198.0,0.0,48890,3.0,8
2020,198.0,0.0,48890,5.0,8
2020,198.0,0.0,48890,6.0,8
2020,198.0,0.0,48890,5.0,8
2020,198.0,0.0,48890,2.0,8
2020,198.0,0.0,48890,5.0,8
2020,198.0,0.0,48890,5.0,8
2020,198.0,0.0,48890,5.0,8
2020,198.0,0.0,48890,5.0,8
2020,198.0,0.0,48890,2.0,8
2020,198.0,0.0,48890,2.0,8
2020,198.0,0.0,48890,6.0,8
2020,198.0,0.0,48890,2.0,8
2020,198.0,0.0,48890,6.0,8
2020,198.0,0.0,48890,6.0,8
2020,198.0,0.0,48890,5.0,8
2020,198.0,0.0,48890,2.0,8
2020,198.0,0.0,48890,3.0,8
2020,198.0,0.0,48890,2.0,8
2020,198.0,0.0,48890,2.0,8
2020,198.0,0.0,48890,6.0,8
2020,198.0,0.0,48890,5.0,8
2020,198.0,0.0,48890,6.0,8
2020,198.0,0.0,48890,5.0,8
2020,198.0,0.0,48890,5.0,8
2020,198.0,0.0,48890,5.0,8
2020,198.0,0.0,48890,5.0,8
2020,198.0,0.0,48890,2.0,8
2020,198.0,0.0,48890,6.0,8
2020,198.0,0.0,48890,5.0,8
2020,198.0,0.0,48890,3.0,8
2020,198.0,0.0,48890,2.0,8
2020,198.0,0.0,48890,5.0,8
2020,198.0,0.0,48890,3.0,8
2020,198.0,0.0,48890,2.0,8
2020,198.0,0.0,48890,2.0,8
2020,198.0,0.0,48890,3.0,8
2020,198.0,0.0,48890,2.0,8
2020,198.0,0.0,48890,2.0,8
2020,198.0,0.0,48890,3.0,8
2020,198.0,0.0,48890,2.0,8
2020,198.0,0.0,48890,2.0,8
2020,198.0,0.0,48890,2.0,8
2020,198.0,0.0,48890,3.0,8
2020,198.0,0.0,48890,5.0,8
2020,198.0,0.0,48890,2.0,8
2020,198.0,0.0,48890,6.0,8
2020,198.0,0.0,48890,5.0,8
2020,198.0,0.0,48890,5.0,8
2020,198.0,0.0,48890,6.0,8
2020,198.0,0.0,48890,2.0,8
2020,198.0,0.0,48890,2.0,8
2020,198.0,0.0,48890,3.0,8
2020,198.0,0.0,48890,2.0,8
2020,198.0,0.0,48890,6.0,8
2020,198.0,0.0,48890,6.0,8
2020,198.0,0.0,48890,2.0,8
2020,198.0,0.0,48890,5.0,8
2020,198.0,0.0,48890,5.0,8
2020,198.0,0.0,48890,5.0,8
2020,198.0,0.0,48890,2.0,8
2020,198.0,0.0,48890,5.0,8
2020,198.0,0.0,48890,2.0,8
2020,198.0,0.0,48890,2.0,8
2020,198.0,0.0,48890,3.0,8
2020,198.0,0.0,48890,2.0,8
2020,198.0,0.0,48890,6.0,8
2020,198.0,0.0,48890,2.0,8
2020,198.0,0.0,48890,6.0,8
2020,198.0,0.0,48890,6.0,8
2020,198.0,0.0,48890,3.0,8
2020,198.0,0.0,48890,3.0,8
2020,198.0,0.0,48890,6.0,8
2020,198.0,0.0,48890,2.0,8
2020,198.0,0.0,48890,3.0,8
2020,198.0,0.0,48890,6.0,8
2020,198.0,0.0,48890,3.0,8
2020,198.0,0.0,48890,2.0,8
2020,198.0,0.0,48890,2.0,8
2020,198.0,0.0,48890,5.0,8
2020,198.0,0.0,48890,5.0,8
2020,198.0,0.0,48890,2.0,8
2020,198.0,0.0,48890,6.0,8
2020,198.0,0.0,48890,2.0,8
2020,198.0,0.0,48890,5.0,8
2020,198.0,0.0,48890,2.0,8
2020,198.0,0.0,48890,6.0,8
2020,198.0,0.0,48890,6.0,8
2020,198.0,0.0,48890,2.0,8
2020,198.0,0.0,48890,2.0,8
2020,198.0,0.0,48890,2.0,8
2020,198.0,0.0,48890,5.0,8
2020,198.0,0.0,48890,2.0,8
2020,198.0,0.0,48890,5.0,8
2020,198.0,0.0,48890,2.0,8
2020,198.0,0.0,48890,2.0,8
2020,198.0,0.0,48890,2.0,8
2020,198.0,0.0,48890,5.0,8
2020,198.0,0.0,48890,2.0,8
2020,198.0,0.0,48890,2.0,8
2020,198.0,0.0,48890,3.0,8
2020,198.0,0.0,48890,2.0,8
2020,198.0,0.0,48890,5.0,8
2020,198.0,0.0,48890,3.0,8
2020,198.0,0.0,48890,6.0,8
2020,198.0,0.0,48890,5.0,8
2020,198.0,0.0,48890,5.0,8
2020,198.0,0.0,48890,2.0,8
2020,198.0,0.0,48890,2.0,8
2020,198.0,0.0,48890,3.0,8
2020,198.0,0.0,48890,2.0,8
2020,198.0,0.0,48890,2.0,8
2020,198.0,0.0,48890,5.0,8
2020,198.0,0.0,48890,3.0,8
2020,198.0,0.0,48890,3.0,8
2020,198.0,0.0,48890,3.0,8
2020,198.0,0.0,48890,6.0,8
2020,198.0,0.0,48890,2.0,8
2020,198.0,0.0,48890,3.0,8
2020,198.0,0.0,48890,5.0,8
2020,198.0,0.0,48890,2.0,8
2020,198.0,0.0,48890,2.0,8
2020,198.0,0.0,48890,6.0,8
2020,198.0,0.0,48890,5.0,8
2020,198.0,0.0,48890,2.0,8
2020,198.0,0.0,48890,3.0,8
2020,198.0,0.0,48890,5.0,8
2020,198.0,0.0,48890,2.0,8
2020,198.0,0.0,48890,6.0,8
2020,198.0,0.0,48890,3.0,8
2020,198.0,0.0,48890,3.0,8
2020,198.0,0.0,48890,6.0,8
2020,198.0,0.0,48890,5.0,8
2020,198.0,0.0,48890,3.0,8
2020,198.0,0.0,48890,2.0,8
2020,198.0,0.0,48890,2.0,8
2020,198.0,0.0,48890,6.0,8
2020,198.0,0.0,48890,2.0,8
2020,198.0,0.0,48890,2.0,8
2020,198.0,0.0,48890,6.0,8
2020,198.0,0.0,48890,6.0,8
2020,198.0,0.0,48890,5.0,8
2020,198.0,0.0,48890,2.0,8
2020,198.0,0.0,48890,2.0,8
2020,198.0,0.0,48890,5.0,8
2020,198.0,0.0,48890,2.0,8
2020,198.0,0.0,48890,6.0,8
2020,198.0,0.0,48890,5.0,8
2020,198.0,0.0,48890,5.0,8
2020,198.0,0.0,48890,3.0,8
2020,198.0,0.0,48890,2.0,8
2020,198.0,0.0,48890,2.0,8
2020,198.0,0.0,48890,6.0,8
2020,198.0,0.0,48890,2.0,8
2020,198.0,0.0,48890,3.0,8
2020,198.0,0.0,48890,5.0,8
2020,198.0,0.0,48890,3.0,8
2020,198.0,0.0,48890,2.0,8
2020,198.0,0.0,48890,5.0,8
2020,198.0,0.0,48890,3.0,8
2020,198.0,0.0,48890,2.0,8
2020,198.0,0.0,48890,5.0,8
2020,198.0,0.0,48890,6.0,8
2020,198.0,0.0,48890,5.0,8
2020,198.0,0.0,48890,6.0,8
2020,198.0,0.0,48890,2.0,8
2020,198.0,0.0,48890,2.0,8
2020,198.0,0.0,48890,2.0,8
2020,198.0,0.0,48890,2.0,8
2020,198.0,0.0,48890,3.0,8
2020,198.0,0.0,48890,3.0,8
2020,198.0,0.0,48890,2.0,8
2020,198.0,0.0,48890,3.0,8
2020,198.0,0.0,48890,2.0,8
2020,198.0,0.0,48890,2.0,8
2020,198.0,0.0,48890,5.0,8
2020,198.0,0.0,48890,6.0,8
2020,198.0,0.0,48890,3.0,8
2020,198.0,0.0,48890,3.0,8
2020,198.0,0.0,48890,6.0,8
2020,198.0,0.0,48890,6.0,8
2020,198.0,0.0,48890,2.0,8
2020,198.0,0.0,48890,6.0,8
2020,198.0,0.0,48890,5.0,8
2020,198.0,0.0,48890,2.0,8
2020,198.0,0.0,48890,6.0,8
2020,198.0,0.0,48890,3.0,8
2020,198.0,0.0,48890,5.0,8
2020,198.0,0.0,48890,2.0,8
2020,198.0,0.0,48890,2.0,8
2020,198.0,0.0,48890,3.0,8
2020,198.0,0.0,48890,6.0,8
2020,198.0,0.0,48890,2.0,8
2020,198.0,0.0,48890,2.0,8
2020,198.0,0.0,48890,6.0,8
2020,198.0,0.0,48890,2.0,8
2020,198.0,0.0,48890,5.0,8
2020,198.0,0.0,48890,2.0,8
2020,198.0,0.0,48890,5.0,8
2020,198.0,0.0,48890,6.0,8
2020,198.0,0.0,48890,2.0,8
2020,198.0,0.0,48890,5.0,8
2020,198.0,0.0,48890,5.0,8
2020,198.0,0.0,48890,2.0,8
2020,198.0,0.0,48890,2.0,8
2020,198.0,0.0,48890,2.0,8
2020,198.0,0.0,48890,3.0,8
2020,198.0,0.0,48890,6.0,8
2020,198.0,0.0,48890,3.0,8
2020,198.0,0.0,48890,5.0,8
2020,198.0,0.0,48890,2.0,8
2020,198.0,0.0,48890,5.0,8
2020,198.0,0.0,48890,2.0,8
2020,198.0,0.0,48890,2.0,8
2020,198.0,0.0,48890,2.0,8
2020,198.0,0.0,48890,5.0,8
2020,198.0,0.0,48890,3.0,8
2020,198.0,0.0,48890,5.0,8
2020,198.0,0.0,48890,3.0,8
2020,198.0,0.0,48890,5.0,8
2020,198.0,0.0,48890,6.0,8
2020,198.0,0.0,48890,3.0,8
2020,198.0,0.0,48890,3.0,8
2020,198.0,0.0,48890,2.0,8
2020,198.0,0.0,48890,2.0,8
2020,198.0,0.0,48890,2.0,8
2020,198.0,0.0,48890,3.0,8
2020,198.0,0.0,48890,5.0,8
2020,198.0,0.0,48890,6.0,8
2020,198.0,0.0,48890,6.0,8
2020,198.0,0.0,48890,2.0,8
2020,198.0,0.0,48890,2.0,8
2020,198.0,0.0,48890,6.0,8
2020,198.0,0.0,48890,2.0,8
2020,198.0,0.0,48890,5.0,8
2020,198.0,0.0,48890,2.0,8
2020,198.0,0.0,48890,2.0,8
2020,198.0,0.0,48890,2.0,8
2020,198.0,0.0,48890,6.0,8
2020,198.0,0.0,48890,6.0,8
2020,198.0,0.0,48890,2.0,8
2020,198.0,0.0,48890,5.0,8
2020,198.0,0.0,48890,2.0,8
2020,198.0,0.0,48890,3.0,8
2020,198.0,0.0,48890,2.0,8
2020,198.0,0.0,48890,3.0,8
2020,198.0,0.0,48890,5.0,8
2020,198.0,0.0,48890,2.0,8
2020,198.0,0.0,48890,6.0,8
2020,198.0,0.0,48890,5.0,8
2020,198.0,0.0,48890,2.0,8
2020,198.0,0.0,48890,3.0,8
2020,198.0,0.0,48890,5.0,8
2020,198.0,0.0,48890,2.0,8
2020,198.0,0.0,48890,3.0,8
2020,198.0,0.0,48890,2.0,8
2020,198.0,0.0,48890,5.0,8
2020,198.0,0.0,48890,3.0,8
2020,198.0,0.0,48890,6.0,8
2020,198.0,0.0,48890,3.0,8
2020,198.0,0.0,48890,3.0,8
2020,198.0,0.0,48890,2.0,8
2020,198.0,0.0,48890,6.0,8
2020,198.0,0.0,48890,5.0,8
2020,198.0,0.0,48890,3.0,8
2020,198.0,0.0,48890,2.0,8
2020,198.0,0.0,48890,3.0,8
2020,198.0,0.0,48890,2.0,8
2020,198.0,0.0,48890,2.0,8
2020,198.0,0.0,48890,2.0,8
2020,198.0,0.0,48890,3.0,8
2020,198.0,0.0,48890,2.0,8
2020,198.0,0.0,48890,3.0,8
2020,198.0,0.0,48890,5.0,8
2020,198.0,0.0,48890,2.0,8
2020,198.0,0.0,48890,2.0,8
2020,198.0,0.0,48890,2.0,8
2020,198.0,0.0,48890,3.0,8
2020,198.0,0.0,48890,2.0,8
2020,198.0,0.0,48890,2.0,8
2020,198.0,0.0,48890,3.0,8
2020,198.0,0.0,48890,2.0,8
2020,198.0,0.0,48890,6.0,8
2020,198.0,0.0,48890,6.0,8
2020,198.0,0.0,48890,6.0,8
2020,198.0,0.0,48890,3.0,8
2020,198.0,0.0,48890,5.0,8
2020,198.0,0.0,48890,5.0,8
2020,198.0,0.0,48890,5.0,8
2020,198.0,0.0,48890,3.0,8
2020,198.0,0.0,48890,6.0,8
2020,198.0,0.0,48890,3.0,8
2020,198.0,0.0,48890,2.0,8
2020,198.0,0.0,48890,2.0,8
2020,198.0,0.0,48890,2.0,8
2020,198.0,0.0,48890,5.0,8
2020,198.0,0.0,48890,2.0,8
2020,198.0,0.0,48890,2.0,8
2020,198.0,0.0,48890,2.0,8
2020,198.0,0.0,48890,2.0,8
2020,198.0,0.0,48890,2.0,8
2020,198.0,0.0,48890,5.0,8
2020,198.0,0.0,48890,6.0,8
2020,198.0,0.0,48890,3.0,8
2020,198.0,0.0,48890,2.0,8
2020,198.0,0.0,48890,2.0,8
2020,198.0,0.0,48890,6.0,8
2020,198.0,0.0,48890,3.0,8
2020,198.0,0.0,48890,3.0,8
2020,198.0,0.0,48890,2.0,8
2020,198.0,0.0,48890,2.0,8
2020,198.0,0.0,48890,2.0,8
2020,198.0,0.0,48890,2.0,8
2020,198.0,0.0,48890,2.0,8
2020,198.0,0.0,48890,2.0,8
2020,198.0,0.0,48890,6.0,8
2020,198.0,0.0,48890,3.0,8
2020,198.0,0.0,48890,5.0,8
2020,198.0,0.0,48890,5.0,8
2020,198.0,0.0,48890,2.0,8
2020,198.0,0.0,48890,5.0,8
2020,198.0,0.0,48890,2.0,8
2020,198.0,0.0,48890,3.0,8
2020,198.0,0.0,48890,5.0,8
2020,198.0,0.0,48890,6.0,8
2020,198.0,0.0,48890,3.0,8
2020,198.0,0.0,48890,2.0,8
2020,198.0,0.0,48890,6.0,8
2020,198.0,0.0,48890,2.0,8
2020,198.0,0.0,48890,2.0,8
2020,198.0,0.0,48890,3.0,8
2020,198.0,0.0,48890,2.0,8
2020,198.0,0.0,48890,3.0,8
2020,198.0,0.0,48890,2.0,8
2020,198.0,0.0,48890,2.0,8
2020,198.0,0.0,48890,6.0,8
2020,198.0,0.0,48890,2.0,8
2020,198.0,0.0,48890,3.0,8
2020,198.0,0.0,48890,5.0,8
2020,198.0,0.0,48890,6.0,8
2020,198.0,0.0,48890,2.0,8
2020,198.0,0.0,48890,5.0,8
2020,198.0,0.0,48890,3.0,8
2020,198.0,0.0,48890,2.0,8
2020,198.0,0.0,48890,3.0,8
2020,198.0,0.0,48890,2.0,8
2020,198.0,0.0,48890,3.0,8
2020,198.0,0.0,48890,6.0,8
2020,198.0,0.0,48890,6.0,8
2020,198.0,0.0,48890,2.0,8
2020,198.0,0.0,48890,3.0,8
2020,198.0,0.0,48890,5.0,8
2020,198.0,0.0,48890,5.0,8
2020,198.0,0.0,48890,2.0,8
2020,198.0,0.0,48890,6.0,8
2020,198.0,0.0,48890,2.0,8
2020,198.0,0.0,48890,3.0,8
2020,198.0,0.0,48890,6.0,8
2020,198.0,0.0,48890,2.0,8
2020,198.0,0.0,48890,6.0,8
2020,198.0,0.0,48890,3.0,8
2020,198.0,0.0,48890,3.0,8
2020,198.0,0.0,48890,6.0,8
2020,198.0,0.0,48890,3.0,8
2020,198.0,0.0,48890,3.0,8
2020,198.0,0.0,48890,2.0,8
2020,198.0,0.0,48890,3.0,8
2020,198.0,0.0,48890,6.0,8
2020,198.0,0.0,48890,3.0,8
2020,198.0,0.0,48890,6.0,8
2020,198.0,0.0,48890,3.0,8
2020,198.0,0.0,48890,3.0,8
2020,198.0,0.0,48890,2.0,8
2020,198.0,0.0,48890,2.0,8
2020,198.0,0.0,48890,3.0,8
2020,198.0,0.0,48890,5.0,8
2020,198.0,0.0,48890,2.0,8
2020,198.0,0.0,48890,2.0,8
2020,198.0,0.0,48890,2.0,8
2020,198.0,0.0,48890,3.0,8
2020,198.0,0.0,48890,2.0,8
2020,198.0,0.0,48890,3.0,8
2020,198.0,0.0,48890,6.0,8
2020,198.0,0.0,48890,6.0,8
2020,198.0,0.0,48890,3.0,8
2020,198.0,0.0,48890,5.0,8
2020,198.0,0.0,48890,2.0,8
2020,198.0,0.0,48890,3.0,8
2020,198.0,0.0,48890,2.0,8
2020,198.0,0.0,48890,2.0,8
2020,198.0,0.0,48890,3.0,8
2020,198.0,0.0,48890,3.0,8
2020,198.0,0.0,48890,5.0,8
2020,198.0,0.0,48890,2.0,8
2020,198.0,0.0,48890,6.0,8
2020,198.0,0.0,48890,3.0,8
2020,198.0,0.0,48890,2.0,8
2020,198.0,0.0,48890,3.0,8
2020,198.0,0.0,48890,5.0,8
2020,198.0,0.0,48890,2.0,8
2020,198.0,0.0,48890,2.0,8
2020,198.0,0.0,48890,3.0,8
2020,198.0,0.0,48890,3.0,8
2020,198.0,0.0,48890,2.0,8
2020,198.0,0.0,48890,6.0,8
2020,198.0,0.0,48890,6.0,8
2020,198.0,0.0,48890,3.0,8
2020,198.0,0.0,48890,3.0,8
2020,198.0,0.0,48890,2.0,8
2020,198.0,0.0,48890,5.0,8
2020,198.0,0.0,48890,2.0,8
2020,198.0,0.0,48890,2.0,8
2020,198.0,0.0,48890,6.0,8
2020,198.0,0.0,48890,2.0,8
2020,198.0,0.0,48890,6.0,8
2020,198.0,0.0,48890,5.0,8
2020,198.0,0.0,48890,3.0,8
2020,198.0,0.0,48890,5.0,8
2020,198.0,0.0,48890,2.0,8
2020,198.0,0.0,48890,5.0,8
2020,198.0,0.0,48890,5.0,8
2020,198.0,0.0,48890,2.0,8
2020,198.0,0.0,48890,3.0,8
2020,198.0,0.0,48890,2.0,8
2020,198.0,0.0,48890,2.0,8
2020,198.0,0.0,48890,5.0,8
2020,198.0,0.0,48890,6.0,8
2020,198.0,0.0,48890,2.0,8
2020,198.0,0.0,48890,3.0,8
2020,198.0,0.0,48890,3.0,8
2020,198.0,0.0,48890,2.0,8
2020,198.0,0.0,48890,6.0,8
2020,198.0,0.0,48890,2.0,8
2020,198.0,0.0,48890,3.0,8
2020,198.0,0.0,48890,3.0,8
2020,198.0,0.0,48890,6.0,8
2020,198.0,0.0,48890,3.0,8
2020,198.0,0.0,48890,2.0,8
2020,198.0,0.0,48890,2.0,8
2020,198.0,0.0,48890,5.0,8
2020,198.0,0.0,48890,2.0,8
2020,198.0,0.0,48890,6.0,8
2020,198.0,0.0,48890,5.0,8
2020,198.0,0.0,48890,2.0,8
2020,198.0,0.0,48890,2.0,8
2020,198.0,0.0,48890,5.0,8
2020,198.0,0.0,48890,2.0,8
2020,198.0,0.0,48890,2.0,8
2020,198.0,0.0,48890,5.0,8
2020,198.0,0.0,48890,3.0,8
2020,198.0,0.0,48890,2.0,8
2020,198.0,0.0,48890,3.0,8
2020,198.0,0.0,48890,2.0,8
2020,198.0,0.0,48890,5.0,8
2020,198.0,0.0,48890,2.0,8
2020,198.0,0.0,48890,2.0,8
2020,198.0,0.0,48890,5.0,8
2020,198.0,0.0,48890,5.0,8
2020,198.0,0.0,48890,5.0,8
2020,198.0,0.0,48890,2.0,8
2020,198.0,0.0,48890,6.0,8
2020,198.0,0.0,48890,5.0,8
2020,198.0,0.0,48890,2.0,8
2020,198.0,0.0,48890,2.0,8
2020,198.0,0.0,48890,3.0,8
2020,198.0,0.0,48890,6.0,8
2020,198.0,0.0,48890,3.0,8
2020,198.0,0.0,48890,2.0,8
2020,198.0,0.0,48890,6.0,8
2020,198.0,0.0,48890,5.0,8
2020,198.0,0.0,48890,2.0,8
2020,198.0,0.0,48890,3.0,8
2020,198.0,0.0,48890,2.0,8
2020,198.0,0.0,48890,5.0,8
2020,198.0,0.0,48890,2.0,8
2020,198.0,0.0,48890,2.0,8
2020,198.0,0.0,48890,2.0,8
2020,198.0,0.0,48890,2.0,8
2020,198.0,0.0,48890,2.0,8
2020,198.0,0.0,48890,5.0,8
2020,198.0,0.0,48890,3.0,8
2020,198.0,0.0,48890,3.0,8
2020,198.0,0.0,48890,5.0,8
2020,198.0,0.0,48890,2.0,8
2020,198.0,0.0,48890,2.0,8
2020,198.0,0.0,48890,3.0,8
2020,198.0,0.0,48890,5.0,8
2020,198.0,0.0,48890,6.0,8
2020,198.0,0.0,48890,5.0,8
2020,198.0,0.0,48890,2.0,8
2020,198.0,0.0,48890,2.0,8
2020,198.0,0.0,48890,3.0,8
2020,198.0,0.0,48890,3.0,8
2020,198.0,0.0,48890,2.0,8
2020,198.0,0.0,48890,2.0,8
2020,198.0,0.0,48890,5.0,8
2020,198.0,0.0,48890,3.0,8
2020,198.0,0.0,48890,2.0,8
2020,198.0,0.0,48890,6.0,8
2020,198.0,0.0,48890,3.0,8
2020,198.0,0.0,48890,5.0,8
2020,198.0,0.0,48890,5.0,8
2020,198.0,0.0,48890,5.0,8
2020,198.0,0.0,48890,2.0,8
2020,198.0,0.0,48890,2.0,8
2020,198.0,0.0,48890,2.0,8
2020,198.0,0.0,48890,6.0,8
2020,198.0,0.0,48890,3.0,8
2020,198.0,0.0,48890,2.0,8
2020,198.0,0.0,48890,2.0,8
2020,198.0,0.0,48890,2.0,8
2020,198.0,0.0,48890,2.0,8
2020,198.0,0.0,48890,3.0,8
2020,198.0,0.0,48890,3.0,8
2020,198.0,0.0,48890,3.0,8
2020,198.0,0.0,48890,5.0,8
2020,198.0,0.0,48890,6.0,8
2020,198.0,0.0,48890,6.0,8
2020,198.0,0.0,48890,5.0,8
2020,198.0,0.0,48890,3.0,8
2020,198.0,0.0,48890,3.0,8
2020,198.0,0.0,48890,5.0,8
2020,198.0,0.0,48890,6.0,8
2020,198.0,0.0,48890,3.0,8
2020,198.0,0.0,48890,5.0,8
2020,198.0,0.0,48890,5.0,8
2020,198.0,0.0,48890,6.0,8
2020,198.0,0.0,48890,5.0,8
2020,198.0,0.0,48890,5.0,8
2020,198.0,0.0,48890,6.0,8
2020,198.0,0.0,48890,6.0,8
2020,198.0,0.0,48890,2.0,8
2020,198.0,0.0,48890,3.0,8
2020,198.0,0.0,48890,2.0,8
2020,198.0,0.0,48890,5.0,8
2020,198.0,0.0,48890,5.0,8
2020,198.0,0.0,48890,5.0,8
2020,198.0,0.0,48890,3.0,8
2020,198.0,0.0,48890,3.0,8
2020,198.0,0.0,48890,6.0,8
2020,198.0,0.0,48890,2.0,8
2020,198.0,0.0,48890,2.0,8
2020,198.0,0.0,48890,3.0,8
2020,198.0,0.0,48890,2.0,8
2020,198.0,0.0,48890,2.0,8
2020,198.0,0.0,48890,2.0,8
2020,198.0,0.0,48890,3.0,8
2020,198.0,0.0,48890,5.0,8
2020,198.0,0.0,48890,2.0,8
2020,198.0,0.0,48890,2.0,8
2020,198.0,0.0,48890,2.0,8
2020,198.0,0.0,48890,2.0,8
2020,198.0,0.0,48890,3.0,8
2020,198.0,0.0,48890,3.0,8
2020,198.0,0.0,48890,3.0,8
2020,198.0,0.0,48890,3.0,8
2020,198.0,0.0,48890,2.0,8
2020,198.0,0.0,48890,3.0,8
2020,198.0,0.0,48890,3.0,8
2020,198.0,0.0,48890,3.0,8
2020,198.0,0.0,48890,2.0,8
2020,198.0,0.0,48890,3.0,8
2020,198.0,0.0,48890,6.0,8
2020,198.0,0.0,48890,2.0,8
2020,198.0,0.0,48890,2.0,8
2020,198.0,0.0,48890,6.0,8
2020,198.0,0.0,48890,2.0,8
2020,198.0,0.0,48890,5.0,8
2020,198.0,0.0,48890,6.0,8
2020,198.0,0.0,48890,3.0,8
2020,198.0,0.0,48890,2.0,8
2020,198.0,0.0,48890,5.0,8
2020,198.0,0.0,48890,5.0,8
2020,198.0,0.0,48890,2.0,8
2020,198.0,0.0,48890,2.0,8
2020,198.0,0.0,48890,2.0,8
2020,198.0,0.0,48890,2.0,8
2020,198.0,0.0,48890,2.0,8
2020,198.0,0.0,48890,6.0,8
2020,198.0,0.0,48890,5.0,8
2020,198.0,0.0,48890,5.0,8
2020,198.0,0.0,48890,2.0,8
2020,198.0,0.0,48890,3.0,8
2020,198.0,0.0,48890,2.0,8
2020,198.0,0.0,48890,3.0,8
2020,198.0,0.0,48890,5.0,8
2020,198.0,0.0,48890,2.0,8
2020,198.0,0.0,48890,5.0,8
2020,198.0,0.0,48890,3.0,8
2020,198.0,0.0,48890,3.0,8
2020,198.0,0.0,48890,5.0,8
2020,198.0,0.0,48890,3.0,8
2020,198.0,0.0,48890,2.0,8
2020,198.0,0.0,48890,2.0,8
2020,198.0,0.0,48890,2.0,8
2020,198.0,0.0,48890,5.0,8
2020,198.0,0.0,48890,5.0,8
2020,198.0,0.0,48890,3.0,8
2020,198.0,0.0,48890,6.0,8
2020,198.0,0.0,48890,3.0,8
2020,198.0,0.0,48890,2.0,8
2020,198.0,0.0,48890,5.0,8
2020,198.0,0.0,48890,3.0,8
2020,198.0,0.0,48890,3.0,8
2020,198.0,0.0,48890,2.0,8
2020,198.0,0.0,48890,3.0,8
2020,198.0,0.0,48890,3.0,8
2020,198.0,0.0,48890,2.0,8
2020,198.0,0.0,48890,2.0,8
2020,198.0,0.0,48890,2.0,8
2020,198.0,0.0,48890,5.0,8
2020,198.0,0.0,48890,3.0,8
2020,198.0,0.0,48890,5.0,8
2020,198.0,0.0,48890,3.0,8
2020,198.0,0.0,48890,6.0,8
2020,198.0,0.0,48890,6.0,8
2020,198.0,0.0,48890,2.0,8
2020,198.0,0.0,48890,2.0,8
2020,198.0,0.0,48890,5.0,8
2020,198.0,0.0,48890,2.0,8
2020,198.0,0.0,48890,2.0,8
2020,198.0,0.0,48890,2.0,8
2020,198.0,0.0,48890,5.0,8
2020,198.0,0.0,48890,5.0,8
2020,198.0,0.0,48890,6.0,8
2020,198.0,0.0,48890,6.0,8
2020,198.0,0.0,48890,5.0,8
2020,198.0,0.0,48890,5.0,8
2020,198.0,0.0,48890,5.0,8
2020,198.0,0.0,48890,2.0,8
2020,198.0,0.0,48890,5.0,8
2020,198.0,0.0,48890,3.0,8
2020,198.0,0.0,48890,5.0,8
2020,198.0,0.0,48890,2.0,8
2020,198.0,0.0,48890,5.0,8
2020,198.0,0.0,48890,2.0,8
2020,198.0,0.0,48890,3.0,8
2020,198.0,0.0,48890,5.0,8
2020,198.0,0.0,48890,5.0,8
2020,198.0,0.0,48890,3.0,8
2020,198.0,0.0,48890,5.0,8
2020,198.0,0.0,48890,2.0,8
2020,198.0,0.0,48890,6.0,8
2020,198.0,0.0,48890,5.0,8
2020,198.0,0.0,48890,2.0,8
2020,198.0,0.0,48890,2.0,8
2020,198.0,0.0,48890,2.0,8
2020,198.0,0.0,48890,3.0,8
2020,198.0,0.0,48890,2.0,8
2020,198.0,0.0,48890,2.0,8
2020,198.0,0.0,48890,2.0,8
2020,198.0,0.0,48890,2.0,8
2020,198.0,0.0,48890,2.0,8
2020,198.0,0.0,48890,5.0,8
2020,198.0,0.0,48890,2.0,8
2020,198.0,0.0,48890,2.0,8
2020,198.0,0.0,48890,3.0,8
2020,198.0,0.0,48890,3.0,8
2020,198.0,0.0,48890,2.0,8
2020,198.0,0.0,48890,2.0,8
2020,198.0,0.0,48890,2.0,8
2020,198.0,0.0,48890,3.0,8
2020,198.0,0.0,48890,2.0,8
2020,198.0,0.0,48890,5.0,8
2020,198.0,0.0,48890,6.0,8
2020,198.0,0.0,48890,6.0,8
2020,198.0,0.0,48890,5.0,8
2020,198.0,0.0,48890,3.0,8
2020,198.0,0.0,48890,3.0,8
2020,198.0,0.0,48890,6.0,8
2020,198.0,0.0,48890,3.0,8
2020,198.0,0.0,48890,3.0,8
2020,198.0,0.0,48890,2.0,8
2020,198.0,0.0,48890,3.0,8
2020,198.0,0.0,48890,3.0,8
2020,198.0,0.0,48890,2.0,8
2020,198.0,0.0,48890,3.0,8
2020,198.0,0.0,48890,2.0,8
2020,198.0,0.0,48890,5.0,8
2020,198.0,0.0,48890,3.0,8
2020,198.0,0.0,48890,3.0,8
2020,198.0,0.0,48890,2.0,8
2021,198.0,0.0,46170,1.0,7
2021,198.0,0.0,46170,1.0,7
2021,198.0,0.0,46170,1.0,7
2021,198.0,0.0,46170,1.0,7
2021,198.0,0.0,46170,1.0,7
2021,198.0,0.0,46170,1.0,7
2021,198.0,0.0,46170,1.0,7
2021,198.0,0.0,46170,1.0,7
2021,198.0,0.0,46170,3.0,7
2021,198.0,0.0,46170,1.0,7
2021,198.0,0.0,46170,1.0,7
2021,198.0,0.0,46170,2.0,7
2021,198.0,0.0,46170,2.0,7
2021,198.0,0.0,46170,1.0,7
2021,198.0,0.0,46170,1.0,7
2021,198.0,0.0,46170,2.0,7
2021,198.0,0.0,46170,1.0,7
2021,198.0,0.0,46170,2.0,7
2021,198.0,0.0,46170,1.0,7
2021,198.0,0.0,46170,1.0,7
2021,198.0,0.0,46170,1.0,7
2021,198.0,0.0,46170,1.0,7
2021,198.0,0.0,46170,1.0,7
2021,198.0,0.0,46170,3.0,7
2021,198.0,0.0,46170,1.0,7
2021,198.0,0.0,46170,1.0,7
2021,198.0,0.0,46170,1.0,7
2021,198.0,0.0,46170,2.0,7
2021,198.0,0.0,46170,2.0,7
2021,198.0,0.0,46170,1.0,7
2021,198.0,0.0,46170,1.0,7
2021,198.0,0.0,46170,1.0,7
2021,198.0,0.0,46170,1.0,7
2021,198.0,0.0,46170,1.0,7
2021,198.0,0.0,46170,1.0,7
2021,198.0,0.0,46170,1.0,7
2021,198.0,0.0,46170,1.0,7
2021,198.0,0.0,46170,3.0,7
2021,198.0,0.0,46170,1.0,7
2021,198.0,0.0,46170,1.0,7
2021,198.0,0.0,46170,1.0,7
2021,198.0,0.0,46170,2.0,7
2021,198.0,0.0,46170,2.0,7
2021,198.0,0.0,46170,1.0,7
2021,198.0,0.0,46170,3.0,7
2021,198.0,0.0,46170,1.0,7
2021,198.0,0.0,46170,1.0,7
2021,198.0,0.0,46170,3.0,7
2021,198.0,0.0,46170,1.0,7
2021,198.0,0.0,46170,1.0,7
2021,198.0,0.0,46170,1.0,7
2021,198.0,0.0,46170,1.0,7
2021,198.0,0.0,46170,1.0,7
2021,198.0,0.0,46170,1.0,7
2021,198.0,0.0,46170,1.0,7
2021,198.0,0.0,46170,1.0,7
2021,198.0,0.0,46170,1.0,7
2021,198.0,0.0,46170,1.0,7
2021,198.0,0.0,46170,1.0,7
2021,198.0,0.0,46170,1.0,7
2021,198.0,0.0,46170,2.0,7
2021,198.0,0.0,46170,1.0,7
2021,198.0,0.0,46170,1.0,7
2021,198.0,0.0,46170,1.0,7
2021,198.0,0.0,46170,3.0,7
2021,198.0,0.0,46170,1.0,7
2021,198.0,0.0,46170,1.0,7
2021,198.0,0.0,46170,1.0,7
2021,198.0,0.0,46170,1.0,7
2021,198.0,0.0,46170,1.0,7
2021,198.0,0.0,46170,1.0,7
2021,198.0,0.0,46170,1.0,7
2021,198.0,0.0,46170,1.0,7
2021,198.0,0.0,46170,2.0,7
2021,198.0,0.0,46170,1.0,7
2021,198.0,0.0,46170,2.0,7
2021,198.0,0.0,46170,3.0,7
2021,198.0,0.0,46170,1.0,7
2021,198.0,0.0,46170,2.0,7
2021,198.0,0.0,46170,1.0,7
2021,198.0,0.0,46170,1.0,7
2021,198.0,0.0,46170,3.0,7
2021,198.0,0.0,46170,1.0,7
2021,198.0,0.0,46170,2.0,7
2021,198.0,0.0,46170,1.0,7
2021,198.0,0.0,46170,3.0,7
2021,198.0,0.0,46170,1.0,7
2021,198.0,0.0,46170,1.0,7
2021,198.0,0.0,46170,1.0,7
2021,198.0,0.0,46170,1.0,7
2021,198.0,0.0,46170,3.0,7
2021,198.0,0.0,46170,1.0,7
2021,198.0,0.0,46170,1.0,7
2021,198.0,0.0,46170,1.0,7
2021,198.0,0.0,46170,1.0,7
2021,198.0,0.0,46170,2.0,7
2021,198.0,0.0,46170,3.0,7
2021,198.0,0.0,46170,1.0,7
2021,198.0,0.0,46170,1.0,7
2021,198.0,0.0,46170,1.0,7
2021,198.0,0.0,46170,2.0,7
2021,198.0,0.0,46170,3.0,7
2021,198.0,0.0,46170,1.0,7
2021,198.0,0.0,46170,1.0,7
2021,198.0,0.0,46170,1.0,7
2021,198.0,0.0,46170,1.0,7
2021,198.0,0.0,46170,1.0,7
2021,198.0,0.0,46170,1.0,7
2021,198.0,0.0,46170,1.0,7
2021,198.0,0.0,46170,1.0,7
2021,198.0,0.0,46170,1.0,7
2021,198.0,0.0,46170,1.0,7
2021,198.0,0.0,46170,1.0,7
2021,198.0,0.0,46170,1.0,7
2021,198.0,0.0,46170,2.0,7
2021,198.0,0.0,46170,4.0,7
2021,198.0,0.0,46170,1.0,7
2021,198.0,0.0,46170,1.0,7
2021,198.0,0.0,46170,1.0,7
2021,198.0,0.0,46170,2.0,7
2021,198.0,0.0,46170,2.0,7
2021,198.0,0.0,46170,2.0,7
2021,198.0,0.0,46170,2.0,7
2021,198.0,0.0,46170,1.0,7
2021,198.0,0.0,46170,1.0,7
2021,198.0,0.0,46170,3.0,7
2021,198.0,0.0,46170,1.0,7
2021,198.0,0.0,46170,1.0,7
2021,198.0,0.0,46170,2.0,7
2021,198.0,0.0,46170,3.0,7
2021,198.0,0.0,46170,1.0,7
2021,198.0,0.0,46170,1.0,7
2021,198.0,0.0,46170,3.0,7
2021,198.0,0.0,46170,1.0,7
2021,198.0,0.0,46170,1.0,7
2021,198.0,0.0,46170,1.0,7
2021,198.0,0.0,46170,1.0,7
2021,198.0,0.0,46170,1.0,7
2021,198.0,0.0,46170,1.0,7
2021,198.0,0.0,46170,1.0,7
2021,198.0,0.0,46170,1.0,7
2021,198.0,0.0,46170,1.0,7
2021,198.0,0.0,46170,1.0,7
2021,198.0,0.0,46170,1.0,7
2021,198.0,0.0,46170,4.0,7
2021,198.0,0.0,46170,3.0,7
2021,198.0,0.0,46170,1.0,7
2021,198.0,0.0,46170,1.0,7
2021,198.0,0.0,46170,2.0,7
2021,198.0,0.0,46170,1.0,7
2021,198.0,0.0,46170,1.0,7
2021,198.0,0.0,46170,1.0,7
2021,198.0,0.0,46170,1.0,7
2021,198.0,0.0,46170,1.0,7
2021,198.0,0.0,46170,1.0,7
2021,198.0,0.0,46170,1.0,7
2021,198.0,0.0,46170,1.0,7
2021,198.0,0.0,46170,1.0,7
2021,198.0,0.0,46170,1.0,7
2021,198.0,0.0,46170,1.0,7
2021,198.0,0.0,46170,1.0,7
2021,198.0,0.0,46170,4.0,7
2021,198.0,0.0,46170,1.0,7
2021,198.0,0.0,46170,1.0,7
2021,198.0,0.0,46170,1.0,7
2021,198.0,0.0,46170,1.0,7
2021,198.0,0.0,46170,2.0,7
2021,198.0,0.0,46170,1.0,7
2021,198.0,0.0,46170,1.0,7
2021,198.0,0.0,46170,1.0,7
2021,198.0,0.0,46170,1.0,7
2021,198.0,0.0,46170,1.0,7
2021,198.0,0.0,46170,1.0,7
2021,198.0,0.0,46170,1.0,7
2021,198.0,0.0,46170,1.0,7
2021,198.0,0.0,46170,2.0,7
2021,198.0,0.0,46170,1.0,7
2021,198.0,0.0,46170,1.0,7
2021,198.0,0.0,46170,4.0,7
2021,198.0,0.0,46170,1.0,7
2021,198.0,0.0,46170,1.0,7
2021,198.0,0.0,46170,1.0,7
2021,198.0,0.0,46170,2.0,7
2021,198.0,0.0,46170,1.0,7
2021,198.0,0.0,46170,3.0,7
2021,198.0,0.0,46170,1.0,7
2021,198.0,0.0,46170,1.0,7
2021,198.0,0.0,46170,1.0,7
2021,198.0,0.0,46170,1.0,7
2021,198.0,0.0,46170,1.0,7
2021,198.0,0.0,46170,1.0,7
2021,198.0,0.0,46170,1.0,7
2021,198.0,0.0,46170,1.0,7
2021,198.0,0.0,46170,1.0,7
2021,198.0,0.0,46170,1.0,7
2021,198.0,0.0,46170,3.0,7
2021,198.0,0.0,46170,1.0,7
2021,198.0,0.0,46170,1.0,7
2021,198.0,0.0,46170,2.0,7
2021,198.0,0.0,46170,2.0,7
2021,198.0,0.0,46170,1.0,7
2021,198.0,0.0,46170,1.0,7
2021,198.0,0.0,46170,2.0,7
2021,198.0,0.0,46170,1.0,7
2021,198.0,0.0,46170,2.0,7
2021,198.0,0.0,46170,1.0,7
2021,198.0,0.0,46170,1.0,7
2021,198.0,0.0,46170,1.0,7
2021,198.0,0.0,46170,1.0,7
2021,198.0,0.0,46170,1.0,7
2021,198.0,0.0,46170,3.0,7
2021,198.0,0.0,46170,1.0,7
2021,198.0,0.0,46170,1.0,7
2021,198.0,0.0,46170,1.0,7
2021,198.0,0.0,46170,2.0,7
2021,198.0,0.0,46170,2.0,7
2021,198.0,0.0,46170,1.0,7
2021,198.0,0.0,46170,1.0,7
2021,198.0,0.0,46170,1.0,7
2021,198.0,0.0,46170,1.0,7
2021,198.0,0.0,46170,1.0,7
2021,198.0,0.0,46170,1.0,7
2021,198.0,0.0,46170,1.0,7
2021,198.0,0.0,46170,1.0,7
2021,198.0,0.0,46170,3.0,7
2021,198.0,0.0,46170,1.0,7
2021,198.0,0.0,46170,1.0,7
2021,198.0,0.0,46170,1.0,7
2021,198.0,0.0,46170,2.0,7
2021,198.0,0.0,46170,2.0,7
2021,198.0,0.0,46170,1.0,7
2021,198.0,0.0,46170,3.0,7
2021,198.0,0.0,46170,1.0,7
2021,198.0,0.0,46170,1.0,7
2021,198.0,0.0,46170,3.0,7
2021,198.0,0.0,46170,1.0,7
2021,198.0,0.0,46170,1.0,7
2021,198.0,0.0,46170,1.0,7
2021,198.0,0.0,46170,1.0,7
2021,198.0,0.0,46170,1.0,7
2021,198.0,0.0,46170,1.0,7
2021,198.0,0.0,46170,1.0,7
2021,198.0,0.0,46170,1.0,7
2021,198.0,0.0,46170,1.0,7
2021,198.0,0.0,46170,1.0,7
2021,198.0,0.0,46170,1.0,7
2021,198.0,0.0,46170,1.0,7
2021,198.0,0.0,46170,2.0,7
2021,198.0,0.0,46170,1.0,7
2021,198.0,0.0,46170,1.0,7
2021,198.0,0.0,46170,1.0,7
2021,198.0,0.0,46170,3.0,7
2021,198.0,0.0,46170,1.0,7
2021,198.0,0.0,46170,1.0,7
2021,198.0,0.0,46170,1.0,7
2021,198.0,0.0,46170,1.0,7
2021,198.0,0.0,46170,1.0,7
2021,198.0,0.0,46170,1.0,7
2021,198.0,0.0,46170,1.0,7
2021,198.0,0.0,46170,1.0,7
2021,198.0,0.0,46170,2.0,7
2021,198.0,0.0,46170,1.0,7
2021,198.0,0.0,46170,2.0,7
2021,198.0,0.0,46170,3.0,7
2021,198.0,0.0,46170,1.0,7
2021,198.0,0.0,46170,2.0,7
2021,198.0,0.0,46170,1.0,7
2021,198.0,0.0,46170,1.0,7
2021,198.0,0.0,46170,3.0,7
2021,198.0,0.0,46170,1.0,7
2021,198.0,0.0,46170,2.0,7
2021,198.0,0.0,46170,1.0,7
2021,198.0,0.0,46170,3.0,7
2021,198.0,0.0,46170,1.0,7
2021,198.0,0.0,46170,1.0,7
2021,198.0,0.0,46170,1.0,7
2021,198.0,0.0,46170,1.0,7
2021,198.0,0.0,46170,3.0,7
2021,198.0,0.0,46170,1.0,7
2021,198.0,0.0,46170,1.0,7
2021,198.0,0.0,46170,1.0,7
2021,198.0,0.0,46170,1.0,7
2021,198.0,0.0,46170,2.0,7
2021,198.0,0.0,46170,3.0,7
2021,198.0,0.0,46170,1.0,7
2021,198.0,0.0,46170,1.0,7
2021,198.0,0.0,46170,1.0,7
2021,198.0,0.0,46170,2.0,7
2021,198.0,0.0,46170,3.0,7
2021,198.0,0.0,46170,1.0,7
2021,198.0,0.0,46170,1.0,7
2021,198.0,0.0,46170,1.0,7
2021,198.0,0.0,46170,1.0,7
2021,198.0,0.0,46170,1.0,7
2021,198.0,0.0,46170,1.0,7
2021,198.0,0.0,46170,1.0,7
2021,198.0,0.0,46170,1.0,7
2021,198.0,0.0,46170,1.0,7
2021,198.0,0.0,46170,1.0,7
2021,198.0,0.0,46170,1.0,7
2021,198.0,0.0,46170,1.0,7
2021,198.0,0.0,46170,2.0,7
2021,198.0,0.0,46170,4.0,7
2021,198.0,0.0,46170,1.0,7
2021,198.0,0.0,46170,1.0,7
2021,198.0,0.0,46170,1.0,7
2021,198.0,0.0,46170,2.0,7
2021,198.0,0.0,46170,2.0,7
2021,198.0,0.0,46170,2.0,7
2021,198.0,0.0,46170,2.0,7
2021,198.0,0.0,46170,1.0,7
2021,198.0,0.0,46170,1.0,7
2021,198.0,0.0,46170,3.0,7
2021,198.0,0.0,46170,1.0,7
2021,198.0,0.0,46170,1.0,7
2021,198.0,0.0,46170,2.0,7
2021,198.0,0.0,46170,3.0,7
2021,198.0,0.0,46170,1.0,7
2021,198.0,0.0,46170,1.0,7
2021,198.0,0.0,46170,3.0,7
2021,198.0,0.0,46170,1.0,7
2021,198.0,0.0,46170,1.0,7
2021,198.0,0.0,46170,1.0,7
2021,198.0,0.0,46170,1.0,7
2021,198.0,0.0,46170,1.0,7
2021,198.0,0.0,46170,1.0,7
2021,198.0,0.0,46170,1.0,7
2021,198.0,0.0,46170,1.0,7
2021,198.0,0.0,46170,1.0,7
2021,198.0,0.0,46170,1.0,7
2021,198.0,0.0,46170,1.0,7
2021,198.0,0.0,46170,4.0,7
2021,198.0,0.0,46170,3.0,7
2021,198.0,0.0,46170,1.0,7
2021,198.0,0.0,46170,1.0,7
2021,198.0,0.0,46170,2.0,7
2021,198.0,0.0,46170,1.0,7
2021,198.0,0.0,46170,1.0,7
2021,198.0,0.0,46170,1.0,7
2021,198.0,0.0,46170,1.0,7
2021,198.0,0.0,46170,1.0,7
2021,198.0,0.0,46170,1.0,7
2021,198.0,0.0,46170,1.0,7
2021,198.0,0.0,46170,1.0,7
2021,198.0,0.0,46170,1.0,7
2021,198.0,0.0,46170,1.0,7
2021,198.0,0.0,46170,1.0,7
2021,198.0,0.0,46170,1.0,7
2021,198.0,0.0,46170,4.0,7
2021,198.0,0.0,46170,1.0,7
2021,198.0,0.0,46170,1.0,7
2021,198.0,0.0,46170,1.0,7
2021,198.0,0.0,46170,1.0,7
2021,198.0,0.0,46170,2.0,7
2021,198.0,0.0,46170,1.0,7
2021,198.0,0.0,46170,1.0,7
2021,198.0,0.0,46170,1.0,7
2021,198.0,0.0,46170,1.0,7
2021,198.0,0.0,46170,1.0,7
2021,198.0,0.0,46170,1.0,7
2021,198.0,0.0,46170,1.0,7
2021,198.0,0.0,46170,1.0,7
2021,198.0,0.0,46170,2.0,7
2021,198.0,0.0,46170,1.0,7
2021,198.0,0.0,46170,1.0,7
2021,198.0,0.0,46170,4.0,7
2021,198.0,0.0,46170,1.0,7
2021,198.0,0.0,46170,1.0,7
2021,198.0,0.0,46170,1.0,7
2021,198.0,0.0,46170,2.0,7
2021,198.0,0.0,46170,1.0,7
2021,198.0,0.0,46170,3.0,7
2021,198.0,0.0,46170,1.0,7
2021,198.0,0.0,46170,1.0,7
2020,143.0,0.0,50110,1.0,9
2020,143.0,0.0,50110,2.0,9
2020,143.0,0.0,50110,2.0,9
2020,143.0,0.0,50110,2.0,9
2020,143.0,0.0,50110,1.0,9
2020,143.0,0.0,50110,2.0,9
2020,143.0,0.0,50110,1.0,9
2020,143.0,0.0,50110,2.0,9
2020,143.0,0.0,50110,2.0,9
2020,143.0,0.0,50110,2.0,9
2020,143.0,0.0,50110,2.0,9
2020,143.0,0.0,50110,1.0,9
2020,143.0,0.0,50110,2.0,9
2020,143.0,0.0,50110,1.0,9
2020,143.0,0.0,50110,2.0,9
2020,143.0,0.0,50110,2.0,9
2020,143.0,0.0,50110,2.0,9
2020,143.0,0.0,50110,2.0,9
2020,143.0,0.0,50110,2.0,9
2020,143.0,0.0,50110,2.0,9
2020,143.0,0.0,50110,2.0,9
2020,143.0,0.0,50110,2.0,9
2020,143.0,0.0,50110,1.0,9
2020,143.0,0.0,50110,2.0,9
2020,143.0,0.0,50110,2.0,9
2020,143.0,0.0,50110,2.0,9
2020,143.0,0.0,50110,2.0,9
2020,143.0,0.0,50110,2.0,9
2020,143.0,0.0,50110,2.0,9
2020,143.0,0.0,50110,2.0,9
2020,143.0,0.0,50110,2.0,9
2020,143.0,0.0,50110,2.0,9
2020,143.0,0.0,50110,2.0,9
2020,143.0,0.0,50110,2.0,9
2020,143.0,0.0,50110,2.0,9
2020,143.0,0.0,50110,2.0,9
2020,143.0,0.0,50110,2.0,9
2020,143.0,0.0,50110,2.0,9
2020,143.0,0.0,50110,1.0,9
2020,143.0,0.0,50110,2.0,9
2020,277.0,0.0,50130,2.0,8
2020,277.0,0.0,50130,2.0,8
2020,277.0,0.0,50130,2.0,8
2020,277.0,0.0,50130,2.0,8
2020,277.0,0.0,50130,2.0,8
2020,277.0,0.0,50130,2.0,8
2020,277.0,0.0,50130,2.0,8
2020,277.0,0.0,50130,2.0,8
2020,277.0,0.0,50130,2.0,8
2020,277.0,0.0,50130,2.0,9
2020,277.0,0.0,50130,2.0,9
2020,277.0,0.0,50130,2.0,9
2020,277.0,0.0,50130,2.0,9
2020,277.0,0.0,50130,2.0,9
2020,277.0,0.0,50130,2.0,9
2020,277.0,0.0,50130,2.0,9
2020,277.0,0.0,50130,2.0,9
2020,277.0,0.0,50130,2.0,9
2020,277.0,0.0,50130,2.0,9
2020,277.0,0.0,50130,1.0,9
2020,277.0,0.0,50130,2.0,9
2020,277.0,0.0,50130,2.0,9
2020,277.0,0.0,50130,2.0,9
2020,277.0,0.0,50130,2.0,9
2020,277.0,0.0,50130,2.0,9
2020,277.0,0.0,50130,2.0,9
2020,277.0,0.0,50130,2.0,9
2020,277.0,0.0,50130,2.0,9
2020,277.0,0.0,50130,2.0,9
2020,277.0,0.0,50130,1.0,9
2020,277.0,0.0,50130,2.0,9
2020,277.0,0.0,50130,3.0,9
2020,277.0,0.0,50130,2.0,9
2020,277.0,0.0,50130,2.0,9
2020,277.0,0.0,50130,2.0,8
2020,277.0,0.0,50130,2.0,8
2020,277.0,0.0,50130,2.0,8
2020,277.0,0.0,50130,2.0,8
2020,277.0,0.0,50130,2.0,9
2020,277.0,0.0,50130,2.0,9
2020,277.0,0.0,50130,2.0,8
2020,277.0,0.0,50130,1.0,9
2020,277.0,0.0,50130,2.0,8
2020,277.0,0.0,50130,1.0,9
2020,277.0,0.0,50130,2.0,8
2020,277.0,0.0,50130,2.0,8
2020,277.0,0.0,50130,2.0,9
2020,277.0,0.0,50130,2.0,9
2020,277.0,0.0,50130,2.0,9
2020,277.0,0.0,50130,2.0,9
2020,277.0,0.0,50130,1.0,9
2020,277.0,0.0,50130,2.0,9
2020,277.0,0.0,50130,2.0,8
2020,277.0,0.0,50130,2.0,8
2020,277.0,0.0,50130,2.0,8
2020,277.0,0.0,50130,2.0,9
2020,277.0,0.0,50130,2.0,8
2020,277.0,0.0,50130,2.0,9
2020,277.0,0.0,50130,2.0,8
2020,277.0,0.0,50130,2.0,9
2020,277.0,0.0,50130,2.0,8
2020,277.0,0.0,50130,1.0,9
2020,277.0,0.0,50130,1.0,9
2020,277.0,0.0,50130,2.0,8
2020,277.0,0.0,50130,2.0,8
2020,277.0,0.0,50130,2.0,9
2020,277.0,0.0,50130,2.0,8
2020,277.0,0.0,50130,2.0,9
2020,277.0,0.0,50130,2.0,9
2020,277.0,0.0,50130,2.0,9
2020,277.0,0.0,50130,2.0,9
2020,277.0,0.0,50130,2.0,9
2020,277.0,0.0,50130,2.0,9
2020,277.0,0.0,50130,2.0,9
2020,277.0,0.0,50130,2.0,9
2020,277.0,0.0,50130,2.0,9
2020,277.0,0.0,50130,2.0,9
2020,277.0,0.0,50130,1.0,9
2020,277.0,0.0,50130,2.0,9
2020,277.0,0.0,50130,2.0,9
2020,277.0,0.0,50130,1.0,9
2020,277.0,0.0,50130,2.0,9
2020,277.0,0.0,50130,1.0,9
2020,277.0,0.0,50130,2.0,8
2020,277.0,0.0,50130,2.0,9
2020,277.0,0.0,50130,2.0,8
2020,277.0,0.0,50130,2.0,9
2020,277.0,0.0,50130,2.0,9
2020,277.0,0.0,50130,2.0,8
2020,277.0,0.0,50130,1.0,9
2020,277.0,0.0,50130,1.0,9
2020,277.0,0.0,50130,2.0,9
2020,277.0,0.0,50130,1.0,9
2020,277.0,0.0,50130,2.0,9
2020,277.0,0.0,50130,2.0,9
2020,277.0,0.0,50130,2.0,9
2020,277.0,0.0,50130,2.0,9
2020,277.0,0.0,50130,2.0,9
2020,277.0,0.0,50130,2.0,9
2020,277.0,0.0,50130,1.0,9
2020,277.0,0.0,50130,2.0,9
2020,277.0,0.0,50130,2.0,9
2020,277.0,0.0,50130,2.0,8
2020,277.0,0.0,50130,2.0,9
2020,277.0,0.0,50130,2.0,9
2020,277.0,0.0,50130,2.0,8
2020,277.0,0.0,50130,2.0,8
2020,277.0,0.0,50130,3.0,9
2020,277.0,0.0,50130,2.0,9
2020,277.0,0.0,50130,2.0,8
2021,88.0,0.0,50110,2.0,9
2021,88.0,0.0,50110,2.0,9
2021,88.0,0.0,50110,2.0,9
2021,88.0,0.0,50110,2.0,9
2021,88.0,0.0,50110,2.0,9
2021,88.0,0.0,50110,2.0,9
2021,88.0,0.0,50110,2.0,9
2021,88.0,0.0,50110,2.0,9
2021,88.0,0.0,50110,2.0,9
2021,88.0,0.0,50110,2.0,9
2021,88.0,0.0,50110,2.0,9
2021,88.0,0.0,50110,2.0,9
2021,88.0,0.0,50110,2.0,9
2021,88.0,0.0,50110,1.0,9
2021,88.0,0.0,50110,1.0,9
2021,88.0,0.0,50110,1.0,9
2021,88.0,0.0,50110,2.0,9
2021,88.0,0.0,50110,1.0,9
2021,88.0,0.0,50110,1.0,9
2021,88.0,0.0,50110,1.0,9
2021,88.0,0.0,50110,2.0,9
2021,88.0,0.0,50110,2.0,9
2021,88.0,0.0,50110,2.0,9
2021,88.0,0.0,50110,2.0,9
2021,88.0,0.0,50110,2.0,9
2021,88.0,0.0,50110,2.0,9
2021,88.0,0.0,50110,2.0,9
2021,88.0,0.0,50110,2.0,9
2021,88.0,0.0,50110,2.0,9
2021,88.0,0.0,50110,2.0,9
2021,88.0,0.0,50110,2.0,9
2021,88.0,0.0,50110,2.0,9
2021,88.0,0.0,50110,2.0,9
2021,88.0,0.0,50110,2.0,9
2021,88.0,0.0,50110,2.0,9
2021,88.0,0.0,50110,2.0,9
2021,88.0,0.0,50110,2.0,9
2021,88.0,0.0,50110,2.0,9
2021,88.0,0.0,50110,2.0,9
2021,88.0,0.0,50110,2.0,9
2021,88.0,0.0,50110,2.0,9
2021,88.0,0.0,50110,2.0,9
2021,88.0,0.0,50110,1.0,9
2020,198.0,0.0,43760,2.0,7
2020,198.0,0.0,43760,1.0,7
2020,198.0,0.0,43760,1.0,7
2020,198.0,0.0,43760,1.0,7
2020,198.0,0.0,43760,1.0,7
2020,198.0,0.0,43760,1.0,7
2020,198.0,0.0,43760,2.0,7
2020,198.0,0.0,43760,2.0,7
2020,198.0,0.0,43760,2.0,7
2020,198.0,0.0,43760,2.0,7
2020,198.0,0.0,43760,2.0,7
2020,198.0,0.0,43760,1.0,7
2020,198.0,0.0,43760,2.0,7
2020,198.0,0.0,43760,1.0,7
2020,198.0,0.0,43760,1.0,7
2020,198.0,0.0,43760,1.0,7
2020,198.0,0.0,43760,1.0,7
2020,198.0,0.0,43760,2.0,7
2020,198.0,0.0,43760,1.0,7
2022,100.0,0.0,43113,3.0,8
2022,100.0,0.0,43113,6.0,8
2022,100.0,0.0,43113,6.0,8
2022,100.0,0.0,43113,6.0,8
2021,198.0,0.0,43800,1.0,8
2021,198.0,0.0,43800,1.0,8
2021,198.0,0.0,43800,1.0,8
2021,198.0,0.0,47113,2.0,8
2020,198.0,0.0,48890,3.0,8
2020,198.0,0.0,48890,2.0,8
2020,198.0,0.0,48890,2.0,8
2020,198.0,0.0,48890,3.0,8
2020,198.0,0.0,48890,2.0,8
2020,198.0,0.0,48890,3.0,8
2020,198.0,0.0,48890,6.0,8
2020,198.0,0.0,48890,3.0,8
2020,198.0,0.0,48890,5.0,8
2020,198.0,0.0,48890,3.0,8
2020,198.0,0.0,48890,3.0,8
2020,198.0,0.0,48890,3.0,8
2020,198.0,0.0,48890,2.0,8
2020,198.0,0.0,48890,2.0,8
2020,198.0,0.0,48890,2.0,8
2020,198.0,0.0,48890,5.0,8
2020,198.0,0.0,48890,3.0,8
2020,198.0,0.0,48890,3.0,8
2020,198.0,0.0,48890,5.0,8
2020,198.0,0.0,48890,2.0,8
2020,198.0,0.0,48890,2.0,8
2020,198.0,0.0,48890,2.0,8
2020,198.0,0.0,48890,5.0,8
2020,198.0,0.0,48890,3.0,8
2020,198.0,0.0,48890,2.0,8
2020,198.0,0.0,48890,3.0,8
2020,198.0,0.0,48890,3.0,8
2020,198.0,0.0,48890,5.0,8
2020,198.0,0.0,48890,6.0,8
2020,198.0,0.0,48890,5.0,8
2020,198.0,0.0,48890,3.0,8
2020,198.0,0.0,48890,2.0,8
2020,198.0,0.0,48890,3.0,8
2020,198.0,0.0,48890,2.0,8
2020,198.0,0.0,48890,2.0,8
2020,198.0,0.0,48890,5.0,8
2020,198.0,0.0,48890,3.0,8
2020,198.0,0.0,48890,3.0,8
2020,198.0,0.0,48890,2.0,8
2020,198.0,0.0,48890,2.0,8
2020,198.0,0.0,48890,2.0,8
2020,198.0,0.0,48890,2.0,8
2020,198.0,0.0,48890,5.0,8
2020,198.0,0.0,48890,3.0,8
2020,198.0,0.0,48890,2.0,8
2020,198.0,0.0,48890,2.0,8
2020,198.0,0.0,48890,2.0,8
2020,198.0,0.0,48890,2.0,8
2020,198.0,0.0,48890,2.0,8
2020,198.0,0.0,48890,5.0,8
2020,198.0,0.0,48890,2.0,8
2020,198.0,0.0,48890,2.0,8
2020,198.0,0.0,48890,2.0,8
2020,198.0,0.0,48890,6.0,8
2020,198.0,0.0,48890,5.0,8
2020,198.0,0.0,48890,5.0,8
2020,198.0,0.0,48890,5.0,8
2020,198.0,0.0,48890,2.0,8
2020,198.0,0.0,48890,2.0,8
2020,198.0,0.0,48890,5.0,8
2020,198.0,0.0,48890,2.0,8
2020,198.0,0.0,48890,3.0,8
2020,198.0,0.0,48890,2.0,8
2020,198.0,0.0,48890,2.0,8
2020,198.0,0.0,48890,5.0,8
2020,198.0,0.0,48890,2.0,8
2020,198.0,0.0,48890,3.0,8
2020,198.0,0.0,48890,2.0,8
2020,198.0,0.0,48890,3.0,8
2020,198.0,0.0,48890,2.0,8
2020,198.0,0.0,48890,2.0,8
2020,198.0,0.0,48890,2.0,8
2020,198.0,0.0,48890,5.0,8
2020,198.0,0.0,48890,5.0,8
2020,198.0,0.0,48890,2.0,8
2020,198.0,0.0,48890,3.0,8
2020,198.0,0.0,48890,6.0,8
2020,198.0,0.0,48890,6.0,8
2020,198.0,0.0,48890,6.0,8
2020,198.0,0.0,48890,3.0,8
2020,198.0,0.0,48890,3.0,8
2020,198.0,0.0,48890,2.0,8
2020,198.0,0.0,48890,3.0,8
2020,198.0,0.0,48890,2.0,8
2020,198.0,0.0,48890,2.0,8
2020,198.0,0.0,48890,5.0,8
2020,198.0,0.0,48890,5.0,8
2020,198.0,0.0,48890,6.0,8
2020,198.0,0.0,48890,3.0,8
2020,198.0,0.0,48890,6.0,8
2020,198.0,0.0,48890,5.0,8
2020,198.0,0.0,48890,5.0,8
2020,198.0,0.0,48890,2.0,8
2020,198.0,0.0,48890,6.0,8
2020,198.0,0.0,48890,5.0,8
2020,198.0,0.0,48890,5.0,8
2020,198.0,0.0,48890,6.0,8
2020,198.0,0.0,48890,6.0,8
2020,198.0,0.0,48890,2.0,8
2020,198.0,0.0,48890,2.0,8
2020,198.0,0.0,48890,2.0,8
2020,198.0,0.0,48890,6.0,8
2020,198.0,0.0,48890,2.0,8
2020,198.0,0.0,48890,2.0,8
2020,198.0,0.0,48890,6.0,8
2020,198.0,0.0,48890,2.0,8
2020,198.0,0.0,48890,2.0,8
2020,198.0,0.0,48890,5.0,8
2020,198.0,0.0,48890,6.0,8
2020,198.0,0.0,48890,2.0,8
2020,198.0,0.0,48890,5.0,8
2020,198.0,0.0,48890,2.0,8
2020,198.0,0.0,48890,2.0,8
2020,198.0,0.0,48890,5.0,8
2020,198.0,0.0,48890,6.0,8
2020,198.0,0.0,48890,3.0,8
2020,198.0,0.0,48890,3.0,8
2020,198.0,0.0,48890,2.0,8
2020,198.0,0.0,48890,3.0,8
2020,198.0,0.0,48890,5.0,8
2020,198.0,0.0,48890,5.0,8
2020,198.0,0.0,48890,3.0,8
2020,198.0,0.0,48890,6.0,8
2020,198.0,0.0,48890,6.0,8
2020,198.0,0.0,48890,6.0,8
2020,198.0,0.0,48890,2.0,8
2020,198.0,0.0,48890,5.0,8
2020,198.0,0.0,48890,2.0,8
2020,198.0,0.0,48890,6.0,8
2020,198.0,0.0,48890,2.0,8
2020,198.0,0.0,48890,3.0,8
2020,198.0,0.0,48890,2.0,8
2020,198.0,0.0,48890,5.0,8
2020,198.0,0.0,48890,5.0,8
2020,198.0,0.0,48890,5.0,8
2020,198.0,0.0,48890,2.0,8
2020,198.0,0.0,48890,3.0,8
2020,198.0,0.0,48890,3.0,8
2020,198.0,0.0,48890,2.0,8
2020,198.0,0.0,48890,2.0,8
2020,198.0,0.0,48890,5.0,8
2020,198.0,0.0,48890,6.0,8
2020,198.0,0.0,48890,6.0,8
2020,198.0,0.0,48890,2.0,8
2020,198.0,0.0,48890,3.0,8
2020,198.0,0.0,48890,3.0,8
2020,198.0,0.0,48890,2.0,8
2020,198.0,0.0,48890,3.0,8
2020,198.0,0.0,48890,2.0,8
2020,198.0,0.0,48890,3.0,8
2020,198.0,0.0,48890,3.0,8
2020,198.0,0.0,48890,5.0,8
2020,198.0,0.0,48890,5.0,8
2020,198.0,0.0,48890,2.0,8
2020,198.0,0.0,48890,6.0,8
2020,198.0,0.0,48890,6.0,8
2020,198.0,0.0,48890,3.0,8
2020,198.0,0.0,48890,6.0,8
2020,198.0,0.0,48890,6.0,8
2020,198.0,0.0,48890,2.0,8
2020,198.0,0.0,48890,2.0,8
2020,198.0,0.0,48890,5.0,8
2020,198.0,0.0,48890,2.0,8
2020,198.0,0.0,48890,5.0,8
2020,198.0,0.0,48890,3.0,8
2020,198.0,0.0,48890,2.0,8
2020,198.0,0.0,48890,2.0,8
2020,198.0,0.0,48890,3.0,8
2020,198.0,0.0,48890,2.0,8
2020,198.0,0.0,48890,2.0,8
2020,198.0,0.0,48890,6.0,8
2020,198.0,0.0,48890,3.0,8
2020,198.0,0.0,48890,2.0,8
2020,198.0,0.0,48890,2.0,8
2020,198.0,0.0,48890,2.0,8
2020,198.0,0.0,48890,6.0,8
2020,198.0,0.0,48890,6.0,8
2020,198.0,0.0,48890,6.0,8
2020,198.0,0.0,48890,3.0,8
2020,198.0,0.0,48890,2.0,8
2020,198.0,0.0,48890,2.0,8
2020,198.0,0.0,48890,2.0,8
2020,198.0,0.0,48890,3.0,8
2020,198.0,0.0,48890,2.0,8
2020,198.0,0.0,48890,5.0,8
2020,198.0,0.0,48890,2.0,8
2020,198.0,0.0,48890,6.0,8
2020,198.0,0.0,48890,5.0,8
2020,198.0,0.0,48890,2.0,8
2020,198.0,0.0,48890,3.0,8
2020,198.0,0.0,48890,2.0,8
2020,198.0,0.0,48890,2.0,8
2020,198.0,0.0,48890,5.0,8
2020,198.0,0.0,48890,3.0,8
2020,198.0,0.0,48890,2.0,8
2020,198.0,0.0,48890,5.0,8
2020,198.0,0.0,48890,6.0,8
2020,198.0,0.0,48890,2.0,8
2020,198.0,0.0,48890,2.0,8
2020,198.0,0.0,48890,6.0,8
2020,198.0,0.0,48890,6.0,8
2020,198.0,0.0,48890,6.0,8
2020,198.0,0.0,48890,2.0,8
2020,198.0,0.0,48890,5.0,8
2020,198.0,0.0,48890,5.0,8
2020,198.0,0.0,48890,3.0,8
2020,198.0,0.0,48890,3.0,8
2020,198.0,0.0,48890,6.0,8
2020,198.0,0.0,48890,3.0,8
2020,198.0,0.0,48890,6.0,8
2020,198.0,0.0,48890,2.0,8
2020,198.0,0.0,48890,6.0,8
2020,198.0,0.0,48890,5.0,8
2020,198.0,0.0,48890,2.0,8
2020,198.0,0.0,48890,2.0,8
2020,198.0,0.0,48890,6.0,8
2020,198.0,0.0,48890,6.0,8
2020,198.0,0.0,48890,5.0,8
2020,198.0,0.0,48890,3.0,8
2020,198.0,0.0,48890,6.0,8
2020,198.0,0.0,48890,3.0,8
2020,198.0,0.0,48890,2.0,8
2020,198.0,0.0,48890,2.0,8
2020,198.0,0.0,48890,2.0,8
2020,198.0,0.0,48890,3.0,8
2020,198.0,0.0,48890,2.0,8
2020,198.0,0.0,48890,2.0,8
2020,198.0,0.0,48890,2.0,8
2020,198.0,0.0,48890,2.0,8
2020,198.0,0.0,48890,2.0,8
2020,198.0,0.0,48890,6.0,8
2020,198.0,0.0,48890,3.0,8
2020,198.0,0.0,48890,5.0,8
2020,198.0,0.0,48890,3.0,8
2020,198.0,0.0,48890,5.0,8
2020,198.0,0.0,48890,2.0,8
2020,198.0,0.0,48890,2.0,8
2020,198.0,0.0,48890,3.0,8
2020,198.0,0.0,48890,2.0,8
2020,198.0,0.0,48890,6.0,8
2020,198.0,0.0,48890,5.0,8
2020,198.0,0.0,48890,2.0,8
2020,198.0,0.0,48890,5.0,8
2020,198.0,0.0,48890,2.0,8
2020,198.0,0.0,48890,3.0,8
2020,198.0,0.0,48890,2.0,8
2020,198.0,0.0,48890,3.0,8
2020,198.0,0.0,48890,5.0,8
2020,198.0,0.0,48890,3.0,8
2020,198.0,0.0,48890,6.0,8
2020,198.0,0.0,48890,5.0,8
2020,198.0,0.0,48890,2.0,8
2020,198.0,0.0,48890,5.0,8
2020,198.0,0.0,48890,3.0,8
2020,198.0,0.0,48890,2.0,8
2020,198.0,0.0,48890,2.0,8
2020,198.0,0.0,48890,2.0,8
2020,198.0,0.0,48890,2.0,8
2020,198.0,0.0,48890,3.0,8
2020,198.0,0.0,48890,6.0,8
2020,198.0,0.0,48890,5.0,8
2020,198.0,0.0,48890,2.0,8
2020,198.0,0.0,48890,2.0,8
2020,198.0,0.0,48890,2.0,8
2020,198.0,0.0,48890,2.0,8
2020,198.0,0.0,48890,5.0,8
2020,198.0,0.0,48890,6.0,8
2020,198.0,0.0,48890,5.0,8
2020,198.0,0.0,48890,2.0,8
2020,198.0,0.0,48890,2.0,8
2020,198.0,0.0,48890,2.0,8
2020,198.0,0.0,48890,5.0,8
2020,198.0,0.0,48890,3.0,8
2020,198.0,0.0,48890,5.0,8
2020,198.0,0.0,48890,2.0,8
2020,198.0,0.0,48890,2.0,8
2020,198.0,0.0,48890,6.0,8
2020,198.0,0.0,48890,5.0,8
2020,198.0,0.0,48890,5.0,8
2020,198.0,0.0,48890,3.0,8
2020,198.0,0.0,48890,5.0,8
2020,198.0,0.0,48890,3.0,8
2020,198.0,0.0,48890,2.0,8
2020,198.0,0.0,48890,2.0,8
2020,198.0,0.0,48890,5.0,8
2020,198.0,0.0,48890,3.0,8
2020,198.0,0.0,48890,2.0,8
2020,198.0,0.0,48890,6.0,8
2020,198.0,0.0,48890,3.0,8
2020,198.0,0.0,48890,2.0,8
2020,198.0,0.0,48890,2.0,8
2020,198.0,0.0,48890,3.0,8
2020,198.0,0.0,48890,2.0,8
2020,198.0,0.0,48890,3.0,8
2020,198.0,0.0,48890,5.0,8
2020,198.0,0.0,48890,3.0,8
2020,198.0,0.0,48890,3.0,8
2020,198.0,0.0,48890,2.0,8
2020,198.0,0.0,48890,6.0,8
2020,198.0,0.0,48890,2.0,8
2020,198.0,0.0,48890,2.0,8
2020,198.0,0.0,48890,2.0,8
2020,198.0,0.0,48890,6.0,8
2020,198.0,0.0,48890,5.0,8
2020,198.0,0.0,48890,2.0,8
2020,198.0,0.0,48890,2.0,8
2020,198.0,0.0,48890,3.0,8
2020,198.0,0.0,48890,2.0,8
2020,198.0,0.0,48890,6.0,8
2020,198.0,0.0,48890,2.0,8
2020,198.0,0.0,48890,5.0,8
2020,198.0,0.0,48890,3.0,8
2020,198.0,0.0,48890,5.0,8
2020,198.0,0.0,48890,6.0,8
2020,198.0,0.0,48890,5.0,8
2020,198.0,0.0,48890,2.0,8
2020,198.0,0.0,48890,3.0,8
2020,198.0,0.0,48890,6.0,8
2020,198.0,0.0,48890,6.0,8
2020,198.0,0.0,48890,5.0,8
2020,198.0,0.0,48890,3.0,8
2020,198.0,0.0,48890,2.0,8
2020,198.0,0.0,48890,6.0,8
2020,198.0,0.0,48890,2.0,8
2020,198.0,0.0,48890,6.0,8
2020,198.0,0.0,48890,2.0,8
2020,198.0,0.0,48890,3.0,8
2020,198.0,0.0,48890,2.0,8
2020,198.0,0.0,48890,6.0,8
2020,198.0,0.0,48890,2.0,8
2020,198.0,0.0,48890,6.0,8
2020,198.0,0.0,48890,2.0,8
2020,198.0,0.0,48890,2.0,8
2020,198.0,0.0,48890,6.0,8
2020,198.0,0.0,48890,5.0,8
2020,198.0,0.0,48890,2.0,8
2020,198.0,0.0,48890,2.0,8
2020,198.0,0.0,48890,2.0,8
2020,198.0,0.0,48890,6.0,8
2020,198.0,0.0,48890,2.0,8
2020,198.0,0.0,48890,2.0,8
2020,198.0,0.0,48890,2.0,8
2020,198.0,0.0,48890,5.0,8
2020,198.0,0.0,48890,2.0,8
2020,198.0,0.0,48890,5.0,8
2020,198.0,0.0,48890,5.0,8
2020,198.0,0.0,48890,6.0,8
2020,198.0,0.0,48890,6.0,8
2020,198.0,0.0,48890,5.0,8
2020,198.0,0.0,48890,2.0,8
2020,198.0,0.0,48890,2.0,8
2020,198.0,0.0,48890,2.0,8
2020,198.0,0.0,48890,3.0,8
2020,198.0,0.0,48890,2.0,8
2020,198.0,0.0,48890,3.0,8
2020,198.0,0.0,48890,5.0,8
2020,198.0,0.0,48890,3.0,8
2020,198.0,0.0,48890,5.0,8
2020,198.0,0.0,48890,3.0,8
2020,198.0,0.0,48890,2.0,8
2020,198.0,0.0,48890,3.0,8
2020,198.0,0.0,48890,5.0,8
2020,198.0,0.0,48890,6.0,8
2020,198.0,0.0,48890,5.0,8
2020,198.0,0.0,48890,6.0,8
2020,198.0,0.0,48890,3.0,8
2020,198.0,0.0,48890,3.0,8
2020,198.0,0.0,48890,3.0,8
2020,198.0,0.0,48890,2.0,8
2020,198.0,0.0,48890,5.0,8
2020,198.0,0.0,48890,3.0,8
2020,198.0,0.0,48890,6.0,8
2020,198.0,0.0,48890,2.0,8
2020,198.0,0.0,48890,2.0,8
2020,198.0,0.0,48890,5.0,8
2020,198.0,0.0,48890,6.0,8
2020,198.0,0.0,48890,2.0,8
2020,198.0,0.0,48890,3.0,8
2020,198.0,0.0,48890,6.0,8
2020,198.0,0.0,48890,3.0,8
2020,198.0,0.0,48890,3.0,8
2020,198.0,0.0,48890,2.0,8
2020,198.0,0.0,48890,2.0,8
2020,198.0,0.0,48890,2.0,8
2020,198.0,0.0,48890,5.0,8
2020,198.0,0.0,48890,3.0,8
2020,198.0,0.0,48890,2.0,8
2020,198.0,0.0,48890,5.0,8
2020,198.0,0.0,48890,2.0,8
2020,198.0,0.0,48890,5.0,8
2020,198.0,0.0,48890,2.0,8
2020,198.0,0.0,48890,2.0,8
2020,198.0,0.0,48890,2.0,8
2020,198.0,0.0,48890,2.0,8
2020,198.0,0.0,48890,5.0,8
2020,198.0,0.0,48890,5.0,8
2020,198.0,0.0,48890,3.0,8
2020,198.0,0.0,48890,2.0,8
2020,198.0,0.0,48890,5.0,8
2020,198.0,0.0,48890,6.0,8
2020,198.0,0.0,48890,5.0,8
2020,198.0,0.0,48890,2.0,8
2020,198.0,0.0,48890,3.0,8
2020,198.0,0.0,48890,2.0,8
2020,198.0,0.0,48890,5.0,8
2020,198.0,0.0,48890,3.0,8
2020,198.0,0.0,48890,3.0,8
2020,198.0,0.0,48890,2.0,8
2020,198.0,0.0,48890,2.0,8
2020,198.0,0.0,48890,3.0,8
2020,198.0,0.0,48890,2.0,8
2020,198.0,0.0,48890,6.0,8
2020,198.0,0.0,48890,2.0,8
2020,198.0,0.0,48890,3.0,8
2020,198.0,0.0,48890,2.0,8
2020,198.0,0.0,48890,2.0,8
2020,198.0,0.0,48890,2.0,8
2020,198.0,0.0,48890,6.0,8
2020,198.0,0.0,48890,5.0,8
2020,198.0,0.0,48890,6.0,8
2020,198.0,0.0,48890,2.0,8
2020,198.0,0.0,48890,2.0,8
2020,198.0,0.0,48890,5.0,8
2020,198.0,0.0,48890,5.0,8
2020,198.0,0.0,48890,5.0,8
2020,198.0,0.0,48890,2.0,8
2020,198.0,0.0,48890,6.0,8
2020,198.0,0.0,48890,2.0,8
2020,198.0,0.0,48890,2.0,8
2020,198.0,0.0,48890,2.0,8
2020,198.0,0.0,48890,2.0,8
2020,198.0,0.0,48890,2.0,8
2020,198.0,0.0,48890,3.0,8
2020,198.0,0.0,48890,6.0,8
2020,198.0,0.0,48890,6.0,8
2020,198.0,0.0,48890,6.0,8
2020,198.0,0.0,48890,5.0,8
2020,198.0,0.0,48890,5.0,8
2020,198.0,0.0,48890,3.0,8
2020,198.0,0.0,48890,6.0,8
2020,198.0,0.0,48890,2.0,8
2020,198.0,0.0,48890,3.0,8
2020,198.0,0.0,48890,3.0,8
2020,198.0,0.0,48890,3.0,8
2020,198.0,0.0,48890,6.0,8
2020,198.0,0.0,48890,2.0,8
2020,198.0,0.0,48890,5.0,8
2020,198.0,0.0,48890,6.0,8
2020,198.0,0.0,48890,3.0,8
2020,198.0,0.0,48890,2.0,8
2020,198.0,0.0,48890,6.0,8
2020,198.0,0.0,48890,3.0,8
2020,198.0,0.0,48890,6.0,8
2020,198.0,0.0,48890,6.0,8
2020,198.0,0.0,48890,3.0,8
2020,198.0,0.0,48890,2.0,8
2020,198.0,0.0,48890,5.0,8
2020,198.0,0.0,48890,6.0,8
2020,198.0,0.0,48890,3.0,8
2020,198.0,0.0,48890,2.0,8
2020,198.0,0.0,48890,6.0,8
2020,198.0,0.0,48890,5.0,8
2020,198.0,0.0,48890,2.0,8
2020,198.0,0.0,48890,5.0,8
2020,198.0,0.0,48890,2.0,8
2020,198.0,0.0,48890,2.0,8
2020,198.0,0.0,48890,2.0,8
2020,198.0,0.0,48890,2.0,8
2020,198.0,0.0,48890,3.0,8
2020,198.0,0.0,48890,2.0,8
2020,198.0,0.0,48890,2.0,8
2020,198.0,0.0,48890,3.0,8
2020,198.0,0.0,48890,2.0,8
2020,198.0,0.0,48890,3.0,8
2020,198.0,0.0,48890,3.0,8
2020,198.0,0.0,48890,5.0,8
2020,198.0,0.0,48890,6.0,8
2020,198.0,0.0,48890,2.0,8
2020,198.0,0.0,48890,5.0,8
2020,198.0,0.0,48890,2.0,8
2020,198.0,0.0,48890,2.0,8
2020,198.0,0.0,48890,2.0,8
2020,198.0,0.0,48890,2.0,8
2020,198.0,0.0,48890,2.0,8
2020,198.0,0.0,48890,6.0,8
2020,198.0,0.0,48890,2.0,8
2020,198.0,0.0,48890,5.0,8
2020,198.0,0.0,48890,6.0,8
2020,198.0,0.0,48890,5.0,8
2020,198.0,0.0,48890,2.0,8
2020,198.0,0.0,48890,3.0,8
2020,198.0,0.0,48890,2.0,8
2020,198.0,0.0,48890,3.0,8
2020,198.0,0.0,48890,6.0,8
2020,198.0,0.0,48890,2.0,8
2020,198.0,0.0,48890,3.0,8
2020,198.0,0.0,48890,5.0,8
2020,198.0,0.0,48890,6.0,8
2020,198.0,0.0,48890,3.0,8
2020,198.0,0.0,48890,5.0,8
2020,198.0,0.0,48890,2.0,8
2020,198.0,0.0,48890,2.0,8
2020,198.0,0.0,48890,2.0,8
2020,198.0,0.0,48890,5.0,8
2020,198.0,0.0,48890,3.0,8
2020,198.0,0.0,48890,5.0,8
2020,198.0,0.0,48890,6.0,8
2020,198.0,0.0,48890,5.0,8
2020,198.0,0.0,48890,2.0,8
2020,198.0,0.0,48890,5.0,8
2020,198.0,0.0,48890,5.0,8
2020,198.0,0.0,48890,5.0,8
2020,198.0,0.0,48890,5.0,8
2020,198.0,0.0,48890,2.0,8
2020,198.0,0.0,48890,2.0,8
2020,198.0,0.0,48890,6.0,8
2020,198.0,0.0,48890,2.0,8
2020,198.0,0.0,48890,6.0,8
2020,198.0,0.0,48890,6.0,8
2020,198.0,0.0,48890,5.0,8
2020,198.0,0.0,48890,2.0,8
2020,198.0,0.0,48890,3.0,8
2020,198.0,0.0,48890,2.0,8
2020,198.0,0.0,48890,2.0,8
2020,198.0,0.0,48890,6.0,8
2020,198.0,0.0,48890,5.0,8
2020,198.0,0.0,48890,6.0,8
2020,198.0,0.0,48890,5.0,8
2020,198.0,0.0,48890,5.0,8
2020,198.0,0.0,48890,5.0,8
2020,198.0,0.0,48890,5.0,8
2020,198.0,0.0,48890,2.0,8
2020,198.0,0.0,48890,6.0,8
2020,198.0,0.0,48890,5.0,8
2020,198.0,0.0,48890,3.0,8
2020,198.0,0.0,48890,2.0,8
2020,198.0,0.0,48890,5.0,8
2020,198.0,0.0,48890,3.0,8
2020,198.0,0.0,48890,2.0,8
2020,198.0,0.0,48890,2.0,8
2020,198.0,0.0,48890,3.0,8
2020,198.0,0.0,48890,2.0,8
2020,198.0,0.0,48890,2.0,8
2020,198.0,0.0,48890,3.0,8
2020,198.0,0.0,48890,2.0,8
2020,198.0,0.0,48890,2.0,8
2020,198.0,0.0,48890,2.0,8
2020,198.0,0.0,48890,3.0,8
2020,198.0,0.0,48890,5.0,8
2020,198.0,0.0,48890,2.0,8
2020,198.0,0.0,48890,6.0,8
2020,198.0,0.0,48890,5.0,8
2020,198.0,0.0,48890,5.0,8
2020,198.0,0.0,48890,6.0,8
2020,198.0,0.0,48890,2.0,8
2020,198.0,0.0,48890,2.0,8
2020,198.0,0.0,48890,3.0,8
2020,198.0,0.0,48890,2.0,8
2020,198.0,0.0,48890,6.0,8
2020,198.0,0.0,48890,6.0,8
2020,198.0,0.0,48890,2.0,8
2020,198.0,0.0,48890,5.0,8
2020,198.0,0.0,48890,5.0,8
2020,198.0,0.0,48890,5.0,8
2020,198.0,0.0,48890,2.0,8
2020,198.0,0.0,48890,5.0,8
2020,198.0,0.0,48890,2.0,8
2020,198.0,0.0,48890,2.0,8
2020,198.0,0.0,48890,3.0,8
2020,198.0,0.0,48890,2.0,8
2020,198.0,0.0,48890,6.0,8
2020,198.0,0.0,48890,2.0,8
2020,198.0,0.0,48890,6.0,8
2020,198.0,0.0,48890,6.0,8
2020,198.0,0.0,48890,3.0,8
2020,198.0,0.0,48890,3.0,8
2020,198.0,0.0,48890,6.0,8
2020,198.0,0.0,48890,2.0,8
2020,198.0,0.0,48890,3.0,8
2020,198.0,0.0,48890,6.0,8
2020,198.0,0.0,48890,3.0,8
2020,198.0,0.0,48890,2.0,8
2020,198.0,0.0,48890,2.0,8
2020,198.0,0.0,48890,5.0,8
2020,198.0,0.0,48890,5.0,8
2020,198.0,0.0,48890,2.0,8
2020,198.0,0.0,48890,6.0,8
2020,198.0,0.0,48890,2.0,8
2020,198.0,0.0,48890,5.0,8
2020,198.0,0.0,48890,2.0,8
2020,198.0,0.0,48890,6.0,8
2020,198.0,0.0,48890,6.0,8
2020,198.0,0.0,48890,2.0,8
2020,198.0,0.0,48890,2.0,8
2020,198.0,0.0,48890,2.0,8
2020,198.0,0.0,48890,5.0,8
2020,198.0,0.0,48890,2.0,8
2020,198.0,0.0,48890,5.0,8
2020,198.0,0.0,48890,2.0,8
2020,198.0,0.0,48890,2.0,8
2020,198.0,0.0,48890,2.0,8
2020,198.0,0.0,48890,5.0,8
2020,198.0,0.0,48890,2.0,8
2020,198.0,0.0,48890,2.0,8
2020,198.0,0.0,48890,3.0,8
2020,198.0,0.0,48890,2.0,8
2020,198.0,0.0,48890,5.0,8
2020,198.0,0.0,48890,3.0,8
2020,198.0,0.0,48890,6.0,8
2020,198.0,0.0,48890,5.0,8
2020,198.0,0.0,48890,5.0,8
2020,198.0,0.0,48890,2.0,8
2020,198.0,0.0,48890,2.0,8
2020,198.0,0.0,48890,3.0,8
2020,198.0,0.0,48890,2.0,8
2020,198.0,0.0,48890,2.0,8
2020,198.0,0.0,48890,5.0,8
2020,198.0,0.0,48890,3.0,8
2020,198.0,0.0,48890,3.0,8
2020,198.0,0.0,48890,3.0,8
2020,198.0,0.0,48890,6.0,8
2020,198.0,0.0,48890,2.0,8
2020,198.0,0.0,48890,3.0,8
2020,198.0,0.0,48890,5.0,8
2020,198.0,0.0,48890,2.0,8
2020,198.0,0.0,48890,2.0,8
2020,198.0,0.0,48890,6.0,8
2020,198.0,0.0,48890,5.0,8
2020,198.0,0.0,48890,2.0,8
2020,198.0,0.0,48890,3.0,8
2020,198.0,0.0,48890,5.0,8
2020,198.0,0.0,48890,2.0,8
2020,198.0,0.0,48890,6.0,8
2020,198.0,0.0,48890,3.0,8
2020,198.0,0.0,48890,3.0,8
2020,198.0,0.0,48890,6.0,8
2020,198.0,0.0,48890,5.0,8
2020,198.0,0.0,48890,3.0,8
2020,198.0,0.0,48890,2.0,8
2020,198.0,0.0,48890,2.0,8
2020,198.0,0.0,48890,6.0,8
2020,198.0,0.0,48890,2.0,8
2020,198.0,0.0,48890,2.0,8
2020,198.0,0.0,48890,6.0,8
2020,198.0,0.0,48890,6.0,8
2020,198.0,0.0,48890,5.0,8
2020,198.0,0.0,48890,2.0,8
2020,198.0,0.0,48890,2.0,8
2020,198.0,0.0,48890,5.0,8
2020,198.0,0.0,48890,2.0,8
2020,198.0,0.0,48890,6.0,8
2020,198.0,0.0,48890,5.0,8
2020,198.0,0.0,48890,5.0,8
2020,198.0,0.0,48890,3.0,8
2020,198.0,0.0,48890,2.0,8
2020,198.0,0.0,48890,2.0,8
2020,198.0,0.0,48890,6.0,8
2020,198.0,0.0,48890,2.0,8
2020,198.0,0.0,48890,3.0,8
2020,198.0,0.0,48890,5.0,8
2020,198.0,0.0,48890,3.0,8
2020,198.0,0.0,48890,2.0,8
2020,198.0,0.0,48890,5.0,8
2020,198.0,0.0,48890,3.0,8
2020,198.0,0.0,48890,2.0,8
2020,198.0,0.0,48890,5.0,8
2020,198.0,0.0,48890,6.0,8
2020,198.0,0.0,48890,5.0,8
2020,198.0,0.0,48890,6.0,8
2020,198.0,0.0,48890,2.0,8
2020,198.0,0.0,48890,2.0,8
2020,198.0,0.0,48890,2.0,8
2020,198.0,0.0,48890,2.0,8
2020,198.0,0.0,48890,3.0,8
2020,198.0,0.0,48890,3.0,8
2020,198.0,0.0,48890,2.0,8
2020,198.0,0.0,48890,3.0,8
2020,198.0,0.0,48890,2.0,8
2020,198.0,0.0,48890,2.0,8
2020,198.0,0.0,48890,5.0,8
2020,198.0,0.0,48890,6.0,8
2020,198.0,0.0,48890,3.0,8
2020,198.0,0.0,48890,3.0,8
2020,198.0,0.0,48890,6.0,8
2020,198.0,0.0,48890,6.0,8
2020,198.0,0.0,48890,2.0,8
2020,198.0,0.0,48890,6.0,8
2020,198.0,0.0,48890,5.0,8
2020,198.0,0.0,48890,2.0,8
2020,198.0,0.0,48890,6.0,8
2020,198.0,0.0,48890,3.0,8
2020,198.0,0.0,48890,5.0,8
2020,198.0,0.0,48890,2.0,8
2020,198.0,0.0,48890,2.0,8
2020,198.0,0.0,48890,3.0,8
2020,198.0,0.0,48890,6.0,8
2020,198.0,0.0,48890,2.0,8
2020,198.0,0.0,48890,2.0,8
2020,198.0,0.0,48890,6.0,8
2020,198.0,0.0,48890,2.0,8
2020,198.0,0.0,48890,5.0,8
2020,198.0,0.0,48890,2.0,8
2020,198.0,0.0,48890,5.0,8
2020,198.0,0.0,48890,6.0,8
2020,198.0,0.0,48890,2.0,8
2020,198.0,0.0,48890,5.0,8
2020,198.0,0.0,48890,5.0,8
2020,198.0,0.0,48890,2.0,8
2020,198.0,0.0,48890,2.0,8
2020,198.0,0.0,48890,2.0,8
2020,198.0,0.0,48890,3.0,8
2020,198.0,0.0,48890,6.0,8
2020,198.0,0.0,48890,3.0,8
2020,198.0,0.0,48890,5.0,8
2020,198.0,0.0,48890,2.0,8
2020,198.0,0.0,48890,5.0,8
2020,198.0,0.0,48890,2.0,8
2020,198.0,0.0,48890,2.0,8
2020,198.0,0.0,48890,2.0,8
2020,198.0,0.0,48890,5.0,8
2020,198.0,0.0,48890,3.0,8
2020,198.0,0.0,48890,5.0,8
2020,198.0,0.0,48890,3.0,8
2020,198.0,0.0,48890,5.0,8
2020,198.0,0.0,48890,6.0,8
2020,198.0,0.0,48890,3.0,8
2020,198.0,0.0,48890,3.0,8
2020,198.0,0.0,48890,2.0,8
2020,198.0,0.0,48890,2.0,8
2020,198.0,0.0,48890,2.0,8
2020,198.0,0.0,48890,3.0,8
2020,198.0,0.0,48890,5.0,8
2020,198.0,0.0,48890,6.0,8
2020,198.0,0.0,48890,6.0,8
2020,198.0,0.0,48890,2.0,8
2020,198.0,0.0,48890,2.0,8
2020,198.0,0.0,48890,6.0,8
2020,198.0,0.0,48890,2.0,8
2020,198.0,0.0,48890,5.0,8
2020,198.0,0.0,48890,2.0,8
2020,198.0,0.0,48890,2.0,8
2020,198.0,0.0,48890,2.0,8
2020,198.0,0.0,48890,6.0,8
2020,198.0,0.0,48890,6.0,8
2020,198.0,0.0,48890,2.0,8
2020,198.0,0.0,48890,5.0,8
2020,198.0,0.0,48890,2.0,8
2020,198.0,0.0,48890,3.0,8
2020,198.0,0.0,48890,2.0,8
2020,198.0,0.0,48890,3.0,8
2020,198.0,0.0,48890,5.0,8
2020,198.0,0.0,48890,2.0,8
2020,198.0,0.0,48890,6.0,8
2020,198.0,0.0,48890,5.0,8
2020,198.0,0.0,48890,2.0,8
2020,198.0,0.0,48890,3.0,8
2020,198.0,0.0,48890,5.0,8
2020,198.0,0.0,48890,2.0,8
2020,198.0,0.0,48890,3.0,8
2020,198.0,0.0,48890,2.0,8
2020,198.0,0.0,48890,5.0,8
2020,198.0,0.0,48890,3.0,8
2020,198.0,0.0,48890,6.0,8
2020,198.0,0.0,48890,3.0,8
2020,198.0,0.0,48890,3.0,8
2020,198.0,0.0,48890,2.0,8
2020,198.0,0.0,48890,6.0,8
2020,198.0,0.0,48890,5.0,8
2020,198.0,0.0,48890,3.0,8
2020,198.0,0.0,48890,2.0,8
2020,198.0,0.0,48890,3.0,8
2020,198.0,0.0,48890,2.0,8
2020,198.0,0.0,48890,2.0,8
2020,198.0,0.0,48890,2.0,8
2020,198.0,0.0,48890,3.0,8
2020,198.0,0.0,48890,2.0,8
2020,198.0,0.0,48890,3.0,8
2020,198.0,0.0,48890,5.0,8
2020,198.0,0.0,48890,2.0,8
2020,198.0,0.0,48890,2.0,8
2020,198.0,0.0,48890,2.0,8
2020,198.0,0.0,48890,3.0,8
2020,198.0,0.0,48890,2.0,8
2020,198.0,0.0,48890,2.0,8
2020,198.0,0.0,48890,3.0,8
2020,198.0,0.0,48890,2.0,8
2020,198.0,0.0,48890,6.0,8
2020,198.0,0.0,48890,6.0,8
2020,198.0,0.0,48890,6.0,8
2020,198.0,0.0,48890,3.0,8
2020,198.0,0.0,48890,5.0,8
2020,198.0,0.0,48890,5.0,8
2020,198.0,0.0,48890,5.0,8
2020,198.0,0.0,48890,3.0,8
2020,198.0,0.0,48890,6.0,8
2020,198.0,0.0,48890,3.0,8
2020,198.0,0.0,48890,2.0,8
2020,198.0,0.0,48890,2.0,8
2020,198.0,0.0,48890,2.0,8
2020,198.0,0.0,48890,5.0,8
2020,198.0,0.0,48890,2.0,8
2020,198.0,0.0,48890,2.0,8
2020,198.0,0.0,48890,2.0,8
2020,198.0,0.0,48890,2.0,8
2020,198.0,0.0,48890,2.0,8
2020,198.0,0.0,48890,5.0,8
2020,198.0,0.0,48890,6.0,8
2020,198.0,0.0,48890,3.0,8
2020,198.0,0.0,48890,2.0,8
2020,198.0,0.0,48890,2.0,8
2020,198.0,0.0,48890,6.0,8
2020,198.0,0.0,48890,3.0,8
2020,198.0,0.0,48890,3.0,8
2020,198.0,0.0,48890,2.0,8
2020,198.0,0.0,48890,2.0,8
2020,198.0,0.0,48890,2.0,8
2020,198.0,0.0,48890,2.0,8
2020,198.0,0.0,48890,2.0,8
2020,198.0,0.0,48890,2.0,8
2020,198.0,0.0,48890,6.0,8
2020,198.0,0.0,48890,3.0,8
2020,198.0,0.0,48890,5.0,8
2020,198.0,0.0,48890,5.0,8
2020,198.0,0.0,48890,2.0,8
2020,198.0,0.0,48890,5.0,8
2020,198.0,0.0,48890,2.0,8
2020,198.0,0.0,48890,3.0,8
2020,198.0,0.0,48890,5.0,8
2020,198.0,0.0,48890,6.0,8
2020,198.0,0.0,48890,3.0,8
2020,198.0,0.0,48890,2.0,8
2020,198.0,0.0,48890,6.0,8
2020,198.0,0.0,48890,2.0,8
2020,198.0,0.0,48890,2.0,8
2020,198.0,0.0,48890,3.0,8
2020,198.0,0.0,48890,2.0,8
2020,198.0,0.0,48890,3.0,8
2020,198.0,0.0,48890,2.0,8
2020,198.0,0.0,48890,2.0,8
2020,198.0,0.0,48890,6.0,8
2020,198.0,0.0,48890,2.0,8
2020,198.0,0.0,48890,3.0,8
2020,198.0,0.0,48890,5.0,8
2020,198.0,0.0,48890,6.0,8
2020,198.0,0.0,48890,2.0,8
2020,198.0,0.0,48890,5.0,8
2020,198.0,0.0,48890,3.0,8
2020,198.0,0.0,48890,2.0,8
2020,198.0,0.0,48890,3.0,8
2020,198.0,0.0,48890,2.0,8
2020,198.0,0.0,48890,3.0,8
2020,198.0,0.0,48890,6.0,8
2020,198.0,0.0,48890,6.0,8
2020,198.0,0.0,48890,2.0,8
2020,198.0,0.0,48890,3.0,8
2020,198.0,0.0,48890,5.0,8
2020,198.0,0.0,48890,5.0,8
2020,198.0,0.0,48890,2.0,8
2020,198.0,0.0,48890,6.0,8
2020,198.0,0.0,48890,2.0,8
2020,198.0,0.0,48890,3.0,8
2020,198.0,0.0,48890,6.0,8
2020,198.0,0.0,48890,2.0,8
2020,198.0,0.0,48890,6.0,8
2020,198.0,0.0,48890,3.0,8
2020,198.0,0.0,48890,3.0,8
2020,198.0,0.0,48890,6.0,8
2020,198.0,0.0,48890,3.0,8
2020,198.0,0.0,48890,3.0,8
2020,198.0,0.0,48890,2.0,8
2020,198.0,0.0,48890,3.0,8
2020,198.0,0.0,48890,6.0,8
2020,198.0,0.0,48890,3.0,8
2020,198.0,0.0,48890,6.0,8
2020,198.0,0.0,48890,3.0,8
2020,198.0,0.0,48890,3.0,8
2020,198.0,0.0,48890,2.0,8
2020,198.0,0.0,48890,2.0,8
2020,198.0,0.0,48890,3.0,8
2020,198.0,0.0,48890,5.0,8
2020,198.0,0.0,48890,2.0,8
2020,198.0,0.0,48890,2.0,8
2020,198.0,0.0,48890,2.0,8
2020,198.0,0.0,48890,3.0,8
2020,198.0,0.0,48890,2.0,8
2020,198.0,0.0,48890,3.0,8
2020,198.0,0.0,48890,6.0,8
2020,198.0,0.0,48890,6.0,8
2020,198.0,0.0,48890,3.0,8
2020,198.0,0.0,48890,5.0,8
2020,198.0,0.0,48890,2.0,8
2020,198.0,0.0,48890,3.0,8
2020,198.0,0.0,48890,2.0,8
2020,198.0,0.0,48890,2.0,8
2020,198.0,0.0,48890,3.0,8
2020,198.0,0.0,48890,3.0,8
2020,198.0,0.0,48890,5.0,8
2020,198.0,0.0,48890,2.0,8
2020,198.0,0.0,48890,6.0,8
2020,198.0,0.0,48890,3.0,8
2020,198.0,0.0,48890,2.0,8
2020,198.0,0.0,48890,3.0,8
2020,198.0,0.0,48890,5.0,8
2020,198.0,0.0,48890,2.0,8
2020,198.0,0.0,48890,2.0,8
2020,198.0,0.0,48890,3.0,8
2020,198.0,0.0,48890,3.0,8
2020,198.0,0.0,48890,2.0,8
2020,198.0,0.0,48890,6.0,8
2020,198.0,0.0,48890,6.0,8
2020,198.0,0.0,48890,3.0,8
2020,198.0,0.0,48890,3.0,8
2020,198.0,0.0,48890,2.0,8
2020,198.0,0.0,48890,5.0,8
2020,198.0,0.0,48890,2.0,8
2020,198.0,0.0,48890,2.0,8
2020,198.0,0.0,48890,6.0,8
2020,198.0,0.0,48890,2.0,8
2020,198.0,0.0,48890,6.0,8
2020,198.0,0.0,48890,5.0,8
2020,198.0,0.0,48890,3.0,8
2020,198.0,0.0,48890,5.0,8
2020,198.0,0.0,48890,2.0,8
2020,198.0,0.0,48890,5.0,8
2020,198.0,0.0,48890,5.0,8
2020,198.0,0.0,48890,2.0,8
2020,198.0,0.0,48890,3.0,8
2020,198.0,0.0,48890,2.0,8
2020,198.0,0.0,48890,2.0,8
2020,198.0,0.0,48890,5.0,8
2020,198.0,0.0,48890,6.0,8
2020,198.0,0.0,48890,2.0,8
2020,198.0,0.0,48890,3.0,8
2020,198.0,0.0,48890,3.0,8
2020,198.0,0.0,48890,2.0,8
2020,198.0,0.0,48890,6.0,8
2020,198.0,0.0,48890,2.0,8
2020,198.0,0.0,48890,3.0,8
2020,198.0,0.0,48890,3.0,8
2020,198.0,0.0,48890,6.0,8
2020,198.0,0.0,48890,3.0,8
2020,198.0,0.0,48890,2.0,8
2020,198.0,0.0,48890,2.0,8
2020,198.0,0.0,48890,5.0,8
2020,198.0,0.0,48890,2.0,8
2020,198.0,0.0,48890,6.0,8
2020,198.0,0.0,48890,5.0,8
2020,198.0,0.0,48890,2.0,8
2020,198.0,0.0,48890,2.0,8
2020,198.0,0.0,48890,5.0,8
2020,198.0,0.0,48890,2.0,8
2020,198.0,0.0,48890,2.0,8
2020,198.0,0.0,48890,5.0,8
2020,198.0,0.0,48890,3.0,8
2020,198.0,0.0,48890,2.0,8
2020,198.0,0.0,48890,3.0,8
2020,198.0,0.0,48890,2.0,8
2020,198.0,0.0,48890,5.0,8
2020,198.0,0.0,48890,2.0,8
2020,198.0,0.0,48890,2.0,8
2020,198.0,0.0,48890,5.0,8
2020,198.0,0.0,48890,5.0,8
2020,198.0,0.0,48890,5.0,8
2020,198.0,0.0,48890,2.0,8
2020,198.0,0.0,48890,6.0,8
2020,198.0,0.0,48890,5.0,8
2020,198.0,0.0,48890,2.0,8
2020,198.0,0.0,48890,2.0,8
2020,198.0,0.0,48890,3.0,8
2020,198.0,0.0,48890,6.0,8
2020,198.0,0.0,48890,3.0,8
2020,198.0,0.0,48890,2.0,8
2020,198.0,0.0,48890,6.0,8
2020,198.0,0.0,48890,5.0,8
2020,198.0,0.0,48890,2.0,8
2020,198.0,0.0,48890,3.0,8
2020,198.0,0.0,48890,2.0,8
2020,198.0,0.0,48890,5.0,8
2020,198.0,0.0,48890,2.0,8
2020,198.0,0.0,48890,2.0,8
2020,198.0,0.0,48890,2.0,8
2020,198.0,0.0,48890,2.0,8
2020,198.0,0.0,48890,2.0,8
2020,198.0,0.0,48890,5.0,8
2020,198.0,0.0,48890,3.0,8
2020,198.0,0.0,48890,3.0,8
2020,198.0,0.0,48890,5.0,8
2020,198.0,0.0,48890,2.0,8
2020,198.0,0.0,48890,2.0,8
2020,198.0,0.0,48890,3.0,8
2020,198.0,0.0,48890,5.0,8
2020,198.0,0.0,48890,6.0,8
2020,198.0,0.0,48890,5.0,8
2020,198.0,0.0,48890,2.0,8
2020,198.0,0.0,48890,2.0,8
2020,198.0,0.0,48890,3.0,8
2020,198.0,0.0,48890,3.0,8
2020,198.0,0.0,48890,2.0,8
2020,198.0,0.0,48890,2.0,8
2020,198.0,0.0,48890,5.0,8
2020,198.0,0.0,48890,3.0,8
2020,198.0,0.0,48890,2.0,8
2020,198.0,0.0,48890,6.0,8
2020,198.0,0.0,48890,3.0,8
2020,198.0,0.0,48890,5.0,8
2020,198.0,0.0,48890,5.0,8
2020,198.0,0.0,48890,5.0,8
2020,198.0,0.0,48890,2.0,8
2020,198.0,0.0,48890,2.0,8
2020,198.0,0.0,48890,2.0,8
2020,198.0,0.0,48890,6.0,8
2020,198.0,0.0,48890,3.0,8
2020,198.0,0.0,48890,2.0,8
2020,198.0,0.0,48890,2.0,8
2020,198.0,0.0,48890,2.0,8
2020,198.0,0.0,48890,2.0,8
2020,198.0,0.0,48890,3.0,8
2020,198.0,0.0,48890,3.0,8
2020,198.0,0.0,48890,3.0,8
2020,198.0,0.0,48890,5.0,8
2020,198.0,0.0,48890,6.0,8
2020,198.0,0.0,48890,6.0,8
2020,198.0,0.0,48890,5.0,8
2020,198.0,0.0,48890,3.0,8
2020,198.0,0.0,48890,3.0,8
2020,198.0,0.0,48890,5.0,8
2020,198.0,0.0,48890,6.0,8
2020,198.0,0.0,48890,3.0,8
2020,198.0,0.0,48890,5.0,8
2020,198.0,0.0,48890,5.0,8
2020,198.0,0.0,48890,6.0,8
2020,198.0,0.0,48890,5.0,8
2020,198.0,0.0,48890,5.0,8
2020,198.0,0.0,48890,6.0,8
2020,198.0,0.0,48890,6.0,8
2020,198.0,0.0,48890,2.0,8
2020,198.0,0.0,48890,3.0,8
2020,198.0,0.0,48890,2.0,8
2020,198.0,0.0,48890,5.0,8
2020,198.0,0.0,48890,5.0,8
2020,198.0,0.0,48890,5.0,8
2020,198.0,0.0,48890,3.0,8
2020,198.0,0.0,48890,3.0,8
2020,198.0,0.0,48890,6.0,8
2020,198.0,0.0,48890,2.0,8
2020,198.0,0.0,48890,2.0,8
2020,198.0,0.0,48890,3.0,8
2020,198.0,0.0,48890,2.0,8
2020,198.0,0.0,48890,2.0,8
2020,198.0,0.0,48890,2.0,8
2020,198.0,0.0,48890,3.0,8
2020,198.0,0.0,48890,5.0,8
2020,198.0,0.0,48890,2.0,8
2020,198.0,0.0,48890,2.0,8
2020,198.0,0.0,48890,2.0,8
2020,198.0,0.0,48890,2.0,8
2020,198.0,0.0,48890,3.0,8
2020,198.0,0.0,48890,3.0,8
2020,198.0,0.0,48890,3.0,8
2020,198.0,0.0,48890,3.0,8
2020,198.0,0.0,48890,2.0,8
2020,198.0,0.0,48890,3.0,8
2020,198.0,0.0,48890,3.0,8
2020,198.0,0.0,48890,3.0,8
2020,198.0,0.0,48890,2.0,8
2020,198.0,0.0,48890,3.0,8
2020,198.0,0.0,48890,6.0,8
2020,198.0,0.0,48890,2.0,8
2020,198.0,0.0,48890,2.0,8
2020,198.0,0.0,48890,6.0,8
2020,198.0,0.0,48890,2.0,8
2020,198.0,0.0,48890,5.0,8
2020,198.0,0.0,48890,6.0,8
2020,198.0,0.0,48890,3.0,8
2020,198.0,0.0,48890,2.0,8
2020,198.0,0.0,48890,5.0,8
2020,198.0,0.0,48890,5.0,8
2020,198.0,0.0,48890,2.0,8
2020,198.0,0.0,48890,2.0,8
2020,198.0,0.0,48890,2.0,8
2020,198.0,0.0,48890,2.0,8
2020,198.0,0.0,48890,2.0,8
2020,198.0,0.0,48890,6.0,8
2020,198.0,0.0,48890,5.0,8
2020,198.0,0.0,48890,5.0,8
2020,198.0,0.0,48890,2.0,8
2020,198.0,0.0,48890,3.0,8
2020,198.0,0.0,48890,2.0,8
2020,198.0,0.0,48890,3.0,8
2020,198.0,0.0,48890,5.0,8
2020,198.0,0.0,48890,2.0,8
2020,198.0,0.0,48890,5.0,8
2020,198.0,0.0,48890,3.0,8
2020,198.0,0.0,48890,3.0,8
2020,198.0,0.0,48890,5.0,8
2020,198.0,0.0,48890,3.0,8
2020,198.0,0.0,48890,2.0,8
2020,198.0,0.0,48890,2.0,8
2020,198.0,0.0,48890,2.0,8
2020,198.0,0.0,48890,5.0,8
2020,198.0,0.0,48890,5.0,8
2020,198.0,0.0,48890,3.0,8
2020,198.0,0.0,48890,6.0,8
2020,198.0,0.0,48890,3.0,8
2020,198.0,0.0,48890,2.0,8
2020,198.0,0.0,48890,5.0,8
2020,198.0,0.0,48890,3.0,8
2020,198.0,0.0,48890,3.0,8
2020,198.0,0.0,48890,2.0,8
2020,198.0,0.0,48890,3.0,8
2020,198.0,0.0,48890,3.0,8
2020,198.0,0.0,48890,2.0,8
2020,198.0,0.0,48890,2.0,8
2020,198.0,0.0,48890,2.0,8
2020,198.0,0.0,48890,5.0,8
2020,198.0,0.0,48890,3.0,8
2020,198.0,0.0,48890,5.0,8
2020,198.0,0.0,48890,3.0,8
2020,198.0,0.0,48890,6.0,8
2020,198.0,0.0,48890,6.0,8
2020,198.0,0.0,48890,2.0,8
2020,198.0,0.0,48890,2.0,8
2020,198.0,0.0,48890,5.0,8
2020,198.0,0.0,48890,2.0,8
2020,198.0,0.0,48890,2.0,8
2020,198.0,0.0,48890,2.0,8
2020,198.0,0.0,48890,5.0,8
2020,198.0,0.0,48890,5.0,8
2020,198.0,0.0,48890,6.0,8
2020,198.0,0.0,48890,6.0,8
2020,198.0,0.0,48890,5.0,8
2020,198.0,0.0,48890,5.0,8
2020,198.0,0.0,48890,5.0,8
2020,198.0,0.0,48890,2.0,8
2020,198.0,0.0,48890,5.0,8
2020,198.0,0.0,48890,3.0,8
2020,198.0,0.0,48890,5.0,8
2020,198.0,0.0,48890,2.0,8
2020,198.0,0.0,48890,5.0,8
2020,198.0,0.0,48890,2.0,8
2020,198.0,0.0,48890,3.0,8
2020,198.0,0.0,48890,5.0,8
2020,198.0,0.0,48890,5.0,8
2020,198.0,0.0,48890,3.0,8
2020,198.0,0.0,48890,5.0,8
2020,198.0,0.0,48890,2.0,8
2020,198.0,0.0,48890,6.0,8
2020,198.0,0.0,48890,5.0,8
2020,198.0,0.0,48890,2.0,8
2020,198.0,0.0,48890,2.0,8
2020,198.0,0.0,48890,2.0,8
2020,198.0,0.0,48890,3.0,8
2020,198.0,0.0,48890,2.0,8
2020,198.0,0.0,48890,2.0,8
2020,198.0,0.0,48890,2.0,8
2020,198.0,0.0,48890,2.0,8
2020,198.0,0.0,48890,2.0,8
2020,198.0,0.0,48890,5.0,8
2020,198.0,0.0,48890,2.0,8
2020,198.0,0.0,48890,2.0,8
2020,198.0,0.0,48890,3.0,8
2020,198.0,0.0,48890,3.0,8
2020,198.0,0.0,48890,2.0,8
2020,198.0,0.0,48890,2.0,8
2020,198.0,0.0,48890,2.0,8
2020,198.0,0.0,48890,3.0,8
2020,198.0,0.0,48890,2.0,8
2020,198.0,0.0,48890,5.0,8
2020,198.0,0.0,48890,6.0,8
2020,198.0,0.0,48890,6.0,8
2020,198.0,0.0,48890,5.0,8
2020,198.0,0.0,48890,3.0,8
2020,198.0,0.0,48890,3.0,8
2020,198.0,0.0,48890,6.0,8
2020,198.0,0.0,48890,3.0,8
2020,198.0,0.0,48890,3.0,8
2020,198.0,0.0,48890,2.0,8
2020,198.0,0.0,48890,3.0,8
2020,198.0,0.0,48890,3.0,8
2020,198.0,0.0,48890,2.0,8
2020,198.0,0.0,48890,3.0,8
2020,198.0,0.0,48890,2.0,8
2020,198.0,0.0,48890,5.0,8
2020,198.0,0.0,48890,3.0,8
2020,198.0,0.0,48890,3.0,8
2020,198.0,0.0,48890,2.0,8
2020,198.0,0.0,43740,5.0,8
2020,198.0,0.0,43740,3.0,8
2020,198.0,0.0,43740,5.0,8
2020,198.0,0.0,43740,2.0,8
2020,198.0,0.0,43740,2.0,8
2020,198.0,0.0,43740,2.0,8
2020,198.0,0.0,43740,3.0,8
2020,198.0,0.0,43740,5.0,8
2020,198.0,0.0,43740,5.0,8
2020,198.0,0.0,43740,3.0,8
2020,198.0,0.0,43740,2.0,8
2020,198.0,0.0,43740,6.0,8
2020,198.0,0.0,43740,5.0,8
2020,198.0,0.0,43740,1.0,8
2020,198.0,0.0,43740,2.0,8
2020,198.0,0.0,43740,5.0,8
2020,198.0,0.0,43740,3.0,8
2020,198.0,0.0,43740,2.0,8
2020,198.0,0.0,43740,2.0,8
2020,198.0,0.0,43740,1.0,8
2020,198.0,0.0,43740,3.0,8
2020,198.0,0.0,43740,1.0,8
2020,198.0,0.0,43740,6.0,8
2020,198.0,0.0,43740,2.0,8
2020,198.0,0.0,43740,2.0,8
2020,198.0,0.0,43740,3.0,8
2020,198.0,0.0,43740,1.0,8
2020,198.0,0.0,43740,2.0,8
2020,198.0,0.0,43740,5.0,8
2020,198.0,0.0,43740,5.0,8
2020,198.0,0.0,43740,2.0,8
2020,198.0,0.0,43740,3.0,8
2020,198.0,0.0,43740,5.0,8
2020,198.0,0.0,43740,1.0,8
2020,198.0,0.0,43740,2.0,8
2020,198.0,0.0,43740,6.0,8
2020,198.0,0.0,43740,3.0,8
2020,198.0,0.0,43740,5.0,8
2020,198.0,0.0,43740,2.0,8
2020,198.0,0.0,43740,3.0,8
2020,198.0,0.0,43740,6.0,8
2020,198.0,0.0,43740,2.0,8
2020,198.0,0.0,43740,2.0,8
2020,198.0,0.0,43740,6.0,8
2020,198.0,0.0,43740,3.0,8
2020,198.0,0.0,43740,2.0,8
2020,198.0,0.0,43740,3.0,8
2020,198.0,0.0,43740,3.0,8
2020,198.0,0.0,43740,6.0,8
2020,198.0,0.0,43740,5.0,8
2020,198.0,0.0,43740,1.0,8
2020,198.0,0.0,43740,6.0,8
2020,198.0,0.0,43740,2.0,8
2020,198.0,0.0,43740,6.0,8
2020,198.0,0.0,43740,5.0,8
2020,198.0,0.0,43740,2.0,8
2020,198.0,0.0,43740,1.0,8
2020,198.0,0.0,43740,2.0,8
2020,198.0,0.0,43740,1.0,8
2020,198.0,0.0,43740,2.0,8
2020,198.0,0.0,43740,6.0,8
2020,198.0,0.0,43740,3.0,8
2020,198.0,0.0,43740,3.0,8
2020,198.0,0.0,43740,5.0,8
2020,198.0,0.0,43740,3.0,8
2020,198.0,0.0,43740,2.0,8
2020,198.0,0.0,43740,5.0,8
2020,198.0,0.0,43740,5.0,8
2020,198.0,0.0,43740,2.0,8
2020,198.0,0.0,43740,3.0,8
2020,198.0,0.0,43740,2.0,8
2020,198.0,0.0,43740,2.0,8
2020,198.0,0.0,43740,2.0,8
2020,198.0,0.0,43740,3.0,8
2020,198.0,0.0,43740,1.0,8
2020,198.0,0.0,43740,5.0,8
2020,198.0,0.0,43740,2.0,8
2020,198.0,0.0,43740,2.0,8
2020,198.0,0.0,43740,2.0,8
2020,198.0,0.0,43740,5.0,8
2020,198.0,0.0,43740,2.0,8
2020,198.0,0.0,43740,6.0,8
2020,198.0,0.0,43740,2.0,8
2020,198.0,0.0,43740,2.0,8
2020,198.0,0.0,43740,1.0,8
2020,198.0,0.0,43740,5.0,8
2020,198.0,0.0,43740,6.0,8
2020,198.0,0.0,43740,5.0,8
2020,198.0,0.0,43740,2.0,8
2020,198.0,0.0,43740,6.0,8
2020,198.0,0.0,43740,1.0,8
2020,198.0,0.0,43740,6.0,8
2020,198.0,0.0,43740,2.0,8
2020,198.0,0.0,43740,2.0,8
2020,198.0,0.0,43740,5.0,8
2020,198.0,0.0,43740,6.0,8
2020,198.0,0.0,43740,6.0,8
2020,198.0,0.0,43740,3.0,8
2020,198.0,0.0,43740,5.0,8
2020,198.0,0.0,43740,2.0,8
2020,198.0,0.0,43740,2.0,8
2020,198.0,0.0,43740,5.0,8
2020,198.0,0.0,43740,3.0,8
2020,198.0,0.0,43740,5.0,8
2020,198.0,0.0,43740,5.0,8
2020,198.0,0.0,43740,3.0,8
2020,198.0,0.0,43740,2.0,8
2020,198.0,0.0,43740,3.0,8
2020,198.0,0.0,43740,5.0,8
2020,198.0,0.0,43740,6.0,8
2020,198.0,0.0,43740,6.0,8
2020,198.0,0.0,43740,2.0,8
2020,198.0,0.0,43740,6.0,8
2020,198.0,0.0,43740,6.0,8
2020,198.0,0.0,43740,5.0,8
2020,198.0,0.0,43740,1.0,8
2020,198.0,0.0,43740,1.0,8
2020,198.0,0.0,43740,5.0,8
2020,198.0,0.0,43740,2.0,8
2020,198.0,0.0,43740,2.0,8
2020,198.0,0.0,43740,6.0,8
2020,198.0,0.0,43740,6.0,8
2020,198.0,0.0,43740,2.0,8
2020,198.0,0.0,43740,1.0,8
2020,198.0,0.0,43740,3.0,8
2020,198.0,0.0,43740,6.0,8
2020,198.0,0.0,43740,2.0,8
2020,198.0,0.0,43740,1.0,8
2020,198.0,0.0,43740,1.0,8
2020,198.0,0.0,43740,2.0,8
2020,198.0,0.0,43740,5.0,8
2020,198.0,0.0,43740,6.0,8
2020,198.0,0.0,43740,5.0,8
2020,198.0,0.0,43740,2.0,8
2020,198.0,0.0,43740,2.0,8
2020,198.0,0.0,43740,3.0,8
2020,198.0,0.0,43740,5.0,8
2020,198.0,0.0,43740,6.0,8
2020,198.0,0.0,43740,2.0,8
2020,198.0,0.0,43740,2.0,8
2020,198.0,0.0,43740,5.0,8
2020,198.0,0.0,43740,3.0,8
2020,198.0,0.0,43740,1.0,8
2020,198.0,0.0,43740,5.0,8
2020,198.0,0.0,43740,6.0,8
2020,198.0,0.0,43740,6.0,8
2020,198.0,0.0,43740,5.0,8
2020,198.0,0.0,43740,1.0,8
2020,198.0,0.0,43740,3.0,8
2020,198.0,0.0,43740,6.0,8
2020,198.0,0.0,43740,2.0,8
2020,198.0,0.0,43740,3.0,8
2018,198.0,0.0,47770,3.0,10
2018,198.0,0.0,47770,2.0,10
2021,198.0,0.0,47113,2.0,8
2021,198.0,0.0,44230,2.0,7
2020,198.0,0.0,43740,5.0,8
2020,198.0,0.0,43740,3.0,8
2020,198.0,0.0,43740,5.0,8
2020,198.0,0.0,43740,2.0,8
2020,198.0,0.0,43740,2.0,8
2020,198.0,0.0,43740,2.0,8
2020,198.0,0.0,43740,3.0,8
2020,198.0,0.0,43740,5.0,8
2020,198.0,0.0,43740,5.0,8
2020,198.0,0.0,43740,3.0,8
2020,198.0,0.0,43740,2.0,8
2020,198.0,0.0,43740,6.0,8
2020,198.0,0.0,43740,5.0,8
2020,198.0,0.0,43740,1.0,8
2020,198.0,0.0,43740,2.0,8
2020,198.0,0.0,43740,5.0,8
2020,198.0,0.0,43740,3.0,8
2020,198.0,0.0,43740,2.0,8
2020,198.0,0.0,43740,2.0,8
2020,198.0,0.0,43740,1.0,8
2020,198.0,0.0,43740,3.0,8
2020,198.0,0.0,43740,1.0,8
2020,198.0,0.0,43740,6.0,8
2020,198.0,0.0,43740,2.0,8
2020,198.0,0.0,43740,2.0,8
2020,198.0,0.0,43740,3.0,8
2020,198.0,0.0,43740,1.0,8
2020,198.0,0.0,43740,2.0,8
2020,198.0,0.0,43740,5.0,8
2020,198.0,0.0,43740,5.0,8
2020,198.0,0.0,43740,2.0,8
2020,198.0,0.0,43740,3.0,8
2020,198.0,0.0,43740,5.0,8
2020,198.0,0.0,43740,1.0,8
2020,198.0,0.0,43740,2.0,8
2020,198.0,0.0,43740,6.0,8
2020,198.0,0.0,43740,3.0,8
2020,198.0,0.0,43740,5.0,8
2020,198.0,0.0,43740,2.0,8
2020,198.0,0.0,43740,3.0,8
2020,198.0,0.0,43740,6.0,8
2020,198.0,0.0,43740,2.0,8
2020,198.0,0.0,43740,2.0,8
2020,198.0,0.0,43740,6.0,8
2020,198.0,0.0,43740,3.0,8
2020,198.0,0.0,43740,2.0,8
2020,198.0,0.0,43740,3.0,8
2020,198.0,0.0,43740,3.0,8
2020,198.0,0.0,43740,6.0,8
2020,198.0,0.0,43740,5.0,8
2020,198.0,0.0,43740,1.0,8
2020,198.0,0.0,43740,6.0,8
2020,198.0,0.0,43740,2.0,8
2020,198.0,0.0,43740,6.0,8
2020,198.0,0.0,43740,5.0,8
2020,198.0,0.0,43740,2.0,8
2020,198.0,0.0,43740,1.0,8
2020,198.0,0.0,43740,2.0,8
2020,198.0,0.0,43740,1.0,8
2020,198.0,0.0,43740,2.0,8
2020,198.0,0.0,43740,6.0,8
2020,198.0,0.0,43740,3.0,8
2020,198.0,0.0,43740,3.0,8
2020,198.0,0.0,43740,5.0,8
2020,198.0,0.0,43740,3.0,8
2020,198.0,0.0,43740,2.0,8
2020,198.0,0.0,43740,5.0,8
2020,198.0,0.0,43740,5.0,8
2020,198.0,0.0,43740,2.0,8
2020,198.0,0.0,43740,3.0,8
2020,198.0,0.0,43740,2.0,8
2020,198.0,0.0,43740,2.0,8
2020,198.0,0.0,43740,2.0,8
2020,198.0,0.0,43740,3.0,8
2020,198.0,0.0,43740,1.0,8
2020,198.0,0.0,43740,5.0,8
2020,198.0,0.0,43740,2.0,8
2020,198.0,0.0,43740,2.0,8
2020,198.0,0.0,43740,2.0,8
2020,198.0,0.0,43740,5.0,8
2020,198.0,0.0,43740,2.0,8
2020,198.0,0.0,43740,6.0,8
2020,198.0,0.0,43740,2.0,8
2020,198.0,0.0,43740,2.0,8
2020,198.0,0.0,43740,1.0,8
2020,198.0,0.0,43740,5.0,8
2020,198.0,0.0,43740,6.0,8
2020,198.0,0.0,43740,5.0,8
2020,198.0,0.0,43740,2.0,8
2020,198.0,0.0,43740,6.0,8
2020,198.0,0.0,43740,1.0,8
2020,198.0,0.0,43740,6.0,8
2020,198.0,0.0,43740,2.0,8
2020,198.0,0.0,43740,2.0,8
2020,198.0,0.0,43740,5.0,8
2020,198.0,0.0,43740,6.0,8
2020,198.0,0.0,43740,6.0,8
2020,198.0,0.0,43740,3.0,8
2020,198.0,0.0,43740,5.0,8
2020,198.0,0.0,43740,2.0,8
2020,198.0,0.0,43740,2.0,8
2020,198.0,0.0,43740,5.0,8
2020,198.0,0.0,43740,3.0,8
2020,198.0,0.0,43740,5.0,8
2020,198.0,0.0,43740,5.0,8
2020,198.0,0.0,43740,3.0,8
2020,198.0,0.0,43740,2.0,8
2020,198.0,0.0,43740,3.0,8
2020,198.0,0.0,43740,5.0,8
2020,198.0,0.0,43740,6.0,8
2020,198.0,0.0,43740,6.0,8
2020,198.0,0.0,43740,2.0,8
2020,198.0,0.0,43740,6.0,8
2020,198.0,0.0,43740,6.0,8
2020,198.0,0.0,43740,5.0,8
2020,198.0,0.0,43740,1.0,8
2020,198.0,0.0,43740,1.0,8
2020,198.0,0.0,43740,5.0,8
2020,198.0,0.0,43740,2.0,8
2020,198.0,0.0,43740,2.0,8
2020,198.0,0.0,43740,6.0,8
2020,198.0,0.0,43740,6.0,8
2020,198.0,0.0,43740,2.0,8
2020,198.0,0.0,43740,1.0,8
2020,198.0,0.0,43740,3.0,8
2020,198.0,0.0,43740,6.0,8
2020,198.0,0.0,43740,2.0,8
2020,198.0,0.0,43740,1.0,8
2020,198.0,0.0,43740,1.0,8
2020,198.0,0.0,43740,2.0,8
2020,198.0,0.0,43740,5.0,8
2020,198.0,0.0,43740,6.0,8
2020,198.0,0.0,43740,5.0,8
2020,198.0,0.0,43740,2.0,8
2020,198.0,0.0,43740,2.0,8
2020,198.0,0.0,43740,3.0,8
2020,198.0,0.0,43740,5.0,8
2020,198.0,0.0,43740,6.0,8
2020,198.0,0.0,43740,2.0,8
2020,198.0,0.0,43740,2.0,8
2020,198.0,0.0,43740,5.0,8
2020,198.0,0.0,43740,3.0,8
2020,198.0,0.0,43740,1.0,8
2020,198.0,0.0,43740,5.0,8
2020,198.0,0.0,43740,6.0,8
2020,198.0,0.0,43740,6.0,8
2020,198.0,0.0,43740,5.0,8
2020,198.0,0.0,43740,1.0,8
2020,198.0,0.0,43740,3.0,8
2020,198.0,0.0,43740,6.0,8
2020,198.0,0.0,43740,2.0,8
2020,198.0,0.0,43740,3.0,8
2019,198.0,0.0,46820,3.0,8
2019,198.0,0.0,46820,2.0,8
2019,198.0,0.0,46820,2.0,8
2019,198.0,0.0,46820,2.0,8
2019,198.0,0.0,46820,2.0,8
2019,198.0,0.0,46820,1.0,8
2019,198.0,0.0,46820,2.0,8
2019,198.0,0.0,46820,2.0,8
2019,198.0,0.0,46820,2.0,8
2019,198.0,0.0,46820,1.0,8
2019,198.0,0.0,46820,2.0,8
2019,198.0,0.0,46820,2.0,8
2019,198.0,0.0,46820,3.0,8
2019,198.0,0.0,46820,2.0,8
2019,198.0,0.0,46820,3.0,8
2019,198.0,0.0,46820,2.0,8
2019,198.0,0.0,46820,2.0,8
2019,198.0,0.0,46820,1.0,8
2019,198.0,0.0,46820,3.0,8
2019,198.0,0.0,46820,2.0,8
2019,198.0,0.0,46820,2.0,8
2019,198.0,0.0,46820,2.0,8
2019,198.0,0.0,46820,2.0,8
2019,198.0,0.0,46820,1.0,8
2019,198.0,0.0,46820,2.0,8
2019,198.0,0.0,46820,2.0,8
2019,198.0,0.0,46820,2.0,8
2019,198.0,0.0,46820,3.0,8
2019,198.0,0.0,46820,3.0,8
2019,198.0,0.0,46820,3.0,8
2019,198.0,0.0,46820,2.0,8
2019,198.0,0.0,46820,3.0,8
2019,198.0,0.0,46820,3.0,8
2019,198.0,0.0,46820,2.0,8
2019,198.0,0.0,46820,2.0,8
2019,198.0,0.0,46820,3.0,8
2019,198.0,0.0,46820,2.0,8
2019,198.0,0.0,46820,2.0,8
2019,198.0,0.0,46820,2.0,8
2019,198.0,0.0,46820,2.0,8
2019,198.0,0.0,46820,2.0,8
2019,198.0,0.0,46820,2.0,8
2019,198.0,0.0,46820,2.0,8
2019,198.0,0.0,46820,2.0,8
2019,198.0,0.0,46820,2.0,8
2019,198.0,0.0,46820,2.0,8
2019,198.0,0.0,46820,3.0,8
2019,198.0,0.0,46820,2.0,8
2019,198.0,0.0,46820,1.0,8
2019,198.0,0.0,46820,3.0,8
2019,198.0,0.0,46820,2.0,8
2019,198.0,0.0,46820,2.0,8
2019,198.0,0.0,46820,2.0,8
2019,198.0,0.0,46820,2.0,8
2019,198.0,0.0,46820,1.0,8
2019,198.0,0.0,46820,2.0,8
2019,198.0,0.0,46820,2.0,8
2019,198.0,0.0,46820,1.0,8
2019,198.0,0.0,46820,2.0,8
2019,198.0,0.0,46820,2.0,8
2019,198.0,0.0,46820,2.0,8
2019,198.0,0.0,46820,3.0,8
2019,198.0,0.0,46820,2.0,8
2019,198.0,0.0,46820,3.0,8
2019,198.0,0.0,46820,2.0,8
2019,198.0,0.0,46820,2.0,8
2019,198.0,0.0,46820,2.0,8
2019,198.0,0.0,46820,2.0,8
2019,198.0,0.0,46820,2.0,8
2019,198.0,0.0,46820,3.0,8
2019,198.0,0.0,46820,2.0,8
2019,198.0,0.0,46820,3.0,8
2019,198.0,0.0,46820,2.0,8
2019,198.0,0.0,46820,2.0,8
2019,198.0,0.0,46820,2.0,8
2019,198.0,0.0,46820,3.0,8
2019,198.0,0.0,46820,2.0,8
2019,198.0,0.0,46820,2.0,8
2019,198.0,0.0,46820,3.0,8
2019,198.0,0.0,46820,2.0,8
2019,198.0,0.0,46820,3.0,8
2019,198.0,0.0,46820,3.0,8
2019,198.0,0.0,46820,2.0,8
2019,198.0,0.0,46820,3.0,8
2019,198.0,0.0,46820,2.0,8
2019,198.0,0.0,46820,3.0,8
2019,198.0,0.0,46820,3.0,8
2019,198.0,0.0,46820,2.0,8
2019,198.0,0.0,46820,3.0,8
2019,198.0,0.0,46820,3.0,8
2019,198.0,0.0,46820,2.0,8
2019,198.0,0.0,46820,2.0,8
2019,198.0,0.0,46820,2.0,8
2019,198.0,0.0,46820,2.0,8
2019,198.0,0.0,46820,2.0,8
2019,198.0,0.0,46820,2.0,8
2019,198.0,0.0,46820,2.0,8
2019,198.0,0.0,46820,2.0,8
2019,198.0,0.0,46820,2.0,8
2019,198.0,0.0,46820,2.0,8
2019,198.0,0.0,46820,2.0,8
2019,198.0,0.0,46820,2.0,8
2019,198.0,0.0,46820,2.0,8
2019,198.0,0.0,46820,2.0,8
2019,198.0,0.0,46820,2.0,8
2019,198.0,0.0,46820,2.0,8
2019,198.0,0.0,46820,2.0,8
2019,198.0,0.0,46820,2.0,8
2019,198.0,0.0,46820,2.0,8
2019,198.0,0.0,46820,2.0,8
2019,198.0,0.0,46820,2.0,8
2019,198.0,0.0,46820,2.0,8
2019,198.0,0.0,46820,2.0,8
2019,198.0,0.0,46820,2.0,8
2019,198.0,0.0,46820,2.0,8
2019,198.0,0.0,46820,2.0,8
2019,198.0,0.0,46820,2.0,8
2020,130.0,0.0,43730,2.0,7
2020,130.0,0.0,43730,2.0,7
2020,130.0,0.0,43730,2.0,7
2020,130.0,0.0,43730,3.0,7
2020,130.0,0.0,43730,2.0,7
2020,130.0,0.0,43730,3.0,7
2020,130.0,0.0,43730,3.0,7
2020,198.0,0.0,43730,2.0,7
2020,198.0,0.0,43730,2.0,7
2020,198.0,0.0,43730,2.0,7
2020,198.0,0.0,43730,3.0,7
2020,198.0,0.0,43730,2.0,7
2020,198.0,0.0,43730,3.0,7
2020,198.0,0.0,43730,3.0,7
2020,198.0,0.0,44131,2.0,8
2020,198.0,0.0,44131,3.0,8
2020,198.0,0.0,44131,2.0,8
2020,198.0,0.0,44131,3.0,8
2020,198.0,0.0,44131,2.0,8
2020,198.0,0.0,44131,1.0,8
2020,198.0,0.0,44131,2.0,8
2020,198.0,0.0,44131,1.0,8
2020,198.0,0.0,44131,1.0,8
2020,198.0,0.0,44131,2.0,8
2020,198.0,0.0,44131,3.0,8
2020,198.0,0.0,44131,2.0,8
2020,198.0,0.0,44131,1.0,8
2020,198.0,0.0,44131,2.0,8
2020,198.0,0.0,44131,3.0,8
2020,198.0,0.0,44131,2.0,8
2020,198.0,0.0,44131,2.0,8
2020,198.0,0.0,44131,2.0,8
2020,198.0,0.0,44131,2.0,8
2020,198.0,0.0,44131,3.0,8
2020,198.0,0.0,44131,2.0,8
2020,198.0,0.0,44131,2.0,8
2020,198.0,0.0,44131,2.0,8
2020,198.0,0.0,44131,3.0,8
2020,198.0,0.0,44131,2.0,8
2020,198.0,0.0,44131,2.0,8
2020,198.0,0.0,44131,1.0,8
2020,198.0,0.0,44131,2.0,8
2020,198.0,0.0,44131,2.0,8
2020,198.0,0.0,44131,1.0,8
2020,198.0,0.0,44131,1.0,8
2020,198.0,0.0,44131,3.0,8
2020,198.0,0.0,44131,2.0,8
2020,198.0,0.0,44131,2.0,8
2020,198.0,0.0,44131,2.0,8
2020,198.0,0.0,44131,2.0,8
2020,198.0,0.0,44131,2.0,8
2020,198.0,0.0,44131,1.0,8
2020,198.0,0.0,44131,2.0,8
2020,198.0,0.0,44131,5.0,8
2020,198.0,0.0,44131,2.0,8
2020,198.0,0.0,44131,3.0,8
2020,198.0,0.0,44131,2.0,8
2020,198.0,0.0,44131,3.0,8
2020,198.0,0.0,44131,1.0,8
2020,198.0,0.0,44131,2.0,8
2020,198.0,0.0,44131,3.0,8
2020,198.0,0.0,44131,2.0,8
2020,198.0,0.0,44131,1.0,8
2020,198.0,0.0,44131,2.0,8
2020,198.0,0.0,44131,1.0,8
2020,198.0,0.0,44131,1.0,8
2020,198.0,0.0,44131,2.0,8
2020,198.0,0.0,44131,2.0,8
2020,198.0,0.0,44131,1.0,8
2020,198.0,0.0,44131,2.0,8
2020,198.0,0.0,44131,3.0,8
2020,198.0,0.0,44131,2.0,8
2020,198.0,0.0,44131,3.0,8
2020,198.0,0.0,44131,1.0,8
2020,198.0,0.0,44131,1.0,8
2020,198.0,0.0,44131,2.0,8
2020,198.0,0.0,44131,2.0,8
2020,198.0,0.0,44131,3.0,8
2020,198.0,0.0,44131,2.0,8
2020,198.0,0.0,44131,1.0,8
2020,198.0,0.0,44131,2.0,8
2020,198.0,0.0,44131,2.0,8
2020,198.0,0.0,44131,1.0,8
2020,198.0,0.0,44131,2.0,8
2020,198.0,0.0,44131,2.0,8
2020,198.0,0.0,44131,1.0,8
2020,198.0,0.0,44131,3.0,8
2020,198.0,0.0,44131,2.0,8
2020,198.0,0.0,44131,1.0,8
2020,198.0,0.0,44131,1.0,8
2020,198.0,0.0,44131,1.0,8
2020,198.0,0.0,44131,2.0,8
2020,198.0,0.0,44131,1.0,8
2020,198.0,0.0,44131,1.0,8
2020,198.0,0.0,44131,2.0,8
2020,198.0,0.0,44131,2.0,8
2020,198.0,0.0,44131,1.0,8
2020,198.0,0.0,44131,1.0,8
2021,198.0,0.0,47113,2.0,8
2021,174.0,0.0,47900,2.0,8
2021,174.0,0.0,47900,2.0,8
2021,174.0,0.0,47900,2.0,8
2021,174.0,0.0,47900,2.0,8
2021,174.0,0.0,47900,2.0,8
2021,174.0,0.0,47900,2.0,8
2021,174.0,0.0,47900,2.0,8
2021,174.0,0.0,47900,2.0,8
2021,174.0,0.0,47900,2.0,8
2021,174.0,0.0,47900,2.0,8
2021,174.0,0.0,47900,2.0,8
2021,174.0,0.0,47900,2.0,8
2021,174.0,0.0,47900,2.0,8
2021,174.0,0.0,47900,2.0,8
2021,174.0,0.0,47900,2.0,8
2021,174.0,0.0,47900,2.0,8
2021,174.0,0.0,47900,2.0,8
2021,174.0,0.0,47900,2.0,8
2021,174.0,0.0,47900,2.0,8
2021,174.0,0.0,47900,2.0,8
2021,174.0,0.0,47900,2.0,8
2021,174.0,0.0,47900,2.0,8
2021,174.0,0.0,47900,2.0,8
2021,174.0,0.0,47900,2.0,8
2021,174.0,0.0,47900,2.0,8
2021,174.0,0.0,47900,2.0,8
2021,174.0,0.0,47900,2.0,8
2021,174.0,0.0,47900,2.0,8
2021,174.0,0.0,47900,2.0,8
2021,174.0,0.0,47900,2.0,8
2021,174.0,0.0,47900,2.0,8
2021,174.0,0.0,47900,2.0,8
2021,174.0,0.0,47900,2.0,8
2021,174.0,0.0,47900,2.0,8
2020,198.0,0.0,30170,2.0,7
2020,198.0,0.0,30170,2.0,7
2020,198.0,0.0,30170,3.0,7
2020,198.0,0.0,30170,1.0,7
2020,198.0,0.0,30170,1.0,7
2020,198.0,0.0,30170,1.0,7
2020,198.0,0.0,30170,3.0,7
2020,198.0,0.0,30170,1.0,7
2020,198.0,0.0,30170,2.0,7
2020,198.0,0.0,30170,3.0,7
2020,198.0,0.0,30170,2.0,7
2020,198.0,0.0,30170,2.0,7
2020,198.0,0.0,30170,2.0,7
2020,198.0,0.0,30170,2.0,7
2020,198.0,0.0,30170,2.0,7
2020,198.0,0.0,30170,2.0,7
2020,198.0,0.0,30170,2.0,7
2020,198.0,0.0,30170,2.0,7
2020,198.0,0.0,30170,1.0,7
2020,198.0,0.0,30170,1.0,7
2020,198.0,0.0,30170,1.0,7
2020,198.0,0.0,30170,3.0,7
2020,198.0,0.0,30170,1.0,7
2020,198.0,0.0,30170,1.0,7
2020,198.0,0.0,30170,1.0,7
2020,198.0,0.0,30170,1.0,7
2020,198.0,0.0,30170,1.0,7
2020,198.0,0.0,30170,1.0,7
2020,198.0,0.0,30170,1.0,7
2020,198.0,0.0,30170,1.0,7
2020,198.0,0.0,30170,1.0,7
2020,198.0,0.0,30170,1.0,7
2020,198.0,0.0,30170,1.0,7
2020,198.0,0.0,30170,1.0,7
2020,198.0,0.0,30170,1.0,7
2020,198.0,0.0,30170,1.0,7
2020,198.0,0.0,30170,1.0,7
2020,382.0,0.0,47770,3.0,7
2020,382.0,0.0,47770,2.0,7
2020,382.0,0.0,47770,1.0,7
2020,382.0,0.0,47770,3.0,7
2020,382.0,0.0,47770,1.0,7
2020,382.0,0.0,47770,1.0,7
2020,382.0,0.0,47770,1.0,7
2020,382.0,0.0,47770,2.0,7
2020,382.0,0.0,47770,2.0,7
2020,382.0,0.0,47770,1.0,7
2020,277.0,0.0,50130,2.0,8
2020,277.0,0.0,50130,2.0,8
2020,277.0,0.0,50130,2.0,8
2020,277.0,0.0,50130,2.0,8
2020,277.0,0.0,50130,2.0,8
2020,277.0,0.0,50130,2.0,8
2020,277.0,0.0,50130,2.0,8
2020,277.0,0.0,50130,2.0,8
2020,277.0,0.0,50130,2.0,8
2020,277.0,0.0,50130,2.0,9
2020,277.0,0.0,50130,2.0,9
2020,277.0,0.0,50130,2.0,9
2020,277.0,0.0,50130,2.0,9
2020,277.0,0.0,50130,2.0,9
2020,277.0,0.0,50130,2.0,9
2020,277.0,0.0,50130,2.0,9
2020,277.0,0.0,50130,2.0,9
2020,277.0,0.0,50130,2.0,9
2020,277.0,0.0,50130,2.0,9
2020,277.0,0.0,50130,1.0,9
2020,277.0,0.0,50130,2.0,9
2020,277.0,0.0,50130,2.0,9
2020,277.0,0.0,50130,2.0,9
2020,277.0,0.0,50130,2.0,9
2020,277.0,0.0,50130,2.0,9
2020,277.0,0.0,50130,2.0,9
2020,277.0,0.0,50130,2.0,9
2020,277.0,0.0,50130,2.0,9
2020,277.0,0.0,50130,2.0,9
2020,277.0,0.0,50130,1.0,9
2020,277.0,0.0,50130,2.0,9
2020,277.0,0.0,50130,3.0,9
2020,277.0,0.0,50130,2.0,9
2020,277.0,0.0,50130,2.0,9
2020,277.0,0.0,50130,2.0,8
2020,277.0,0.0,50130,2.0,8
2020,277.0,0.0,50130,2.0,8
2020,277.0,0.0,50130,2.0,8
2020,277.0,0.0,50130,2.0,9
2020,277.0,0.0,50130,2.0,9
2020,277.0,0.0,50130,2.0,8
2020,277.0,0.0,50130,1.0,9
2020,277.0,0.0,50130,2.0,8
2020,277.0,0.0,50130,1.0,9
2020,277.0,0.0,50130,2.0,8
2020,277.0,0.0,50130,2.0,8
2020,277.0,0.0,50130,2.0,9
2020,277.0,0.0,50130,2.0,9
2020,277.0,0.0,50130,2.0,9
2020,277.0,0.0,50130,2.0,9
2020,277.0,0.0,50130,1.0,9
2020,277.0,0.0,50130,2.0,9
2020,277.0,0.0,50130,2.0,8
2020,277.0,0.0,50130,2.0,8
2020,277.0,0.0,50130,2.0,8
2020,277.0,0.0,50130,2.0,9
2020,277.0,0.0,50130,2.0,8
2020,277.0,0.0,50130,2.0,9
2020,277.0,0.0,50130,2.0,8
2020,277.0,0.0,50130,2.0,9
2020,277.0,0.0,50130,2.0,8
2020,277.0,0.0,50130,1.0,9
2020,277.0,0.0,50130,1.0,9
2020,277.0,0.0,50130,2.0,8
2020,277.0,0.0,50130,2.0,8
2020,277.0,0.0,50130,2.0,9
2020,277.0,0.0,50130,2.0,8
2020,277.0,0.0,50130,2.0,9
2020,277.0,0.0,50130,2.0,9
2020,277.0,0.0,50130,2.0,9
2020,277.0,0.0,50130,2.0,9
2020,277.0,0.0,50130,2.0,9
2020,277.0,0.0,50130,2.0,9
2020,277.0,0.0,50130,2.0,9
2020,277.0,0.0,50130,2.0,9
2020,277.0,0.0,50130,2.0,9
2020,277.0,0.0,50130,2.0,9
2020,277.0,0.0,50130,1.0,9
2020,277.0,0.0,50130,2.0,9
2020,277.0,0.0,50130,2.0,9
2020,277.0,0.0,50130,1.0,9
2020,277.0,0.0,50130,2.0,9
2020,277.0,0.0,50130,1.0,9
2020,277.0,0.0,50130,2.0,8
2020,277.0,0.0,50130,2.0,9
2020,277.0,0.0,50130,2.0,8
2020,277.0,0.0,50130,2.0,9
2020,277.0,0.0,50130,2.0,9
2020,277.0,0.0,50130,2.0,8
2020,277.0,0.0,50130,1.0,9
2020,277.0,0.0,50130,1.0,9
2020,277.0,0.0,50130,2.0,9
2020,277.0,0.0,50130,1.0,9
2020,277.0,0.0,50130,2.0,9
2020,277.0,0.0,50130,2.0,9
2020,277.0,0.0,50130,2.0,9
2020,277.0,0.0,50130,2.0,9
2020,277.0,0.0,50130,2.0,9
2020,277.0,0.0,50130,2.0,9
2020,277.0,0.0,50130,1.0,9
2020,277.0,0.0,50130,2.0,9
2020,277.0,0.0,50130,2.0,9
2020,277.0,0.0,50130,2.0,8
2020,277.0,0.0,50130,2.0,9
2020,277.0,0.0,50130,2.0,9
2020,277.0,0.0,50130,2.0,8
2020,277.0,0.0,50130,2.0,8
2020,277.0,0.0,50130,3.0,9
2020,277.0,0.0,50130,2.0,9
2020,277.0,0.0,50130,2.0,8
2020,116.0,0.0,43745,1.0,7
2020,116.0,0.0,43745,1.0,7
2020,116.0,0.0,43745,1.0,7
2020,116.0,0.0,43745,2.0,7
2020,116.0,0.0,43745,1.0,7
2020,116.0,0.0,43745,1.0,7
2020,116.0,0.0,43745,1.0,7
2020,116.0,0.0,43745,1.0,7
2020,116.0,0.0,43745,1.0,7
2022,2327.0,0.0,36110,1.0,8
2022,2327.0,0.0,36110,1.0,8
2020,198.0,51.0,26500,1.0,7
2020,198.0,51.0,26500,2.0,7
2020,198.0,51.0,26500,1.0,7
2020,198.0,51.0,26500,2.0,7
2020,198.0,51.0,26500,1.0,7
2020,198.0,51.0,26500,1.0,7
2021,144.0,0.0,50110,2.0,9
2021,144.0,0.0,50110,2.0,9
2021,144.0,0.0,50110,2.0,9
2021,144.0,0.0,50110,2.0,9
2021,144.0,0.0,50110,2.0,9
2021,144.0,0.0,50110,2.0,9
2021,144.0,0.0,50110,2.0,9
2021,144.0,0.0,50110,2.0,9
2021,144.0,0.0,50110,2.0,9
2021,144.0,0.0,50110,2.0,9
2021,144.0,0.0,50110,2.0,9
2021,144.0,0.0,50110,2.0,9
2021,144.0,0.0,50110,2.0,9
2021,144.0,0.0,50110,1.0,9
2021,144.0,0.0,50110,1.0,9
2021,144.0,0.0,50110,1.0,9
2021,144.0,0.0,50110,2.0,9
2021,144.0,0.0,50110,1.0,9
2021,144.0,0.0,50110,1.0,9
2021,144.0,0.0,50110,1.0,9
2021,144.0,0.0,50110,2.0,9
2021,144.0,0.0,50110,2.0,9
2021,144.0,0.0,50110,2.0,9
2021,144.0,0.0,50110,2.0,9
2021,144.0,0.0,50110,2.0,9
2021,144.0,0.0,50110,2.0,9
2021,144.0,0.0,50110,2.0,9
2021,144.0,0.0,50110,2.0,9
2021,144.0,0.0,50110,2.0,9
2021,144.0,0.0,50110,2.0,9
2021,144.0,0.0,50110,2.0,9
2021,144.0,0.0,50110,2.0,9
2021,144.0,0.0,50110,2.0,9
2021,144.0,0.0,50110,2.0,9
2021,144.0,0.0,50110,2.0,9
2021,144.0,0.0,50110,2.0,9
2021,144.0,0.0,50110,2.0,9
2021,144.0,0.0,50110,2.0,9
2021,144.0,0.0,50110,2.0,9
2021,144.0,0.0,50110,2.0,9
2021,144.0,0.0,50110,2.0,9
2021,144.0,0.0,50110,2.0,9
2021,144.0,0.0,50110,1.0,9
2021,198.0,0.0,47113,2.0,8
2019,280.0,0.0,46780,3.0,10
2019,280.0,0.0,46780,2.0,10
2019,280.0,0.0,46780,1.0,10
2019,280.0,0.0,46780,3.0,10
2019,280.0,0.0,46780,1.0,10
2019,280.0,0.0,46780,2.0,10
2019,280.0,0.0,46780,3.0,10
2020,267.0,0.0,48330,3.0,8
2020,267.0,0.0,48330,2.0,8
2020,267.0,0.0,48330,1.0,8
2020,267.0,0.0,48330,2.0,8
2020,267.0,0.0,48330,1.0,8
2020,267.0,0.0,48330,3.0,8
2020,267.0,0.0,48330,2.0,8
2020,267.0,0.0,48330,1.0,8
2020,267.0,0.0,48330,2.0,8
2021,198.0,0.0,48240,1.0,8
2021,198.0,0.0,48240,2.0,8
2021,198.0,0.0,48240,1.0,8
2021,198.0,0.0,48240,1.0,8
2021,198.0,0.0,48240,1.0,8
2021,198.0,0.0,48240,1.0,8
2021,198.0,0.0,48240,1.0,8
2019,198.0,0.0,47760,3.0,10
2019,198.0,0.0,47760,2.0,10
2019,198.0,0.0,47760,1.0,10
2019,198.0,0.0,47760,2.0,10
2019,198.0,0.0,47760,1.0,10
2019,198.0,0.0,47760,1.0,10
2019,198.0,0.0,47760,2.0,10
2019,198.0,0.0,47760,1.0,10
2019,198.0,0.0,47760,1.0,10
2019,198.0,0.0,47760,2.0,10
2019,198.0,0.0,47760,1.0,10
2019,198.0,0.0,47760,1.0,10
2019,198.0,0.0,47760,2.0,10
2019,198.0,0.0,47760,5.0,10
2019,198.0,0.0,47760,3.0,10
2019,198.0,0.0,47760,1.0,10
2019,198.0,0.0,47760,2.0,10
2019,198.0,0.0,47760,2.0,10
2019,198.0,0.0,47760,3.0,10
2019,198.0,0.0,47760,2.0,10
2019,198.0,0.0,47760,3.0,10
2019,198.0,0.0,47760,2.0,10
2019,198.0,0.0,47760,2.0,10
2019,198.0,0.0,47760,2.0,10
2019,198.0,0.0,47760,1.0,10
2019,198.0,0.0,47760,5.0,10
2019,198.0,0.0,47760,3.0,10
2019,198.0,0.0,47760,2.0,10
2019,198.0,0.0,47760,3.0,10
2019,198.0,0.0,47760,2.0,10
2019,198.0,0.0,47760,3.0,10
2019,198.0,0.0,47760,1.0,10
2019,198.0,0.0,47760,2.0,10
2019,198.0,0.0,47760,1.0,10
2019,198.0,0.0,47760,1.0,10
2019,198.0,0.0,47760,1.0,10
2019,198.0,0.0,47760,2.0,10
2019,198.0,0.0,47760,1.0,10
2019,198.0,0.0,47760,2.0,10
2019,198.0,0.0,47760,2.0,10
2019,198.0,0.0,47760,1.0,10
2019,198.0,0.0,47760,1.0,10
2019,198.0,0.0,47760,2.0,10
2019,198.0,0.0,47760,1.0,10
2019,198.0,0.0,47760,2.0,10
2019,198.0,0.0,47760,3.0,10
2019,198.0,0.0,47760,5.0,10
2019,198.0,0.0,47760,2.0,10
2019,198.0,0.0,47760,5.0,10
2019,198.0,0.0,47760,3.0,10
2019,198.0,0.0,47760,2.0,10
2019,198.0,0.0,47760,2.0,10
2019,198.0,0.0,47760,2.0,10
2019,198.0,0.0,47760,3.0,10
2019,198.0,0.0,47760,3.0,10
2019,198.0,0.0,47760,3.0,10
2019,198.0,0.0,47760,2.0,10
2019,198.0,0.0,47760,5.0,10
2019,198.0,0.0,47760,3.0,10
2019,198.0,0.0,47760,2.0,10
2019,198.0,0.0,47760,2.0,10
2019,198.0,0.0,47760,1.0,10
2019,198.0,0.0,47760,2.0,10
2019,198.0,0.0,47760,1.0,10
2019,198.0,0.0,47760,1.0,10
2019,198.0,0.0,47760,2.0,10
2019,198.0,0.0,47760,1.0,10
2019,198.0,0.0,47760,3.0,10
2019,198.0,0.0,47760,2.0,10
2019,198.0,0.0,47840,1.0,10
2019,198.0,0.0,47840,1.0,10
2019,198.0,0.0,47840,1.0,10
2019,198.0,0.0,47840,1.0,10
2019,198.0,0.0,47840,2.0,10
2019,198.0,0.0,47840,2.0,10
2019,198.0,0.0,47840,2.0,10
2019,198.0,0.0,47840,2.0,10
2019,198.0,0.0,47840,2.0,10
2019,198.0,0.0,47840,1.0,10
2019,198.0,0.0,47840,1.0,10
2019,198.0,0.0,47840,3.0,10
2019,198.0,0.0,47840,2.0,10
2019,198.0,0.0,47840,2.0,10
2019,198.0,0.0,47840,2.0,10
2019,198.0,0.0,47840,2.0,10
2019,198.0,0.0,47840,2.0,10
2019,198.0,0.0,47840,1.0,10
2019,198.0,0.0,47840,2.0,10
2019,198.0,0.0,47840,3.0,10
2019,198.0,0.0,47840,2.0,10
2019,198.0,0.0,47840,1.0,10
2019,198.0,0.0,47840,2.0,10
2019,198.0,0.0,47840,2.0,10
2019,198.0,0.0,47840,2.0,10
2019,198.0,0.0,47840,3.0,10
2019,198.0,0.0,47840,1.0,10
2019,198.0,0.0,47840,2.0,10
2019,198.0,0.0,47840,2.0,10
2019,198.0,0.0,47840,2.0,10
2019,198.0,0.0,47840,2.0,10
2019,198.0,0.0,47840,1.0,10
2019,198.0,0.0,47840,2.0,10
2019,198.0,0.0,47840,1.0,10
2019,198.0,0.0,47840,2.0,10
2019,198.0,0.0,47840,1.0,10
2019,198.0,0.0,47840,2.0,10
2019,198.0,0.0,47840,2.0,10
2019,198.0,0.0,47840,2.0,10
2019,198.0,0.0,47840,1.0,10
2019,198.0,0.0,47840,1.0,10
2019,198.0,0.0,47840,2.0,10
2019,198.0,0.0,47840,1.0,10
2019,198.0,0.0,47840,2.0,10
2019,198.0,0.0,50110,1.0,7
2019,198.0,0.0,50110,1.0,7
2019,198.0,0.0,50110,1.0,7
2019,198.0,0.0,50110,2.0,7
2019,198.0,0.0,50110,3.0,7
2019,198.0,0.0,50110,1.0,10
2019,198.0,0.0,50110,1.0,10
2019,198.0,0.0,50110,1.0,7
2019,198.0,0.0,50110,1.0,10
2019,198.0,0.0,50110,1.0,10
2019,198.0,0.0,50110,1.0,9
2019,198.0,0.0,50110,1.0,7
2019,198.0,0.0,50110,1.0,9
2019,198.0,0.0,50110,1.0,9
2019,198.0,0.0,50110,1.0,10
2019,198.0,0.0,50110,1.0,10
2019,198.0,0.0,50110,1.0,10
2019,198.0,0.0,50110,1.0,9
2019,198.0,0.0,50110,1.0,10
2019,198.0,0.0,50110,1.0,9
2019,198.0,0.0,50110,1.0,10
2019,198.0,0.0,50110,1.0,10
2019,198.0,0.0,50110,1.0,9
2019,198.0,0.0,50110,1.0,10
2019,198.0,0.0,50110,1.0,7
2019,198.0,0.0,50110,2.0,9
2019,198.0,0.0,50110,1.0,10
2019,198.0,0.0,50110,2.0,9
2019,198.0,0.0,50110,1.0,9
2019,198.0,0.0,50110,1.0,10
2019,198.0,0.0,50110,1.0,9
2019,198.0,0.0,50110,1.0,9
2019,198.0,0.0,50110,1.0,10
2019,198.0,0.0,50110,1.0,10
2019,198.0,0.0,50110,1.0,9
2019,198.0,0.0,50110,1.0,10
2019,198.0,0.0,50110,1.0,9
2019,198.0,0.0,50110,2.0,10
2019,198.0,0.0,50110,1.0,10
2019,198.0,0.0,50110,2.0,7
2019,198.0,0.0,50110,2.0,7
2019,198.0,0.0,50110,1.0,10
2019,198.0,0.0,50110,1.0,7
2019,198.0,0.0,50110,1.0,10
2019,198.0,0.0,50110,1.0,9
2019,198.0,0.0,50110,1.0,9
2019,198.0,0.0,50110,2.0,9
2019,198.0,0.0,50110,1.0,10
2019,198.0,0.0,50110,1.0,7
2019,198.0,0.0,50110,1.0,7
2019,198.0,0.0,50110,1.0,7
2019,198.0,0.0,50110,1.0,10
2019,198.0,0.0,50110,1.0,9
2019,198.0,0.0,50110,1.0,10
2019,198.0,0.0,50110,2.0,9
2019,198.0,0.0,50110,2.0,10
2019,198.0,0.0,50110,2.0,10
2019,198.0,0.0,50110,2.0,9
2019,198.0,0.0,50110,1.0,8
2019,198.0,0.0,50110,1.0,7
2019,198.0,0.0,50110,1.0,7
2019,100.0,0.0,36110,1.0,7
2019,100.0,0.0,36110,1.0,7
2016,198.0,2.0,26350,1.0,10
2016,198.0,2.0,26350,1.0,10
2016,198.0,2.0,26350,1.0,10
2016,198.0,2.0,26350,1.0,10
2016,198.0,2.0,26350,1.0,10
2019,198.0,0.0,47770,2.0,10
2019,198.0,0.0,47770,5.0,10
2019,198.0,0.0,47770,3.0,10
2019,198.0,0.0,47770,3.0,10
2019,198.0,0.0,47770,3.0,10
2019,198.0,0.0,47770,5.0,10
2019,198.0,0.0,47770,5.0,10
2019,198.0,0.0,47770,3.0,10
2019,198.0,0.0,47770,6.0,10
2019,198.0,0.0,47770,3.0,10
2019,198.0,0.0,47770,2.0,10
2019,198.0,0.0,47770,2.0,10
2019,198.0,0.0,47770,2.0,10
2019,198.0,0.0,47770,3.0,10
2019,198.0,0.0,47770,2.0,10
2019,198.0,0.0,47770,1.0,10
2019,198.0,0.0,47770,3.0,10
2019,198.0,0.0,47770,2.0,10
2019,198.0,0.0,47770,2.0,10
2019,198.0,0.0,47770,2.0,10
2019,198.0,0.0,47770,2.0,10
2019,198.0,0.0,47770,2.0,10
2019,198.0,0.0,47770,3.0,10
2019,198.0,0.0,47770,1.0,10
2019,198.0,0.0,47770,3.0,10
2019,198.0,0.0,47770,1.0,10
2019,198.0,0.0,47770,3.0,10
2019,198.0,0.0,47770,2.0,10
2019,198.0,0.0,47770,2.0,10
2019,198.0,0.0,47770,2.0,10
2019,198.0,0.0,47770,3.0,10
2019,198.0,0.0,47770,5.0,10
2019,198.0,0.0,47770,2.0,10
2019,198.0,0.0,47770,5.0,10
2019,198.0,0.0,47770,3.0,10
2019,198.0,0.0,47770,6.0,10
2019,198.0,0.0,47770,3.0,10
2019,198.0,0.0,47770,2.0,10
2019,198.0,0.0,47770,2.0,10
2019,198.0,0.0,47770,2.0,10
2019,198.0,0.0,47770,5.0,10
2019,198.0,0.0,47770,5.0,10
2019,198.0,0.0,47770,5.0,10
2019,198.0,0.0,47770,6.0,10
2019,198.0,0.0,47770,5.0,10
2019,198.0,0.0,47770,5.0,10
2018,198.0,0.0,43130,1.0,9
2018,198.0,0.0,43130,2.0,9
2018,198.0,0.0,43130,2.0,8
2018,198.0,0.0,43130,1.0,8
2018,198.0,0.0,43130,1.0,8
2018,198.0,0.0,43130,2.0,8
2018,203.0,0.0,48170,1.0,8
2018,203.0,0.0,48170,1.0,10
2018,203.0,0.0,48170,2.0,10
2018,203.0,0.0,48170,2.0,10
2018,203.0,0.0,48170,1.0,10
2018,203.0,0.0,48170,1.0,10
2018,203.0,0.0,48170,3.0,8
2018,203.0,0.0,48170,3.0,8
2018,203.0,0.0,48170,2.0,10
2018,203.0,0.0,48170,2.0,10
2018,203.0,0.0,48170,2.0,10
2018,203.0,0.0,48170,3.0,10
2018,203.0,0.0,48170,1.0,10
2018,203.0,0.0,48170,2.0,8
2018,203.0,0.0,48170,3.0,8
2018,203.0,0.0,48170,3.0,10
2018,203.0,0.0,48170,2.0,10
2018,203.0,0.0,48170,2.0,10
2018,203.0,0.0,48170,1.0,8
2018,203.0,0.0,48170,1.0,10
2018,203.0,0.0,48170,1.0,10
2018,203.0,0.0,48170,2.0,10
2018,203.0,0.0,48170,2.0,8
2018,203.0,0.0,48170,3.0,10
2018,203.0,0.0,48170,3.0,10
2018,203.0,0.0,48170,3.0,10
2018,203.0,0.0,48170,1.0,10
2018,203.0,0.0,48170,2.0,10
2018,203.0,0.0,48170,1.0,10
2018,203.0,0.0,48170,3.0,10
2018,203.0,0.0,48170,3.0,10
2018,203.0,0.0,48170,2.0,10
2018,203.0,0.0,48170,2.0,10
2018,203.0,0.0,48170,2.0,10
2018,203.0,0.0,48170,2.0,10
2018,203.0,0.0,48170,1.0,10
2018,203.0,0.0,48170,2.0,8
2018,203.0,0.0,48170,1.0,10
2018,203.0,0.0,48170,2.0,10
2018,203.0,0.0,48170,1.0,10
2018,203.0,0.0,48170,2.0,10
2018,203.0,0.0,48170,1.0,10
2018,203.0,0.0,48170,2.0,10
2018,203.0,0.0,48170,2.0,10
2018,203.0,0.0,48170,2.0,10
2018,203.0,0.0,48170,1.0,8
2018,203.0,0.0,48170,2.0,10
2018,203.0,0.0,48170,2.0,10
2018,203.0,0.0,48170,1.0,10
2018,203.0,0.0,48170,2.0,10
2018,203.0,0.0,48170,2.0,10
2018,203.0,0.0,48170,1.0,10
2018,203.0,0.0,48170,1.0,10
2018,203.0,0.0,48170,2.0,10
2018,203.0,0.0,48170,1.0,10
2018,203.0,0.0,48170,1.0,8
2018,203.0,0.0,48170,3.0,10
2018,203.0,0.0,48170,2.0,8
2018,203.0,0.0,48170,3.0,10
2018,203.0,0.0,48170,2.0,10
2018,203.0,0.0,48170,3.0,10
2018,203.0,0.0,48170,1.0,10
2018,203.0,0.0,48170,2.0,10
2018,203.0,0.0,48170,1.0,8
2018,203.0,0.0,48170,2.0,10
2018,203.0,0.0,48170,2.0,10
2018,203.0,0.0,48170,1.0,10
2018,203.0,0.0,48170,3.0,10
2018,203.0,0.0,48170,2.0,10
2018,203.0,0.0,48170,2.0,10
2018,203.0,0.0,48170,3.0,10
2018,203.0,0.0,48170,2.0,10
2018,203.0,0.0,48170,2.0,10
2018,203.0,0.0,48170,3.0,10
2018,203.0,0.0,48170,2.0,10
2018,203.0,0.0,48170,1.0,10
2018,203.0,0.0,48170,1.0,10
2018,203.0,0.0,48170,3.0,8
2018,203.0,0.0,48170,1.0,10
2018,203.0,0.0,48170,3.0,10
2018,203.0,0.0,48170,2.0,10
2018,203.0,0.0,48170,2.0,10
2018,203.0,0.0,48170,2.0,10
2018,203.0,0.0,48170,1.0,10
2018,203.0,0.0,48170,3.0,10
2018,203.0,0.0,48170,2.0,10
2018,203.0,0.0,48170,2.0,10
2018,203.0,0.0,48170,3.0,10
2018,203.0,0.0,48170,1.0,10
2018,203.0,0.0,48170,3.0,10
2018,203.0,0.0,48170,2.0,10
2018,203.0,0.0,48170,2.0,10
2018,203.0,0.0,48170,1.0,10
2018,203.0,0.0,48170,2.0,8
2018,203.0,0.0,48170,2.0,10
2018,203.0,0.0,48170,1.0,10
2018,203.0,0.0,48170,2.0,10
2018,203.0,0.0,48170,2.0,10
2018,203.0,0.0,48170,1.0,10
2018,203.0,0.0,48170,2.0,10
2018,203.0,0.0,48170,2.0,10
2018,203.0,0.0,48170,2.0,10
2018,203.0,0.0,48170,3.0,8
2018,203.0,0.0,48170,2.0,10
2018,203.0,0.0,48170,3.0,8
2018,203.0,0.0,48170,3.0,10
2018,203.0,0.0,48170,1.0,8
2018,203.0,0.0,48170,3.0,8
2018,203.0,0.0,48170,3.0,10
2018,203.0,0.0,48170,2.0,10
2018,203.0,0.0,48170,3.0,8
2018,203.0,0.0,48170,1.0,10
2018,203.0,0.0,48170,1.0,10
2018,203.0,0.0,48170,1.0,10
2018,203.0,0.0,48170,2.0,10
2018,203.0,0.0,48170,2.0,10
2018,203.0,0.0,48170,2.0,10
2018,203.0,0.0,48170,2.0,10
2018,203.0,0.0,48170,1.0,8
2018,203.0,0.0,48170,1.0,10
2018,203.0,0.0,48170,2.0,10
2018,203.0,0.0,48170,2.0,8
2018,203.0,0.0,48170,3.0,10
2018,203.0,0.0,48170,1.0,10
2018,203.0,0.0,48170,2.0,10
2018,203.0,0.0,48170,1.0,8
2018,203.0,0.0,48170,1.0,10
2018,203.0,0.0,48170,3.0,8
2018,203.0,0.0,48170,3.0,10
2018,203.0,0.0,48170,2.0,10
2018,203.0,0.0,48170,2.0,8
2018,203.0,0.0,48170,1.0,8
2018,203.0,0.0,48170,2.0,10
2018,203.0,0.0,48170,2.0,10
2018,203.0,0.0,48170,3.0,8
2018,203.0,0.0,48170,3.0,10
2018,203.0,0.0,48170,2.0,10
2018,203.0,0.0,48170,1.0,10
2018,203.0,0.0,48170,2.0,10
2018,203.0,0.0,48170,2.0,10
2018,203.0,0.0,48170,1.0,10
2018,203.0,0.0,48170,3.0,10
2018,203.0,0.0,48170,3.0,10
2018,203.0,0.0,48170,3.0,10
2018,203.0,0.0,48170,3.0,10
2018,203.0,0.0,48170,2.0,10
2018,203.0,0.0,48170,3.0,10
2018,203.0,0.0,48170,3.0,10
2018,203.0,0.0,48170,1.0,10
2018,203.0,0.0,48170,2.0,8
2018,203.0,0.0,48170,2.0,10
2018,203.0,0.0,48170,3.0,8
2018,203.0,0.0,48170,3.0,10
2018,203.0,0.0,48170,3.0,10
2018,203.0,0.0,48170,2.0,10
2018,203.0,0.0,48170,1.0,10
2018,203.0,0.0,48170,2.0,10
2018,203.0,0.0,48170,3.0,10
2018,203.0,0.0,48170,1.0,10
2018,203.0,0.0,48170,1.0,10
2018,203.0,0.0,48170,1.0,10
2018,203.0,0.0,48170,2.0,10
2018,203.0,0.0,48170,1.0,8
2018,203.0,0.0,48170,2.0,10
2018,203.0,0.0,48170,2.0,10
2018,203.0,0.0,48170,2.0,8
2018,203.0,0.0,48170,1.0,10
2018,203.0,0.0,48170,1.0,10
2018,203.0,0.0,48170,2.0,10
2018,203.0,0.0,48170,2.0,10
2018,203.0,0.0,48170,2.0,10
2018,203.0,0.0,48170,2.0,10
2018,203.0,0.0,48170,2.0,8
2018,203.0,0.0,48170,3.0,10
2018,203.0,0.0,48170,3.0,10
2018,203.0,0.0,48170,3.0,10
2018,203.0,0.0,48170,2.0,10
2018,203.0,0.0,48170,2.0,10
2018,203.0,0.0,48170,1.0,10
2018,203.0,0.0,48170,2.0,10
2018,203.0,0.0,48170,1.0,10
2018,203.0,0.0,48170,1.0,8
2018,203.0,0.0,48170,2.0,10
2018,203.0,0.0,48170,5.0,10
2018,203.0,0.0,48170,2.0,10
2018,203.0,0.0,48170,2.0,10
2018,203.0,0.0,48170,2.0,8
2018,203.0,0.0,48170,2.0,8
2018,203.0,0.0,48170,2.0,10
2018,203.0,0.0,48170,1.0,10
2018,203.0,0.0,48170,2.0,8
2018,203.0,0.0,48170,3.0,10
2018,203.0,0.0,48170,3.0,10
2018,203.0,0.0,48170,1.0,10
2018,203.0,0.0,48170,1.0,10
2018,203.0,0.0,48170,2.0,10
2018,203.0,0.0,48170,1.0,10
2018,203.0,0.0,48170,2.0,8
2018,203.0,0.0,48170,2.0,10
2018,203.0,0.0,48170,1.0,8
2018,203.0,0.0,48170,3.0,10
2018,203.0,0.0,48170,1.0,10
2018,203.0,0.0,48170,2.0,10
2018,203.0,0.0,48170,2.0,10
2018,203.0,0.0,48170,2.0,8
2018,203.0,0.0,48170,1.0,10
2018,203.0,0.0,48170,2.0,10
2018,203.0,0.0,48170,3.0,10
2018,203.0,0.0,48170,2.0,10
2018,203.0,0.0,48170,1.0,10
2018,203.0,0.0,48170,1.0,10
2018,203.0,0.0,48170,1.0,8
2018,203.0,0.0,48170,3.0,10
2018,203.0,0.0,48170,2.0,10
2018,203.0,0.0,48170,1.0,10
2019,198.0,0.0,47760,3.0,10
2019,198.0,0.0,47760,2.0,10
2019,198.0,0.0,47760,1.0,10
2019,198.0,0.0,47760,2.0,10
2019,198.0,0.0,47760,1.0,10
2019,198.0,0.0,47760,1.0,10
2019,198.0,0.0,47760,2.0,10
2019,198.0,0.0,47760,1.0,10
2019,198.0,0.0,47760,1.0,10
2019,198.0,0.0,47760,2.0,10
2019,198.0,0.0,47760,1.0,10
2019,198.0,0.0,47760,1.0,10
2019,198.0,0.0,47760,2.0,10
2019,198.0,0.0,47760,5.0,10
2019,198.0,0.0,47760,3.0,10
2019,198.0,0.0,47760,1.0,10
2019,198.0,0.0,47760,2.0,10
2019,198.0,0.0,47760,2.0,10
2019,198.0,0.0,47760,3.0,10
2019,198.0,0.0,47760,2.0,10
2019,198.0,0.0,47760,3.0,10
2019,198.0,0.0,47760,2.0,10
2019,198.0,0.0,47760,2.0,10
2019,198.0,0.0,47760,2.0,10
2019,198.0,0.0,47760,1.0,10
2019,198.0,0.0,47760,5.0,10
2019,198.0,0.0,47760,3.0,10
2019,198.0,0.0,47760,2.0,10
2019,198.0,0.0,47760,3.0,10
2019,198.0,0.0,47760,2.0,10
2019,198.0,0.0,47760,3.0,10
2019,198.0,0.0,47760,1.0,10
2019,198.0,0.0,47760,2.0,10
2019,198.0,0.0,47760,1.0,10
2019,198.0,0.0,47760,1.0,10
2019,198.0,0.0,47760,1.0,10
2019,198.0,0.0,47760,2.0,10
2019,198.0,0.0,47760,1.0,10
2019,198.0,0.0,47760,2.0,10
2019,198.0,0.0,47760,2.0,10
2019,198.0,0.0,47760,1.0,10
2019,198.0,0.0,47760,1.0,10
2019,198.0,0.0,47760,2.0,10
2019,198.0,0.0,47760,1.0,10
2019,198.0,0.0,47760,2.0,10
2019,198.0,0.0,47760,3.0,10
2019,198.0,0.0,47760,5.0,10
2019,198.0,0.0,47760,2.0,10
2019,198.0,0.0,47760,5.0,10
2019,198.0,0.0,47760,3.0,10
2019,198.0,0.0,47760,2.0,10
2019,198.0,0.0,47760,2.0,10
2019,198.0,0.0,47760,2.0,10
2019,198.0,0.0,47760,3.0,10
2019,198.0,0.0,47760,3.0,10
2019,198.0,0.0,47760,3.0,10
2019,198.0,0.0,47760,2.0,10
2019,198.0,0.0,47760,5.0,10
2019,198.0,0.0,47760,3.0,10
2019,198.0,0.0,47760,2.0,10
2019,198.0,0.0,47760,2.0,10
2019,198.0,0.0,47760,1.0,10
2019,198.0,0.0,47760,2.0,10
2019,198.0,0.0,47760,1.0,10
2019,198.0,0.0,47760,1.0,10
2019,198.0,0.0,47760,2.0,10
2019,198.0,0.0,47760,1.0,10
2019,198.0,0.0,47760,3.0,10
2019,198.0,0.0,47760,2.0,10
2019,198.0,0.0,46820,3.0,8
2019,198.0,0.0,46820,2.0,8
2019,198.0,0.0,46820,2.0,8
2019,198.0,0.0,46820,2.0,8
2019,198.0,0.0,46820,2.0,8
2019,198.0,0.0,46820,1.0,8
2019,198.0,0.0,46820,2.0,8
2019,198.0,0.0,46820,2.0,8
2019,198.0,0.0,46820,2.0,8
2019,198.0,0.0,46820,1.0,8
2019,198.0,0.0,46820,2.0,8
2019,198.0,0.0,46820,2.0,8
2019,198.0,0.0,46820,3.0,8
2019,198.0,0.0,46820,2.0,8
2019,198.0,0.0,46820,3.0,8
2019,198.0,0.0,46820,2.0,8
2019,198.0,0.0,46820,2.0,8
2019,198.0,0.0,46820,1.0,8
2019,198.0,0.0,46820,3.0,8
2019,198.0,0.0,46820,2.0,8
2019,198.0,0.0,46820,2.0,8
2019,198.0,0.0,46820,2.0,8
2019,198.0,0.0,46820,2.0,8
2019,198.0,0.0,46820,1.0,8
2019,198.0,0.0,46820,2.0,8
2019,198.0,0.0,46820,2.0,8
2019,198.0,0.0,46820,2.0,8
2019,198.0,0.0,46820,3.0,8
2019,198.0,0.0,46820,3.0,8
2019,198.0,0.0,46820,3.0,8
2019,198.0,0.0,46820,2.0,8
2019,198.0,0.0,46820,3.0,8
2019,198.0,0.0,46820,3.0,8
2019,198.0,0.0,46820,2.0,8
2019,198.0,0.0,46820,2.0,8
2019,198.0,0.0,46820,3.0,8
2019,198.0,0.0,46820,2.0,8
2019,198.0,0.0,46820,2.0,8
2019,198.0,0.0,46820,2.0,8
2019,198.0,0.0,46820,2.0,8
2019,198.0,0.0,46820,2.0,8
2019,198.0,0.0,46820,2.0,8
2019,198.0,0.0,46820,2.0,8
2019,198.0,0.0,46820,2.0,8
2019,198.0,0.0,46820,2.0,8
2019,198.0,0.0,46820,2.0,8
2019,198.0,0.0,46820,3.0,8
2019,198.0,0.0,46820,2.0,8
2019,198.0,0.0,46820,1.0,8
2019,198.0,0.0,46820,3.0,8
2019,198.0,0.0,46820,2.0,8
2019,198.0,0.0,46820,2.0,8
2019,198.0,0.0,46820,2.0,8
2019,198.0,0.0,46820,2.0,8
2019,198.0,0.0,46820,1.0,8
2019,198.0,0.0,46820,2.0,8
2019,198.0,0.0,46820,2.0,8
2019,198.0,0.0,46820,1.0,8
2019,198.0,0.0,46820,2.0,8
2019,198.0,0.0,46820,2.0,8
2019,198.0,0.0,46820,2.0,8
2019,198.0,0.0,46820,3.0,8
2019,198.0,0.0,46820,2.0,8
2019,198.0,0.0,46820,3.0,8
2019,198.0,0.0,46820,2.0,8
2019,198.0,0.0,46820,2.0,8
2019,198.0,0.0,46820,2.0,8
2019,198.0,0.0,46820,2.0,8
2019,198.0,0.0,46820,2.0,8
2019,198.0,0.0,46820,3.0,8
2019,198.0,0.0,46820,2.0,8
2019,198.0,0.0,46820,3.0,8
2019,198.0,0.0,46820,2.0,8
2019,198.0,0.0,46820,2.0,8
2019,198.0,0.0,46820,2.0,8
2019,198.0,0.0,46820,3.0,8
2019,198.0,0.0,46820,2.0,8
2019,198.0,0.0,46820,2.0,8
2019,198.0,0.0,46820,3.0,8
2019,198.0,0.0,46820,2.0,8
2019,198.0,0.0,46820,3.0,8
2019,198.0,0.0,46820,3.0,8
2019,198.0,0.0,46820,2.0,8
2019,198.0,0.0,46820,3.0,8
2019,198.0,0.0,46820,2.0,8
2019,198.0,0.0,46820,3.0,8
2019,198.0,0.0,46820,3.0,8
2019,198.0,0.0,46820,2.0,8
2019,198.0,0.0,46820,3.0,8
2019,198.0,0.0,46820,3.0,8
2019,198.0,0.0,46820,2.0,8
2019,198.0,0.0,46820,2.0,8
2019,198.0,0.0,46820,2.0,8
2019,198.0,0.0,46820,2.0,8
2019,198.0,0.0,46820,2.0,8
2019,198.0,0.0,46820,2.0,8
2019,198.0,0.0,46820,2.0,8
2019,198.0,0.0,46820,2.0,8
2019,198.0,0.0,46820,2.0,8
2019,198.0,0.0,46820,2.0,8
2019,198.0,0.0,46820,2.0,8
2019,198.0,0.0,46820,2.0,8
2019,198.0,0.0,46820,2.0,8
2019,198.0,0.0,46820,2.0,8
2019,198.0,0.0,46820,2.0,8
2019,198.0,0.0,46820,2.0,8
2019,198.0,0.0,46820,2.0,8
2019,198.0,0.0,46820,2.0,8
2019,198.0,0.0,46820,2.0,8
2019,198.0,0.0,46820,2.0,8
2019,198.0,0.0,46820,2.0,8
2019,198.0,0.0,46820,2.0,8
2019,198.0,0.0,46820,2.0,8
2019,198.0,0.0,46820,2.0,8
2019,198.0,0.0,46820,2.0,8
2019,198.0,0.0,46820,2.0,8
2019,198.0,0.0,46820,2.0,8
2018,198.0,0.0,50110,2.0,10
2018,198.0,0.0,50110,1.0,10
2018,198.0,0.0,50110,2.0,10
2018,198.0,0.0,50110,3.0,8
2018,198.0,0.0,50110,2.0,8
2018,198.0,0.0,50110,1.0,8
2018,198.0,0.0,50110,2.0,8
2018,198.0,0.0,50110,1.0,8
2018,198.0,0.0,50110,2.0,8
2018,198.0,0.0,50110,1.0,8
2018,198.0,0.0,50110,1.0,10
2018,198.0,0.0,50110,2.0,8
2018,198.0,0.0,50110,1.0,10
2018,198.0,0.0,50110,1.0,8
2018,198.0,0.0,50110,2.0,10
2018,198.0,0.0,50110,2.0,10
2018,198.0,0.0,50110,1.0,10
2018,198.0,0.0,50110,3.0,10
2018,198.0,0.0,50110,2.0,10
2018,198.0,0.0,50110,2.0,10
2018,198.0,0.0,50110,1.0,10
2018,198.0,0.0,50110,1.0,10
2018,198.0,0.0,50110,2.0,10
2018,198.0,0.0,50110,1.0,10
2018,198.0,0.0,50110,1.0,8
2018,198.0,0.0,50110,2.0,10
2018,198.0,0.0,50110,1.0,12
2018,198.0,0.0,50110,2.0,10
2018,198.0,0.0,50110,2.0,10
2018,198.0,0.0,50110,1.0,10
2018,198.0,0.0,50110,2.0,10
2018,198.0,0.0,50110,1.0,10
2018,198.0,0.0,50110,2.0,10
2018,198.0,0.0,50110,2.0,10
2018,198.0,0.0,50110,1.0,10
2018,198.0,0.0,50110,1.0,10
2018,198.0,0.0,50110,1.0,10
2018,198.0,0.0,50110,2.0,10
2018,198.0,0.0,50110,2.0,8
2018,198.0,0.0,50110,1.0,10
2018,198.0,0.0,50110,2.0,8
2018,198.0,0.0,50110,1.0,10
2018,198.0,0.0,50110,1.0,8
2018,198.0,0.0,50110,2.0,10
2018,198.0,0.0,50110,1.0,10
2018,198.0,0.0,50110,1.0,10
2018,198.0,0.0,50110,2.0,8
2018,198.0,0.0,50110,1.0,8
2018,198.0,0.0,50110,1.0,10
2018,198.0,0.0,50110,2.0,8
2018,198.0,0.0,50110,2.0,10
2018,198.0,0.0,50110,2.0,10
2018,198.0,0.0,50110,2.0,10
2018,198.0,0.0,50110,2.0,10
2018,198.0,0.0,50110,3.0,10
2018,198.0,0.0,50110,2.0,10
2018,198.0,0.0,50110,1.0,10
2018,198.0,0.0,50110,2.0,10
2018,198.0,0.0,50110,1.0,10
2018,198.0,0.0,50110,1.0,10
2018,198.0,0.0,50110,2.0,10
2018,198.0,0.0,50110,1.0,10
2018,198.0,0.0,50110,1.0,10
2018,198.0,0.0,50110,1.0,10
2018,198.0,0.0,50110,2.0,8
2018,198.0,0.0,50110,2.0,10
2018,198.0,0.0,50110,2.0,10
2018,198.0,0.0,50110,2.0,8
2018,198.0,0.0,50110,1.0,10
2018,198.0,0.0,50110,1.0,8
2018,198.0,0.0,50110,1.0,10
2018,198.0,0.0,50110,2.0,8
2018,198.0,0.0,50110,2.0,10
2018,198.0,0.0,50110,1.0,8
2018,198.0,0.0,50110,2.0,8
2018,198.0,0.0,50110,2.0,10
2018,198.0,0.0,50110,2.0,10
2018,198.0,0.0,50110,1.0,10
2018,198.0,0.0,50110,2.0,10
2018,198.0,0.0,50110,1.0,10
2018,198.0,0.0,50110,1.0,10
2018,198.0,0.0,50110,2.0,10
2018,198.0,0.0,50110,2.0,8
2018,198.0,0.0,50110,1.0,10
2018,198.0,0.0,50110,2.0,10
2018,198.0,0.0,50110,2.0,10
2018,198.0,0.0,50110,2.0,10
2018,198.0,0.0,50110,2.0,10
2018,198.0,0.0,50110,1.0,8
2018,198.0,0.0,50110,2.0,10
2018,198.0,0.0,50110,1.0,10
2018,198.0,0.0,50110,2.0,10
2018,198.0,0.0,50110,2.0,10
2018,198.0,0.0,50110,1.0,10
2018,198.0,0.0,50110,1.0,10
2018,198.0,0.0,50110,1.0,8
2018,198.0,0.0,50110,2.0,8
2018,198.0,0.0,50110,2.0,8
2018,198.0,0.0,50110,2.0,8
2018,198.0,0.0,50110,1.0,10
2018,198.0,0.0,50110,2.0,10
2018,198.0,0.0,50110,2.0,10
2018,198.0,0.0,50110,1.0,10
2018,198.0,0.0,50110,2.0,10
2018,198.0,0.0,50110,1.0,8
2018,198.0,0.0,50110,2.0,10
2018,198.0,0.0,50110,2.0,10
2018,198.0,0.0,50110,2.0,10
2018,198.0,0.0,50110,2.0,10
2018,198.0,0.0,50110,2.0,8
2018,198.0,0.0,50110,2.0,8
2018,198.0,0.0,50110,2.0,10
2018,198.0,0.0,50110,2.0,8
2018,198.0,0.0,50110,2.0,10
2018,198.0,0.0,50110,1.0,8
2018,198.0,0.0,50110,1.0,10
2018,198.0,0.0,50110,1.0,10
2018,198.0,0.0,50110,1.0,8
2018,198.0,0.0,50110,2.0,10
2018,198.0,0.0,50110,1.0,10
2018,198.0,0.0,50110,2.0,10
2018,198.0,0.0,50110,2.0,10
2018,198.0,0.0,50110,2.0,8
2018,198.0,0.0,50110,1.0,10
2018,198.0,0.0,50110,2.0,10
2018,198.0,0.0,50110,1.0,8
2018,198.0,0.0,50110,1.0,10
2018,198.0,0.0,50110,1.0,10
2018,198.0,0.0,50110,2.0,8
2018,198.0,0.0,50110,1.0,8
2018,198.0,0.0,50110,1.0,10
2018,198.0,0.0,50110,1.0,10
2018,198.0,0.0,50110,1.0,8
2018,198.0,0.0,50110,1.0,10
2018,198.0,0.0,50110,3.0,10
2018,198.0,0.0,50110,1.0,8
2018,198.0,0.0,50110,1.0,10
2018,198.0,0.0,50110,2.0,10
2018,198.0,0.0,50110,2.0,10
2018,198.0,0.0,50110,2.0,10
2018,198.0,0.0,50110,2.0,10
2018,198.0,0.0,50110,1.0,10
2018,198.0,0.0,50110,2.0,8
2018,198.0,0.0,50110,3.0,10
2018,198.0,0.0,50110,2.0,10
2018,198.0,0.0,50110,1.0,10
2018,198.0,0.0,50110,2.0,8
2018,198.0,0.0,50110,2.0,8
2018,198.0,0.0,50110,2.0,10
2018,198.0,0.0,50110,2.0,10
2018,198.0,0.0,50110,2.0,10
2018,198.0,0.0,50110,1.0,10
2018,198.0,0.0,50110,1.0,8
2018,198.0,0.0,50110,1.0,10
2018,198.0,0.0,50110,2.0,8
2018,198.0,0.0,50110,2.0,10
2018,198.0,0.0,50110,2.0,8
2018,198.0,0.0,50110,1.0,8
2018,198.0,0.0,50110,2.0,8
2018,198.0,0.0,50110,2.0,10
2018,198.0,0.0,50110,1.0,10
2018,198.0,0.0,50110,2.0,8
2018,198.0,0.0,50110,2.0,8
2018,198.0,0.0,50110,1.0,8
2018,198.0,0.0,50110,2.0,10
2018,198.0,0.0,50110,2.0,8
2018,198.0,0.0,50110,2.0,8
2018,198.0,0.0,50110,2.0,8
2018,198.0,0.0,50110,1.0,10
2018,198.0,0.0,50110,2.0,10
2018,198.0,0.0,50110,1.0,8
2018,198.0,0.0,50110,1.0,8
2018,198.0,0.0,50110,2.0,8
2018,198.0,0.0,50110,2.0,10
2018,198.0,0.0,50110,2.0,10
2018,198.0,0.0,50110,2.0,8
2018,198.0,0.0,50110,5.0,10
2018,198.0,0.0,50110,1.0,10
2018,198.0,0.0,50110,1.0,10
2018,198.0,0.0,50110,2.0,8
2018,198.0,0.0,50110,1.0,10
2018,198.0,0.0,50110,2.0,8
2018,198.0,0.0,50110,1.0,8
2018,198.0,0.0,50110,1.0,8
2018,198.0,0.0,50110,1.0,8
2020,200.0,0.0,47770,3.0,7
2020,200.0,0.0,47770,2.0,7
2020,200.0,0.0,47770,1.0,7
2020,200.0,0.0,47770,3.0,7
2020,200.0,0.0,47770,1.0,7
2020,200.0,0.0,47770,1.0,7
2020,200.0,0.0,47770,1.0,7
2020,200.0,0.0,47770,2.0,7
2020,200.0,0.0,47770,2.0,7
2020,200.0,0.0,47770,1.0,7
2020,414.0,0.0,41610,1.0,8
2020,414.0,0.0,41610,1.0,8
2020,414.0,0.0,41610,1.0,8
2020,414.0,0.0,41610,2.0,8
2020,414.0,0.0,41610,1.0,8
2020,414.0,0.0,41610,1.0,8
2020,414.0,0.0,41610,1.0,8
2020,414.0,0.0,41610,1.0,8
2020,414.0,0.0,41610,1.0,8
2020,414.0,0.0,41610,1.0,8
2020,414.0,0.0,41610,2.0,8
2020,414.0,0.0,41610,1.0,8
2020,414.0,0.0,41610,1.0,8
2020,198.0,0.0,44270,2.0,9
2020,198.0,0.0,44270,2.0,9
2020,198.0,0.0,44270,2.0,9
2020,198.0,0.0,44270,2.0,9
2020,198.0,0.0,44270,2.0,9
2020,198.0,0.0,44270,2.0,9
2020,198.0,0.0,44270,2.0,9
2020,198.0,0.0,44270,2.0,9
2020,198.0,0.0,44270,2.0,9
2020,198.0,0.0,44270,2.0,9
2020,198.0,0.0,44270,2.0,9
2020,198.0,0.0,44270,2.0,9
2020,198.0,0.0,44270,2.0,9
2020,198.0,0.0,44270,2.0,9
2020,198.0,0.0,44270,2.0,9
2020,198.0,0.0,44270,2.0,9
2020,198.0,0.0,44270,2.0,9
2020,198.0,0.0,44270,2.0,9
2020,198.0,0.0,44270,2.0,9
2020,198.0,0.0,44270,2.0,9
2020,198.0,0.0,44270,2.0,9
2020,198.0,0.0,44270,2.0,9
2020,198.0,0.0,44270,2.0,9
2020,198.0,0.0,44270,2.0,9
2020,198.0,0.0,44270,2.0,9
2020,198.0,0.0,44270,2.0,9
2020,198.0,0.0,44270,2.0,9
2020,198.0,0.0,44270,2.0,9
2020,198.0,0.0,44270,2.0,9
2020,198.0,0.0,44270,2.0,9
2020,198.0,0.0,44270,2.0,9
2020,198.0,0.0,44270,2.0,9
2020,198.0,0.0,44270,2.0,9
2020,198.0,0.0,44270,2.0,9
2020,198.0,0.0,44270,2.0,9
2020,198.0,0.0,44270,2.0,9
2020,198.0,0.0,44270,2.0,9
2020,198.0,0.0,44270,2.0,9
2020,198.0,0.0,44270,2.0,9
2020,198.0,0.0,44270,2.0,9
2020,198.0,0.0,44270,2.0,9
2020,198.0,0.0,44270,2.0,9
2020,198.0,0.0,44270,2.0,9
2020,198.0,0.0,44270,2.0,9
2020,318.0,0.0,48170,1.0,8
2020,318.0,0.0,48170,3.0,8
2020,318.0,0.0,48170,1.0,8
2020,318.0,0.0,48170,6.0,8
2020,318.0,0.0,48170,2.0,8
2020,318.0,0.0,48170,2.0,8
2020,318.0,0.0,48170,5.0,8
2020,318.0,0.0,48170,2.0,8
2020,318.0,0.0,48170,1.0,8
2020,318.0,0.0,48170,6.0,8
2020,318.0,0.0,48170,3.0,8
2020,318.0,0.0,48170,6.0,8
2020,318.0,0.0,48170,5.0,8
2020,318.0,0.0,48170,2.0,8
2020,318.0,0.0,48170,3.0,8
2020,318.0,0.0,48170,2.0,8
2020,318.0,0.0,48170,3.0,8
2020,318.0,0.0,48170,6.0,8
2020,318.0,0.0,48170,2.0,8
2020,318.0,0.0,48170,2.0,8
2020,318.0,0.0,48170,3.0,8
2020,318.0,0.0,48170,2.0,8
2020,318.0,0.0,48170,5.0,8
2020,318.0,0.0,48170,2.0,8
2020,318.0,0.0,48170,3.0,8
2020,318.0,0.0,48170,6.0,8
2020,318.0,0.0,48170,3.0,8
2020,318.0,0.0,48170,5.0,8
2020,318.0,0.0,48170,6.0,8
2020,318.0,0.0,48170,2.0,8
2020,318.0,0.0,48170,5.0,8
2020,318.0,0.0,48170,3.0,8
2020,318.0,0.0,48170,5.0,8
2020,318.0,0.0,48170,3.0,7
2020,318.0,0.0,48170,5.0,8
2020,318.0,0.0,48170,5.0,8
2020,318.0,0.0,48170,5.0,8
2020,318.0,0.0,48170,5.0,8
2020,318.0,0.0,48170,6.0,8
2020,318.0,0.0,48170,2.0,8
2020,233.0,0.0,44200,2.0,8
2020,233.0,0.0,44200,2.0,8
2020,233.0,0.0,44200,3.0,8
2020,233.0,0.0,44200,1.0,8
2020,233.0,0.0,44200,2.0,8
2020,233.0,0.0,44200,2.0,8
2020,233.0,0.0,44200,2.0,8
2020,233.0,0.0,44200,2.0,8
2020,233.0,0.0,44200,1.0,8
2020,233.0,0.0,44200,3.0,8
2020,233.0,0.0,44200,3.0,8
2020,233.0,0.0,44200,1.0,8
2020,233.0,0.0,44200,3.0,8
2020,233.0,0.0,44200,2.0,8
2020,233.0,0.0,44200,2.0,8
2020,233.0,0.0,44200,3.0,8
2020,233.0,0.0,44200,1.0,8
2020,233.0,0.0,44200,2.0,8
2020,233.0,0.0,44200,2.0,8
2020,233.0,0.0,44200,2.0,8
2020,233.0,0.0,44200,2.0,8
2020,233.0,0.0,44200,1.0,8
2020,233.0,0.0,44200,3.0,8
2020,233.0,0.0,44200,3.0,8
2020,233.0,0.0,44200,1.0,8
2020,233.0,0.0,44200,3.0,8
2020,198.0,0.0,43760,2.0,7
2020,198.0,0.0,43760,1.0,7
2020,198.0,0.0,43760,1.0,7
2020,198.0,0.0,43760,1.0,7
2020,198.0,0.0,43760,1.0,7
2020,198.0,0.0,43760,1.0,7
2020,198.0,0.0,43760,2.0,7
2020,198.0,0.0,43760,2.0,7
2020,198.0,0.0,43760,2.0,7
2020,198.0,0.0,43760,2.0,7
2020,198.0,0.0,43760,2.0,7
2020,198.0,0.0,43760,1.0,7
2020,198.0,0.0,43760,2.0,7
2020,198.0,0.0,43760,1.0,7
2020,198.0,0.0,43760,1.0,7
2020,198.0,0.0,43760,1.0,7
2020,198.0,0.0,43760,1.0,7
2020,198.0,0.0,43760,2.0,7
2020,198.0,0.0,43760,1.0,7
2020,139.0,0.0,47770,3.0,7
2020,139.0,0.0,47770,2.0,7
2020,139.0,0.0,47770,1.0,7
2020,139.0,0.0,47770,3.0,7
2020,139.0,0.0,47770,1.0,7
2020,139.0,0.0,47770,1.0,7
2020,139.0,0.0,47770,1.0,7
2020,139.0,0.0,47770,2.0,7
2020,139.0,0.0,47770,2.0,7
2020,139.0,0.0,47770,1.0,7
2020,198.0,0.0,47830,3.0,8
2020,198.0,0.0,47830,3.0,8
2020,198.0,0.0,47830,2.0,8
2020,198.0,0.0,47830,2.0,8
2020,198.0,0.0,47830,5.0,8
2020,198.0,0.0,47830,5.0,8
2020,198.0,0.0,30110,2.0,7
2020,198.0,0.0,30110,2.0,7
2020,198.0,0.0,30110,1.0,7
2020,198.0,0.0,30110,2.0,7
2020,198.0,0.0,30110,1.0,7
2020,198.0,0.0,30110,2.0,7
2020,198.0,0.0,30110,1.0,7
2020,198.0,0.0,30110,1.0,7
2020,198.0,0.0,30110,2.0,7
2020,198.0,0.0,26500,1.0,7
2020,198.0,0.0,26500,2.0,7
2020,198.0,0.0,26500,1.0,7
2020,198.0,0.0,26500,2.0,7
2020,198.0,0.0,26500,1.0,7
2020,198.0,0.0,26500,1.0,7
2020,110.0,0.0,50130,2.0,8
2020,110.0,0.0,50130,2.0,8
2020,110.0,0.0,50130,2.0,8
2020,110.0,0.0,50130,2.0,8
2020,110.0,0.0,50130,2.0,8
2020,110.0,0.0,50130,2.0,8
2020,110.0,0.0,50130,2.0,8
2020,110.0,0.0,50130,2.0,8
2020,110.0,0.0,50130,2.0,8
2020,110.0,0.0,50130,2.0,9
2020,110.0,0.0,50130,2.0,9
2020,110.0,0.0,50130,2.0,9
2020,110.0,0.0,50130,2.0,9
2020,110.0,0.0,50130,2.0,9
2020,110.0,0.0,50130,2.0,9
2020,110.0,0.0,50130,2.0,9
2020,110.0,0.0,50130,2.0,9
2020,110.0,0.0,50130,2.0,9
2020,110.0,0.0,50130,2.0,9
2020,110.0,0.0,50130,1.0,9
2020,110.0,0.0,50130,2.0,9
2020,110.0,0.0,50130,2.0,9
2020,110.0,0.0,50130,2.0,9
2020,110.0,0.0,50130,2.0,9
2020,110.0,0.0,50130,2.0,9
2020,110.0,0.0,50130,2.0,9
2020,110.0,0.0,50130,2.0,9
2020,110.0,0.0,50130,2.0,9
2020,110.0,0.0,50130,2.0,9
2020,110.0,0.0,50130,1.0,9
2020,110.0,0.0,50130,2.0,9
2020,110.0,0.0,50130,3.0,9
2020,110.0,0.0,50130,2.0,9
2020,110.0,0.0,50130,2.0,9
2020,110.0,0.0,50130,2.0,8
2020,110.0,0.0,50130,2.0,8
2020,110.0,0.0,50130,2.0,8
2020,110.0,0.0,50130,2.0,8
2020,110.0,0.0,50130,2.0,9
2020,110.0,0.0,50130,2.0,9
2020,110.0,0.0,50130,2.0,8
2020,110.0,0.0,50130,1.0,9
2020,110.0,0.0,50130,2.0,8
2020,110.0,0.0,50130,1.0,9
2020,110.0,0.0,50130,2.0,8
2020,110.0,0.0,50130,2.0,8
2020,110.0,0.0,50130,2.0,9
2020,110.0,0.0,50130,2.0,9
2020,110.0,0.0,50130,2.0,9
2020,110.0,0.0,50130,2.0,9
2020,110.0,0.0,50130,1.0,9
2020,110.0,0.0,50130,2.0,9
2020,110.0,0.0,50130,2.0,8
2020,110.0,0.0,50130,2.0,8
2020,110.0,0.0,50130,2.0,8
2020,110.0,0.0,50130,2.0,9
2020,110.0,0.0,50130,2.0,8
2020,110.0,0.0,50130,2.0,9
2020,110.0,0.0,50130,2.0,8
2020,110.0,0.0,50130,2.0,9
2020,110.0,0.0,50130,2.0,8
2020,110.0,0.0,50130,1.0,9
2020,110.0,0.0,50130,1.0,9
2020,110.0,0.0,50130,2.0,8
2020,110.0,0.0,50130,2.0,8
2020,110.0,0.0,50130,2.0,9
2020,110.0,0.0,50130,2.0,8
2020,110.0,0.0,50130,2.0,9
2020,110.0,0.0,50130,2.0,9
2020,110.0,0.0,50130,2.0,9
2020,110.0,0.0,50130,2.0,9
2020,110.0,0.0,50130,2.0,9
2020,110.0,0.0,50130,2.0,9
2020,110.0,0.0,50130,2.0,9
2020,110.0,0.0,50130,2.0,9
2020,110.0,0.0,50130,2.0,9
2020,110.0,0.0,50130,2.0,9
2020,110.0,0.0,50130,1.0,9
2020,110.0,0.0,50130,2.0,9
2020,110.0,0.0,50130,2.0,9
2020,110.0,0.0,50130,1.0,9
2020,110.0,0.0,50130,2.0,9
2020,110.0,0.0,50130,1.0,9
2020,110.0,0.0,50130,2.0,8
2020,110.0,0.0,50130,2.0,9
2020,110.0,0.0,50130,2.0,8
2020,110.0,0.0,50130,2.0,9
2020,110.0,0.0,50130,2.0,9
2020,110.0,0.0,50130,2.0,8
2020,110.0,0.0,50130,1.0,9
2020,110.0,0.0,50130,1.0,9
2020,110.0,0.0,50130,2.0,9
2020,110.0,0.0,50130,1.0,9
2020,110.0,0.0,50130,2.0,9
2020,110.0,0.0,50130,2.0,9
2020,110.0,0.0,50130,2.0,9
2020,110.0,0.0,50130,2.0,9
2020,110.0,0.0,50130,2.0,9
2020,110.0,0.0,50130,2.0,9
2020,110.0,0.0,50130,1.0,9
2020,110.0,0.0,50130,2.0,9
2020,110.0,0.0,50130,2.0,9
2020,110.0,0.0,50130,2.0,8
2020,110.0,0.0,50130,2.0,9
2020,110.0,0.0,50130,2.0,9
2020,110.0,0.0,50130,2.0,8
2020,110.0,0.0,50130,2.0,8
2020,110.0,0.0,50130,3.0,9
2020,110.0,0.0,50130,2.0,9
2020,110.0,0.0,50130,2.0,8
2020,143.0,0.0,43760,2.0,7
2020,143.0,0.0,43760,1.0,7
2020,143.0,0.0,43760,1.0,7
2020,143.0,0.0,43760,1.0,7
2020,143.0,0.0,43760,1.0,7
2020,143.0,0.0,43760,1.0,7
2020,143.0,0.0,43760,2.0,7
2020,143.0,0.0,43760,2.0,7
2020,143.0,0.0,43760,2.0,7
2020,143.0,0.0,43760,2.0,7
2020,143.0,0.0,43760,2.0,7
2020,143.0,0.0,43760,1.0,7
2020,143.0,0.0,43760,2.0,7
2020,143.0,0.0,43760,1.0,7
2020,143.0,0.0,43760,1.0,7
2020,143.0,0.0,43760,1.0,7
2020,143.0,0.0,43760,1.0,7
2020,143.0,0.0,43760,2.0,7
2020,143.0,0.0,43760,1.0,7
2020,301.0,0.0,43760,2.0,7
2020,301.0,0.0,43760,1.0,7
2020,301.0,0.0,43760,1.0,7
2020,301.0,0.0,43760,1.0,7
2020,301.0,0.0,43760,1.0,7
2020,301.0,0.0,43760,1.0,7
2020,301.0,0.0,43760,2.0,7
2020,301.0,0.0,43760,2.0,7
2020,301.0,0.0,43760,2.0,7
2020,301.0,0.0,43760,2.0,7
2020,301.0,0.0,43760,2.0,7
2020,301.0,0.0,43760,1.0,7
2020,301.0,0.0,43760,2.0,7
2020,301.0,0.0,43760,1.0,7
2020,301.0,0.0,43760,1.0,7
2020,301.0,0.0,43760,1.0,7
2020,301.0,0.0,43760,1.0,7
2020,301.0,0.0,43760,2.0,7
2020,301.0,0.0,43760,1.0,7
2018,198.0,0.0,47130,1.0,10
2018,198.0,0.0,47130,2.0,10
2018,198.0,0.0,47130,2.0,10
2018,198.0,0.0,47130,1.0,10
2018,198.0,0.0,47130,2.0,10
2018,198.0,0.0,47130,3.0,10
2018,198.0,0.0,47130,2.0,10
2018,198.0,0.0,47130,3.0,10
2018,198.0,0.0,47130,1.0,10
2018,198.0,0.0,47130,1.0,10
2018,198.0,0.0,47130,1.0,10
2018,198.0,0.0,47130,1.0,10
2018,198.0,0.0,47130,5.0,10
2018,198.0,0.0,47130,2.0,10
2018,198.0,0.0,47130,1.0,10
2018,198.0,0.0,47130,1.0,10
2018,198.0,0.0,47130,3.0,10
2018,198.0,0.0,47130,3.0,10
2018,198.0,0.0,47130,1.0,10
2018,198.0,0.0,47130,5.0,10
2018,198.0,0.0,47130,2.0,10
2018,198.0,0.0,47130,3.0,10
2018,198.0,0.0,47130,2.0,10
2018,198.0,0.0,47130,2.0,10
2018,198.0,0.0,47130,1.0,10
2018,198.0,0.0,47130,3.0,10
2018,198.0,0.0,47130,2.0,10
2018,198.0,0.0,47130,5.0,10
2018,198.0,0.0,47130,5.0,10
2018,198.0,0.0,47130,2.0,10
2018,198.0,0.0,47130,1.0,10
2018,198.0,0.0,47130,2.0,10
2018,198.0,0.0,47130,2.0,10
2018,198.0,0.0,47130,2.0,10
2018,198.0,0.0,47130,2.0,10
2018,198.0,0.0,47130,2.0,10
2018,198.0,0.0,47130,1.0,10
2018,198.0,0.0,47130,5.0,10
2018,198.0,0.0,47130,3.0,10
2018,198.0,0.0,47130,2.0,10
2018,198.0,0.0,47130,1.0,10
2018,198.0,0.0,47130,2.0,10
2018,198.0,0.0,47130,3.0,10
2018,198.0,0.0,47130,2.0,10
2018,198.0,0.0,47130,1.0,10
2018,198.0,0.0,47130,2.0,10
2018,198.0,0.0,47130,1.0,10
2018,198.0,0.0,47130,2.0,10
2018,198.0,0.0,47130,2.0,10
2020,198.0,0.0,41800,1.0,8
2020,198.0,0.0,41800,2.0,8
2020,198.0,0.0,41800,5.0,8
2020,198.0,0.0,41800,6.0,8
2020,198.0,0.0,41800,2.0,8
2020,198.0,0.0,41800,2.0,8
2020,198.0,0.0,41800,3.0,8
2020,198.0,0.0,41800,2.0,8
2020,198.0,0.0,41800,3.0,8
2020,198.0,0.0,41800,1.0,8
2020,198.0,0.0,41800,5.0,8
2020,198.0,0.0,41800,6.0,8
2020,198.0,0.0,41800,3.0,8
2020,198.0,0.0,41800,2.0,8
2020,198.0,0.0,41800,5.0,8
2020,198.0,0.0,41800,1.0,8
2020,198.0,0.0,43740,5.0,8
2020,198.0,0.0,43740,3.0,8
2020,198.0,0.0,43740,5.0,8
2020,198.0,0.0,43740,2.0,8
2020,198.0,0.0,43740,2.0,8
2020,198.0,0.0,43740,2.0,8
2020,198.0,0.0,43740,3.0,8
2020,198.0,0.0,43740,5.0,8
2020,198.0,0.0,43740,5.0,8
2020,198.0,0.0,43740,3.0,8
2020,198.0,0.0,43740,2.0,8
2020,198.0,0.0,43740,6.0,8
2020,198.0,0.0,43740,5.0,8
2020,198.0,0.0,43740,1.0,8
2020,198.0,0.0,43740,2.0,8
2020,198.0,0.0,43740,5.0,8
2020,198.0,0.0,43740,3.0,8
2020,198.0,0.0,43740,2.0,8
2020,198.0,0.0,43740,2.0,8
2020,198.0,0.0,43740,1.0,8
2020,198.0,0.0,43740,3.0,8
2020,198.0,0.0,43740,1.0,8
2020,198.0,0.0,43740,6.0,8
2020,198.0,0.0,43740,2.0,8
2020,198.0,0.0,43740,2.0,8
2020,198.0,0.0,43740,3.0,8
2020,198.0,0.0,43740,1.0,8
2020,198.0,0.0,43740,2.0,8
2020,198.0,0.0,43740,5.0,8
2020,198.0,0.0,43740,5.0,8
2020,198.0,0.0,43740,2.0,8
2020,198.0,0.0,43740,3.0,8
2020,198.0,0.0,43740,5.0,8
2020,198.0,0.0,43740,1.0,8
2020,198.0,0.0,43740,2.0,8
2020,198.0,0.0,43740,6.0,8
2020,198.0,0.0,43740,3.0,8
2020,198.0,0.0,43740,5.0,8
2020,198.0,0.0,43740,2.0,8
2020,198.0,0.0,43740,3.0,8
2020,198.0,0.0,43740,6.0,8
2020,198.0,0.0,43740,2.0,8
2020,198.0,0.0,43740,2.0,8
2020,198.0,0.0,43740,6.0,8
2020,198.0,0.0,43740,3.0,8
2020,198.0,0.0,43740,2.0,8
2020,198.0,0.0,43740,3.0,8
2020,198.0,0.0,43740,3.0,8
2020,198.0,0.0,43740,6.0,8
2020,198.0,0.0,43740,5.0,8
2020,198.0,0.0,43740,1.0,8
2020,198.0,0.0,43740,6.0,8
2020,198.0,0.0,43740,2.0,8
2020,198.0,0.0,43740,6.0,8
2020,198.0,0.0,43740,5.0,8
2020,198.0,0.0,43740,2.0,8
2020,198.0,0.0,43740,1.0,8
2020,198.0,0.0,43740,2.0,8
2020,198.0,0.0,43740,1.0,8
2020,198.0,0.0,43740,2.0,8
2020,198.0,0.0,43740,6.0,8
2020,198.0,0.0,43740,3.0,8
2020,198.0,0.0,43740,3.0,8
2020,198.0,0.0,43740,5.0,8
2020,198.0,0.0,43740,3.0,8
2020,198.0,0.0,43740,2.0,8
2020,198.0,0.0,43740,5.0,8
2020,198.0,0.0,43740,5.0,8
2020,198.0,0.0,43740,2.0,8
2020,198.0,0.0,43740,3.0,8
2020,198.0,0.0,43740,2.0,8
2020,198.0,0.0,43740,2.0,8
2020,198.0,0.0,43740,2.0,8
2020,198.0,0.0,43740,3.0,8
2020,198.0,0.0,43740,1.0,8
2020,198.0,0.0,43740,5.0,8
2020,198.0,0.0,43740,2.0,8
2020,198.0,0.0,43740,2.0,8
2020,198.0,0.0,43740,2.0,8
2020,198.0,0.0,43740,5.0,8
2020,198.0,0.0,43740,2.0,8
2020,198.0,0.0,43740,6.0,8
2020,198.0,0.0,43740,2.0,8
2020,198.0,0.0,43740,2.0,8
2020,198.0,0.0,43740,1.0,8
2020,198.0,0.0,43740,5.0,8
2020,198.0,0.0,43740,6.0,8
2020,198.0,0.0,43740,5.0,8
2020,198.0,0.0,43740,2.0,8
2020,198.0,0.0,43740,6.0,8
2020,198.0,0.0,43740,1.0,8
2020,198.0,0.0,43740,6.0,8
2020,198.0,0.0,43740,2.0,8
2020,198.0,0.0,43740,2.0,8
2020,198.0,0.0,43740,5.0,8
2020,198.0,0.0,43740,6.0,8
2020,198.0,0.0,43740,6.0,8
2020,198.0,0.0,43740,3.0,8
2020,198.0,0.0,43740,5.0,8
2020,198.0,0.0,43740,2.0,8
2020,198.0,0.0,43740,2.0,8
2020,198.0,0.0,43740,5.0,8
2020,198.0,0.0,43740,3.0,8
2020,198.0,0.0,43740,5.0,8
2020,198.0,0.0,43740,5.0,8
2020,198.0,0.0,43740,3.0,8
2020,198.0,0.0,43740,2.0,8
2020,198.0,0.0,43740,3.0,8
2020,198.0,0.0,43740,5.0,8
2020,198.0,0.0,43740,6.0,8
2020,198.0,0.0,43740,6.0,8
2020,198.0,0.0,43740,2.0,8
2020,198.0,0.0,43740,6.0,8
2020,198.0,0.0,43740,6.0,8
2020,198.0,0.0,43740,5.0,8
2020,198.0,0.0,43740,1.0,8
2020,198.0,0.0,43740,1.0,8
2020,198.0,0.0,43740,5.0,8
2020,198.0,0.0,43740,2.0,8
2020,198.0,0.0,43740,2.0,8
2020,198.0,0.0,43740,6.0,8
2020,198.0,0.0,43740,6.0,8
2020,198.0,0.0,43740,2.0,8
2020,198.0,0.0,43740,1.0,8
2020,198.0,0.0,43740,3.0,8
2020,198.0,0.0,43740,6.0,8
2020,198.0,0.0,43740,2.0,8
2020,198.0,0.0,43740,1.0,8
2020,198.0,0.0,43740,1.0,8
2020,198.0,0.0,43740,2.0,8
2020,198.0,0.0,43740,5.0,8
2020,198.0,0.0,43740,6.0,8
2020,198.0,0.0,43740,5.0,8
2020,198.0,0.0,43740,2.0,8
2020,198.0,0.0,43740,2.0,8
2020,198.0,0.0,43740,3.0,8
2020,198.0,0.0,43740,5.0,8
2020,198.0,0.0,43740,6.0,8
2020,198.0,0.0,43740,2.0,8
2020,198.0,0.0,43740,2.0,8
2020,198.0,0.0,43740,5.0,8
2020,198.0,0.0,43740,3.0,8
2020,198.0,0.0,43740,1.0,8
2020,198.0,0.0,43740,5.0,8
2020,198.0,0.0,43740,6.0,8
2020,198.0,0.0,43740,6.0,8
2020,198.0,0.0,43740,5.0,8
2020,198.0,0.0,43740,1.0,8
2020,198.0,0.0,43740,3.0,8
2020,198.0,0.0,43740,6.0,8
2020,198.0,0.0,43740,2.0,8
2020,198.0,0.0,43740,3.0,8
2020,198.0,0.0,50110,1.0,9
2020,198.0,0.0,50110,2.0,9
2020,198.0,0.0,50110,2.0,9
2020,198.0,0.0,50110,2.0,9
2020,198.0,0.0,50110,1.0,9
2020,198.0,0.0,50110,2.0,9
2020,198.0,0.0,50110,1.0,9
2020,198.0,0.0,50110,2.0,9
2020,198.0,0.0,50110,2.0,9
2020,198.0,0.0,50110,2.0,9
2020,198.0,0.0,50110,2.0,9
2020,198.0,0.0,50110,1.0,9
2020,198.0,0.0,50110,2.0,9
2020,198.0,0.0,50110,1.0,9
2020,198.0,0.0,50110,2.0,9
2020,198.0,0.0,50110,2.0,9
2020,198.0,0.0,50110,2.0,9
2020,198.0,0.0,50110,2.0,9
2020,198.0,0.0,50110,2.0,9
2020,198.0,0.0,50110,2.0,9
2020,198.0,0.0,50110,2.0,9
2020,198.0,0.0,50110,2.0,9
2020,198.0,0.0,50110,1.0,9
2020,198.0,0.0,50110,2.0,9
2020,198.0,0.0,50110,2.0,9
2020,198.0,0.0,50110,2.0,9
2020,198.0,0.0,50110,2.0,9
2020,198.0,0.0,50110,2.0,9
2020,198.0,0.0,50110,2.0,9
2020,198.0,0.0,50110,2.0,9
2020,198.0,0.0,50110,2.0,9
2020,198.0,0.0,50110,2.0,9
2020,198.0,0.0,50110,2.0,9
2020,198.0,0.0,50110,2.0,9
2020,198.0,0.0,50110,2.0,9
2020,198.0,0.0,50110,2.0,9
2020,198.0,0.0,50110,2.0,9
2020,198.0,0.0,50110,2.0,9
2020,198.0,0.0,50110,1.0,9
2020,198.0,0.0,50110,2.0,9
2020,198.0,0.0,41800,1.0,8
2020,198.0,0.0,41800,2.0,8
2020,198.0,0.0,41800,5.0,8
2020,198.0,0.0,41800,6.0,8
2020,198.0,0.0,41800,2.0,8
2020,198.0,0.0,41800,2.0,8
2020,198.0,0.0,41800,3.0,8
2020,198.0,0.0,41800,2.0,8
2020,198.0,0.0,41800,3.0,8
2020,198.0,0.0,41800,1.0,8
2020,198.0,0.0,41800,5.0,8
2020,198.0,0.0,41800,6.0,8
2020,198.0,0.0,41800,3.0,8
2020,198.0,0.0,41800,2.0,8
2020,198.0,0.0,41800,5.0,8
2020,198.0,0.0,41800,1.0,8
2021,198.0,0.0,48240,1.0,8
2021,198.0,0.0,48240,2.0,8
2021,198.0,0.0,48240,1.0,8
2021,198.0,0.0,48240,1.0,8
2021,198.0,0.0,48240,1.0,8
2021,198.0,0.0,48240,1.0,8
2021,198.0,0.0,48240,1.0,8
2021,1745.0,0.0,48310,1.0,8
2021,1745.0,0.0,48310,2.0,8
2021,1745.0,0.0,48310,1.0,8
2021,1745.0,0.0,48310,3.0,8
2021,1745.0,0.0,48310,2.0,8
2021,1745.0,0.0,48310,3.0,8
2021,1745.0,0.0,48310,1.0,8
2021,1745.0,0.0,48310,3.0,8
2021,1745.0,0.0,48310,2.0,8
2021,1745.0,0.0,48310,3.0,8
2021,1745.0,0.0,48310,2.0,8
2021,1745.0,0.0,48310,1.0,8
2021,1745.0,0.0,48310,2.0,8
2021,1745.0,0.0,48310,1.0,8
2021,1745.0,0.0,48310,3.0,8
2021,1745.0,0.0,48310,2.0,8
2021,1745.0,0.0,48310,3.0,8
2021,1745.0,0.0,48310,1.0,8
2021,1745.0,0.0,48310,3.0,8
2021,1745.0,0.0,48310,2.0,8
2021,1745.0,0.0,48310,3.0,8
2021,1745.0,0.0,48310,2.0,8
2021,198.0,0.0,48310,1.0,8
2021,198.0,0.0,48310,2.0,8
2021,198.0,0.0,48310,1.0,8
2021,198.0,0.0,48310,3.0,8
2021,198.0,0.0,48310,2.0,8
2021,198.0,0.0,48310,3.0,8
2021,198.0,0.0,48310,1.0,8
2021,198.0,0.0,48310,3.0,8
2021,198.0,0.0,48310,2.0,8
2021,198.0,0.0,48310,3.0,8
2021,198.0,0.0,48310,2.0,8
2020,180.0,0.0,46730,6.0,8
2020,180.0,0.0,46730,2.0,8
2020,180.0,0.0,46730,3.0,8
2020,180.0,0.0,46730,6.0,8
2020,180.0,0.0,46730,3.0,8
2020,180.0,0.0,46730,2.0,8
2020,180.0,0.0,46730,3.0,8
2020,180.0,0.0,46730,2.0,8
2020,180.0,0.0,46730,6.0,8
2020,180.0,0.0,46730,2.0,8
2020,180.0,0.0,46730,2.0,8
2020,180.0,0.0,46730,3.0,8
2020,180.0,0.0,46730,1.0,8
2020,180.0,0.0,46730,2.0,8
2020,180.0,0.0,46730,5.0,8
2020,180.0,0.0,46730,1.0,8
2020,180.0,0.0,46730,5.0,8
2020,180.0,0.0,46730,3.0,8
2020,180.0,0.0,46730,2.0,8
2020,180.0,0.0,46730,5.0,8
2020,180.0,0.0,46730,3.0,8
2020,180.0,0.0,46730,5.0,8
2020,180.0,0.0,46730,3.0,8
2020,180.0,0.0,46730,3.0,8
2020,180.0,0.0,46730,2.0,8
2020,180.0,0.0,46730,5.0,8
2020,180.0,0.0,46730,3.0,8
2020,180.0,0.0,46730,2.0,8
2020,180.0,0.0,46730,2.0,8
2020,180.0,0.0,46730,5.0,8
2020,180.0,0.0,46730,3.0,8
2020,180.0,0.0,46730,3.0,8
2020,180.0,0.0,46730,5.0,8
2020,180.0,0.0,46730,5.0,8
2020,180.0,0.0,46730,1.0,8
2020,180.0,0.0,46730,3.0,8
2020,180.0,0.0,46730,2.0,8
2020,180.0,0.0,46730,3.0,8
2020,180.0,0.0,46730,3.0,8
2020,180.0,0.0,46730,2.0,8
2020,180.0,0.0,46730,5.0,8
2020,180.0,0.0,46730,3.0,8
2020,180.0,0.0,46730,2.0,8
2020,180.0,0.0,46730,6.0,8
2020,180.0,0.0,46730,6.0,8
2020,180.0,0.0,46730,5.0,8
2020,180.0,0.0,46730,6.0,8
2020,180.0,0.0,46730,5.0,8
2020,180.0,0.0,46730,2.0,8
2020,180.0,0.0,46730,3.0,8
2020,180.0,0.0,46730,2.0,8
2020,180.0,0.0,46730,2.0,8
2020,180.0,0.0,46730,2.0,8
2020,180.0,0.0,46730,1.0,8
2020,180.0,0.0,46730,2.0,8
2020,180.0,0.0,46730,5.0,8
2020,180.0,0.0,46730,5.0,8
2020,180.0,0.0,46730,2.0,8
2020,180.0,0.0,46730,2.0,8
2020,180.0,0.0,46730,1.0,8
2020,180.0,0.0,46730,3.0,8
2020,180.0,0.0,46730,6.0,8
2020,180.0,0.0,46730,6.0,8
2020,180.0,0.0,46730,2.0,8
2020,180.0,0.0,46730,2.0,8
2020,180.0,0.0,46730,6.0,8
2020,180.0,0.0,46730,2.0,8
2020,180.0,0.0,46730,2.0,8
2020,180.0,0.0,46730,3.0,8
2020,180.0,0.0,46730,3.0,8
2020,180.0,0.0,46730,5.0,8
2020,180.0,0.0,46730,6.0,8
2020,180.0,0.0,46730,3.0,8
2020,180.0,0.0,46730,6.0,8
2020,180.0,0.0,46730,6.0,8
2020,180.0,0.0,46730,2.0,8
2020,180.0,0.0,46730,2.0,8
2020,180.0,0.0,46730,5.0,8
2020,180.0,0.0,46730,5.0,8
2020,180.0,0.0,46730,2.0,8
2020,180.0,0.0,46730,5.0,8
2020,180.0,0.0,46730,2.0,8
2020,180.0,0.0,46730,3.0,8
2020,180.0,0.0,46730,3.0,10
2020,180.0,0.0,46730,2.0,8
2020,180.0,0.0,46730,3.0,8
2020,180.0,0.0,46730,2.0,8
2020,180.0,0.0,46730,2.0,8
2020,180.0,0.0,46730,5.0,8
2020,180.0,0.0,46730,5.0,8
2020,180.0,0.0,46730,6.0,8
2020,180.0,0.0,46730,6.0,8
2020,180.0,0.0,46730,5.0,8
2020,180.0,0.0,46730,5.0,8
2020,180.0,0.0,46730,2.0,8
2020,180.0,0.0,46730,2.0,8
2020,180.0,0.0,46730,6.0,8
2020,180.0,0.0,46730,3.0,8
2020,180.0,0.0,46730,5.0,8
2020,180.0,0.0,46730,5.0,8
2020,180.0,0.0,46730,2.0,8
2020,180.0,0.0,46730,2.0,8
2020,180.0,0.0,46730,3.0,8
2020,180.0,0.0,46730,2.0,8
2020,180.0,0.0,46730,3.0,8
2020,180.0,0.0,46730,1.0,8
2020,180.0,0.0,46730,3.0,8
2020,180.0,0.0,46730,6.0,8
2020,180.0,0.0,46730,5.0,8
2020,180.0,0.0,46730,3.0,8
2020,180.0,0.0,46730,5.0,8
2020,180.0,0.0,46730,1.0,8
2020,180.0,0.0,46730,6.0,8
2020,180.0,0.0,46730,5.0,8
2020,180.0,0.0,46730,2.0,8
2020,180.0,0.0,46730,2.0,8
2020,180.0,0.0,46730,2.0,8
2020,180.0,0.0,46730,6.0,8
2020,180.0,0.0,46730,3.0,8
2020,180.0,0.0,46730,1.0,8
2020,180.0,0.0,46730,5.0,8
2020,180.0,0.0,46730,2.0,8
2020,180.0,0.0,46730,6.0,8
2020,180.0,0.0,46730,2.0,8
2020,180.0,0.0,46730,2.0,8
2020,180.0,0.0,46730,2.0,8
2020,180.0,0.0,46730,3.0,8
2020,180.0,0.0,46730,2.0,8
2020,180.0,0.0,46730,5.0,8
2020,180.0,0.0,46730,2.0,8
2020,180.0,0.0,46730,5.0,8
2020,180.0,0.0,46730,2.0,8
2020,180.0,0.0,46730,2.0,8
2020,180.0,0.0,46730,6.0,8
2020,180.0,0.0,46730,3.0,8
2020,180.0,0.0,46730,2.0,8
2020,180.0,0.0,46730,3.0,8
2020,180.0,0.0,46730,5.0,8
2020,180.0,0.0,46730,2.0,8
2020,180.0,0.0,46730,3.0,8
2020,180.0,0.0,46730,5.0,8
2020,180.0,0.0,46730,2.0,8
2020,180.0,0.0,46730,2.0,8
2020,180.0,0.0,46730,2.0,8
2020,180.0,0.0,46730,3.0,8
2020,180.0,0.0,46730,2.0,8
2020,180.0,0.0,46730,3.0,8
2020,180.0,0.0,46730,5.0,8
2020,180.0,0.0,46730,6.0,8
2020,180.0,0.0,46730,2.0,8
2020,180.0,0.0,46730,2.0,8
2020,180.0,0.0,46730,2.0,8
2020,180.0,0.0,46730,2.0,8
2020,180.0,0.0,46730,2.0,8
2020,180.0,0.0,46730,2.0,8
2020,180.0,0.0,46730,5.0,8
2020,180.0,0.0,46730,2.0,8
2020,180.0,0.0,46730,5.0,8
2020,180.0,0.0,46730,3.0,8
2020,180.0,0.0,46730,5.0,8
2020,180.0,0.0,46730,2.0,8
2020,180.0,0.0,46730,6.0,8
2020,180.0,0.0,46730,5.0,8
2020,180.0,0.0,46730,5.0,8
2020,180.0,0.0,46730,3.0,8
2020,180.0,0.0,46730,2.0,8
2020,180.0,0.0,46730,6.0,8
2020,180.0,0.0,46730,3.0,8
2020,180.0,0.0,46730,2.0,8
2020,180.0,0.0,46730,2.0,8
2020,180.0,0.0,46730,1.0,8
2020,180.0,0.0,46730,3.0,8
2020,180.0,0.0,46730,6.0,8
2020,180.0,0.0,46730,5.0,8
2020,180.0,0.0,46730,3.0,8
2020,180.0,0.0,46730,2.0,8
2020,180.0,0.0,46730,5.0,8
2020,180.0,0.0,46730,2.0,8
2020,180.0,0.0,46730,5.0,8
2020,180.0,0.0,46730,2.0,8
2020,180.0,0.0,46730,1.0,8
2020,180.0,0.0,46730,5.0,8
2020,180.0,0.0,46730,2.0,8
2020,180.0,0.0,46730,5.0,8
2020,180.0,0.0,46730,5.0,8
2020,180.0,0.0,46730,2.0,8
2020,180.0,0.0,46730,2.0,8
2020,180.0,0.0,46730,2.0,8
2020,180.0,0.0,46730,2.0,8
2020,180.0,0.0,46730,6.0,8
2020,180.0,0.0,46730,2.0,8
2020,180.0,0.0,46730,3.0,8
2020,180.0,0.0,46730,6.0,8
2020,180.0,0.0,46730,3.0,8
2020,180.0,0.0,46730,3.0,8
2020,180.0,0.0,46730,3.0,8
2020,180.0,0.0,46730,5.0,8
2020,180.0,0.0,46730,2.0,8
2020,180.0,0.0,46730,5.0,8
2020,180.0,0.0,46730,6.0,8
2020,180.0,0.0,46730,2.0,8
2020,180.0,0.0,46730,3.0,8
2020,180.0,0.0,46730,2.0,8
2020,180.0,0.0,46730,5.0,8
2020,180.0,0.0,46730,5.0,8
2020,180.0,0.0,46730,2.0,8
2020,180.0,0.0,46730,2.0,8
2020,180.0,0.0,46730,3.0,8
2020,180.0,0.0,46730,3.0,8
2020,180.0,0.0,46730,2.0,8
2020,180.0,0.0,46730,5.0,8
2020,180.0,0.0,46730,2.0,8
2020,180.0,0.0,46730,3.0,8
2020,180.0,0.0,46730,5.0,8
2020,180.0,0.0,46730,6.0,8
2020,180.0,0.0,46730,2.0,8
2020,180.0,0.0,46730,2.0,8
2020,180.0,0.0,46730,2.0,8
2020,180.0,0.0,46730,3.0,8
2020,180.0,0.0,46730,2.0,8
2020,180.0,0.0,46730,5.0,8
2020,180.0,0.0,46730,6.0,8
2020,180.0,0.0,46730,6.0,8
2020,180.0,0.0,46730,3.0,8
2020,180.0,0.0,46730,5.0,10
2020,180.0,0.0,46730,2.0,8
2020,180.0,0.0,46730,5.0,8
2020,180.0,0.0,46730,2.0,8
2020,180.0,0.0,46730,3.0,8
2020,180.0,0.0,46730,2.0,8
2020,180.0,0.0,46730,2.0,8
2020,180.0,0.0,46730,2.0,8
2020,180.0,0.0,46730,3.0,8
2020,180.0,0.0,46730,2.0,8
2020,180.0,0.0,46730,5.0,8
2020,180.0,0.0,46730,2.0,8
2020,180.0,0.0,46730,3.0,8
2020,180.0,0.0,46730,5.0,8
2020,180.0,0.0,46730,5.0,8
2020,180.0,0.0,46730,3.0,8
2020,180.0,0.0,46730,2.0,8
2020,180.0,0.0,46730,3.0,8
2020,180.0,0.0,46730,2.0,8
2020,180.0,0.0,46730,2.0,8
2020,180.0,0.0,46730,5.0,8
2020,180.0,0.0,46730,3.0,8
2020,180.0,0.0,46730,5.0,8
2020,180.0,0.0,46730,2.0,8
2020,180.0,0.0,46730,2.0,8
2020,180.0,0.0,46730,2.0,8
2020,180.0,0.0,46730,2.0,8
2020,180.0,0.0,46730,2.0,8
2020,180.0,0.0,46730,3.0,8
2020,180.0,0.0,46730,5.0,8
2020,180.0,0.0,46730,2.0,8
2020,180.0,0.0,46730,2.0,8
2020,180.0,0.0,46730,5.0,8
2020,180.0,0.0,46730,2.0,8
2020,180.0,0.0,46730,5.0,8
2020,180.0,0.0,46730,3.0,8
2020,180.0,0.0,46730,3.0,8
2020,180.0,0.0,46730,3.0,8
2020,180.0,0.0,46730,5.0,8
2020,180.0,0.0,46730,2.0,10
2020,180.0,0.0,46730,2.0,8
2020,180.0,0.0,46730,2.0,8
2020,180.0,0.0,46730,5.0,8
2020,180.0,0.0,46730,3.0,8
2020,180.0,0.0,46730,1.0,8
2020,180.0,0.0,46730,6.0,8
2020,180.0,0.0,46730,6.0,8
2020,180.0,0.0,46730,5.0,8
2020,180.0,0.0,46730,3.0,8
2020,180.0,0.0,46730,2.0,8
2020,180.0,0.0,46730,5.0,8
2020,180.0,0.0,46730,5.0,8
2020,180.0,0.0,46730,6.0,8
2020,180.0,0.0,46730,2.0,8
2020,180.0,0.0,46730,2.0,10
2020,180.0,0.0,46730,6.0,10
2020,180.0,0.0,46730,2.0,8
2020,180.0,0.0,46730,2.0,8
2020,180.0,0.0,46730,3.0,8
2020,180.0,0.0,46730,2.0,8
2020,180.0,0.0,46730,2.0,8
2020,180.0,0.0,46730,2.0,8
2020,180.0,0.0,46730,2.0,10
2020,180.0,0.0,46730,1.0,8
2020,180.0,0.0,46730,2.0,8
2020,180.0,0.0,46730,2.0,8
2020,180.0,0.0,46730,2.0,8
2020,180.0,0.0,46730,2.0,8
2020,180.0,0.0,46730,2.0,8
2020,180.0,0.0,46730,2.0,8
2020,180.0,0.0,46730,1.0,8
2020,180.0,0.0,46730,5.0,8
2020,180.0,0.0,46730,2.0,8
2020,180.0,0.0,46730,5.0,8
2020,180.0,0.0,46730,2.0,8
2020,180.0,0.0,46730,2.0,8
2020,180.0,0.0,46730,1.0,8
2020,180.0,0.0,46730,2.0,8
2020,180.0,0.0,46730,3.0,8
2020,180.0,0.0,46730,5.0,8
2020,180.0,0.0,46730,5.0,8
2020,180.0,0.0,46730,2.0,8
2020,180.0,0.0,46730,3.0,8
2020,180.0,0.0,46730,5.0,8
2020,180.0,0.0,46730,2.0,8
2020,180.0,0.0,46730,3.0,8
2020,180.0,0.0,46730,2.0,8
2020,180.0,0.0,46730,6.0,8
2020,180.0,0.0,46730,2.0,8
2020,180.0,0.0,46730,3.0,8
2020,180.0,0.0,46730,2.0,8
2020,180.0,0.0,46730,3.0,8
2020,180.0,0.0,46730,2.0,8
2020,180.0,0.0,46730,1.0,8
2021,198.0,0.0,48310,1.0,8
2021,198.0,0.0,48310,2.0,8
2021,198.0,0.0,48310,1.0,8
2021,198.0,0.0,48310,3.0,8
2021,198.0,0.0,48310,2.0,8
2021,198.0,0.0,48310,3.0,8
2021,198.0,0.0,48310,1.0,8
2021,198.0,0.0,48310,3.0,8
2021,198.0,0.0,48310,2.0,8
2021,198.0,0.0,48310,3.0,8
2021,198.0,0.0,48310,2.0,8
2021,198.0,0.0,48270,3.0,7
2021,198.0,0.0,48270,3.0,7
2021,198.0,0.0,48270,2.0,8
2021,198.0,0.0,48270,2.0,7
2021,198.0,0.0,48270,3.0,7
2021,198.0,0.0,48270,4.0,7
2021,198.0,0.0,48270,3.0,7
2021,198.0,0.0,48270,2.0,7
2021,198.0,0.0,48270,3.0,7
2021,198.0,0.0,48270,2.0,7
2021,198.0,0.0,48270,2.0,7
2021,198.0,0.0,48270,2.0,7
2021,198.0,0.0,48270,3.0,7
2021,198.0,0.0,48270,3.0,7
2021,198.0,0.0,48270,2.0,7
2021,198.0,0.0,48270,5.0,7
2021,198.0,0.0,48270,4.0,7
2021,198.0,0.0,48270,3.0,7
2021,198.0,0.0,48270,4.0,7
2021,198.0,0.0,48270,3.0,7
2021,198.0,0.0,48270,3.0,7
2021,198.0,0.0,48270,3.0,7
2021,198.0,0.0,48270,3.0,7
2021,198.0,0.0,48270,4.0,7
2021,198.0,0.0,48270,2.0,8
2021,198.0,0.0,48270,2.0,7
2021,198.0,0.0,48270,3.0,7
2021,198.0,0.0,48270,2.0,7
2021,198.0,0.0,48270,3.0,7
2021,198.0,0.0,48270,3.0,7
2021,198.0,0.0,48270,3.0,7
2021,198.0,0.0,48270,3.0,7
2021,198.0,0.0,48270,6.0,7
2021,198.0,0.0,48270,5.0,7
2021,198.0,0.0,48270,3.0,7
2021,198.0,0.0,48270,2.0,7
2021,198.0,0.0,48270,2.0,7
2021,198.0,0.0,48270,2.0,7
2021,198.0,0.0,48270,3.0,7
2021,198.0,0.0,48270,2.0,8
2021,198.0,0.0,48270,3.0,7
2021,198.0,0.0,48270,3.0,7
2021,198.0,0.0,48270,2.0,7
2021,198.0,0.0,48270,2.0,7
2021,198.0,0.0,48270,3.0,7
2021,198.0,0.0,48270,3.0,7
2021,198.0,0.0,48270,2.0,7
2021,198.0,0.0,48270,3.0,7
2021,198.0,0.0,48270,3.0,7
2021,198.0,0.0,48270,2.0,7
2021,198.0,0.0,48270,4.0,7
2021,198.0,0.0,48270,2.0,7
2021,198.0,0.0,48270,2.0,8
2021,198.0,0.0,48270,2.0,7
2021,198.0,0.0,48270,3.0,7
2021,198.0,0.0,48270,3.0,7
2021,198.0,0.0,48270,2.0,7
2021,198.0,0.0,48270,3.0,7
2021,198.0,0.0,48270,2.0,7
2021,198.0,0.0,48270,2.0,8
2021,198.0,0.0,48270,2.0,7
2021,198.0,0.0,48270,3.0,7
2021,198.0,0.0,48270,3.0,7
2021,198.0,0.0,48270,2.0,7
2021,198.0,0.0,48270,6.0,7
2021,198.0,0.0,48270,4.0,7
2021,198.0,0.0,48270,4.0,7
2021,198.0,0.0,48270,2.0,7
2021,198.0,0.0,48270,4.0,7
2021,198.0,0.0,48270,2.0,7
2021,198.0,0.0,48270,5.0,7
2021,198.0,0.0,48270,4.0,7
2021,198.0,0.0,48270,3.0,7
2021,198.0,0.0,48270,3.0,7
2021,198.0,0.0,48270,2.0,7
2021,198.0,0.0,48270,3.0,7
2021,198.0,0.0,48270,2.0,8
2021,198.0,0.0,48270,2.0,8
2021,198.0,0.0,48270,2.0,8
2021,198.0,0.0,48270,2.0,7
2021,198.0,0.0,48270,2.0,7
2021,198.0,0.0,48270,3.0,7
2021,198.0,0.0,48270,3.0,7
2021,198.0,0.0,48270,2.0,7
2021,198.0,0.0,48270,2.0,7
2021,198.0,0.0,48270,3.0,7
2021,198.0,0.0,48270,2.0,8
2021,198.0,0.0,48270,3.0,7
2021,198.0,0.0,48270,2.0,7
2021,198.0,0.0,48270,2.0,7
2021,198.0,0.0,48270,2.0,7
2021,198.0,0.0,48270,2.0,7
2021,198.0,0.0,48270,2.0,7
2021,198.0,0.0,48270,2.0,7
2021,198.0,0.0,48270,2.0,7
2021,198.0,0.0,48270,2.0,7
2021,198.0,0.0,48270,2.0,7
2021,198.0,0.0,48270,2.0,9
2021,198.0,0.0,48270,2.0,7
2021,198.0,0.0,48270,2.0,8
2021,198.0,0.0,48270,3.0,7
2021,198.0,0.0,48270,3.0,7
2021,198.0,0.0,48270,6.0,7
2021,198.0,0.0,48270,2.0,7
2021,198.0,0.0,48270,4.0,7
2021,198.0,0.0,48270,3.0,7
2021,198.0,0.0,48270,3.0,7
2021,198.0,0.0,48270,3.0,7
2021,198.0,0.0,48270,3.0,7
2021,198.0,0.0,48270,2.0,7
2021,198.0,0.0,48270,3.0,7
2021,198.0,0.0,48270,3.0,7
2021,198.0,0.0,48270,2.0,7
2021,198.0,0.0,48270,2.0,7
2021,198.0,0.0,48270,3.0,7
2021,198.0,0.0,48270,2.0,7
2021,198.0,0.0,48270,3.0,7
2021,198.0,0.0,48270,3.0,7
2021,198.0,0.0,48270,4.0,7
2021,198.0,0.0,48270,2.0,7
2021,198.0,0.0,48270,2.0,7
2021,198.0,0.0,48270,2.0,7
2021,198.0,0.0,48270,4.0,7
2021,198.0,0.0,48270,3.0,7
2021,198.0,0.0,48270,3.0,7
2021,198.0,0.0,48270,2.0,7
2021,198.0,0.0,48270,2.0,7
2021,198.0,0.0,48270,2.0,8
2021,198.0,0.0,48270,2.0,7
2021,198.0,0.0,48270,2.0,8
2021,198.0,0.0,48270,2.0,8
2021,198.0,0.0,48270,2.0,7
2021,198.0,0.0,48270,2.0,7
2021,198.0,0.0,48270,2.0,7
2021,198.0,0.0,48270,3.0,7
2021,198.0,0.0,48270,2.0,7
2021,198.0,0.0,48270,2.0,7
2021,198.0,0.0,48270,2.0,7
2021,198.0,0.0,48270,2.0,7
2021,198.0,0.0,48270,4.0,7
2021,198.0,0.0,48270,3.0,7
2021,198.0,0.0,48270,3.0,7
2021,198.0,0.0,48270,3.0,7
2021,198.0,0.0,48270,3.0,7
2021,198.0,0.0,48270,3.0,7
2021,198.0,0.0,48270,3.0,9
2021,198.0,0.0,48270,2.0,7
2021,198.0,0.0,48270,3.0,7
2021,198.0,0.0,48270,2.0,7
2021,198.0,0.0,48270,3.0,7
2021,198.0,0.0,48270,2.0,7
2021,198.0,0.0,48270,2.0,7
2021,198.0,0.0,48270,3.0,7
2021,198.0,0.0,48270,4.0,7
2021,198.0,0.0,48270,4.0,7
2021,198.0,0.0,48270,5.0,7
2021,198.0,0.0,48270,4.0,7
2021,198.0,0.0,48270,2.0,7
2021,198.0,0.0,48270,2.0,7
2021,198.0,0.0,48270,3.0,7
2021,198.0,0.0,48270,2.0,8
2021,198.0,0.0,48270,3.0,7
2021,198.0,0.0,48270,2.0,7
2021,198.0,0.0,48270,4.0,7
2021,198.0,0.0,48270,2.0,8
2021,198.0,0.0,48270,3.0,7
2021,198.0,0.0,48270,2.0,7
2021,198.0,0.0,48270,2.0,7
2021,198.0,0.0,48270,2.0,7
2021,198.0,0.0,48270,5.0,7
2021,241.0,0.0,50110,2.0,9
2021,241.0,0.0,50110,2.0,9
2021,241.0,0.0,50110,2.0,9
2021,241.0,0.0,50110,2.0,9
2021,241.0,0.0,50110,2.0,9
2021,241.0,0.0,50110,2.0,9
2021,241.0,0.0,50110,2.0,9
2021,241.0,0.0,50110,2.0,9
2021,241.0,0.0,50110,2.0,9
2021,241.0,0.0,50110,2.0,9
2021,241.0,0.0,50110,2.0,9
2021,241.0,0.0,50110,2.0,9
2021,241.0,0.0,50110,2.0,9
2021,241.0,0.0,50110,1.0,9
2021,241.0,0.0,50110,1.0,9
2021,241.0,0.0,50110,1.0,9
2021,241.0,0.0,50110,2.0,9
2021,241.0,0.0,50110,1.0,9
2021,241.0,0.0,50110,1.0,9
2021,241.0,0.0,50110,1.0,9
2021,241.0,0.0,50110,2.0,9
2021,241.0,0.0,50110,2.0,9
2021,241.0,0.0,50110,2.0,9
2021,241.0,0.0,50110,2.0,9
2021,241.0,0.0,50110,2.0,9
2021,241.0,0.0,50110,2.0,9
2021,241.0,0.0,50110,2.0,9
2021,241.0,0.0,50110,2.0,9
2021,241.0,0.0,50110,2.0,9
2021,241.0,0.0,50110,2.0,9
2021,241.0,0.0,50110,2.0,9
2021,241.0,0.0,50110,2.0,9
2021,241.0,0.0,50110,2.0,9
2021,241.0,0.0,50110,2.0,9
2021,241.0,0.0,50110,2.0,9
2021,241.0,0.0,50110,2.0,9
2021,241.0,0.0,50110,2.0,9
2021,241.0,0.0,50110,2.0,9
2021,241.0,0.0,50110,2.0,9
2021,241.0,0.0,50110,2.0,9
2021,241.0,0.0,50110,2.0,9
2021,241.0,0.0,50110,2.0,9
2021,241.0,0.0,50110,1.0,9
2021,218.0,0.0,50110,2.0,9
2021,218.0,0.0,50110,2.0,9
2021,218.0,0.0,50110,2.0,9
2021,218.0,0.0,50110,2.0,9
2021,218.0,0.0,50110,2.0,9
2021,218.0,0.0,50110,2.0,9
2021,218.0,0.0,50110,2.0,9
2021,218.0,0.0,50110,2.0,9
2021,218.0,0.0,50110,2.0,9
2021,218.0,0.0,50110,2.0,9
2021,218.0,0.0,50110,2.0,9
2021,218.0,0.0,50110,2.0,9
2021,218.0,0.0,50110,2.0,9
2021,218.0,0.0,50110,1.0,9
2021,218.0,0.0,50110,1.0,9
2021,218.0,0.0,50110,1.0,9
2021,218.0,0.0,50110,2.0,9
2021,218.0,0.0,50110,1.0,9
2021,218.0,0.0,50110,1.0,9
2021,218.0,0.0,50110,1.0,9
2021,218.0,0.0,50110,2.0,9
2021,218.0,0.0,50110,2.0,9
2021,218.0,0.0,50110,2.0,9
2021,218.0,0.0,50110,2.0,9
2021,218.0,0.0,50110,2.0,9
2021,218.0,0.0,50110,2.0,9
2021,218.0,0.0,50110,2.0,9
2021,218.0,0.0,50110,2.0,9
2021,218.0,0.0,50110,2.0,9
2021,218.0,0.0,50110,2.0,9
2021,218.0,0.0,50110,2.0,9
2021,218.0,0.0,50110,2.0,9
2021,218.0,0.0,50110,2.0,9
2021,218.0,0.0,50110,2.0,9
2021,218.0,0.0,50110,2.0,9
2021,218.0,0.0,50110,2.0,9
2021,218.0,0.0,50110,2.0,9
2021,218.0,0.0,50110,2.0,9
2021,218.0,0.0,50110,2.0,9
2021,218.0,0.0,50110,2.0,9
2021,218.0,0.0,50110,2.0,9
2021,218.0,0.0,50110,2.0,9
2021,218.0,0.0,50110,1.0,9
2020,122.0,0.0,48850,2.0,8
2020,122.0,0.0,48850,1.0,8
2020,122.0,0.0,48850,3.0,8
2020,122.0,0.0,48850,1.0,8
2020,122.0,0.0,48850,6.0,8
2020,122.0,0.0,48850,6.0,8
2020,122.0,0.0,48850,1.0,8
2020,122.0,0.0,48850,3.0,8
2020,122.0,0.0,48850,6.0,8
2020,122.0,0.0,48850,2.0,8
2020,122.0,0.0,48850,3.0,8
2020,122.0,0.0,48850,2.0,8
2020,122.0,0.0,48850,5.0,8
2020,122.0,0.0,48850,6.0,8
2020,122.0,0.0,48850,2.0,8
2020,122.0,0.0,48850,1.0,8
2020,122.0,0.0,48850,2.0,8
2020,122.0,0.0,48850,5.0,8
2020,122.0,0.0,48850,5.0,8
2020,122.0,0.0,48850,5.0,8
2020,122.0,0.0,48850,1.0,8
2020,122.0,0.0,48850,5.0,8
2020,122.0,0.0,48850,3.0,8
2020,122.0,0.0,48850,3.0,8
2020,122.0,0.0,48850,2.0,8
2020,122.0,0.0,48850,3.0,8
2020,122.0,0.0,48850,2.0,8
2020,122.0,0.0,48850,1.0,8
2020,122.0,0.0,48850,6.0,8
2020,122.0,0.0,48850,3.0,8
2020,122.0,0.0,48850,6.0,8
2020,122.0,0.0,48850,3.0,8
2020,122.0,0.0,48850,6.0,8
2020,122.0,0.0,48850,2.0,8
2020,122.0,0.0,48850,2.0,8
2020,122.0,0.0,48850,3.0,8
2020,122.0,0.0,48850,6.0,8
2020,122.0,0.0,48850,5.0,8
2020,122.0,0.0,48850,1.0,8
2020,122.0,0.0,48850,6.0,8
2020,122.0,0.0,48850,6.0,8
2020,122.0,0.0,48850,2.0,8
2020,122.0,0.0,48850,6.0,8
2020,122.0,0.0,48850,3.0,8
2020,122.0,0.0,48850,2.0,8
2020,122.0,0.0,48850,2.0,8
2020,122.0,0.0,48850,5.0,8
2020,122.0,0.0,48850,2.0,8
2020,122.0,0.0,48850,5.0,8
2021,174.0,0.0,48310,1.0,8
2021,174.0,0.0,48310,2.0,8
2021,174.0,0.0,48310,1.0,8
2021,174.0,0.0,48310,3.0,8
2021,174.0,0.0,48310,2.0,8
2021,174.0,0.0,48310,3.0,8
2021,174.0,0.0,48310,1.0,8
2021,174.0,0.0,48310,3.0,8
2021,174.0,0.0,48310,2.0,8
2021,174.0,0.0,48310,3.0,8
2021,174.0,0.0,48310,2.0,8
2020,198.0,0.0,46170,2.0,8
2020,198.0,0.0,46170,3.0,8
2020,198.0,0.0,46170,1.0,8
2020,198.0,0.0,46170,5.0,8
2020,198.0,0.0,46170,2.0,8
2020,198.0,0.0,46170,5.0,8
2020,198.0,0.0,46170,3.0,8
2020,198.0,0.0,46170,2.0,8
2020,198.0,0.0,46170,2.0,8
2020,198.0,0.0,46170,3.0,8
2020,198.0,0.0,46170,3.0,8
2020,198.0,0.0,46170,2.0,8
2020,198.0,0.0,46170,5.0,8
2020,198.0,0.0,46170,2.0,8
2020,198.0,0.0,46170,1.0,8
2020,198.0,0.0,46170,3.0,8
2020,198.0,0.0,46170,2.0,8
2020,198.0,0.0,46170,5.0,8
2020,198.0,0.0,46170,2.0,8
2020,198.0,0.0,46170,2.0,8
2020,198.0,0.0,46170,5.0,8
2020,198.0,0.0,46170,2.0,8
2020,198.0,0.0,46170,2.0,8
2020,198.0,0.0,46170,2.0,8
2020,198.0,0.0,46170,2.0,8
2020,198.0,0.0,46170,2.0,8
2020,198.0,0.0,46170,5.0,8
2020,198.0,0.0,46170,3.0,8
2020,198.0,0.0,46170,5.0,8
2020,198.0,0.0,46170,1.0,8
2020,198.0,0.0,46170,2.0,8
2020,198.0,0.0,46170,5.0,8
2020,198.0,0.0,46170,2.0,8
2020,198.0,0.0,46170,3.0,8
2020,198.0,0.0,46170,2.0,8
2020,198.0,0.0,46170,5.0,8
2020,198.0,0.0,46170,3.0,8
2020,198.0,0.0,46170,2.0,8
2020,198.0,0.0,46170,2.0,8
2020,198.0,0.0,46170,5.0,8
2020,198.0,0.0,46170,2.0,8
2020,198.0,0.0,46170,6.0,8
2020,198.0,0.0,46170,1.0,8
2020,198.0,0.0,46170,3.0,8
2020,198.0,0.0,46170,2.0,8
2020,198.0,0.0,46170,3.0,8
2020,198.0,0.0,46170,1.0,8
2020,198.0,0.0,46170,1.0,8
2020,198.0,0.0,46170,2.0,8
2020,198.0,0.0,46170,6.0,8
2020,198.0,0.0,46170,2.0,8
2020,198.0,0.0,46170,2.0,8
2020,198.0,0.0,46170,2.0,8
2020,198.0,0.0,46170,2.0,8
2020,198.0,0.0,46170,5.0,8
2020,198.0,0.0,46170,1.0,8
2020,198.0,0.0,46170,5.0,8
2020,198.0,0.0,46170,3.0,8
2020,198.0,0.0,46170,5.0,8
2020,198.0,0.0,46170,2.0,8
2020,198.0,0.0,46170,3.0,8
2020,198.0,0.0,46170,3.0,8
2020,198.0,0.0,46170,2.0,8
2020,198.0,0.0,46170,3.0,8
2020,198.0,0.0,46170,3.0,8
2020,198.0,0.0,46170,2.0,8
2020,198.0,0.0,46170,2.0,8
2020,198.0,0.0,46170,3.0,8
2020,198.0,0.0,46170,3.0,8
2020,198.0,0.0,46170,6.0,8
2020,198.0,0.0,46170,6.0,8
2020,198.0,0.0,46170,2.0,8
2020,198.0,0.0,46170,2.0,8
2020,198.0,0.0,46170,2.0,8
2020,198.0,0.0,46170,2.0,8
2020,198.0,0.0,46170,2.0,8
2020,198.0,0.0,46170,6.0,8
2020,198.0,0.0,46170,1.0,8
2020,198.0,0.0,46170,3.0,8
2020,198.0,0.0,46170,3.0,8
2020,198.0,0.0,46170,3.0,8
2020,198.0,0.0,46170,2.0,8
2020,198.0,0.0,46170,2.0,8
2020,198.0,0.0,46170,3.0,8
2020,198.0,0.0,46170,1.0,8
2020,198.0,0.0,46170,2.0,8
2020,198.0,0.0,46170,2.0,8
2020,198.0,0.0,46170,3.0,8
2020,198.0,0.0,46170,2.0,8
2020,198.0,0.0,46170,5.0,8
2020,198.0,0.0,46170,6.0,8
2020,198.0,0.0,46170,2.0,8
2020,198.0,0.0,46170,5.0,8
2020,198.0,0.0,46170,3.0,8
2020,198.0,0.0,46170,2.0,8
2020,198.0,0.0,46170,1.0,8
2020,198.0,0.0,46170,5.0,8
2020,198.0,0.0,46170,6.0,8
2020,198.0,0.0,46170,2.0,8
2020,198.0,0.0,46170,2.0,8
2020,198.0,0.0,46170,2.0,8
2020,198.0,0.0,46170,5.0,8
2020,198.0,0.0,46170,3.0,8
2020,198.0,0.0,46170,6.0,8
2020,198.0,0.0,46170,3.0,8
2020,198.0,0.0,46170,3.0,8
2020,198.0,0.0,46170,3.0,8
2020,198.0,0.0,46170,3.0,8
2020,198.0,0.0,46170,5.0,8
2020,198.0,0.0,46170,3.0,8
2020,198.0,0.0,46170,2.0,8
2020,198.0,0.0,46170,2.0,8
2020,198.0,0.0,46170,5.0,8
2020,198.0,0.0,46170,2.0,8
2020,198.0,0.0,46170,2.0,8
2020,198.0,0.0,46170,5.0,8
2020,198.0,0.0,46170,3.0,8
2020,198.0,0.0,46170,3.0,8
2020,198.0,0.0,46170,2.0,8
2020,198.0,0.0,46170,2.0,8
2020,198.0,0.0,46170,5.0,8
2020,198.0,0.0,46170,6.0,8
2020,198.0,0.0,46170,2.0,8
2020,198.0,0.0,46170,6.0,8
2020,198.0,0.0,46170,3.0,8
2020,198.0,0.0,46170,5.0,8
2020,198.0,0.0,46170,1.0,8
2020,198.0,0.0,46170,5.0,8
2020,198.0,0.0,46170,2.0,8
2020,198.0,0.0,46170,5.0,8
2020,198.0,0.0,46170,5.0,8
2020,198.0,0.0,46170,5.0,8
2020,198.0,0.0,46170,2.0,8
2020,198.0,0.0,46170,1.0,8
2020,198.0,0.0,46170,2.0,8
2020,198.0,0.0,46170,3.0,8
2020,198.0,0.0,46170,1.0,8
2020,198.0,0.0,46170,2.0,8
2020,198.0,0.0,46170,5.0,8
2020,198.0,0.0,46170,3.0,8
2020,198.0,0.0,46170,2.0,8
2020,198.0,0.0,46170,3.0,8
2020,198.0,0.0,46170,2.0,8
2020,198.0,0.0,46170,2.0,8
2020,198.0,0.0,46170,2.0,8
2020,198.0,0.0,46170,6.0,8
2020,198.0,0.0,46170,3.0,8
2020,198.0,0.0,46170,3.0,8
2020,198.0,0.0,46170,2.0,8
2020,198.0,0.0,46170,2.0,8
2020,198.0,0.0,46170,3.0,8
2020,198.0,0.0,46170,2.0,8
2020,198.0,0.0,46170,2.0,8
2020,198.0,0.0,46170,2.0,8
2020,198.0,0.0,46170,1.0,8
2020,198.0,0.0,46170,2.0,8
2020,198.0,0.0,46170,5.0,8
2020,198.0,0.0,46170,5.0,8
2020,198.0,0.0,46170,6.0,8
2020,198.0,0.0,46170,2.0,8
2020,198.0,0.0,46170,2.0,8
2020,198.0,0.0,46170,2.0,8
2020,198.0,0.0,46170,5.0,8
2020,198.0,0.0,46170,2.0,8
2020,198.0,0.0,46170,6.0,8
2020,198.0,0.0,46170,2.0,8
2020,198.0,0.0,46170,5.0,8
2020,198.0,0.0,46170,2.0,8
2020,198.0,0.0,46170,2.0,8
2020,198.0,0.0,46170,3.0,8
2020,198.0,0.0,46170,2.0,8
2020,198.0,0.0,46170,2.0,8
2020,198.0,0.0,46170,1.0,8
2020,198.0,0.0,46170,3.0,8
2020,198.0,0.0,46170,2.0,8
2020,198.0,0.0,46170,1.0,8
2020,198.0,0.0,46170,5.0,8
2020,198.0,0.0,46170,5.0,8
2020,198.0,0.0,46170,5.0,8
2020,198.0,0.0,46170,2.0,8
2020,198.0,0.0,46170,3.0,8
2020,198.0,0.0,46170,5.0,8
2020,198.0,0.0,46170,2.0,8
2020,198.0,0.0,46170,1.0,8
2020,198.0,0.0,46170,5.0,8
2020,198.0,0.0,46170,6.0,8
2020,198.0,0.0,46170,1.0,8
2020,198.0,0.0,46170,6.0,8
2020,198.0,0.0,46170,1.0,8
2020,198.0,0.0,46170,2.0,8
2020,198.0,0.0,46170,3.0,8
2020,198.0,0.0,46170,2.0,8
2020,198.0,0.0,46170,3.0,8
2020,198.0,0.0,46170,3.0,8
2020,198.0,0.0,46170,5.0,8
2020,198.0,0.0,46170,2.0,8
2020,198.0,0.0,46170,2.0,8
2020,198.0,0.0,46170,3.0,8
2020,198.0,0.0,46170,1.0,8
2020,198.0,0.0,46170,2.0,8
2020,198.0,0.0,46170,2.0,8
2020,198.0,0.0,46170,1.0,8
2020,198.0,0.0,46170,3.0,8
2020,198.0,0.0,46170,2.0,8
2020,198.0,0.0,46170,5.0,8
2020,198.0,0.0,46170,3.0,8
2020,198.0,0.0,46170,2.0,8
2021,174.0,0.0,47900,2.0,8
2021,174.0,0.0,47900,2.0,8
2021,174.0,0.0,47900,2.0,8
2021,174.0,0.0,47900,2.0,8
2021,174.0,0.0,47900,2.0,8
2021,174.0,0.0,47900,2.0,8
2021,174.0,0.0,47900,2.0,8
2021,174.0,0.0,47900,2.0,8
2021,174.0,0.0,47900,2.0,8
2021,174.0,0.0,47900,2.0,8
2021,174.0,0.0,47900,2.0,8
2021,174.0,0.0,47900,2.0,8
2021,174.0,0.0,47900,2.0,8
2021,174.0,0.0,47900,2.0,8
2021,174.0,0.0,47900,2.0,8
2021,174.0,0.0,47900,2.0,8
2021,174.0,0.0,47900,2.0,8
2021,174.0,0.0,47900,2.0,8
2021,174.0,0.0,47900,2.0,8
2021,174.0,0.0,47900,2.0,8
2021,174.0,0.0,47900,2.0,8
2021,174.0,0.0,47900,2.0,8
2021,174.0,0.0,47900,2.0,8
2021,174.0,0.0,47900,2.0,8
2021,174.0,0.0,47900,2.0,8
2021,174.0,0.0,47900,2.0,8
2021,174.0,0.0,47900,2.0,8
2021,174.0,0.0,47900,2.0,8
2021,174.0,0.0,47900,2.0,8
2021,174.0,0.0,47900,2.0,8
2021,174.0,0.0,47900,2.0,8
2021,174.0,0.0,47900,2.0,8
2021,174.0,0.0,47900,2.0,8
2021,174.0,0.0,47900,2.0,8
2021,198.0,0.0,43800,1.0,8
2021,198.0,0.0,43800,1.0,8
2021,198.0,0.0,43800,1.0,8
2021,198.0,0.0,48270,3.0,7
2021,198.0,0.0,48270,3.0,7
2021,198.0,0.0,48270,2.0,8
2021,198.0,0.0,48270,2.0,7
2021,198.0,0.0,48270,3.0,7
2021,198.0,0.0,48270,4.0,7
2021,198.0,0.0,48270,3.0,7
2021,198.0,0.0,48270,2.0,7
2021,198.0,0.0,48270,3.0,7
2021,198.0,0.0,48270,2.0,7
2021,198.0,0.0,48270,2.0,7
2021,198.0,0.0,48270,2.0,7
2021,198.0,0.0,48270,3.0,7
2021,198.0,0.0,48270,3.0,7
2021,198.0,0.0,48270,2.0,7
2021,198.0,0.0,48270,5.0,7
2021,198.0,0.0,48270,4.0,7
2021,198.0,0.0,48270,3.0,7
2021,198.0,0.0,48270,4.0,7
2021,198.0,0.0,48270,3.0,7
2021,198.0,0.0,48270,3.0,7
2021,198.0,0.0,48270,3.0,7
2021,198.0,0.0,48270,3.0,7
2021,198.0,0.0,48270,4.0,7
2021,198.0,0.0,48270,2.0,8
2021,198.0,0.0,48270,2.0,7
2021,198.0,0.0,48270,3.0,7
2021,198.0,0.0,48270,2.0,7
2021,198.0,0.0,48270,3.0,7
2021,198.0,0.0,48270,3.0,7
2021,198.0,0.0,48270,3.0,7
2021,198.0,0.0,48270,3.0,7
2021,198.0,0.0,48270,6.0,7
2021,198.0,0.0,48270,5.0,7
2021,198.0,0.0,48270,3.0,7
2021,198.0,0.0,48270,2.0,7
2021,198.0,0.0,48270,2.0,7
2021,198.0,0.0,48270,2.0,7
2021,198.0,0.0,48270,3.0,7
2021,198.0,0.0,48270,2.0,8
2021,198.0,0.0,48270,3.0,7
2021,198.0,0.0,48270,3.0,7
2021,198.0,0.0,48270,2.0,7
2021,198.0,0.0,48270,2.0,7
2021,198.0,0.0,48270,3.0,7
2021,198.0,0.0,48270,3.0,7
2021,198.0,0.0,48270,2.0,7
2021,198.0,0.0,48270,3.0,7
2021,198.0,0.0,48270,3.0,7
2021,198.0,0.0,48270,2.0,7
2021,198.0,0.0,48270,4.0,7
2021,198.0,0.0,48270,2.0,7
2021,198.0,0.0,48270,2.0,8
2021,198.0,0.0,48270,2.0,7
2021,198.0,0.0,48270,3.0,7
2021,198.0,0.0,48270,3.0,7
2021,198.0,0.0,48270,2.0,7
2021,198.0,0.0,48270,3.0,7
2021,198.0,0.0,48270,2.0,7
2021,198.0,0.0,48270,2.0,8
2021,198.0,0.0,48270,2.0,7
2021,198.0,0.0,48270,3.0,7
2021,198.0,0.0,48270,3.0,7
2021,198.0,0.0,48270,2.0,7
2021,198.0,0.0,48270,6.0,7
2021,198.0,0.0,48270,4.0,7
2021,198.0,0.0,48270,4.0,7
2021,198.0,0.0,48270,2.0,7
2021,198.0,0.0,48270,4.0,7
2021,198.0,0.0,48270,2.0,7
2021,198.0,0.0,48270,5.0,7
2021,198.0,0.0,48270,4.0,7
2021,198.0,0.0,48270,3.0,7
2021,198.0,0.0,48270,3.0,7
2021,198.0,0.0,48270,2.0,7
2021,198.0,0.0,48270,3.0,7
2021,198.0,0.0,48270,2.0,8
2021,198.0,0.0,48270,2.0,8
2021,198.0,0.0,48270,2.0,8
2021,198.0,0.0,48270,2.0,7
2021,198.0,0.0,48270,2.0,7
2021,198.0,0.0,48270,3.0,7
2021,198.0,0.0,48270,3.0,7
2021,198.0,0.0,48270,2.0,7
2021,198.0,0.0,48270,2.0,7
2021,198.0,0.0,48270,3.0,7
2021,198.0,0.0,48270,2.0,8
2021,198.0,0.0,48270,3.0,7
2021,198.0,0.0,48270,2.0,7
2021,198.0,0.0,48270,2.0,7
2021,198.0,0.0,48270,2.0,7
2021,198.0,0.0,48270,2.0,7
2021,198.0,0.0,48270,2.0,7
2021,198.0,0.0,48270,2.0,7
2021,198.0,0.0,48270,2.0,7
2021,198.0,0.0,48270,2.0,7
2021,198.0,0.0,48270,2.0,7
2021,198.0,0.0,48270,2.0,9
2021,198.0,0.0,48270,2.0,7
2021,198.0,0.0,48270,2.0,8
2021,198.0,0.0,48270,3.0,7
2021,198.0,0.0,48270,3.0,7
2021,198.0,0.0,48270,6.0,7
2021,198.0,0.0,48270,2.0,7
2021,198.0,0.0,48270,4.0,7
2021,198.0,0.0,48270,3.0,7
2021,198.0,0.0,48270,3.0,7
2021,198.0,0.0,48270,3.0,7
2021,198.0,0.0,48270,3.0,7
2021,198.0,0.0,48270,2.0,7
2021,198.0,0.0,48270,3.0,7
2021,198.0,0.0,48270,3.0,7
2021,198.0,0.0,48270,2.0,7
2021,198.0,0.0,48270,2.0,7
2021,198.0,0.0,48270,3.0,7
2021,198.0,0.0,48270,2.0,7
2021,198.0,0.0,48270,3.0,7
2021,198.0,0.0,48270,3.0,7
2021,198.0,0.0,48270,4.0,7
2021,198.0,0.0,48270,2.0,7
2021,198.0,0.0,48270,2.0,7
2021,198.0,0.0,48270,2.0,7
2021,198.0,0.0,48270,4.0,7
2021,198.0,0.0,48270,3.0,7
2021,198.0,0.0,48270,3.0,7
2021,198.0,0.0,48270,2.0,7
2021,198.0,0.0,48270,2.0,7
2021,198.0,0.0,48270,2.0,8
2021,198.0,0.0,48270,2.0,7
2021,198.0,0.0,48270,2.0,8
2021,198.0,0.0,48270,2.0,8
2021,198.0,0.0,48270,2.0,7
2021,198.0,0.0,48270,2.0,7
2021,198.0,0.0,48270,2.0,7
2021,198.0,0.0,48270,3.0,7
2021,198.0,0.0,48270,2.0,7
2021,198.0,0.0,48270,2.0,7
2021,198.0,0.0,48270,2.0,7
2021,198.0,0.0,48270,2.0,7
2021,198.0,0.0,48270,4.0,7
2021,198.0,0.0,48270,3.0,7
2021,198.0,0.0,48270,3.0,7
2021,198.0,0.0,48270,3.0,7
2021,198.0,0.0,48270,3.0,7
2021,198.0,0.0,48270,3.0,7
2021,198.0,0.0,48270,3.0,9
2021,198.0,0.0,48270,2.0,7
2021,198.0,0.0,48270,3.0,7
2021,198.0,0.0,48270,2.0,7
2021,198.0,0.0,48270,3.0,7
2021,198.0,0.0,48270,2.0,7
2021,198.0,0.0,48270,2.0,7
2021,198.0,0.0,48270,3.0,7
2021,198.0,0.0,48270,4.0,7
2021,198.0,0.0,48270,4.0,7
2021,198.0,0.0,48270,5.0,7
2021,198.0,0.0,48270,4.0,7
2021,198.0,0.0,48270,2.0,7
2021,198.0,0.0,48270,2.0,7
2021,198.0,0.0,48270,3.0,7
2021,198.0,0.0,48270,2.0,8
2021,198.0,0.0,48270,3.0,7
2021,198.0,0.0,48270,2.0,7
2021,198.0,0.0,48270,4.0,7
2021,198.0,0.0,48270,2.0,8
2021,198.0,0.0,48270,3.0,7
2021,198.0,0.0,48270,2.0,7
2021,198.0,0.0,48270,2.0,7
2021,198.0,0.0,48270,2.0,7
2021,198.0,0.0,48270,5.0,7
2021,119.0,0.0,47900,2.0,8
2021,119.0,0.0,47900,2.0,8
2021,119.0,0.0,47900,2.0,8
2021,119.0,0.0,47900,2.0,8
2021,119.0,0.0,47900,2.0,8
2021,119.0,0.0,47900,2.0,8
2021,119.0,0.0,47900,2.0,8
2021,119.0,0.0,47900,2.0,8
2021,119.0,0.0,47900,2.0,8
2021,119.0,0.0,47900,2.0,8
2021,119.0,0.0,47900,2.0,8
2021,119.0,0.0,47900,2.0,8
2021,119.0,0.0,47900,2.0,8
2021,119.0,0.0,47900,2.0,8
2021,119.0,0.0,47900,2.0,8
2021,119.0,0.0,47900,2.0,8
2021,119.0,0.0,47900,2.0,8
2021,119.0,0.0,47900,2.0,8
2021,119.0,0.0,47900,2.0,8
2021,119.0,0.0,47900,2.0,8
2021,119.0,0.0,47900,2.0,8
2021,119.0,0.0,47900,2.0,8
2021,119.0,0.0,47900,2.0,8
2021,119.0,0.0,47900,2.0,8
2021,119.0,0.0,47900,2.0,8
2021,119.0,0.0,47900,2.0,8
2021,119.0,0.0,47900,2.0,8
2021,119.0,0.0,47900,2.0,8
2021,119.0,0.0,47900,2.0,8
2021,119.0,0.0,47900,2.0,8
2021,119.0,0.0,47900,2.0,8
2021,119.0,0.0,47900,2.0,8
2021,119.0,0.0,47900,2.0,8
2021,119.0,0.0,47900,2.0,8
2019,220.0,0.0,50130,2.0,5
2019,220.0,0.0,50130,3.0,10
2019,220.0,0.0,50130,2.0,9
2019,220.0,0.0,50130,3.0,9
2019,220.0,0.0,50130,2.0,5
2019,220.0,0.0,50130,3.0,5
2019,220.0,0.0,50130,2.0,5
2019,220.0,0.0,50130,2.0,5
2019,220.0,0.0,50130,2.0,10
2019,220.0,0.0,50130,2.0,10
2019,220.0,0.0,50130,2.0,10
2019,220.0,0.0,50130,2.0,10
2019,220.0,0.0,50130,3.0,10
2019,220.0,0.0,50130,2.0,10
2019,220.0,0.0,50130,3.0,10
2019,220.0,0.0,50130,2.0,10
2019,220.0,0.0,50130,2.0,10
2019,220.0,0.0,50130,2.0,10
2019,220.0,0.0,50130,3.0,10
2019,220.0,0.0,50130,2.0,5
2019,220.0,0.0,50130,2.0,5
2019,220.0,0.0,50130,3.0,5
2019,220.0,0.0,50130,2.0,9
2019,220.0,0.0,50130,2.0,9
2019,220.0,0.0,50130,2.0,9
2019,220.0,0.0,50130,3.0,9
2019,220.0,0.0,50130,2.0,5
2019,220.0,0.0,50130,2.0,5
2019,220.0,0.0,50130,2.0,5
2019,220.0,0.0,50130,2.0,9
2019,220.0,0.0,50130,2.0,5
2019,220.0,0.0,50130,3.0,5
2019,220.0,0.0,50130,2.0,10
2019,220.0,0.0,50130,2.0,10
2019,220.0,0.0,50130,3.0,10
2019,220.0,0.0,50130,2.0,5
2019,220.0,0.0,50130,3.0,5
2019,220.0,0.0,50130,2.0,5
2019,220.0,0.0,50130,2.0,5
2019,220.0,0.0,50130,2.0,10
2019,220.0,0.0,50130,2.0,5
2019,220.0,0.0,50130,2.0,5
2019,220.0,0.0,50130,3.0,9
2019,220.0,0.0,50130,2.0,10
2019,220.0,0.0,50130,2.0,5
2019,220.0,0.0,50130,2.0,5
2021,198.0,0.0,29140,2.0,7
2021,198.0,0.0,29140,1.0,7
2020,198.0,0.0,43770,1.0,8
2020,198.0,0.0,43770,1.0,8
2020,198.0,0.0,43770,1.0,8
2020,198.0,0.0,43770,1.0,8
2020,198.0,0.0,43770,1.0,8
2020,198.0,0.0,43770,1.0,8
2020,198.0,0.0,43770,1.0,8
2020,198.0,0.0,43770,1.0,8
2020,198.0,0.0,43770,2.0,8
2020,198.0,0.0,43770,1.0,8
2020,198.0,0.0,43770,1.0,8
2020,198.0,0.0,43770,1.0,8
2020,198.0,0.0,43770,1.0,8
2020,198.0,0.0,43770,1.0,8
2020,198.0,0.0,43770,1.0,8
2020,198.0,0.0,43770,1.0,8
2020,198.0,0.0,43770,1.0,8
2020,198.0,0.0,43770,1.0,8
2020,198.0,0.0,43770,1.0,8
2020,198.0,0.0,43770,1.0,8
2020,198.0,0.0,43770,1.0,8
2020,198.0,0.0,43770,1.0,8
2020,198.0,0.0,43770,1.0,8
2020,198.0,0.0,43770,1.0,8
2020,198.0,0.0,43770,1.0,8
2021,198.0,0.0,47830,1.0,7
2021,198.0,0.0,47830,1.0,7
2021,198.0,0.0,47830,1.0,7
2021,198.0,0.0,47830,1.0,7
2021,198.0,0.0,47830,1.0,7
2021,198.0,0.0,47830,1.0,7
2021,198.0,0.0,47830,1.0,7
2021,198.0,0.0,47830,1.0,7
2021,198.0,0.0,47830,1.0,7
2021,198.0,0.0,47830,1.0,7
2021,198.0,0.0,47830,1.0,7
2021,198.0,0.0,47830,1.0,7
2021,198.0,0.0,47830,1.0,7
2021,198.0,0.0,47830,1.0,7
2021,198.0,0.0,47830,1.0,7
2021,198.0,0.0,47830,1.0,7
2021,198.0,0.0,47830,1.0,7
2021,198.0,0.0,47830,1.0,7
2021,198.0,0.0,47830,1.0,7
2021,198.0,0.0,47830,1.0,7
2021,198.0,0.0,47830,1.0,7
2021,198.0,0.0,47830,1.0,7
2021,198.0,0.0,47830,1.0,7
2021,198.0,0.0,47830,1.0,7
2021,198.0,0.0,47830,1.0,7
2021,198.0,0.0,47830,1.0,7
2021,198.0,0.0,47830,1.0,7
2021,198.0,0.0,47830,1.0,7
2021,198.0,0.0,47830,1.0,7
2021,198.0,0.0,47830,1.0,7
2021,198.0,0.0,47830,1.0,7
2021,198.0,0.0,47830,1.0,7
2021,198.0,0.0,47830,1.0,7
2021,198.0,0.0,47830,1.0,7
2021,198.0,0.0,47830,1.0,7
2021,198.0,0.0,47830,1.0,7
2021,198.0,0.0,47830,1.0,7
2021,198.0,0.0,47830,1.0,7
2021,198.0,0.0,47830,1.0,7
2020,300.0,0.0,48850,2.0,8
2020,300.0,0.0,48850,1.0,8
2020,300.0,0.0,48850,3.0,8
2020,300.0,0.0,48850,1.0,8
2020,300.0,0.0,48850,6.0,8
2020,300.0,0.0,48850,6.0,8
2020,300.0,0.0,48850,1.0,8
2020,300.0,0.0,48850,3.0,8
2020,300.0,0.0,48850,6.0,8
2020,300.0,0.0,48850,2.0,8
2020,300.0,0.0,48850,3.0,8
2020,300.0,0.0,48850,2.0,8
2020,300.0,0.0,48850,5.0,8
2020,300.0,0.0,48850,6.0,8
2020,300.0,0.0,48850,2.0,8
2020,300.0,0.0,48850,1.0,8
2020,300.0,0.0,48850,2.0,8
2020,300.0,0.0,48850,5.0,8
2020,300.0,0.0,48850,5.0,8
2020,300.0,0.0,48850,5.0,8
2020,300.0,0.0,48850,1.0,8
2020,300.0,0.0,48850,5.0,8
2020,300.0,0.0,48850,3.0,8
2020,300.0,0.0,48850,3.0,8
2020,300.0,0.0,48850,2.0,8
2020,300.0,0.0,48850,3.0,8
2020,300.0,0.0,48850,2.0,8
2020,300.0,0.0,48850,1.0,8
2020,300.0,0.0,48850,6.0,8
2020,300.0,0.0,48850,3.0,8
2020,300.0,0.0,48850,6.0,8
2020,300.0,0.0,48850,3.0,8
2020,300.0,0.0,48850,6.0,8
2020,300.0,0.0,48850,2.0,8
2020,300.0,0.0,48850,2.0,8
2020,300.0,0.0,48850,3.0,8
2020,300.0,0.0,48850,6.0,8
2020,300.0,0.0,48850,5.0,8
2020,300.0,0.0,48850,1.0,8
2020,300.0,0.0,48850,6.0,8
2020,300.0,0.0,48850,6.0,8
2020,300.0,0.0,48850,2.0,8
2020,300.0,0.0,48850,6.0,8
2020,300.0,0.0,48850,3.0,8
2020,300.0,0.0,48850,2.0,8
2020,300.0,0.0,48850,2.0,8
2020,300.0,0.0,48850,5.0,8
2020,300.0,0.0,48850,2.0,8
2020,300.0,0.0,48850,5.0,8
2020,277.0,0.0,50130,2.0,8
2020,277.0,0.0,50130,2.0,8
2020,277.0,0.0,50130,2.0,8
2020,277.0,0.0,50130,2.0,8
2020,277.0,0.0,50130,2.0,8
2020,277.0,0.0,50130,2.0,8
2020,277.0,0.0,50130,2.0,8
2020,277.0,0.0,50130,2.0,8
2020,277.0,0.0,50130,2.0,8
2020,277.0,0.0,50130,2.0,9
2020,277.0,0.0,50130,2.0,9
2020,277.0,0.0,50130,2.0,9
2020,277.0,0.0,50130,2.0,9
2020,277.0,0.0,50130,2.0,9
2020,277.0,0.0,50130,2.0,9
2020,277.0,0.0,50130,2.0,9
2020,277.0,0.0,50130,2.0,9
2020,277.0,0.0,50130,2.0,9
2020,277.0,0.0,50130,2.0,9
2020,277.0,0.0,50130,1.0,9
2020,277.0,0.0,50130,2.0,9
2020,277.0,0.0,50130,2.0,9
2020,277.0,0.0,50130,2.0,9
2020,277.0,0.0,50130,2.0,9
2020,277.0,0.0,50130,2.0,9
2020,277.0,0.0,50130,2.0,9
2020,277.0,0.0,50130,2.0,9
2020,277.0,0.0,50130,2.0,9
2020,277.0,0.0,50130,2.0,9
2020,277.0,0.0,50130,1.0,9
2020,277.0,0.0,50130,2.0,9
2020,277.0,0.0,50130,3.0,9
2020,277.0,0.0,50130,2.0,9
2020,277.0,0.0,50130,2.0,9
2020,277.0,0.0,50130,2.0,8
2020,277.0,0.0,50130,2.0,8
2020,277.0,0.0,50130,2.0,8
2020,277.0,0.0,50130,2.0,8
2020,277.0,0.0,50130,2.0,9
2020,277.0,0.0,50130,2.0,9
2020,277.0,0.0,50130,2.0,8
2020,277.0,0.0,50130,1.0,9
2020,277.0,0.0,50130,2.0,8
2020,277.0,0.0,50130,1.0,9
2020,277.0,0.0,50130,2.0,8
2020,277.0,0.0,50130,2.0,8
2020,277.0,0.0,50130,2.0,9
2020,277.0,0.0,50130,2.0,9
2020,277.0,0.0,50130,2.0,9
2020,277.0,0.0,50130,2.0,9
2020,277.0,0.0,50130,1.0,9
2020,277.0,0.0,50130,2.0,9
2020,277.0,0.0,50130,2.0,8
2020,277.0,0.0,50130,2.0,8
2020,277.0,0.0,50130,2.0,8
2020,277.0,0.0,50130,2.0,9
2020,277.0,0.0,50130,2.0,8
2020,277.0,0.0,50130,2.0,9
2020,277.0,0.0,50130,2.0,8
2020,277.0,0.0,50130,2.0,9
2020,277.0,0.0,50130,2.0,8
2020,277.0,0.0,50130,1.0,9
2020,277.0,0.0,50130,1.0,9
2020,277.0,0.0,50130,2.0,8
2020,277.0,0.0,50130,2.0,8
2020,277.0,0.0,50130,2.0,9
2020,277.0,0.0,50130,2.0,8
2020,277.0,0.0,50130,2.0,9
2020,277.0,0.0,50130,2.0,9
2020,277.0,0.0,50130,2.0,9
2020,277.0,0.0,50130,2.0,9
2020,277.0,0.0,50130,2.0,9
2020,277.0,0.0,50130,2.0,9
2020,277.0,0.0,50130,2.0,9
2020,277.0,0.0,50130,2.0,9
2020,277.0,0.0,50130,2.0,9
2020,277.0,0.0,50130,2.0,9
2020,277.0,0.0,50130,1.0,9
2020,277.0,0.0,50130,2.0,9
2020,277.0,0.0,50130,2.0,9
2020,277.0,0.0,50130,1.0,9
2020,277.0,0.0,50130,2.0,9
2020,277.0,0.0,50130,1.0,9
2020,277.0,0.0,50130,2.0,8
2020,277.0,0.0,50130,2.0,9
2020,277.0,0.0,50130,2.0,8
2020,277.0,0.0,50130,2.0,9
2020,277.0,0.0,50130,2.0,9
2020,277.0,0.0,50130,2.0,8
2020,277.0,0.0,50130,1.0,9
2020,277.0,0.0,50130,1.0,9
2020,277.0,0.0,50130,2.0,9
2020,277.0,0.0,50130,1.0,9
2020,277.0,0.0,50130,2.0,9
2020,277.0,0.0,50130,2.0,9
2020,277.0,0.0,50130,2.0,9
2020,277.0,0.0,50130,2.0,9
2020,277.0,0.0,50130,2.0,9
2020,277.0,0.0,50130,2.0,9
2020,277.0,0.0,50130,1.0,9
2020,277.0,0.0,50130,2.0,9
2020,277.0,0.0,50130,2.0,9
2020,277.0,0.0,50130,2.0,8
2020,277.0,0.0,50130,2.0,9
2020,277.0,0.0,50130,2.0,9
2020,277.0,0.0,50130,2.0,8
2020,277.0,0.0,50130,2.0,8
2020,277.0,0.0,50130,3.0,9
2020,277.0,0.0,50130,2.0,9
2020,277.0,0.0,50130,2.0,8
2020,198.0,0.0,50130,2.0,8
2020,198.0,0.0,50130,2.0,8
2020,198.0,0.0,50130,2.0,8
2020,198.0,0.0,50130,2.0,8
2020,198.0,0.0,50130,2.0,8
2020,198.0,0.0,50130,2.0,8
2020,198.0,0.0,50130,2.0,8
2020,198.0,0.0,50130,2.0,8
2020,198.0,0.0,50130,2.0,8
2020,198.0,0.0,50130,2.0,9
2020,198.0,0.0,50130,2.0,9
2020,198.0,0.0,50130,2.0,9
2020,198.0,0.0,50130,2.0,9
2020,198.0,0.0,50130,2.0,9
2020,198.0,0.0,50130,2.0,9
2020,198.0,0.0,50130,2.0,9
2020,198.0,0.0,50130,2.0,9
2020,198.0,0.0,50130,2.0,9
2020,198.0,0.0,50130,2.0,9
2020,198.0,0.0,50130,1.0,9
2020,198.0,0.0,50130,2.0,9
2020,198.0,0.0,50130,2.0,9
2020,198.0,0.0,50130,2.0,9
2020,198.0,0.0,50130,2.0,9
2020,198.0,0.0,50130,2.0,9
2020,198.0,0.0,50130,2.0,9
2020,198.0,0.0,50130,2.0,9
2020,198.0,0.0,50130,2.0,9
2020,198.0,0.0,50130,2.0,9
2020,198.0,0.0,50130,1.0,9
2020,198.0,0.0,50130,2.0,9
2020,198.0,0.0,50130,3.0,9
2020,198.0,0.0,50130,2.0,9
2020,198.0,0.0,50130,2.0,9
2020,198.0,0.0,50130,2.0,8
2020,198.0,0.0,50130,2.0,8
2020,198.0,0.0,50130,2.0,8
2020,198.0,0.0,50130,2.0,8
2020,198.0,0.0,50130,2.0,9
2020,198.0,0.0,50130,2.0,9
2020,198.0,0.0,50130,2.0,8
2020,198.0,0.0,50130,1.0,9
2020,198.0,0.0,50130,2.0,8
2020,198.0,0.0,50130,1.0,9
2020,198.0,0.0,50130,2.0,8
2020,198.0,0.0,50130,2.0,8
2020,198.0,0.0,50130,2.0,9
2020,198.0,0.0,50130,2.0,9
2020,198.0,0.0,50130,2.0,9
2020,198.0,0.0,50130,2.0,9
2020,198.0,0.0,50130,1.0,9
2020,198.0,0.0,50130,2.0,9
2020,198.0,0.0,50130,2.0,8
2020,198.0,0.0,50130,2.0,8
2020,198.0,0.0,50130,2.0,8
2020,198.0,0.0,50130,2.0,9
2020,198.0,0.0,50130,2.0,8
2020,198.0,0.0,50130,2.0,9
2020,198.0,0.0,50130,2.0,8
2020,198.0,0.0,50130,2.0,9
2020,198.0,0.0,50130,2.0,8
2020,198.0,0.0,50130,1.0,9
2020,198.0,0.0,50130,1.0,9
2020,198.0,0.0,50130,2.0,8
2020,198.0,0.0,50130,2.0,8
2020,198.0,0.0,50130,2.0,9
2020,198.0,0.0,50130,2.0,8
2020,198.0,0.0,50130,2.0,9
2020,198.0,0.0,50130,2.0,9
2020,198.0,0.0,50130,2.0,9
2020,198.0,0.0,50130,2.0,9
2020,198.0,0.0,50130,2.0,9
2020,198.0,0.0,50130,2.0,9
2020,198.0,0.0,50130,2.0,9
2020,198.0,0.0,50130,2.0,9
2020,198.0,0.0,50130,2.0,9
2020,198.0,0.0,50130,2.0,9
2020,198.0,0.0,50130,1.0,9
2020,198.0,0.0,50130,2.0,9
2020,198.0,0.0,50130,2.0,9
2020,198.0,0.0,50130,1.0,9
2020,198.0,0.0,50130,2.0,9
2020,198.0,0.0,50130,1.0,9
2020,198.0,0.0,50130,2.0,8
2020,198.0,0.0,50130,2.0,9
2020,198.0,0.0,50130,2.0,8
2020,198.0,0.0,50130,2.0,9
2020,198.0,0.0,50130,2.0,9
2020,198.0,0.0,50130,2.0,8
2020,198.0,0.0,50130,1.0,9
2020,198.0,0.0,50130,1.0,9
2020,198.0,0.0,50130,2.0,9
2020,198.0,0.0,50130,1.0,9
2020,198.0,0.0,50130,2.0,9
2020,198.0,0.0,50130,2.0,9
2020,198.0,0.0,50130,2.0,9
2020,198.0,0.0,50130,2.0,9
2020,198.0,0.0,50130,2.0,9
2020,198.0,0.0,50130,2.0,9
2020,198.0,0.0,50130,1.0,9
2020,198.0,0.0,50130,2.0,9
2020,198.0,0.0,50130,2.0,9
2020,198.0,0.0,50130,2.0,8
2020,198.0,0.0,50130,2.0,9
2020,198.0,0.0,50130,2.0,9
2020,198.0,0.0,50130,2.0,8
2020,198.0,0.0,50130,2.0,8
2020,198.0,0.0,50130,3.0,9
2020,198.0,0.0,50130,2.0,9
2020,198.0,0.0,50130,2.0,8
2018,250.0,0.0,36110,1.0,9
2018,250.0,0.0,36110,1.0,9
2018,250.0,0.0,36110,1.0,9
2022,115.0,0.0,26350,1.0,9
2022,115.0,0.0,26350,1.0,9
2022,115.0,0.0,26350,2.0,9
2022,115.0,0.0,26350,1.0,9
2022,150.0,0.0,43130,2.0,8
2022,150.0,0.0,43130,2.0,8
2022,150.0,0.0,43130,2.0,8
2022,150.0,0.0,43130,1.0,8
2022,150.0,0.0,43130,1.0,8
2022,150.0,0.0,43130,2.0,8
2022,150.0,0.0,43130,2.0,8
2022,150.0,0.0,43130,1.0,8
2022,150.0,0.0,43130,1.0,8
2022,187.0,0.0,41650,2.0,8
2022,187.0,0.0,41650,2.0,8
2022,187.0,0.0,41650,2.0,8
2022,187.0,0.0,41650,2.0,8
2022,187.0,0.0,41650,2.0,8
2022,187.0,0.0,41650,2.0,8
2022,187.0,0.0,41650,2.0,8
2022,187.0,0.0,41650,2.0,8
2022,187.0,0.0,41650,2.0,8
2022,187.0,0.0,41650,2.0,8
2022,187.0,0.0,41650,2.0,8
2022,187.0,0.0,41650,2.0,8
2022,187.0,0.0,41650,2.0,8
2022,187.0,0.0,41650,2.0,8
2022,187.0,0.0,41650,2.0,8
2022,187.0,0.0,41650,2.0,8
2022,187.0,0.0,41650,2.0,8
2022,187.0,0.0,41650,2.0,8
2022,187.0,0.0,41650,2.0,8
2022,187.0,0.0,41650,2.0,8
2022,187.0,0.0,41650,2.0,8
2022,187.0,0.0,41650,2.0,8
2022,187.0,0.0,41650,2.0,8
2022,187.0,0.0,41650,2.0,8
2022,187.0,0.0,41650,2.0,8
2022,187.0,0.0,41650,2.0,8
2022,187.0,0.0,41650,2.0,8
2022,187.0,0.0,41650,2.0,8
2022,187.0,0.0,41650,2.0,8
2022,187.0,0.0,41650,2.0,8
2022,187.0,0.0,41650,2.0,8
2022,187.0,0.0,41650,2.0,8
2022,187.0,0.0,41650,2.0,8
2022,187.0,0.0,41650,2.0,8
2022,187.0,0.0,41650,2.0,8
2022,187.0,0.0,41650,2.0,8
2022,187.0,0.0,41650,2.0,8
2022,187.0,0.0,41650,2.0,8
2022,187.0,0.0,41650,2.0,8
2022,187.0,0.0,41650,2.0,8
2022,187.0,0.0,41650,2.0,8
2022,187.0,0.0,41650,2.0,8
2022,187.0,0.0,41650,2.0,8
2022,187.0,0.0,41650,2.0,8
2022,187.0,0.0,41650,2.0,8
2022,187.0,0.0,41650,2.0,8
2022,187.0,0.0,41650,2.0,8
2022,187.0,0.0,41650,2.0,8
2022,187.0,0.0,41650,2.0,8
2022,187.0,0.0,41650,2.0,8
2022,187.0,0.0,41650,2.0,8
2022,187.0,0.0,41650,2.0,8
2022,187.0,0.0,41650,2.0,8
2022,187.0,0.0,41650,2.0,8
2022,187.0,0.0,41650,2.0,8
2022,187.0,0.0,41650,2.0,8
2022,187.0,0.0,41650,2.0,8
2022,187.0,0.0,41650,2.0,8
2022,187.0,0.0,41650,2.0,8
2022,187.0,0.0,41650,2.0,8
2022,187.0,0.0,41650,2.0,8
2022,187.0,0.0,41650,2.0,8
2022,187.0,0.0,41650,2.0,8
2022,187.0,0.0,41650,2.0,8
2022,187.0,0.0,41650,2.0,8
2022,187.0,0.0,41650,2.0,8
2022,187.0,0.0,41650,2.0,8
2022,187.0,0.0,41650,2.0,8
2022,187.0,0.0,41650,2.0,8
2022,187.0,0.0,41650,2.0,8
2022,187.0,0.0,41650,2.0,8
2022,187.0,0.0,41650,2.0,8
2022,187.0,0.0,41650,2.0,8
2022,187.0,0.0,41650,2.0,8
2022,187.0,0.0,41650,2.0,8
2022,187.0,0.0,41650,2.0,8
2022,187.0,0.0,41650,2.0,8
2022,187.0,0.0,41650,2.0,8
2022,187.0,0.0,41650,2.0,8
2022,187.0,0.0,41650,2.0,8
2022,187.0,0.0,41650,2.0,8
2022,187.0,0.0,41650,2.0,8
2022,187.0,0.0,41650,2.0,8
2022,187.0,0.0,41650,2.0,8
2022,187.0,0.0,41650,2.0,8
2022,187.0,0.0,41650,2.0,8
2022,187.0,0.0,41650,2.0,8
2022,187.0,0.0,41650,2.0,8
2022,187.0,0.0,41650,2.0,8
2022,187.0,0.0,41650,2.0,8
2022,187.0,0.0,41650,2.0,8
2022,187.0,0.0,41650,2.0,8
2022,187.0,0.0,41650,2.0,8
2022,187.0,0.0,41650,2.0,8
2022,187.0,0.0,41650,2.0,8
2022,187.0,0.0,41650,2.0,8
2022,187.0,0.0,41650,2.0,8
2022,187.0,0.0,41650,2.0,8
2022,187.0,0.0,41650,2.0,8
2022,187.0,0.0,41650,2.0,8
2022,187.0,0.0,41650,2.0,8
2022,187.0,0.0,41650,2.0,8
2022,187.0,0.0,41650,2.0,8
2022,187.0,0.0,41650,2.0,8
2022,187.0,0.0,41650,2.0,8
2022,187.0,0.0,41650,2.0,8
2022,187.0,0.0,41650,2.0,8
2022,187.0,0.0,41650,2.0,8
2022,187.0,0.0,41650,2.0,8
2022,187.0,0.0,41650,2.0,8
2022,187.0,0.0,41650,2.0,8
2022,187.0,0.0,41650,2.0,8
2022,187.0,0.0,41650,2.0,8
2022,187.0,0.0,41650,2.0,8
2022,187.0,0.0,41650,2.0,8
2022,187.0,0.0,41650,2.0,8
2022,187.0,0.0,41650,2.0,8
2022,187.0,0.0,41650,2.0,8
2022,187.0,0.0,41650,2.0,8
2022,187.0,0.0,41650,2.0,8
2022,187.0,0.0,41650,2.0,8
2022,187.0,0.0,41650,2.0,8
2022,187.0,0.0,41650,2.0,8
2022,187.0,0.0,41650,2.0,8
2022,187.0,0.0,41650,2.0,8
2022,187.0,0.0,41650,2.0,8
2022,187.0,0.0,41650,2.0,8
2022,187.0,0.0,41650,2.0,8
2022,187.0,0.0,41650,2.0,8
2022,187.0,0.0,41650,2.0,8
2022,187.0,0.0,41650,2.0,8
2022,187.0,0.0,41650,2.0,8
2022,187.0,0.0,41650,2.0,8
2022,187.0,0.0,41650,2.0,8
2022,187.0,0.0,41650,2.0,8
2022,187.0,0.0,41650,2.0,8
2022,187.0,0.0,41650,2.0,8
2022,187.0,0.0,41650,2.0,8
2022,187.0,0.0,41650,2.0,8
2022,187.0,0.0,41650,2.0,8
2022,187.0,0.0,41650,2.0,8
2020,198.0,0.0,43740,5.0,8
2020,198.0,0.0,43740,3.0,8
2020,198.0,0.0,43740,5.0,8
2020,198.0,0.0,43740,2.0,8
2020,198.0,0.0,43740,2.0,8
2020,198.0,0.0,43740,2.0,8
2020,198.0,0.0,43740,3.0,8
2020,198.0,0.0,43740,5.0,8
2020,198.0,0.0,43740,5.0,8
2020,198.0,0.0,43740,3.0,8
2020,198.0,0.0,43740,2.0,8
2020,198.0,0.0,43740,6.0,8
2020,198.0,0.0,43740,5.0,8
2020,198.0,0.0,43740,1.0,8
2020,198.0,0.0,43740,2.0,8
2020,198.0,0.0,43740,5.0,8
2020,198.0,0.0,43740,3.0,8
2020,198.0,0.0,43740,2.0,8
2020,198.0,0.0,43740,2.0,8
2020,198.0,0.0,43740,1.0,8
2020,198.0,0.0,43740,3.0,8
2020,198.0,0.0,43740,1.0,8
2020,198.0,0.0,43740,6.0,8
2020,198.0,0.0,43740,2.0,8
2020,198.0,0.0,43740,2.0,8
2020,198.0,0.0,43740,3.0,8
2020,198.0,0.0,43740,1.0,8
2020,198.0,0.0,43740,2.0,8
2020,198.0,0.0,43740,5.0,8
2020,198.0,0.0,43740,5.0,8
2020,198.0,0.0,43740,2.0,8
2020,198.0,0.0,43740,3.0,8
2020,198.0,0.0,43740,5.0,8
2020,198.0,0.0,43740,1.0,8
2020,198.0,0.0,43740,2.0,8
2020,198.0,0.0,43740,6.0,8
2020,198.0,0.0,43740,3.0,8
2020,198.0,0.0,43740,5.0,8
2020,198.0,0.0,43740,2.0,8
2020,198.0,0.0,43740,3.0,8
2020,198.0,0.0,43740,6.0,8
2020,198.0,0.0,43740,2.0,8
2020,198.0,0.0,43740,2.0,8
2020,198.0,0.0,43740,6.0,8
2020,198.0,0.0,43740,3.0,8
2020,198.0,0.0,43740,2.0,8
2020,198.0,0.0,43740,3.0,8
2020,198.0,0.0,43740,3.0,8
2020,198.0,0.0,43740,6.0,8
2020,198.0,0.0,43740,5.0,8
2020,198.0,0.0,43740,1.0,8
2020,198.0,0.0,43740,6.0,8
2020,198.0,0.0,43740,2.0,8
2020,198.0,0.0,43740,6.0,8
2020,198.0,0.0,43740,5.0,8
2020,198.0,0.0,43740,2.0,8
2020,198.0,0.0,43740,1.0,8
2020,198.0,0.0,43740,2.0,8
2020,198.0,0.0,43740,1.0,8
2020,198.0,0.0,43740,2.0,8
2020,198.0,0.0,43740,6.0,8
2020,198.0,0.0,43740,3.0,8
2020,198.0,0.0,43740,3.0,8
2020,198.0,0.0,43740,5.0,8
2020,198.0,0.0,43740,3.0,8
2020,198.0,0.0,43740,2.0,8
2020,198.0,0.0,43740,5.0,8
2020,198.0,0.0,43740,5.0,8
2020,198.0,0.0,43740,2.0,8
2020,198.0,0.0,43740,3.0,8
2020,198.0,0.0,43740,2.0,8
2020,198.0,0.0,43740,2.0,8
2020,198.0,0.0,43740,2.0,8
2020,198.0,0.0,43740,3.0,8
2020,198.0,0.0,43740,1.0,8
2020,198.0,0.0,43740,5.0,8
2020,198.0,0.0,43740,2.0,8
2020,198.0,0.0,43740,2.0,8
2020,198.0,0.0,43740,2.0,8
2020,198.0,0.0,43740,5.0,8
2020,198.0,0.0,43740,2.0,8
2020,198.0,0.0,43740,6.0,8
2020,198.0,0.0,43740,2.0,8
2020,198.0,0.0,43740,2.0,8
2020,198.0,0.0,43740,1.0,8
2020,198.0,0.0,43740,5.0,8
2020,198.0,0.0,43740,6.0,8
2020,198.0,0.0,43740,5.0,8
2020,198.0,0.0,43740,2.0,8
2020,198.0,0.0,43740,6.0,8
2020,198.0,0.0,43740,1.0,8
2020,198.0,0.0,43740,6.0,8
2020,198.0,0.0,43740,2.0,8
2020,198.0,0.0,43740,2.0,8
2020,198.0,0.0,43740,5.0,8
2020,198.0,0.0,43740,6.0,8
2020,198.0,0.0,43740,6.0,8
2020,198.0,0.0,43740,3.0,8
2020,198.0,0.0,43740,5.0,8
2020,198.0,0.0,43740,2.0,8
2020,198.0,0.0,43740,2.0,8
2020,198.0,0.0,43740,5.0,8
2020,198.0,0.0,43740,3.0,8
2020,198.0,0.0,43740,5.0,8
2020,198.0,0.0,43740,5.0,8
2020,198.0,0.0,43740,3.0,8
2020,198.0,0.0,43740,2.0,8
2020,198.0,0.0,43740,3.0,8
2020,198.0,0.0,43740,5.0,8
2020,198.0,0.0,43740,6.0,8
2020,198.0,0.0,43740,6.0,8
2020,198.0,0.0,43740,2.0,8
2020,198.0,0.0,43740,6.0,8
2020,198.0,0.0,43740,6.0,8
2020,198.0,0.0,43740,5.0,8
2020,198.0,0.0,43740,1.0,8
2020,198.0,0.0,43740,1.0,8
2020,198.0,0.0,43740,5.0,8
2020,198.0,0.0,43740,2.0,8
2020,198.0,0.0,43740,2.0,8
2020,198.0,0.0,43740,6.0,8
2020,198.0,0.0,43740,6.0,8
2020,198.0,0.0,43740,2.0,8
2020,198.0,0.0,43740,1.0,8
2020,198.0,0.0,43740,3.0,8
2020,198.0,0.0,43740,6.0,8
2020,198.0,0.0,43740,2.0,8
2020,198.0,0.0,43740,1.0,8
2020,198.0,0.0,43740,1.0,8
2020,198.0,0.0,43740,2.0,8
2020,198.0,0.0,43740,5.0,8
2020,198.0,0.0,43740,6.0,8
2020,198.0,0.0,43740,5.0,8
2020,198.0,0.0,43740,2.0,8
2020,198.0,0.0,43740,2.0,8
2020,198.0,0.0,43740,3.0,8
2020,198.0,0.0,43740,5.0,8
2020,198.0,0.0,43740,6.0,8
2020,198.0,0.0,43740,2.0,8
2020,198.0,0.0,43740,2.0,8
2020,198.0,0.0,43740,5.0,8
2020,198.0,0.0,43740,3.0,8
2020,198.0,0.0,43740,1.0,8
2020,198.0,0.0,43740,5.0,8
2020,198.0,0.0,43740,6.0,8
2020,198.0,0.0,43740,6.0,8
2020,198.0,0.0,43740,5.0,8
2020,198.0,0.0,43740,1.0,8
2020,198.0,0.0,43740,3.0,8
2020,198.0,0.0,43740,6.0,8
2020,198.0,0.0,43740,2.0,8
2020,198.0,0.0,43740,3.0,8
2021,198.0,0.0,31140,1.0,8
2021,198.0,0.0,31140,1.0,8
2021,198.0,0.0,31140,4.0,8
2022,262.0,0.0,50130,1.0,8
2022,262.0,0.0,50130,2.0,9
2022,262.0,0.0,50130,2.0,9
2022,262.0,0.0,50130,1.0,8
2022,262.0,0.0,50130,1.0,9
2022,262.0,0.0,50130,1.0,9
2022,262.0,0.0,50130,1.0,8
2022,262.0,0.0,50130,1.0,8
2022,262.0,0.0,50130,1.0,8
2022,262.0,0.0,50130,1.0,8
2022,262.0,0.0,50130,1.0,9
2022,262.0,0.0,50130,2.0,9
2022,262.0,0.0,50130,2.0,9
2022,262.0,0.0,50130,1.0,8
2022,262.0,0.0,50130,1.0,9
2022,262.0,0.0,50130,1.0,9
2022,262.0,0.0,50130,2.0,9
2022,262.0,0.0,50130,2.0,9
2022,262.0,0.0,50130,1.0,8
2022,262.0,0.0,50130,2.0,9
2022,262.0,0.0,50130,2.0,9
2022,262.0,0.0,50130,1.0,8
2022,262.0,0.0,50130,2.0,9
2022,262.0,0.0,50130,2.0,9
2022,262.0,0.0,50130,1.0,8
2022,262.0,0.0,50130,1.0,8
2022,262.0,0.0,50130,1.0,9
2022,262.0,0.0,50130,1.0,9
2022,262.0,0.0,50130,1.0,8
2022,262.0,0.0,50130,1.0,9
2022,262.0,0.0,50130,1.0,8
2022,262.0,0.0,50130,1.0,9
2022,262.0,0.0,50130,1.0,8
2022,262.0,0.0,50130,1.0,9
2022,262.0,0.0,50130,1.0,9
2022,262.0,0.0,50130,2.0,9
2022,262.0,0.0,50130,2.0,9
2022,262.0,0.0,50130,1.0,8
2022,262.0,0.0,50130,1.0,8
2022,262.0,0.0,50130,1.0,9
2022,262.0,0.0,50130,1.0,8
2022,262.0,0.0,50130,1.0,8
2022,262.0,0.0,50130,1.0,8
2022,262.0,0.0,50130,1.0,9
2022,262.0,0.0,50130,1.0,8
2022,262.0,0.0,50130,1.0,8
2022,262.0,0.0,50130,2.0,8
2022,262.0,0.0,50130,1.0,8
2022,262.0,0.0,50130,1.0,8
2022,262.0,0.0,50130,1.0,8
2022,262.0,0.0,50130,2.0,9
2022,262.0,0.0,50130,1.0,8
2022,262.0,0.0,50130,1.0,8
2022,262.0,0.0,50130,1.0,8
2022,262.0,0.0,50130,1.0,8
2022,262.0,0.0,50130,1.0,8
2022,262.0,0.0,50130,2.0,9
2022,262.0,0.0,50130,1.0,8
2022,262.0,0.0,50130,2.0,8
2022,262.0,0.0,50130,1.0,8
2022,262.0,0.0,50130,1.0,8
2022,262.0,0.0,50130,1.0,8
2021,198.0,0.0,46170,1.0,7
2021,198.0,0.0,46170,1.0,7
2021,198.0,0.0,46170,1.0,7
2021,198.0,0.0,46170,1.0,7
2021,198.0,0.0,46170,1.0,7
2021,198.0,0.0,46170,1.0,7
2021,198.0,0.0,46170,1.0,7
2021,198.0,0.0,46170,1.0,7
2021,198.0,0.0,46170,3.0,7
2021,198.0,0.0,46170,1.0,7
2021,198.0,0.0,46170,1.0,7
2021,198.0,0.0,46170,2.0,7
2021,198.0,0.0,46170,2.0,7
2021,198.0,0.0,46170,1.0,7
2021,198.0,0.0,46170,1.0,7
2021,198.0,0.0,46170,2.0,7
2021,198.0,0.0,46170,1.0,7
2021,198.0,0.0,46170,2.0,7
2021,198.0,0.0,46170,1.0,7
2021,198.0,0.0,46170,1.0,7
2021,198.0,0.0,46170,1.0,7
2021,198.0,0.0,46170,1.0,7
2021,198.0,0.0,46170,1.0,7
2021,198.0,0.0,46170,3.0,7
2021,198.0,0.0,46170,1.0,7
2021,198.0,0.0,46170,1.0,7
2021,198.0,0.0,46170,1.0,7
2021,198.0,0.0,46170,2.0,7
2021,198.0,0.0,46170,2.0,7
2021,198.0,0.0,46170,1.0,7
2021,198.0,0.0,46170,1.0,7
2021,198.0,0.0,46170,1.0,7
2021,198.0,0.0,46170,1.0,7
2021,198.0,0.0,46170,1.0,7
2021,198.0,0.0,46170,1.0,7
2021,198.0,0.0,46170,1.0,7
2021,198.0,0.0,46170,1.0,7
2021,198.0,0.0,46170,3.0,7
2021,198.0,0.0,46170,1.0,7
2021,198.0,0.0,46170,1.0,7
2021,198.0,0.0,46170,1.0,7
2021,198.0,0.0,46170,2.0,7
2021,198.0,0.0,46170,2.0,7
2021,198.0,0.0,46170,1.0,7
2021,198.0,0.0,46170,3.0,7
2021,198.0,0.0,46170,1.0,7
2021,198.0,0.0,46170,1.0,7
2021,198.0,0.0,46170,3.0,7
2021,198.0,0.0,46170,1.0,7
2021,198.0,0.0,46170,1.0,7
2021,198.0,0.0,46170,1.0,7
2021,198.0,0.0,46170,1.0,7
2021,198.0,0.0,46170,1.0,7
2021,198.0,0.0,46170,1.0,7
2021,198.0,0.0,46170,1.0,7
2021,198.0,0.0,46170,1.0,7
2021,198.0,0.0,46170,1.0,7
2021,198.0,0.0,46170,1.0,7
2021,198.0,0.0,46170,1.0,7
2021,198.0,0.0,46170,1.0,7
2021,198.0,0.0,46170,2.0,7
2021,198.0,0.0,46170,1.0,7
2021,198.0,0.0,46170,1.0,7
2021,198.0,0.0,46170,1.0,7
2021,198.0,0.0,46170,3.0,7
2021,198.0,0.0,46170,1.0,7
2021,198.0,0.0,46170,1.0,7
2021,198.0,0.0,46170,1.0,7
2021,198.0,0.0,46170,1.0,7
2021,198.0,0.0,46170,1.0,7
2021,198.0,0.0,46170,1.0,7
2021,198.0,0.0,46170,1.0,7
2021,198.0,0.0,46170,1.0,7
2021,198.0,0.0,46170,2.0,7
2021,198.0,0.0,46170,1.0,7
2021,198.0,0.0,46170,2.0,7
2021,198.0,0.0,46170,3.0,7
2021,198.0,0.0,46170,1.0,7
2021,198.0,0.0,46170,2.0,7
2021,198.0,0.0,46170,1.0,7
2021,198.0,0.0,46170,1.0,7
2021,198.0,0.0,46170,3.0,7
2021,198.0,0.0,46170,1.0,7
2021,198.0,0.0,46170,2.0,7
2021,198.0,0.0,46170,1.0,7
2021,198.0,0.0,46170,3.0,7
2021,198.0,0.0,46170,1.0,7
2021,198.0,0.0,46170,1.0,7
2021,198.0,0.0,46170,1.0,7
2021,198.0,0.0,46170,1.0,7
2021,198.0,0.0,46170,3.0,7
2021,198.0,0.0,46170,1.0,7
2021,198.0,0.0,46170,1.0,7
2021,198.0,0.0,46170,1.0,7
2021,198.0,0.0,46170,1.0,7
2021,198.0,0.0,46170,2.0,7
2021,198.0,0.0,46170,3.0,7
2021,198.0,0.0,46170,1.0,7
2021,198.0,0.0,46170,1.0,7
2021,198.0,0.0,46170,1.0,7
2021,198.0,0.0,46170,2.0,7
2021,198.0,0.0,46170,3.0,7
2021,198.0,0.0,46170,1.0,7
2021,198.0,0.0,46170,1.0,7
2021,198.0,0.0,46170,1.0,7
2021,198.0,0.0,46170,1.0,7
2021,198.0,0.0,46170,1.0,7
2021,198.0,0.0,46170,1.0,7
2021,198.0,0.0,46170,1.0,7
2021,198.0,0.0,46170,1.0,7
2021,198.0,0.0,46170,1.0,7
2021,198.0,0.0,46170,1.0,7
2021,198.0,0.0,46170,1.0,7
2021,198.0,0.0,46170,1.0,7
2021,198.0,0.0,46170,2.0,7
2021,198.0,0.0,46170,4.0,7
2021,198.0,0.0,46170,1.0,7
2021,198.0,0.0,46170,1.0,7
2021,198.0,0.0,46170,1.0,7
2021,198.0,0.0,46170,2.0,7
2021,198.0,0.0,46170,2.0,7
2021,198.0,0.0,46170,2.0,7
2021,198.0,0.0,46170,2.0,7
2021,198.0,0.0,46170,1.0,7
2021,198.0,0.0,46170,1.0,7
2021,198.0,0.0,46170,3.0,7
2021,198.0,0.0,46170,1.0,7
2021,198.0,0.0,46170,1.0,7
2021,198.0,0.0,46170,2.0,7
2021,198.0,0.0,46170,3.0,7
2021,198.0,0.0,46170,1.0,7
2021,198.0,0.0,46170,1.0,7
2021,198.0,0.0,46170,3.0,7
2021,198.0,0.0,46170,1.0,7
2021,198.0,0.0,46170,1.0,7
2021,198.0,0.0,46170,1.0,7
2021,198.0,0.0,46170,1.0,7
2021,198.0,0.0,46170,1.0,7
2021,198.0,0.0,46170,1.0,7
2021,198.0,0.0,46170,1.0,7
2021,198.0,0.0,46170,1.0,7
2021,198.0,0.0,46170,1.0,7
2021,198.0,0.0,46170,1.0,7
2021,198.0,0.0,46170,1.0,7
2021,198.0,0.0,46170,4.0,7
2021,198.0,0.0,46170,3.0,7
2021,198.0,0.0,46170,1.0,7
2021,198.0,0.0,46170,1.0,7
2021,198.0,0.0,46170,2.0,7
2021,198.0,0.0,46170,1.0,7
2021,198.0,0.0,46170,1.0,7
2021,198.0,0.0,46170,1.0,7
2021,198.0,0.0,46170,1.0,7
2021,198.0,0.0,46170,1.0,7
2021,198.0,0.0,46170,1.0,7
2021,198.0,0.0,46170,1.0,7
2021,198.0,0.0,46170,1.0,7
2021,198.0,0.0,46170,1.0,7
2021,198.0,0.0,46170,1.0,7
2021,198.0,0.0,46170,1.0,7
2021,198.0,0.0,46170,1.0,7
2021,198.0,0.0,46170,4.0,7
2021,198.0,0.0,46170,1.0,7
2021,198.0,0.0,46170,1.0,7
2021,198.0,0.0,46170,1.0,7
2021,198.0,0.0,46170,1.0,7
2021,198.0,0.0,46170,2.0,7
2021,198.0,0.0,46170,1.0,7
2021,198.0,0.0,46170,1.0,7
2021,198.0,0.0,46170,1.0,7
2021,198.0,0.0,46170,1.0,7
2021,198.0,0.0,46170,1.0,7
2021,198.0,0.0,46170,1.0,7
2021,198.0,0.0,46170,1.0,7
2021,198.0,0.0,46170,1.0,7
2021,198.0,0.0,46170,2.0,7
2021,198.0,0.0,46170,1.0,7
2021,198.0,0.0,46170,1.0,7
2021,198.0,0.0,46170,4.0,7
2021,198.0,0.0,46170,1.0,7
2021,198.0,0.0,46170,1.0,7
2021,198.0,0.0,46170,1.0,7
2021,198.0,0.0,46170,2.0,7
2021,198.0,0.0,46170,1.0,7
2021,198.0,0.0,46170,3.0,7
2021,198.0,0.0,46170,1.0,7
2021,198.0,0.0,46170,1.0,7
