SIGUNGU,FLOOD_YEAR,FLOOD_MONTH,FLOOD_AREA,RAIN_TOTAL,DRAINAGE_GRD,PUMP_CNT,RIV_GRD,RIV_DIS_MIN,RIV_DIS_GRD
48220,2016,10,44985.66,194.0,1,4,3,206.280272540428,4
48220,2016,10,44985.66,194.0,1,4,3,196.905242165914,4
48220,2016,10,44985.66,194.0,1,4,2,826.648898857144,2
48220,2016,10,44985.66,194.0,1,4,2,741.169158266028,2
48220,2016,10,44985.66,194.0,1,4,2,556.730672003048,3
48220,2016,10,44985.66,194.0,1,4,3,445.424588155901,3
48220,2016,10,44985.66,194.0,1,4,3,486.779959850489,3
48220,2016,10,44985.66,194.0,1,4,3,423.20375778295,3
48220,2016,10,44985.66,194.0,1,4,2,316.015980147767,3
48220,2016,10,44985.66,194.0,1,4,3,847.33335344003,2
48220,2016,10,44985.66,194.0,1,4,3,775.70058227942,2
48220,2016,10,44985.66,194.0,1,4,3,240.031686483017,4
48220,2016,10,44985.66,194.0,1,4,2,1039.32707845325,2
48220,2016,10,44985.66,194.0,1,4,3,301.65126570727,3
48220,2016,10,44985.66,194.0,1,4,3,197.26977441281,4
48220,2016,10,44985.66,194.0,1,4,3,99.1167280136787,5
48220,2016,9,19736.8,543.3,1,4,3,206.280272540428,4
48220,2016,9,19736.8,543.3,1,4,3,196.905242165914,4
48220,2016,9,19736.8,543.3,1,4,2,826.648898857144,2
48220,2016,9,19736.8,543.3,1,4,2,741.169158266028,2
48220,2016,9,19736.8,543.3,1,4,2,556.730672003048,3
48220,2016,9,19736.8,543.3,1,4,3,445.424588155901,3
48220,2016,9,19736.8,543.3,1,4,3,486.779959850489,3
48220,2016,9,19736.8,543.3,1,4,3,423.20375778295,3
48220,2016,9,19736.8,543.3,1,4,2,316.015980147767,3
48220,2016,9,19736.8,543.3,1,4,3,847.33335344003,2
48220,2016,9,19736.8,543.3,1,4,3,775.70058227942,2
48220,2016,9,19736.8,543.3,1,4,3,240.031686483017,4
48220,2016,9,19736.8,543.3,1,4,2,1039.32707845325,2
48220,2016,9,19736.8,543.3,1,4,3,301.65126570727,3
48220,2016,9,19736.8,543.3,1,4,3,197.26977441281,4
48220,2016,9,19736.8,543.3,1,4,3,99.1167280136787,5
48220,2018,9,13897.41,529.4,1,4,3,206.280272540428,4
48220,2018,9,13897.41,529.4,1,4,3,196.905242165914,4
48220,2018,9,13897.41,529.4,1,4,2,826.648898857144,2
48220,2018,9,13897.41,529.4,1,4,2,741.169158266028,2
48220,2018,9,13897.41,529.4,1,4,2,556.730672003048,3
48220,2018,9,13897.41,529.4,1,4,3,445.424588155901,3
48220,2018,9,13897.41,529.4,1,4,3,486.779959850489,3
48220,2018,9,13897.41,529.4,1,4,3,423.20375778295,3
48220,2018,9,13897.41,529.4,1,4,2,316.015980147767,3
48220,2018,9,13897.41,529.4,1,4,3,847.33335344003,2
48220,2018,9,13897.41,529.4,1,4,3,775.70058227942,2
48220,2018,9,13897.41,529.4,1,4,3,240.031686483017,4
48220,2018,9,13897.41,529.4,1,4,2,1039.32707845325,2
48220,2018,9,13897.41,529.4,1,4,3,301.65126570727,3
48220,2018,9,13897.41,529.4,1,4,3,197.26977441281,4
48220,2018,9,13897.41,529.4,1,4,3,99.1167280136787,5
48220,2018,9,6338.549,529.4,1,4,3,206.280272540428,4
48220,2018,9,6338.549,529.4,1,4,3,196.905242165914,4
48220,2018,9,6338.549,529.4,1,4,2,826.648898857144,2
48220,2018,9,6338.549,529.4,1,4,2,741.169158266028,2
48220,2018,9,6338.549,529.4,1,4,2,556.730672003048,3
48220,2018,9,6338.549,529.4,1,4,3,445.424588155901,3
48220,2018,9,6338.549,529.4,1,4,3,486.779959850489,3
48220,2018,9,6338.549,529.4,1,4,3,423.20375778295,3
48220,2018,9,6338.549,529.4,1,4,2,316.015980147767,3
48220,2018,9,6338.549,529.4,1,4,3,847.33335344003,2
48220,2018,9,6338.549,529.4,1,4,3,775.70058227942,2
48220,2018,9,6338.549,529.4,1,4,3,240.031686483017,4
48220,2018,9,6338.549,529.4,1,4,2,1039.32707845325,2
48220,2018,9,6338.549,529.4,1,4,3,301.65126570727,3
48220,2018,9,6338.549,529.4,1,4,3,197.26977441281,4
48220,2018,9,6338.549,529.4,1,4,3,99.1167280136787,5
48220,2018,9,20767.83,529.4,1,4,3,206.280272540428,4
48220,2018,9,20767.83,529.4,1,4,3,196.905242165914,4
48220,2018,9,20767.83,529.4,1,4,2,826.648898857144,2
48220,2018,9,20767.83,529.4,1,4,2,741.169158266028,2
48220,2018,9,20767.83,529.4,1,4,2,556.730672003048,3
48220,2018,9,20767.83,529.4,1,4,3,445.424588155901,3
48220,2018,9,20767.83,529.4,1,4,3,486.779959850489,3
48220,2018,9,20767.83,529.4,1,4,3,423.20375778295,3
48220,2018,9,20767.83,529.4,1,4,2,316.015980147767,3
48220,2018,9,20767.83,529.4,1,4,3,847.33335344003,2
48220,2018,9,20767.83,529.4,1,4,3,775.70058227942,2
48220,2018,9,20767.83,529.4,1,4,3,240.031686483017,4
48220,2018,9,20767.83,529.4,1,4,2,1039.32707845325,2
48220,2018,9,20767.83,529.4,1,4,3,301.65126570727,3
48220,2018,9,20767.83,529.4,1,4,3,197.26977441281,4
48220,2018,9,20767.83,529.4,1,4,3,99.1167280136787,5
48220,2018,9,8159.745,529.4,1,4,3,206.280272540428,4
48220,2018,9,8159.745,529.4,1,4,3,196.905242165914,4
48220,2018,9,8159.745,529.4,1,4,2,826.648898857144,2
48220,2018,9,8159.745,529.4,1,4,2,741.169158266028,2
48220,2018,9,8159.745,529.4,1,4,2,556.730672003048,3
48220,2018,9,8159.745,529.4,1,4,3,445.424588155901,3
48220,2018,9,8159.745,529.4,1,4,3,486.779959850489,3
48220,2018,9,8159.745,529.4,1,4,3,423.20375778295,3
48220,2018,9,8159.745,529.4,1,4,2,316.015980147767,3
48220,2018,9,8159.745,529.4,1,4,3,847.33335344003,2
48220,2018,9,8159.745,529.4,1,4,3,775.70058227942,2
48220,2018,9,8159.745,529.4,1,4,3,240.031686483017,4
48220,2018,9,8159.745,529.4,1,4,2,1039.32707845325,2
48220,2018,9,8159.745,529.4,1,4,3,301.65126570727,3
48220,2018,9,8159.745,529.4,1,4,3,197.26977441281,4
48220,2018,9,8159.745,529.4,1,4,3,99.1167280136787,5
48220,2019,10,10042.6,223.9,1,4,3,206.280272540428,4
48220,2019,10,10042.6,223.9,1,4,3,196.905242165914,4
48220,2019,10,10042.6,223.9,1,4,2,826.648898857144,2
48220,2019,10,10042.6,223.9,1,4,2,741.169158266028,2
48220,2019,10,10042.6,223.9,1,4,2,556.730672003048,3
48220,2019,10,10042.6,223.9,1,4,3,445.424588155901,3
48220,2019,10,10042.6,223.9,1,4,3,486.779959850489,3
48220,2019,10,10042.6,223.9,1,4,3,423.20375778295,3
48220,2019,10,10042.6,223.9,1,4,2,316.015980147767,3
48220,2019,10,10042.6,223.9,1,4,3,847.33335344003,2
48220,2019,10,10042.6,223.9,1,4,3,775.70058227942,2
48220,2019,10,10042.6,223.9,1,4,3,240.031686483017,4
48220,2019,10,10042.6,223.9,1,4,2,1039.32707845325,2
48220,2019,10,10042.6,223.9,1,4,3,301.65126570727,3
48220,2019,10,10042.6,223.9,1,4,3,197.26977441281,4
48220,2019,10,10042.6,223.9,1,4,3,99.1167280136787,5
46820,2019,8,8032.879,205.2,2,9,3,449.856986131079,3
46820,2019,8,8032.879,205.2,2,9,3,462.025532906977,3
46820,2019,8,8032.879,205.2,2,9,3,461.776144513089,3
46820,2019,8,8032.879,205.2,2,9,3,2151.67308215509,1
46820,2019,8,8032.879,205.2,2,9,3,1774.98692471158,1
46820,2019,8,8032.879,205.2,2,9,3,813.20354079557,2
46820,2019,8,8032.879,205.2,2,9,3,419.321599242127,3
46820,2019,8,8032.879,205.2,2,9,3,171.352603275501,4
46820,2019,8,8032.879,205.2,2,9,3,1494.19705189604,2
46820,2019,8,8032.879,205.2,2,9,3,1498.23792439751,2
46820,2019,8,8032.879,205.2,2,9,3,1470.15824573991,2
46820,2019,8,8032.879,205.2,2,9,3,1290.57341087508,2
46820,2019,8,60550.793,205.2,2,9,3,449.856986131079,3
46820,2019,8,60550.793,205.2,2,9,3,462.025532906977,3
46820,2019,8,60550.793,205.2,2,9,3,461.776144513089,3
46820,2019,8,60550.793,205.2,2,9,3,2151.67308215509,1
46820,2019,8,60550.793,205.2,2,9,3,1774.98692471158,1
46820,2019,8,60550.793,205.2,2,9,3,813.20354079557,2
46820,2019,8,60550.793,205.2,2,9,3,419.321599242127,3
46820,2019,8,60550.793,205.2,2,9,3,171.352603275501,4
46820,2019,8,60550.793,205.2,2,9,3,1494.19705189604,2
46820,2019,8,60550.793,205.2,2,9,3,1498.23792439751,2
46820,2019,8,60550.793,205.2,2,9,3,1470.15824573991,2
46820,2019,8,60550.793,205.2,2,9,3,1290.57341087508,2
46820,2019,8,11294.952,205.2,2,9,3,449.856986131079,3
46820,2019,8,11294.952,205.2,2,9,3,462.025532906977,3
46820,2019,8,11294.952,205.2,2,9,3,461.776144513089,3
46820,2019,8,11294.952,205.2,2,9,3,2151.67308215509,1
46820,2019,8,11294.952,205.2,2,9,3,1774.98692471158,1
46820,2019,8,11294.952,205.2,2,9,3,813.20354079557,2
46820,2019,8,11294.952,205.2,2,9,3,419.321599242127,3
46820,2019,8,11294.952,205.2,2,9,3,171.352603275501,4
46820,2019,8,11294.952,205.2,2,9,3,1494.19705189604,2
46820,2019,8,11294.952,205.2,2,9,3,1498.23792439751,2
46820,2019,8,11294.952,205.2,2,9,3,1470.15824573991,2
46820,2019,8,11294.952,205.2,2,9,3,1290.57341087508,2
46820,2019,8,21636.436,205.2,2,9,3,449.856986131079,3
46820,2019,8,21636.436,205.2,2,9,3,462.025532906977,3
46820,2019,8,21636.436,205.2,2,9,3,461.776144513089,3
46820,2019,8,21636.436,205.2,2,9,3,2151.67308215509,1
46820,2019,8,21636.436,205.2,2,9,3,1774.98692471158,1
46820,2019,8,21636.436,205.2,2,9,3,813.20354079557,2
46820,2019,8,21636.436,205.2,2,9,3,419.321599242127,3
46820,2019,8,21636.436,205.2,2,9,3,171.352603275501,4
46820,2019,8,21636.436,205.2,2,9,3,1494.19705189604,2
46820,2019,8,21636.436,205.2,2,9,3,1498.23792439751,2
46820,2019,8,21636.436,205.2,2,9,3,1470.15824573991,2
46820,2019,8,21636.436,205.2,2,9,3,1290.57341087508,2
46820,2019,8,44848.24,205.2,2,9,3,449.856986131079,3
46820,2019,8,44848.24,205.2,2,9,3,462.025532906977,3
46820,2019,8,44848.24,205.2,2,9,3,461.776144513089,3
46820,2019,8,44848.24,205.2,2,9,3,2151.67308215509,1
46820,2019,8,44848.24,205.2,2,9,3,1774.98692471158,1
46820,2019,8,44848.24,205.2,2,9,3,813.20354079557,2
46820,2019,8,44848.24,205.2,2,9,3,419.321599242127,3
46820,2019,8,44848.24,205.2,2,9,3,171.352603275501,4
46820,2019,8,44848.24,205.2,2,9,3,1494.19705189604,2
46820,2019,8,44848.24,205.2,2,9,3,1498.23792439751,2
46820,2019,8,44848.24,205.2,2,9,3,1470.15824573991,2
46820,2019,8,44848.24,205.2,2,9,3,1290.57341087508,2
46820,2019,8,34111.266,205.2,2,9,3,449.856986131079,3
46820,2019,8,34111.266,205.2,2,9,3,462.025532906977,3
46820,2019,8,34111.266,205.2,2,9,3,461.776144513089,3
46820,2019,8,34111.266,205.2,2,9,3,2151.67308215509,1
46820,2019,8,34111.266,205.2,2,9,3,1774.98692471158,1
46820,2019,8,34111.266,205.2,2,9,3,813.20354079557,2
46820,2019,8,34111.266,205.2,2,9,3,419.321599242127,3
46820,2019,8,34111.266,205.2,2,9,3,171.352603275501,4
46820,2019,8,34111.266,205.2,2,9,3,1494.19705189604,2
46820,2019,8,34111.266,205.2,2,9,3,1498.23792439751,2
46820,2019,8,34111.266,205.2,2,9,3,1470.15824573991,2
46820,2019,8,34111.266,205.2,2,9,3,1290.57341087508,2
46820,2019,8,56513.637,205.2,2,9,3,449.856986131079,3
46820,2019,8,56513.637,205.2,2,9,3,462.025532906977,3
46820,2019,8,56513.637,205.2,2,9,3,461.776144513089,3
46820,2019,8,56513.637,205.2,2,9,3,2151.67308215509,1
46820,2019,8,56513.637,205.2,2,9,3,1774.98692471158,1
46820,2019,8,56513.637,205.2,2,9,3,813.20354079557,2
46820,2019,8,56513.637,205.2,2,9,3,419.321599242127,3
46820,2019,8,56513.637,205.2,2,9,3,171.352603275501,4
46820,2019,8,56513.637,205.2,2,9,3,1494.19705189604,2
46820,2019,8,56513.637,205.2,2,9,3,1498.23792439751,2
46820,2019,8,56513.637,205.2,2,9,3,1470.15824573991,2
46820,2019,8,56513.637,205.2,2,9,3,1290.57341087508,2
46820,2019,8,20065.86,205.2,2,9,3,449.856986131079,3
46820,2019,8,20065.86,205.2,2,9,3,462.025532906977,3
46820,2019,8,20065.86,205.2,2,9,3,461.776144513089,3
46820,2019,8,20065.86,205.2,2,9,3,2151.67308215509,1
46820,2019,8,20065.86,205.2,2,9,3,1774.98692471158,1
46820,2019,8,20065.86,205.2,2,9,3,813.20354079557,2
46820,2019,8,20065.86,205.2,2,9,3,419.321599242127,3
46820,2019,8,20065.86,205.2,2,9,3,171.352603275501,4
46820,2019,8,20065.86,205.2,2,9,3,1494.19705189604,2
46820,2019,8,20065.86,205.2,2,9,3,1498.23792439751,2
46820,2019,8,20065.86,205.2,2,9,3,1470.15824573991,2
46820,2019,8,20065.86,205.2,2,9,3,1290.57341087508,2
46820,2019,8,38441.312,205.2,2,9,3,449.856986131079,3
46820,2019,8,38441.312,205.2,2,9,3,462.025532906977,3
46820,2019,8,38441.312,205.2,2,9,3,461.776144513089,3
46820,2019,8,38441.312,205.2,2,9,3,2151.67308215509,1
46820,2019,8,38441.312,205.2,2,9,3,1774.98692471158,1
46820,2019,8,38441.312,205.2,2,9,3,813.20354079557,2
46820,2019,8,38441.312,205.2,2,9,3,419.321599242127,3
46820,2019,8,38441.312,205.2,2,9,3,171.352603275501,4
46820,2019,8,38441.312,205.2,2,9,3,1494.19705189604,2
46820,2019,8,38441.312,205.2,2,9,3,1498.23792439751,2
46820,2019,8,38441.312,205.2,2,9,3,1470.15824573991,2
46820,2019,8,38441.312,205.2,2,9,3,1290.57341087508,2
46820,2019,8,7368.018,205.2,2,9,3,449.856986131079,3
46820,2019,8,7368.018,205.2,2,9,3,462.025532906977,3
46820,2019,8,7368.018,205.2,2,9,3,461.776144513089,3
46820,2019,8,7368.018,205.2,2,9,3,2151.67308215509,1
46820,2019,8,7368.018,205.2,2,9,3,1774.98692471158,1
46820,2019,8,7368.018,205.2,2,9,3,813.20354079557,2
46820,2019,8,7368.018,205.2,2,9,3,419.321599242127,3
46820,2019,8,7368.018,205.2,2,9,3,171.352603275501,4
46820,2019,8,7368.018,205.2,2,9,3,1494.19705189604,2
46820,2019,8,7368.018,205.2,2,9,3,1498.23792439751,2
46820,2019,8,7368.018,205.2,2,9,3,1470.15824573991,2
46820,2019,8,7368.018,205.2,2,9,3,1290.57341087508,2
46820,2019,8,34717.863,205.2,2,9,3,449.856986131079,3
46820,2019,8,34717.863,205.2,2,9,3,462.025532906977,3
46820,2019,8,34717.863,205.2,2,9,3,461.776144513089,3
46820,2019,8,34717.863,205.2,2,9,3,2151.67308215509,1
46820,2019,8,34717.863,205.2,2,9,3,1774.98692471158,1
46820,2019,8,34717.863,205.2,2,9,3,813.20354079557,2
46820,2019,8,34717.863,205.2,2,9,3,419.321599242127,3
46820,2019,8,34717.863,205.2,2,9,3,171.352603275501,4
46820,2019,8,34717.863,205.2,2,9,3,1494.19705189604,2
46820,2019,8,34717.863,205.2,2,9,3,1498.23792439751,2
46820,2019,8,34717.863,205.2,2,9,3,1470.15824573991,2
46820,2019,8,34717.863,205.2,2,9,3,1290.57341087508,2
46820,2019,8,8400.565,205.2,2,9,3,449.856986131079,3
46820,2019,8,8400.565,205.2,2,9,3,462.025532906977,3
46820,2019,8,8400.565,205.2,2,9,3,461.776144513089,3
46820,2019,8,8400.565,205.2,2,9,3,2151.67308215509,1
46820,2019,8,8400.565,205.2,2,9,3,1774.98692471158,1
46820,2019,8,8400.565,205.2,2,9,3,813.20354079557,2
46820,2019,8,8400.565,205.2,2,9,3,419.321599242127,3
46820,2019,8,8400.565,205.2,2,9,3,171.352603275501,4
46820,2019,8,8400.565,205.2,2,9,3,1494.19705189604,2
46820,2019,8,8400.565,205.2,2,9,3,1498.23792439751,2
46820,2019,8,8400.565,205.2,2,9,3,1470.15824573991,2
46820,2019,8,8400.565,205.2,2,9,3,1290.57341087508,2
46820,2019,8,37160.594,205.2,2,9,3,449.856986131079,3
46820,2019,8,37160.594,205.2,2,9,3,462.025532906977,3
46820,2019,8,37160.594,205.2,2,9,3,461.776144513089,3
46820,2019,8,37160.594,205.2,2,9,3,2151.67308215509,1
46820,2019,8,37160.594,205.2,2,9,3,1774.98692471158,1
46820,2019,8,37160.594,205.2,2,9,3,813.20354079557,2
46820,2019,8,37160.594,205.2,2,9,3,419.321599242127,3
46820,2019,8,37160.594,205.2,2,9,3,171.352603275501,4
46820,2019,8,37160.594,205.2,2,9,3,1494.19705189604,2
46820,2019,8,37160.594,205.2,2,9,3,1498.23792439751,2
46820,2019,8,37160.594,205.2,2,9,3,1470.15824573991,2
46820,2019,8,37160.594,205.2,2,9,3,1290.57341087508,2
46820,2019,8,8923.143,205.2,2,9,3,449.856986131079,3
46820,2019,8,8923.143,205.2,2,9,3,462.025532906977,3
46820,2019,8,8923.143,205.2,2,9,3,461.776144513089,3
46820,2019,8,8923.143,205.2,2,9,3,2151.67308215509,1
46820,2019,8,8923.143,205.2,2,9,3,1774.98692471158,1
46820,2019,8,8923.143,205.2,2,9,3,813.20354079557,2
46820,2019,8,8923.143,205.2,2,9,3,419.321599242127,3
46820,2019,8,8923.143,205.2,2,9,3,171.352603275501,4
46820,2019,8,8923.143,205.2,2,9,3,1494.19705189604,2
46820,2019,8,8923.143,205.2,2,9,3,1498.23792439751,2
46820,2019,8,8923.143,205.2,2,9,3,1470.15824573991,2
46820,2019,8,8923.143,205.2,2,9,3,1290.57341087508,2
46820,2019,8,16700.236,205.2,2,9,3,449.856986131079,3
46820,2019,8,16700.236,205.2,2,9,3,462.025532906977,3
46820,2019,8,16700.236,205.2,2,9,3,461.776144513089,3
46820,2019,8,16700.236,205.2,2,9,3,2151.67308215509,1
46820,2019,8,16700.236,205.2,2,9,3,1774.98692471158,1
46820,2019,8,16700.236,205.2,2,9,3,813.20354079557,2
46820,2019,8,16700.236,205.2,2,9,3,419.321599242127,3
46820,2019,8,16700.236,205.2,2,9,3,171.352603275501,4
46820,2019,8,16700.236,205.2,2,9,3,1494.19705189604,2
46820,2019,8,16700.236,205.2,2,9,3,1498.23792439751,2
46820,2019,8,16700.236,205.2,2,9,3,1470.15824573991,2
46820,2019,8,16700.236,205.2,2,9,3,1290.57341087508,2
46820,2019,8,45217.03,205.2,2,9,3,449.856986131079,3
46820,2019,8,45217.03,205.2,2,9,3,462.025532906977,3
46820,2019,8,45217.03,205.2,2,9,3,461.776144513089,3
46820,2019,8,45217.03,205.2,2,9,3,2151.67308215509,1
46820,2019,8,45217.03,205.2,2,9,3,1774.98692471158,1
46820,2019,8,45217.03,205.2,2,9,3,813.20354079557,2
46820,2019,8,45217.03,205.2,2,9,3,419.321599242127,3
46820,2019,8,45217.03,205.2,2,9,3,171.352603275501,4
46820,2019,8,45217.03,205.2,2,9,3,1494.19705189604,2
46820,2019,8,45217.03,205.2,2,9,3,1498.23792439751,2
46820,2019,8,45217.03,205.2,2,9,3,1470.15824573991,2
46820,2019,8,45217.03,205.2,2,9,3,1290.57341087508,2
46820,2019,8,35910.406,205.2,2,9,3,449.856986131079,3
46820,2019,8,35910.406,205.2,2,9,3,462.025532906977,3
46820,2019,8,35910.406,205.2,2,9,3,461.776144513089,3
46820,2019,8,35910.406,205.2,2,9,3,2151.67308215509,1
46820,2019,8,35910.406,205.2,2,9,3,1774.98692471158,1
46820,2019,8,35910.406,205.2,2,9,3,813.20354079557,2
46820,2019,8,35910.406,205.2,2,9,3,419.321599242127,3
46820,2019,8,35910.406,205.2,2,9,3,171.352603275501,4
46820,2019,8,35910.406,205.2,2,9,3,1494.19705189604,2
46820,2019,8,35910.406,205.2,2,9,3,1498.23792439751,2
46820,2019,8,35910.406,205.2,2,9,3,1470.15824573991,2
46820,2019,8,35910.406,205.2,2,9,3,1290.57341087508,2
46820,2019,8,76322.484,205.2,2,9,3,449.856986131079,3
46820,2019,8,76322.484,205.2,2,9,3,462.025532906977,3
46820,2019,8,76322.484,205.2,2,9,3,461.776144513089,3
46820,2019,8,76322.484,205.2,2,9,3,2151.67308215509,1
46820,2019,8,76322.484,205.2,2,9,3,1774.98692471158,1
46820,2019,8,76322.484,205.2,2,9,3,813.20354079557,2
46820,2019,8,76322.484,205.2,2,9,3,419.321599242127,3
46820,2019,8,76322.484,205.2,2,9,3,171.352603275501,4
46820,2019,8,76322.484,205.2,2,9,3,1494.19705189604,2
46820,2019,8,76322.484,205.2,2,9,3,1498.23792439751,2
46820,2019,8,76322.484,205.2,2,9,3,1470.15824573991,2
46820,2019,8,76322.484,205.2,2,9,3,1290.57341087508,2
46820,2019,8,185964.86,205.2,2,9,3,449.856986131079,3
46820,2019,8,185964.86,205.2,2,9,3,462.025532906977,3
46820,2019,8,185964.86,205.2,2,9,3,461.776144513089,3
46820,2019,8,185964.86,205.2,2,9,3,2151.67308215509,1
46820,2019,8,185964.86,205.2,2,9,3,1774.98692471158,1
46820,2019,8,185964.86,205.2,2,9,3,813.20354079557,2
46820,2019,8,185964.86,205.2,2,9,3,419.321599242127,3
46820,2019,8,185964.86,205.2,2,9,3,171.352603275501,4
46820,2019,8,185964.86,205.2,2,9,3,1494.19705189604,2
46820,2019,8,185964.86,205.2,2,9,3,1498.23792439751,2
46820,2019,8,185964.86,205.2,2,9,3,1470.15824573991,2
46820,2019,8,185964.86,205.2,2,9,3,1290.57341087508,2
46820,2019,8,51595.95,205.2,2,9,3,449.856986131079,3
46820,2019,8,51595.95,205.2,2,9,3,462.025532906977,3
46820,2019,8,51595.95,205.2,2,9,3,461.776144513089,3
46820,2019,8,51595.95,205.2,2,9,3,2151.67308215509,1
46820,2019,8,51595.95,205.2,2,9,3,1774.98692471158,1
46820,2019,8,51595.95,205.2,2,9,3,813.20354079557,2
46820,2019,8,51595.95,205.2,2,9,3,419.321599242127,3
46820,2019,8,51595.95,205.2,2,9,3,171.352603275501,4
46820,2019,8,51595.95,205.2,2,9,3,1494.19705189604,2
46820,2019,8,51595.95,205.2,2,9,3,1498.23792439751,2
46820,2019,8,51595.95,205.2,2,9,3,1470.15824573991,2
46820,2019,8,51595.95,205.2,2,9,3,1290.57341087508,2
46820,2019,8,24030.182,205.2,2,9,3,449.856986131079,3
46820,2019,8,24030.182,205.2,2,9,3,462.025532906977,3
46820,2019,8,24030.182,205.2,2,9,3,461.776144513089,3
46820,2019,8,24030.182,205.2,2,9,3,2151.67308215509,1
46820,2019,8,24030.182,205.2,2,9,3,1774.98692471158,1
46820,2019,8,24030.182,205.2,2,9,3,813.20354079557,2
46820,2019,8,24030.182,205.2,2,9,3,419.321599242127,3
46820,2019,8,24030.182,205.2,2,9,3,171.352603275501,4
46820,2019,8,24030.182,205.2,2,9,3,1494.19705189604,2
46820,2019,8,24030.182,205.2,2,9,3,1498.23792439751,2
46820,2019,8,24030.182,205.2,2,9,3,1470.15824573991,2
46820,2019,8,24030.182,205.2,2,9,3,1290.57341087508,2
46820,2019,8,31025.1,205.2,2,9,3,449.856986131079,3
46820,2019,8,31025.1,205.2,2,9,3,462.025532906977,3
46820,2019,8,31025.1,205.2,2,9,3,461.776144513089,3
46820,2019,8,31025.1,205.2,2,9,3,2151.67308215509,1
46820,2019,8,31025.1,205.2,2,9,3,1774.98692471158,1
46820,2019,8,31025.1,205.2,2,9,3,813.20354079557,2
46820,2019,8,31025.1,205.2,2,9,3,419.321599242127,3
46820,2019,8,31025.1,205.2,2,9,3,171.352603275501,4
46820,2019,8,31025.1,205.2,2,9,3,1494.19705189604,2
46820,2019,8,31025.1,205.2,2,9,3,1498.23792439751,2
46820,2019,8,31025.1,205.2,2,9,3,1470.15824573991,2
46820,2019,8,31025.1,205.2,2,9,3,1290.57341087508,2
46820,2019,8,24433.93,205.2,2,9,3,449.856986131079,3
46820,2019,8,24433.93,205.2,2,9,3,462.025532906977,3
46820,2019,8,24433.93,205.2,2,9,3,461.776144513089,3
46820,2019,8,24433.93,205.2,2,9,3,2151.67308215509,1
46820,2019,8,24433.93,205.2,2,9,3,1774.98692471158,1
46820,2019,8,24433.93,205.2,2,9,3,813.20354079557,2
46820,2019,8,24433.93,205.2,2,9,3,419.321599242127,3
46820,2019,8,24433.93,205.2,2,9,3,171.352603275501,4
46820,2019,8,24433.93,205.2,2,9,3,1494.19705189604,2
46820,2019,8,24433.93,205.2,2,9,3,1498.23792439751,2
46820,2019,8,24433.93,205.2,2,9,3,1470.15824573991,2
46820,2019,8,24433.93,205.2,2,9,3,1290.57341087508,2
46820,2019,8,23279.156,205.2,2,9,3,449.856986131079,3
46820,2019,8,23279.156,205.2,2,9,3,462.025532906977,3
46820,2019,8,23279.156,205.2,2,9,3,461.776144513089,3
46820,2019,8,23279.156,205.2,2,9,3,2151.67308215509,1
46820,2019,8,23279.156,205.2,2,9,3,1774.98692471158,1
46820,2019,8,23279.156,205.2,2,9,3,813.20354079557,2
46820,2019,8,23279.156,205.2,2,9,3,419.321599242127,3
46820,2019,8,23279.156,205.2,2,9,3,171.352603275501,4
46820,2019,8,23279.156,205.2,2,9,3,1494.19705189604,2
46820,2019,8,23279.156,205.2,2,9,3,1498.23792439751,2
46820,2019,8,23279.156,205.2,2,9,3,1470.15824573991,2
46820,2019,8,23279.156,205.2,2,9,3,1290.57341087508,2
46820,2019,8,22247.76,205.2,2,9,3,449.856986131079,3
46820,2019,8,22247.76,205.2,2,9,3,462.025532906977,3
46820,2019,8,22247.76,205.2,2,9,3,461.776144513089,3
46820,2019,8,22247.76,205.2,2,9,3,2151.67308215509,1
46820,2019,8,22247.76,205.2,2,9,3,1774.98692471158,1
46820,2019,8,22247.76,205.2,2,9,3,813.20354079557,2
46820,2019,8,22247.76,205.2,2,9,3,419.321599242127,3
46820,2019,8,22247.76,205.2,2,9,3,171.352603275501,4
46820,2019,8,22247.76,205.2,2,9,3,1494.19705189604,2
46820,2019,8,22247.76,205.2,2,9,3,1498.23792439751,2
46820,2019,8,22247.76,205.2,2,9,3,1470.15824573991,2
46820,2019,8,22247.76,205.2,2,9,3,1290.57341087508,2
46820,2019,8,43695.8,205.2,2,9,3,449.856986131079,3
46820,2019,8,43695.8,205.2,2,9,3,462.025532906977,3
46820,2019,8,43695.8,205.2,2,9,3,461.776144513089,3
46820,2019,8,43695.8,205.2,2,9,3,2151.67308215509,1
46820,2019,8,43695.8,205.2,2,9,3,1774.98692471158,1
46820,2019,8,43695.8,205.2,2,9,3,813.20354079557,2
46820,2019,8,43695.8,205.2,2,9,3,419.321599242127,3
46820,2019,8,43695.8,205.2,2,9,3,171.352603275501,4
46820,2019,8,43695.8,205.2,2,9,3,1494.19705189604,2
46820,2019,8,43695.8,205.2,2,9,3,1498.23792439751,2
46820,2019,8,43695.8,205.2,2,9,3,1470.15824573991,2
46820,2019,8,43695.8,205.2,2,9,3,1290.57341087508,2
46820,2019,8,39545.527,205.2,2,9,3,449.856986131079,3
46820,2019,8,39545.527,205.2,2,9,3,462.025532906977,3
46820,2019,8,39545.527,205.2,2,9,3,461.776144513089,3
46820,2019,8,39545.527,205.2,2,9,3,2151.67308215509,1
46820,2019,8,39545.527,205.2,2,9,3,1774.98692471158,1
46820,2019,8,39545.527,205.2,2,9,3,813.20354079557,2
46820,2019,8,39545.527,205.2,2,9,3,419.321599242127,3
46820,2019,8,39545.527,205.2,2,9,3,171.352603275501,4
46820,2019,8,39545.527,205.2,2,9,3,1494.19705189604,2
46820,2019,8,39545.527,205.2,2,9,3,1498.23792439751,2
46820,2019,8,39545.527,205.2,2,9,3,1470.15824573991,2
46820,2019,8,39545.527,205.2,2,9,3,1290.57341087508,2
46820,2019,8,16149.197,205.2,2,9,3,449.856986131079,3
46820,2019,8,16149.197,205.2,2,9,3,462.025532906977,3
46820,2019,8,16149.197,205.2,2,9,3,461.776144513089,3
46820,2019,8,16149.197,205.2,2,9,3,2151.67308215509,1
46820,2019,8,16149.197,205.2,2,9,3,1774.98692471158,1
46820,2019,8,16149.197,205.2,2,9,3,813.20354079557,2
46820,2019,8,16149.197,205.2,2,9,3,419.321599242127,3
46820,2019,8,16149.197,205.2,2,9,3,171.352603275501,4
46820,2019,8,16149.197,205.2,2,9,3,1494.19705189604,2
46820,2019,8,16149.197,205.2,2,9,3,1498.23792439751,2
46820,2019,8,16149.197,205.2,2,9,3,1470.15824573991,2
46820,2019,8,16149.197,205.2,2,9,3,1290.57341087508,2
46820,2019,8,4167.589,205.2,2,9,3,449.856986131079,3
46820,2019,8,4167.589,205.2,2,9,3,462.025532906977,3
46820,2019,8,4167.589,205.2,2,9,3,461.776144513089,3
46820,2019,8,4167.589,205.2,2,9,3,2151.67308215509,1
46820,2019,8,4167.589,205.2,2,9,3,1774.98692471158,1
46820,2019,8,4167.589,205.2,2,9,3,813.20354079557,2
46820,2019,8,4167.589,205.2,2,9,3,419.321599242127,3
46820,2019,8,4167.589,205.2,2,9,3,171.352603275501,4
46820,2019,8,4167.589,205.2,2,9,3,1494.19705189604,2
46820,2019,8,4167.589,205.2,2,9,3,1498.23792439751,2
46820,2019,8,4167.589,205.2,2,9,3,1470.15824573991,2
46820,2019,8,4167.589,205.2,2,9,3,1290.57341087508,2
46820,2019,8,31784.299,205.2,2,9,3,449.856986131079,3
46820,2019,8,31784.299,205.2,2,9,3,462.025532906977,3
46820,2019,8,31784.299,205.2,2,9,3,461.776144513089,3
46820,2019,8,31784.299,205.2,2,9,3,2151.67308215509,1
46820,2019,8,31784.299,205.2,2,9,3,1774.98692471158,1
46820,2019,8,31784.299,205.2,2,9,3,813.20354079557,2
46820,2019,8,31784.299,205.2,2,9,3,419.321599242127,3
46820,2019,8,31784.299,205.2,2,9,3,171.352603275501,4
46820,2019,8,31784.299,205.2,2,9,3,1494.19705189604,2
46820,2019,8,31784.299,205.2,2,9,3,1498.23792439751,2
46820,2019,8,31784.299,205.2,2,9,3,1470.15824573991,2
46820,2019,8,31784.299,205.2,2,9,3,1290.57341087508,2
46820,2019,8,27754.545,205.2,2,9,3,449.856986131079,3
46820,2019,8,27754.545,205.2,2,9,3,462.025532906977,3
46820,2019,8,27754.545,205.2,2,9,3,461.776144513089,3
46820,2019,8,27754.545,205.2,2,9,3,2151.67308215509,1
46820,2019,8,27754.545,205.2,2,9,3,1774.98692471158,1
46820,2019,8,27754.545,205.2,2,9,3,813.20354079557,2
46820,2019,8,27754.545,205.2,2,9,3,419.321599242127,3
46820,2019,8,27754.545,205.2,2,9,3,171.352603275501,4
46820,2019,8,27754.545,205.2,2,9,3,1494.19705189604,2
46820,2019,8,27754.545,205.2,2,9,3,1498.23792439751,2
46820,2019,8,27754.545,205.2,2,9,3,1470.15824573991,2
46820,2019,8,27754.545,205.2,2,9,3,1290.57341087508,2
46820,2019,8,26913.924,205.2,2,9,3,449.856986131079,3
46820,2019,8,26913.924,205.2,2,9,3,462.025532906977,3
46820,2019,8,26913.924,205.2,2,9,3,461.776144513089,3
46820,2019,8,26913.924,205.2,2,9,3,2151.67308215509,1
46820,2019,8,26913.924,205.2,2,9,3,1774.98692471158,1
46820,2019,8,26913.924,205.2,2,9,3,813.20354079557,2
46820,2019,8,26913.924,205.2,2,9,3,419.321599242127,3
46820,2019,8,26913.924,205.2,2,9,3,171.352603275501,4
46820,2019,8,26913.924,205.2,2,9,3,1494.19705189604,2
46820,2019,8,26913.924,205.2,2,9,3,1498.23792439751,2
46820,2019,8,26913.924,205.2,2,9,3,1470.15824573991,2
46820,2019,8,26913.924,205.2,2,9,3,1290.57341087508,2
46820,2019,8,8709.395,205.2,2,9,3,449.856986131079,3
46820,2019,8,8709.395,205.2,2,9,3,462.025532906977,3
46820,2019,8,8709.395,205.2,2,9,3,461.776144513089,3
46820,2019,8,8709.395,205.2,2,9,3,2151.67308215509,1
46820,2019,8,8709.395,205.2,2,9,3,1774.98692471158,1
46820,2019,8,8709.395,205.2,2,9,3,813.20354079557,2
46820,2019,8,8709.395,205.2,2,9,3,419.321599242127,3
46820,2019,8,8709.395,205.2,2,9,3,171.352603275501,4
46820,2019,8,8709.395,205.2,2,9,3,1494.19705189604,2
46820,2019,8,8709.395,205.2,2,9,3,1498.23792439751,2
46820,2019,8,8709.395,205.2,2,9,3,1470.15824573991,2
46820,2019,8,8709.395,205.2,2,9,3,1290.57341087508,2
46820,2019,8,7764.963,205.2,2,9,3,449.856986131079,3
46820,2019,8,7764.963,205.2,2,9,3,462.025532906977,3
46820,2019,8,7764.963,205.2,2,9,3,461.776144513089,3
46820,2019,8,7764.963,205.2,2,9,3,2151.67308215509,1
46820,2019,8,7764.963,205.2,2,9,3,1774.98692471158,1
46820,2019,8,7764.963,205.2,2,9,3,813.20354079557,2
46820,2019,8,7764.963,205.2,2,9,3,419.321599242127,3
46820,2019,8,7764.963,205.2,2,9,3,171.352603275501,4
46820,2019,8,7764.963,205.2,2,9,3,1494.19705189604,2
46820,2019,8,7764.963,205.2,2,9,3,1498.23792439751,2
46820,2019,8,7764.963,205.2,2,9,3,1470.15824573991,2
46820,2019,8,7764.963,205.2,2,9,3,1290.57341087508,2
46820,2019,8,19291.809,205.2,2,9,3,449.856986131079,3
46820,2019,8,19291.809,205.2,2,9,3,462.025532906977,3
46820,2019,8,19291.809,205.2,2,9,3,461.776144513089,3
46820,2019,8,19291.809,205.2,2,9,3,2151.67308215509,1
46820,2019,8,19291.809,205.2,2,9,3,1774.98692471158,1
46820,2019,8,19291.809,205.2,2,9,3,813.20354079557,2
46820,2019,8,19291.809,205.2,2,9,3,419.321599242127,3
46820,2019,8,19291.809,205.2,2,9,3,171.352603275501,4
46820,2019,8,19291.809,205.2,2,9,3,1494.19705189604,2
46820,2019,8,19291.809,205.2,2,9,3,1498.23792439751,2
46820,2019,8,19291.809,205.2,2,9,3,1470.15824573991,2
46820,2019,8,19291.809,205.2,2,9,3,1290.57341087508,2
46820,2019,8,21501.723,205.2,2,9,3,449.856986131079,3
46820,2019,8,21501.723,205.2,2,9,3,462.025532906977,3
46820,2019,8,21501.723,205.2,2,9,3,461.776144513089,3
46820,2019,8,21501.723,205.2,2,9,3,2151.67308215509,1
46820,2019,8,21501.723,205.2,2,9,3,1774.98692471158,1
46820,2019,8,21501.723,205.2,2,9,3,813.20354079557,2
46820,2019,8,21501.723,205.2,2,9,3,419.321599242127,3
46820,2019,8,21501.723,205.2,2,9,3,171.352603275501,4
46820,2019,8,21501.723,205.2,2,9,3,1494.19705189604,2
46820,2019,8,21501.723,205.2,2,9,3,1498.23792439751,2
46820,2019,8,21501.723,205.2,2,9,3,1470.15824573991,2
46820,2019,8,21501.723,205.2,2,9,3,1290.57341087508,2
46820,2019,8,34378.793,205.2,2,9,3,449.856986131079,3
46820,2019,8,34378.793,205.2,2,9,3,462.025532906977,3
46820,2019,8,34378.793,205.2,2,9,3,461.776144513089,3
46820,2019,8,34378.793,205.2,2,9,3,2151.67308215509,1
46820,2019,8,34378.793,205.2,2,9,3,1774.98692471158,1
46820,2019,8,34378.793,205.2,2,9,3,813.20354079557,2
46820,2019,8,34378.793,205.2,2,9,3,419.321599242127,3
46820,2019,8,34378.793,205.2,2,9,3,171.352603275501,4
46820,2019,8,34378.793,205.2,2,9,3,1494.19705189604,2
46820,2019,8,34378.793,205.2,2,9,3,1498.23792439751,2
46820,2019,8,34378.793,205.2,2,9,3,1470.15824573991,2
46820,2019,8,34378.793,205.2,2,9,3,1290.57341087508,2
46820,2019,8,48278.094,205.2,2,9,3,449.856986131079,3
46820,2019,8,48278.094,205.2,2,9,3,462.025532906977,3
46820,2019,8,48278.094,205.2,2,9,3,461.776144513089,3
46820,2019,8,48278.094,205.2,2,9,3,2151.67308215509,1
46820,2019,8,48278.094,205.2,2,9,3,1774.98692471158,1
46820,2019,8,48278.094,205.2,2,9,3,813.20354079557,2
46820,2019,8,48278.094,205.2,2,9,3,419.321599242127,3
46820,2019,8,48278.094,205.2,2,9,3,171.352603275501,4
46820,2019,8,48278.094,205.2,2,9,3,1494.19705189604,2
46820,2019,8,48278.094,205.2,2,9,3,1498.23792439751,2
46820,2019,8,48278.094,205.2,2,9,3,1470.15824573991,2
46820,2019,8,48278.094,205.2,2,9,3,1290.57341087508,2
46820,2019,8,43842.348,205.2,2,9,3,449.856986131079,3
46820,2019,8,43842.348,205.2,2,9,3,462.025532906977,3
46820,2019,8,43842.348,205.2,2,9,3,461.776144513089,3
46820,2019,8,43842.348,205.2,2,9,3,2151.67308215509,1
46820,2019,8,43842.348,205.2,2,9,3,1774.98692471158,1
46820,2019,8,43842.348,205.2,2,9,3,813.20354079557,2
46820,2019,8,43842.348,205.2,2,9,3,419.321599242127,3
46820,2019,8,43842.348,205.2,2,9,3,171.352603275501,4
46820,2019,8,43842.348,205.2,2,9,3,1494.19705189604,2
46820,2019,8,43842.348,205.2,2,9,3,1498.23792439751,2
46820,2019,8,43842.348,205.2,2,9,3,1470.15824573991,2
46820,2019,8,43842.348,205.2,2,9,3,1290.57341087508,2
46820,2019,8,14859.06,205.2,2,9,3,449.856986131079,3
46820,2019,8,14859.06,205.2,2,9,3,462.025532906977,3
46820,2019,8,14859.06,205.2,2,9,3,461.776144513089,3
46820,2019,8,14859.06,205.2,2,9,3,2151.67308215509,1
46820,2019,8,14859.06,205.2,2,9,3,1774.98692471158,1
46820,2019,8,14859.06,205.2,2,9,3,813.20354079557,2
46820,2019,8,14859.06,205.2,2,9,3,419.321599242127,3
46820,2019,8,14859.06,205.2,2,9,3,171.352603275501,4
46820,2019,8,14859.06,205.2,2,9,3,1494.19705189604,2
46820,2019,8,14859.06,205.2,2,9,3,1498.23792439751,2
46820,2019,8,14859.06,205.2,2,9,3,1470.15824573991,2
46820,2019,8,14859.06,205.2,2,9,3,1290.57341087508,2
46820,2019,8,59964.12,205.2,2,9,3,449.856986131079,3
46820,2019,8,59964.12,205.2,2,9,3,462.025532906977,3
46820,2019,8,59964.12,205.2,2,9,3,461.776144513089,3
46820,2019,8,59964.12,205.2,2,9,3,2151.67308215509,1
46820,2019,8,59964.12,205.2,2,9,3,1774.98692471158,1
46820,2019,8,59964.12,205.2,2,9,3,813.20354079557,2
46820,2019,8,59964.12,205.2,2,9,3,419.321599242127,3
46820,2019,8,59964.12,205.2,2,9,3,171.352603275501,4
46820,2019,8,59964.12,205.2,2,9,3,1494.19705189604,2
46820,2019,8,59964.12,205.2,2,9,3,1498.23792439751,2
46820,2019,8,59964.12,205.2,2,9,3,1470.15824573991,2
46820,2019,8,59964.12,205.2,2,9,3,1290.57341087508,2
46820,2019,8,751197.2,205.2,2,9,3,449.856986131079,3
46820,2019,8,751197.2,205.2,2,9,3,462.025532906977,3
46820,2019,8,751197.2,205.2,2,9,3,461.776144513089,3
46820,2019,8,751197.2,205.2,2,9,3,2151.67308215509,1
46820,2019,8,751197.2,205.2,2,9,3,1774.98692471158,1
46820,2019,8,751197.2,205.2,2,9,3,813.20354079557,2
46820,2019,8,751197.2,205.2,2,9,3,419.321599242127,3
46820,2019,8,751197.2,205.2,2,9,3,171.352603275501,4
46820,2019,8,751197.2,205.2,2,9,3,1494.19705189604,2
46820,2019,8,751197.2,205.2,2,9,3,1498.23792439751,2
46820,2019,8,751197.2,205.2,2,9,3,1470.15824573991,2
46820,2019,8,751197.2,205.2,2,9,3,1290.57341087508,2
46820,2019,8,31072.61,205.2,2,9,3,449.856986131079,3
46820,2019,8,31072.61,205.2,2,9,3,462.025532906977,3
46820,2019,8,31072.61,205.2,2,9,3,461.776144513089,3
46820,2019,8,31072.61,205.2,2,9,3,2151.67308215509,1
46820,2019,8,31072.61,205.2,2,9,3,1774.98692471158,1
46820,2019,8,31072.61,205.2,2,9,3,813.20354079557,2
46820,2019,8,31072.61,205.2,2,9,3,419.321599242127,3
46820,2019,8,31072.61,205.2,2,9,3,171.352603275501,4
46820,2019,8,31072.61,205.2,2,9,3,1494.19705189604,2
46820,2019,8,31072.61,205.2,2,9,3,1498.23792439751,2
46820,2019,8,31072.61,205.2,2,9,3,1470.15824573991,2
46820,2019,8,31072.61,205.2,2,9,3,1290.57341087508,2
46820,2019,8,8702.194,205.2,2,9,3,449.856986131079,3
46820,2019,8,8702.194,205.2,2,9,3,462.025532906977,3
46820,2019,8,8702.194,205.2,2,9,3,461.776144513089,3
46820,2019,8,8702.194,205.2,2,9,3,2151.67308215509,1
46820,2019,8,8702.194,205.2,2,9,3,1774.98692471158,1
46820,2019,8,8702.194,205.2,2,9,3,813.20354079557,2
46820,2019,8,8702.194,205.2,2,9,3,419.321599242127,3
46820,2019,8,8702.194,205.2,2,9,3,171.352603275501,4
46820,2019,8,8702.194,205.2,2,9,3,1494.19705189604,2
46820,2019,8,8702.194,205.2,2,9,3,1498.23792439751,2
46820,2019,8,8702.194,205.2,2,9,3,1470.15824573991,2
46820,2019,8,8702.194,205.2,2,9,3,1290.57341087508,2
46820,2019,8,19567.838,205.2,2,9,3,449.856986131079,3
46820,2019,8,19567.838,205.2,2,9,3,462.025532906977,3
46820,2019,8,19567.838,205.2,2,9,3,461.776144513089,3
46820,2019,8,19567.838,205.2,2,9,3,2151.67308215509,1
46820,2019,8,19567.838,205.2,2,9,3,1774.98692471158,1
46820,2019,8,19567.838,205.2,2,9,3,813.20354079557,2
46820,2019,8,19567.838,205.2,2,9,3,419.321599242127,3
46820,2019,8,19567.838,205.2,2,9,3,171.352603275501,4
46820,2019,8,19567.838,205.2,2,9,3,1494.19705189604,2
46820,2019,8,19567.838,205.2,2,9,3,1498.23792439751,2
46820,2019,8,19567.838,205.2,2,9,3,1470.15824573991,2
46820,2019,8,19567.838,205.2,2,9,3,1290.57341087508,2
46820,2019,8,21005.633,205.2,2,9,3,449.856986131079,3
46820,2019,8,21005.633,205.2,2,9,3,462.025532906977,3
46820,2019,8,21005.633,205.2,2,9,3,461.776144513089,3
46820,2019,8,21005.633,205.2,2,9,3,2151.67308215509,1
46820,2019,8,21005.633,205.2,2,9,3,1774.98692471158,1
46820,2019,8,21005.633,205.2,2,9,3,813.20354079557,2
46820,2019,8,21005.633,205.2,2,9,3,419.321599242127,3
46820,2019,8,21005.633,205.2,2,9,3,171.352603275501,4
46820,2019,8,21005.633,205.2,2,9,3,1494.19705189604,2
46820,2019,8,21005.633,205.2,2,9,3,1498.23792439751,2
46820,2019,8,21005.633,205.2,2,9,3,1470.15824573991,2
46820,2019,8,21005.633,205.2,2,9,3,1290.57341087508,2
46820,2019,8,9639.797,205.2,2,9,3,449.856986131079,3
46820,2019,8,9639.797,205.2,2,9,3,462.025532906977,3
46820,2019,8,9639.797,205.2,2,9,3,461.776144513089,3
46820,2019,8,9639.797,205.2,2,9,3,2151.67308215509,1
46820,2019,8,9639.797,205.2,2,9,3,1774.98692471158,1
46820,2019,8,9639.797,205.2,2,9,3,813.20354079557,2
46820,2019,8,9639.797,205.2,2,9,3,419.321599242127,3
46820,2019,8,9639.797,205.2,2,9,3,171.352603275501,4
46820,2019,8,9639.797,205.2,2,9,3,1494.19705189604,2
46820,2019,8,9639.797,205.2,2,9,3,1498.23792439751,2
46820,2019,8,9639.797,205.2,2,9,3,1470.15824573991,2
46820,2019,8,9639.797,205.2,2,9,3,1290.57341087508,2
46820,2019,8,48920.348,205.2,2,9,3,449.856986131079,3
46820,2019,8,48920.348,205.2,2,9,3,462.025532906977,3
46820,2019,8,48920.348,205.2,2,9,3,461.776144513089,3
46820,2019,8,48920.348,205.2,2,9,3,2151.67308215509,1
46820,2019,8,48920.348,205.2,2,9,3,1774.98692471158,1
46820,2019,8,48920.348,205.2,2,9,3,813.20354079557,2
46820,2019,8,48920.348,205.2,2,9,3,419.321599242127,3
46820,2019,8,48920.348,205.2,2,9,3,171.352603275501,4
46820,2019,8,48920.348,205.2,2,9,3,1494.19705189604,2
46820,2019,8,48920.348,205.2,2,9,3,1498.23792439751,2
46820,2019,8,48920.348,205.2,2,9,3,1470.15824573991,2
46820,2019,8,48920.348,205.2,2,9,3,1290.57341087508,2
46820,2019,8,23564.088,205.2,2,9,3,449.856986131079,3
46820,2019,8,23564.088,205.2,2,9,3,462.025532906977,3
46820,2019,8,23564.088,205.2,2,9,3,461.776144513089,3
46820,2019,8,23564.088,205.2,2,9,3,2151.67308215509,1
46820,2019,8,23564.088,205.2,2,9,3,1774.98692471158,1
46820,2019,8,23564.088,205.2,2,9,3,813.20354079557,2
46820,2019,8,23564.088,205.2,2,9,3,419.321599242127,3
46820,2019,8,23564.088,205.2,2,9,3,171.352603275501,4
46820,2019,8,23564.088,205.2,2,9,3,1494.19705189604,2
46820,2019,8,23564.088,205.2,2,9,3,1498.23792439751,2
46820,2019,8,23564.088,205.2,2,9,3,1470.15824573991,2
46820,2019,8,23564.088,205.2,2,9,3,1290.57341087508,2
46820,2019,8,32703.098,205.2,2,9,3,449.856986131079,3
46820,2019,8,32703.098,205.2,2,9,3,462.025532906977,3
46820,2019,8,32703.098,205.2,2,9,3,461.776144513089,3
46820,2019,8,32703.098,205.2,2,9,3,2151.67308215509,1
46820,2019,8,32703.098,205.2,2,9,3,1774.98692471158,1
46820,2019,8,32703.098,205.2,2,9,3,813.20354079557,2
46820,2019,8,32703.098,205.2,2,9,3,419.321599242127,3
46820,2019,8,32703.098,205.2,2,9,3,171.352603275501,4
46820,2019,8,32703.098,205.2,2,9,3,1494.19705189604,2
46820,2019,8,32703.098,205.2,2,9,3,1498.23792439751,2
46820,2019,8,32703.098,205.2,2,9,3,1470.15824573991,2
46820,2019,8,32703.098,205.2,2,9,3,1290.57341087508,2
46820,2019,8,71274.3,205.2,2,9,3,449.856986131079,3
46820,2019,8,71274.3,205.2,2,9,3,462.025532906977,3
46820,2019,8,71274.3,205.2,2,9,3,461.776144513089,3
46820,2019,8,71274.3,205.2,2,9,3,2151.67308215509,1
46820,2019,8,71274.3,205.2,2,9,3,1774.98692471158,1
46820,2019,8,71274.3,205.2,2,9,3,813.20354079557,2
46820,2019,8,71274.3,205.2,2,9,3,419.321599242127,3
46820,2019,8,71274.3,205.2,2,9,3,171.352603275501,4
46820,2019,8,71274.3,205.2,2,9,3,1494.19705189604,2
46820,2019,8,71274.3,205.2,2,9,3,1498.23792439751,2
46820,2019,8,71274.3,205.2,2,9,3,1470.15824573991,2
46820,2019,8,71274.3,205.2,2,9,3,1290.57341087508,2
46820,2019,8,31759.71,205.2,2,9,3,449.856986131079,3
46820,2019,8,31759.71,205.2,2,9,3,462.025532906977,3
46820,2019,8,31759.71,205.2,2,9,3,461.776144513089,3
46820,2019,8,31759.71,205.2,2,9,3,2151.67308215509,1
46820,2019,8,31759.71,205.2,2,9,3,1774.98692471158,1
46820,2019,8,31759.71,205.2,2,9,3,813.20354079557,2
46820,2019,8,31759.71,205.2,2,9,3,419.321599242127,3
46820,2019,8,31759.71,205.2,2,9,3,171.352603275501,4
46820,2019,8,31759.71,205.2,2,9,3,1494.19705189604,2
46820,2019,8,31759.71,205.2,2,9,3,1498.23792439751,2
46820,2019,8,31759.71,205.2,2,9,3,1470.15824573991,2
46820,2019,8,31759.71,205.2,2,9,3,1290.57341087508,2
46820,2019,8,9909.099,205.2,2,9,3,449.856986131079,3
46820,2019,8,9909.099,205.2,2,9,3,462.025532906977,3
46820,2019,8,9909.099,205.2,2,9,3,461.776144513089,3
46820,2019,8,9909.099,205.2,2,9,3,2151.67308215509,1
46820,2019,8,9909.099,205.2,2,9,3,1774.98692471158,1
46820,2019,8,9909.099,205.2,2,9,3,813.20354079557,2
46820,2019,8,9909.099,205.2,2,9,3,419.321599242127,3
46820,2019,8,9909.099,205.2,2,9,3,171.352603275501,4
46820,2019,8,9909.099,205.2,2,9,3,1494.19705189604,2
46820,2019,8,9909.099,205.2,2,9,3,1498.23792439751,2
46820,2019,8,9909.099,205.2,2,9,3,1470.15824573991,2
46820,2019,8,9909.099,205.2,2,9,3,1290.57341087508,2
46820,2019,8,18305.594,205.2,2,9,3,449.856986131079,3
46820,2019,8,18305.594,205.2,2,9,3,462.025532906977,3
46820,2019,8,18305.594,205.2,2,9,3,461.776144513089,3
46820,2019,8,18305.594,205.2,2,9,3,2151.67308215509,1
46820,2019,8,18305.594,205.2,2,9,3,1774.98692471158,1
46820,2019,8,18305.594,205.2,2,9,3,813.20354079557,2
46820,2019,8,18305.594,205.2,2,9,3,419.321599242127,3
46820,2019,8,18305.594,205.2,2,9,3,171.352603275501,4
46820,2019,8,18305.594,205.2,2,9,3,1494.19705189604,2
46820,2019,8,18305.594,205.2,2,9,3,1498.23792439751,2
46820,2019,8,18305.594,205.2,2,9,3,1470.15824573991,2
46820,2019,8,18305.594,205.2,2,9,3,1290.57341087508,2
46820,2019,8,11528.306,205.2,2,9,3,449.856986131079,3
46820,2019,8,11528.306,205.2,2,9,3,462.025532906977,3
46820,2019,8,11528.306,205.2,2,9,3,461.776144513089,3
46820,2019,8,11528.306,205.2,2,9,3,2151.67308215509,1
46820,2019,8,11528.306,205.2,2,9,3,1774.98692471158,1
46820,2019,8,11528.306,205.2,2,9,3,813.20354079557,2
46820,2019,8,11528.306,205.2,2,9,3,419.321599242127,3
46820,2019,8,11528.306,205.2,2,9,3,171.352603275501,4
46820,2019,8,11528.306,205.2,2,9,3,1494.19705189604,2
46820,2019,8,11528.306,205.2,2,9,3,1498.23792439751,2
46820,2019,8,11528.306,205.2,2,9,3,1470.15824573991,2
46820,2019,8,11528.306,205.2,2,9,3,1290.57341087508,2
46820,2019,8,11556.29,205.2,2,9,3,449.856986131079,3
46820,2019,8,11556.29,205.2,2,9,3,462.025532906977,3
46820,2019,8,11556.29,205.2,2,9,3,461.776144513089,3
46820,2019,8,11556.29,205.2,2,9,3,2151.67308215509,1
46820,2019,8,11556.29,205.2,2,9,3,1774.98692471158,1
46820,2019,8,11556.29,205.2,2,9,3,813.20354079557,2
46820,2019,8,11556.29,205.2,2,9,3,419.321599242127,3
46820,2019,8,11556.29,205.2,2,9,3,171.352603275501,4
46820,2019,8,11556.29,205.2,2,9,3,1494.19705189604,2
46820,2019,8,11556.29,205.2,2,9,3,1498.23792439751,2
46820,2019,8,11556.29,205.2,2,9,3,1470.15824573991,2
46820,2019,8,11556.29,205.2,2,9,3,1290.57341087508,2
46820,2019,8,3928.333,205.2,2,9,3,449.856986131079,3
46820,2019,8,3928.333,205.2,2,9,3,462.025532906977,3
46820,2019,8,3928.333,205.2,2,9,3,461.776144513089,3
46820,2019,8,3928.333,205.2,2,9,3,2151.67308215509,1
46820,2019,8,3928.333,205.2,2,9,3,1774.98692471158,1
46820,2019,8,3928.333,205.2,2,9,3,813.20354079557,2
46820,2019,8,3928.333,205.2,2,9,3,419.321599242127,3
46820,2019,8,3928.333,205.2,2,9,3,171.352603275501,4
46820,2019,8,3928.333,205.2,2,9,3,1494.19705189604,2
46820,2019,8,3928.333,205.2,2,9,3,1498.23792439751,2
46820,2019,8,3928.333,205.2,2,9,3,1470.15824573991,2
46820,2019,8,3928.333,205.2,2,9,3,1290.57341087508,2
46820,2019,8,14079.537,205.2,2,9,3,449.856986131079,3
46820,2019,8,14079.537,205.2,2,9,3,462.025532906977,3
46820,2019,8,14079.537,205.2,2,9,3,461.776144513089,3
46820,2019,8,14079.537,205.2,2,9,3,2151.67308215509,1
46820,2019,8,14079.537,205.2,2,9,3,1774.98692471158,1
46820,2019,8,14079.537,205.2,2,9,3,813.20354079557,2
46820,2019,8,14079.537,205.2,2,9,3,419.321599242127,3
46820,2019,8,14079.537,205.2,2,9,3,171.352603275501,4
46820,2019,8,14079.537,205.2,2,9,3,1494.19705189604,2
46820,2019,8,14079.537,205.2,2,9,3,1498.23792439751,2
46820,2019,8,14079.537,205.2,2,9,3,1470.15824573991,2
46820,2019,8,14079.537,205.2,2,9,3,1290.57341087508,2
46820,2019,8,17959.586,205.2,2,9,3,449.856986131079,3
46820,2019,8,17959.586,205.2,2,9,3,462.025532906977,3
46820,2019,8,17959.586,205.2,2,9,3,461.776144513089,3
46820,2019,8,17959.586,205.2,2,9,3,2151.67308215509,1
46820,2019,8,17959.586,205.2,2,9,3,1774.98692471158,1
46820,2019,8,17959.586,205.2,2,9,3,813.20354079557,2
46820,2019,8,17959.586,205.2,2,9,3,419.321599242127,3
46820,2019,8,17959.586,205.2,2,9,3,171.352603275501,4
46820,2019,8,17959.586,205.2,2,9,3,1494.19705189604,2
46820,2019,8,17959.586,205.2,2,9,3,1498.23792439751,2
46820,2019,8,17959.586,205.2,2,9,3,1470.15824573991,2
46820,2019,8,17959.586,205.2,2,9,3,1290.57341087508,2
46820,2019,8,31106.48,205.2,2,9,3,449.856986131079,3
46820,2019,8,31106.48,205.2,2,9,3,462.025532906977,3
46820,2019,8,31106.48,205.2,2,9,3,461.776144513089,3
46820,2019,8,31106.48,205.2,2,9,3,2151.67308215509,1
46820,2019,8,31106.48,205.2,2,9,3,1774.98692471158,1
46820,2019,8,31106.48,205.2,2,9,3,813.20354079557,2
46820,2019,8,31106.48,205.2,2,9,3,419.321599242127,3
46820,2019,8,31106.48,205.2,2,9,3,171.352603275501,4
46820,2019,8,31106.48,205.2,2,9,3,1494.19705189604,2
46820,2019,8,31106.48,205.2,2,9,3,1498.23792439751,2
46820,2019,8,31106.48,205.2,2,9,3,1470.15824573991,2
46820,2019,8,31106.48,205.2,2,9,3,1290.57341087508,2
46820,2019,8,15131.507,205.2,2,9,3,449.856986131079,3
46820,2019,8,15131.507,205.2,2,9,3,462.025532906977,3
46820,2019,8,15131.507,205.2,2,9,3,461.776144513089,3
46820,2019,8,15131.507,205.2,2,9,3,2151.67308215509,1
46820,2019,8,15131.507,205.2,2,9,3,1774.98692471158,1
46820,2019,8,15131.507,205.2,2,9,3,813.20354079557,2
46820,2019,8,15131.507,205.2,2,9,3,419.321599242127,3
46820,2019,8,15131.507,205.2,2,9,3,171.352603275501,4
46820,2019,8,15131.507,205.2,2,9,3,1494.19705189604,2
46820,2019,8,15131.507,205.2,2,9,3,1498.23792439751,2
46820,2019,8,15131.507,205.2,2,9,3,1470.15824573991,2
46820,2019,8,15131.507,205.2,2,9,3,1290.57341087508,2
46820,2019,8,39361.273,205.2,2,9,3,449.856986131079,3
46820,2019,8,39361.273,205.2,2,9,3,462.025532906977,3
46820,2019,8,39361.273,205.2,2,9,3,461.776144513089,3
46820,2019,8,39361.273,205.2,2,9,3,2151.67308215509,1
46820,2019,8,39361.273,205.2,2,9,3,1774.98692471158,1
46820,2019,8,39361.273,205.2,2,9,3,813.20354079557,2
46820,2019,8,39361.273,205.2,2,9,3,419.321599242127,3
46820,2019,8,39361.273,205.2,2,9,3,171.352603275501,4
46820,2019,8,39361.273,205.2,2,9,3,1494.19705189604,2
46820,2019,8,39361.273,205.2,2,9,3,1498.23792439751,2
46820,2019,8,39361.273,205.2,2,9,3,1470.15824573991,2
46820,2019,8,39361.273,205.2,2,9,3,1290.57341087508,2
46820,2019,8,9943.081,205.2,2,9,3,449.856986131079,3
46820,2019,8,9943.081,205.2,2,9,3,462.025532906977,3
46820,2019,8,9943.081,205.2,2,9,3,461.776144513089,3
46820,2019,8,9943.081,205.2,2,9,3,2151.67308215509,1
46820,2019,8,9943.081,205.2,2,9,3,1774.98692471158,1
46820,2019,8,9943.081,205.2,2,9,3,813.20354079557,2
46820,2019,8,9943.081,205.2,2,9,3,419.321599242127,3
46820,2019,8,9943.081,205.2,2,9,3,171.352603275501,4
46820,2019,8,9943.081,205.2,2,9,3,1494.19705189604,2
46820,2019,8,9943.081,205.2,2,9,3,1498.23792439751,2
46820,2019,8,9943.081,205.2,2,9,3,1470.15824573991,2
46820,2019,8,9943.081,205.2,2,9,3,1290.57341087508,2
46820,2019,8,22908.316,205.2,2,9,3,449.856986131079,3
46820,2019,8,22908.316,205.2,2,9,3,462.025532906977,3
46820,2019,8,22908.316,205.2,2,9,3,461.776144513089,3
46820,2019,8,22908.316,205.2,2,9,3,2151.67308215509,1
46820,2019,8,22908.316,205.2,2,9,3,1774.98692471158,1
46820,2019,8,22908.316,205.2,2,9,3,813.20354079557,2
46820,2019,8,22908.316,205.2,2,9,3,419.321599242127,3
46820,2019,8,22908.316,205.2,2,9,3,171.352603275501,4
46820,2019,8,22908.316,205.2,2,9,3,1494.19705189604,2
46820,2019,8,22908.316,205.2,2,9,3,1498.23792439751,2
46820,2019,8,22908.316,205.2,2,9,3,1470.15824573991,2
46820,2019,8,22908.316,205.2,2,9,3,1290.57341087508,2
46820,2019,8,2214.59,205.2,2,9,3,449.856986131079,3
46820,2019,8,2214.59,205.2,2,9,3,462.025532906977,3
46820,2019,8,2214.59,205.2,2,9,3,461.776144513089,3
46820,2019,8,2214.59,205.2,2,9,3,2151.67308215509,1
46820,2019,8,2214.59,205.2,2,9,3,1774.98692471158,1
46820,2019,8,2214.59,205.2,2,9,3,813.20354079557,2
46820,2019,8,2214.59,205.2,2,9,3,419.321599242127,3
46820,2019,8,2214.59,205.2,2,9,3,171.352603275501,4
46820,2019,8,2214.59,205.2,2,9,3,1494.19705189604,2
46820,2019,8,2214.59,205.2,2,9,3,1498.23792439751,2
46820,2019,8,2214.59,205.2,2,9,3,1470.15824573991,2
46820,2019,8,2214.59,205.2,2,9,3,1290.57341087508,2
46820,2019,8,4872.094,205.2,2,9,3,449.856986131079,3
46820,2019,8,4872.094,205.2,2,9,3,462.025532906977,3
46820,2019,8,4872.094,205.2,2,9,3,461.776144513089,3
46820,2019,8,4872.094,205.2,2,9,3,2151.67308215509,1
46820,2019,8,4872.094,205.2,2,9,3,1774.98692471158,1
46820,2019,8,4872.094,205.2,2,9,3,813.20354079557,2
46820,2019,8,4872.094,205.2,2,9,3,419.321599242127,3
46820,2019,8,4872.094,205.2,2,9,3,171.352603275501,4
46820,2019,8,4872.094,205.2,2,9,3,1494.19705189604,2
46820,2019,8,4872.094,205.2,2,9,3,1498.23792439751,2
46820,2019,8,4872.094,205.2,2,9,3,1470.15824573991,2
46820,2019,8,4872.094,205.2,2,9,3,1290.57341087508,2
46820,2019,8,51764.285,205.2,2,9,3,449.856986131079,3
46820,2019,8,51764.285,205.2,2,9,3,462.025532906977,3
46820,2019,8,51764.285,205.2,2,9,3,461.776144513089,3
46820,2019,8,51764.285,205.2,2,9,3,2151.67308215509,1
46820,2019,8,51764.285,205.2,2,9,3,1774.98692471158,1
46820,2019,8,51764.285,205.2,2,9,3,813.20354079557,2
46820,2019,8,51764.285,205.2,2,9,3,419.321599242127,3
46820,2019,8,51764.285,205.2,2,9,3,171.352603275501,4
46820,2019,8,51764.285,205.2,2,9,3,1494.19705189604,2
46820,2019,8,51764.285,205.2,2,9,3,1498.23792439751,2
46820,2019,8,51764.285,205.2,2,9,3,1470.15824573991,2
46820,2019,8,51764.285,205.2,2,9,3,1290.57341087508,2
46820,2019,8,2941.254,205.2,2,9,3,449.856986131079,3
46820,2019,8,2941.254,205.2,2,9,3,462.025532906977,3
46820,2019,8,2941.254,205.2,2,9,3,461.776144513089,3
46820,2019,8,2941.254,205.2,2,9,3,2151.67308215509,1
46820,2019,8,2941.254,205.2,2,9,3,1774.98692471158,1
46820,2019,8,2941.254,205.2,2,9,3,813.20354079557,2
46820,2019,8,2941.254,205.2,2,9,3,419.321599242127,3
46820,2019,8,2941.254,205.2,2,9,3,171.352603275501,4
46820,2019,8,2941.254,205.2,2,9,3,1494.19705189604,2
46820,2019,8,2941.254,205.2,2,9,3,1498.23792439751,2
46820,2019,8,2941.254,205.2,2,9,3,1470.15824573991,2
46820,2019,8,2941.254,205.2,2,9,3,1290.57341087508,2
46820,2019,8,34398.12,205.2,2,9,3,449.856986131079,3
46820,2019,8,34398.12,205.2,2,9,3,462.025532906977,3
46820,2019,8,34398.12,205.2,2,9,3,461.776144513089,3
46820,2019,8,34398.12,205.2,2,9,3,2151.67308215509,1
46820,2019,8,34398.12,205.2,2,9,3,1774.98692471158,1
46820,2019,8,34398.12,205.2,2,9,3,813.20354079557,2
46820,2019,8,34398.12,205.2,2,9,3,419.321599242127,3
46820,2019,8,34398.12,205.2,2,9,3,171.352603275501,4
46820,2019,8,34398.12,205.2,2,9,3,1494.19705189604,2
46820,2019,8,34398.12,205.2,2,9,3,1498.23792439751,2
46820,2019,8,34398.12,205.2,2,9,3,1470.15824573991,2
46820,2019,8,34398.12,205.2,2,9,3,1290.57341087508,2
46820,2019,8,15188.007,205.2,2,9,3,449.856986131079,3
46820,2019,8,15188.007,205.2,2,9,3,462.025532906977,3
46820,2019,8,15188.007,205.2,2,9,3,461.776144513089,3
46820,2019,8,15188.007,205.2,2,9,3,2151.67308215509,1
46820,2019,8,15188.007,205.2,2,9,3,1774.98692471158,1
46820,2019,8,15188.007,205.2,2,9,3,813.20354079557,2
46820,2019,8,15188.007,205.2,2,9,3,419.321599242127,3
46820,2019,8,15188.007,205.2,2,9,3,171.352603275501,4
46820,2019,8,15188.007,205.2,2,9,3,1494.19705189604,2
46820,2019,8,15188.007,205.2,2,9,3,1498.23792439751,2
46820,2019,8,15188.007,205.2,2,9,3,1470.15824573991,2
46820,2019,8,15188.007,205.2,2,9,3,1290.57341087508,2
46820,2019,8,30778.045,205.2,2,9,3,449.856986131079,3
46820,2019,8,30778.045,205.2,2,9,3,462.025532906977,3
46820,2019,8,30778.045,205.2,2,9,3,461.776144513089,3
46820,2019,8,30778.045,205.2,2,9,3,2151.67308215509,1
46820,2019,8,30778.045,205.2,2,9,3,1774.98692471158,1
46820,2019,8,30778.045,205.2,2,9,3,813.20354079557,2
46820,2019,8,30778.045,205.2,2,9,3,419.321599242127,3
46820,2019,8,30778.045,205.2,2,9,3,171.352603275501,4
46820,2019,8,30778.045,205.2,2,9,3,1494.19705189604,2
46820,2019,8,30778.045,205.2,2,9,3,1498.23792439751,2
46820,2019,8,30778.045,205.2,2,9,3,1470.15824573991,2
46820,2019,8,30778.045,205.2,2,9,3,1290.57341087508,2
46820,2019,8,17559.785,205.2,2,9,3,449.856986131079,3
46820,2019,8,17559.785,205.2,2,9,3,462.025532906977,3
46820,2019,8,17559.785,205.2,2,9,3,461.776144513089,3
46820,2019,8,17559.785,205.2,2,9,3,2151.67308215509,1
46820,2019,8,17559.785,205.2,2,9,3,1774.98692471158,1
46820,2019,8,17559.785,205.2,2,9,3,813.20354079557,2
46820,2019,8,17559.785,205.2,2,9,3,419.321599242127,3
46820,2019,8,17559.785,205.2,2,9,3,171.352603275501,4
46820,2019,8,17559.785,205.2,2,9,3,1494.19705189604,2
46820,2019,8,17559.785,205.2,2,9,3,1498.23792439751,2
46820,2019,8,17559.785,205.2,2,9,3,1470.15824573991,2
46820,2019,8,17559.785,205.2,2,9,3,1290.57341087508,2
46820,2019,8,54718.605,205.2,2,9,3,449.856986131079,3
46820,2019,8,54718.605,205.2,2,9,3,462.025532906977,3
46820,2019,8,54718.605,205.2,2,9,3,461.776144513089,3
46820,2019,8,54718.605,205.2,2,9,3,2151.67308215509,1
46820,2019,8,54718.605,205.2,2,9,3,1774.98692471158,1
46820,2019,8,54718.605,205.2,2,9,3,813.20354079557,2
46820,2019,8,54718.605,205.2,2,9,3,419.321599242127,3
46820,2019,8,54718.605,205.2,2,9,3,171.352603275501,4
46820,2019,8,54718.605,205.2,2,9,3,1494.19705189604,2
46820,2019,8,54718.605,205.2,2,9,3,1498.23792439751,2
46820,2019,8,54718.605,205.2,2,9,3,1470.15824573991,2
46820,2019,8,54718.605,205.2,2,9,3,1290.57341087508,2
46820,2019,8,38695.99,205.2,2,9,3,449.856986131079,3
46820,2019,8,38695.99,205.2,2,9,3,462.025532906977,3
46820,2019,8,38695.99,205.2,2,9,3,461.776144513089,3
46820,2019,8,38695.99,205.2,2,9,3,2151.67308215509,1
46820,2019,8,38695.99,205.2,2,9,3,1774.98692471158,1
46820,2019,8,38695.99,205.2,2,9,3,813.20354079557,2
46820,2019,8,38695.99,205.2,2,9,3,419.321599242127,3
46820,2019,8,38695.99,205.2,2,9,3,171.352603275501,4
46820,2019,8,38695.99,205.2,2,9,3,1494.19705189604,2
46820,2019,8,38695.99,205.2,2,9,3,1498.23792439751,2
46820,2019,8,38695.99,205.2,2,9,3,1470.15824573991,2
46820,2019,8,38695.99,205.2,2,9,3,1290.57341087508,2
46820,2019,8,14763.369,205.2,2,9,3,449.856986131079,3
46820,2019,8,14763.369,205.2,2,9,3,462.025532906977,3
46820,2019,8,14763.369,205.2,2,9,3,461.776144513089,3
46820,2019,8,14763.369,205.2,2,9,3,2151.67308215509,1
46820,2019,8,14763.369,205.2,2,9,3,1774.98692471158,1
46820,2019,8,14763.369,205.2,2,9,3,813.20354079557,2
46820,2019,8,14763.369,205.2,2,9,3,419.321599242127,3
46820,2019,8,14763.369,205.2,2,9,3,171.352603275501,4
46820,2019,8,14763.369,205.2,2,9,3,1494.19705189604,2
46820,2019,8,14763.369,205.2,2,9,3,1498.23792439751,2
46820,2019,8,14763.369,205.2,2,9,3,1470.15824573991,2
46820,2019,8,14763.369,205.2,2,9,3,1290.57341087508,2
46820,2019,8,35445.473,205.2,2,9,3,449.856986131079,3
46820,2019,8,35445.473,205.2,2,9,3,462.025532906977,3
46820,2019,8,35445.473,205.2,2,9,3,461.776144513089,3
46820,2019,8,35445.473,205.2,2,9,3,2151.67308215509,1
46820,2019,8,35445.473,205.2,2,9,3,1774.98692471158,1
46820,2019,8,35445.473,205.2,2,9,3,813.20354079557,2
46820,2019,8,35445.473,205.2,2,9,3,419.321599242127,3
46820,2019,8,35445.473,205.2,2,9,3,171.352603275501,4
46820,2019,8,35445.473,205.2,2,9,3,1494.19705189604,2
46820,2019,8,35445.473,205.2,2,9,3,1498.23792439751,2
46820,2019,8,35445.473,205.2,2,9,3,1470.15824573991,2
46820,2019,8,35445.473,205.2,2,9,3,1290.57341087508,2
46820,2019,8,22855.506,205.2,2,9,3,449.856986131079,3
46820,2019,8,22855.506,205.2,2,9,3,462.025532906977,3
46820,2019,8,22855.506,205.2,2,9,3,461.776144513089,3
46820,2019,8,22855.506,205.2,2,9,3,2151.67308215509,1
46820,2019,8,22855.506,205.2,2,9,3,1774.98692471158,1
46820,2019,8,22855.506,205.2,2,9,3,813.20354079557,2
46820,2019,8,22855.506,205.2,2,9,3,419.321599242127,3
46820,2019,8,22855.506,205.2,2,9,3,171.352603275501,4
46820,2019,8,22855.506,205.2,2,9,3,1494.19705189604,2
46820,2019,8,22855.506,205.2,2,9,3,1498.23792439751,2
46820,2019,8,22855.506,205.2,2,9,3,1470.15824573991,2
46820,2019,8,22855.506,205.2,2,9,3,1290.57341087508,2
46820,2019,8,52013.426,205.2,2,9,3,449.856986131079,3
46820,2019,8,52013.426,205.2,2,9,3,462.025532906977,3
46820,2019,8,52013.426,205.2,2,9,3,461.776144513089,3
46820,2019,8,52013.426,205.2,2,9,3,2151.67308215509,1
46820,2019,8,52013.426,205.2,2,9,3,1774.98692471158,1
46820,2019,8,52013.426,205.2,2,9,3,813.20354079557,2
46820,2019,8,52013.426,205.2,2,9,3,419.321599242127,3
46820,2019,8,52013.426,205.2,2,9,3,171.352603275501,4
46820,2019,8,52013.426,205.2,2,9,3,1494.19705189604,2
46820,2019,8,52013.426,205.2,2,9,3,1498.23792439751,2
46820,2019,8,52013.426,205.2,2,9,3,1470.15824573991,2
46820,2019,8,52013.426,205.2,2,9,3,1290.57341087508,2
46820,2019,8,60054.32,205.2,2,9,3,449.856986131079,3
46820,2019,8,60054.32,205.2,2,9,3,462.025532906977,3
46820,2019,8,60054.32,205.2,2,9,3,461.776144513089,3
46820,2019,8,60054.32,205.2,2,9,3,2151.67308215509,1
46820,2019,8,60054.32,205.2,2,9,3,1774.98692471158,1
46820,2019,8,60054.32,205.2,2,9,3,813.20354079557,2
46820,2019,8,60054.32,205.2,2,9,3,419.321599242127,3
46820,2019,8,60054.32,205.2,2,9,3,171.352603275501,4
46820,2019,8,60054.32,205.2,2,9,3,1494.19705189604,2
46820,2019,8,60054.32,205.2,2,9,3,1498.23792439751,2
46820,2019,8,60054.32,205.2,2,9,3,1470.15824573991,2
46820,2019,8,60054.32,205.2,2,9,3,1290.57341087508,2
46820,2019,8,8697.542,205.2,2,9,3,449.856986131079,3
46820,2019,8,8697.542,205.2,2,9,3,462.025532906977,3
46820,2019,8,8697.542,205.2,2,9,3,461.776144513089,3
46820,2019,8,8697.542,205.2,2,9,3,2151.67308215509,1
46820,2019,8,8697.542,205.2,2,9,3,1774.98692471158,1
46820,2019,8,8697.542,205.2,2,9,3,813.20354079557,2
46820,2019,8,8697.542,205.2,2,9,3,419.321599242127,3
46820,2019,8,8697.542,205.2,2,9,3,171.352603275501,4
46820,2019,8,8697.542,205.2,2,9,3,1494.19705189604,2
46820,2019,8,8697.542,205.2,2,9,3,1498.23792439751,2
46820,2019,8,8697.542,205.2,2,9,3,1470.15824573991,2
46820,2019,8,8697.542,205.2,2,9,3,1290.57341087508,2
46820,2019,8,3995.18,205.2,2,9,3,449.856986131079,3
46820,2019,8,3995.18,205.2,2,9,3,462.025532906977,3
46820,2019,8,3995.18,205.2,2,9,3,461.776144513089,3
46820,2019,8,3995.18,205.2,2,9,3,2151.67308215509,1
46820,2019,8,3995.18,205.2,2,9,3,1774.98692471158,1
46820,2019,8,3995.18,205.2,2,9,3,813.20354079557,2
46820,2019,8,3995.18,205.2,2,9,3,419.321599242127,3
46820,2019,8,3995.18,205.2,2,9,3,171.352603275501,4
46820,2019,8,3995.18,205.2,2,9,3,1494.19705189604,2
46820,2019,8,3995.18,205.2,2,9,3,1498.23792439751,2
46820,2019,8,3995.18,205.2,2,9,3,1470.15824573991,2
46820,2019,8,3995.18,205.2,2,9,3,1290.57341087508,2
46820,2019,8,57126.645,205.2,2,9,3,449.856986131079,3
46820,2019,8,57126.645,205.2,2,9,3,462.025532906977,3
46820,2019,8,57126.645,205.2,2,9,3,461.776144513089,3
46820,2019,8,57126.645,205.2,2,9,3,2151.67308215509,1
46820,2019,8,57126.645,205.2,2,9,3,1774.98692471158,1
46820,2019,8,57126.645,205.2,2,9,3,813.20354079557,2
46820,2019,8,57126.645,205.2,2,9,3,419.321599242127,3
46820,2019,8,57126.645,205.2,2,9,3,171.352603275501,4
46820,2019,8,57126.645,205.2,2,9,3,1494.19705189604,2
46820,2019,8,57126.645,205.2,2,9,3,1498.23792439751,2
46820,2019,8,57126.645,205.2,2,9,3,1470.15824573991,2
46820,2019,8,57126.645,205.2,2,9,3,1290.57341087508,2
46820,2019,8,47750.938,205.2,2,9,3,449.856986131079,3
46820,2019,8,47750.938,205.2,2,9,3,462.025532906977,3
46820,2019,8,47750.938,205.2,2,9,3,461.776144513089,3
46820,2019,8,47750.938,205.2,2,9,3,2151.67308215509,1
46820,2019,8,47750.938,205.2,2,9,3,1774.98692471158,1
46820,2019,8,47750.938,205.2,2,9,3,813.20354079557,2
46820,2019,8,47750.938,205.2,2,9,3,419.321599242127,3
46820,2019,8,47750.938,205.2,2,9,3,171.352603275501,4
46820,2019,8,47750.938,205.2,2,9,3,1494.19705189604,2
46820,2019,8,47750.938,205.2,2,9,3,1498.23792439751,2
46820,2019,8,47750.938,205.2,2,9,3,1470.15824573991,2
46820,2019,8,47750.938,205.2,2,9,3,1290.57341087508,2
46820,2019,8,18430.26,205.2,2,9,3,449.856986131079,3
46820,2019,8,18430.26,205.2,2,9,3,462.025532906977,3
46820,2019,8,18430.26,205.2,2,9,3,461.776144513089,3
46820,2019,8,18430.26,205.2,2,9,3,2151.67308215509,1
46820,2019,8,18430.26,205.2,2,9,3,1774.98692471158,1
46820,2019,8,18430.26,205.2,2,9,3,813.20354079557,2
46820,2019,8,18430.26,205.2,2,9,3,419.321599242127,3
46820,2019,8,18430.26,205.2,2,9,3,171.352603275501,4
46820,2019,8,18430.26,205.2,2,9,3,1494.19705189604,2
46820,2019,8,18430.26,205.2,2,9,3,1498.23792439751,2
46820,2019,8,18430.26,205.2,2,9,3,1470.15824573991,2
46820,2019,8,18430.26,205.2,2,9,3,1290.57341087508,2
46820,2019,8,46179.266,205.2,2,9,3,449.856986131079,3
46820,2019,8,46179.266,205.2,2,9,3,462.025532906977,3
46820,2019,8,46179.266,205.2,2,9,3,461.776144513089,3
46820,2019,8,46179.266,205.2,2,9,3,2151.67308215509,1
46820,2019,8,46179.266,205.2,2,9,3,1774.98692471158,1
46820,2019,8,46179.266,205.2,2,9,3,813.20354079557,2
46820,2019,8,46179.266,205.2,2,9,3,419.321599242127,3
46820,2019,8,46179.266,205.2,2,9,3,171.352603275501,4
46820,2019,8,46179.266,205.2,2,9,3,1494.19705189604,2
46820,2019,8,46179.266,205.2,2,9,3,1498.23792439751,2
46820,2019,8,46179.266,205.2,2,9,3,1470.15824573991,2
46820,2019,8,46179.266,205.2,2,9,3,1290.57341087508,2
46820,2019,8,17161.787,205.2,2,9,3,449.856986131079,3
46820,2019,8,17161.787,205.2,2,9,3,462.025532906977,3
46820,2019,8,17161.787,205.2,2,9,3,461.776144513089,3
46820,2019,8,17161.787,205.2,2,9,3,2151.67308215509,1
46820,2019,8,17161.787,205.2,2,9,3,1774.98692471158,1
46820,2019,8,17161.787,205.2,2,9,3,813.20354079557,2
46820,2019,8,17161.787,205.2,2,9,3,419.321599242127,3
46820,2019,8,17161.787,205.2,2,9,3,171.352603275501,4
46820,2019,8,17161.787,205.2,2,9,3,1494.19705189604,2
46820,2019,8,17161.787,205.2,2,9,3,1498.23792439751,2
46820,2019,8,17161.787,205.2,2,9,3,1470.15824573991,2
46820,2019,8,17161.787,205.2,2,9,3,1290.57341087508,2
46820,2019,8,16103.172,205.2,2,9,3,449.856986131079,3
46820,2019,8,16103.172,205.2,2,9,3,462.025532906977,3
46820,2019,8,16103.172,205.2,2,9,3,461.776144513089,3
46820,2019,8,16103.172,205.2,2,9,3,2151.67308215509,1
46820,2019,8,16103.172,205.2,2,9,3,1774.98692471158,1
46820,2019,8,16103.172,205.2,2,9,3,813.20354079557,2
46820,2019,8,16103.172,205.2,2,9,3,419.321599242127,3
46820,2019,8,16103.172,205.2,2,9,3,171.352603275501,4
46820,2019,8,16103.172,205.2,2,9,3,1494.19705189604,2
46820,2019,8,16103.172,205.2,2,9,3,1498.23792439751,2
46820,2019,8,16103.172,205.2,2,9,3,1470.15824573991,2
46820,2019,8,16103.172,205.2,2,9,3,1290.57341087508,2
46820,2019,8,10413.408,205.2,2,9,3,449.856986131079,3
46820,2019,8,10413.408,205.2,2,9,3,462.025532906977,3
46820,2019,8,10413.408,205.2,2,9,3,461.776144513089,3
46820,2019,8,10413.408,205.2,2,9,3,2151.67308215509,1
46820,2019,8,10413.408,205.2,2,9,3,1774.98692471158,1
46820,2019,8,10413.408,205.2,2,9,3,813.20354079557,2
46820,2019,8,10413.408,205.2,2,9,3,419.321599242127,3
46820,2019,8,10413.408,205.2,2,9,3,171.352603275501,4
46820,2019,8,10413.408,205.2,2,9,3,1494.19705189604,2
46820,2019,8,10413.408,205.2,2,9,3,1498.23792439751,2
46820,2019,8,10413.408,205.2,2,9,3,1470.15824573991,2
46820,2019,8,10413.408,205.2,2,9,3,1290.57341087508,2
46820,2019,8,12736.551,205.2,2,9,3,449.856986131079,3
46820,2019,8,12736.551,205.2,2,9,3,462.025532906977,3
46820,2019,8,12736.551,205.2,2,9,3,461.776144513089,3
46820,2019,8,12736.551,205.2,2,9,3,2151.67308215509,1
46820,2019,8,12736.551,205.2,2,9,3,1774.98692471158,1
46820,2019,8,12736.551,205.2,2,9,3,813.20354079557,2
46820,2019,8,12736.551,205.2,2,9,3,419.321599242127,3
46820,2019,8,12736.551,205.2,2,9,3,171.352603275501,4
46820,2019,8,12736.551,205.2,2,9,3,1494.19705189604,2
46820,2019,8,12736.551,205.2,2,9,3,1498.23792439751,2
46820,2019,8,12736.551,205.2,2,9,3,1470.15824573991,2
46820,2019,8,12736.551,205.2,2,9,3,1290.57341087508,2
46820,2019,8,12854.637,205.2,2,9,3,449.856986131079,3
46820,2019,8,12854.637,205.2,2,9,3,462.025532906977,3
46820,2019,8,12854.637,205.2,2,9,3,461.776144513089,3
46820,2019,8,12854.637,205.2,2,9,3,2151.67308215509,1
46820,2019,8,12854.637,205.2,2,9,3,1774.98692471158,1
46820,2019,8,12854.637,205.2,2,9,3,813.20354079557,2
46820,2019,8,12854.637,205.2,2,9,3,419.321599242127,3
46820,2019,8,12854.637,205.2,2,9,3,171.352603275501,4
46820,2019,8,12854.637,205.2,2,9,3,1494.19705189604,2
46820,2019,8,12854.637,205.2,2,9,3,1498.23792439751,2
46820,2019,8,12854.637,205.2,2,9,3,1470.15824573991,2
46820,2019,8,12854.637,205.2,2,9,3,1290.57341087508,2
46820,2019,8,82413.17,205.2,2,9,3,449.856986131079,3
46820,2019,8,82413.17,205.2,2,9,3,462.025532906977,3
46820,2019,8,82413.17,205.2,2,9,3,461.776144513089,3
46820,2019,8,82413.17,205.2,2,9,3,2151.67308215509,1
46820,2019,8,82413.17,205.2,2,9,3,1774.98692471158,1
46820,2019,8,82413.17,205.2,2,9,3,813.20354079557,2
46820,2019,8,82413.17,205.2,2,9,3,419.321599242127,3
46820,2019,8,82413.17,205.2,2,9,3,171.352603275501,4
46820,2019,8,82413.17,205.2,2,9,3,1494.19705189604,2
46820,2019,8,82413.17,205.2,2,9,3,1498.23792439751,2
46820,2019,8,82413.17,205.2,2,9,3,1470.15824573991,2
46820,2019,8,82413.17,205.2,2,9,3,1290.57341087508,2
46820,2019,8,19283.684,205.2,2,9,3,449.856986131079,3
46820,2019,8,19283.684,205.2,2,9,3,462.025532906977,3
46820,2019,8,19283.684,205.2,2,9,3,461.776144513089,3
46820,2019,8,19283.684,205.2,2,9,3,2151.67308215509,1
46820,2019,8,19283.684,205.2,2,9,3,1774.98692471158,1
46820,2019,8,19283.684,205.2,2,9,3,813.20354079557,2
46820,2019,8,19283.684,205.2,2,9,3,419.321599242127,3
46820,2019,8,19283.684,205.2,2,9,3,171.352603275501,4
46820,2019,8,19283.684,205.2,2,9,3,1494.19705189604,2
46820,2019,8,19283.684,205.2,2,9,3,1498.23792439751,2
46820,2019,8,19283.684,205.2,2,9,3,1470.15824573991,2
46820,2019,8,19283.684,205.2,2,9,3,1290.57341087508,2
46820,2019,8,76015.336,205.2,2,9,3,449.856986131079,3
46820,2019,8,76015.336,205.2,2,9,3,462.025532906977,3
46820,2019,8,76015.336,205.2,2,9,3,461.776144513089,3
46820,2019,8,76015.336,205.2,2,9,3,2151.67308215509,1
46820,2019,8,76015.336,205.2,2,9,3,1774.98692471158,1
46820,2019,8,76015.336,205.2,2,9,3,813.20354079557,2
46820,2019,8,76015.336,205.2,2,9,3,419.321599242127,3
46820,2019,8,76015.336,205.2,2,9,3,171.352603275501,4
46820,2019,8,76015.336,205.2,2,9,3,1494.19705189604,2
46820,2019,8,76015.336,205.2,2,9,3,1498.23792439751,2
46820,2019,8,76015.336,205.2,2,9,3,1470.15824573991,2
46820,2019,8,76015.336,205.2,2,9,3,1290.57341087508,2
46820,2019,8,38388.414,205.2,2,9,3,449.856986131079,3
46820,2019,8,38388.414,205.2,2,9,3,462.025532906977,3
46820,2019,8,38388.414,205.2,2,9,3,461.776144513089,3
46820,2019,8,38388.414,205.2,2,9,3,2151.67308215509,1
46820,2019,8,38388.414,205.2,2,9,3,1774.98692471158,1
46820,2019,8,38388.414,205.2,2,9,3,813.20354079557,2
46820,2019,8,38388.414,205.2,2,9,3,419.321599242127,3
46820,2019,8,38388.414,205.2,2,9,3,171.352603275501,4
46820,2019,8,38388.414,205.2,2,9,3,1494.19705189604,2
46820,2019,8,38388.414,205.2,2,9,3,1498.23792439751,2
46820,2019,8,38388.414,205.2,2,9,3,1470.15824573991,2
46820,2019,8,38388.414,205.2,2,9,3,1290.57341087508,2
46820,2019,8,5666.32,205.2,2,9,3,449.856986131079,3
46820,2019,8,5666.32,205.2,2,9,3,462.025532906977,3
46820,2019,8,5666.32,205.2,2,9,3,461.776144513089,3
46820,2019,8,5666.32,205.2,2,9,3,2151.67308215509,1
46820,2019,8,5666.32,205.2,2,9,3,1774.98692471158,1
46820,2019,8,5666.32,205.2,2,9,3,813.20354079557,2
46820,2019,8,5666.32,205.2,2,9,3,419.321599242127,3
46820,2019,8,5666.32,205.2,2,9,3,171.352603275501,4
46820,2019,8,5666.32,205.2,2,9,3,1494.19705189604,2
46820,2019,8,5666.32,205.2,2,9,3,1498.23792439751,2
46820,2019,8,5666.32,205.2,2,9,3,1470.15824573991,2
46820,2019,8,5666.32,205.2,2,9,3,1290.57341087508,2
46820,2019,8,44994.535,205.2,2,9,3,449.856986131079,3
46820,2019,8,44994.535,205.2,2,9,3,462.025532906977,3
46820,2019,8,44994.535,205.2,2,9,3,461.776144513089,3
46820,2019,8,44994.535,205.2,2,9,3,2151.67308215509,1
46820,2019,8,44994.535,205.2,2,9,3,1774.98692471158,1
46820,2019,8,44994.535,205.2,2,9,3,813.20354079557,2
46820,2019,8,44994.535,205.2,2,9,3,419.321599242127,3
46820,2019,8,44994.535,205.2,2,9,3,171.352603275501,4
46820,2019,8,44994.535,205.2,2,9,3,1494.19705189604,2
46820,2019,8,44994.535,205.2,2,9,3,1498.23792439751,2
46820,2019,8,44994.535,205.2,2,9,3,1470.15824573991,2
46820,2019,8,44994.535,205.2,2,9,3,1290.57341087508,2
46820,2019,8,38225.844,205.2,2,9,3,449.856986131079,3
46820,2019,8,38225.844,205.2,2,9,3,462.025532906977,3
46820,2019,8,38225.844,205.2,2,9,3,461.776144513089,3
46820,2019,8,38225.844,205.2,2,9,3,2151.67308215509,1
46820,2019,8,38225.844,205.2,2,9,3,1774.98692471158,1
46820,2019,8,38225.844,205.2,2,9,3,813.20354079557,2
46820,2019,8,38225.844,205.2,2,9,3,419.321599242127,3
46820,2019,8,38225.844,205.2,2,9,3,171.352603275501,4
46820,2019,8,38225.844,205.2,2,9,3,1494.19705189604,2
46820,2019,8,38225.844,205.2,2,9,3,1498.23792439751,2
46820,2019,8,38225.844,205.2,2,9,3,1470.15824573991,2
46820,2019,8,38225.844,205.2,2,9,3,1290.57341087508,2
46820,2019,8,29105.312,205.2,2,9,3,449.856986131079,3
46820,2019,8,29105.312,205.2,2,9,3,462.025532906977,3
46820,2019,8,29105.312,205.2,2,9,3,461.776144513089,3
46820,2019,8,29105.312,205.2,2,9,3,2151.67308215509,1
46820,2019,8,29105.312,205.2,2,9,3,1774.98692471158,1
46820,2019,8,29105.312,205.2,2,9,3,813.20354079557,2
46820,2019,8,29105.312,205.2,2,9,3,419.321599242127,3
46820,2019,8,29105.312,205.2,2,9,3,171.352603275501,4
46820,2019,8,29105.312,205.2,2,9,3,1494.19705189604,2
46820,2019,8,29105.312,205.2,2,9,3,1498.23792439751,2
46820,2019,8,29105.312,205.2,2,9,3,1470.15824573991,2
46820,2019,8,29105.312,205.2,2,9,3,1290.57341087508,2
46820,2019,8,23810.383,205.2,2,9,3,449.856986131079,3
46820,2019,8,23810.383,205.2,2,9,3,462.025532906977,3
46820,2019,8,23810.383,205.2,2,9,3,461.776144513089,3
46820,2019,8,23810.383,205.2,2,9,3,2151.67308215509,1
46820,2019,8,23810.383,205.2,2,9,3,1774.98692471158,1
46820,2019,8,23810.383,205.2,2,9,3,813.20354079557,2
46820,2019,8,23810.383,205.2,2,9,3,419.321599242127,3
46820,2019,8,23810.383,205.2,2,9,3,171.352603275501,4
46820,2019,8,23810.383,205.2,2,9,3,1494.19705189604,2
46820,2019,8,23810.383,205.2,2,9,3,1498.23792439751,2
46820,2019,8,23810.383,205.2,2,9,3,1470.15824573991,2
46820,2019,8,23810.383,205.2,2,9,3,1290.57341087508,2
46820,2019,8,18603.648,205.2,2,9,3,449.856986131079,3
46820,2019,8,18603.648,205.2,2,9,3,462.025532906977,3
46820,2019,8,18603.648,205.2,2,9,3,461.776144513089,3
46820,2019,8,18603.648,205.2,2,9,3,2151.67308215509,1
46820,2019,8,18603.648,205.2,2,9,3,1774.98692471158,1
46820,2019,8,18603.648,205.2,2,9,3,813.20354079557,2
46820,2019,8,18603.648,205.2,2,9,3,419.321599242127,3
46820,2019,8,18603.648,205.2,2,9,3,171.352603275501,4
46820,2019,8,18603.648,205.2,2,9,3,1494.19705189604,2
46820,2019,8,18603.648,205.2,2,9,3,1498.23792439751,2
46820,2019,8,18603.648,205.2,2,9,3,1470.15824573991,2
46820,2019,8,18603.648,205.2,2,9,3,1290.57341087508,2
46820,2019,8,19895.236,205.2,2,9,3,449.856986131079,3
46820,2019,8,19895.236,205.2,2,9,3,462.025532906977,3
46820,2019,8,19895.236,205.2,2,9,3,461.776144513089,3
46820,2019,8,19895.236,205.2,2,9,3,2151.67308215509,1
46820,2019,8,19895.236,205.2,2,9,3,1774.98692471158,1
46820,2019,8,19895.236,205.2,2,9,3,813.20354079557,2
46820,2019,8,19895.236,205.2,2,9,3,419.321599242127,3
46820,2019,8,19895.236,205.2,2,9,3,171.352603275501,4
46820,2019,8,19895.236,205.2,2,9,3,1494.19705189604,2
46820,2019,8,19895.236,205.2,2,9,3,1498.23792439751,2
46820,2019,8,19895.236,205.2,2,9,3,1470.15824573991,2
46820,2019,8,19895.236,205.2,2,9,3,1290.57341087508,2
46820,2019,8,69992.7,205.2,2,9,3,449.856986131079,3
46820,2019,8,69992.7,205.2,2,9,3,462.025532906977,3
46820,2019,8,69992.7,205.2,2,9,3,461.776144513089,3
46820,2019,8,69992.7,205.2,2,9,3,2151.67308215509,1
46820,2019,8,69992.7,205.2,2,9,3,1774.98692471158,1
46820,2019,8,69992.7,205.2,2,9,3,813.20354079557,2
46820,2019,8,69992.7,205.2,2,9,3,419.321599242127,3
46820,2019,8,69992.7,205.2,2,9,3,171.352603275501,4
46820,2019,8,69992.7,205.2,2,9,3,1494.19705189604,2
46820,2019,8,69992.7,205.2,2,9,3,1498.23792439751,2
46820,2019,8,69992.7,205.2,2,9,3,1470.15824573991,2
46820,2019,8,69992.7,205.2,2,9,3,1290.57341087508,2
46820,2019,8,23597.309,205.2,2,9,3,449.856986131079,3
46820,2019,8,23597.309,205.2,2,9,3,462.025532906977,3
46820,2019,8,23597.309,205.2,2,9,3,461.776144513089,3
46820,2019,8,23597.309,205.2,2,9,3,2151.67308215509,1
46820,2019,8,23597.309,205.2,2,9,3,1774.98692471158,1
46820,2019,8,23597.309,205.2,2,9,3,813.20354079557,2
46820,2019,8,23597.309,205.2,2,9,3,419.321599242127,3
46820,2019,8,23597.309,205.2,2,9,3,171.352603275501,4
46820,2019,8,23597.309,205.2,2,9,3,1494.19705189604,2
46820,2019,8,23597.309,205.2,2,9,3,1498.23792439751,2
46820,2019,8,23597.309,205.2,2,9,3,1470.15824573991,2
46820,2019,8,23597.309,205.2,2,9,3,1290.57341087508,2
46820,2019,8,36138.992,205.2,2,9,3,449.856986131079,3
46820,2019,8,36138.992,205.2,2,9,3,462.025532906977,3
46820,2019,8,36138.992,205.2,2,9,3,461.776144513089,3
46820,2019,8,36138.992,205.2,2,9,3,2151.67308215509,1
46820,2019,8,36138.992,205.2,2,9,3,1774.98692471158,1
46820,2019,8,36138.992,205.2,2,9,3,813.20354079557,2
46820,2019,8,36138.992,205.2,2,9,3,419.321599242127,3
46820,2019,8,36138.992,205.2,2,9,3,171.352603275501,4
46820,2019,8,36138.992,205.2,2,9,3,1494.19705189604,2
46820,2019,8,36138.992,205.2,2,9,3,1498.23792439751,2
46820,2019,8,36138.992,205.2,2,9,3,1470.15824573991,2
46820,2019,8,36138.992,205.2,2,9,3,1290.57341087508,2
46820,2019,8,41584.086,205.2,2,9,3,449.856986131079,3
46820,2019,8,41584.086,205.2,2,9,3,462.025532906977,3
46820,2019,8,41584.086,205.2,2,9,3,461.776144513089,3
46820,2019,8,41584.086,205.2,2,9,3,2151.67308215509,1
46820,2019,8,41584.086,205.2,2,9,3,1774.98692471158,1
46820,2019,8,41584.086,205.2,2,9,3,813.20354079557,2
46820,2019,8,41584.086,205.2,2,9,3,419.321599242127,3
46820,2019,8,41584.086,205.2,2,9,3,171.352603275501,4
46820,2019,8,41584.086,205.2,2,9,3,1494.19705189604,2
46820,2019,8,41584.086,205.2,2,9,3,1498.23792439751,2
46820,2019,8,41584.086,205.2,2,9,3,1470.15824573991,2
46820,2019,8,41584.086,205.2,2,9,3,1290.57341087508,2
46820,2019,8,11505.908,205.2,2,9,3,449.856986131079,3
46820,2019,8,11505.908,205.2,2,9,3,462.025532906977,3
46820,2019,8,11505.908,205.2,2,9,3,461.776144513089,3
46820,2019,8,11505.908,205.2,2,9,3,2151.67308215509,1
46820,2019,8,11505.908,205.2,2,9,3,1774.98692471158,1
46820,2019,8,11505.908,205.2,2,9,3,813.20354079557,2
46820,2019,8,11505.908,205.2,2,9,3,419.321599242127,3
46820,2019,8,11505.908,205.2,2,9,3,171.352603275501,4
46820,2019,8,11505.908,205.2,2,9,3,1494.19705189604,2
46820,2019,8,11505.908,205.2,2,9,3,1498.23792439751,2
46820,2019,8,11505.908,205.2,2,9,3,1470.15824573991,2
46820,2019,8,11505.908,205.2,2,9,3,1290.57341087508,2
46820,2019,8,35352.477,205.2,2,9,3,449.856986131079,3
46820,2019,8,35352.477,205.2,2,9,3,462.025532906977,3
46820,2019,8,35352.477,205.2,2,9,3,461.776144513089,3
46820,2019,8,35352.477,205.2,2,9,3,2151.67308215509,1
46820,2019,8,35352.477,205.2,2,9,3,1774.98692471158,1
46820,2019,8,35352.477,205.2,2,9,3,813.20354079557,2
46820,2019,8,35352.477,205.2,2,9,3,419.321599242127,3
46820,2019,8,35352.477,205.2,2,9,3,171.352603275501,4
46820,2019,8,35352.477,205.2,2,9,3,1494.19705189604,2
46820,2019,8,35352.477,205.2,2,9,3,1498.23792439751,2
46820,2019,8,35352.477,205.2,2,9,3,1470.15824573991,2
46820,2019,8,35352.477,205.2,2,9,3,1290.57341087508,2
46820,2019,8,10392.407,205.2,2,9,3,449.856986131079,3
46820,2019,8,10392.407,205.2,2,9,3,462.025532906977,3
46820,2019,8,10392.407,205.2,2,9,3,461.776144513089,3
46820,2019,8,10392.407,205.2,2,9,3,2151.67308215509,1
46820,2019,8,10392.407,205.2,2,9,3,1774.98692471158,1
46820,2019,8,10392.407,205.2,2,9,3,813.20354079557,2
46820,2019,8,10392.407,205.2,2,9,3,419.321599242127,3
46820,2019,8,10392.407,205.2,2,9,3,171.352603275501,4
46820,2019,8,10392.407,205.2,2,9,3,1494.19705189604,2
46820,2019,8,10392.407,205.2,2,9,3,1498.23792439751,2
46820,2019,8,10392.407,205.2,2,9,3,1470.15824573991,2
46820,2019,8,10392.407,205.2,2,9,3,1290.57341087508,2
46870,2020,8,400618.0,382.4,1,28,3,196.67601087378,4
46870,2020,8,400618.0,382.4,1,28,3,205.471135033937,4
46870,2020,8,400618.0,382.4,1,28,3,3230.37586558516,1
46870,2020,8,400618.0,382.4,1,28,3,3172.79856389279,1
46870,2020,8,400618.0,382.4,1,28,3,3133.11044125216,1
46870,2020,8,400618.0,382.4,1,28,3,3100.17622367809,1
46870,2020,8,400618.0,382.4,1,28,3,3107.11326766603,1
46870,2020,8,400618.0,382.4,1,28,3,3101.90867340093,1
46870,2020,8,400618.0,382.4,1,28,3,6610.84312592388,1
46870,2020,8,400618.0,382.4,1,28,3,6620.73001682329,1
46870,2020,8,400618.0,382.4,1,28,3,6725.10449249011,1
46870,2020,8,400618.0,382.4,1,28,3,6739.27354516398,1
46870,2020,8,400618.0,382.4,1,28,3,7482.57593552265,1
46870,2020,8,400618.0,382.4,1,28,3,7556.35626519081,1
46870,2020,8,400618.0,382.4,1,28,3,7571.96001712197,1
46870,2020,8,400618.0,382.4,1,28,3,7518.32666063764,1
46870,2020,8,400618.0,382.4,1,28,3,7521.9738396139,1
46870,2020,8,400618.0,382.4,1,28,3,7525.57114359878,1
46870,2020,8,400618.0,382.4,1,28,3,7665.50402636732,1
46870,2020,8,400618.0,382.4,1,28,3,7594.34514764796,1
46870,2020,8,400618.0,382.4,1,28,3,7683.1369883875,1
46870,2020,8,400618.0,382.4,1,28,3,6997.91445032134,1
46870,2020,8,400618.0,382.4,1,28,3,7438.02698809865,1
46870,2020,8,400618.0,382.4,1,28,3,7457.04765807841,1
46870,2020,8,400618.0,382.4,1,28,3,7417.5822176824,1
46870,2020,8,400618.0,382.4,1,28,3,7051.25652068981,1
46870,2020,8,400618.0,382.4,1,28,3,7206.64719736159,1
46870,2020,8,400618.0,382.4,1,28,3,7201.24007084668,1
46870,2020,8,400618.0,382.4,1,28,3,6970.36257913734,1
46870,2020,8,400618.0,382.4,1,28,3,6708.33695830108,1
46870,2020,8,400618.0,382.4,1,28,3,74.4905325450912,5
46870,2020,8,511356.0,382.4,1,28,3,196.67601087378,4
46870,2020,8,511356.0,382.4,1,28,3,205.471135033937,4
46870,2020,8,511356.0,382.4,1,28,3,3230.37586558516,1
46870,2020,8,511356.0,382.4,1,28,3,3172.79856389279,1
46870,2020,8,511356.0,382.4,1,28,3,3133.11044125216,1
46870,2020,8,511356.0,382.4,1,28,3,3100.17622367809,1
46870,2020,8,511356.0,382.4,1,28,3,3107.11326766603,1
46870,2020,8,511356.0,382.4,1,28,3,3101.90867340093,1
46870,2020,8,511356.0,382.4,1,28,3,6610.84312592388,1
46870,2020,8,511356.0,382.4,1,28,3,6620.73001682329,1
46870,2020,8,511356.0,382.4,1,28,3,6725.10449249011,1
46870,2020,8,511356.0,382.4,1,28,3,6739.27354516398,1
46870,2020,8,511356.0,382.4,1,28,3,7482.57593552265,1
46870,2020,8,511356.0,382.4,1,28,3,7556.35626519081,1
46870,2020,8,511356.0,382.4,1,28,3,7571.96001712197,1
46870,2020,8,511356.0,382.4,1,28,3,7518.32666063764,1
46870,2020,8,511356.0,382.4,1,28,3,7521.9738396139,1
46870,2020,8,511356.0,382.4,1,28,3,7525.57114359878,1
46870,2020,8,511356.0,382.4,1,28,3,7665.50402636732,1
46870,2020,8,511356.0,382.4,1,28,3,7594.34514764796,1
46870,2020,8,511356.0,382.4,1,28,3,7683.1369883875,1
46870,2020,8,511356.0,382.4,1,28,3,6997.91445032134,1
46870,2020,8,511356.0,382.4,1,28,3,7438.02698809865,1
46870,2020,8,511356.0,382.4,1,28,3,7457.04765807841,1
46870,2020,8,511356.0,382.4,1,28,3,7417.5822176824,1
46870,2020,8,511356.0,382.4,1,28,3,7051.25652068981,1
46870,2020,8,511356.0,382.4,1,28,3,7206.64719736159,1
46870,2020,8,511356.0,382.4,1,28,3,7201.24007084668,1
46870,2020,8,511356.0,382.4,1,28,3,6970.36257913734,1
46870,2020,8,511356.0,382.4,1,28,3,6708.33695830108,1
46870,2020,8,511356.0,382.4,1,28,3,74.4905325450912,5
46870,2020,8,432923.0,382.4,1,28,3,196.67601087378,4
46870,2020,8,432923.0,382.4,1,28,3,205.471135033937,4
46870,2020,8,432923.0,382.4,1,28,3,3230.37586558516,1
46870,2020,8,432923.0,382.4,1,28,3,3172.79856389279,1
46870,2020,8,432923.0,382.4,1,28,3,3133.11044125216,1
46870,2020,8,432923.0,382.4,1,28,3,3100.17622367809,1
46870,2020,8,432923.0,382.4,1,28,3,3107.11326766603,1
46870,2020,8,432923.0,382.4,1,28,3,3101.90867340093,1
46870,2020,8,432923.0,382.4,1,28,3,6610.84312592388,1
46870,2020,8,432923.0,382.4,1,28,3,6620.73001682329,1
46870,2020,8,432923.0,382.4,1,28,3,6725.10449249011,1
46870,2020,8,432923.0,382.4,1,28,3,6739.27354516398,1
46870,2020,8,432923.0,382.4,1,28,3,7482.57593552265,1
46870,2020,8,432923.0,382.4,1,28,3,7556.35626519081,1
46870,2020,8,432923.0,382.4,1,28,3,7571.96001712197,1
46870,2020,8,432923.0,382.4,1,28,3,7518.32666063764,1
46870,2020,8,432923.0,382.4,1,28,3,7521.9738396139,1
46870,2020,8,432923.0,382.4,1,28,3,7525.57114359878,1
46870,2020,8,432923.0,382.4,1,28,3,7665.50402636732,1
46870,2020,8,432923.0,382.4,1,28,3,7594.34514764796,1
46870,2020,8,432923.0,382.4,1,28,3,7683.1369883875,1
46870,2020,8,432923.0,382.4,1,28,3,6997.91445032134,1
46870,2020,8,432923.0,382.4,1,28,3,7438.02698809865,1
46870,2020,8,432923.0,382.4,1,28,3,7457.04765807841,1
46870,2020,8,432923.0,382.4,1,28,3,7417.5822176824,1
46870,2020,8,432923.0,382.4,1,28,3,7051.25652068981,1
46870,2020,8,432923.0,382.4,1,28,3,7206.64719736159,1
46870,2020,8,432923.0,382.4,1,28,3,7201.24007084668,1
46870,2020,8,432923.0,382.4,1,28,3,6970.36257913734,1
46870,2020,8,432923.0,382.4,1,28,3,6708.33695830108,1
46870,2020,8,432923.0,382.4,1,28,3,74.4905325450912,5
46870,2020,8,386751.0,382.4,1,28,3,196.67601087378,4
46870,2020,8,386751.0,382.4,1,28,3,205.471135033937,4
46870,2020,8,386751.0,382.4,1,28,3,3230.37586558516,1
46870,2020,8,386751.0,382.4,1,28,3,3172.79856389279,1
46870,2020,8,386751.0,382.4,1,28,3,3133.11044125216,1
46870,2020,8,386751.0,382.4,1,28,3,3100.17622367809,1
46870,2020,8,386751.0,382.4,1,28,3,3107.11326766603,1
46870,2020,8,386751.0,382.4,1,28,3,3101.90867340093,1
46870,2020,8,386751.0,382.4,1,28,3,6610.84312592388,1
46870,2020,8,386751.0,382.4,1,28,3,6620.73001682329,1
46870,2020,8,386751.0,382.4,1,28,3,6725.10449249011,1
46870,2020,8,386751.0,382.4,1,28,3,6739.27354516398,1
46870,2020,8,386751.0,382.4,1,28,3,7482.57593552265,1
46870,2020,8,386751.0,382.4,1,28,3,7556.35626519081,1
46870,2020,8,386751.0,382.4,1,28,3,7571.96001712197,1
46870,2020,8,386751.0,382.4,1,28,3,7518.32666063764,1
46870,2020,8,386751.0,382.4,1,28,3,7521.9738396139,1
46870,2020,8,386751.0,382.4,1,28,3,7525.57114359878,1
46870,2020,8,386751.0,382.4,1,28,3,7665.50402636732,1
46870,2020,8,386751.0,382.4,1,28,3,7594.34514764796,1
46870,2020,8,386751.0,382.4,1,28,3,7683.1369883875,1
46870,2020,8,386751.0,382.4,1,28,3,6997.91445032134,1
46870,2020,8,386751.0,382.4,1,28,3,7438.02698809865,1
46870,2020,8,386751.0,382.4,1,28,3,7457.04765807841,1
46870,2020,8,386751.0,382.4,1,28,3,7417.5822176824,1
46870,2020,8,386751.0,382.4,1,28,3,7051.25652068981,1
46870,2020,8,386751.0,382.4,1,28,3,7206.64719736159,1
46870,2020,8,386751.0,382.4,1,28,3,7201.24007084668,1
46870,2020,8,386751.0,382.4,1,28,3,6970.36257913734,1
46870,2020,8,386751.0,382.4,1,28,3,6708.33695830108,1
46870,2020,8,386751.0,382.4,1,28,3,74.4905325450912,5
46870,2020,8,252104.0,382.4,1,28,3,196.67601087378,4
46870,2020,8,252104.0,382.4,1,28,3,205.471135033937,4
46870,2020,8,252104.0,382.4,1,28,3,3230.37586558516,1
46870,2020,8,252104.0,382.4,1,28,3,3172.79856389279,1
46870,2020,8,252104.0,382.4,1,28,3,3133.11044125216,1
46870,2020,8,252104.0,382.4,1,28,3,3100.17622367809,1
46870,2020,8,252104.0,382.4,1,28,3,3107.11326766603,1
46870,2020,8,252104.0,382.4,1,28,3,3101.90867340093,1
46870,2020,8,252104.0,382.4,1,28,3,6610.84312592388,1
46870,2020,8,252104.0,382.4,1,28,3,6620.73001682329,1
46870,2020,8,252104.0,382.4,1,28,3,6725.10449249011,1
46870,2020,8,252104.0,382.4,1,28,3,6739.27354516398,1
46870,2020,8,252104.0,382.4,1,28,3,7482.57593552265,1
46870,2020,8,252104.0,382.4,1,28,3,7556.35626519081,1
46870,2020,8,252104.0,382.4,1,28,3,7571.96001712197,1
46870,2020,8,252104.0,382.4,1,28,3,7518.32666063764,1
46870,2020,8,252104.0,382.4,1,28,3,7521.9738396139,1
46870,2020,8,252104.0,382.4,1,28,3,7525.57114359878,1
46870,2020,8,252104.0,382.4,1,28,3,7665.50402636732,1
46870,2020,8,252104.0,382.4,1,28,3,7594.34514764796,1
46870,2020,8,252104.0,382.4,1,28,3,7683.1369883875,1
46870,2020,8,252104.0,382.4,1,28,3,6997.91445032134,1
46870,2020,8,252104.0,382.4,1,28,3,7438.02698809865,1
46870,2020,8,252104.0,382.4,1,28,3,7457.04765807841,1
46870,2020,8,252104.0,382.4,1,28,3,7417.5822176824,1
46870,2020,8,252104.0,382.4,1,28,3,7051.25652068981,1
46870,2020,8,252104.0,382.4,1,28,3,7206.64719736159,1
46870,2020,8,252104.0,382.4,1,28,3,7201.24007084668,1
46870,2020,8,252104.0,382.4,1,28,3,6970.36257913734,1
46870,2020,8,252104.0,382.4,1,28,3,6708.33695830108,1
46870,2020,8,252104.0,382.4,1,28,3,74.4905325450912,5
46870,2020,8,322062.0,382.4,1,28,3,196.67601087378,4
46870,2020,8,322062.0,382.4,1,28,3,205.471135033937,4
46870,2020,8,322062.0,382.4,1,28,3,3230.37586558516,1
46870,2020,8,322062.0,382.4,1,28,3,3172.79856389279,1
46870,2020,8,322062.0,382.4,1,28,3,3133.11044125216,1
46870,2020,8,322062.0,382.4,1,28,3,3100.17622367809,1
46870,2020,8,322062.0,382.4,1,28,3,3107.11326766603,1
46870,2020,8,322062.0,382.4,1,28,3,3101.90867340093,1
46870,2020,8,322062.0,382.4,1,28,3,6610.84312592388,1
46870,2020,8,322062.0,382.4,1,28,3,6620.73001682329,1
46870,2020,8,322062.0,382.4,1,28,3,6725.10449249011,1
46870,2020,8,322062.0,382.4,1,28,3,6739.27354516398,1
46870,2020,8,322062.0,382.4,1,28,3,7482.57593552265,1
46870,2020,8,322062.0,382.4,1,28,3,7556.35626519081,1
46870,2020,8,322062.0,382.4,1,28,3,7571.96001712197,1
46870,2020,8,322062.0,382.4,1,28,3,7518.32666063764,1
46870,2020,8,322062.0,382.4,1,28,3,7521.9738396139,1
46870,2020,8,322062.0,382.4,1,28,3,7525.57114359878,1
46870,2020,8,322062.0,382.4,1,28,3,7665.50402636732,1
46870,2020,8,322062.0,382.4,1,28,3,7594.34514764796,1
46870,2020,8,322062.0,382.4,1,28,3,7683.1369883875,1
46870,2020,8,322062.0,382.4,1,28,3,6997.91445032134,1
46870,2020,8,322062.0,382.4,1,28,3,7438.02698809865,1
46870,2020,8,322062.0,382.4,1,28,3,7457.04765807841,1
46870,2020,8,322062.0,382.4,1,28,3,7417.5822176824,1
46870,2020,8,322062.0,382.4,1,28,3,7051.25652068981,1
46870,2020,8,322062.0,382.4,1,28,3,7206.64719736159,1
46870,2020,8,322062.0,382.4,1,28,3,7201.24007084668,1
46870,2020,8,322062.0,382.4,1,28,3,6970.36257913734,1
46870,2020,8,322062.0,382.4,1,28,3,6708.33695830108,1
46870,2020,8,322062.0,382.4,1,28,3,74.4905325450912,5
46870,2020,8,581964.0,382.4,1,28,3,196.67601087378,4
46870,2020,8,581964.0,382.4,1,28,3,205.471135033937,4
46870,2020,8,581964.0,382.4,1,28,3,3230.37586558516,1
46870,2020,8,581964.0,382.4,1,28,3,3172.79856389279,1
46870,2020,8,581964.0,382.4,1,28,3,3133.11044125216,1
46870,2020,8,581964.0,382.4,1,28,3,3100.17622367809,1
46870,2020,8,581964.0,382.4,1,28,3,3107.11326766603,1
46870,2020,8,581964.0,382.4,1,28,3,3101.90867340093,1
46870,2020,8,581964.0,382.4,1,28,3,6610.84312592388,1
46870,2020,8,581964.0,382.4,1,28,3,6620.73001682329,1
46870,2020,8,581964.0,382.4,1,28,3,6725.10449249011,1
46870,2020,8,581964.0,382.4,1,28,3,6739.27354516398,1
46870,2020,8,581964.0,382.4,1,28,3,7482.57593552265,1
46870,2020,8,581964.0,382.4,1,28,3,7556.35626519081,1
46870,2020,8,581964.0,382.4,1,28,3,7571.96001712197,1
46870,2020,8,581964.0,382.4,1,28,3,7518.32666063764,1
46870,2020,8,581964.0,382.4,1,28,3,7521.9738396139,1
46870,2020,8,581964.0,382.4,1,28,3,7525.57114359878,1
46870,2020,8,581964.0,382.4,1,28,3,7665.50402636732,1
46870,2020,8,581964.0,382.4,1,28,3,7594.34514764796,1
46870,2020,8,581964.0,382.4,1,28,3,7683.1369883875,1
46870,2020,8,581964.0,382.4,1,28,3,6997.91445032134,1
46870,2020,8,581964.0,382.4,1,28,3,7438.02698809865,1
46870,2020,8,581964.0,382.4,1,28,3,7457.04765807841,1
46870,2020,8,581964.0,382.4,1,28,3,7417.5822176824,1
46870,2020,8,581964.0,382.4,1,28,3,7051.25652068981,1
46870,2020,8,581964.0,382.4,1,28,3,7206.64719736159,1
46870,2020,8,581964.0,382.4,1,28,3,7201.24007084668,1
46870,2020,8,581964.0,382.4,1,28,3,6970.36257913734,1
46870,2020,8,581964.0,382.4,1,28,3,6708.33695830108,1
46870,2020,8,581964.0,382.4,1,28,3,74.4905325450912,5
46870,2020,8,204490.0,382.4,1,28,3,196.67601087378,4
46870,2020,8,204490.0,382.4,1,28,3,205.471135033937,4
46870,2020,8,204490.0,382.4,1,28,3,3230.37586558516,1
46870,2020,8,204490.0,382.4,1,28,3,3172.79856389279,1
46870,2020,8,204490.0,382.4,1,28,3,3133.11044125216,1
46870,2020,8,204490.0,382.4,1,28,3,3100.17622367809,1
46870,2020,8,204490.0,382.4,1,28,3,3107.11326766603,1
46870,2020,8,204490.0,382.4,1,28,3,3101.90867340093,1
46870,2020,8,204490.0,382.4,1,28,3,6610.84312592388,1
46870,2020,8,204490.0,382.4,1,28,3,6620.73001682329,1
46870,2020,8,204490.0,382.4,1,28,3,6725.10449249011,1
46870,2020,8,204490.0,382.4,1,28,3,6739.27354516398,1
46870,2020,8,204490.0,382.4,1,28,3,7482.57593552265,1
46870,2020,8,204490.0,382.4,1,28,3,7556.35626519081,1
46870,2020,8,204490.0,382.4,1,28,3,7571.96001712197,1
46870,2020,8,204490.0,382.4,1,28,3,7518.32666063764,1
46870,2020,8,204490.0,382.4,1,28,3,7521.9738396139,1
46870,2020,8,204490.0,382.4,1,28,3,7525.57114359878,1
46870,2020,8,204490.0,382.4,1,28,3,7665.50402636732,1
46870,2020,8,204490.0,382.4,1,28,3,7594.34514764796,1
46870,2020,8,204490.0,382.4,1,28,3,7683.1369883875,1
46870,2020,8,204490.0,382.4,1,28,3,6997.91445032134,1
46870,2020,8,204490.0,382.4,1,28,3,7438.02698809865,1
46870,2020,8,204490.0,382.4,1,28,3,7457.04765807841,1
46870,2020,8,204490.0,382.4,1,28,3,7417.5822176824,1
46870,2020,8,204490.0,382.4,1,28,3,7051.25652068981,1
46870,2020,8,204490.0,382.4,1,28,3,7206.64719736159,1
46870,2020,8,204490.0,382.4,1,28,3,7201.24007084668,1
46870,2020,8,204490.0,382.4,1,28,3,6970.36257913734,1
46870,2020,8,204490.0,382.4,1,28,3,6708.33695830108,1
46870,2020,8,204490.0,382.4,1,28,3,74.4905325450912,5
46870,2020,8,629878.0,382.4,1,28,3,196.67601087378,4
46870,2020,8,629878.0,382.4,1,28,3,205.471135033937,4
46870,2020,8,629878.0,382.4,1,28,3,3230.37586558516,1
46870,2020,8,629878.0,382.4,1,28,3,3172.79856389279,1
46870,2020,8,629878.0,382.4,1,28,3,3133.11044125216,1
46870,2020,8,629878.0,382.4,1,28,3,3100.17622367809,1
46870,2020,8,629878.0,382.4,1,28,3,3107.11326766603,1
46870,2020,8,629878.0,382.4,1,28,3,3101.90867340093,1
46870,2020,8,629878.0,382.4,1,28,3,6610.84312592388,1
46870,2020,8,629878.0,382.4,1,28,3,6620.73001682329,1
46870,2020,8,629878.0,382.4,1,28,3,6725.10449249011,1
46870,2020,8,629878.0,382.4,1,28,3,6739.27354516398,1
46870,2020,8,629878.0,382.4,1,28,3,7482.57593552265,1
46870,2020,8,629878.0,382.4,1,28,3,7556.35626519081,1
46870,2020,8,629878.0,382.4,1,28,3,7571.96001712197,1
46870,2020,8,629878.0,382.4,1,28,3,7518.32666063764,1
46870,2020,8,629878.0,382.4,1,28,3,7521.9738396139,1
46870,2020,8,629878.0,382.4,1,28,3,7525.57114359878,1
46870,2020,8,629878.0,382.4,1,28,3,7665.50402636732,1
46870,2020,8,629878.0,382.4,1,28,3,7594.34514764796,1
46870,2020,8,629878.0,382.4,1,28,3,7683.1369883875,1
46870,2020,8,629878.0,382.4,1,28,3,6997.91445032134,1
46870,2020,8,629878.0,382.4,1,28,3,7438.02698809865,1
46870,2020,8,629878.0,382.4,1,28,3,7457.04765807841,1
46870,2020,8,629878.0,382.4,1,28,3,7417.5822176824,1
46870,2020,8,629878.0,382.4,1,28,3,7051.25652068981,1
46870,2020,8,629878.0,382.4,1,28,3,7206.64719736159,1
46870,2020,8,629878.0,382.4,1,28,3,7201.24007084668,1
46870,2020,8,629878.0,382.4,1,28,3,6970.36257913734,1
46870,2020,8,629878.0,382.4,1,28,3,6708.33695830108,1
46870,2020,8,629878.0,382.4,1,28,3,74.4905325450912,5
46870,2020,8,1168451.0,382.4,1,28,3,196.67601087378,4
46870,2020,8,1168451.0,382.4,1,28,3,205.471135033937,4
46870,2020,8,1168451.0,382.4,1,28,3,3230.37586558516,1
46870,2020,8,1168451.0,382.4,1,28,3,3172.79856389279,1
46870,2020,8,1168451.0,382.4,1,28,3,3133.11044125216,1
46870,2020,8,1168451.0,382.4,1,28,3,3100.17622367809,1
46870,2020,8,1168451.0,382.4,1,28,3,3107.11326766603,1
46870,2020,8,1168451.0,382.4,1,28,3,3101.90867340093,1
46870,2020,8,1168451.0,382.4,1,28,3,6610.84312592388,1
46870,2020,8,1168451.0,382.4,1,28,3,6620.73001682329,1
46870,2020,8,1168451.0,382.4,1,28,3,6725.10449249011,1
46870,2020,8,1168451.0,382.4,1,28,3,6739.27354516398,1
46870,2020,8,1168451.0,382.4,1,28,3,7482.57593552265,1
46870,2020,8,1168451.0,382.4,1,28,3,7556.35626519081,1
46870,2020,8,1168451.0,382.4,1,28,3,7571.96001712197,1
46870,2020,8,1168451.0,382.4,1,28,3,7518.32666063764,1
46870,2020,8,1168451.0,382.4,1,28,3,7521.9738396139,1
46870,2020,8,1168451.0,382.4,1,28,3,7525.57114359878,1
46870,2020,8,1168451.0,382.4,1,28,3,7665.50402636732,1
46870,2020,8,1168451.0,382.4,1,28,3,7594.34514764796,1
46870,2020,8,1168451.0,382.4,1,28,3,7683.1369883875,1
46870,2020,8,1168451.0,382.4,1,28,3,6997.91445032134,1
46870,2020,8,1168451.0,382.4,1,28,3,7438.02698809865,1
46870,2020,8,1168451.0,382.4,1,28,3,7457.04765807841,1
46870,2020,8,1168451.0,382.4,1,28,3,7417.5822176824,1
46870,2020,8,1168451.0,382.4,1,28,3,7051.25652068981,1
46870,2020,8,1168451.0,382.4,1,28,3,7206.64719736159,1
46870,2020,8,1168451.0,382.4,1,28,3,7201.24007084668,1
46870,2020,8,1168451.0,382.4,1,28,3,6970.36257913734,1
46870,2020,8,1168451.0,382.4,1,28,3,6708.33695830108,1
46870,2020,8,1168451.0,382.4,1,28,3,74.4905325450912,5
46870,2020,8,203300.0,382.4,1,28,3,196.67601087378,4
46870,2020,8,203300.0,382.4,1,28,3,205.471135033937,4
46870,2020,8,203300.0,382.4,1,28,3,3230.37586558516,1
46870,2020,8,203300.0,382.4,1,28,3,3172.79856389279,1
46870,2020,8,203300.0,382.4,1,28,3,3133.11044125216,1
46870,2020,8,203300.0,382.4,1,28,3,3100.17622367809,1
46870,2020,8,203300.0,382.4,1,28,3,3107.11326766603,1
46870,2020,8,203300.0,382.4,1,28,3,3101.90867340093,1
46870,2020,8,203300.0,382.4,1,28,3,6610.84312592388,1
46870,2020,8,203300.0,382.4,1,28,3,6620.73001682329,1
46870,2020,8,203300.0,382.4,1,28,3,6725.10449249011,1
46870,2020,8,203300.0,382.4,1,28,3,6739.27354516398,1
46870,2020,8,203300.0,382.4,1,28,3,7482.57593552265,1
46870,2020,8,203300.0,382.4,1,28,3,7556.35626519081,1
46870,2020,8,203300.0,382.4,1,28,3,7571.96001712197,1
46870,2020,8,203300.0,382.4,1,28,3,7518.32666063764,1
46870,2020,8,203300.0,382.4,1,28,3,7521.9738396139,1
46870,2020,8,203300.0,382.4,1,28,3,7525.57114359878,1
46870,2020,8,203300.0,382.4,1,28,3,7665.50402636732,1
46870,2020,8,203300.0,382.4,1,28,3,7594.34514764796,1
46870,2020,8,203300.0,382.4,1,28,3,7683.1369883875,1
46870,2020,8,203300.0,382.4,1,28,3,6997.91445032134,1
46870,2020,8,203300.0,382.4,1,28,3,7438.02698809865,1
46870,2020,8,203300.0,382.4,1,28,3,7457.04765807841,1
46870,2020,8,203300.0,382.4,1,28,3,7417.5822176824,1
46870,2020,8,203300.0,382.4,1,28,3,7051.25652068981,1
46870,2020,8,203300.0,382.4,1,28,3,7206.64719736159,1
46870,2020,8,203300.0,382.4,1,28,3,7201.24007084668,1
46870,2020,8,203300.0,382.4,1,28,3,6970.36257913734,1
46870,2020,8,203300.0,382.4,1,28,3,6708.33695830108,1
46870,2020,8,203300.0,382.4,1,28,3,74.4905325450912,5
46870,2020,8,231259.0,382.4,1,28,3,196.67601087378,4
46870,2020,8,231259.0,382.4,1,28,3,205.471135033937,4
46870,2020,8,231259.0,382.4,1,28,3,3230.37586558516,1
46870,2020,8,231259.0,382.4,1,28,3,3172.79856389279,1
46870,2020,8,231259.0,382.4,1,28,3,3133.11044125216,1
46870,2020,8,231259.0,382.4,1,28,3,3100.17622367809,1
46870,2020,8,231259.0,382.4,1,28,3,3107.11326766603,1
46870,2020,8,231259.0,382.4,1,28,3,3101.90867340093,1
46870,2020,8,231259.0,382.4,1,28,3,6610.84312592388,1
46870,2020,8,231259.0,382.4,1,28,3,6620.73001682329,1
46870,2020,8,231259.0,382.4,1,28,3,6725.10449249011,1
46870,2020,8,231259.0,382.4,1,28,3,6739.27354516398,1
46870,2020,8,231259.0,382.4,1,28,3,7482.57593552265,1
46870,2020,8,231259.0,382.4,1,28,3,7556.35626519081,1
46870,2020,8,231259.0,382.4,1,28,3,7571.96001712197,1
46870,2020,8,231259.0,382.4,1,28,3,7518.32666063764,1
46870,2020,8,231259.0,382.4,1,28,3,7521.9738396139,1
46870,2020,8,231259.0,382.4,1,28,3,7525.57114359878,1
46870,2020,8,231259.0,382.4,1,28,3,7665.50402636732,1
46870,2020,8,231259.0,382.4,1,28,3,7594.34514764796,1
46870,2020,8,231259.0,382.4,1,28,3,7683.1369883875,1
46870,2020,8,231259.0,382.4,1,28,3,6997.91445032134,1
46870,2020,8,231259.0,382.4,1,28,3,7438.02698809865,1
46870,2020,8,231259.0,382.4,1,28,3,7457.04765807841,1
46870,2020,8,231259.0,382.4,1,28,3,7417.5822176824,1
46870,2020,8,231259.0,382.4,1,28,3,7051.25652068981,1
46870,2020,8,231259.0,382.4,1,28,3,7206.64719736159,1
46870,2020,8,231259.0,382.4,1,28,3,7201.24007084668,1
46870,2020,8,231259.0,382.4,1,28,3,6970.36257913734,1
46870,2020,8,231259.0,382.4,1,28,3,6708.33695830108,1
46870,2020,8,231259.0,382.4,1,28,3,74.4905325450912,5
46870,2020,8,160980.0,382.4,1,28,3,196.67601087378,4
46870,2020,8,160980.0,382.4,1,28,3,205.471135033937,4
46870,2020,8,160980.0,382.4,1,28,3,3230.37586558516,1
46870,2020,8,160980.0,382.4,1,28,3,3172.79856389279,1
46870,2020,8,160980.0,382.4,1,28,3,3133.11044125216,1
46870,2020,8,160980.0,382.4,1,28,3,3100.17622367809,1
46870,2020,8,160980.0,382.4,1,28,3,3107.11326766603,1
46870,2020,8,160980.0,382.4,1,28,3,3101.90867340093,1
46870,2020,8,160980.0,382.4,1,28,3,6610.84312592388,1
46870,2020,8,160980.0,382.4,1,28,3,6620.73001682329,1
46870,2020,8,160980.0,382.4,1,28,3,6725.10449249011,1
46870,2020,8,160980.0,382.4,1,28,3,6739.27354516398,1
46870,2020,8,160980.0,382.4,1,28,3,7482.57593552265,1
46870,2020,8,160980.0,382.4,1,28,3,7556.35626519081,1
46870,2020,8,160980.0,382.4,1,28,3,7571.96001712197,1
46870,2020,8,160980.0,382.4,1,28,3,7518.32666063764,1
46870,2020,8,160980.0,382.4,1,28,3,7521.9738396139,1
46870,2020,8,160980.0,382.4,1,28,3,7525.57114359878,1
46870,2020,8,160980.0,382.4,1,28,3,7665.50402636732,1
46870,2020,8,160980.0,382.4,1,28,3,7594.34514764796,1
46870,2020,8,160980.0,382.4,1,28,3,7683.1369883875,1
46870,2020,8,160980.0,382.4,1,28,3,6997.91445032134,1
46870,2020,8,160980.0,382.4,1,28,3,7438.02698809865,1
46870,2020,8,160980.0,382.4,1,28,3,7457.04765807841,1
46870,2020,8,160980.0,382.4,1,28,3,7417.5822176824,1
46870,2020,8,160980.0,382.4,1,28,3,7051.25652068981,1
46870,2020,8,160980.0,382.4,1,28,3,7206.64719736159,1
46870,2020,8,160980.0,382.4,1,28,3,7201.24007084668,1
46870,2020,8,160980.0,382.4,1,28,3,6970.36257913734,1
46870,2020,8,160980.0,382.4,1,28,3,6708.33695830108,1
46870,2020,8,160980.0,382.4,1,28,3,74.4905325450912,5
46870,2020,8,86751.0,382.4,1,28,3,196.67601087378,4
46870,2020,8,86751.0,382.4,1,28,3,205.471135033937,4
46870,2020,8,86751.0,382.4,1,28,3,3230.37586558516,1
46870,2020,8,86751.0,382.4,1,28,3,3172.79856389279,1
46870,2020,8,86751.0,382.4,1,28,3,3133.11044125216,1
46870,2020,8,86751.0,382.4,1,28,3,3100.17622367809,1
46870,2020,8,86751.0,382.4,1,28,3,3107.11326766603,1
46870,2020,8,86751.0,382.4,1,28,3,3101.90867340093,1
46870,2020,8,86751.0,382.4,1,28,3,6610.84312592388,1
46870,2020,8,86751.0,382.4,1,28,3,6620.73001682329,1
46870,2020,8,86751.0,382.4,1,28,3,6725.10449249011,1
46870,2020,8,86751.0,382.4,1,28,3,6739.27354516398,1
46870,2020,8,86751.0,382.4,1,28,3,7482.57593552265,1
46870,2020,8,86751.0,382.4,1,28,3,7556.35626519081,1
46870,2020,8,86751.0,382.4,1,28,3,7571.96001712197,1
46870,2020,8,86751.0,382.4,1,28,3,7518.32666063764,1
46870,2020,8,86751.0,382.4,1,28,3,7521.9738396139,1
46870,2020,8,86751.0,382.4,1,28,3,7525.57114359878,1
46870,2020,8,86751.0,382.4,1,28,3,7665.50402636732,1
46870,2020,8,86751.0,382.4,1,28,3,7594.34514764796,1
46870,2020,8,86751.0,382.4,1,28,3,7683.1369883875,1
46870,2020,8,86751.0,382.4,1,28,3,6997.91445032134,1
46870,2020,8,86751.0,382.4,1,28,3,7438.02698809865,1
46870,2020,8,86751.0,382.4,1,28,3,7457.04765807841,1
46870,2020,8,86751.0,382.4,1,28,3,7417.5822176824,1
46870,2020,8,86751.0,382.4,1,28,3,7051.25652068981,1
46870,2020,8,86751.0,382.4,1,28,3,7206.64719736159,1
46870,2020,8,86751.0,382.4,1,28,3,7201.24007084668,1
46870,2020,8,86751.0,382.4,1,28,3,6970.36257913734,1
46870,2020,8,86751.0,382.4,1,28,3,6708.33695830108,1
46870,2020,8,86751.0,382.4,1,28,3,74.4905325450912,5
46870,2020,8,135383.0,382.4,1,28,3,196.67601087378,4
46870,2020,8,135383.0,382.4,1,28,3,205.471135033937,4
46870,2020,8,135383.0,382.4,1,28,3,3230.37586558516,1
46870,2020,8,135383.0,382.4,1,28,3,3172.79856389279,1
46870,2020,8,135383.0,382.4,1,28,3,3133.11044125216,1
46870,2020,8,135383.0,382.4,1,28,3,3100.17622367809,1
46870,2020,8,135383.0,382.4,1,28,3,3107.11326766603,1
46870,2020,8,135383.0,382.4,1,28,3,3101.90867340093,1
46870,2020,8,135383.0,382.4,1,28,3,6610.84312592388,1
46870,2020,8,135383.0,382.4,1,28,3,6620.73001682329,1
46870,2020,8,135383.0,382.4,1,28,3,6725.10449249011,1
46870,2020,8,135383.0,382.4,1,28,3,6739.27354516398,1
46870,2020,8,135383.0,382.4,1,28,3,7482.57593552265,1
46870,2020,8,135383.0,382.4,1,28,3,7556.35626519081,1
46870,2020,8,135383.0,382.4,1,28,3,7571.96001712197,1
46870,2020,8,135383.0,382.4,1,28,3,7518.32666063764,1
46870,2020,8,135383.0,382.4,1,28,3,7521.9738396139,1
46870,2020,8,135383.0,382.4,1,28,3,7525.57114359878,1
46870,2020,8,135383.0,382.4,1,28,3,7665.50402636732,1
46870,2020,8,135383.0,382.4,1,28,3,7594.34514764796,1
46870,2020,8,135383.0,382.4,1,28,3,7683.1369883875,1
46870,2020,8,135383.0,382.4,1,28,3,6997.91445032134,1
46870,2020,8,135383.0,382.4,1,28,3,7438.02698809865,1
46870,2020,8,135383.0,382.4,1,28,3,7457.04765807841,1
46870,2020,8,135383.0,382.4,1,28,3,7417.5822176824,1
46870,2020,8,135383.0,382.4,1,28,3,7051.25652068981,1
46870,2020,8,135383.0,382.4,1,28,3,7206.64719736159,1
46870,2020,8,135383.0,382.4,1,28,3,7201.24007084668,1
46870,2020,8,135383.0,382.4,1,28,3,6970.36257913734,1
46870,2020,8,135383.0,382.4,1,28,3,6708.33695830108,1
46870,2020,8,135383.0,382.4,1,28,3,74.4905325450912,5
46870,2020,8,103665.0,382.4,1,28,3,196.67601087378,4
46870,2020,8,103665.0,382.4,1,28,3,205.471135033937,4
46870,2020,8,103665.0,382.4,1,28,3,3230.37586558516,1
46870,2020,8,103665.0,382.4,1,28,3,3172.79856389279,1
46870,2020,8,103665.0,382.4,1,28,3,3133.11044125216,1
46870,2020,8,103665.0,382.4,1,28,3,3100.17622367809,1
46870,2020,8,103665.0,382.4,1,28,3,3107.11326766603,1
46870,2020,8,103665.0,382.4,1,28,3,3101.90867340093,1
46870,2020,8,103665.0,382.4,1,28,3,6610.84312592388,1
46870,2020,8,103665.0,382.4,1,28,3,6620.73001682329,1
46870,2020,8,103665.0,382.4,1,28,3,6725.10449249011,1
46870,2020,8,103665.0,382.4,1,28,3,6739.27354516398,1
46870,2020,8,103665.0,382.4,1,28,3,7482.57593552265,1
46870,2020,8,103665.0,382.4,1,28,3,7556.35626519081,1
46870,2020,8,103665.0,382.4,1,28,3,7571.96001712197,1
46870,2020,8,103665.0,382.4,1,28,3,7518.32666063764,1
46870,2020,8,103665.0,382.4,1,28,3,7521.9738396139,1
46870,2020,8,103665.0,382.4,1,28,3,7525.57114359878,1
46870,2020,8,103665.0,382.4,1,28,3,7665.50402636732,1
46870,2020,8,103665.0,382.4,1,28,3,7594.34514764796,1
46870,2020,8,103665.0,382.4,1,28,3,7683.1369883875,1
46870,2020,8,103665.0,382.4,1,28,3,6997.91445032134,1
46870,2020,8,103665.0,382.4,1,28,3,7438.02698809865,1
46870,2020,8,103665.0,382.4,1,28,3,7457.04765807841,1
46870,2020,8,103665.0,382.4,1,28,3,7417.5822176824,1
46870,2020,8,103665.0,382.4,1,28,3,7051.25652068981,1
46870,2020,8,103665.0,382.4,1,28,3,7206.64719736159,1
46870,2020,8,103665.0,382.4,1,28,3,7201.24007084668,1
46870,2020,8,103665.0,382.4,1,28,3,6970.36257913734,1
46870,2020,8,103665.0,382.4,1,28,3,6708.33695830108,1
46870,2020,8,103665.0,382.4,1,28,3,74.4905325450912,5
46870,2020,8,150562.0,382.4,1,28,3,196.67601087378,4
46870,2020,8,150562.0,382.4,1,28,3,205.471135033937,4
46870,2020,8,150562.0,382.4,1,28,3,3230.37586558516,1
46870,2020,8,150562.0,382.4,1,28,3,3172.79856389279,1
46870,2020,8,150562.0,382.4,1,28,3,3133.11044125216,1
46870,2020,8,150562.0,382.4,1,28,3,3100.17622367809,1
46870,2020,8,150562.0,382.4,1,28,3,3107.11326766603,1
46870,2020,8,150562.0,382.4,1,28,3,3101.90867340093,1
46870,2020,8,150562.0,382.4,1,28,3,6610.84312592388,1
46870,2020,8,150562.0,382.4,1,28,3,6620.73001682329,1
46870,2020,8,150562.0,382.4,1,28,3,6725.10449249011,1
46870,2020,8,150562.0,382.4,1,28,3,6739.27354516398,1
46870,2020,8,150562.0,382.4,1,28,3,7482.57593552265,1
46870,2020,8,150562.0,382.4,1,28,3,7556.35626519081,1
46870,2020,8,150562.0,382.4,1,28,3,7571.96001712197,1
46870,2020,8,150562.0,382.4,1,28,3,7518.32666063764,1
46870,2020,8,150562.0,382.4,1,28,3,7521.9738396139,1
46870,2020,8,150562.0,382.4,1,28,3,7525.57114359878,1
46870,2020,8,150562.0,382.4,1,28,3,7665.50402636732,1
46870,2020,8,150562.0,382.4,1,28,3,7594.34514764796,1
46870,2020,8,150562.0,382.4,1,28,3,7683.1369883875,1
46870,2020,8,150562.0,382.4,1,28,3,6997.91445032134,1
46870,2020,8,150562.0,382.4,1,28,3,7438.02698809865,1
46870,2020,8,150562.0,382.4,1,28,3,7457.04765807841,1
46870,2020,8,150562.0,382.4,1,28,3,7417.5822176824,1
46870,2020,8,150562.0,382.4,1,28,3,7051.25652068981,1
46870,2020,8,150562.0,382.4,1,28,3,7206.64719736159,1
46870,2020,8,150562.0,382.4,1,28,3,7201.24007084668,1
46870,2020,8,150562.0,382.4,1,28,3,6970.36257913734,1
46870,2020,8,150562.0,382.4,1,28,3,6708.33695830108,1
46870,2020,8,150562.0,382.4,1,28,3,74.4905325450912,5
46870,2020,8,2658469.0,382.4,1,28,3,196.67601087378,4
46870,2020,8,2658469.0,382.4,1,28,3,205.471135033937,4
46870,2020,8,2658469.0,382.4,1,28,3,3230.37586558516,1
46870,2020,8,2658469.0,382.4,1,28,3,3172.79856389279,1
46870,2020,8,2658469.0,382.4,1,28,3,3133.11044125216,1
46870,2020,8,2658469.0,382.4,1,28,3,3100.17622367809,1
46870,2020,8,2658469.0,382.4,1,28,3,3107.11326766603,1
46870,2020,8,2658469.0,382.4,1,28,3,3101.90867340093,1
46870,2020,8,2658469.0,382.4,1,28,3,6610.84312592388,1
46870,2020,8,2658469.0,382.4,1,28,3,6620.73001682329,1
46870,2020,8,2658469.0,382.4,1,28,3,6725.10449249011,1
46870,2020,8,2658469.0,382.4,1,28,3,6739.27354516398,1
46870,2020,8,2658469.0,382.4,1,28,3,7482.57593552265,1
46870,2020,8,2658469.0,382.4,1,28,3,7556.35626519081,1
46870,2020,8,2658469.0,382.4,1,28,3,7571.96001712197,1
46870,2020,8,2658469.0,382.4,1,28,3,7518.32666063764,1
46870,2020,8,2658469.0,382.4,1,28,3,7521.9738396139,1
46870,2020,8,2658469.0,382.4,1,28,3,7525.57114359878,1
46870,2020,8,2658469.0,382.4,1,28,3,7665.50402636732,1
46870,2020,8,2658469.0,382.4,1,28,3,7594.34514764796,1
46870,2020,8,2658469.0,382.4,1,28,3,7683.1369883875,1
46870,2020,8,2658469.0,382.4,1,28,3,6997.91445032134,1
46870,2020,8,2658469.0,382.4,1,28,3,7438.02698809865,1
46870,2020,8,2658469.0,382.4,1,28,3,7457.04765807841,1
46870,2020,8,2658469.0,382.4,1,28,3,7417.5822176824,1
46870,2020,8,2658469.0,382.4,1,28,3,7051.25652068981,1
46870,2020,8,2658469.0,382.4,1,28,3,7206.64719736159,1
46870,2020,8,2658469.0,382.4,1,28,3,7201.24007084668,1
46870,2020,8,2658469.0,382.4,1,28,3,6970.36257913734,1
46870,2020,8,2658469.0,382.4,1,28,3,6708.33695830108,1
46870,2020,8,2658469.0,382.4,1,28,3,74.4905325450912,5
46870,2020,8,108028.0,382.4,1,28,3,196.67601087378,4
46870,2020,8,108028.0,382.4,1,28,3,205.471135033937,4
46870,2020,8,108028.0,382.4,1,28,3,3230.37586558516,1
46870,2020,8,108028.0,382.4,1,28,3,3172.79856389279,1
46870,2020,8,108028.0,382.4,1,28,3,3133.11044125216,1
46870,2020,8,108028.0,382.4,1,28,3,3100.17622367809,1
46870,2020,8,108028.0,382.4,1,28,3,3107.11326766603,1
46870,2020,8,108028.0,382.4,1,28,3,3101.90867340093,1
46870,2020,8,108028.0,382.4,1,28,3,6610.84312592388,1
46870,2020,8,108028.0,382.4,1,28,3,6620.73001682329,1
46870,2020,8,108028.0,382.4,1,28,3,6725.10449249011,1
46870,2020,8,108028.0,382.4,1,28,3,6739.27354516398,1
46870,2020,8,108028.0,382.4,1,28,3,7482.57593552265,1
46870,2020,8,108028.0,382.4,1,28,3,7556.35626519081,1
46870,2020,8,108028.0,382.4,1,28,3,7571.96001712197,1
46870,2020,8,108028.0,382.4,1,28,3,7518.32666063764,1
46870,2020,8,108028.0,382.4,1,28,3,7521.9738396139,1
46870,2020,8,108028.0,382.4,1,28,3,7525.57114359878,1
46870,2020,8,108028.0,382.4,1,28,3,7665.50402636732,1
46870,2020,8,108028.0,382.4,1,28,3,7594.34514764796,1
46870,2020,8,108028.0,382.4,1,28,3,7683.1369883875,1
46870,2020,8,108028.0,382.4,1,28,3,6997.91445032134,1
46870,2020,8,108028.0,382.4,1,28,3,7438.02698809865,1
46870,2020,8,108028.0,382.4,1,28,3,7457.04765807841,1
46870,2020,8,108028.0,382.4,1,28,3,7417.5822176824,1
46870,2020,8,108028.0,382.4,1,28,3,7051.25652068981,1
46870,2020,8,108028.0,382.4,1,28,3,7206.64719736159,1
46870,2020,8,108028.0,382.4,1,28,3,7201.24007084668,1
46870,2020,8,108028.0,382.4,1,28,3,6970.36257913734,1
46870,2020,8,108028.0,382.4,1,28,3,6708.33695830108,1
46870,2020,8,108028.0,382.4,1,28,3,74.4905325450912,5
46870,2020,8,406505.0,382.4,1,28,3,196.67601087378,4
46870,2020,8,406505.0,382.4,1,28,3,205.471135033937,4
46870,2020,8,406505.0,382.4,1,28,3,3230.37586558516,1
46870,2020,8,406505.0,382.4,1,28,3,3172.79856389279,1
46870,2020,8,406505.0,382.4,1,28,3,3133.11044125216,1
46870,2020,8,406505.0,382.4,1,28,3,3100.17622367809,1
46870,2020,8,406505.0,382.4,1,28,3,3107.11326766603,1
46870,2020,8,406505.0,382.4,1,28,3,3101.90867340093,1
46870,2020,8,406505.0,382.4,1,28,3,6610.84312592388,1
46870,2020,8,406505.0,382.4,1,28,3,6620.73001682329,1
46870,2020,8,406505.0,382.4,1,28,3,6725.10449249011,1
46870,2020,8,406505.0,382.4,1,28,3,6739.27354516398,1
46870,2020,8,406505.0,382.4,1,28,3,7482.57593552265,1
46870,2020,8,406505.0,382.4,1,28,3,7556.35626519081,1
46870,2020,8,406505.0,382.4,1,28,3,7571.96001712197,1
46870,2020,8,406505.0,382.4,1,28,3,7518.32666063764,1
46870,2020,8,406505.0,382.4,1,28,3,7521.9738396139,1
46870,2020,8,406505.0,382.4,1,28,3,7525.57114359878,1
46870,2020,8,406505.0,382.4,1,28,3,7665.50402636732,1
46870,2020,8,406505.0,382.4,1,28,3,7594.34514764796,1
46870,2020,8,406505.0,382.4,1,28,3,7683.1369883875,1
46870,2020,8,406505.0,382.4,1,28,3,6997.91445032134,1
46870,2020,8,406505.0,382.4,1,28,3,7438.02698809865,1
46870,2020,8,406505.0,382.4,1,28,3,7457.04765807841,1
46870,2020,8,406505.0,382.4,1,28,3,7417.5822176824,1
46870,2020,8,406505.0,382.4,1,28,3,7051.25652068981,1
46870,2020,8,406505.0,382.4,1,28,3,7206.64719736159,1
46870,2020,8,406505.0,382.4,1,28,3,7201.24007084668,1
46870,2020,8,406505.0,382.4,1,28,3,6970.36257913734,1
46870,2020,8,406505.0,382.4,1,28,3,6708.33695830108,1
46870,2020,8,406505.0,382.4,1,28,3,74.4905325450912,5
46870,2020,8,82772.0,382.4,1,28,3,196.67601087378,4
46870,2020,8,82772.0,382.4,1,28,3,205.471135033937,4
46870,2020,8,82772.0,382.4,1,28,3,3230.37586558516,1
46870,2020,8,82772.0,382.4,1,28,3,3172.79856389279,1
46870,2020,8,82772.0,382.4,1,28,3,3133.11044125216,1
46870,2020,8,82772.0,382.4,1,28,3,3100.17622367809,1
46870,2020,8,82772.0,382.4,1,28,3,3107.11326766603,1
46870,2020,8,82772.0,382.4,1,28,3,3101.90867340093,1
46870,2020,8,82772.0,382.4,1,28,3,6610.84312592388,1
46870,2020,8,82772.0,382.4,1,28,3,6620.73001682329,1
46870,2020,8,82772.0,382.4,1,28,3,6725.10449249011,1
46870,2020,8,82772.0,382.4,1,28,3,6739.27354516398,1
46870,2020,8,82772.0,382.4,1,28,3,7482.57593552265,1
46870,2020,8,82772.0,382.4,1,28,3,7556.35626519081,1
46870,2020,8,82772.0,382.4,1,28,3,7571.96001712197,1
46870,2020,8,82772.0,382.4,1,28,3,7518.32666063764,1
46870,2020,8,82772.0,382.4,1,28,3,7521.9738396139,1
46870,2020,8,82772.0,382.4,1,28,3,7525.57114359878,1
46870,2020,8,82772.0,382.4,1,28,3,7665.50402636732,1
46870,2020,8,82772.0,382.4,1,28,3,7594.34514764796,1
46870,2020,8,82772.0,382.4,1,28,3,7683.1369883875,1
46870,2020,8,82772.0,382.4,1,28,3,6997.91445032134,1
46870,2020,8,82772.0,382.4,1,28,3,7438.02698809865,1
46870,2020,8,82772.0,382.4,1,28,3,7457.04765807841,1
46870,2020,8,82772.0,382.4,1,28,3,7417.5822176824,1
46870,2020,8,82772.0,382.4,1,28,3,7051.25652068981,1
46870,2020,8,82772.0,382.4,1,28,3,7206.64719736159,1
46870,2020,8,82772.0,382.4,1,28,3,7201.24007084668,1
46870,2020,8,82772.0,382.4,1,28,3,6970.36257913734,1
46870,2020,8,82772.0,382.4,1,28,3,6708.33695830108,1
46870,2020,8,82772.0,382.4,1,28,3,74.4905325450912,5
46870,2020,8,112578.0,382.4,1,28,3,196.67601087378,4
46870,2020,8,112578.0,382.4,1,28,3,205.471135033937,4
46870,2020,8,112578.0,382.4,1,28,3,3230.37586558516,1
46870,2020,8,112578.0,382.4,1,28,3,3172.79856389279,1
46870,2020,8,112578.0,382.4,1,28,3,3133.11044125216,1
46870,2020,8,112578.0,382.4,1,28,3,3100.17622367809,1
46870,2020,8,112578.0,382.4,1,28,3,3107.11326766603,1
46870,2020,8,112578.0,382.4,1,28,3,3101.90867340093,1
46870,2020,8,112578.0,382.4,1,28,3,6610.84312592388,1
46870,2020,8,112578.0,382.4,1,28,3,6620.73001682329,1
46870,2020,8,112578.0,382.4,1,28,3,6725.10449249011,1
46870,2020,8,112578.0,382.4,1,28,3,6739.27354516398,1
46870,2020,8,112578.0,382.4,1,28,3,7482.57593552265,1
46870,2020,8,112578.0,382.4,1,28,3,7556.35626519081,1
46870,2020,8,112578.0,382.4,1,28,3,7571.96001712197,1
46870,2020,8,112578.0,382.4,1,28,3,7518.32666063764,1
46870,2020,8,112578.0,382.4,1,28,3,7521.9738396139,1
46870,2020,8,112578.0,382.4,1,28,3,7525.57114359878,1
46870,2020,8,112578.0,382.4,1,28,3,7665.50402636732,1
46870,2020,8,112578.0,382.4,1,28,3,7594.34514764796,1
46870,2020,8,112578.0,382.4,1,28,3,7683.1369883875,1
46870,2020,8,112578.0,382.4,1,28,3,6997.91445032134,1
46870,2020,8,112578.0,382.4,1,28,3,7438.02698809865,1
46870,2020,8,112578.0,382.4,1,28,3,7457.04765807841,1
46870,2020,8,112578.0,382.4,1,28,3,7417.5822176824,1
46870,2020,8,112578.0,382.4,1,28,3,7051.25652068981,1
46870,2020,8,112578.0,382.4,1,28,3,7206.64719736159,1
46870,2020,8,112578.0,382.4,1,28,3,7201.24007084668,1
46870,2020,8,112578.0,382.4,1,28,3,6970.36257913734,1
46870,2020,8,112578.0,382.4,1,28,3,6708.33695830108,1
46870,2020,8,112578.0,382.4,1,28,3,74.4905325450912,5
48220,2021,8,23172.3,477.0,1,4,3,206.280272540428,4
48220,2021,8,23172.3,477.0,1,4,3,196.905242165914,4
48220,2021,8,23172.3,477.0,1,4,2,826.648898857144,2
48220,2021,8,23172.3,477.0,1,4,2,741.169158266028,2
48220,2021,8,23172.3,477.0,1,4,2,556.730672003048,3
48220,2021,8,23172.3,477.0,1,4,3,445.424588155901,3
48220,2021,8,23172.3,477.0,1,4,3,486.779959850489,3
48220,2021,8,23172.3,477.0,1,4,3,423.20375778295,3
48220,2021,8,23172.3,477.0,1,4,2,316.015980147767,3
48220,2021,8,23172.3,477.0,1,4,3,847.33335344003,2
48220,2021,8,23172.3,477.0,1,4,3,775.70058227942,2
48220,2021,8,23172.3,477.0,1,4,3,240.031686483017,4
48220,2021,8,23172.3,477.0,1,4,2,1039.32707845325,2
48220,2021,8,23172.3,477.0,1,4,3,301.65126570727,3
48220,2021,8,23172.3,477.0,1,4,3,197.26977441281,4
48220,2021,8,23172.3,477.0,1,4,3,99.1167280136787,5
48220,2021,8,2537.5,477.0,1,4,3,206.280272540428,4
48220,2021,8,2537.5,477.0,1,4,3,196.905242165914,4
48220,2021,8,2537.5,477.0,1,4,2,826.648898857144,2
48220,2021,8,2537.5,477.0,1,4,2,741.169158266028,2
48220,2021,8,2537.5,477.0,1,4,2,556.730672003048,3
48220,2021,8,2537.5,477.0,1,4,3,445.424588155901,3
48220,2021,8,2537.5,477.0,1,4,3,486.779959850489,3
48220,2021,8,2537.5,477.0,1,4,3,423.20375778295,3
48220,2021,8,2537.5,477.0,1,4,2,316.015980147767,3
48220,2021,8,2537.5,477.0,1,4,3,847.33335344003,2
48220,2021,8,2537.5,477.0,1,4,3,775.70058227942,2
48220,2021,8,2537.5,477.0,1,4,3,240.031686483017,4
48220,2021,8,2537.5,477.0,1,4,2,1039.32707845325,2
48220,2021,8,2537.5,477.0,1,4,3,301.65126570727,3
48220,2021,8,2537.5,477.0,1,4,3,197.26977441281,4
48220,2021,8,2537.5,477.0,1,4,3,99.1167280136787,5
48220,2021,8,4827.2,477.0,1,4,3,206.280272540428,4
48220,2021,8,4827.2,477.0,1,4,3,196.905242165914,4
48220,2021,8,4827.2,477.0,1,4,2,826.648898857144,2
48220,2021,8,4827.2,477.0,1,4,2,741.169158266028,2
48220,2021,8,4827.2,477.0,1,4,2,556.730672003048,3
48220,2021,8,4827.2,477.0,1,4,3,445.424588155901,3
48220,2021,8,4827.2,477.0,1,4,3,486.779959850489,3
48220,2021,8,4827.2,477.0,1,4,3,423.20375778295,3
48220,2021,8,4827.2,477.0,1,4,2,316.015980147767,3
48220,2021,8,4827.2,477.0,1,4,3,847.33335344003,2
48220,2021,8,4827.2,477.0,1,4,3,775.70058227942,2
48220,2021,8,4827.2,477.0,1,4,3,240.031686483017,4
48220,2021,8,4827.2,477.0,1,4,2,1039.32707845325,2
48220,2021,8,4827.2,477.0,1,4,3,301.65126570727,3
48220,2021,8,4827.2,477.0,1,4,3,197.26977441281,4
48220,2021,8,4827.2,477.0,1,4,3,99.1167280136787,5
48220,2021,8,8750.6,477.0,1,4,3,206.280272540428,4
48220,2021,8,8750.6,477.0,1,4,3,196.905242165914,4
48220,2021,8,8750.6,477.0,1,4,2,826.648898857144,2
48220,2021,8,8750.6,477.0,1,4,2,741.169158266028,2
48220,2021,8,8750.6,477.0,1,4,2,556.730672003048,3
48220,2021,8,8750.6,477.0,1,4,3,445.424588155901,3
48220,2021,8,8750.6,477.0,1,4,3,486.779959850489,3
48220,2021,8,8750.6,477.0,1,4,3,423.20375778295,3
48220,2021,8,8750.6,477.0,1,4,2,316.015980147767,3
48220,2021,8,8750.6,477.0,1,4,3,847.33335344003,2
48220,2021,8,8750.6,477.0,1,4,3,775.70058227942,2
48220,2021,8,8750.6,477.0,1,4,3,240.031686483017,4
48220,2021,8,8750.6,477.0,1,4,2,1039.32707845325,2
48220,2021,8,8750.6,477.0,1,4,3,301.65126570727,3
48220,2021,8,8750.6,477.0,1,4,3,197.26977441281,4
48220,2021,8,8750.6,477.0,1,4,3,99.1167280136787,5
48220,2021,8,377.5,477.0,1,4,3,206.280272540428,4
48220,2021,8,377.5,477.0,1,4,3,196.905242165914,4
48220,2021,8,377.5,477.0,1,4,2,826.648898857144,2
48220,2021,8,377.5,477.0,1,4,2,741.169158266028,2
48220,2021,8,377.5,477.0,1,4,2,556.730672003048,3
48220,2021,8,377.5,477.0,1,4,3,445.424588155901,3
48220,2021,8,377.5,477.0,1,4,3,486.779959850489,3
48220,2021,8,377.5,477.0,1,4,3,423.20375778295,3
48220,2021,8,377.5,477.0,1,4,2,316.015980147767,3
48220,2021,8,377.5,477.0,1,4,3,847.33335344003,2
48220,2021,8,377.5,477.0,1,4,3,775.70058227942,2
48220,2021,8,377.5,477.0,1,4,3,240.031686483017,4
48220,2021,8,377.5,477.0,1,4,2,1039.32707845325,2
48220,2021,8,377.5,477.0,1,4,3,301.65126570727,3
48220,2021,8,377.5,477.0,1,4,3,197.26977441281,4
48220,2021,8,377.5,477.0,1,4,3,99.1167280136787,5
48220,2021,8,1280.2,477.0,1,4,3,206.280272540428,4
48220,2021,8,1280.2,477.0,1,4,3,196.905242165914,4
48220,2021,8,1280.2,477.0,1,4,2,826.648898857144,2
48220,2021,8,1280.2,477.0,1,4,2,741.169158266028,2
48220,2021,8,1280.2,477.0,1,4,2,556.730672003048,3
48220,2021,8,1280.2,477.0,1,4,3,445.424588155901,3
48220,2021,8,1280.2,477.0,1,4,3,486.779959850489,3
48220,2021,8,1280.2,477.0,1,4,3,423.20375778295,3
48220,2021,8,1280.2,477.0,1,4,2,316.015980147767,3
48220,2021,8,1280.2,477.0,1,4,3,847.33335344003,2
48220,2021,8,1280.2,477.0,1,4,3,775.70058227942,2
48220,2021,8,1280.2,477.0,1,4,3,240.031686483017,4
48220,2021,8,1280.2,477.0,1,4,2,1039.32707845325,2
48220,2021,8,1280.2,477.0,1,4,3,301.65126570727,3
48220,2021,8,1280.2,477.0,1,4,3,197.26977441281,4
48220,2021,8,1280.2,477.0,1,4,3,99.1167280136787,5
48220,2021,8,2781.7,477.0,1,4,3,206.280272540428,4
48220,2021,8,2781.7,477.0,1,4,3,196.905242165914,4
48220,2021,8,2781.7,477.0,1,4,2,826.648898857144,2
48220,2021,8,2781.7,477.0,1,4,2,741.169158266028,2
48220,2021,8,2781.7,477.0,1,4,2,556.730672003048,3
48220,2021,8,2781.7,477.0,1,4,3,445.424588155901,3
48220,2021,8,2781.7,477.0,1,4,3,486.779959850489,3
48220,2021,8,2781.7,477.0,1,4,3,423.20375778295,3
48220,2021,8,2781.7,477.0,1,4,2,316.015980147767,3
48220,2021,8,2781.7,477.0,1,4,3,847.33335344003,2
48220,2021,8,2781.7,477.0,1,4,3,775.70058227942,2
48220,2021,8,2781.7,477.0,1,4,3,240.031686483017,4
48220,2021,8,2781.7,477.0,1,4,2,1039.32707845325,2
48220,2021,8,2781.7,477.0,1,4,3,301.65126570727,3
48220,2021,8,2781.7,477.0,1,4,3,197.26977441281,4
48220,2021,8,2781.7,477.0,1,4,3,99.1167280136787,5
48220,2021,8,1257.8,477.0,1,4,3,206.280272540428,4
48220,2021,8,1257.8,477.0,1,4,3,196.905242165914,4
48220,2021,8,1257.8,477.0,1,4,2,826.648898857144,2
48220,2021,8,1257.8,477.0,1,4,2,741.169158266028,2
48220,2021,8,1257.8,477.0,1,4,2,556.730672003048,3
48220,2021,8,1257.8,477.0,1,4,3,445.424588155901,3
48220,2021,8,1257.8,477.0,1,4,3,486.779959850489,3
48220,2021,8,1257.8,477.0,1,4,3,423.20375778295,3
48220,2021,8,1257.8,477.0,1,4,2,316.015980147767,3
48220,2021,8,1257.8,477.0,1,4,3,847.33335344003,2
48220,2021,8,1257.8,477.0,1,4,3,775.70058227942,2
48220,2021,8,1257.8,477.0,1,4,3,240.031686483017,4
48220,2021,8,1257.8,477.0,1,4,2,1039.32707845325,2
48220,2021,8,1257.8,477.0,1,4,3,301.65126570727,3
48220,2021,8,1257.8,477.0,1,4,3,197.26977441281,4
48220,2021,8,1257.8,477.0,1,4,3,99.1167280136787,5
48220,2021,8,3228.0,477.0,1,4,3,206.280272540428,4
48220,2021,8,3228.0,477.0,1,4,3,196.905242165914,4
48220,2021,8,3228.0,477.0,1,4,2,826.648898857144,2
48220,2021,8,3228.0,477.0,1,4,2,741.169158266028,2
48220,2021,8,3228.0,477.0,1,4,2,556.730672003048,3
48220,2021,8,3228.0,477.0,1,4,3,445.424588155901,3
48220,2021,8,3228.0,477.0,1,4,3,486.779959850489,3
48220,2021,8,3228.0,477.0,1,4,3,423.20375778295,3
48220,2021,8,3228.0,477.0,1,4,2,316.015980147767,3
48220,2021,8,3228.0,477.0,1,4,3,847.33335344003,2
48220,2021,8,3228.0,477.0,1,4,3,775.70058227942,2
48220,2021,8,3228.0,477.0,1,4,3,240.031686483017,4
48220,2021,8,3228.0,477.0,1,4,2,1039.32707845325,2
48220,2021,8,3228.0,477.0,1,4,3,301.65126570727,3
48220,2021,8,3228.0,477.0,1,4,3,197.26977441281,4
48220,2021,8,3228.0,477.0,1,4,3,99.1167280136787,5
48220,2021,8,9690.8,477.0,1,4,3,206.280272540428,4
48220,2021,8,9690.8,477.0,1,4,3,196.905242165914,4
48220,2021,8,9690.8,477.0,1,4,2,826.648898857144,2
48220,2021,8,9690.8,477.0,1,4,2,741.169158266028,2
48220,2021,8,9690.8,477.0,1,4,2,556.730672003048,3
48220,2021,8,9690.8,477.0,1,4,3,445.424588155901,3
48220,2021,8,9690.8,477.0,1,4,3,486.779959850489,3
48220,2021,8,9690.8,477.0,1,4,3,423.20375778295,3
48220,2021,8,9690.8,477.0,1,4,2,316.015980147767,3
48220,2021,8,9690.8,477.0,1,4,3,847.33335344003,2
48220,2021,8,9690.8,477.0,1,4,3,775.70058227942,2
48220,2021,8,9690.8,477.0,1,4,3,240.031686483017,4
48220,2021,8,9690.8,477.0,1,4,2,1039.32707845325,2
48220,2021,8,9690.8,477.0,1,4,3,301.65126570727,3
48220,2021,8,9690.8,477.0,1,4,3,197.26977441281,4
48220,2021,8,9690.8,477.0,1,4,3,99.1167280136787,5
48220,2021,8,5115.5,477.0,1,4,3,206.280272540428,4
48220,2021,8,5115.5,477.0,1,4,3,196.905242165914,4
48220,2021,8,5115.5,477.0,1,4,2,826.648898857144,2
48220,2021,8,5115.5,477.0,1,4,2,741.169158266028,2
48220,2021,8,5115.5,477.0,1,4,2,556.730672003048,3
48220,2021,8,5115.5,477.0,1,4,3,445.424588155901,3
48220,2021,8,5115.5,477.0,1,4,3,486.779959850489,3
48220,2021,8,5115.5,477.0,1,4,3,423.20375778295,3
48220,2021,8,5115.5,477.0,1,4,2,316.015980147767,3
48220,2021,8,5115.5,477.0,1,4,3,847.33335344003,2
48220,2021,8,5115.5,477.0,1,4,3,775.70058227942,2
48220,2021,8,5115.5,477.0,1,4,3,240.031686483017,4
48220,2021,8,5115.5,477.0,1,4,2,1039.32707845325,2
48220,2021,8,5115.5,477.0,1,4,3,301.65126570727,3
48220,2021,8,5115.5,477.0,1,4,3,197.26977441281,4
48220,2021,8,5115.5,477.0,1,4,3,99.1167280136787,5
48220,2021,8,3923.3,477.0,1,4,3,206.280272540428,4
48220,2021,8,3923.3,477.0,1,4,3,196.905242165914,4
48220,2021,8,3923.3,477.0,1,4,2,826.648898857144,2
48220,2021,8,3923.3,477.0,1,4,2,741.169158266028,2
48220,2021,8,3923.3,477.0,1,4,2,556.730672003048,3
48220,2021,8,3923.3,477.0,1,4,3,445.424588155901,3
48220,2021,8,3923.3,477.0,1,4,3,486.779959850489,3
48220,2021,8,3923.3,477.0,1,4,3,423.20375778295,3
48220,2021,8,3923.3,477.0,1,4,2,316.015980147767,3
48220,2021,8,3923.3,477.0,1,4,3,847.33335344003,2
48220,2021,8,3923.3,477.0,1,4,3,775.70058227942,2
48220,2021,8,3923.3,477.0,1,4,3,240.031686483017,4
48220,2021,8,3923.3,477.0,1,4,2,1039.32707845325,2
48220,2021,8,3923.3,477.0,1,4,3,301.65126570727,3
48220,2021,8,3923.3,477.0,1,4,3,197.26977441281,4
48220,2021,8,3923.3,477.0,1,4,3,99.1167280136787,5
48220,2021,8,2147.4,477.0,1,4,3,206.280272540428,4
48220,2021,8,2147.4,477.0,1,4,3,196.905242165914,4
48220,2021,8,2147.4,477.0,1,4,2,826.648898857144,2
48220,2021,8,2147.4,477.0,1,4,2,741.169158266028,2
48220,2021,8,2147.4,477.0,1,4,2,556.730672003048,3
48220,2021,8,2147.4,477.0,1,4,3,445.424588155901,3
48220,2021,8,2147.4,477.0,1,4,3,486.779959850489,3
48220,2021,8,2147.4,477.0,1,4,3,423.20375778295,3
48220,2021,8,2147.4,477.0,1,4,2,316.015980147767,3
48220,2021,8,2147.4,477.0,1,4,3,847.33335344003,2
48220,2021,8,2147.4,477.0,1,4,3,775.70058227942,2
48220,2021,8,2147.4,477.0,1,4,3,240.031686483017,4
48220,2021,8,2147.4,477.0,1,4,2,1039.32707845325,2
48220,2021,8,2147.4,477.0,1,4,3,301.65126570727,3
48220,2021,8,2147.4,477.0,1,4,3,197.26977441281,4
48220,2021,8,2147.4,477.0,1,4,3,99.1167280136787,5
48220,2021,8,171.5,477.0,1,4,3,206.280272540428,4
48220,2021,8,171.5,477.0,1,4,3,196.905242165914,4
48220,2021,8,171.5,477.0,1,4,2,826.648898857144,2
48220,2021,8,171.5,477.0,1,4,2,741.169158266028,2
48220,2021,8,171.5,477.0,1,4,2,556.730672003048,3
48220,2021,8,171.5,477.0,1,4,3,445.424588155901,3
48220,2021,8,171.5,477.0,1,4,3,486.779959850489,3
48220,2021,8,171.5,477.0,1,4,3,423.20375778295,3
48220,2021,8,171.5,477.0,1,4,2,316.015980147767,3
48220,2021,8,171.5,477.0,1,4,3,847.33335344003,2
48220,2021,8,171.5,477.0,1,4,3,775.70058227942,2
48220,2021,8,171.5,477.0,1,4,3,240.031686483017,4
48220,2021,8,171.5,477.0,1,4,2,1039.32707845325,2
48220,2021,8,171.5,477.0,1,4,3,301.65126570727,3
48220,2021,8,171.5,477.0,1,4,3,197.26977441281,4
48220,2021,8,171.5,477.0,1,4,3,99.1167280136787,5
48220,2021,8,6689.7,477.0,1,4,3,206.280272540428,4
48220,2021,8,6689.7,477.0,1,4,3,196.905242165914,4
48220,2021,8,6689.7,477.0,1,4,2,826.648898857144,2
48220,2021,8,6689.7,477.0,1,4,2,741.169158266028,2
48220,2021,8,6689.7,477.0,1,4,2,556.730672003048,3
48220,2021,8,6689.7,477.0,1,4,3,445.424588155901,3
48220,2021,8,6689.7,477.0,1,4,3,486.779959850489,3
48220,2021,8,6689.7,477.0,1,4,3,423.20375778295,3
48220,2021,8,6689.7,477.0,1,4,2,316.015980147767,3
48220,2021,8,6689.7,477.0,1,4,3,847.33335344003,2
48220,2021,8,6689.7,477.0,1,4,3,775.70058227942,2
48220,2021,8,6689.7,477.0,1,4,3,240.031686483017,4
48220,2021,8,6689.7,477.0,1,4,2,1039.32707845325,2
48220,2021,8,6689.7,477.0,1,4,3,301.65126570727,3
48220,2021,8,6689.7,477.0,1,4,3,197.26977441281,4
48220,2021,8,6689.7,477.0,1,4,3,99.1167280136787,5
48220,2021,8,9950.0,477.0,1,4,3,206.280272540428,4
48220,2021,8,9950.0,477.0,1,4,3,196.905242165914,4
48220,2021,8,9950.0,477.0,1,4,2,826.648898857144,2
48220,2021,8,9950.0,477.0,1,4,2,741.169158266028,2
48220,2021,8,9950.0,477.0,1,4,2,556.730672003048,3
48220,2021,8,9950.0,477.0,1,4,3,445.424588155901,3
48220,2021,8,9950.0,477.0,1,4,3,486.779959850489,3
48220,2021,8,9950.0,477.0,1,4,3,423.20375778295,3
48220,2021,8,9950.0,477.0,1,4,2,316.015980147767,3
48220,2021,8,9950.0,477.0,1,4,3,847.33335344003,2
48220,2021,8,9950.0,477.0,1,4,3,775.70058227942,2
48220,2021,8,9950.0,477.0,1,4,3,240.031686483017,4
48220,2021,8,9950.0,477.0,1,4,2,1039.32707845325,2
48220,2021,8,9950.0,477.0,1,4,3,301.65126570727,3
48220,2021,8,9950.0,477.0,1,4,3,197.26977441281,4
48220,2021,8,9950.0,477.0,1,4,3,99.1167280136787,5
48310,2021,8,4954.4,503.3,1,5,3,795.320822045313,2
48310,2021,8,4954.4,503.3,1,5,3,123.204447282584,4
48310,2021,8,4954.4,503.3,1,5,3,117.300224699023,4
48310,2021,8,4954.4,503.3,1,5,3,267.117863943832,4
48310,2021,8,4954.4,503.3,1,5,3,268.361574380749,4
48310,2021,8,4954.4,503.3,1,5,3,297.430003354977,4
48310,2021,8,4954.4,503.3,1,5,3,243.300696638491,4
48310,2021,8,4954.4,503.3,1,5,3,122.309315639041,4
48310,2021,8,4954.4,503.3,1,5,3,106.58546253218,4
48310,2021,8,4954.4,503.3,1,5,3,103.960207865443,4
48310,2021,8,4954.4,503.3,1,5,3,81.2644750529881,5
48310,2021,8,4954.4,503.3,1,5,3,86.3665863643924,5
48310,2021,8,4954.4,503.3,1,5,3,170.903895316031,4
48310,2021,8,4954.4,503.3,1,5,3,457.182224532155,3
48310,2021,8,4954.4,503.3,1,5,2,365.333289621038,3
48310,2021,8,4954.4,503.3,1,5,2,331.151318383275,3
48310,2021,8,4954.4,503.3,1,5,3,741.171745154443,2
48310,2021,8,4954.4,503.3,1,5,3,162.220775212586,4
48310,2021,8,4954.4,503.3,1,5,3,213.833600378531,4
48310,2021,8,4954.4,503.3,1,5,3,374.828909013949,3
48310,2021,8,4954.4,503.3,1,5,3,140.184682115097,4
48310,2021,8,4954.4,503.3,1,5,3,201.04908340751,4
48310,2021,8,4954.4,503.3,1,5,2,341.497785132646,3
48310,2021,8,4954.4,503.3,1,5,2,1577.95998735742,1
48310,2021,8,4954.4,503.3,1,5,3,877.60573645687,2
48310,2021,8,4954.4,503.3,1,5,3,843.190953374348,2
48310,2021,8,4954.4,503.3,1,5,3,646.514818518478,3
48310,2021,8,53.9,503.3,1,5,3,795.320822045313,2
48310,2021,8,53.9,503.3,1,5,3,123.204447282584,4
48310,2021,8,53.9,503.3,1,5,3,117.300224699023,4
48310,2021,8,53.9,503.3,1,5,3,267.117863943832,4
48310,2021,8,53.9,503.3,1,5,3,268.361574380749,4
48310,2021,8,53.9,503.3,1,5,3,297.430003354977,4
48310,2021,8,53.9,503.3,1,5,3,243.300696638491,4
48310,2021,8,53.9,503.3,1,5,3,122.309315639041,4
48310,2021,8,53.9,503.3,1,5,3,106.58546253218,4
48310,2021,8,53.9,503.3,1,5,3,103.960207865443,4
48310,2021,8,53.9,503.3,1,5,3,81.2644750529881,5
48310,2021,8,53.9,503.3,1,5,3,86.3665863643924,5
48310,2021,8,53.9,503.3,1,5,3,170.903895316031,4
48310,2021,8,53.9,503.3,1,5,3,457.182224532155,3
48310,2021,8,53.9,503.3,1,5,2,365.333289621038,3
48310,2021,8,53.9,503.3,1,5,2,331.151318383275,3
48310,2021,8,53.9,503.3,1,5,3,741.171745154443,2
48310,2021,8,53.9,503.3,1,5,3,162.220775212586,4
48310,2021,8,53.9,503.3,1,5,3,213.833600378531,4
48310,2021,8,53.9,503.3,1,5,3,374.828909013949,3
48310,2021,8,53.9,503.3,1,5,3,140.184682115097,4
48310,2021,8,53.9,503.3,1,5,3,201.04908340751,4
48310,2021,8,53.9,503.3,1,5,2,341.497785132646,3
48310,2021,8,53.9,503.3,1,5,2,1577.95998735742,1
48310,2021,8,53.9,503.3,1,5,3,877.60573645687,2
48310,2021,8,53.9,503.3,1,5,3,843.190953374348,2
48310,2021,8,53.9,503.3,1,5,3,646.514818518478,3
48310,2021,8,1116.4,503.3,1,5,3,795.320822045313,2
48310,2021,8,1116.4,503.3,1,5,3,123.204447282584,4
48310,2021,8,1116.4,503.3,1,5,3,117.300224699023,4
48310,2021,8,1116.4,503.3,1,5,3,267.117863943832,4
48310,2021,8,1116.4,503.3,1,5,3,268.361574380749,4
48310,2021,8,1116.4,503.3,1,5,3,297.430003354977,4
48310,2021,8,1116.4,503.3,1,5,3,243.300696638491,4
48310,2021,8,1116.4,503.3,1,5,3,122.309315639041,4
48310,2021,8,1116.4,503.3,1,5,3,106.58546253218,4
48310,2021,8,1116.4,503.3,1,5,3,103.960207865443,4
48310,2021,8,1116.4,503.3,1,5,3,81.2644750529881,5
48310,2021,8,1116.4,503.3,1,5,3,86.3665863643924,5
48310,2021,8,1116.4,503.3,1,5,3,170.903895316031,4
48310,2021,8,1116.4,503.3,1,5,3,457.182224532155,3
48310,2021,8,1116.4,503.3,1,5,2,365.333289621038,3
48310,2021,8,1116.4,503.3,1,5,2,331.151318383275,3
48310,2021,8,1116.4,503.3,1,5,3,741.171745154443,2
48310,2021,8,1116.4,503.3,1,5,3,162.220775212586,4
48310,2021,8,1116.4,503.3,1,5,3,213.833600378531,4
48310,2021,8,1116.4,503.3,1,5,3,374.828909013949,3
48310,2021,8,1116.4,503.3,1,5,3,140.184682115097,4
48310,2021,8,1116.4,503.3,1,5,3,201.04908340751,4
48310,2021,8,1116.4,503.3,1,5,2,341.497785132646,3
48310,2021,8,1116.4,503.3,1,5,2,1577.95998735742,1
48310,2021,8,1116.4,503.3,1,5,3,877.60573645687,2
48310,2021,8,1116.4,503.3,1,5,3,843.190953374348,2
48310,2021,8,1116.4,503.3,1,5,3,646.514818518478,3
48310,2021,8,2274.5,503.3,1,5,3,795.320822045313,2
48310,2021,8,2274.5,503.3,1,5,3,123.204447282584,4
48310,2021,8,2274.5,503.3,1,5,3,117.300224699023,4
48310,2021,8,2274.5,503.3,1,5,3,267.117863943832,4
48310,2021,8,2274.5,503.3,1,5,3,268.361574380749,4
48310,2021,8,2274.5,503.3,1,5,3,297.430003354977,4
48310,2021,8,2274.5,503.3,1,5,3,243.300696638491,4
48310,2021,8,2274.5,503.3,1,5,3,122.309315639041,4
48310,2021,8,2274.5,503.3,1,5,3,106.58546253218,4
48310,2021,8,2274.5,503.3,1,5,3,103.960207865443,4
48310,2021,8,2274.5,503.3,1,5,3,81.2644750529881,5
48310,2021,8,2274.5,503.3,1,5,3,86.3665863643924,5
48310,2021,8,2274.5,503.3,1,5,3,170.903895316031,4
48310,2021,8,2274.5,503.3,1,5,3,457.182224532155,3
48310,2021,8,2274.5,503.3,1,5,2,365.333289621038,3
48310,2021,8,2274.5,503.3,1,5,2,331.151318383275,3
48310,2021,8,2274.5,503.3,1,5,3,741.171745154443,2
48310,2021,8,2274.5,503.3,1,5,3,162.220775212586,4
48310,2021,8,2274.5,503.3,1,5,3,213.833600378531,4
48310,2021,8,2274.5,503.3,1,5,3,374.828909013949,3
48310,2021,8,2274.5,503.3,1,5,3,140.184682115097,4
48310,2021,8,2274.5,503.3,1,5,3,201.04908340751,4
48310,2021,8,2274.5,503.3,1,5,2,341.497785132646,3
48310,2021,8,2274.5,503.3,1,5,2,1577.95998735742,1
48310,2021,8,2274.5,503.3,1,5,3,877.60573645687,2
48310,2021,8,2274.5,503.3,1,5,3,843.190953374348,2
48310,2021,8,2274.5,503.3,1,5,3,646.514818518478,3
48310,2021,8,8753.7,503.3,1,5,3,795.320822045313,2
48310,2021,8,8753.7,503.3,1,5,3,123.204447282584,4
48310,2021,8,8753.7,503.3,1,5,3,117.300224699023,4
48310,2021,8,8753.7,503.3,1,5,3,267.117863943832,4
48310,2021,8,8753.7,503.3,1,5,3,268.361574380749,4
48310,2021,8,8753.7,503.3,1,5,3,297.430003354977,4
48310,2021,8,8753.7,503.3,1,5,3,243.300696638491,4
48310,2021,8,8753.7,503.3,1,5,3,122.309315639041,4
48310,2021,8,8753.7,503.3,1,5,3,106.58546253218,4
48310,2021,8,8753.7,503.3,1,5,3,103.960207865443,4
48310,2021,8,8753.7,503.3,1,5,3,81.2644750529881,5
48310,2021,8,8753.7,503.3,1,5,3,86.3665863643924,5
48310,2021,8,8753.7,503.3,1,5,3,170.903895316031,4
48310,2021,8,8753.7,503.3,1,5,3,457.182224532155,3
48310,2021,8,8753.7,503.3,1,5,2,365.333289621038,3
48310,2021,8,8753.7,503.3,1,5,2,331.151318383275,3
48310,2021,8,8753.7,503.3,1,5,3,741.171745154443,2
48310,2021,8,8753.7,503.3,1,5,3,162.220775212586,4
48310,2021,8,8753.7,503.3,1,5,3,213.833600378531,4
48310,2021,8,8753.7,503.3,1,5,3,374.828909013949,3
48310,2021,8,8753.7,503.3,1,5,3,140.184682115097,4
48310,2021,8,8753.7,503.3,1,5,3,201.04908340751,4
48310,2021,8,8753.7,503.3,1,5,2,341.497785132646,3
48310,2021,8,8753.7,503.3,1,5,2,1577.95998735742,1
48310,2021,8,8753.7,503.3,1,5,3,877.60573645687,2
48310,2021,8,8753.7,503.3,1,5,3,843.190953374348,2
48310,2021,8,8753.7,503.3,1,5,3,646.514818518478,3
48310,2021,8,139.6,503.3,1,5,3,795.320822045313,2
48310,2021,8,139.6,503.3,1,5,3,123.204447282584,4
48310,2021,8,139.6,503.3,1,5,3,117.300224699023,4
48310,2021,8,139.6,503.3,1,5,3,267.117863943832,4
48310,2021,8,139.6,503.3,1,5,3,268.361574380749,4
48310,2021,8,139.6,503.3,1,5,3,297.430003354977,4
48310,2021,8,139.6,503.3,1,5,3,243.300696638491,4
48310,2021,8,139.6,503.3,1,5,3,122.309315639041,4
48310,2021,8,139.6,503.3,1,5,3,106.58546253218,4
48310,2021,8,139.6,503.3,1,5,3,103.960207865443,4
48310,2021,8,139.6,503.3,1,5,3,81.2644750529881,5
48310,2021,8,139.6,503.3,1,5,3,86.3665863643924,5
48310,2021,8,139.6,503.3,1,5,3,170.903895316031,4
48310,2021,8,139.6,503.3,1,5,3,457.182224532155,3
48310,2021,8,139.6,503.3,1,5,2,365.333289621038,3
48310,2021,8,139.6,503.3,1,5,2,331.151318383275,3
48310,2021,8,139.6,503.3,1,5,3,741.171745154443,2
48310,2021,8,139.6,503.3,1,5,3,162.220775212586,4
48310,2021,8,139.6,503.3,1,5,3,213.833600378531,4
48310,2021,8,139.6,503.3,1,5,3,374.828909013949,3
48310,2021,8,139.6,503.3,1,5,3,140.184682115097,4
48310,2021,8,139.6,503.3,1,5,3,201.04908340751,4
48310,2021,8,139.6,503.3,1,5,2,341.497785132646,3
48310,2021,8,139.6,503.3,1,5,2,1577.95998735742,1
48310,2021,8,139.6,503.3,1,5,3,877.60573645687,2
48310,2021,8,139.6,503.3,1,5,3,843.190953374348,2
48310,2021,8,139.6,503.3,1,5,3,646.514818518478,3
48220,2021,8,7649.0,477.0,1,4,3,206.280272540428,4
48220,2021,8,7649.0,477.0,1,4,3,196.905242165914,4
48220,2021,8,7649.0,477.0,1,4,2,826.648898857144,2
48220,2021,8,7649.0,477.0,1,4,2,741.169158266028,2
48220,2021,8,7649.0,477.0,1,4,2,556.730672003048,3
48220,2021,8,7649.0,477.0,1,4,3,445.424588155901,3
48220,2021,8,7649.0,477.0,1,4,3,486.779959850489,3
48220,2021,8,7649.0,477.0,1,4,3,423.20375778295,3
48220,2021,8,7649.0,477.0,1,4,2,316.015980147767,3
48220,2021,8,7649.0,477.0,1,4,3,847.33335344003,2
48220,2021,8,7649.0,477.0,1,4,3,775.70058227942,2
48220,2021,8,7649.0,477.0,1,4,3,240.031686483017,4
48220,2021,8,7649.0,477.0,1,4,2,1039.32707845325,2
48220,2021,8,7649.0,477.0,1,4,3,301.65126570727,3
48220,2021,8,7649.0,477.0,1,4,3,197.26977441281,4
48220,2021,8,7649.0,477.0,1,4,3,99.1167280136787,5
48220,2021,8,928.7,477.0,1,4,3,206.280272540428,4
48220,2021,8,928.7,477.0,1,4,3,196.905242165914,4
48220,2021,8,928.7,477.0,1,4,2,826.648898857144,2
48220,2021,8,928.7,477.0,1,4,2,741.169158266028,2
48220,2021,8,928.7,477.0,1,4,2,556.730672003048,3
48220,2021,8,928.7,477.0,1,4,3,445.424588155901,3
48220,2021,8,928.7,477.0,1,4,3,486.779959850489,3
48220,2021,8,928.7,477.0,1,4,3,423.20375778295,3
48220,2021,8,928.7,477.0,1,4,2,316.015980147767,3
48220,2021,8,928.7,477.0,1,4,3,847.33335344003,2
48220,2021,8,928.7,477.0,1,4,3,775.70058227942,2
48220,2021,8,928.7,477.0,1,4,3,240.031686483017,4
48220,2021,8,928.7,477.0,1,4,2,1039.32707845325,2
48220,2021,8,928.7,477.0,1,4,3,301.65126570727,3
48220,2021,8,928.7,477.0,1,4,3,197.26977441281,4
48220,2021,8,928.7,477.0,1,4,3,99.1167280136787,5
48310,2021,8,5630.2,503.3,1,5,3,795.320822045313,2
48310,2021,8,5630.2,503.3,1,5,3,123.204447282584,4
48310,2021,8,5630.2,503.3,1,5,3,117.300224699023,4
48310,2021,8,5630.2,503.3,1,5,3,267.117863943832,4
48310,2021,8,5630.2,503.3,1,5,3,268.361574380749,4
48310,2021,8,5630.2,503.3,1,5,3,297.430003354977,4
48310,2021,8,5630.2,503.3,1,5,3,243.300696638491,4
48310,2021,8,5630.2,503.3,1,5,3,122.309315639041,4
48310,2021,8,5630.2,503.3,1,5,3,106.58546253218,4
48310,2021,8,5630.2,503.3,1,5,3,103.960207865443,4
48310,2021,8,5630.2,503.3,1,5,3,81.2644750529881,5
48310,2021,8,5630.2,503.3,1,5,3,86.3665863643924,5
48310,2021,8,5630.2,503.3,1,5,3,170.903895316031,4
48310,2021,8,5630.2,503.3,1,5,3,457.182224532155,3
48310,2021,8,5630.2,503.3,1,5,2,365.333289621038,3
48310,2021,8,5630.2,503.3,1,5,2,331.151318383275,3
48310,2021,8,5630.2,503.3,1,5,3,741.171745154443,2
48310,2021,8,5630.2,503.3,1,5,3,162.220775212586,4
48310,2021,8,5630.2,503.3,1,5,3,213.833600378531,4
48310,2021,8,5630.2,503.3,1,5,3,374.828909013949,3
48310,2021,8,5630.2,503.3,1,5,3,140.184682115097,4
48310,2021,8,5630.2,503.3,1,5,3,201.04908340751,4
48310,2021,8,5630.2,503.3,1,5,2,341.497785132646,3
48310,2021,8,5630.2,503.3,1,5,2,1577.95998735742,1
48310,2021,8,5630.2,503.3,1,5,3,877.60573645687,2
48310,2021,8,5630.2,503.3,1,5,3,843.190953374348,2
48310,2021,8,5630.2,503.3,1,5,3,646.514818518478,3
48310,2021,8,320.5,503.3,1,5,3,795.320822045313,2
48310,2021,8,320.5,503.3,1,5,3,123.204447282584,4
48310,2021,8,320.5,503.3,1,5,3,117.300224699023,4
48310,2021,8,320.5,503.3,1,5,3,267.117863943832,4
48310,2021,8,320.5,503.3,1,5,3,268.361574380749,4
48310,2021,8,320.5,503.3,1,5,3,297.430003354977,4
48310,2021,8,320.5,503.3,1,5,3,243.300696638491,4
48310,2021,8,320.5,503.3,1,5,3,122.309315639041,4
48310,2021,8,320.5,503.3,1,5,3,106.58546253218,4
48310,2021,8,320.5,503.3,1,5,3,103.960207865443,4
48310,2021,8,320.5,503.3,1,5,3,81.2644750529881,5
48310,2021,8,320.5,503.3,1,5,3,86.3665863643924,5
48310,2021,8,320.5,503.3,1,5,3,170.903895316031,4
48310,2021,8,320.5,503.3,1,5,3,457.182224532155,3
48310,2021,8,320.5,503.3,1,5,2,365.333289621038,3
48310,2021,8,320.5,503.3,1,5,2,331.151318383275,3
48310,2021,8,320.5,503.3,1,5,3,741.171745154443,2
48310,2021,8,320.5,503.3,1,5,3,162.220775212586,4
48310,2021,8,320.5,503.3,1,5,3,213.833600378531,4
48310,2021,8,320.5,503.3,1,5,3,374.828909013949,3
48310,2021,8,320.5,503.3,1,5,3,140.184682115097,4
48310,2021,8,320.5,503.3,1,5,3,201.04908340751,4
48310,2021,8,320.5,503.3,1,5,2,341.497785132646,3
48310,2021,8,320.5,503.3,1,5,2,1577.95998735742,1
48310,2021,8,320.5,503.3,1,5,3,877.60573645687,2
48310,2021,8,320.5,503.3,1,5,3,843.190953374348,2
48310,2021,8,320.5,503.3,1,5,3,646.514818518478,3
48310,2021,8,443.8,503.3,1,5,3,795.320822045313,2
48310,2021,8,443.8,503.3,1,5,3,123.204447282584,4
48310,2021,8,443.8,503.3,1,5,3,117.300224699023,4
48310,2021,8,443.8,503.3,1,5,3,267.117863943832,4
48310,2021,8,443.8,503.3,1,5,3,268.361574380749,4
48310,2021,8,443.8,503.3,1,5,3,297.430003354977,4
48310,2021,8,443.8,503.3,1,5,3,243.300696638491,4
48310,2021,8,443.8,503.3,1,5,3,122.309315639041,4
48310,2021,8,443.8,503.3,1,5,3,106.58546253218,4
48310,2021,8,443.8,503.3,1,5,3,103.960207865443,4
48310,2021,8,443.8,503.3,1,5,3,81.2644750529881,5
48310,2021,8,443.8,503.3,1,5,3,86.3665863643924,5
48310,2021,8,443.8,503.3,1,5,3,170.903895316031,4
48310,2021,8,443.8,503.3,1,5,3,457.182224532155,3
48310,2021,8,443.8,503.3,1,5,2,365.333289621038,3
48310,2021,8,443.8,503.3,1,5,2,331.151318383275,3
48310,2021,8,443.8,503.3,1,5,3,741.171745154443,2
48310,2021,8,443.8,503.3,1,5,3,162.220775212586,4
48310,2021,8,443.8,503.3,1,5,3,213.833600378531,4
48310,2021,8,443.8,503.3,1,5,3,374.828909013949,3
48310,2021,8,443.8,503.3,1,5,3,140.184682115097,4
48310,2021,8,443.8,503.3,1,5,3,201.04908340751,4
48310,2021,8,443.8,503.3,1,5,2,341.497785132646,3
48310,2021,8,443.8,503.3,1,5,2,1577.95998735742,1
48310,2021,8,443.8,503.3,1,5,3,877.60573645687,2
48310,2021,8,443.8,503.3,1,5,3,843.190953374348,2
48310,2021,8,443.8,503.3,1,5,3,646.514818518478,3
48310,2021,8,3139.9,503.3,1,5,3,795.320822045313,2
48310,2021,8,3139.9,503.3,1,5,3,123.204447282584,4
48310,2021,8,3139.9,503.3,1,5,3,117.300224699023,4
48310,2021,8,3139.9,503.3,1,5,3,267.117863943832,4
48310,2021,8,3139.9,503.3,1,5,3,268.361574380749,4
48310,2021,8,3139.9,503.3,1,5,3,297.430003354977,4
48310,2021,8,3139.9,503.3,1,5,3,243.300696638491,4
48310,2021,8,3139.9,503.3,1,5,3,122.309315639041,4
48310,2021,8,3139.9,503.3,1,5,3,106.58546253218,4
48310,2021,8,3139.9,503.3,1,5,3,103.960207865443,4
48310,2021,8,3139.9,503.3,1,5,3,81.2644750529881,5
48310,2021,8,3139.9,503.3,1,5,3,86.3665863643924,5
48310,2021,8,3139.9,503.3,1,5,3,170.903895316031,4
48310,2021,8,3139.9,503.3,1,5,3,457.182224532155,3
48310,2021,8,3139.9,503.3,1,5,2,365.333289621038,3
48310,2021,8,3139.9,503.3,1,5,2,331.151318383275,3
48310,2021,8,3139.9,503.3,1,5,3,741.171745154443,2
48310,2021,8,3139.9,503.3,1,5,3,162.220775212586,4
48310,2021,8,3139.9,503.3,1,5,3,213.833600378531,4
48310,2021,8,3139.9,503.3,1,5,3,374.828909013949,3
48310,2021,8,3139.9,503.3,1,5,3,140.184682115097,4
48310,2021,8,3139.9,503.3,1,5,3,201.04908340751,4
48310,2021,8,3139.9,503.3,1,5,2,341.497785132646,3
48310,2021,8,3139.9,503.3,1,5,2,1577.95998735742,1
48310,2021,8,3139.9,503.3,1,5,3,877.60573645687,2
48310,2021,8,3139.9,503.3,1,5,3,843.190953374348,2
48310,2021,8,3139.9,503.3,1,5,3,646.514818518478,3
48310,2021,8,196.9,503.3,1,5,3,795.320822045313,2
48310,2021,8,196.9,503.3,1,5,3,123.204447282584,4
48310,2021,8,196.9,503.3,1,5,3,117.300224699023,4
48310,2021,8,196.9,503.3,1,5,3,267.117863943832,4
48310,2021,8,196.9,503.3,1,5,3,268.361574380749,4
48310,2021,8,196.9,503.3,1,5,3,297.430003354977,4
48310,2021,8,196.9,503.3,1,5,3,243.300696638491,4
48310,2021,8,196.9,503.3,1,5,3,122.309315639041,4
48310,2021,8,196.9,503.3,1,5,3,106.58546253218,4
48310,2021,8,196.9,503.3,1,5,3,103.960207865443,4
48310,2021,8,196.9,503.3,1,5,3,81.2644750529881,5
48310,2021,8,196.9,503.3,1,5,3,86.3665863643924,5
48310,2021,8,196.9,503.3,1,5,3,170.903895316031,4
48310,2021,8,196.9,503.3,1,5,3,457.182224532155,3
48310,2021,8,196.9,503.3,1,5,2,365.333289621038,3
48310,2021,8,196.9,503.3,1,5,2,331.151318383275,3
48310,2021,8,196.9,503.3,1,5,3,741.171745154443,2
48310,2021,8,196.9,503.3,1,5,3,162.220775212586,4
48310,2021,8,196.9,503.3,1,5,3,213.833600378531,4
48310,2021,8,196.9,503.3,1,5,3,374.828909013949,3
48310,2021,8,196.9,503.3,1,5,3,140.184682115097,4
48310,2021,8,196.9,503.3,1,5,3,201.04908340751,4
48310,2021,8,196.9,503.3,1,5,2,341.497785132646,3
48310,2021,8,196.9,503.3,1,5,2,1577.95998735742,1
48310,2021,8,196.9,503.3,1,5,3,877.60573645687,2
48310,2021,8,196.9,503.3,1,5,3,843.190953374348,2
48310,2021,8,196.9,503.3,1,5,3,646.514818518478,3
48220,2021,8,1060.1,477.0,1,4,3,206.280272540428,4
48220,2021,8,1060.1,477.0,1,4,3,196.905242165914,4
48220,2021,8,1060.1,477.0,1,4,2,826.648898857144,2
48220,2021,8,1060.1,477.0,1,4,2,741.169158266028,2
48220,2021,8,1060.1,477.0,1,4,2,556.730672003048,3
48220,2021,8,1060.1,477.0,1,4,3,445.424588155901,3
48220,2021,8,1060.1,477.0,1,4,3,486.779959850489,3
48220,2021,8,1060.1,477.0,1,4,3,423.20375778295,3
48220,2021,8,1060.1,477.0,1,4,2,316.015980147767,3
48220,2021,8,1060.1,477.0,1,4,3,847.33335344003,2
48220,2021,8,1060.1,477.0,1,4,3,775.70058227942,2
48220,2021,8,1060.1,477.0,1,4,3,240.031686483017,4
48220,2021,8,1060.1,477.0,1,4,2,1039.32707845325,2
48220,2021,8,1060.1,477.0,1,4,3,301.65126570727,3
48220,2021,8,1060.1,477.0,1,4,3,197.26977441281,4
48220,2021,8,1060.1,477.0,1,4,3,99.1167280136787,5
48220,2021,8,2956.4,477.0,1,4,3,206.280272540428,4
48220,2021,8,2956.4,477.0,1,4,3,196.905242165914,4
48220,2021,8,2956.4,477.0,1,4,2,826.648898857144,2
48220,2021,8,2956.4,477.0,1,4,2,741.169158266028,2
48220,2021,8,2956.4,477.0,1,4,2,556.730672003048,3
48220,2021,8,2956.4,477.0,1,4,3,445.424588155901,3
48220,2021,8,2956.4,477.0,1,4,3,486.779959850489,3
48220,2021,8,2956.4,477.0,1,4,3,423.20375778295,3
48220,2021,8,2956.4,477.0,1,4,2,316.015980147767,3
48220,2021,8,2956.4,477.0,1,4,3,847.33335344003,2
48220,2021,8,2956.4,477.0,1,4,3,775.70058227942,2
48220,2021,8,2956.4,477.0,1,4,3,240.031686483017,4
48220,2021,8,2956.4,477.0,1,4,2,1039.32707845325,2
48220,2021,8,2956.4,477.0,1,4,3,301.65126570727,3
48220,2021,8,2956.4,477.0,1,4,3,197.26977441281,4
48220,2021,8,2956.4,477.0,1,4,3,99.1167280136787,5
48220,2021,8,4780.9,477.0,1,4,3,206.280272540428,4
48220,2021,8,4780.9,477.0,1,4,3,196.905242165914,4
48220,2021,8,4780.9,477.0,1,4,2,826.648898857144,2
48220,2021,8,4780.9,477.0,1,4,2,741.169158266028,2
48220,2021,8,4780.9,477.0,1,4,2,556.730672003048,3
48220,2021,8,4780.9,477.0,1,4,3,445.424588155901,3
48220,2021,8,4780.9,477.0,1,4,3,486.779959850489,3
48220,2021,8,4780.9,477.0,1,4,3,423.20375778295,3
48220,2021,8,4780.9,477.0,1,4,2,316.015980147767,3
48220,2021,8,4780.9,477.0,1,4,3,847.33335344003,2
48220,2021,8,4780.9,477.0,1,4,3,775.70058227942,2
48220,2021,8,4780.9,477.0,1,4,3,240.031686483017,4
48220,2021,8,4780.9,477.0,1,4,2,1039.32707845325,2
48220,2021,8,4780.9,477.0,1,4,3,301.65126570727,3
48220,2021,8,4780.9,477.0,1,4,3,197.26977441281,4
48220,2021,8,4780.9,477.0,1,4,3,99.1167280136787,5
48220,2021,8,1058.0,477.0,1,4,3,206.280272540428,4
48220,2021,8,1058.0,477.0,1,4,3,196.905242165914,4
48220,2021,8,1058.0,477.0,1,4,2,826.648898857144,2
48220,2021,8,1058.0,477.0,1,4,2,741.169158266028,2
48220,2021,8,1058.0,477.0,1,4,2,556.730672003048,3
48220,2021,8,1058.0,477.0,1,4,3,445.424588155901,3
48220,2021,8,1058.0,477.0,1,4,3,486.779959850489,3
48220,2021,8,1058.0,477.0,1,4,3,423.20375778295,3
48220,2021,8,1058.0,477.0,1,4,2,316.015980147767,3
48220,2021,8,1058.0,477.0,1,4,3,847.33335344003,2
48220,2021,8,1058.0,477.0,1,4,3,775.70058227942,2
48220,2021,8,1058.0,477.0,1,4,3,240.031686483017,4
48220,2021,8,1058.0,477.0,1,4,2,1039.32707845325,2
48220,2021,8,1058.0,477.0,1,4,3,301.65126570727,3
48220,2021,8,1058.0,477.0,1,4,3,197.26977441281,4
48220,2021,8,1058.0,477.0,1,4,3,99.1167280136787,5
48220,2021,8,1516.1,477.0,1,4,3,206.280272540428,4
48220,2021,8,1516.1,477.0,1,4,3,196.905242165914,4
48220,2021,8,1516.1,477.0,1,4,2,826.648898857144,2
48220,2021,8,1516.1,477.0,1,4,2,741.169158266028,2
48220,2021,8,1516.1,477.0,1,4,2,556.730672003048,3
48220,2021,8,1516.1,477.0,1,4,3,445.424588155901,3
48220,2021,8,1516.1,477.0,1,4,3,486.779959850489,3
48220,2021,8,1516.1,477.0,1,4,3,423.20375778295,3
48220,2021,8,1516.1,477.0,1,4,2,316.015980147767,3
48220,2021,8,1516.1,477.0,1,4,3,847.33335344003,2
48220,2021,8,1516.1,477.0,1,4,3,775.70058227942,2
48220,2021,8,1516.1,477.0,1,4,3,240.031686483017,4
48220,2021,8,1516.1,477.0,1,4,2,1039.32707845325,2
48220,2021,8,1516.1,477.0,1,4,3,301.65126570727,3
48220,2021,8,1516.1,477.0,1,4,3,197.26977441281,4
48220,2021,8,1516.1,477.0,1,4,3,99.1167280136787,5
48220,2021,8,4801.6,477.0,1,4,3,206.280272540428,4
48220,2021,8,4801.6,477.0,1,4,3,196.905242165914,4
48220,2021,8,4801.6,477.0,1,4,2,826.648898857144,2
48220,2021,8,4801.6,477.0,1,4,2,741.169158266028,2
48220,2021,8,4801.6,477.0,1,4,2,556.730672003048,3
48220,2021,8,4801.6,477.0,1,4,3,445.424588155901,3
48220,2021,8,4801.6,477.0,1,4,3,486.779959850489,3
48220,2021,8,4801.6,477.0,1,4,3,423.20375778295,3
48220,2021,8,4801.6,477.0,1,4,2,316.015980147767,3
48220,2021,8,4801.6,477.0,1,4,3,847.33335344003,2
48220,2021,8,4801.6,477.0,1,4,3,775.70058227942,2
48220,2021,8,4801.6,477.0,1,4,3,240.031686483017,4
48220,2021,8,4801.6,477.0,1,4,2,1039.32707845325,2
48220,2021,8,4801.6,477.0,1,4,3,301.65126570727,3
48220,2021,8,4801.6,477.0,1,4,3,197.26977441281,4
48220,2021,8,4801.6,477.0,1,4,3,99.1167280136787,5
48220,2021,8,119.7,477.0,1,4,3,206.280272540428,4
48220,2021,8,119.7,477.0,1,4,3,196.905242165914,4
48220,2021,8,119.7,477.0,1,4,2,826.648898857144,2
48220,2021,8,119.7,477.0,1,4,2,741.169158266028,2
48220,2021,8,119.7,477.0,1,4,2,556.730672003048,3
48220,2021,8,119.7,477.0,1,4,3,445.424588155901,3
48220,2021,8,119.7,477.0,1,4,3,486.779959850489,3
48220,2021,8,119.7,477.0,1,4,3,423.20375778295,3
48220,2021,8,119.7,477.0,1,4,2,316.015980147767,3
48220,2021,8,119.7,477.0,1,4,3,847.33335344003,2
48220,2021,8,119.7,477.0,1,4,3,775.70058227942,2
48220,2021,8,119.7,477.0,1,4,3,240.031686483017,4
48220,2021,8,119.7,477.0,1,4,2,1039.32707845325,2
48220,2021,8,119.7,477.0,1,4,3,301.65126570727,3
48220,2021,8,119.7,477.0,1,4,3,197.26977441281,4
48220,2021,8,119.7,477.0,1,4,3,99.1167280136787,5
48220,2021,8,3158.6,477.0,1,4,3,206.280272540428,4
48220,2021,8,3158.6,477.0,1,4,3,196.905242165914,4
48220,2021,8,3158.6,477.0,1,4,2,826.648898857144,2
48220,2021,8,3158.6,477.0,1,4,2,741.169158266028,2
48220,2021,8,3158.6,477.0,1,4,2,556.730672003048,3
48220,2021,8,3158.6,477.0,1,4,3,445.424588155901,3
48220,2021,8,3158.6,477.0,1,4,3,486.779959850489,3
48220,2021,8,3158.6,477.0,1,4,3,423.20375778295,3
48220,2021,8,3158.6,477.0,1,4,2,316.015980147767,3
48220,2021,8,3158.6,477.0,1,4,3,847.33335344003,2
48220,2021,8,3158.6,477.0,1,4,3,775.70058227942,2
48220,2021,8,3158.6,477.0,1,4,3,240.031686483017,4
48220,2021,8,3158.6,477.0,1,4,2,1039.32707845325,2
48220,2021,8,3158.6,477.0,1,4,3,301.65126570727,3
48220,2021,8,3158.6,477.0,1,4,3,197.26977441281,4
48220,2021,8,3158.6,477.0,1,4,3,99.1167280136787,5
48220,2021,8,2153.7,477.0,1,4,3,206.280272540428,4
48220,2021,8,2153.7,477.0,1,4,3,196.905242165914,4
48220,2021,8,2153.7,477.0,1,4,2,826.648898857144,2
48220,2021,8,2153.7,477.0,1,4,2,741.169158266028,2
48220,2021,8,2153.7,477.0,1,4,2,556.730672003048,3
48220,2021,8,2153.7,477.0,1,4,3,445.424588155901,3
48220,2021,8,2153.7,477.0,1,4,3,486.779959850489,3
48220,2021,8,2153.7,477.0,1,4,3,423.20375778295,3
48220,2021,8,2153.7,477.0,1,4,2,316.015980147767,3
48220,2021,8,2153.7,477.0,1,4,3,847.33335344003,2
48220,2021,8,2153.7,477.0,1,4,3,775.70058227942,2
48220,2021,8,2153.7,477.0,1,4,3,240.031686483017,4
48220,2021,8,2153.7,477.0,1,4,2,1039.32707845325,2
48220,2021,8,2153.7,477.0,1,4,3,301.65126570727,3
48220,2021,8,2153.7,477.0,1,4,3,197.26977441281,4
48220,2021,8,2153.7,477.0,1,4,3,99.1167280136787,5
48220,2021,8,3223.1,477.0,1,4,3,206.280272540428,4
48220,2021,8,3223.1,477.0,1,4,3,196.905242165914,4
48220,2021,8,3223.1,477.0,1,4,2,826.648898857144,2
48220,2021,8,3223.1,477.0,1,4,2,741.169158266028,2
48220,2021,8,3223.1,477.0,1,4,2,556.730672003048,3
48220,2021,8,3223.1,477.0,1,4,3,445.424588155901,3
48220,2021,8,3223.1,477.0,1,4,3,486.779959850489,3
48220,2021,8,3223.1,477.0,1,4,3,423.20375778295,3
48220,2021,8,3223.1,477.0,1,4,2,316.015980147767,3
48220,2021,8,3223.1,477.0,1,4,3,847.33335344003,2
48220,2021,8,3223.1,477.0,1,4,3,775.70058227942,2
48220,2021,8,3223.1,477.0,1,4,3,240.031686483017,4
48220,2021,8,3223.1,477.0,1,4,2,1039.32707845325,2
48220,2021,8,3223.1,477.0,1,4,3,301.65126570727,3
48220,2021,8,3223.1,477.0,1,4,3,197.26977441281,4
48220,2021,8,3223.1,477.0,1,4,3,99.1167280136787,5
48220,2021,8,403.5,477.0,1,4,3,206.280272540428,4
48220,2021,8,403.5,477.0,1,4,3,196.905242165914,4
48220,2021,8,403.5,477.0,1,4,2,826.648898857144,2
48220,2021,8,403.5,477.0,1,4,2,741.169158266028,2
48220,2021,8,403.5,477.0,1,4,2,556.730672003048,3
48220,2021,8,403.5,477.0,1,4,3,445.424588155901,3
48220,2021,8,403.5,477.0,1,4,3,486.779959850489,3
48220,2021,8,403.5,477.0,1,4,3,423.20375778295,3
48220,2021,8,403.5,477.0,1,4,2,316.015980147767,3
48220,2021,8,403.5,477.0,1,4,3,847.33335344003,2
48220,2021,8,403.5,477.0,1,4,3,775.70058227942,2
48220,2021,8,403.5,477.0,1,4,3,240.031686483017,4
48220,2021,8,403.5,477.0,1,4,2,1039.32707845325,2
48220,2021,8,403.5,477.0,1,4,3,301.65126570727,3
48220,2021,8,403.5,477.0,1,4,3,197.26977441281,4
48220,2021,8,403.5,477.0,1,4,3,99.1167280136787,5
48220,2021,8,1028.4,477.0,1,4,3,206.280272540428,4
48220,2021,8,1028.4,477.0,1,4,3,196.905242165914,4
48220,2021,8,1028.4,477.0,1,4,2,826.648898857144,2
48220,2021,8,1028.4,477.0,1,4,2,741.169158266028,2
48220,2021,8,1028.4,477.0,1,4,2,556.730672003048,3
48220,2021,8,1028.4,477.0,1,4,3,445.424588155901,3
48220,2021,8,1028.4,477.0,1,4,3,486.779959850489,3
48220,2021,8,1028.4,477.0,1,4,3,423.20375778295,3
48220,2021,8,1028.4,477.0,1,4,2,316.015980147767,3
48220,2021,8,1028.4,477.0,1,4,3,847.33335344003,2
48220,2021,8,1028.4,477.0,1,4,3,775.70058227942,2
48220,2021,8,1028.4,477.0,1,4,3,240.031686483017,4
48220,2021,8,1028.4,477.0,1,4,2,1039.32707845325,2
48220,2021,8,1028.4,477.0,1,4,3,301.65126570727,3
48220,2021,8,1028.4,477.0,1,4,3,197.26977441281,4
48220,2021,8,1028.4,477.0,1,4,3,99.1167280136787,5
48220,2021,8,4100.2,477.0,1,4,3,206.280272540428,4
48220,2021,8,4100.2,477.0,1,4,3,196.905242165914,4
48220,2021,8,4100.2,477.0,1,4,2,826.648898857144,2
48220,2021,8,4100.2,477.0,1,4,2,741.169158266028,2
48220,2021,8,4100.2,477.0,1,4,2,556.730672003048,3
48220,2021,8,4100.2,477.0,1,4,3,445.424588155901,3
48220,2021,8,4100.2,477.0,1,4,3,486.779959850489,3
48220,2021,8,4100.2,477.0,1,4,3,423.20375778295,3
48220,2021,8,4100.2,477.0,1,4,2,316.015980147767,3
48220,2021,8,4100.2,477.0,1,4,3,847.33335344003,2
48220,2021,8,4100.2,477.0,1,4,3,775.70058227942,2
48220,2021,8,4100.2,477.0,1,4,3,240.031686483017,4
48220,2021,8,4100.2,477.0,1,4,2,1039.32707845325,2
48220,2021,8,4100.2,477.0,1,4,3,301.65126570727,3
48220,2021,8,4100.2,477.0,1,4,3,197.26977441281,4
48220,2021,8,4100.2,477.0,1,4,3,99.1167280136787,5
48220,2021,8,7845.9,477.0,1,4,3,206.280272540428,4
48220,2021,8,7845.9,477.0,1,4,3,196.905242165914,4
48220,2021,8,7845.9,477.0,1,4,2,826.648898857144,2
48220,2021,8,7845.9,477.0,1,4,2,741.169158266028,2
48220,2021,8,7845.9,477.0,1,4,2,556.730672003048,3
48220,2021,8,7845.9,477.0,1,4,3,445.424588155901,3
48220,2021,8,7845.9,477.0,1,4,3,486.779959850489,3
48220,2021,8,7845.9,477.0,1,4,3,423.20375778295,3
48220,2021,8,7845.9,477.0,1,4,2,316.015980147767,3
48220,2021,8,7845.9,477.0,1,4,3,847.33335344003,2
48220,2021,8,7845.9,477.0,1,4,3,775.70058227942,2
48220,2021,8,7845.9,477.0,1,4,3,240.031686483017,4
48220,2021,8,7845.9,477.0,1,4,2,1039.32707845325,2
48220,2021,8,7845.9,477.0,1,4,3,301.65126570727,3
48220,2021,8,7845.9,477.0,1,4,3,197.26977441281,4
48220,2021,8,7845.9,477.0,1,4,3,99.1167280136787,5
48220,2021,8,1659.3,477.0,1,4,3,206.280272540428,4
48220,2021,8,1659.3,477.0,1,4,3,196.905242165914,4
48220,2021,8,1659.3,477.0,1,4,2,826.648898857144,2
48220,2021,8,1659.3,477.0,1,4,2,741.169158266028,2
48220,2021,8,1659.3,477.0,1,4,2,556.730672003048,3
48220,2021,8,1659.3,477.0,1,4,3,445.424588155901,3
48220,2021,8,1659.3,477.0,1,4,3,486.779959850489,3
48220,2021,8,1659.3,477.0,1,4,3,423.20375778295,3
48220,2021,8,1659.3,477.0,1,4,2,316.015980147767,3
48220,2021,8,1659.3,477.0,1,4,3,847.33335344003,2
48220,2021,8,1659.3,477.0,1,4,3,775.70058227942,2
48220,2021,8,1659.3,477.0,1,4,3,240.031686483017,4
48220,2021,8,1659.3,477.0,1,4,2,1039.32707845325,2
48220,2021,8,1659.3,477.0,1,4,3,301.65126570727,3
48220,2021,8,1659.3,477.0,1,4,3,197.26977441281,4
48220,2021,8,1659.3,477.0,1,4,3,99.1167280136787,5
48220,2021,8,4878.5,477.0,1,4,3,206.280272540428,4
48220,2021,8,4878.5,477.0,1,4,3,196.905242165914,4
48220,2021,8,4878.5,477.0,1,4,2,826.648898857144,2
48220,2021,8,4878.5,477.0,1,4,2,741.169158266028,2
48220,2021,8,4878.5,477.0,1,4,2,556.730672003048,3
48220,2021,8,4878.5,477.0,1,4,3,445.424588155901,3
48220,2021,8,4878.5,477.0,1,4,3,486.779959850489,3
48220,2021,8,4878.5,477.0,1,4,3,423.20375778295,3
48220,2021,8,4878.5,477.0,1,4,2,316.015980147767,3
48220,2021,8,4878.5,477.0,1,4,3,847.33335344003,2
48220,2021,8,4878.5,477.0,1,4,3,775.70058227942,2
48220,2021,8,4878.5,477.0,1,4,3,240.031686483017,4
48220,2021,8,4878.5,477.0,1,4,2,1039.32707845325,2
48220,2021,8,4878.5,477.0,1,4,3,301.65126570727,3
48220,2021,8,4878.5,477.0,1,4,3,197.26977441281,4
48220,2021,8,4878.5,477.0,1,4,3,99.1167280136787,5
48220,2021,8,11294.9,477.0,1,4,3,206.280272540428,4
48220,2021,8,11294.9,477.0,1,4,3,196.905242165914,4
48220,2021,8,11294.9,477.0,1,4,2,826.648898857144,2
48220,2021,8,11294.9,477.0,1,4,2,741.169158266028,2
48220,2021,8,11294.9,477.0,1,4,2,556.730672003048,3
48220,2021,8,11294.9,477.0,1,4,3,445.424588155901,3
48220,2021,8,11294.9,477.0,1,4,3,486.779959850489,3
48220,2021,8,11294.9,477.0,1,4,3,423.20375778295,3
48220,2021,8,11294.9,477.0,1,4,2,316.015980147767,3
48220,2021,8,11294.9,477.0,1,4,3,847.33335344003,2
48220,2021,8,11294.9,477.0,1,4,3,775.70058227942,2
48220,2021,8,11294.9,477.0,1,4,3,240.031686483017,4
48220,2021,8,11294.9,477.0,1,4,2,1039.32707845325,2
48220,2021,8,11294.9,477.0,1,4,3,301.65126570727,3
48220,2021,8,11294.9,477.0,1,4,3,197.26977441281,4
48220,2021,8,11294.9,477.0,1,4,3,99.1167280136787,5
48220,2021,8,6793.3,477.0,1,4,3,206.280272540428,4
48220,2021,8,6793.3,477.0,1,4,3,196.905242165914,4
48220,2021,8,6793.3,477.0,1,4,2,826.648898857144,2
48220,2021,8,6793.3,477.0,1,4,2,741.169158266028,2
48220,2021,8,6793.3,477.0,1,4,2,556.730672003048,3
48220,2021,8,6793.3,477.0,1,4,3,445.424588155901,3
48220,2021,8,6793.3,477.0,1,4,3,486.779959850489,3
48220,2021,8,6793.3,477.0,1,4,3,423.20375778295,3
48220,2021,8,6793.3,477.0,1,4,2,316.015980147767,3
48220,2021,8,6793.3,477.0,1,4,3,847.33335344003,2
48220,2021,8,6793.3,477.0,1,4,3,775.70058227942,2
48220,2021,8,6793.3,477.0,1,4,3,240.031686483017,4
48220,2021,8,6793.3,477.0,1,4,2,1039.32707845325,2
48220,2021,8,6793.3,477.0,1,4,3,301.65126570727,3
48220,2021,8,6793.3,477.0,1,4,3,197.26977441281,4
48220,2021,8,6793.3,477.0,1,4,3,99.1167280136787,5
48220,2021,8,5401.9,477.0,1,4,3,206.280272540428,4
48220,2021,8,5401.9,477.0,1,4,3,196.905242165914,4
48220,2021,8,5401.9,477.0,1,4,2,826.648898857144,2
48220,2021,8,5401.9,477.0,1,4,2,741.169158266028,2
48220,2021,8,5401.9,477.0,1,4,2,556.730672003048,3
48220,2021,8,5401.9,477.0,1,4,3,445.424588155901,3
48220,2021,8,5401.9,477.0,1,4,3,486.779959850489,3
48220,2021,8,5401.9,477.0,1,4,3,423.20375778295,3
48220,2021,8,5401.9,477.0,1,4,2,316.015980147767,3
48220,2021,8,5401.9,477.0,1,4,3,847.33335344003,2
48220,2021,8,5401.9,477.0,1,4,3,775.70058227942,2
48220,2021,8,5401.9,477.0,1,4,3,240.031686483017,4
48220,2021,8,5401.9,477.0,1,4,2,1039.32707845325,2
48220,2021,8,5401.9,477.0,1,4,3,301.65126570727,3
48220,2021,8,5401.9,477.0,1,4,3,197.26977441281,4
48220,2021,8,5401.9,477.0,1,4,3,99.1167280136787,5
47170,2021,8,1730.4,188.9,1,6,3,420.505230905494,3
47170,2021,8,1730.4,188.9,1,6,3,420.505230905494,3
47170,2021,8,485.9,188.9,1,6,3,420.505230905494,3
47170,2021,8,485.9,188.9,1,6,3,420.505230905494,3
47170,2021,8,914.9,188.9,1,6,3,420.505230905494,3
47170,2021,8,914.9,188.9,1,6,3,420.505230905494,3
47170,2021,8,1495.6,188.9,1,6,3,420.505230905494,3
47170,2021,8,1495.6,188.9,1,6,3,420.505230905494,3
