SIGUNGU,FLOOD_YEAR,FLOOD_MONTH,RAIN_TOTAL
51820,2016,1,6.6
51780,2016,1,0.9
41250,2016,1,1.3
41480,2016,1,1.0
51760,2016,1,2.6
51760,2016,1,2.6
51110,2016,1,0.4
28720,2016,1,5.7
28720,2016,1,5.7
51150,2016,1,24.7
51150,2016,1,27.4
51170,2016,1,12.4
11110,2016,1,1.0
11110,2016,1,1.0
28110,2016,1,2.8
28110,2016,1,2.8
51130,2016,1,1.6
47940,2016,1,164.2
41113,2016,1,4.6
41113,2016,1,4.6
51750,2016,1,3.4
43130,2016,1,1.8
44210,2016,1,21.9
47930,2016,1,12.8
47930,2016,1,12.8
43113,2016,1,5.7
30200,2016,1,11.6
43740,2016,1,18.9
47170,2016,1,6.8
47170,2016,1,6.8
47250,2016,1,11.7
47111,2016,1,47.2
52130,2016,1,42.4
52130,2016,1,42.4
27140,2016,1,23.8
27140,2016,1,23.8
52113,2016,1,25.2
52111,2016,1,25.2
31110,2016,1,50.6
31110,2016,1,50.6
31110,2016,1,50.6
48120,2016,1,40.5
29170,2016,1,49.7
26110,2016,1,59.5
48220,2016,1,70.7
46110,2016,1,79.2
46110,2016,1,79.2
46130,2016,1,51.2
46910,2016,1,21.1
46890,2016,1,65.0
52790,2016,1,53.6
52790,2016,1,53.6
52790,2016,1,53.6
46150,2016,1,30.0
46150,2016,1,30.0
46900,2016,1,18.6
44800,2016,1,10.7
50110,2016,1,125.6
50110,2016,1,70.1
50130,2016,1,167.8
50130,2016,1,167.8
50130,2016,1,167.8
50130,2016,1,74.9
50130,2016,1,74.9
48170,2016,1,35.4
48170,2016,1,35.4
28710,2016,1,0.2
41830,2016,1,0.4
41500,2016,1,3.6
51810,2016,1,0.3
51810,2016,1,0.3
51720,2016,1,0.1
51190,2016,1,8.9
51770,2016,1,1.0
51770,2016,1,1.0
51770,2016,1,1.0
43150,2016,1,4.5
43720,2016,1,9.7
44131,2016,1,8.0
44131,2016,1,8.0
44180,2016,1,7.8
44760,2016,1,6.6
44710,2016,1,11.1
52800,2016,1,51.1
52750,2016,1,36.1
52180,2016,1,60.2
52180,2016,1,60.2
52190,2016,1,30.0
52190,2016,1,30.0
52190,2016,1,30.0
52740,2016,1,24.9
52790,2016,1,54.0
46870,2016,1,45.2
48250,2016,1,44.0
52770,2016,1,34.4
48123,2016,1,39.5
48330,2016,1,55.6
46780,2016,1,23.3
46780,2016,1,23.3
46810,2016,1,59.6
46810,2016,1,59.6
46800,2016,1,54.0
46820,2016,1,56.3
46770,2016,1,57.5
46770,2016,1,57.5
48720,2016,1,32.2
48870,2016,1,25.1
46230,2016,1,38.5
46230,2016,1,38.5
46900,2016,1,58.6
47920,2016,1,3.5
47920,2016,1,3.5
47210,2016,1,4.0
47280,2016,1,7.4
47280,2016,1,7.4
47750,2016,1,8.6
47750,2016,1,8.6
47770,2016,1,12.5
47730,2016,1,5.3
47190,2016,1,16.6
47230,2016,1,22.5
47130,2016,1,38.1
48880,2016,1,20.7
48880,2016,1,20.7
48890,2016,1,27.7
48270,2016,1,33.5
48860,2016,1,31.0
48310,2016,1,81.5
48840,2016,1,62.7
51820,2016,2,38.3
51780,2016,2,54.1
41250,2016,2,47.8
41480,2016,2,65.9
51760,2016,2,39.0
51760,2016,2,39.0
51110,2016,2,54.8
28720,2016,2,66.5
28720,2016,2,66.5
51150,2016,2,45.7
51150,2016,2,48.5
51170,2016,2,55.0
11110,2016,2,47.6
11110,2016,2,47.6
28110,2016,2,43.1
28110,2016,2,43.1
51130,2016,2,45.8
47940,2016,2,134.8
41113,2016,2,52.6
41113,2016,2,52.6
51750,2016,2,54.5
43130,2016,2,50.1
44210,2016,2,61.7
47930,2016,2,40.6
47930,2016,2,40.6
43113,2016,2,45.5
30200,2016,2,45.8
43740,2016,2,34.2
47170,2016,2,32.8
47170,2016,2,32.8
47250,2016,2,36.6
47111,2016,2,14.4
52130,2016,2,46.1
52130,2016,2,46.1
27140,2016,2,15.5
27140,2016,2,15.5
52113,2016,2,31.6
52111,2016,2,31.6
31110,2016,2,32.4
31110,2016,2,32.4
31110,2016,2,32.4
48120,2016,2,73.2
29170,2016,2,45.2
26110,2016,2,63.7
48220,2016,2,93.2
46110,2016,2,40.5
46110,2016,2,40.5
46130,2016,2,65.5
46910,2016,2,28.1
46890,2016,2,71.6
52790,2016,2,30.0
52790,2016,2,30.0
52790,2016,2,30.0
46150,2016,2,71.9
46150,2016,2,71.9
46900,2016,2,56.0
44800,2016,2,49.5
50110,2016,2,40.0
50110,2016,2,76.7
50130,2016,2,103.1
50130,2016,2,103.1
50130,2016,2,103.1
50130,2016,2,143.4
50130,2016,2,143.4
48170,2016,2,76.4
48170,2016,2,76.4
28710,2016,2,39.1
41830,2016,2,25.0
41500,2016,2,52.2
51810,2016,2,41.3
51810,2016,2,41.3
51720,2016,2,35.4
51190,2016,2,28.9
51770,2016,2,66.0
51770,2016,2,66.0
51770,2016,2,66.0
43150,2016,2,68.7
43720,2016,2,39.8
44131,2016,2,43.6
44131,2016,2,43.6
44180,2016,2,54.2
44760,2016,2,59.6
44710,2016,2,46.0
52800,2016,2,40.6
52750,2016,2,42.4
52180,2016,2,33.0
52180,2016,2,33.0
52190,2016,2,48.5
52190,2016,2,48.5
52190,2016,2,48.5
52740,2016,2,67.2
52790,2016,2,28.7
46870,2016,2,40.5
48250,2016,2,67.0
52770,2016,2,50.6
48123,2016,2,56.1
48330,2016,2,76.0
46780,2016,2,108.6
46780,2016,2,108.6
46810,2016,2,46.0
46810,2016,2,46.0
46800,2016,2,50.5
46820,2016,2,24.1
46770,2016,2,56.2
46770,2016,2,56.2
48720,2016,2,44.2
48870,2016,2,34.4
46230,2016,2,73.0
46230,2016,2,73.0
46900,2016,2,56.9
47920,2016,2,48.8
47920,2016,2,48.8
47210,2016,2,49.9
47280,2016,2,42.6
47280,2016,2,42.6
47750,2016,2,21.0
47750,2016,2,21.0
47770,2016,2,18.1
47730,2016,2,17.3
47190,2016,2,23.7
47230,2016,2,17.3
47130,2016,2,14.0
48880,2016,2,40.4
48880,2016,2,40.4
48890,2016,2,34.9
48270,2016,2,33.7
48860,2016,2,46.8
48310,2016,2,104.6
48840,2016,2,119.5
51820,2016,3,31.8
51780,2016,3,45.2
41250,2016,3,53.3
41480,2016,3,57.4
51760,2016,3,18.4
51760,2016,3,18.4
51110,2016,3,49.6
28720,2016,3,35.3
28720,2016,3,35.3
51150,2016,3,29.6
51150,2016,3,29.3
51170,2016,3,27.7
11110,2016,3,40.5
11110,2016,3,40.5
28110,2016,3,44.1
28110,2016,3,44.1
51130,2016,3,36.5
47940,2016,3,16.1
41113,2016,3,54.8
41113,2016,3,54.8
51750,2016,3,21.1
43130,2016,3,11.9
44210,2016,3,24.3
47930,2016,3,26.8
47930,2016,3,26.8
43113,2016,3,13.2
30200,2016,3,40.3
43740,2016,3,57.5
47170,2016,3,45.8
47170,2016,3,45.8
47250,2016,3,56.3
47111,2016,3,69.8
52130,2016,3,24.1
52130,2016,3,24.1
27140,2016,3,67.5
27140,2016,3,67.5
52113,2016,3,67.0
52111,2016,3,67.0
31110,2016,3,92.2
31110,2016,3,92.2
31110,2016,3,92.2
48120,2016,3,81.6
29170,2016,3,55.2
26110,2016,3,133.5
48220,2016,3,133.1
46110,2016,3,54.9
46110,2016,3,54.9
46130,2016,3,86.6
46910,2016,3,53.9
46890,2016,3,70.2
52790,2016,3,20.0
52790,2016,3,20.0
52790,2016,3,20.0
46150,2016,3,153.7
46150,2016,3,153.7
46900,2016,3,97.1
44800,2016,3,20.3
50110,2016,3,96.9
50110,2016,3,89.0
50130,2016,3,206.7
50130,2016,3,206.7
50130,2016,3,206.7
50130,2016,3,138.1
50130,2016,3,138.1
48170,2016,3,121.0
48170,2016,3,121.0
28710,2016,3,52.3
41830,2016,3,24.5
41500,2016,3,58.2
51810,2016,3,41.3
51810,2016,3,41.3
51720,2016,3,39.7
51190,2016,3,35.2
51770,2016,3,30.6
51770,2016,3,30.6
51770,2016,3,30.6
43150,2016,3,21.5
43720,2016,3,45.5
44131,2016,3,16.5
44131,2016,3,16.5
44180,2016,3,18.7
44760,2016,3,19.0
44710,2016,3,54.5
52800,2016,3,52.0
52750,2016,3,61.1
52180,2016,3,77.1
52180,2016,3,77.1
52190,2016,3,72.5
52190,2016,3,72.5
52190,2016,3,72.5
52740,2016,3,63.1
52790,2016,3,21.6
46870,2016,3,77.3
48250,2016,3,77.6
52770,2016,3,78.1
48123,2016,3,77.3
48330,2016,3,90.4
46780,2016,3,101.5
46780,2016,3,101.5
46810,2016,3,99.3
46810,2016,3,99.3
46800,2016,3,90.3
46820,2016,3,93.7
46770,2016,3,84.2
46770,2016,3,84.2
48720,2016,3,112.2
48870,2016,3,59.8
46230,2016,3,101.9
46230,2016,3,101.9
46900,2016,3,98.1
47920,2016,3,38.4
47920,2016,3,38.4
47210,2016,3,36.9
47280,2016,3,42.1
47280,2016,3,42.1
47750,2016,3,43.5
47750,2016,3,43.5
47770,2016,3,27.1
47730,2016,3,52.6
47190,2016,3,50.5
47230,2016,3,75.9
47130,2016,3,64.5
48880,2016,3,59.2
48880,2016,3,59.2
48890,2016,3,87.4
48270,2016,3,93.3
48860,2016,3,75.0
48310,2016,3,126.7
48840,2016,3,118.4
51820,2016,4,77.5
51780,2016,4,88.8
41250,2016,4,86.5
41480,2016,4,89.3
51760,2016,4,84.5
51760,2016,4,84.5
51110,2016,4,98.0
28720,2016,4,64.8
28720,2016,4,64.8
51150,2016,4,70.4
51150,2016,4,73.0
51170,2016,4,60.8
11110,2016,4,76.8
11110,2016,4,76.8
28110,2016,4,80.8
28110,2016,4,80.8
51130,2016,4,71.5
47940,2016,4,118.5
41113,2016,4,79.2
41113,2016,4,79.2
51750,2016,4,83.4
43130,2016,4,97.3
44210,2016,4,87.0
47930,2016,4,103.8
47930,2016,4,103.8
43113,2016,4,132.1
30200,2016,4,154.9
43740,2016,4,155.8
47170,2016,4,126.3
47170,2016,4,126.3
47250,2016,4,164.4
47111,2016,4,155.2
52130,2016,4,166.6
52130,2016,4,166.6
27140,2016,4,151.0
27140,2016,4,151.0
52113,2016,4,144.2
52111,2016,4,144.2
31110,2016,4,179.2
31110,2016,4,179.2
31110,2016,4,179.2
48120,2016,4,263.0
29170,2016,4,185.0
26110,2016,4,198.5
48220,2016,4,262.9
46110,2016,4,192.0
46110,2016,4,192.0
46130,2016,4,301.0
46910,2016,4,182.5
46890,2016,4,268.9
52790,2016,4,176.2
52790,2016,4,176.2
52790,2016,4,176.2
46150,2016,4,214.4
46150,2016,4,214.4
46900,2016,4,205.2
44800,2016,4,112.0
50110,2016,4,121.4
50110,2016,4,147.3
50130,2016,4,294.4
50130,2016,4,294.4
50130,2016,4,294.4
50130,2016,4,232.2
50130,2016,4,232.2
48170,2016,4,299.7
48170,2016,4,299.7
28710,2016,4,93.1
41830,2016,4,71.7
41500,2016,4,86.7
51810,2016,4,93.2
51810,2016,4,93.2
51720,2016,4,76.0
51190,2016,4,116.6
51770,2016,4,93.5
51770,2016,4,93.5
51770,2016,4,93.5
43150,2016,4,117.1
43720,2016,4,149.2
44131,2016,4,118.3
44131,2016,4,118.3
44180,2016,4,105.1
44760,2016,4,164.6
44710,2016,4,171.7
52800,2016,4,179.5
52750,2016,4,186.1
52180,2016,4,191.3
52180,2016,4,191.3
52190,2016,4,165.4
52190,2016,4,165.4
52190,2016,4,165.4
52740,2016,4,195.9
52790,2016,4,195.2
46870,2016,4,200.4
48250,2016,4,193.0
52770,2016,4,201.6
48123,2016,4,283.4
48330,2016,4,215.0
46780,2016,4,261.9
46780,2016,4,261.9
46810,2016,4,244.5
46810,2016,4,244.5
46800,2016,4,222.9
46820,2016,4,175.7
46770,2016,4,264.7
46770,2016,4,264.7
48720,2016,4,225.2
48870,2016,4,168.2
46230,2016,4,249.5
46230,2016,4,249.5
46900,2016,4,235.2
47920,2016,4,124.5
47920,2016,4,124.5
47210,2016,4,172.0
47280,2016,4,168.0
47280,2016,4,168.0
47750,2016,4,132.1
47750,2016,4,132.1
47770,2016,4,158.5
47730,2016,4,147.1
47190,2016,4,163.7
47230,2016,4,174.5
47130,2016,4,159.6
48880,2016,4,171.6
48880,2016,4,171.6
48890,2016,4,206.9
48270,2016,4,174.6
48860,2016,4,233.7
48310,2016,4,283.7
48840,2016,4,410.5
51820,2016,5,35.7
51780,2016,5,149.9
41250,2016,5,151.8
41480,2016,5,157.7
51760,2016,5,46.8
51760,2016,5,46.8
51110,2016,5,109.1
28720,2016,5,128.0
28720,2016,5,128.0
51150,2016,5,34.1
51150,2016,5,33.6
51170,2016,5,24.8
11110,2016,5,160.5
11110,2016,5,160.5
28110,2016,5,148.5
28110,2016,5,148.5
51130,2016,5,87.4
47940,2016,5,64.3
41113,2016,5,156.4
41113,2016,5,156.4
51750,2016,5,51.6
43130,2016,5,70.0
44210,2016,5,153.7
47930,2016,5,18.0
47930,2016,5,18.0
43113,2016,5,84.4
30200,2016,5,85.1
43740,2016,5,60.1
47170,2016,5,51.4
47170,2016,5,51.4
47250,2016,5,52.8
47111,2016,5,39.4
52130,2016,5,102.9
52130,2016,5,102.9
27140,2016,5,65.0
27140,2016,5,65.0
52113,2016,5,84.3
52111,2016,5,84.3
31110,2016,5,86.1
31110,2016,5,86.1
31110,2016,5,86.1
48120,2016,5,123.7
29170,2016,5,104.5
26110,2016,5,108.8
48220,2016,5,106.8
46110,2016,5,119.9
46110,2016,5,119.9
46130,2016,5,124.3
46910,2016,5,106.7
46890,2016,5,108.9
52790,2016,5,105.8
52790,2016,5,105.8
52790,2016,5,105.8
46150,2016,5,138.8
46150,2016,5,138.8
46900,2016,5,136.6
44800,2016,5,119.3
50110,2016,5,113.0
50110,2016,5,143.2
50130,2016,5,197.8
50130,2016,5,197.8
50130,2016,5,197.8
50130,2016,5,216.6
50130,2016,5,216.6
48170,2016,5,153.9
48170,2016,5,153.9
28710,2016,5,191.8
41830,2016,5,124.4
41500,2016,5,97.9
51810,2016,5,88.3
51810,2016,5,88.3
51720,2016,5,98.6
51190,2016,5,60.0
51770,2016,5,61.6
51770,2016,5,61.6
51770,2016,5,61.6
43150,2016,5,82.4
43720,2016,5,88.5
44131,2016,5,107.2
44131,2016,5,107.2
44180,2016,5,146.5
44760,2016,5,121.6
44710,2016,5,70.5
52800,2016,5,99.9
52750,2016,5,108.8
52180,2016,5,112.9
52180,2016,5,112.9
52190,2016,5,90.2
52190,2016,5,90.2
52190,2016,5,90.2
52740,2016,5,101.8
52790,2016,5,115.8
46870,2016,5,114.0
48250,2016,5,117.8
52770,2016,5,90.8
48123,2016,5,169.0
48330,2016,5,128.0
46780,2016,5,132.5
46780,2016,5,132.5
46810,2016,5,159.6
46810,2016,5,159.6
46800,2016,5,133.2
46820,2016,5,111.6
46770,2016,5,128.2
46770,2016,5,128.2
48720,2016,5,104.3
48870,2016,5,70.1
46230,2016,5,132.0
46230,2016,5,132.0
46900,2016,5,158.4
47920,2016,5,56.2
47920,2016,5,56.2
47210,2016,5,91.1
47280,2016,5,73.0
47280,2016,5,73.0
47750,2016,5,47.8
47750,2016,5,47.8
47770,2016,5,27.1
47730,2016,5,63.0
47190,2016,5,59.4
47230,2016,5,62.6
47130,2016,5,50.5
48880,2016,5,61.2
48880,2016,5,61.2
48890,2016,5,98.3
48270,2016,5,109.5
48860,2016,5,111.2
48310,2016,5,161.2
48840,2016,5,203.6
51820,2016,6,62.2
51780,2016,6,27.1
41250,2016,6,29.5
41480,2016,6,28.6
51760,2016,6,64.3
51760,2016,6,64.3
51110,2016,6,93.2
28720,2016,6,25.2
28720,2016,6,25.2
51150,2016,6,64.4
51150,2016,6,40.7
51170,2016,6,22.9
11110,2016,6,54.4
11110,2016,6,54.4
28110,2016,6,19.5
28110,2016,6,19.5
51130,2016,6,35.8
47940,2016,6,46.3
41113,2016,6,37.4
41113,2016,6,37.4
51750,2016,6,46.4
43130,2016,6,38.9
44210,2016,6,36.8
47930,2016,6,45.4
47930,2016,6,45.4
43113,2016,6,39.9
30200,2016,6,62.5
43740,2016,6,45.5
47170,2016,6,43.4
47170,2016,6,43.4
47250,2016,6,47.0
47111,2016,6,52.5
52130,2016,6,37.4
52130,2016,6,37.4
27140,2016,6,45.7
27140,2016,6,45.7
52113,2016,6,95.8
52111,2016,6,95.8
31110,2016,6,70.1
31110,2016,6,70.1
31110,2016,6,70.1
48120,2016,6,108.8
29170,2016,6,116.1
26110,2016,6,115.2
48220,2016,6,112.7
46110,2016,6,133.6
46110,2016,6,133.6
46130,2016,6,162.2
46910,2016,6,143.6
46890,2016,6,140.9
52790,2016,6,74.4
52790,2016,6,74.4
52790,2016,6,74.4
46150,2016,6,107.7
46150,2016,6,107.7
46900,2016,6,167.9
50110,2016,6,162.7
50110,2016,6,193.7
50130,2016,6,241.3
50130,2016,6,241.3
50130,2016,6,241.3
50130,2016,6,281.2
50130,2016,6,281.2
48170,2016,6,113.8
48170,2016,6,113.8
28710,2016,6,19.4
41830,2016,6,37.5
41500,2016,6,18.9
51810,2016,6,51.8
51810,2016,6,51.8
51720,2016,6,54.5
51190,2016,6,41.8
43150,2016,6,42.1
43720,2016,6,48.8
44131,2016,6,36.2
44131,2016,6,36.2
44180,2016,6,23.7
44760,2016,6,49.4
44710,2016,6,87.4
52800,2016,6,42.0
52750,2016,6,67.2
52180,2016,6,51.7
52180,2016,6,51.7
52190,2016,6,79.7
52190,2016,6,79.7
52190,2016,6,79.7
52740,2016,6,57.3
46800,2016,6,141.5
46820,2016,6,103.5
46770,2016,6,117.5
46770,2016,6,117.5
46900,2016,6,163.1
47920,2016,6,46.0
47920,2016,6,46.0
47210,2016,6,62.0
47280,2016,6,49.5
47280,2016,6,49.5
47770,2016,6,56.3
47730,2016,6,42.8
47190,2016,6,29.0
47230,2016,6,49.4
48880,2016,6,46.1
48880,2016,6,46.1
48890,2016,6,49.9
48270,2016,6,103.0
48860,2016,6,73.1
48310,2016,6,152.3
48840,2016,6,160.7
51820,2016,7,477.8
51780,2016,7,460.5
41250,2016,7,366.3
41480,2016,7,377.9
51760,2016,7,421.3
51760,2016,7,421.3
51110,2016,7,617.1
28720,2016,7,177.4
28720,2016,7,177.4
51150,2016,7,377.1
51150,2016,7,424.2
51170,2016,7,307.5
11110,2016,7,358.2
11110,2016,7,358.2
28110,2016,7,300.5
28110,2016,7,300.5
51130,2016,7,360.1
47940,2016,7,133.6
41113,2016,7,317.7
41113,2016,7,317.7
51750,2016,7,360.6
43130,2016,7,374.4
44210,2016,7,295.6
47930,2016,7,323.9
47930,2016,7,323.9
43113,2016,7,320.0
30200,2016,7,367.9
43740,2016,7,304.4
47170,2016,7,274.5
47170,2016,7,274.5
47250,2016,7,313.6
47111,2016,7,113.2
52130,2016,7,327.2
52130,2016,7,327.2
27140,2016,7,307.3
27140,2016,7,307.3
52113,2016,7,251.8
52111,2016,7,251.8
31110,2016,7,226.9
31110,2016,7,226.9
31110,2016,7,226.9
48120,2016,7,181.8
29170,2016,7,301.3
26110,2016,7,188.8
48220,2016,7,235.5
46110,2016,7,249.2
46110,2016,7,249.2
46130,2016,7,157.8
46910,2016,7,175.9
46890,2016,7,224.9
52790,2016,7,198.5
52790,2016,7,198.5
52790,2016,7,198.5
46150,2016,7,208.5
46150,2016,7,208.5
46900,2016,7,259.1
50110,2016,7,98.6
50110,2016,7,117.2
50130,2016,7,170.2
50130,2016,7,170.2
50130,2016,7,170.2
50130,2016,7,203.2
50130,2016,7,203.2
48170,2016,7,161.0
48170,2016,7,161.0
28710,2016,7,326.4
41830,2016,7,385.0
41500,2016,7,284.0
51810,2016,7,546.5
51810,2016,7,546.5
51720,2016,7,429.4
51190,2016,7,439.2
43150,2016,7,419.7
43720,2016,7,494.9
44131,2016,7,364.3
44131,2016,7,364.3
44180,2016,7,200.2
44760,2016,7,341.1
44710,2016,7,377.9
52800,2016,7,220.7
52750,2016,7,271.7
52180,2016,7,205.1
52180,2016,7,205.1
52190,2016,7,286.6
52190,2016,7,286.6
52190,2016,7,286.6
52740,2016,7,377.9
46800,2016,7,208.3
46820,2016,7,205.4
46770,2016,7,173.3
46770,2016,7,173.3
46900,2016,7,277.4
47920,2016,7,416.5
47920,2016,7,416.5
47210,2016,7,486.3
47280,2016,7,407.6
47280,2016,7,407.6
47770,2016,7,173.2
47730,2016,7,232.8
47190,2016,7,325.4
47230,2016,7,183.5
48880,2016,7,285.3
48880,2016,7,285.3
48890,2016,7,273.5
48270,2016,7,231.4
48860,2016,7,217.6
48310,2016,7,319.1
48840,2016,7,167.1
51820,2016,8,186.9
51780,2016,8,63.7
41250,2016,8,70.4
41480,2016,8,31.9
51760,2016,8,260.4
51760,2016,8,260.4
51110,2016,8,33.2
28720,2016,8,54.4
28720,2016,8,54.4
51150,2016,8,259.4
51150,2016,8,282.6
51170,2016,8,137.0
11110,2016,8,67.1
11110,2016,8,67.1
28110,2016,8,26.5
28110,2016,8,26.5
51130,2016,8,49.4
47940,2016,8,491.3
41113,2016,8,73.0
41113,2016,8,73.0
51750,2016,8,107.5
43130,2016,8,44.0
44210,2016,8,34.0
47930,2016,8,114.3
47930,2016,8,114.3
43113,2016,8,69.0
30200,2016,8,57.4
43740,2016,8,90.6
47170,2016,8,38.0
47170,2016,8,38.0
47250,2016,8,116.3
47111,2016,8,181.5
52130,2016,8,10.0
52130,2016,8,10.0
27140,2016,8,81.2
27140,2016,8,81.2
52113,2016,8,35.8
52111,2016,8,35.8
31110,2016,8,98.2
31110,2016,8,98.2
31110,2016,8,98.2
48120,2016,8,110.0
29170,2016,8,81.0
26110,2016,8,141.5
48220,2016,8,61.7
46110,2016,8,20.4
46110,2016,8,20.4
46130,2016,8,33.8
46910,2016,8,41.3
46890,2016,8,30.9
52790,2016,8,47.0
52790,2016,8,47.0
52790,2016,8,47.0
46150,2016,8,73.0
46150,2016,8,73.0
46900,2016,8,33.2
50110,2016,8,75.6
50110,2016,8,76.4
50130,2016,8,81.4
50130,2016,8,81.4
50130,2016,8,81.4
50130,2016,8,170.9
50130,2016,8,170.9
48170,2016,8,74.8
48170,2016,8,74.8
28710,2016,8,26.7
41830,2016,8,81.5
41500,2016,8,59.9
51810,2016,8,96.0
51810,2016,8,96.0
51720,2016,8,38.5
51190,2016,8,106.1
43150,2016,8,113.8
43720,2016,8,53.0
44131,2016,8,82.0
44131,2016,8,82.0
44180,2016,8,5.1
44760,2016,8,33.4
44710,2016,8,105.6
52800,2016,8,30.2
52750,2016,8,90.0
52180,2016,8,115.8
52180,2016,8,115.8
52190,2016,8,122.7
52190,2016,8,122.7
52190,2016,8,122.7
52740,2016,8,113.4
46800,2016,8,50.1
46820,2016,8,25.1
46770,2016,8,47.4
46770,2016,8,47.4
46900,2016,8,25.5
47920,2016,8,61.8
47920,2016,8,61.8
47210,2016,8,62.0
47280,2016,8,51.7
47280,2016,8,51.7
47770,2016,8,69.6
47730,2016,8,83.0
47190,2016,8,114.7
47230,2016,8,89.2
48880,2016,8,80.3
48880,2016,8,80.3
48890,2016,8,101.0
48270,2016,8,47.1
48860,2016,8,112.3
48310,2016,8,67.4
48840,2016,8,63.1
51820,2016,9,126.0
51780,2016,9,32.2
41250,2016,9,39.6
41480,2016,9,26.4
51760,2016,9,102.1
51760,2016,9,102.1
51110,2016,9,76.2
28720,2016,9,30.7
28720,2016,9,30.7
51150,2016,9,93.8
51150,2016,9,104.8
51170,2016,9,105.6
11110,2016,9,33.0
11110,2016,9,33.0
28110,2016,9,34.5
28110,2016,9,34.5
51130,2016,9,47.1
47940,2016,9,241.3
41113,2016,9,67.8
41113,2016,9,67.8
51750,2016,9,45.7
43130,2016,9,60.8
44210,2016,9,53.1
47930,2016,9,243.0
47930,2016,9,243.0
43113,2016,9,78.1
30200,2016,9,196.0
43740,2016,9,187.2
47170,2016,9,166.8
47170,2016,9,166.8
47250,2016,9,162.0
47111,2016,9,522.3
52130,2016,9,192.1
52130,2016,9,192.1
27140,2016,9,306.5
27140,2016,9,306.5
52113,2016,9,145.4
52111,2016,9,145.4
31110,2016,9,364.3
31110,2016,9,364.3
31110,2016,9,364.3
48120,2016,9,522.7
29170,2016,9,251.2
26110,2016,9,407.9
48220,2016,9,543.3
46110,2016,9,197.8
46110,2016,9,197.8
46130,2016,9,317.2
46910,2016,9,201.3
46890,2016,9,257.2
52790,2016,9,157.7
52790,2016,9,157.7
52790,2016,9,157.7
46150,2016,9,294.9
46150,2016,9,294.9
46900,2016,9,194.1
50110,2016,9,172.3
50110,2016,9,128.9
50130,2016,9,276.1
50130,2016,9,276.1
50130,2016,9,276.1
50130,2016,9,194.3
50130,2016,9,194.3
48170,2016,9,407.5
48170,2016,9,407.5
28710,2016,9,28.9
41830,2016,9,42.0
41500,2016,9,41.1
51810,2016,9,46.3
51810,2016,9,46.3
51720,2016,9,61.4
51190,2016,9,149.2
43150,2016,9,47.3
43720,2016,9,149.4
44131,2016,9,55.0
44131,2016,9,55.0
44180,2016,9,73.4
44760,2016,9,133.7
44710,2016,9,160.9
52800,2016,9,139.3
52750,2016,9,234.5
52180,2016,9,195.4
52180,2016,9,195.4
52190,2016,9,216.6
52190,2016,9,216.6
52190,2016,9,216.6
52740,2016,9,212.5
46800,2016,9,233.7
46820,2016,9,194.0
46770,2016,9,302.2
46770,2016,9,302.2
46900,2016,9,202.3
47920,2016,9,97.9
47920,2016,9,97.9
47210,2016,9,111.9
47280,2016,9,140.1
47280,2016,9,140.1
47770,2016,9,322.6
47730,2016,9,230.5
47190,2016,9,238.5
47230,2016,9,342.2
48880,2016,9,258.0
48880,2016,9,258.0
48890,2016,9,357.1
48270,2016,9,497.3
48860,2016,9,347.0
48310,2016,9,491.7
48840,2016,9,588.8
51820,2016,10,128.5
51780,2016,10,173.1
41250,2016,10,154.9
41480,2016,10,249.9
51760,2016,10,78.3
51760,2016,10,78.3
51110,2016,10,108.2
28720,2016,10,90.7
28720,2016,10,90.7
51150,2016,10,82.2
51150,2016,10,78.1
51170,2016,10,76.3
11110,2016,10,74.8
11110,2016,10,74.8
28110,2016,10,78.7
28110,2016,10,78.7
51130,2016,10,81.4
47940,2016,10,213.8
41113,2016,10,99.1
41113,2016,10,99.1
51750,2016,10,95.3
43130,2016,10,102.6
44210,2016,10,73.8
47930,2016,10,96.7
47930,2016,10,96.7
43113,2016,10,83.6
30200,2016,10,122.6
43740,2016,10,123.8
47170,2016,10,83.8
47170,2016,10,83.8
47250,2016,10,106.2
47111,2016,10,257.7
52130,2016,10,112.3
52130,2016,10,112.3
27140,2016,10,111.5
27140,2016,10,111.5
52113,2016,10,152.3
52111,2016,10,152.3
31110,2016,10,358.7
31110,2016,10,358.7
31110,2016,10,358.7
48120,2016,10,215.8
29170,2016,10,216.7
26110,2016,10,182.4
48220,2016,10,194.0
46110,2016,10,203.1
46110,2016,10,203.1
46130,2016,10,150.0
46910,2016,10,128.2
46890,2016,10,175.4
52790,2016,10,164.1
52790,2016,10,164.1
52790,2016,10,164.1
46150,2016,10,200.2
46150,2016,10,200.2
46900,2016,10,154.3
50110,2016,10,282.4
50110,2016,10,122.2
50130,2016,10,280.2
50130,2016,10,280.2
50130,2016,10,280.2
50130,2016,10,433.6
50130,2016,10,433.6
48170,2016,10,170.1
48170,2016,10,170.1
28710,2016,10,249.8
41830,2016,10,72.9
41500,2016,10,90.8
51810,2016,10,107.1
51810,2016,10,107.1
51720,2016,10,69.6
51190,2016,10,82.9
43150,2016,10,109.6
43720,2016,10,135.7
44131,2016,10,95.9
44131,2016,10,95.9
44180,2016,10,108.0
44760,2016,10,120.1
44710,2016,10,157.2
52800,2016,10,128.7
52750,2016,10,152.2
52180,2016,10,150.0
52180,2016,10,150.0
52190,2016,10,210.5
52190,2016,10,210.5
52190,2016,10,210.5
52740,2016,10,191.2
46800,2016,10,197.5
46820,2016,10,228.6
46770,2016,10,193.7
46770,2016,10,193.7
46900,2016,10,154.2
47920,2016,10,74.9
47920,2016,10,74.9
47210,2016,10,93.0
47280,2016,10,122.2
47280,2016,10,122.2
47770,2016,10,136.2
47730,2016,10,98.5
47190,2016,10,155.1
47230,2016,10,108.7
48880,2016,10,160.0
48880,2016,10,160.0
48890,2016,10,182.9
48270,2016,10,136.9
48860,2016,10,190.9
48310,2016,10,266.4
48840,2016,10,269.2
51820,2016,11,40.8
51780,2016,11,15.6
41250,2016,11,18.1
41480,2016,11,15.8
51760,2016,11,13.3
51760,2016,11,13.3
51110,2016,11,14.9
28720,2016,11,17.1
28720,2016,11,17.1
51150,2016,11,32.6
51150,2016,11,33.5
51170,2016,11,44.3
11110,2016,11,16.7
11110,2016,11,16.7
28110,2016,11,18.2
28110,2016,11,18.2
51130,2016,11,24.3
47940,2016,11,189.2
41113,2016,11,17.4
41113,2016,11,17.4
51750,2016,11,19.8
43130,2016,11,22.9
44210,2016,11,17.5
47930,2016,11,58.4
47930,2016,11,58.4
43113,2016,11,26.4
30200,2016,11,29.5
43740,2016,11,30.2
47170,2016,11,16.6
47170,2016,11,16.6
47250,2016,11,22.9
47111,2016,11,20.9
52130,2016,11,31.9
52130,2016,11,31.9
27140,2016,11,11.3
27140,2016,11,11.3
52113,2016,11,37.5
52111,2016,11,37.5
31110,2016,11,47.1
31110,2016,11,47.1
31110,2016,11,47.1
48120,2016,11,35.1
29170,2016,11,31.5
26110,2016,11,56.6
48220,2016,11,61.7
46110,2016,11,61.5
46110,2016,11,61.5
46130,2016,11,77.7
46910,2016,11,53.0
46890,2016,11,112.6
52790,2016,11,27.1
52790,2016,11,27.1
52790,2016,11,27.1
46150,2016,11,54.0
46150,2016,11,54.0
46900,2016,11,74.1
50110,2016,11,71.3
50110,2016,11,50.7
50130,2016,11,92.9
50130,2016,11,92.9
50130,2016,11,92.9
50130,2016,11,44.6
50130,2016,11,44.6
48170,2016,11,37.0
48170,2016,11,37.0
28710,2016,11,11.4
41830,2016,11,14.0
41500,2016,11,17.8
51810,2016,11,16.0
51810,2016,11,16.0
51720,2016,11,9.9
51190,2016,11,10.2
43150,2016,11,22.1
43720,2016,11,33.5
44131,2016,11,33.5
44131,2016,11,33.5
44180,2016,11,5.6
44760,2016,11,17.1
44710,2016,11,33.2
52800,2016,11,34.6
52750,2016,11,23.3
52180,2016,11,39.0
52180,2016,11,39.0
52190,2016,11,19.1
52190,2016,11,19.1
52190,2016,11,19.1
52740,2016,11,24.0
46800,2016,11,77.5
46820,2016,11,84.5
46770,2016,11,107.2
46770,2016,11,107.2
46900,2016,11,79.0
47920,2016,11,23.5
47920,2016,11,23.5
47210,2016,11,18.9
47280,2016,11,26.0
47280,2016,11,26.0
47770,2016,11,44.3
47730,2016,11,12.6
47190,2016,11,12.0
47230,2016,11,13.8
48880,2016,11,9.2
48880,2016,11,9.2
48890,2016,11,15.2
48270,2016,11,17.2
48860,2016,11,17.5
48310,2016,11,59.5
48840,2016,11,91.7
51820,2016,12,121.7
51780,2016,12,69.8
41250,2016,12,67.7
41480,2016,12,62.1
51760,2016,12,53.0
51760,2016,12,53.0
51110,2016,12,79.1
28720,2016,12,38.2
28720,2016,12,38.2
51150,2016,12,90.2
51150,2016,12,82.5
51170,2016,12,50.2
11110,2016,12,61.1
11110,2016,12,61.1
28110,2016,12,67.1
28110,2016,12,67.1
51130,2016,12,33.7
47940,2016,12,237.0
41113,2016,12,63.4
41113,2016,12,63.4
51750,2016,12,51.1
43130,2016,12,42.4
44210,2016,12,62.7
47930,2016,12,112.6
47930,2016,12,112.6
43113,2016,12,40.1
30200,2016,12,54.8
43740,2016,12,38.9
47170,2016,12,48.2
47170,2016,12,48.2
47250,2016,12,46.4
47111,2016,12,41.3
52130,2016,12,51.4
52130,2016,12,51.4
27140,2016,12,41.0
27140,2016,12,41.0
52113,2016,12,46.8
52111,2016,12,46.8
31110,2016,12,88.1
31110,2016,12,88.1
31110,2016,12,88.1
48120,2016,12,136.8
29170,2016,12,44.9
26110,2016,12,103.8
48220,2016,12,118.1
46110,2016,12,45.9
46110,2016,12,45.9
46130,2016,12,89.3
46910,2016,12,47.5
46890,2016,12,81.9
52790,2016,12,36.5
52790,2016,12,36.5
52790,2016,12,36.5
46150,2016,12,67.5
46150,2016,12,67.5
46900,2016,12,57.8
50110,2016,12,56.6
50110,2016,12,77.7
50130,2016,12,144.0
50130,2016,12,144.0
50130,2016,12,144.0
50130,2016,12,71.5
50130,2016,12,71.5
48170,2016,12,84.0
48170,2016,12,84.0
28710,2016,12,61.8
41830,2016,12,57.0
41500,2016,12,59.1
51810,2016,12,57.6
51810,2016,12,57.6
51720,2016,12,54.8
51190,2016,12,62.4
43150,2016,12,59.1
43720,2016,12,43.6
44131,2016,12,44.3
44131,2016,12,44.3
44180,2016,12,44.5
44760,2016,12,63.1
44710,2016,12,49.6
52800,2016,12,56.9
52750,2016,12,53.1
52180,2016,12,48.0
52180,2016,12,48.0
52190,2016,12,46.7
52190,2016,12,46.7
52190,2016,12,46.7
52740,2016,12,56.6
46800,2016,12,53.7
46820,2016,12,57.7
46770,2016,12,109.8
46770,2016,12,109.8
46900,2016,12,60.4
47920,2016,12,52.8
47920,2016,12,52.8
47210,2016,12,75.3
47280,2016,12,63.6
47280,2016,12,63.6
47770,2016,12,42.8
47730,2016,12,32.0
47190,2016,12,19.4
47230,2016,12,35.6
48880,2016,12,37.8
48880,2016,12,37.8
48890,2016,12,70.8
48270,2016,12,90.7
48860,2016,12,73.9
48310,2016,12,148.5
48840,2016,12,145.5
51820,2017,1,82.4
51110,2017,1,15.9
51780,2017,1,14.5
41250,2017,1,15.5
41480,2017,1,12.8
51760,2017,1,22.3
51760,2017,1,22.3
51110,2017,1,15.1
28720,2017,1,16.5
28720,2017,1,16.5
51150,2017,1,60.7
51150,2017,1,48.5
51170,2017,1,34.9
11110,2017,1,14.9
11110,2017,1,14.9
28110,2017,1,20.6
28110,2017,1,20.6
51130,2017,1,16.2
47940,2017,1,121.3
41113,2017,1,19.4
41113,2017,1,19.4
51750,2017,1,14.7
43130,2017,1,18.0
44210,2017,1,21.3
47930,2017,1,60.4
47930,2017,1,60.4
43113,2017,1,12.0
30200,2017,1,15.0
43740,2017,1,20.4
47170,2017,1,3.8
47170,2017,1,3.8
47250,2017,1,10.2
47111,2017,1,7.4
52130,2017,1,16.9
52130,2017,1,16.9
27140,2017,1,2.5
27140,2017,1,2.5
52113,2017,1,13.4
52111,2017,1,13.4
31110,2017,1,15.3
31110,2017,1,15.3
31110,2017,1,15.3
48120,2017,1,7.2
29170,2017,1,11.7
26110,2017,1,12.0
48220,2017,1,16.2
46110,2017,1,13.9
46110,2017,1,13.9
46130,2017,1,11.5
46910,2017,1,8.1
46890,2017,1,9.7
52790,2017,1,20.7
52790,2017,1,20.7
52790,2017,1,20.7
46150,2017,1,12.5
46150,2017,1,12.5
46900,2017,1,16.4
50110,2017,1,50.7
50110,2017,1,19.6
50130,2017,1,55.6
50130,2017,1,55.6
50130,2017,1,55.6
50130,2017,1,49.0
50130,2017,1,49.0
48170,2017,1,8.1
48170,2017,1,8.1
28710,2017,1,8.7
41830,2017,1,11.3
41500,2017,1,8.7
51810,2017,1,11.4
51810,2017,1,11.4
51720,2017,1,10.5
51190,2017,1,6.7
43150,2017,1,10.2
43720,2017,1,16.4
44131,2017,1,13.9
44131,2017,1,13.9
44180,2017,1,14.8
44760,2017,1,16.0
44710,2017,1,13.6
52800,2017,1,18.7
52750,2017,1,8.6
52180,2017,1,25.9
52180,2017,1,25.9
52190,2017,1,14.1
52190,2017,1,14.1
52190,2017,1,14.1
52740,2017,1,10.6
46800,2017,1,11.6
46820,2017,1,8.8
46770,2017,1,13.2
46770,2017,1,13.2
46900,2017,1,16.4
47920,2017,1,4.9
47920,2017,1,4.9
47210,2017,1,3.2
47280,2017,1,6.4
47280,2017,1,6.4
47770,2017,1,21.5
47730,2017,1,2.1
47190,2017,1,4.7
47230,2017,1,2.8
48880,2017,1,0.7
48880,2017,1,0.7
48890,2017,1,1.1
48270,2017,1,3.2
48860,2017,1,5.1
48310,2017,1,15.4
48840,2017,1,14.7
51820,2017,2,3.2
51110,2017,2,11.0
51780,2017,2,9.8
41250,2017,2,15.1
41480,2017,2,16.5
51760,2017,2,7.2
51760,2017,2,7.2
51110,2017,2,13.0
28720,2017,2,12.2
28720,2017,2,12.2
51150,2017,2,2.6
51150,2017,2,3.5
51170,2017,2,5.7
11110,2017,2,11.1
11110,2017,2,11.1
28110,2017,2,16.2
28110,2017,2,16.2
51130,2017,2,17.5
47940,2017,2,237.5
41113,2017,2,22.5
41113,2017,2,22.5
51750,2017,2,28.9
43130,2017,2,36.2
44210,2017,2,31.4
47930,2017,2,19.1
47930,2017,2,19.1
43113,2017,2,38.7
30200,2017,2,42.0
43740,2017,2,45.0
47170,2017,2,25.2
47170,2017,2,25.2
47250,2017,2,33.5
47111,2017,2,27.8
52130,2017,2,36.8
52130,2017,2,36.8
27140,2017,2,25.7
27140,2017,2,25.7
52113,2017,2,52.6
52111,2017,2,52.6
31110,2017,2,23.6
31110,2017,2,23.6
31110,2017,2,23.6
48120,2017,2,42.5
29170,2017,2,41.9
26110,2017,2,33.8
48220,2017,2,43.0
46110,2017,2,32.3
46110,2017,2,32.3
46130,2017,2,45.1
46910,2017,2,26.8
46890,2017,2,36.8
52790,2017,2,38.5
52790,2017,2,38.5
52790,2017,2,38.5
46150,2017,2,39.3
46150,2017,2,39.3
46900,2017,2,32.8
50110,2017,2,39.1
50110,2017,2,39.6
50130,2017,2,86.9
50130,2017,2,86.9
50130,2017,2,86.9
50130,2017,2,81.8
50130,2017,2,81.8
48170,2017,2,37.8
48170,2017,2,37.8
28710,2017,2,13.0
41830,2017,2,12.3
41500,2017,2,20.9
51810,2017,2,11.0
51810,2017,2,11.0
51720,2017,2,7.8
51190,2017,2,12.7
43150,2017,2,29.5
43720,2017,2,47.0
44131,2017,2,32.2
44131,2017,2,32.2
44180,2017,2,30.2
44760,2017,2,28.5
44710,2017,2,54.6
52800,2017,2,37.8
52750,2017,2,39.4
52180,2017,2,54.5
52180,2017,2,54.5
52190,2017,2,52.3
52190,2017,2,52.3
52190,2017,2,52.3
52740,2017,2,73.0
46800,2017,2,33.3
46820,2017,2,23.7
46770,2017,2,38.8
46770,2017,2,38.8
46900,2017,2,27.3
47920,2017,2,23.5
47920,2017,2,23.5
47210,2017,2,29.2
47280,2017,2,44.1
47280,2017,2,44.1
47770,2017,2,16.0
47730,2017,2,23.5
47190,2017,2,30.8
47230,2017,2,28.5
48880,2017,2,36.8
48880,2017,2,36.8
48890,2017,2,21.1
48270,2017,2,30.5
48860,2017,2,41.1
48310,2017,2,44.3
48840,2017,2,56.0
51820,2017,3,48.7
51110,2017,3,17.9
51780,2017,3,21.5
41250,2017,3,15.1
41480,2017,3,9.0
51760,2017,3,17.8
51760,2017,3,17.8
51110,2017,3,15.9
28720,2017,3,8.8
28720,2017,3,8.8
51150,2017,3,42.4
51150,2017,3,48.5
51170,2017,3,40.8
11110,2017,3,7.9
11110,2017,3,7.9
28110,2017,3,9.7
28110,2017,3,9.7
51130,2017,3,22.7
47940,2017,3,70.1
41113,2017,3,9.0
41113,2017,3,9.0
51750,2017,3,24.1
43130,2017,3,22.5
44210,2017,3,4.8
47930,2017,3,30.5
47930,2017,3,30.5
43113,2017,3,8.9
30200,2017,3,11.6
43740,2017,3,30.9
47170,2017,3,27.4
47170,2017,3,27.4
47250,2017,3,20.2
47111,2017,3,13.4
52130,2017,3,12.8
52130,2017,3,12.8
27140,2017,3,38.4
27140,2017,3,38.4
52113,2017,3,24.1
52111,2017,3,24.1
31110,2017,3,27.6
31110,2017,3,27.6
31110,2017,3,27.6
48120,2017,3,19.9
29170,2017,3,33.2
26110,2017,3,35.7
48220,2017,3,32.6
46110,2017,3,28.5
46110,2017,3,28.5
46130,2017,3,14.7
46910,2017,3,21.1
46890,2017,3,38.0
52790,2017,3,22.2
52790,2017,3,22.2
52790,2017,3,22.2
46150,2017,3,37.1
46150,2017,3,37.1
46900,2017,3,28.7
50110,2017,3,48.2
50110,2017,3,34.2
50130,2017,3,60.4
50130,2017,3,60.4
50130,2017,3,60.4
50130,2017,3,36.3
50130,2017,3,36.3
48170,2017,3,31.4
48170,2017,3,31.4
28710,2017,3,11.7
41830,2017,3,14.7
41500,2017,3,13.6
51810,2017,3,25.4
51810,2017,3,25.4
51720,2017,3,18.8
51190,2017,3,10.2
43150,2017,3,24.3
43720,2017,3,16.9
44131,2017,3,6.5
44131,2017,3,6.5
44180,2017,3,14.4
44760,2017,3,8.8
44710,2017,3,29.8
52800,2017,3,21.9
52750,2017,3,32.6
52180,2017,3,21.9
52180,2017,3,21.9
52190,2017,3,33.5
52190,2017,3,33.5
52190,2017,3,33.5
52740,2017,3,42.9
46800,2017,3,29.1
46820,2017,3,24.0
46770,2017,3,26.5
46770,2017,3,26.5
46900,2017,3,24.5
47920,2017,3,21.6
47920,2017,3,21.6
47210,2017,3,26.0
47280,2017,3,24.3
47280,2017,3,24.3
47770,2017,3,9.0
47730,2017,3,21.1
47190,2017,3,25.1
47230,2017,3,32.0
48880,2017,3,40.2
48880,2017,3,40.2
48890,2017,3,34.4
48270,2017,3,31.9
48860,2017,3,42.0
48310,2017,3,30.5
48840,2017,3,27.1
51820,2017,4,46.8
51110,2017,4,54.1
51780,2017,4,63.6
41250,2017,4,67.5
41480,2017,4,65.7
51760,2017,4,61.1
51760,2017,4,61.1
51110,2017,4,56.5
28720,2017,4,20.1
28720,2017,4,20.1
51150,2017,4,42.2
51150,2017,4,39.8
51170,2017,4,45.1
11110,2017,4,61.6
11110,2017,4,61.6
28110,2017,4,57.0
28110,2017,4,57.0
51130,2017,4,38.1
47940,2017,4,118.4
41113,2017,4,52.5
41113,2017,4,52.5
51750,2017,4,71.4
43130,2017,4,71.4
44210,2017,4,38.9
47930,2017,4,55.5
47930,2017,4,55.5
43113,2017,4,61.7
30200,2017,4,77.7
43740,2017,4,64.7
47170,2017,4,83.0
47170,2017,4,83.0
47250,2017,4,60.8
47111,2017,4,79.6
52130,2017,4,61.6
52130,2017,4,61.6
27140,2017,4,53.0
27140,2017,4,53.0
52113,2017,4,57.8
52111,2017,4,57.8
31110,2017,4,111.9
31110,2017,4,111.9
31110,2017,4,111.9
48120,2017,4,128.2
29170,2017,4,60.6
26110,2017,4,105.1
48220,2017,4,148.5
46110,2017,4,46.5
46110,2017,4,46.5
46130,2017,4,62.8
46910,2017,4,27.6
46890,2017,4,68.4
52790,2017,4,48.8
52790,2017,4,48.8
52790,2017,4,48.8
46150,2017,4,73.8
46150,2017,4,73.8
46900,2017,4,52.2
50110,2017,4,51.4
50110,2017,4,85.1
50130,2017,4,106.7
50130,2017,4,106.7
50130,2017,4,106.7
50130,2017,4,222.5
50130,2017,4,222.5
48170,2017,4,94.9
48170,2017,4,94.9
28710,2017,4,65.4
41830,2017,4,52.7
41500,2017,4,42.3
51810,2017,4,59.5
51810,2017,4,59.5
51720,2017,4,48.6
51190,2017,4,73.5
43150,2017,4,70.8
43720,2017,4,61.0
44131,2017,4,42.9
44131,2017,4,42.9
44180,2017,4,57.6
44760,2017,4,78.4
44710,2017,4,76.1
52800,2017,4,61.1
52750,2017,4,54.0
52180,2017,4,56.1
52180,2017,4,56.1
52190,2017,4,64.2
52190,2017,4,64.2
52190,2017,4,64.2
52740,2017,4,86.8
46800,2017,4,52.5
46820,2017,4,42.7
46770,2017,4,74.2
46770,2017,4,74.2
46900,2017,4,48.0
47920,2017,4,90.5
47920,2017,4,90.5
47210,2017,4,99.5
47280,2017,4,80.6
47280,2017,4,80.6
47770,2017,4,57.0
47730,2017,4,78.2
47190,2017,4,56.2
47230,2017,4,79.6
48880,2017,4,51.9
48880,2017,4,51.9
48890,2017,4,55.8
48270,2017,4,89.4
48860,2017,4,70.2
48310,2017,4,220.7
48840,2017,4,140.5
51820,2017,5,25.2
51110,2017,5,25.5
51780,2017,5,36.0
41250,2017,5,22.7
41480,2017,5,44.1
51760,2017,5,31.6
51760,2017,5,31.6
51110,2017,5,22.0
28720,2017,5,10.2
28720,2017,5,10.2
51150,2017,5,25.2
51150,2017,5,25.0
51170,2017,5,17.9
11110,2017,5,16.1
11110,2017,5,16.1
28110,2017,5,21.6
28110,2017,5,21.6
51130,2017,5,30.1
47940,2017,5,24.5
41113,2017,5,22.5
41113,2017,5,22.5
51750,2017,5,21.5
43130,2017,5,32.2
44210,2017,5,27.9
47930,2017,5,28.5
47930,2017,5,28.5
43113,2017,5,11.9
30200,2017,5,29.3
43740,2017,5,21.3
47170,2017,5,22.0
47170,2017,5,22.0
47250,2017,5,20.2
47111,2017,5,19.8
52130,2017,5,39.3
52130,2017,5,39.3
27140,2017,5,33.1
27140,2017,5,33.1
52113,2017,5,51.5
52111,2017,5,51.5
31110,2017,5,26.3
31110,2017,5,26.3
31110,2017,5,26.3
48120,2017,5,31.1
29170,2017,5,30.2
26110,2017,5,39.2
48220,2017,5,34.8
46110,2017,5,14.0
46110,2017,5,14.0
46130,2017,5,49.5
46910,2017,5,21.9
46890,2017,5,32.8
52790,2017,5,30.2
52790,2017,5,30.2
52790,2017,5,30.2
46150,2017,5,45.7
46150,2017,5,45.7
46900,2017,5,23.4
50110,2017,5,38.5
50110,2017,5,31.1
50130,2017,5,66.4
50130,2017,5,66.4
50130,2017,5,66.4
50130,2017,5,59.2
50130,2017,5,59.2
48170,2017,5,43.8
48170,2017,5,43.8
28710,2017,5,26.6
41830,2017,5,19.4
41500,2017,5,23.2
51810,2017,5,33.1
51810,2017,5,33.1
51720,2017,5,22.8
51190,2017,5,14.4
43150,2017,5,12.5
43720,2017,5,28.0
44131,2017,5,14.3
44131,2017,5,14.3
44180,2017,5,58.9
44760,2017,5,35.8
44710,2017,5,31.8
52800,2017,5,38.3
52750,2017,5,43.1
52180,2017,5,101.5
52180,2017,5,101.5
52190,2017,5,29.8
52190,2017,5,29.8
52190,2017,5,29.8
52740,2017,5,42.1
46800,2017,5,29.9
46820,2017,5,9.6
46770,2017,5,30.1
46770,2017,5,30.1
46900,2017,5,14.5
47920,2017,5,18.3
47920,2017,5,18.3
47210,2017,5,10.8
47280,2017,5,25.0
47280,2017,5,25.0
47770,2017,5,15.9
47730,2017,5,40.3
47190,2017,5,14.8
47230,2017,5,24.6
48880,2017,5,25.5
48880,2017,5,25.5
48890,2017,5,28.6
48270,2017,5,37.1
48860,2017,5,34.2
48310,2017,5,43.8
48840,2017,5,47.8
51820,2017,6,69.7
51110,2017,6,38.1
51780,2017,6,74.2
41250,2017,6,50.5
41480,2017,6,42.7
51760,2017,6,73.0
51760,2017,6,73.0
51110,2017,6,88.9
28720,2017,6,11.8
28720,2017,6,11.8
51150,2017,6,26.0
51150,2017,6,27.2
51170,2017,6,61.7
11110,2017,6,66.6
11110,2017,6,66.6
28110,2017,6,49.3
28110,2017,6,49.3
51130,2017,6,73.7
47940,2017,6,37.4
41113,2017,6,27.6
41113,2017,6,27.6
51750,2017,6,55.0
43130,2017,6,43.7
44210,2017,6,23.3
47930,2017,6,22.4
47930,2017,6,22.4
43113,2017,6,17.5
30200,2017,6,35.3
43740,2017,6,60.6
47170,2017,6,24.0
47170,2017,6,24.0
47250,2017,6,63.4
47111,2017,6,12.8
52130,2017,6,37.0
52130,2017,6,37.0
27140,2017,6,71.5
27140,2017,6,71.5
52113,2017,6,100.0
52111,2017,6,100.0
31110,2017,6,38.5
31110,2017,6,38.5
31110,2017,6,38.5
48120,2017,6,58.7
29170,2017,6,42.1
26110,2017,6,49.8
48220,2017,6,68.4
46110,2017,6,28.5
46110,2017,6,28.5
46130,2017,6,81.6
46910,2017,6,26.1
46890,2017,6,130.5
52790,2017,6,17.7
52790,2017,6,17.7
52790,2017,6,17.7
46150,2017,6,44.8
46150,2017,6,44.8
46900,2017,6,44.4
50110,2017,6,60.7
50110,2017,6,114.8
50130,2017,6,141.2
50130,2017,6,141.2
50130,2017,6,141.2
50130,2017,6,247.4
50130,2017,6,247.4
48170,2017,6,52.0
48170,2017,6,52.0
28710,2017,6,41.6
41830,2017,6,79.8
41500,2017,6,47.2
51810,2017,6,105.5
51810,2017,6,105.5
51720,2017,6,41.3
51190,2017,6,122.1
43150,2017,6,69.6
43720,2017,6,87.6
44131,2017,6,15.6
44131,2017,6,15.6
44180,2017,6,21.1
44760,2017,6,51.4
44710,2017,6,48.3
52800,2017,6,25.2
52750,2017,6,52.5
52180,2017,6,16.9
52180,2017,6,16.9
52190,2017,6,20.5
52190,2017,6,20.5
52190,2017,6,20.5
52740,2017,6,68.2
46800,2017,6,123.2
46820,2017,6,24.4
46770,2017,6,274.7
46770,2017,6,274.7
46900,2017,6,28.2
47920,2017,6,37.1
47920,2017,6,37.1
47210,2017,6,53.8
47280,2017,6,62.7
47280,2017,6,62.7
47770,2017,6,34.8
47730,2017,6,28.2
47190,2017,6,55.4
47230,2017,6,14.6
48880,2017,6,56.3
48880,2017,6,56.3
48890,2017,6,164.6
48270,2017,6,53.4
48860,2017,6,100.8
48310,2017,6,71.4
48840,2017,6,80.6
51820,2017,7,270.3
51110,2017,7,477.8
51780,2017,7,575.2
41250,2017,7,376.3
41480,2017,7,364.3
51760,2017,7,355.4
51760,2017,7,355.4
51110,2017,7,530.4
28720,2017,7,89.8
28720,2017,7,89.8
51150,2017,7,243.6
51150,2017,7,238.1
51170,2017,7,178.9
11110,2017,7,621.0
11110,2017,7,621.0
28110,2017,7,478.3
28110,2017,7,478.3
51130,2017,7,505.6
47940,2017,7,86.2
41113,2017,7,684.5
41113,2017,7,684.5
51750,2017,7,402.1
43130,2017,7,464.3
44210,2017,7,327.8
47930,2017,7,131.2
47930,2017,7,131.2
43113,2017,7,789.1
30200,2017,7,434.5
43740,2017,7,273.4
47170,2017,7,454.4
47170,2017,7,454.4
47250,2017,7,404.8
47111,2017,7,74.2
52130,2017,7,221.1
52130,2017,7,221.1
27140,2017,7,105.3
27140,2017,7,105.3
52113,2017,7,216.4
52111,2017,7,216.4
31110,2017,7,104.6
31110,2017,7,104.6
31110,2017,7,104.6
48120,2017,7,162.4
29170,2017,7,211.6
26110,2017,7,172.1
48220,2017,7,223.3
46110,2017,7,138.2
46110,2017,7,138.2
46130,2017,7,113.5
46910,2017,7,110.6
46890,2017,7,122.4
52790,2017,7,277.8
52790,2017,7,277.8
52790,2017,7,277.8
46150,2017,7,123.4
46150,2017,7,123.4
46900,2017,7,83.2
50110,2017,7,35.2
50110,2017,7,23.1
50130,2017,7,427.5
50130,2017,7,427.5
50130,2017,7,427.5
50130,2017,7,51.8
50130,2017,7,51.8
48170,2017,7,96.0
48170,2017,7,96.0
28710,2017,7,298.9
41830,2017,7,567.2
41500,2017,7,454.9
51810,2017,7,524.0
51810,2017,7,524.0
51720,2017,7,578.4
51190,2017,7,313.6
43150,2017,7,464.8
43720,2017,7,572.0
44131,2017,7,788.1
44131,2017,7,788.1
44180,2017,7,278.1
44760,2017,7,326.7
44710,2017,7,305.5
52800,2017,7,372.6
52750,2017,7,283.5
52180,2017,7,258.2
52180,2017,7,258.2
52190,2017,7,207.2
52190,2017,7,207.2
52190,2017,7,207.2
52740,2017,7,276.1
46800,2017,7,251.0
46820,2017,7,162.7
46770,2017,7,269.5
46770,2017,7,269.5
46900,2017,7,113.2
47920,2017,7,255.3
47920,2017,7,255.3
47210,2017,7,337.7
47280,2017,7,678.7
47280,2017,7,678.7
47770,2017,7,172.4
47730,2017,7,242.8
47190,2017,7,123.4
47230,2017,7,181.3
48880,2017,7,147.4
48880,2017,7,147.4
48890,2017,7,113.6
48270,2017,7,51.7
48860,2017,7,117.2
48310,2017,7,235.0
48840,2017,7,133.8
51820,2017,8,424.9
51110,2017,8,376.3
51780,2017,8,354.9
41250,2017,8,334.6
41480,2017,8,318.1
51760,2017,8,293.3
51760,2017,8,293.3
51110,2017,8,343.1
28720,2017,8,126.3
28720,2017,8,126.3
51150,2017,8,506.3
51150,2017,8,444.1
51170,2017,8,402.4
11110,2017,8,297.0
11110,2017,8,297.0
28110,2017,8,250.5
28110,2017,8,250.5
51130,2017,8,273.6
47940,2017,8,60.4
41113,2017,8,359.7
41113,2017,8,359.7
51750,2017,8,272.8
43130,2017,8,257.9
44210,2017,8,231.3
47930,2017,8,267.1
47930,2017,8,267.1
43113,2017,8,225.2
30200,2017,8,293.8
43740,2017,8,208.2
47170,2017,8,129.2
47170,2017,8,129.2
47250,2017,8,158.4
47111,2017,8,209.0
52130,2017,8,164.7
52130,2017,8,164.7
27140,2017,8,171.3
27140,2017,8,171.3
52113,2017,8,272.3
52111,2017,8,272.3
31110,2017,8,69.8
31110,2017,8,69.8
31110,2017,8,69.8
48120,2017,8,227.9
29170,2017,8,280.5
26110,2017,8,82.5
48220,2017,8,169.7
46110,2017,8,201.8
46110,2017,8,201.8
46130,2017,8,311.6
46910,2017,8,262.9
46890,2017,8,254.7
52790,2017,8,243.4
52790,2017,8,243.4
52790,2017,8,243.4
46150,2017,8,273.5
46150,2017,8,273.5
44800,2017,8,290.2
50110,2017,8,159.5
50110,2017,8,279.7
50130,2017,8,437.3
50130,2017,8,437.3
50130,2017,8,437.3
50130,2017,8,231.8
50130,2017,8,231.8
48170,2017,8,166.4
48170,2017,8,166.4
28710,2017,8,255.0
41830,2017,8,315.5
41500,2017,8,303.8
51810,2017,8,299.6
51810,2017,8,299.6
51720,2017,8,326.1
51190,2017,8,254.2
51770,2017,8,248.0
51770,2017,8,248.0
51770,2017,8,248.0
43150,2017,8,265.1
43720,2017,8,315.8
44131,2017,8,291.5
44131,2017,8,291.5
44180,2017,8,210.0
44760,2017,8,358.5
44710,2017,8,222.3
52800,2017,8,137.8
52750,2017,8,226.0
52180,2017,8,192.8
52180,2017,8,192.8
52190,2017,8,184.6
52190,2017,8,184.6
52190,2017,8,184.6
52740,2017,8,262.7
52790,2017,8,336.7
46870,2017,8,188.6
48250,2017,8,70.0
52770,2017,8,229.4
48123,2017,8,186.1
48330,2017,8,46.4
46780,2017,8,239.7
46780,2017,8,239.7
46810,2017,8,199.2
46810,2017,8,199.2
46800,2017,8,216.5
46820,2017,8,198.9
46770,2017,8,109.8
46770,2017,8,109.8
48720,2017,8,197.1
48870,2017,8,131.8
46230,2017,8,227.0
46230,2017,8,227.0
46900,2017,8,261.6
47920,2017,8,201.5
47920,2017,8,201.5
47210,2017,8,320.5
47280,2017,8,211.6
47280,2017,8,211.6
47750,2017,8,112.2
47750,2017,8,112.2
47770,2017,8,322.1
47730,2017,8,121.2
47190,2017,8,228.2
47230,2017,8,191.7
47130,2017,8,119.4
48880,2017,8,159.2
48880,2017,8,159.2
48890,2017,8,158.2
48270,2017,8,120.3
48860,2017,8,161.8
48310,2017,8,198.7
48840,2017,8,272.3
51820,2017,9,50.5
51110,2017,9,33.8
51780,2017,9,26.6
41250,2017,9,25.3
41480,2017,9,23.1
51760,2017,9,69.3
51760,2017,9,69.3
51110,2017,9,32.2
28720,2017,9,4.2
28720,2017,9,4.2
51150,2017,9,51.9
51150,2017,9,45.7
51170,2017,9,38.3
11110,2017,9,35.0
11110,2017,9,35.0
28110,2017,9,21.6
28110,2017,9,21.6
51130,2017,9,16.0
47940,2017,9,124.8
41113,2017,9,26.1
41113,2017,9,26.1
51750,2017,9,32.8
43130,2017,9,62.4
44210,2017,9,37.6
47930,2017,9,92.8
47930,2017,9,92.8
43113,2017,9,78.3
30200,2017,9,111.4
43740,2017,9,105.9
47170,2017,9,91.6
47170,2017,9,91.6
47250,2017,9,102.7
47111,2017,9,138.2
52130,2017,9,90.2
52130,2017,9,90.2
27140,2017,9,97.5
27140,2017,9,97.5
52113,2017,9,91.9
52111,2017,9,91.9
31110,2017,9,178.0
31110,2017,9,178.0
31110,2017,9,178.0
48120,2017,9,104.8
29170,2017,9,108.8
26110,2017,9,335.0
48220,2017,9,362.2
46110,2017,9,109.4
46110,2017,9,109.4
46130,2017,9,163.9
46910,2017,9,115.9
46890,2017,9,135.8
52790,2017,9,115.1
52790,2017,9,115.1
52790,2017,9,115.1
46150,2017,9,78.4
46150,2017,9,78.4
46900,2017,9,101.9
50110,2017,9,83.4
50110,2017,9,58.3
50130,2017,9,98.3
50130,2017,9,98.3
50130,2017,9,98.3
50130,2017,9,102.8
50130,2017,9,102.8
48170,2017,9,116.6
48170,2017,9,116.6
28710,2017,9,27.1
41830,2017,9,21.5
41500,2017,9,27.9
51810,2017,9,51.0
51810,2017,9,51.0
51720,2017,9,50.4
51190,2017,9,65.7
43150,2017,9,43.3
43720,2017,9,108.6
44131,2017,9,43.3
44131,2017,9,43.3
44180,2017,9,90.0
44760,2017,9,97.1
44710,2017,9,105.6
52800,2017,9,105.0
52750,2017,9,115.5
52180,2017,9,108.1
52180,2017,9,108.1
52190,2017,9,117.6
52190,2017,9,117.6
52190,2017,9,117.6
52740,2017,9,148.0
46800,2017,9,96.4
46820,2017,9,86.5
46770,2017,9,126.6
46770,2017,9,126.6
46900,2017,9,107.3
47920,2017,9,65.5
47920,2017,9,65.5
47210,2017,9,77.3
47280,2017,9,89.0
47280,2017,9,89.0
47770,2017,9,103.8
47730,2017,9,74.7
47190,2017,9,81.0
47230,2017,9,90.5
48880,2017,9,148.2
48880,2017,9,148.2
48890,2017,9,106.5
48270,2017,9,69.8
48860,2017,9,96.9
48310,2017,9,410.5
48840,2017,9,169.8
51820,2017,10,135.4
51110,2017,10,42.6
51780,2017,10,10.8
41250,2017,10,18.5
41480,2017,10,9.8
51760,2017,10,53.3
51760,2017,10,53.3
51110,2017,10,50.0
28720,2017,10,9.5
28720,2017,10,9.5
51150,2017,10,133.5
51150,2017,10,114.5
51170,2017,10,124.8
11110,2017,10,26.5
11110,2017,10,26.5
28110,2017,10,21.8
28110,2017,10,21.8
51130,2017,10,15.9
47940,2017,10,106.0
41113,2017,10,28.7
41113,2017,10,28.7
51750,2017,10,22.0
43130,2017,10,21.2
44210,2017,10,25.5
47930,2017,10,133.9
47930,2017,10,133.9
43113,2017,10,23.1
30200,2017,10,28.3
43740,2017,10,48.2
47170,2017,10,68.5
47170,2017,10,68.5
47250,2017,10,54.6
47111,2017,10,81.5
52130,2017,10,28.0
52130,2017,10,28.0
27140,2017,10,54.3
27140,2017,10,54.3
52113,2017,10,28.2
52111,2017,10,28.2
31110,2017,10,63.1
31110,2017,10,63.1
31110,2017,10,63.1
48120,2017,10,81.4
29170,2017,10,85.4
26110,2017,10,138.3
48220,2017,10,132.1
46110,2017,10,62.7
46110,2017,10,62.7
46130,2017,10,148.3
46910,2017,10,88.9
46890,2017,10,122.1
52790,2017,10,38.7
52790,2017,10,38.7
52790,2017,10,38.7
46150,2017,10,130.7
46150,2017,10,130.7
46900,2017,10,101.5
50110,2017,10,162.0
50110,2017,10,152.4
50130,2017,10,389.1
50130,2017,10,389.1
50130,2017,10,389.1
50130,2017,10,231.4
50130,2017,10,231.4
48170,2017,10,105.7
48170,2017,10,105.7
28710,2017,10,20.0
41830,2017,10,30.8
41500,2017,10,18.7
51810,2017,10,40.6
51810,2017,10,40.6
51720,2017,10,40.0
51190,2017,10,41.1
43150,2017,10,22.5
43720,2017,10,28.5
44131,2017,10,14.1
44131,2017,10,14.1
44180,2017,10,26.6
44760,2017,10,51.9
44710,2017,10,35.1
52800,2017,10,35.5
52750,2017,10,57.7
52180,2017,10,50.9
52180,2017,10,50.9
52190,2017,10,94.1
52190,2017,10,94.1
52190,2017,10,94.1
52740,2017,10,72.3
46800,2017,10,101.1
46820,2017,10,113.3
46770,2017,10,139.6
46770,2017,10,139.6
46900,2017,10,104.5
47920,2017,10,57.0
47920,2017,10,57.0
47210,2017,10,73.6
47280,2017,10,48.6
47280,2017,10,48.6
47770,2017,10,121.2
47730,2017,10,49.0
47190,2017,10,54.7
47230,2017,10,58.2
48880,2017,10,99.9
48880,2017,10,99.9
48890,2017,10,83.3
48270,2017,10,58.4
48860,2017,10,82.2
48310,2017,10,120.3
48840,2017,10,186.5
51820,2017,11,41.2
51110,2017,11,15.9
51780,2017,11,33.5
41250,2017,11,19.0
41480,2017,11,16.8
51760,2017,11,32.4
51760,2017,11,32.4
51110,2017,11,23.1
28720,2017,11,7.4
28720,2017,11,7.4
51150,2017,11,30.6
51150,2017,11,41.5
51170,2017,11,31.2
11110,2017,11,40.7
11110,2017,11,40.7
28110,2017,11,42.2
28110,2017,11,42.2
51130,2017,11,35.2
47940,2017,11,88.9
41113,2017,11,37.6
41113,2017,11,37.6
51750,2017,11,27.9
43130,2017,11,17.6
44210,2017,11,24.7
47930,2017,11,8.1
47930,2017,11,8.1
43113,2017,11,13.7
30200,2017,11,15.1
43740,2017,11,17.2
47170,2017,11,0.3
47170,2017,11,0.3
47250,2017,11,4.1
47111,2017,11,0.1
52130,2017,11,19.1
52130,2017,11,19.1
27140,2017,11,0.1
27140,2017,11,0.1
52113,2017,11,3.1
52111,2017,11,3.1
31110,2017,11,0.0
31110,2017,11,0.0
31110,2017,11,0.0
48120,2017,11,0.0
29170,2017,11,2.1
26110,2017,11,0.3
48220,2017,11,1.0
46110,2017,11,1.4
46110,2017,11,1.4
46130,2017,11,0.6
46910,2017,11,1.9
46890,2017,11,1.4
52790,2017,11,4.1
52790,2017,11,4.1
52790,2017,11,4.1
46150,2017,11,3.4
46150,2017,11,3.4
46900,2017,11,3.8
44800,2017,11,17.7
50110,2017,11,19.2
50110,2017,11,6.7
50130,2017,11,16.5
50130,2017,11,16.5
50130,2017,11,16.5
50130,2017,11,6.7
50130,2017,11,6.7
48170,2017,11,0.0
48170,2017,11,0.0
28710,2017,11,14.7
41830,2017,11,37.2
41500,2017,11,28.6
51810,2017,11,28.2
51810,2017,11,28.2
51720,2017,11,27.3
51190,2017,11,14.7
43150,2017,11,34.1
43720,2017,11,13.4
44131,2017,11,23.8
44131,2017,11,23.8
44180,2017,11,15.9
44760,2017,11,22.8
44710,2017,11,15.6
52800,2017,11,10.6
52750,2017,11,14.2
52180,2017,11,8.4
52180,2017,11,8.4
52190,2017,11,5.2
52190,2017,11,5.2
52190,2017,11,5.2
52740,2017,11,11.5
46800,2017,11,1.7
46820,2017,11,2.2
46770,2017,11,1.4
46770,2017,11,1.4
46900,2017,11,2.9
47920,2017,11,7.0
47920,2017,11,7.0
47210,2017,11,8.1
47280,2017,11,3.6
47280,2017,11,3.6
47770,2017,11,0.1
47730,2017,11,0.5
47190,2017,11,1.2
47230,2017,11,0.1
48880,2017,11,1.8
48880,2017,11,1.8
48890,2017,11,0.2
48270,2017,11,0.0
48860,2017,11,0.8
48310,2017,11,1.0
48840,2017,11,0.5
51820,2017,12,9.9
51110,2017,12,24.5
51780,2017,12,12.8
41250,2017,12,29.6
41480,2017,12,24.9
51760,2017,12,8.6
51760,2017,12,8.6
51110,2017,12,27.0
28720,2017,12,18.3
28720,2017,12,18.3
51150,2017,12,7.4
51150,2017,12,5.5
51170,2017,12,4.0
11110,2017,12,34.8
11110,2017,12,34.8
28110,2017,12,40.1
28110,2017,12,40.1
51130,2017,12,19.0
47940,2017,12,106.2
41113,2017,12,38.5
41113,2017,12,38.5
51750,2017,12,22.9
43130,2017,12,25.5
44210,2017,12,30.0
47930,2017,12,8.0
47930,2017,12,8.0
43113,2017,12,21.1
30200,2017,12,33.5
43740,2017,12,26.0
47170,2017,12,9.4
47170,2017,12,9.4
47250,2017,12,20.4
47111,2017,12,10.5
52130,2017,12,46.9
52130,2017,12,46.9
27140,2017,12,11.0
27140,2017,12,11.0
52113,2017,12,36.5
52111,2017,12,36.5
31110,2017,12,12.7
31110,2017,12,12.7
31110,2017,12,12.7
48120,2017,12,15.2
29170,2017,12,28.5
26110,2017,12,10.6
48220,2017,12,17.6
46110,2017,12,45.3
46110,2017,12,45.3
46130,2017,12,16.5
46910,2017,12,35.1
46890,2017,12,5.5
52790,2017,12,44.7
52790,2017,12,44.7
52790,2017,12,44.7
46150,2017,12,20.8
46150,2017,12,20.8
46900,2017,12,42.9
44800,2017,12,33.6
50110,2017,12,25.4
50110,2017,12,16.7
50130,2017,12,31.8
50130,2017,12,31.8
50130,2017,12,31.8
50130,2017,12,13.3
50130,2017,12,13.3
48170,2017,12,14.0
48170,2017,12,14.0
28710,2017,12,26.6
41830,2017,12,26.0
41500,2017,12,30.2
51810,2017,12,20.0
51810,2017,12,20.0
51720,2017,12,20.2
51190,2017,12,4.9
43150,2017,12,24.0
43720,2017,12,27.6
44131,2017,12,18.8
44131,2017,12,18.8
44180,2017,12,38.6
44760,2017,12,36.1
44710,2017,12,29.3
52800,2017,12,42.0
52750,2017,12,31.2
52180,2017,12,43.0
52180,2017,12,43.0
52190,2017,12,28.2
52190,2017,12,28.2
52190,2017,12,28.2
52740,2017,12,33.9
46800,2017,12,23.4
46820,2017,12,28.5
46770,2017,12,11.0
46770,2017,12,11.0
46900,2017,12,39.2
47920,2017,12,13.1
47920,2017,12,13.1
47210,2017,12,15.6
47280,2017,12,18.2
47280,2017,12,18.2
47770,2017,12,6.5
47730,2017,12,10.1
47190,2017,12,13.1
47230,2017,12,10.0
48880,2017,12,14.9
48880,2017,12,14.9
48890,2017,12,12.6
48270,2017,12,12.4
48860,2017,12,18.5
48310,2017,12,19.5
48840,2017,12,28.2
51820,2018,1,3.9
51110,2018,1,6.5
51780,2018,1,7.9
41250,2018,1,7.0
41480,2018,1,6.1
51760,2018,1,4.3
51760,2018,1,4.3
51110,2018,1,5.9
28720,2018,1,10.5
28720,2018,1,10.5
51150,2018,1,2.8
51150,2018,1,2.5
51170,2018,1,4.4
11110,2018,1,8.5
11110,2018,1,8.5
28110,2018,1,4.5
28110,2018,1,4.5
51130,2018,1,4.4
47940,2018,1,85.9
41113,2018,1,7.9
41113,2018,1,7.9
51750,2018,1,11.3
43130,2018,1,14.3
44210,2018,1,21.0
47930,2018,1,9.8
47930,2018,1,9.8
43113,2018,1,17.6
30200,2018,1,23.9
43740,2018,1,29.2
47170,2018,1,15.1
47170,2018,1,15.1
47250,2018,1,24.0
47111,2018,1,20.0
52130,2018,1,27.4
52130,2018,1,27.4
27140,2018,1,21.1
27140,2018,1,21.1
52113,2018,1,28.4
52111,2018,1,28.4
31110,2018,1,31.3
31110,2018,1,31.3
31110,2018,1,31.3
48120,2018,1,26.7
29170,2018,1,38.8
26110,2018,1,40.9
48220,2018,1,33.8
46110,2018,1,58.0
46110,2018,1,58.0
46130,2018,1,24.7
46910,2018,1,33.1
46890,2018,1,47.4
52790,2018,1,44.0
52790,2018,1,44.0
52790,2018,1,44.0
46150,2018,1,21.6
46150,2018,1,21.6
46900,2018,1,54.0
44800,2018,1,15.5
50110,2018,1,58.0
50110,2018,1,47.7
50130,2018,1,102.4
50130,2018,1,102.4
50130,2018,1,102.4
50130,2018,1,63.7
50130,2018,1,63.7
48170,2018,1,29.9
48170,2018,1,29.9
28710,2018,1,4.8
41830,2018,1,4.3
41500,2018,1,8.3
51810,2018,1,6.2
51810,2018,1,6.2
51720,2018,1,3.7
51190,2018,1,7.7
43150,2018,1,6.9
43720,2018,1,25.0
44131,2018,1,14.0
44131,2018,1,14.0
44180,2018,1,15.0
44760,2018,1,25.0
44710,2018,1,25.7
52800,2018,1,34.6
52750,2018,1,41.8
52180,2018,1,41.5
52180,2018,1,41.5
52190,2018,1,41.0
52190,2018,1,41.0
52190,2018,1,41.0
52740,2018,1,33.1
46800,2018,1,38.1
46820,2018,1,44.8
46770,2018,1,26.8
46770,2018,1,26.8
46900,2018,1,55.2
47920,2018,1,7.5
47920,2018,1,7.5
47210,2018,1,11.5
47280,2018,1,22.0
47280,2018,1,22.0
47770,2018,1,12.0
47730,2018,1,14.0
47190,2018,1,19.0
47230,2018,1,18.6
48880,2018,1,18.8
48880,2018,1,18.8
48890,2018,1,19.7
48270,2018,1,28.5
48860,2018,1,19.0
48310,2018,1,41.5
48840,2018,1,29.1
51820,2018,2,54.4
51110,2018,2,33.0
51780,2018,2,14.4
41250,2018,2,30.7
41480,2018,2,28.6
51760,2018,2,43.2
51760,2018,2,43.2
51110,2018,2,36.5
28720,2018,2,2.6
28720,2018,2,2.6
51150,2018,2,43.5
51150,2018,2,52.0
51170,2018,2,53.4
11110,2018,2,29.6
11110,2018,2,29.6
28110,2018,2,27.0
28110,2018,2,27.0
51130,2018,2,27.4
47940,2018,2,128.6
41113,2018,2,29.1
41113,2018,2,29.1
51750,2018,2,22.4
43130,2018,2,35.8
44210,2018,2,40.5
47930,2018,2,32.2
47930,2018,2,32.2
43113,2018,2,30.6
30200,2018,2,40.5
43740,2018,2,44.3
47170,2018,2,18.3
47170,2018,2,18.3
47250,2018,2,36.9
47111,2018,2,33.5
52130,2018,2,33.5
52130,2018,2,33.5
27140,2018,2,25.1
27140,2018,2,25.1
52113,2018,2,21.5
52111,2018,2,21.5
31110,2018,2,44.8
31110,2018,2,44.8
31110,2018,2,44.8
48120,2018,2,32.6
29170,2018,2,22.0
26110,2018,2,52.5
48220,2018,2,40.9
46110,2018,2,39.3
46110,2018,2,39.3
46130,2018,2,33.4
46910,2018,2,42.7
46890,2018,2,44.0
52790,2018,2,48.1
52790,2018,2,48.1
52790,2018,2,48.1
46150,2018,2,31.4
46150,2018,2,31.4
46900,2018,2,26.5
44800,2018,2,33.5
50110,2018,2,86.6
50110,2018,2,75.0
50130,2018,2,125.7
50130,2018,2,125.7
50130,2018,2,125.7
50130,2018,2,10.5
50130,2018,2,10.5
48170,2018,2,30.8
48170,2018,2,30.8
28710,2018,2,30.7
41830,2018,2,34.3
41500,2018,2,33.4
51810,2018,2,14.7
51810,2018,2,14.7
51720,2018,2,24.6
51190,2018,2,30.2
43150,2018,2,23.8
43720,2018,2,28.5
44131,2018,2,31.6
44131,2018,2,31.6
44180,2018,2,33.6
44760,2018,2,43.1
44710,2018,2,28.1
52800,2018,2,31.5
52750,2018,2,19.6
52180,2018,2,41.4
52180,2018,2,41.4
52190,2018,2,20.7
52190,2018,2,20.7
52190,2018,2,20.7
52740,2018,2,21.7
46800,2018,2,26.3
46820,2018,2,24.3
46770,2018,2,35.1
46770,2018,2,35.1
46900,2018,2,35.5
47920,2018,2,15.0
47920,2018,2,15.0
47210,2018,2,17.5
47280,2018,2,29.7
47280,2018,2,29.7
47770,2018,2,30.0
47730,2018,2,20.0
47190,2018,2,32.3
47230,2018,2,24.5
48880,2018,2,28.2
48880,2018,2,28.2
48890,2018,2,35.0
48270,2018,2,25.0
48860,2018,2,33.5
48310,2018,2,52.0
48840,2018,2,49.0
51820,2018,3,55.0
51110,2018,3,32.0
51780,2018,3,33.6
41250,2018,3,38.7
41480,2018,3,36.3
51760,2018,3,72.9
51760,2018,3,72.9
51110,2018,3,32.8
28720,2018,3,22.6
28720,2018,3,22.6
51150,2018,3,72.3
51150,2018,3,94.0
51170,2018,3,95.4
11110,2018,3,49.5
11110,2018,3,49.5
28110,2018,3,78.6
28110,2018,3,78.6
51130,2018,3,53.6
47940,2018,3,141.3
41113,2018,3,86.0
41113,2018,3,86.0
51750,2018,3,56.5
43130,2018,3,75.1
44210,2018,3,76.6
47930,2018,3,130.6
47930,2018,3,130.6
43113,2018,3,81.7
30200,2018,3,108.4
43740,2018,3,127.7
47170,2018,3,93.5
47170,2018,3,93.5
47250,2018,3,123.1
47111,2018,3,153.7
52130,2018,3,96.3
52130,2018,3,96.3
27140,2018,3,98.7
27140,2018,3,98.7
52113,2018,3,98.0
52111,2018,3,98.0
31110,2018,3,155.3
31110,2018,3,155.3
31110,2018,3,155.3
48120,2018,3,186.0
29170,2018,3,115.8
26110,2018,3,206.1
48220,2018,3,222.3
46110,2018,3,152.7
46110,2018,3,152.7
46130,2018,3,223.8
46910,2018,3,96.2
46890,2018,3,181.8
52790,2018,3,77.6
52790,2018,3,77.6
52790,2018,3,77.6
46150,2018,3,150.0
46150,2018,3,150.0
46900,2018,3,146.2
44800,2018,3,70.4
50110,2018,3,118.0
50110,2018,3,101.2
50130,2018,3,179.5
50130,2018,3,179.5
50130,2018,3,179.5
50130,2018,3,151.6
50130,2018,3,151.6
48170,2018,3,179.2
48170,2018,3,179.2
28710,2018,3,31.6
41830,2018,3,69.7
41500,2018,3,71.4
51810,2018,3,31.0
51810,2018,3,31.0
51720,2018,3,42.8
51190,2018,3,100.6
43150,2018,3,61.7
43720,2018,3,93.5
44131,2018,3,62.2
44131,2018,3,62.2
44180,2018,3,92.0
44760,2018,3,99.3
44710,2018,3,91.5
52800,2018,3,98.5
52750,2018,3,95.1
52180,2018,3,100.6
52180,2018,3,100.6
52190,2018,3,102.7
52190,2018,3,102.7
52190,2018,3,102.7
52740,2018,3,122.7
46800,2018,3,133.8
46820,2018,3,147.6
46770,2018,3,195.9
46770,2018,3,195.9
46900,2018,3,126.5
47920,2018,3,75.2
47920,2018,3,75.2
47210,2018,3,110.0
47280,2018,3,116.0
47280,2018,3,116.0
47770,2018,3,105.5
47730,2018,3,111.6
47190,2018,3,131.4
47230,2018,3,115.7
48880,2018,3,113.7
48880,2018,3,113.7
48890,2018,3,124.2
48270,2018,3,122.6
48860,2018,3,103.6
48310,2018,3,274.0
48840,2018,3,294.0
51820,2018,4,141.7
51110,2018,4,117.2
51780,2018,4,139.4
41250,2018,4,125.9
41480,2018,4,122.4
51760,2018,4,128.7
51760,2018,4,128.7
51110,2018,4,139.5
28720,2018,4,89.5
28720,2018,4,89.5
51150,2018,4,151.8
51150,2018,4,151.4
51170,2018,4,131.8
11110,2018,4,130.3
11110,2018,4,130.3
28110,2018,4,112.2
28110,2018,4,112.2
51130,2018,4,112.6
47940,2018,4,150.0
41113,2018,4,128.8
41113,2018,4,128.8
51750,2018,4,116.5
43130,2018,4,107.9
44210,2018,4,132.8
47930,2018,4,167.1
47930,2018,4,167.1
43113,2018,4,133.0
30200,2018,4,155.3
43740,2018,4,132.0
47170,2018,4,148.7
47170,2018,4,148.7
47250,2018,4,141.4
47111,2018,4,106.5
52130,2018,4,122.0
52130,2018,4,122.0
27140,2018,4,113.0
27140,2018,4,113.0
52113,2018,4,98.7
52111,2018,4,98.7
31110,2018,4,123.3
31110,2018,4,123.3
31110,2018,4,123.3
48120,2018,4,119.3
29170,2018,4,127.4
26110,2018,4,156.4
48220,2018,4,170.4
46110,2018,4,169.0
46110,2018,4,169.0
46130,2018,4,125.3
46910,2018,4,167.7
46890,2018,4,200.4
52790,2018,4,102.0
52790,2018,4,102.0
52790,2018,4,102.0
46150,2018,4,121.1
46150,2018,4,121.1
46900,2018,4,159.5
44800,2018,4,155.2
50110,2018,4,112.5
50110,2018,4,175.6
50130,2018,4,234.1
50130,2018,4,234.1
50130,2018,4,234.1
50130,2018,4,312.0
50130,2018,4,312.0
48170,2018,4,127.8
48170,2018,4,127.8
28710,2018,4,113.6
41830,2018,4,124.8
41500,2018,4,145.8
51810,2018,4,127.2
51810,2018,4,127.2
51720,2018,4,143.8
51190,2018,4,128.9
43150,2018,4,112.9
43720,2018,4,139.2
44131,2018,4,117.0
44131,2018,4,117.0
44180,2018,4,128.1
44760,2018,4,156.5
44710,2018,4,142.4
52800,2018,4,124.6
52750,2018,4,129.7
52180,2018,4,117.7
52180,2018,4,117.7
52190,2018,4,158.2
52190,2018,4,158.2
52190,2018,4,158.2
52740,2018,4,170.5
46800,2018,4,112.2
46820,2018,4,120.1
46770,2018,4,128.8
46770,2018,4,128.8
46900,2018,4,171.0
47920,2018,4,165.0
47920,2018,4,165.0
47210,2018,4,175.1
47280,2018,4,157.6
47280,2018,4,157.6
47770,2018,4,149.6
47730,2018,4,121.5
47190,2018,4,120.8
47230,2018,4,112.0
48880,2018,4,122.5
48880,2018,4,122.5
48890,2018,4,137.2
48270,2018,4,103.9
48860,2018,4,147.0
48310,2018,4,243.4
48840,2018,4,181.1
51820,2018,5,123.6
51110,2018,5,200.5
51780,2018,5,263.1
41250,2018,5,242.9
41480,2018,5,208.2
51760,2018,5,203.0
51760,2018,5,203.0
51110,2018,5,201.9
28720,2018,5,62.5
28720,2018,5,62.5
51150,2018,5,133.0
51150,2018,5,162.9
51170,2018,5,63.6
11110,2018,5,222.0
11110,2018,5,222.0
28110,2018,5,158.9
28110,2018,5,158.9
51130,2018,5,211.3
47940,2018,5,131.6
41113,2018,5,196.4
41113,2018,5,196.4
51750,2018,5,135.9
43130,2018,5,180.0
44210,2018,5,147.7
47930,2018,5,46.2
47930,2018,5,46.2
43113,2018,5,92.0
30200,2018,5,95.9
43740,2018,5,81.1
47170,2018,5,98.1
47170,2018,5,98.1
47250,2018,5,105.1
47111,2018,5,71.6
52130,2018,5,139.6
52130,2018,5,139.6
27140,2018,5,99.7
27140,2018,5,99.7
52113,2018,5,122.1
52111,2018,5,122.1
31110,2018,5,95.4
31110,2018,5,95.4
31110,2018,5,95.4
48120,2018,5,145.0
29170,2018,5,85.4
26110,2018,5,155.8
48220,2018,5,227.2
46110,2018,5,89.3
46110,2018,5,89.3
46130,2018,5,134.5
46910,2018,5,91.6
46890,2018,5,120.0
52790,2018,5,64.2
52790,2018,5,64.2
52790,2018,5,64.2
46150,2018,5,104.0
46150,2018,5,104.0
46900,2018,5,135.7
44800,2018,5,112.7
50110,2018,5,98.8
50110,2018,5,256.7
50130,2018,5,151.8
50130,2018,5,151.8
50130,2018,5,151.8
50130,2018,5,356.1
50130,2018,5,356.1
48170,2018,5,94.3
48170,2018,5,94.3
28710,2018,5,150.7
41830,2018,5,207.0
41500,2018,5,189.2
51810,2018,5,180.0
51810,2018,5,180.0
51720,2018,5,268.6
51190,2018,5,138.1
43150,2018,5,172.5
43720,2018,5,103.9
44131,2018,5,82.7
44131,2018,5,82.7
44180,2018,5,104.5
44760,2018,5,116.1
44710,2018,5,110.4
52800,2018,5,112.5
52750,2018,5,97.7
52180,2018,5,85.9
52180,2018,5,85.9
52190,2018,5,90.4
52190,2018,5,90.4
52190,2018,5,90.4
52740,2018,5,116.3
46800,2018,5,81.7
46820,2018,5,75.3
46770,2018,5,106.6
46770,2018,5,106.6
46900,2018,5,105.0
47920,2018,5,140.2
47920,2018,5,140.2
47210,2018,5,162.6
47280,2018,5,128.1
47280,2018,5,128.1
47770,2018,5,71.4
47730,2018,5,104.5
47190,2018,5,109.1
47230,2018,5,83.4
48880,2018,5,89.5
48880,2018,5,89.5
48890,2018,5,88.8
48270,2018,5,93.5
48860,2018,5,78.1
48310,2018,5,323.8
48840,2018,5,188.4
51820,2018,6,46.5
51110,2018,6,88.6
51780,2018,6,122.3
41250,2018,6,193.6
41480,2018,6,137.0
51760,2018,6,83.5
51760,2018,6,83.5
51110,2018,6,104.1
28720,2018,6,101.9
28720,2018,6,101.9
51150,2018,6,44.7
51150,2018,6,38.6
51170,2018,6,36.6
11110,2018,6,171.5
11110,2018,6,171.5
28110,2018,6,144.0
28110,2018,6,144.0
51130,2018,6,131.8
47940,2018,6,65.0
41113,2018,6,107.0
41113,2018,6,107.0
51750,2018,6,84.0
43130,2018,6,63.7
44210,2018,6,162.3
47930,2018,6,27.0
47930,2018,6,27.0
43113,2018,6,63.3
30200,2018,6,115.8
43740,2018,6,89.6
47170,2018,6,48.5
47170,2018,6,48.5
47250,2018,6,76.9
47111,2018,6,89.1
52130,2018,6,101.1
52130,2018,6,101.1
27140,2018,6,121.1
27140,2018,6,121.1
52113,2018,6,137.2
52111,2018,6,137.2
31110,2018,6,127.6
31110,2018,6,127.6
31110,2018,6,127.6
48120,2018,6,194.8
29170,2018,6,222.4
26110,2018,6,276.7
48220,2018,6,306.5
46110,2018,6,162.0
46110,2018,6,162.0
46130,2018,6,291.8
46910,2018,6,177.9
46890,2018,6,192.2
52790,2018,6,168.4
52790,2018,6,168.4
52790,2018,6,168.4
46150,2018,6,177.1
46150,2018,6,177.1
46900,2018,6,164.6
44800,2018,6,88.2
50110,2018,6,211.1
50110,2018,6,186.7
50130,2018,6,377.2
50130,2018,6,377.2
50130,2018,6,377.2
50130,2018,6,304.3
50130,2018,6,304.3
48170,2018,6,207.7
48170,2018,6,207.7
28710,2018,6,100.1
41830,2018,6,121.1
41500,2018,6,104.7
51810,2018,6,71.3
51810,2018,6,71.3
51720,2018,6,101.4
51190,2018,6,58.1
43150,2018,6,138.5
43720,2018,6,75.3
44131,2018,6,88.9
44131,2018,6,88.9
44180,2018,6,71.0
44760,2018,6,107.1
44710,2018,6,104.3
52800,2018,6,105.0
52750,2018,6,181.4
52180,2018,6,150.3
52180,2018,6,150.3
52190,2018,6,225.5
52190,2018,6,225.5
52190,2018,6,225.5
52740,2018,6,182.2
46800,2018,6,220.2
46820,2018,6,238.9
46770,2018,6,268.9
46770,2018,6,268.9
46900,2018,6,202.6
47920,2018,6,69.9
47920,2018,6,69.9
47210,2018,6,78.8
47280,2018,6,62.9
47280,2018,6,62.9
47770,2018,6,29.3
47730,2018,6,70.4
47190,2018,6,150.4
47230,2018,6,104.5
48880,2018,6,129.6
48880,2018,6,129.6
48890,2018,6,123.7
48270,2018,6,142.6
48860,2018,6,173.6
48310,2018,6,390.7
48840,2018,6,332.0
51820,2018,7,185.4
51110,2018,7,189.7
51780,2018,7,174.2
41250,2018,7,216.9
41480,2018,7,127.4
51760,2018,7,228.0
51760,2018,7,228.0
51110,2018,7,213.6
28720,2018,7,181.7
28720,2018,7,181.7
51150,2018,7,204.0
51150,2018,7,195.5
51170,2018,7,286.0
11110,2018,7,185.6
11110,2018,7,185.6
28110,2018,7,148.8
28110,2018,7,148.8
51130,2018,7,122.5
47940,2018,7,184.9
41113,2018,7,222.7
41113,2018,7,222.7
51750,2018,7,238.1
43130,2018,7,149.1
44210,2018,7,152.9
47930,2018,7,229.0
47930,2018,7,229.0
43113,2018,7,324.9
30200,2018,7,226.9
43740,2018,7,123.8
47170,2018,7,154.0
47170,2018,7,154.0
47250,2018,7,131.3
47111,2018,7,164.1
52130,2018,7,316.3
52130,2018,7,316.3
27140,2018,7,169.6
27140,2018,7,169.6
52113,2018,7,169.1
52111,2018,7,169.1
31110,2018,7,160.3
31110,2018,7,160.3
31110,2018,7,160.3
48120,2018,7,146.0
29170,2018,7,84.5
26110,2018,7,122.1
48220,2018,7,139.2
46110,2018,7,67.6
46110,2018,7,67.6
46130,2018,7,149.7
46910,2018,7,217.9
46890,2018,7,47.8
52790,2018,7,183.7
52790,2018,7,183.7
52790,2018,7,183.7
46150,2018,7,100.9
46150,2018,7,100.9
46900,2018,7,60.3
44800,2018,7,222.3
50110,2018,7,48.7
50110,2018,7,20.8
50130,2018,7,41.8
50130,2018,7,41.8
50130,2018,7,41.8
50130,2018,7,23.2
50130,2018,7,23.2
48170,2018,7,240.8
48170,2018,7,240.8
28710,2018,7,150.7
41830,2018,7,255.0
41500,2018,7,228.6
51810,2018,7,278.5
51810,2018,7,278.5
51720,2018,7,204.5
51190,2018,7,251.8
43150,2018,7,161.5
43720,2018,7,224.9
44131,2018,7,185.8
44131,2018,7,185.8
44180,2018,7,262.7
44760,2018,7,278.8
44710,2018,7,163.5
52800,2018,7,258.2
52750,2018,7,157.1
52180,2018,7,145.8
52180,2018,7,145.8
52190,2018,7,100.0
52190,2018,7,100.0
52190,2018,7,100.0
52740,2018,7,104.5
46800,2018,7,87.3
46820,2018,7,18.8
46770,2018,7,107.7
46770,2018,7,107.7
46900,2018,7,52.6
47920,2018,7,228.7
47920,2018,7,228.7
47210,2018,7,234.2
47280,2018,7,174.2
47280,2018,7,174.2
47770,2018,7,211.6
47730,2018,7,197.6
47190,2018,7,262.8
47230,2018,7,156.6
48880,2018,7,95.0
48880,2018,7,95.0
48890,2018,7,206.9
48270,2018,7,145.9
48860,2018,7,100.4
48310,2018,7,234.1
48840,2018,7,201.0
51820,2018,8,625.0
51110,2018,8,354.6
51780,2018,8,527.0
41250,2018,8,407.4
41480,2018,8,129.5
51760,2018,8,542.6
51760,2018,8,542.6
51110,2018,8,389.5
28720,2018,8,194.9
28720,2018,8,194.9
51150,2018,8,432.2
51150,2018,8,419.1
51170,2018,8,219.8
11110,2018,8,202.6
11110,2018,8,202.6
28110,2018,8,214.9
28110,2018,8,214.9
51130,2018,8,258.2
47940,2018,8,79.7
41113,2018,8,218.6
41113,2018,8,218.6
51750,2018,8,316.8
43130,2018,8,353.3
44210,2018,8,156.8
47930,2018,8,211.3
47930,2018,8,211.3
43113,2018,8,247.9
30200,2018,8,408.6
43740,2018,8,335.4
47170,2018,8,249.9
47170,2018,8,249.9
47250,2018,8,342.8
47111,2018,8,175.4
52130,2018,8,495.9
52130,2018,8,495.9
27140,2018,8,334.2
27140,2018,8,334.2
52113,2018,8,368.9
52111,2018,8,368.9
31110,2018,8,279.3
31110,2018,8,279.3
31110,2018,8,279.3
48120,2018,8,243.7
29170,2018,8,397.1
26110,2018,8,169.7
48220,2018,8,177.4
46110,2018,8,246.2
46110,2018,8,246.2
46130,2018,8,89.8
46910,2018,8,244.3
46890,2018,8,147.2
52790,2018,8,269.6
52790,2018,8,269.6
52790,2018,8,269.6
46150,2018,8,359.4
46150,2018,8,359.4
46900,2018,8,175.2
44800,2018,8,211.3
50110,2018,8,376.5
50110,2018,8,127.2
50130,2018,8,125.0
50130,2018,8,125.0
50130,2018,8,125.0
50130,2018,8,159.6
50130,2018,8,159.6
48170,2018,8,212.7
48170,2018,8,212.7
28710,2018,8,293.7
41830,2018,8,263.5
41500,2018,8,327.3
51810,2018,8,266.5
51810,2018,8,266.5
51720,2018,8,300.6
51190,2018,8,270.0
43150,2018,8,350.3
43720,2018,8,386.0
44131,2018,8,282.7
44131,2018,8,282.7
44180,2018,8,239.6
44760,2018,8,277.0
44710,2018,8,410.4
52800,2018,8,299.5
52750,2018,8,415.6
52180,2018,8,291.9
52180,2018,8,291.9
52190,2018,8,437.0
52190,2018,8,437.0
52190,2018,8,437.0
52740,2018,8,565.5
46800,2018,8,302.8
46820,2018,8,204.2
46770,2018,8,109.2
46770,2018,8,109.2
46900,2018,8,355.7
47920,2018,8,319.4
47920,2018,8,319.4
47210,2018,8,411.5
47280,2018,8,275.1
47280,2018,8,275.1
47770,2018,8,196.2
47730,2018,8,180.0
47190,2018,8,258.2
47230,2018,8,243.2
48880,2018,8,273.6
48880,2018,8,273.6
48890,2018,8,319.0
48270,2018,8,372.3
48860,2018,8,489.7
48310,2018,8,363.1
48840,2018,8,173.6
51820,2018,9,66.1
51110,2018,9,63.0
51780,2018,9,55.4
41250,2018,9,56.5
41480,2018,9,50.3
51760,2018,9,195.4
51760,2018,9,195.4
51110,2018,9,69.9
28720,2018,9,44.2
28720,2018,9,44.2
51150,2018,9,171.7
51150,2018,9,161.2
51170,2018,9,205.6
11110,2018,9,68.5
11110,2018,9,68.5
28110,2018,9,46.1
28110,2018,9,46.1
51130,2018,9,147.6
47940,2018,9,83.0
41113,2018,9,61.7
41113,2018,9,61.7
51750,2018,9,165.0
43130,2018,9,184.9
44210,2018,9,82.7
47930,2018,9,143.7
47930,2018,9,143.7
43113,2018,9,204.0
30200,2018,9,149.4
43740,2018,9,92.3
47170,2018,9,93.7
47170,2018,9,93.7
47250,2018,9,133.8
47111,2018,9,160.0
52130,2018,9,77.5
52130,2018,9,77.5
27140,2018,9,109.0
27140,2018,9,109.0
52113,2018,9,101.8
52111,2018,9,101.8
31110,2018,9,156.9
31110,2018,9,156.9
31110,2018,9,156.9
48120,2018,9,216.4
29170,2018,9,129.7
26110,2018,9,308.4
48220,2018,9,529.4
46110,2018,9,151.4
46110,2018,9,151.4
46130,2018,9,281.4
46910,2018,9,232.1
46890,2018,9,190.1
52790,2018,9,118.1
52790,2018,9,118.1
52790,2018,9,118.1
46150,2018,9,218.5
46150,2018,9,218.5
46900,2018,9,168.0
44800,2018,9,88.6
50110,2018,9,187.7
50110,2018,9,136.6
50130,2018,9,521.8
50130,2018,9,521.8
50130,2018,9,521.8
50130,2018,9,473.8
50130,2018,9,473.8
48170,2018,9,201.6
48170,2018,9,201.6
28710,2018,9,57.3
41830,2018,9,83.7
41500,2018,9,96.0
51810,2018,9,66.6
51810,2018,9,66.6
51720,2018,9,77.0
51190,2018,9,180.8
43150,2018,9,185.5
43720,2018,9,134.7
44131,2018,9,124.6
44131,2018,9,124.6
44180,2018,9,158.2
44760,2018,9,98.3
44710,2018,9,135.2
52800,2018,9,67.0
52750,2018,9,142.9
52180,2018,9,103.5
52180,2018,9,103.5
52190,2018,9,91.3
52190,2018,9,91.3
52190,2018,9,91.3
52740,2018,9,133.6
46800,2018,9,144.3
46820,2018,9,128.4
46770,2018,9,235.0
46770,2018,9,235.0
46900,2018,9,185.1
47920,2018,9,111.7
47920,2018,9,111.7
47210,2018,9,166.5
47280,2018,9,164.9
47280,2018,9,164.9
47770,2018,9,140.5
47730,2018,9,101.7
47190,2018,9,129.5
47230,2018,9,107.1
48880,2018,9,140.2
48880,2018,9,140.2
48890,2018,9,137.9
48270,2018,9,97.7
48860,2018,9,162.3
48310,2018,9,221.0
48840,2018,9,346.5
51820,2018,10,257.6
51110,2018,10,102.6
51780,2018,10,74.8
41250,2018,10,107.9
41480,2018,10,102.0
51760,2018,10,158.4
51760,2018,10,158.4
51110,2018,10,127.5
28720,2018,10,36.4
28720,2018,10,36.4
51150,2018,10,232.5
51150,2018,10,248.0
51170,2018,10,273.2
11110,2018,10,120.5
11110,2018,10,120.5
28110,2018,10,116.2
28110,2018,10,116.2
51130,2018,10,89.5
47940,2018,10,260.9
41113,2018,10,132.7
41113,2018,10,132.7
51750,2018,10,119.1
43130,2018,10,96.0
44210,2018,10,153.2
47930,2018,10,336.1
47930,2018,10,336.1
43113,2018,10,112.2
30200,2018,10,133.9
43740,2018,10,196.4
47170,2018,10,108.8
47170,2018,10,108.8
47250,2018,10,180.3
47111,2018,10,261.6
52130,2018,10,138.1
52130,2018,10,138.1
27140,2018,10,165.1
27140,2018,10,165.1
52113,2018,10,123.2
52111,2018,10,123.2
31110,2018,10,162.0
31110,2018,10,162.0
31110,2018,10,162.0
48120,2018,10,146.2
29170,2018,10,125.2
26110,2018,10,123.7
48220,2018,10,170.3
46110,2018,10,138.4
46110,2018,10,138.4
46130,2018,10,146.6
46910,2018,10,112.1
46890,2018,10,169.5
52790,2018,10,150.6
52790,2018,10,150.6
52790,2018,10,150.6
46150,2018,10,178.1
46150,2018,10,178.1
46900,2018,10,224.8
44800,2018,10,203.9
50110,2018,10,347.0
50110,2018,10,121.2
50130,2018,10,184.2
50130,2018,10,184.2
50130,2018,10,184.2
50130,2018,10,210.2
50130,2018,10,210.2
48170,2018,10,224.1
48170,2018,10,224.1
28710,2018,10,73.5
41830,2018,10,105.6
41500,2018,10,116.4
51810,2018,10,107.7
51810,2018,10,107.7
51720,2018,10,110.0
51190,2018,10,239.1
43150,2018,10,105.4
43720,2018,10,108.3
44131,2018,10,99.8
44131,2018,10,99.8
44180,2018,10,154.7
44760,2018,10,159.2
44710,2018,10,112.6
52800,2018,10,161.5
52750,2018,10,117.4
52180,2018,10,152.3
52180,2018,10,152.3
52190,2018,10,90.2
52190,2018,10,90.2
52190,2018,10,90.2
52740,2018,10,143.5
46800,2018,10,193.5
46820,2018,10,214.1
46770,2018,10,174.7
46770,2018,10,174.7
46900,2018,10,222.7
47920,2018,10,88.5
47920,2018,10,88.5
47210,2018,10,129.8
47280,2018,10,141.6
47280,2018,10,141.6
47770,2018,10,358.1
47730,2018,10,113.0
47190,2018,10,158.5
47230,2018,10,144.7
48880,2018,10,160.3
48880,2018,10,160.3
48890,2018,10,239.0
48270,2018,10,155.3
48860,2018,10,241.2
48310,2018,10,243.8
48840,2018,10,315.8
51820,2018,11,207.4
51110,2018,11,56.9
51780,2018,11,60.2
41250,2018,11,61.5
41480,2018,11,50.5
51760,2018,11,50.4
51760,2018,11,50.4
51110,2018,11,63.5
28720,2018,11,56.6
28720,2018,11,56.6
51150,2018,11,43.2
51150,2018,11,51.3
51170,2018,11,44.5
11110,2018,11,79.1
11110,2018,11,79.1
28110,2018,11,66.6
28110,2018,11,66.6
51130,2018,11,45.0
47940,2018,11,42.9
41113,2018,11,78.1
41113,2018,11,78.1
51750,2018,11,58.3
43130,2018,11,50.0
44210,2018,11,73.9
47930,2018,11,82.9
47930,2018,11,82.9
43113,2018,11,45.9
30200,2018,11,49.8
43740,2018,11,24.4
47170,2018,11,29.8
47170,2018,11,29.8
47250,2018,11,29.8
47111,2018,11,17.7
52130,2018,11,52.0
52130,2018,11,52.0
27140,2018,11,17.2
27140,2018,11,17.2
52113,2018,11,35.0
52111,2018,11,35.0
31110,2018,11,51.8
31110,2018,11,51.8
31110,2018,11,51.8
48120,2018,11,23.7
29170,2018,11,47.2
26110,2018,11,107.3
48220,2018,11,41.8
46110,2018,11,51.1
46110,2018,11,51.1
46130,2018,11,32.2
46910,2018,11,52.3
46890,2018,11,49.3
52790,2018,11,43.4
52790,2018,11,43.4
52790,2018,11,43.4
46150,2018,11,41.2
46150,2018,11,41.2
46900,2018,11,45.2
44800,2018,11,66.1
50110,2018,11,28.6
50110,2018,11,42.1
50130,2018,11,45.9
50130,2018,11,45.9
50130,2018,11,45.9
50130,2018,11,55.6
50130,2018,11,55.6
48170,2018,11,27.5
48170,2018,11,27.5
28710,2018,11,58.1
41830,2018,11,66.2
41500,2018,11,74.7
51810,2018,11,45.6
51810,2018,11,45.6
51720,2018,11,55.5
51190,2018,11,60.8
43150,2018,11,60.3
43720,2018,11,52.2
44131,2018,11,48.3
44131,2018,11,48.3
44180,2018,11,46.7
44760,2018,11,66.0
44710,2018,11,45.5
52800,2018,11,39.7
52750,2018,11,42.5
52180,2018,11,39.7
52180,2018,11,39.7
52190,2018,11,38.1
52190,2018,11,38.1
52190,2018,11,38.1
52740,2018,11,43.1
46800,2018,11,35.2
46820,2018,11,44.6
46770,2018,11,38.4
46770,2018,11,38.4
46900,2018,11,39.0
47920,2018,11,45.6
47920,2018,11,45.6
47210,2018,11,68.0
47280,2018,11,56.0
47280,2018,11,56.0
47770,2018,11,42.2
47730,2018,11,22.7
47190,2018,11,15.2
47230,2018,11,15.0
48880,2018,11,24.8
48880,2018,11,24.8
48890,2018,11,24.0
48270,2018,11,24.5
48860,2018,11,33.1
48310,2018,11,63.0
48840,2018,11,42.5
51820,2018,12,10.4
51110,2018,12,17.3
51780,2018,12,8.3
41250,2018,12,11.0
41480,2018,12,11.2
51760,2018,12,21.0
51760,2018,12,21.0
51110,2018,12,16.8
28720,2018,12,27.7
28720,2018,12,27.7
51150,2018,12,16.4
51150,2018,12,22.9
51170,2018,12,22.2
11110,2018,12,16.4
11110,2018,12,16.4
28110,2018,12,16.6
28110,2018,12,16.6
51130,2018,12,25.3
47940,2018,12,232.6
41113,2018,12,24.1
41113,2018,12,24.1
51750,2018,12,36.9
43130,2018,12,39.0
44210,2018,12,26.8
47930,2018,12,20.3
47930,2018,12,20.3
43113,2018,12,28.5
30200,2018,12,33.7
43740,2018,12,28.0
47170,2018,12,19.6
47170,2018,12,19.6
47250,2018,12,31.8
47111,2018,12,31.1
52130,2018,12,37.4
52130,2018,12,37.4
27140,2018,12,23.8
27140,2018,12,23.8
52113,2018,12,28.6
52111,2018,12,28.6
31110,2018,12,28.1
31110,2018,12,28.1
31110,2018,12,28.1
48120,2018,12,26.9
29170,2018,12,32.4
26110,2018,12,59.0
48220,2018,12,59.5
46110,2018,12,38.3
46110,2018,12,38.3
46130,2018,12,45.5
46910,2018,12,48.3
46890,2018,12,41.7
52790,2018,12,47.2
52790,2018,12,47.2
52790,2018,12,47.2
46150,2018,12,29.1
46150,2018,12,29.1
46900,2018,12,34.6
44800,2018,12,31.3
50110,2018,12,96.0
50110,2018,12,55.0
50130,2018,12,57.3
50130,2018,12,57.3
50130,2018,12,57.3
50130,2018,12,45.6
50130,2018,12,45.6
48170,2018,12,29.0
48170,2018,12,29.0
28710,2018,12,7.5
41830,2018,12,20.2
41500,2018,12,29.8
51810,2018,12,19.0
51810,2018,12,19.0
51720,2018,12,16.1
51190,2018,12,23.2
43150,2018,12,30.0
43720,2018,12,38.0
44131,2018,12,25.8
44131,2018,12,25.8
44180,2018,12,31.1
44760,2018,12,31.5
44710,2018,12,27.6
52800,2018,12,26.4
52750,2018,12,27.4
52180,2018,12,34.4
52180,2018,12,34.4
52190,2018,12,36.6
52190,2018,12,36.6
52190,2018,12,36.6
52740,2018,12,28.3
46800,2018,12,35.5
46820,2018,12,36.0
46770,2018,12,31.7
46770,2018,12,31.7
46900,2018,12,38.6
47920,2018,12,24.0
47920,2018,12,24.0
47210,2018,12,26.0
47280,2018,12,32.0
47280,2018,12,32.0
47770,2018,12,19.0
47730,2018,12,22.4
47190,2018,12,22.9
47230,2018,12,24.5
48880,2018,12,19.4
48880,2018,12,19.4
48890,2018,12,24.0
48270,2018,12,25.2
48860,2018,12,20.0
48310,2018,12,57.2
48840,2018,12,50.6
51820,2019,1,8.7
51110,2019,1,0.2
51780,2019,1,0.0
41250,2019,1,0.4
41480,2019,1,0.2
51760,2019,1,0.5
51760,2019,1,0.5
51110,2019,1,1.3
28720,2019,1,0.1
28720,2019,1,0.1
51150,2019,1,17.6
51150,2019,1,16.6
51170,2019,1,14.3
11110,2019,1,0.0
11110,2019,1,0.0
28110,2019,1,0.7
28110,2019,1,0.7
51130,2019,1,0.7
47940,2019,1,57.2
41113,2019,1,0.5
41113,2019,1,0.5
51750,2019,1,0.7
43130,2019,1,4.1
44210,2019,1,1.1
47930,2019,1,15.6
47930,2019,1,15.6
43113,2019,1,0.1
30200,2019,1,1.7
43740,2019,1,7.7
47170,2019,1,3.6
47170,2019,1,3.6
47250,2019,1,2.5
47111,2019,1,17.7
52130,2019,1,6.7
52130,2019,1,6.7
27140,2019,1,9.5
27140,2019,1,9.5
52113,2019,1,13.2
52111,2019,1,13.2
31110,2019,1,15.5
31110,2019,1,15.5
31110,2019,1,15.5
48120,2019,1,8.3
29170,2019,1,16.4
26110,2019,1,12.7
48220,2019,1,18.3
46110,2019,1,13.3
46110,2019,1,13.3
46130,2019,1,12.9
46910,2019,1,10.6
46890,2019,1,13.8
52790,2019,1,15.4
52790,2019,1,15.4
52790,2019,1,15.4
46150,2019,1,12.1
46150,2019,1,12.1
46900,2019,1,18.7
44800,2019,1,0.3
50110,2019,1,24.2
50110,2019,1,17.4
50130,2019,1,16.2
50130,2019,1,16.2
50130,2019,1,16.2
50130,2019,1,21.7
50130,2019,1,21.7
48170,2019,1,13.5
48170,2019,1,13.5
28710,2019,1,0.0
41830,2019,1,0.4
41500,2019,1,1.3
51810,2019,1,0.0
51810,2019,1,0.0
51720,2019,1,0.0
51190,2019,1,4.1
51770,2019,1,0.8
51770,2019,1,0.8
51770,2019,1,0.8
43150,2019,1,1.0
43720,2019,1,0.9
44131,2019,1,0.6
44131,2019,1,0.6
44180,2019,1,1.9
44760,2019,1,0.5
44710,2019,1,6.4
52800,2019,1,8.8
52750,2019,1,11.1
52180,2019,1,16.9
52180,2019,1,16.9
52190,2019,1,20.2
52190,2019,1,20.2
52190,2019,1,20.2
52740,2019,1,16.3
52790,2019,1,13.5
46870,2019,1,13.3
48250,2019,1,12.5
52770,2019,1,10.0
48123,2019,1,14.8
48330,2019,1,12.6
46780,2019,1,7.4
46780,2019,1,7.4
46810,2019,1,10.1
46810,2019,1,10.1
46800,2019,1,13.1
46820,2019,1,14.5
46770,2019,1,12.8
46770,2019,1,12.8
48720,2019,1,12.6
48870,2019,1,16.0
46230,2019,1,11.9
46230,2019,1,11.9
46900,2019,1,16.6
47920,2019,1,5.5
47920,2019,1,5.5
47210,2019,1,0.1
47280,2019,1,0.1
47280,2019,1,0.1
47750,2019,1,10.0
47750,2019,1,10.0
47770,2019,1,9.5
47730,2019,1,5.0
47190,2019,1,6.0
47230,2019,1,11.9
47130,2019,1,13.0
48880,2019,1,13.1
48880,2019,1,13.1
48890,2019,1,15.0
48270,2019,1,12.8
48860,2019,1,16.4
48310,2019,1,17.7
48840,2019,1,19.1
51820,2019,2,0
51110,2019,2,0
51780,2019,2,0
41250,2019,2,0
41480,2019,2,0
51760,2019,2,0
51760,2019,2,0
51110,2019,2,0
28720,2019,2,0
28720,2019,2,0
51150,2019,2,0
51150,2019,2,0
51170,2019,2,0
11110,2019,2,0
11110,2019,2,0
28110,2019,2,0
28110,2019,2,0
51130,2019,2,0
47940,2019,2,0
41113,2019,2,0
41113,2019,2,0
51750,2019,2,0
43130,2019,2,0
44210,2019,2,0
47930,2019,2,0
47930,2019,2,0
43113,2019,2,0
30200,2019,2,0
43740,2019,2,0
47170,2019,2,0
47170,2019,2,0
47250,2019,2,0
47111,2019,2,0
52130,2019,2,0
52130,2019,2,0
27140,2019,2,0
27140,2019,2,0
52113,2019,2,0
52111,2019,2,0
31110,2019,2,0
31110,2019,2,0
31110,2019,2,0
48120,2019,2,0
29170,2019,2,0
26110,2019,2,0
48220,2019,2,0
46110,2019,2,0
46110,2019,2,0
46130,2019,2,0
46910,2019,2,0
46890,2019,2,0
52790,2019,2,0
52790,2019,2,0
52790,2019,2,0
46150,2019,2,0
46150,2019,2,0
46900,2019,2,0
44800,2019,2,0
50110,2019,2,0
50110,2019,2,0
50130,2019,2,0
50130,2019,2,0
50130,2019,2,0
50130,2019,2,0
50130,2019,2,0
48170,2019,2,0
48170,2019,2,0
28710,2019,2,0
41830,2019,2,0
41500,2019,2,0
51810,2019,2,0
51810,2019,2,0
51720,2019,2,0
51190,2019,2,0
51770,2019,2,0
51770,2019,2,0
51770,2019,2,0
43150,2019,2,0
43720,2019,2,0
44131,2019,2,0
44131,2019,2,0
44180,2019,2,0
44760,2019,2,0
44710,2019,2,0
52800,2019,2,0
52750,2019,2,0
52180,2019,2,0
52180,2019,2,0
52190,2019,2,0
52190,2019,2,0
52190,2019,2,0
52740,2019,2,0
52790,2019,2,0
46870,2019,2,0
48250,2019,2,0
52770,2019,2,0
48123,2019,2,0
48330,2019,2,0
46780,2019,2,0
46780,2019,2,0
46810,2019,2,0
46810,2019,2,0
46800,2019,2,0
46820,2019,2,0
46770,2019,2,0
46770,2019,2,0
48720,2019,2,0
48870,2019,2,0
46230,2019,2,0
46230,2019,2,0
46900,2019,2,0
47920,2019,2,0
47920,2019,2,0
47210,2019,2,0
47280,2019,2,0
47280,2019,2,0
47750,2019,2,0
47750,2019,2,0
47770,2019,2,0
47730,2019,2,0
47190,2019,2,0
47230,2019,2,0
47130,2019,2,0
48880,2019,2,0
48880,2019,2,0
48890,2019,2,0
48270,2019,2,0
48860,2019,2,0
48310,2019,2,0
48840,2019,2,0
51820,2019,3,44.4
51110,2019,3,30.9
51780,2019,3,23.3
41250,2019,3,32.5
41480,2019,3,25.5
51760,2019,3,48.5
51760,2019,3,48.5
51110,2019,3,38.7
28720,2019,3,23.5
28720,2019,3,23.5
51150,2019,3,39.3
51150,2019,3,49.6
51170,2019,3,51.5
11110,2019,3,26.8
11110,2019,3,26.8
28110,2019,3,28.4
28110,2019,3,28.4
51130,2019,3,42.8
47940,2019,3,91.3
41113,2019,3,39.6
41113,2019,3,39.6
51750,2019,3,42.5
43130,2019,3,27.9
44210,2019,3,43.7
47930,2019,3,47.9
47930,2019,3,47.9
43113,2019,3,20.3
30200,2019,3,33.7
43740,2019,3,33.5
47170,2019,3,33.2
47170,2019,3,33.2
47250,2019,3,26.8
47111,2019,3,27.6
52130,2019,3,33.6
52130,2019,3,33.6
27140,2019,3,20.7
27140,2019,3,20.7
52113,2019,3,33.1
52111,2019,3,33.1
31110,2019,3,40.7
31110,2019,3,40.7
31110,2019,3,40.7
48120,2019,3,54.7
29170,2019,3,33.9
26110,2019,3,75.4
48220,2019,3,65.6
46110,2019,3,38.5
46110,2019,3,38.5
46130,2019,3,63.3
46910,2019,3,31.6
46890,2019,3,72.4
52790,2019,3,17.4
52790,2019,3,17.4
52790,2019,3,17.4
46150,2019,3,42.9
46150,2019,3,42.9
46900,2019,3,49.0
44800,2019,3,36.6
50110,2019,3,55.5
50110,2019,3,46.0
50130,2019,3,133.5
50130,2019,3,133.5
50130,2019,3,133.5
50130,2019,3,64.8
50130,2019,3,64.8
48170,2019,3,42.0
48170,2019,3,42.0
28710,2019,3,20.7
41830,2019,3,37.0
41500,2019,3,40.2
51810,2019,3,35.2
51810,2019,3,35.2
51720,2019,3,38.5
51190,2019,3,41.0
51770,2019,3,57.0
51770,2019,3,57.0
51770,2019,3,57.0
43150,2019,3,49.5
43720,2019,3,29.0
44131,2019,3,26.9
44131,2019,3,26.9
44180,2019,3,18.2
44760,2019,3,35.0
44710,2019,3,33.0
52800,2019,3,30.4
52750,2019,3,34.6
52180,2019,3,24.5
52180,2019,3,24.5
52190,2019,3,27.8
52190,2019,3,27.8
52190,2019,3,27.8
52740,2019,3,49.5
52790,2019,3,21.2
46870,2019,3,25.9
48250,2019,3,73.4
52770,2019,3,38.3
48123,2019,3,57.6
48330,2019,3,84.0
46780,2019,3,75.2
46780,2019,3,75.2
46810,2019,3,56.8
46810,2019,3,56.8
46800,2019,3,62.4
46820,2019,3,49.0
46770,2019,3,71.7
46770,2019,3,71.7
48720,2019,3,37.6
48870,2019,3,41.9
46230,2019,3,50.2
46230,2019,3,50.2
46900,2019,3,43.0
47920,2019,3,33.7
47920,2019,3,33.7
47210,2019,3,48.7
47280,2019,3,28.9
47280,2019,3,28.9
47750,2019,3,41.0
47750,2019,3,41.0
47770,2019,3,18.6
47730,2019,3,22.6
47190,2019,3,21.4
47230,2019,3,20.2
47130,2019,3,30.0
48880,2019,3,36.0
48880,2019,3,36.0
48890,2019,3,36.6
48270,2019,3,40.5
48860,2019,3,42.9
48310,2019,3,77.9
48840,2019,3,79.2
51820,2019,4,80.9
51110,2019,4,49.7
51780,2019,4,28.0
41250,2019,4,34.8
41480,2019,4,38.6
51760,2019,4,59.9
51760,2019,4,59.9
51110,2019,4,49.4
28720,2019,4,23.7
28720,2019,4,23.7
51150,2019,4,77.5
51150,2019,4,85.5
51170,2019,4,102.6
11110,2019,4,47.3
11110,2019,4,47.3
28110,2019,4,41.1
28110,2019,4,41.1
51130,2019,4,45.7
47940,2019,4,76.4
41113,2019,4,43.6
41113,2019,4,43.6
51750,2019,4,56.7
43130,2019,4,58.5
44210,2019,4,43.9
47930,2019,4,106.2
47930,2019,4,106.2
43113,2019,4,60.8
30200,2019,4,91.6
43740,2019,4,91.7
47170,2019,4,86.2
47170,2019,4,86.2
47250,2019,4,112.2
47111,2019,4,95.4
52130,2019,4,78.8
52130,2019,4,78.8
27140,2019,4,88.0
27140,2019,4,88.0
52113,2019,4,98.5
52111,2019,4,98.5
31110,2019,4,88.9
31110,2019,4,88.9
31110,2019,4,88.9
48120,2019,4,91.3
29170,2019,4,84.7
26110,2019,4,85.0
48220,2019,4,105.6
46110,2019,4,86.3
46110,2019,4,86.3
46130,2019,4,93.6
46910,2019,4,103.6
46890,2019,4,91.7
52790,2019,4,79.1
52790,2019,4,79.1
52790,2019,4,79.1
46150,2019,4,109.9
46150,2019,4,109.9
46900,2019,4,57.1
44800,2019,4,46.6
50110,2019,4,46.4
50110,2019,4,27.9
50130,2019,4,132.5
50130,2019,4,132.5
50130,2019,4,132.5
50130,2019,4,89.2
50130,2019,4,89.2
48170,2019,4,114.6
48170,2019,4,114.6
28710,2019,4,28.3
41830,2019,4,56.0
41500,2019,4,48.8
51810,2019,4,43.9
51810,2019,4,43.9
51720,2019,4,58.1
51190,2019,4,61.0
51770,2019,4,59.0
51770,2019,4,59.0
51770,2019,4,59.0
43150,2019,4,58.1
43720,2019,4,100.8
44131,2019,4,43.9
44131,2019,4,43.9
44180,2019,4,71.9
44760,2019,4,73.7
44710,2019,4,93.0
52800,2019,4,104.5
52750,2019,4,84.7
52180,2019,4,95.6
52180,2019,4,95.6
52190,2019,4,80.5
52190,2019,4,80.5
52190,2019,4,80.5
52740,2019,4,89.0
52790,2019,4,81.0
46870,2019,4,91.8
48250,2019,4,81.4
52770,2019,4,87.4
48123,2019,4,103.6
48330,2019,4,73.7
46780,2019,4,85.8
46780,2019,4,85.8
46810,2019,4,96.3
46810,2019,4,96.3
46800,2019,4,78.5
46820,2019,4,61.1
46770,2019,4,75.1
46770,2019,4,75.1
48720,2019,4,92.0
48870,2019,4,110.7
46230,2019,4,80.1
46230,2019,4,80.1
46900,2019,4,65.8
47920,2019,4,58.0
47920,2019,4,58.0
47210,2019,4,64.3
47280,2019,4,100.5
47280,2019,4,100.5
47750,2019,4,74.0
47750,2019,4,74.0
47770,2019,4,103.5
47730,2019,4,83.1
47190,2019,4,109.6
47230,2019,4,79.5
47130,2019,4,85.7
48880,2019,4,103.0
48880,2019,4,103.0
48890,2019,4,106.0
48270,2019,4,76.4
48860,2019,4,116.9
48310,2019,4,129.2
48840,2019,4,130.4
51820,2019,5,5.7
51110,2019,5,31.4
51780,2019,5,26.4
41250,2019,5,34.5
41480,2019,5,37.1
51760,2019,5,5.6
51760,2019,5,5.6
51110,2019,5,27.1
28720,2019,5,28.9
28720,2019,5,28.9
51150,2019,5,2.6
51150,2019,5,4.5
51170,2019,5,3.3
11110,2019,5,37.8
11110,2019,5,37.8
28110,2019,5,33.2
28110,2019,5,33.2
51130,2019,5,10.4
47940,2019,5,19.0
41113,2019,5,26.7
41113,2019,5,26.7
51750,2019,5,20.9
43130,2019,5,15.4
44210,2019,5,20.1
47930,2019,5,17.5
47930,2019,5,17.5
43113,2019,5,20.3
30200,2019,5,35.6
43740,2019,5,46.3
47170,2019,5,49.5
47170,2019,5,49.5
47250,2019,5,46.3
47111,2019,5,14.7
52130,2019,5,44.3
52130,2019,5,44.3
27140,2019,5,25.7
27140,2019,5,25.7
52113,2019,5,45.6
52111,2019,5,45.6
31110,2019,5,35.0
31110,2019,5,35.0
31110,2019,5,35.0
48120,2019,5,131.1
29170,2019,5,78.8
26110,2019,5,76.1
48220,2019,5,95.2
46110,2019,5,122.9
46110,2019,5,122.9
46130,2019,5,132.4
46910,2019,5,80.4
46890,2019,5,192.1
52790,2019,5,57.9
52790,2019,5,57.9
52790,2019,5,57.9
46150,2019,5,117.7
46150,2019,5,117.7
46900,2019,5,135.5
44800,2019,5,21.7
50110,2019,5,42.8
50110,2019,5,122.6
50130,2019,5,247.3
50130,2019,5,247.3
50130,2019,5,247.3
50130,2019,5,376.7
50130,2019,5,376.7
48170,2019,5,132.3
48170,2019,5,132.3
28710,2019,5,43.0
41830,2019,5,25.5
41500,2019,5,18.0
51810,2019,5,12.5
51810,2019,5,12.5
51720,2019,5,15.0
51190,2019,5,24.2
51770,2019,5,18.5
51770,2019,5,18.5
51770,2019,5,18.5
43150,2019,5,26.1
43720,2019,5,42.8
44131,2019,5,15.1
44131,2019,5,15.1
44180,2019,5,31.3
44760,2019,5,44.3
44710,2019,5,44.2
52800,2019,5,60.7
52750,2019,5,63.7
52180,2019,5,55.5
52180,2019,5,55.5
52190,2019,5,51.7
52190,2019,5,51.7
52190,2019,5,51.7
52740,2019,5,73.3
52790,2019,5,63.9
46870,2019,5,70.1
48250,2019,5,119.5
52770,2019,5,84.7
48123,2019,5,100.0
48330,2019,5,97.5
46780,2019,5,165.1
46780,2019,5,165.1
46810,2019,5,137.0
46810,2019,5,137.0
46800,2019,5,145.9
46820,2019,5,99.0
46770,2019,5,140.6
46770,2019,5,140.6
48720,2019,5,82.0
48870,2019,5,78.0
46230,2019,5,152.4
46230,2019,5,152.4
46900,2019,5,178.5
47920,2019,5,46.1
47920,2019,5,46.1
47210,2019,5,58.0
47280,2019,5,58.3
47280,2019,5,58.3
47750,2019,5,36.0
47750,2019,5,36.0
47770,2019,5,24.9
47730,2019,5,39.7
47190,2019,5,53.3
47230,2019,5,23.0
47130,2019,5,20.9
48880,2019,5,69.0
48880,2019,5,69.0
48890,2019,5,65.0
48270,2019,5,48.6
48860,2019,5,120.3
48310,2019,5,158.1
48840,2019,5,207.8
51820,2019,6,97.8
51110,2019,6,88.7
51780,2019,6,57.1
41250,2019,6,63.2
41480,2019,6,62.2
51760,2019,6,168.5
51760,2019,6,168.5
51110,2019,6,76.4
28720,2019,6,48.5
28720,2019,6,48.5
51150,2019,6,122.4
51150,2019,6,132.2
51170,2019,6,125.4
11110,2019,6,74.0
11110,2019,6,74.0
28110,2019,6,49.7
28110,2019,6,49.7
51130,2019,6,67.9
47940,2019,6,242.0
41113,2019,6,68.8
41113,2019,6,68.8
51750,2019,6,126.9
43130,2019,6,59.6
44210,2019,6,56.3
47930,2019,6,142.1
47930,2019,6,142.1
43113,2019,6,82.5
30200,2019,6,77.9
43740,2019,6,116.5
47170,2019,6,88.7
47170,2019,6,88.7
47250,2019,6,109.5
47111,2019,6,190.1
52130,2019,6,74.8
52130,2019,6,74.8
27140,2019,6,160.8
27140,2019,6,160.8
52113,2019,6,89.1
52111,2019,6,89.1
31110,2019,6,247.5
31110,2019,6,247.5
31110,2019,6,247.5
48120,2019,6,324.0
29170,2019,6,158.0
26110,2019,6,324.3
48220,2019,6,411.3
46110,2019,6,172.3
46110,2019,6,172.3
46130,2019,6,289.2
46910,2019,6,199.1
46890,2019,6,295.9
52790,2019,6,72.2
52790,2019,6,72.2
52790,2019,6,72.2
46150,2019,6,232.6
46150,2019,6,232.6
44800,2019,6,46.7
50110,2019,6,145.8
50110,2019,6,172.9
50130,2019,6,170.2
50130,2019,6,170.2
50130,2019,6,170.2
50130,2019,6,189.1
50130,2019,6,189.1
48170,2019,6,243.7
48170,2019,6,243.7
28710,2019,6,43.4
41830,2019,6,61.6
41500,2019,6,78.5
51810,2019,6,97.0
51810,2019,6,97.0
51720,2019,6,65.6
51190,2019,6,132.6
51770,2019,6,88.2
51770,2019,6,88.2
51770,2019,6,88.2
43150,2019,6,90.0
43720,2019,6,73.9
44131,2019,6,84.9
44131,2019,6,84.9
44180,2019,6,56.0
44760,2019,6,59.9
44710,2019,6,101.0
52800,2019,6,89.0
52750,2019,6,98.5
52180,2019,6,71.8
52180,2019,6,71.8
52190,2019,6,217.5
52190,2019,6,217.5
52190,2019,6,217.5
52740,2019,6,169.7
52790,2019,6,74.6
46870,2019,6,79.7
48250,2019,6,257.6
52770,2019,6,164.6
48123,2019,6,322.5
48330,2019,6,253.1
46780,2019,6,271.2
46780,2019,6,271.2
46810,2019,6,275.1
46810,2019,6,275.1
46800,2019,6,262.2
46820,2019,6,45.1
46770,2019,6,266.7
46770,2019,6,266.7
48720,2019,6,188.7
48870,2019,6,137.0
46230,2019,6,255.8
46230,2019,6,255.8
46900,2019,6,240.5
47920,2019,6,156.9
47920,2019,6,156.9
47210,2019,6,87.7
47280,2019,6,82.5
47280,2019,6,82.5
47750,2019,6,187.0
47750,2019,6,187.0
47770,2019,6,242.2
47730,2019,6,100.6
47190,2019,6,113.2
47230,2019,6,242.1
47130,2019,6,175.0
48880,2019,6,147.5
48880,2019,6,147.5
48890,2019,6,208.6
48270,2019,6,217.6
48860,2019,6,161.5
48310,2019,6,428.0
48840,2019,6,442.1
51820,2019,7,234.4
51110,2019,7,252.2
51780,2019,7,305.3
41250,2019,7,329.8
41480,2019,7,259.6
51760,2019,7,183.8
51760,2019,7,183.8
51110,2019,7,238.6
28720,2019,7,128.7
28720,2019,7,128.7
51150,2019,7,251.0
51150,2019,7,220.8
51170,2019,7,191.4
11110,2019,7,194.4
11110,2019,7,194.4
28110,2019,7,220.8
28110,2019,7,220.8
51130,2019,7,137.1
47940,2019,7,105.8
41113,2019,7,190.9
41113,2019,7,190.9
51750,2019,7,128.7
43130,2019,7,161.4
44210,2019,7,174.5
47930,2019,7,135.9
47930,2019,7,135.9
43113,2019,7,204.8
30200,2019,7,199.0
43740,2019,7,185.4
47170,2019,7,106.7
47170,2019,7,106.7
47250,2019,7,221.2
47111,2019,7,94.9
52130,2019,7,198.1
52130,2019,7,198.1
27140,2019,7,139.4
27140,2019,7,139.4
52113,2019,7,176.2
52111,2019,7,176.2
31110,2019,7,206.5
31110,2019,7,206.5
31110,2019,7,206.5
48120,2019,7,265.7
29170,2019,7,242.2
26110,2019,7,358.9
48220,2019,7,329.3
46110,2019,7,167.0
46110,2019,7,167.0
46130,2019,7,303.5
46910,2019,7,148.1
46890,2019,7,317.6
52790,2019,7,142.9
52790,2019,7,142.9
52790,2019,7,142.9
46150,2019,7,342.4
46150,2019,7,342.4
44800,2019,7,228.6
50110,2019,7,510.1
50110,2019,7,191.3
50130,2019,7,516.5
50130,2019,7,516.5
50130,2019,7,516.5
50130,2019,7,452.1
50130,2019,7,452.1
48170,2019,7,234.0
48170,2019,7,234.0
28710,2019,7,307.9
41830,2019,7,215.1
41500,2019,7,259.9
51810,2019,7,138.4
51810,2019,7,138.4
51720,2019,7,198.6
51190,2019,7,215.1
51770,2019,7,128.5
51770,2019,7,128.5
51770,2019,7,128.5
43150,2019,7,158.6
43720,2019,7,226.1
44131,2019,7,234.7
44131,2019,7,234.7
44180,2019,7,149.0
44760,2019,7,216.7
44710,2019,7,141.1
52800,2019,7,225.5
52750,2019,7,259.1
52180,2019,7,258.8
52180,2019,7,258.8
52190,2019,7,345.6
52190,2019,7,345.6
52190,2019,7,345.6
52740,2019,7,299.0
52790,2019,7,173.6
46870,2019,7,147.7
48250,2019,7,371.4
52770,2019,7,334.5
48123,2019,7,298.6
48330,2019,7,396.8
46780,2019,7,251.0
46780,2019,7,251.0
46810,2019,7,247.4
46810,2019,7,247.4
46800,2019,7,268.5
46820,2019,7,181.9
46770,2019,7,356.9
46770,2019,7,356.9
48720,2019,7,179.0
48870,2019,7,334.3
46230,2019,7,276.0
46230,2019,7,276.0
46900,2019,7,244.5
47920,2019,7,197.1
47920,2019,7,197.1
47210,2019,7,208.9
47280,2019,7,234.8
47280,2019,7,234.8
47750,2019,7,100.2
47750,2019,7,100.2
47770,2019,7,130.7
47730,2019,7,103.3
47190,2019,7,174.1
47230,2019,7,105.7
47130,2019,7,159.2
48880,2019,7,226.7
48880,2019,7,226.7
48890,2019,7,252.4
48270,2019,7,201.4
48860,2019,7,427.2
48310,2019,7,512.2
48840,2019,7,438.9
51820,2019,8,293.5
51110,2019,8,186.6
51780,2019,8,156.9
41250,2019,8,135.2
41480,2019,8,161.9
51760,2019,8,205.8
51760,2019,8,205.8
51110,2019,8,192.3
28720,2019,8,52.4
28720,2019,8,52.4
51150,2019,8,260.4
51150,2019,8,264.5
51170,2019,8,149.9
11110,2019,8,190.5
11110,2019,8,190.5
28110,2019,8,143.7
28110,2019,8,143.7
51130,2019,8,142.4
47940,2019,8,41.0
41113,2019,8,117.9
41113,2019,8,117.9
51750,2019,8,118.4
43130,2019,8,102.6
44210,2019,8,121.1
47930,2019,8,140.5
47930,2019,8,140.5
43113,2019,8,80.5
30200,2019,8,104.3
43740,2019,8,218.1
47170,2019,8,126.1
47170,2019,8,126.1
47250,2019,8,106.7
47111,2019,8,231.7
52130,2019,8,104.5
52130,2019,8,104.5
27140,2019,8,141.9
27140,2019,8,141.9
52113,2019,8,117.7
52111,2019,8,117.7
31110,2019,8,195.7
31110,2019,8,195.7
31110,2019,8,195.7
48120,2019,8,87.9
29170,2019,8,64.8
26110,2019,8,156.3
48220,2019,8,79.2
46110,2019,8,144.9
46110,2019,8,144.9
46130,2019,8,66.5
46910,2019,8,67.0
46890,2019,8,109.7
52790,2019,8,238.8
52790,2019,8,238.8
52790,2019,8,238.8
46150,2019,8,99.0
46150,2019,8,99.0
44800,2019,8,150.7
50110,2019,8,242.3
50110,2019,8,321.5
50130,2019,8,377.4
50130,2019,8,377.4
50130,2019,8,377.4
50130,2019,8,317.3
50130,2019,8,317.3
48170,2019,8,65.4
48170,2019,8,65.4
28710,2019,8,122.4
41830,2019,8,225.6
41500,2019,8,94.5
51810,2019,8,147.1
51810,2019,8,147.1
51720,2019,8,215.1
51190,2019,8,197.5
51770,2019,8,90.2
51770,2019,8,90.2
51770,2019,8,90.2
43150,2019,8,99.1
43720,2019,8,132.7
44131,2019,8,90.7
44131,2019,8,90.7
44180,2019,8,131.3
44760,2019,8,102.1
44710,2019,8,105.8
52800,2019,8,127.4
52750,2019,8,141.6
52180,2019,8,200.1
52180,2019,8,200.1
52190,2019,8,130.2
52190,2019,8,130.2
52190,2019,8,130.2
52740,2019,8,88.4
52790,2019,8,236.1
46870,2019,8,261.2
48250,2019,8,101.5
52770,2019,8,114.1
48123,2019,8,120.0
48330,2019,8,152.3
46780,2019,8,77.5
46780,2019,8,77.5
46810,2019,8,94.0
46810,2019,8,94.0
46800,2019,8,91.8
46820,2019,8,205.2
46770,2019,8,89.7
46770,2019,8,89.7
48720,2019,8,57.7
48870,2019,8,87.9
46230,2019,8,96.1
46230,2019,8,96.1
46900,2019,8,145.8
47920,2019,8,117.0
47920,2019,8,117.0
47210,2019,8,93.3
47280,2019,8,142.2
47280,2019,8,142.2
47750,2019,8,121.0
47750,2019,8,121.0
47770,2019,8,152.6
47730,2019,8,131.5
47190,2019,8,146.9
47230,2019,8,174.4
47130,2019,8,184.9
48880,2019,8,92.3
48880,2019,8,92.3
48890,2019,8,101.8
48270,2019,8,89.9
48860,2019,8,104.6
48310,2019,8,130.9
48840,2019,8,77.1
51820,2019,9,209.9
51110,2019,9,147.9
51780,2019,9,199.1
41250,2019,9,247.5
41480,2019,9,283.2
51760,2019,9,251.5
51760,2019,9,251.5
51110,2019,9,142.6
28720,2019,9,144.4
28720,2019,9,144.4
51150,2019,9,219.6
51150,2019,9,233.3
51170,2019,9,255.6
11110,2019,9,139.8
11110,2019,9,139.8
28110,2019,9,229.0
28110,2019,9,229.0
51130,2019,9,171.1
47940,2019,9,256.2
41113,2019,9,201.9
41113,2019,9,201.9
51750,2019,9,127.5
43130,2019,9,165.9
44210,2019,9,181.1
47930,2019,9,184.5
47930,2019,9,184.5
43113,2019,9,155.1
30200,2019,9,167.0
43740,2019,9,191.8
47170,2019,9,156.4
47170,2019,9,156.4
47250,2019,9,159.5
47111,2019,9,273.6
52130,2019,9,185.2
52130,2019,9,185.2
27140,2019,9,185.5
27140,2019,9,185.5
52113,2019,9,194.8
52111,2019,9,194.8
31110,2019,9,287.5
31110,2019,9,287.5
31110,2019,9,287.5
48120,2019,9,252.0
29170,2019,9,165.8
26110,2019,9,279.0
48220,2019,9,237.1
46110,2019,9,259.3
46110,2019,9,259.3
46130,2019,9,280.1
46910,2019,9,201.7
46890,2019,9,278.0
52790,2019,9,247.5
52790,2019,9,247.5
52790,2019,9,247.5
46150,2019,9,304.5
46150,2019,9,304.5
44800,2019,9,141.6
50110,2019,9,610.6
50110,2019,9,400.1
50130,2019,9,613.3
50130,2019,9,613.3
50130,2019,9,613.3
50130,2019,9,394.9
50130,2019,9,394.9
48170,2019,9,352.2
48170,2019,9,352.2
28710,2019,9,359.4
41830,2019,9,224.5
41500,2019,9,241.1
51810,2019,9,175.7
51810,2019,9,175.7
51720,2019,9,136.7
51190,2019,9,256.9
51770,2019,9,190.6
51770,2019,9,190.6
51770,2019,9,190.6
43150,2019,9,164.5
43720,2019,9,186.2
44131,2019,9,102.8
44131,2019,9,102.8
44180,2019,9,118.7
44760,2019,9,191.9
44710,2019,9,236.4
52800,2019,9,243.0
52750,2019,9,151.8
52180,2019,9,300.9
52180,2019,9,300.9
52190,2019,9,170.0
52190,2019,9,170.0
52190,2019,9,170.0
52740,2019,9,239.1
52790,2019,9,234.7
46870,2019,9,242.6
48250,2019,9,200.8
52770,2019,9,174.2
48123,2019,9,333.5
48330,2019,9,191.8
46780,2019,9,266.2
46780,2019,9,266.2
46810,2019,9,285.6
46810,2019,9,285.6
46800,2019,9,252.2
46820,2019,9,258.9
46770,2019,9,292.2
46770,2019,9,292.2
48720,2019,9,266.5
48870,2019,9,348.9
46230,2019,9,355.7
46230,2019,9,355.7
46900,2019,9,294.1
47920,2019,9,180.2
47920,2019,9,180.2
47210,2019,9,168.8
47280,2019,9,192.9
47280,2019,9,192.9
47750,2019,9,168.0
47750,2019,9,168.0
47770,2019,9,175.0
47730,2019,9,155.1
47190,2019,9,219.4
47230,2019,9,157.0
47130,2019,9,253.0
48880,2019,9,301.3
48880,2019,9,301.3
48890,2019,9,297.2
48270,2019,9,241.7
48860,2019,9,377.7
48310,2019,9,439.3
48840,2019,9,405.0
51820,2019,10,185.5
51110,2019,10,48.4
51780,2019,10,30.8
41250,2019,10,38.2
41480,2019,10,30.4
51760,2019,10,176.9
51760,2019,10,176.9
51110,2019,10,50.3
28720,2019,10,9.6
28720,2019,10,9.6
51150,2019,10,432.1
51150,2019,10,536.0
51170,2019,10,512.5
11110,2019,10,55.5
11110,2019,10,55.5
28110,2019,10,31.9
28110,2019,10,31.9
51130,2019,10,40.3
47940,2019,10,192.5
41113,2019,10,73.1
41113,2019,10,73.1
51750,2019,10,98.9
43130,2019,10,59.0
44210,2019,10,81.0
47930,2019,10,661.3
47930,2019,10,661.3
43113,2019,10,84.3
30200,2019,10,106.1
43740,2019,10,179.4
47170,2019,10,133.0
47170,2019,10,133.0
47250,2019,10,178.4
47111,2019,10,381.9
52130,2019,10,98.4
52130,2019,10,98.4
27140,2019,10,155.2
27140,2019,10,155.2
52113,2019,10,73.0
52111,2019,10,73.0
31110,2019,10,222.2
31110,2019,10,222.2
31110,2019,10,222.2
48120,2019,10,254.8
29170,2019,10,149.9
26110,2019,10,139.9
48220,2019,10,223.9
46110,2019,10,159.0
46110,2019,10,159.0
46130,2019,10,198.7
46910,2019,10,157.7
46890,2019,10,199.5
52790,2019,10,119.8
52790,2019,10,119.8
52790,2019,10,119.8
46150,2019,10,208.5
46150,2019,10,208.5
44800,2019,10,77.0
50110,2019,10,188.6
50110,2019,10,127.2
50130,2019,10,233.9
50130,2019,10,233.9
50130,2019,10,233.9
50130,2019,10,150.6
50130,2019,10,150.6
48170,2019,10,177.4
48170,2019,10,177.4
28710,2019,10,25.6
41830,2019,10,62.0
41500,2019,10,79.6
51810,2019,10,46.2
51810,2019,10,46.2
51720,2019,10,57.0
51190,2019,10,152.8
51770,2019,10,71.0
51770,2019,10,71.0
51770,2019,10,71.0
43150,2019,10,66.9
43720,2019,10,100.6
44131,2019,10,81.9
44131,2019,10,81.9
44180,2019,10,63.9
44760,2019,10,85.6
44710,2019,10,99.3
52800,2019,10,86.6
52750,2019,10,121.6
52180,2019,10,100.8
52180,2019,10,100.8
52190,2019,10,181.9
52190,2019,10,181.9
52190,2019,10,181.9
52740,2019,10,127.4
52790,2019,10,118.5
46870,2019,10,145.5
48250,2019,10,159.5
52770,2019,10,178.1
48123,2019,10,190.3
48330,2019,10,175.9
46780,2019,10,217.9
46780,2019,10,217.9
46810,2019,10,183.1
46810,2019,10,183.1
46800,2019,10,236.5
46820,2019,10,223.7
46770,2019,10,281.4
46770,2019,10,281.4
48720,2019,10,263.5
48870,2019,10,233.7
46230,2019,10,192.6
46230,2019,10,192.6
46900,2019,10,232.0
47920,2019,10,121.7
47920,2019,10,121.7
47210,2019,10,147.6
47280,2019,10,125.9
47280,2019,10,125.9
47750,2019,10,175.1
47750,2019,10,175.1
47770,2019,10,455.5
47730,2019,10,125.6
47190,2019,10,227.5
47230,2019,10,142.4
47130,2019,10,241.5
48880,2019,10,167.1
48880,2019,10,167.1
48890,2019,10,264.1
48270,2019,10,164.3
48860,2019,10,319.1
48310,2019,10,236.5
48840,2019,10,251.7
51820,2019,11,157.3
51110,2019,11,57.8
51780,2019,11,53.0
41250,2019,11,58.1
41480,2019,11,72.2
51760,2019,11,78.4
51760,2019,11,78.4
51110,2019,11,63.1
28720,2019,11,83.2
28720,2019,11,83.2
51150,2019,11,127.0
51150,2019,11,104.7
51170,2019,11,102.1
11110,2019,11,78.8
11110,2019,11,78.8
28110,2019,11,89.4
28110,2019,11,89.4
51130,2019,11,74.0
47940,2019,11,121.2
41113,2019,11,93.2
41113,2019,11,93.2
51750,2019,11,56.7
43130,2019,11,84.6
44210,2019,11,124.6
47930,2019,11,94.5
47930,2019,11,94.5
43113,2019,11,104.9
30200,2019,11,94.0
43740,2019,11,35.4
47170,2019,11,34.5
47170,2019,11,34.5
47250,2019,11,34.2
47111,2019,11,47.2
52130,2019,11,114.7
52130,2019,11,114.7
27140,2019,11,15.3
27140,2019,11,15.3
52113,2019,11,57.0
52111,2019,11,57.0
31110,2019,11,31.0
31110,2019,11,31.0
31110,2019,11,31.0
48120,2019,11,36.4
29170,2019,11,22.8
26110,2019,11,13.8
48220,2019,11,26.1
46110,2019,11,14.6
46110,2019,11,14.6
46130,2019,11,14.7
46910,2019,11,13.5
46890,2019,11,22.7
52790,2019,11,44.6
52790,2019,11,44.6
52790,2019,11,44.6
46150,2019,11,23.0
46150,2019,11,23.0
44800,2019,11,119.7
50110,2019,11,27.5
50110,2019,11,16.1
50130,2019,11,36.2
50130,2019,11,36.2
50130,2019,11,36.2
50130,2019,11,31.3
50130,2019,11,31.3
48170,2019,11,21.5
48170,2019,11,21.5
28710,2019,11,80.5
41830,2019,11,82.6
41500,2019,11,82.5
51810,2019,11,47.1
51810,2019,11,47.1
51720,2019,11,56.9
51190,2019,11,67.0
51770,2019,11,57.5
51770,2019,11,57.5
51770,2019,11,57.5
43150,2019,11,81.0
43720,2019,11,86.2
44131,2019,11,120.6
44131,2019,11,120.6
44180,2019,11,130.6
44760,2019,11,113.5
44710,2019,11,47.9
52800,2019,11,55.6
52750,2019,11,42.2
52180,2019,11,56.0
52180,2019,11,56.0
52190,2019,11,26.5
52190,2019,11,26.5
52190,2019,11,26.5
52740,2019,11,28.0
52790,2019,11,42.9
46870,2019,11,54.1
48250,2019,11,28.5
52770,2019,11,27.3
48123,2019,11,40.5
48330,2019,11,31.7
46780,2019,11,26.5
46780,2019,11,26.5
46810,2019,11,22.0
46810,2019,11,22.0
46800,2019,11,30.1
46820,2019,11,12.8
46770,2019,11,23.7
46770,2019,11,23.7
48720,2019,11,20.2
48870,2019,11,13.1
46230,2019,11,30.1
46230,2019,11,30.1
46900,2019,11,13.9
47920,2019,11,46.6
47920,2019,11,46.6
47210,2019,11,72.4
47280,2019,11,64.1
47280,2019,11,64.1
47750,2019,11,28.2
47750,2019,11,28.2
47770,2019,11,105.2
47730,2019,11,21.6
47190,2019,11,20.4
47230,2019,11,26.0
47130,2019,11,19.5
48880,2019,11,22.3
48880,2019,11,22.3
48890,2019,11,16.0
48270,2019,11,22.1
48860,2019,11,19.3
48310,2019,11,24.2
48840,2019,11,26.1
51820,2019,12,9.8
51110,2019,12,10.5
51780,2019,12,20.0
41250,2019,12,27.2
41480,2019,12,28.2
51760,2019,12,2.4
51760,2019,12,2.4
51110,2019,12,14.4
28720,2019,12,31.3
28720,2019,12,31.3
51150,2019,12,6.5
51150,2019,12,5.1
51170,2019,12,8.8
11110,2019,12,22.6
11110,2019,12,22.6
28110,2019,12,25.0
28110,2019,12,25.0
51130,2019,12,14.1
47940,2019,12,68.2
41113,2019,12,26.2
41113,2019,12,26.2
51750,2019,12,18.2
43130,2019,12,27.5
44210,2019,12,37.4
47930,2019,12,15.3
47930,2019,12,15.3
43113,2019,12,20.1
30200,2019,12,27.0
43740,2019,12,27.2
47170,2019,12,19.8
47170,2019,12,19.8
47250,2019,12,27.4
47111,2019,12,27.6
52130,2019,12,33.3
52130,2019,12,33.3
27140,2019,12,27.5
27140,2019,12,27.5
52113,2019,12,31.6
52111,2019,12,31.6
31110,2019,12,40.8
31110,2019,12,40.8
31110,2019,12,40.8
48120,2019,12,34.8
29170,2019,12,31.6
26110,2019,12,50.3
48220,2019,12,39.8
46110,2019,12,40.7
46110,2019,12,40.7
46130,2019,12,28.6
46910,2019,12,38.6
46890,2019,12,41.5
52790,2019,12,32.4
52790,2019,12,32.4
52790,2019,12,32.4
46150,2019,12,35.1
46150,2019,12,35.1
44800,2019,12,29.6
50110,2019,12,48.2
50110,2019,12,83.8
50130,2019,12,103.7
50130,2019,12,103.7
50130,2019,12,103.7
50130,2019,12,84.9
50130,2019,12,84.9
48170,2019,12,41.5
48170,2019,12,41.5
28710,2019,12,30.1
41830,2019,12,20.0
41500,2019,12,19.0
51810,2019,12,8.2
51810,2019,12,8.2
51720,2019,12,9.9
51190,2019,12,2.5
51770,2019,12,7.6
51770,2019,12,7.6
51770,2019,12,7.6
43150,2019,12,19.7
43720,2019,12,27.2
44131,2019,12,18.0
44131,2019,12,18.0
44180,2019,12,31.3
44760,2019,12,31.2
44710,2019,12,33.0
52800,2019,12,30.9
52750,2019,12,29.9
52180,2019,12,32.3
52180,2019,12,32.3
52190,2019,12,36.1
52190,2019,12,36.1
52190,2019,12,36.1
52740,2019,12,38.5
52790,2019,12,32.5
46870,2019,12,40.5
48250,2019,12,41.7
52770,2019,12,31.4
48123,2019,12,41.1
48330,2019,12,27.6
46780,2019,12,28.4
46780,2019,12,28.4
46810,2019,12,39.0
46810,2019,12,39.0
46800,2019,12,34.8
46820,2019,12,37.3
46770,2019,12,25.1
46770,2019,12,25.1
48720,2019,12,32.5
48870,2019,12,27.4
46230,2019,12,22.8
46230,2019,12,22.8
46900,2019,12,31.1
47920,2019,12,13.5
47920,2019,12,13.5
47210,2019,12,17.5
47280,2019,12,20.3
47280,2019,12,20.3
47750,2019,12,21.8
47750,2019,12,21.8
47770,2019,12,21.1
47730,2019,12,20.2
47190,2019,12,18.1
47230,2019,12,30.5
47130,2019,12,31.6
48880,2019,12,24.6
48880,2019,12,24.6
48890,2019,12,26.9
48270,2019,12,31.7
48860,2019,12,32.9
48310,2019,12,49.4
48840,2019,12,35.0
51820,2020,1,148.1
51110,2020,1,55.9
51780,2020,1,79.7
41250,2020,1,71.4
41480,2020,1,82.3
51760,2020,1,86.3
51760,2020,1,86.3
51110,2020,1,80.0
28720,2020,1,40.9
28720,2020,1,40.9
51150,2020,1,102.7
51150,2020,1,107.5
51170,2020,1,97.9
11110,2020,1,60.5
11110,2020,1,60.5
28110,2020,1,48.6
28110,2020,1,48.6
51130,2020,1,58.7
47940,2020,1,112.9
41113,2020,1,61.0
41113,2020,1,61.0
51750,2020,1,63.1
43130,2020,1,60.2
44210,2020,1,46.0
47930,2020,1,103.0
47930,2020,1,103.0
43113,2020,1,62.0
30200,2020,1,78.5
43740,2020,1,71.0
47170,2020,1,50.5
47170,2020,1,50.5
47250,2020,1,60.9
47111,2020,1,152.3
52130,2020,1,70.6
52130,2020,1,70.6
27140,2020,1,70.4
27140,2020,1,70.4
52113,2020,1,76.8
52111,2020,1,76.8
31110,2020,1,178.7
31110,2020,1,178.7
31110,2020,1,178.7
48120,2020,1,112.6
29170,2020,1,74.9
26110,2020,1,127.7
48220,2020,1,124.6
46110,2020,1,72.0
46110,2020,1,72.0
46130,2020,1,81.3
46910,2020,1,52.2
46890,2020,1,95.4
52790,2020,1,58.0
52790,2020,1,58.0
52790,2020,1,58.0
46150,2020,1,100.1
46150,2020,1,100.1
44800,2020,1,73.0
50110,2020,1,116.7
50110,2020,1,76.1
50130,2020,1,94.4
50130,2020,1,94.4
50130,2020,1,94.4
50130,2020,1,110.1
50130,2020,1,110.1
48170,2020,1,105.7
48170,2020,1,105.7
28710,2020,1,63.4
41830,2020,1,64.1
41500,2020,1,72.6
51810,2020,1,83.3
51810,2020,1,83.3
51720,2020,1,61.1
51190,2020,1,79.4
51770,2020,1,91.0
51770,2020,1,91.0
51770,2020,1,91.0
43150,2020,1,68.1
43720,2020,1,71.8
44131,2020,1,59.7
44131,2020,1,59.7
44180,2020,1,49.4
44760,2020,1,79.6
44710,2020,1,80.8
52800,2020,1,79.1
52750,2020,1,73.9
52180,2020,1,73.3
52180,2020,1,73.3
52190,2020,1,59.8
52190,2020,1,59.8
52190,2020,1,59.8
52740,2020,1,108.6
52790,2020,1,59.0
46870,2020,1,62.9
48250,2020,1,117.2
52770,2020,1,80.9
48123,2020,1,98.9
48330,2020,1,103.7
46780,2020,1,85.2
46780,2020,1,85.2
46810,2020,1,95.0
46810,2020,1,95.0
46800,2020,1,100.8
46820,2020,1,75.8
46770,2020,1,79.0
46770,2020,1,79.0
48720,2020,1,100.0
48870,2020,1,95.6
46230,2020,1,78.2
46230,2020,1,78.2
46900,2020,1,69.0
47920,2020,1,60.7
47920,2020,1,60.7
47210,2020,1,67.6
47280,2020,1,61.5
47280,2020,1,61.5
47750,2020,1,95.2
47750,2020,1,95.2
47770,2020,1,118.4
47730,2020,1,58.9
47190,2020,1,61.0
47230,2020,1,101.3
47130,2020,1,161.6
48880,2020,1,85.5
48880,2020,1,85.5
48890,2020,1,78.1
48270,2020,1,78.2
48860,2020,1,89.1
48310,2020,1,147.6
48840,2020,1,154.1
51820,2020,2,55.8
51110,2020,2,35.3
51780,2020,2,46.8
41250,2020,2,54.8
41480,2020,2,54.3
51760,2020,2,45.5
51760,2020,2,45.5
51110,2020,2,54.2
28720,2020,2,28.4
28720,2020,2,28.4
51150,2020,2,70.7
51150,2020,2,77.5
51170,2020,2,73.7
11110,2020,2,53.1
11110,2020,2,53.1
28110,2020,2,49.7
28110,2020,2,49.7
51130,2020,2,65.5
47940,2020,2,215.7
41113,2020,2,59.2
41113,2020,2,59.2
51750,2020,2,47.1
43130,2020,2,61.9
44210,2020,2,72.3
47930,2020,2,64.8
47930,2020,2,64.8
43113,2020,2,62.7
30200,2020,2,91.2
43740,2020,2,68.2
47170,2020,2,58.6
47170,2020,2,58.6
47250,2020,2,79.6
47111,2020,2,59.9
52130,2020,2,60.5
52130,2020,2,60.5
27140,2020,2,40.2
27140,2020,2,40.2
52113,2020,2,65.9
52111,2020,2,65.9
31110,2020,2,53.6
31110,2020,2,53.6
31110,2020,2,53.6
48120,2020,2,64.2
29170,2020,2,47.8
26110,2020,2,94.9
48220,2020,2,75.0
46110,2020,2,28.9
46110,2020,2,28.9
46130,2020,2,61.3
46910,2020,2,34.0
46890,2020,2,49.0
52790,2020,2,41.6
52790,2020,2,41.6
52790,2020,2,41.6
46150,2020,2,35.9
46150,2020,2,35.9
44800,2020,2,85.2
50110,2020,2,29.8
50110,2020,2,41.6
50130,2020,2,98.7
50130,2020,2,98.7
50130,2020,2,98.7
50130,2020,2,95.5
50130,2020,2,95.5
48170,2020,2,46.1
48170,2020,2,46.1
28710,2020,2,43.1
41830,2020,2,50.1
41500,2020,2,59.5
51810,2020,2,43.6
51810,2020,2,43.6
51720,2020,2,45.0
51190,2020,2,36.1
51770,2020,2,62.1
51770,2020,2,62.1
51770,2020,2,62.1
43150,2020,2,57.4
43720,2020,2,80.8
44131,2020,2,63.1
44131,2020,2,63.1
44180,2020,2,75.3
44760,2020,2,92.4
44710,2020,2,83.9
52800,2020,2,59.0
52750,2020,2,59.6
52180,2020,2,58.1
52180,2020,2,58.1
52190,2020,2,62.2
52190,2020,2,62.2
52190,2020,2,62.2
52740,2020,2,65.3
52790,2020,2,48.0
46870,2020,2,45.7
48250,2020,2,65.7
52770,2020,2,62.9
48123,2020,2,63.5
48330,2020,2,70.0
46780,2020,2,44.9
46780,2020,2,44.9
46810,2020,2,40.9
46810,2020,2,40.9
46800,2020,2,41.3
46820,2020,2,27.8
46770,2020,2,44.5
46770,2020,2,44.5
48720,2020,2,38.1
48870,2020,2,45.3
46230,2020,2,41.4
46230,2020,2,41.4
46900,2020,2,27.5
47920,2020,2,51.8
47920,2020,2,51.8
47210,2020,2,62.1
47280,2020,2,71.8
47280,2020,2,71.8
47750,2020,2,54.1
47750,2020,2,54.1
47770,2020,2,51.6
47730,2020,2,54.8
47190,2020,2,56.5
47230,2020,2,55.4
47130,2020,2,43.1
48880,2020,2,47.8
48880,2020,2,47.8
48890,2020,2,37.4
48270,2020,2,61.6
48860,2020,2,37.4
48310,2020,2,77.8
48840,2020,2,88.5
51820,2020,3,38.0
51110,2020,3,13.7
51780,2020,3,16.9
41250,2020,3,19.7
41480,2020,3,12.1
51760,2020,3,39.1
51760,2020,3,39.1
51110,2020,3,13.8
28720,2020,3,6.9
28720,2020,3,6.9
51150,2020,3,48.8
51150,2020,3,47.1
51170,2020,3,48.3
11110,2020,3,16.3
11110,2020,3,16.3
28110,2020,3,10.7
28110,2020,3,10.7
51130,2020,3,21.2
47940,2020,3,65.5
41113,2020,3,19.5
41113,2020,3,19.5
51750,2020,3,21.3
43130,2020,3,20.7
44210,2020,3,23.0
47930,2020,3,35.8
47930,2020,3,35.8
43113,2020,3,22.9
30200,2020,3,24.4
43740,2020,3,21.0
47170,2020,3,11.0
47170,2020,3,11.0
47250,2020,3,13.3
47111,2020,3,29.4
52130,2020,3,16.8
52130,2020,3,16.8
27140,2020,3,24.5
27140,2020,3,24.5
52113,2020,3,25.4
52111,2020,3,25.4
31110,2020,3,41.6
31110,2020,3,41.6
31110,2020,3,41.6
48120,2020,3,37.9
29170,2020,3,43.5
26110,2020,3,58.8
48220,2020,3,61.8
46110,2020,3,28.8
46110,2020,3,28.8
46130,2020,3,52.3
46910,2020,3,15.8
46890,2020,3,55.9
52790,2020,3,42.9
52790,2020,3,42.9
52790,2020,3,42.9
46150,2020,3,50.7
46150,2020,3,50.7
44800,2020,3,26.6
50110,2020,3,81.6
50110,2020,3,61.2
50130,2020,3,110.7
50130,2020,3,110.7
50130,2020,3,110.7
50130,2020,3,132.2
50130,2020,3,132.2
48170,2020,3,41.1
48170,2020,3,41.1
28710,2020,3,6.7
41830,2020,3,15.7
41500,2020,3,20.4
51810,2020,3,17.6
51810,2020,3,17.6
51720,2020,3,17.0
51190,2020,3,24.8
51770,2020,3,24.1
51770,2020,3,24.1
51770,2020,3,24.1
43150,2020,3,14.4
43720,2020,3,23.6
44131,2020,3,21.7
44131,2020,3,21.7
44180,2020,3,22.8
44760,2020,3,19.3
44710,2020,3,20.5
52800,2020,3,22.1
52750,2020,3,45.3
52180,2020,3,39.1
52180,2020,3,39.1
52190,2020,3,38.1
52190,2020,3,38.1
52190,2020,3,38.1
52740,2020,3,43.2
52790,2020,3,45.0
46870,2020,3,47.0
48250,2020,3,41.7
52770,2020,3,38.2
48123,2020,3,35.3
48330,2020,3,47.0
46780,2020,3,57.4
46780,2020,3,57.4
46810,2020,3,37.9
46810,2020,3,37.9
46800,2020,3,39.6
46820,2020,3,27.0
46770,2020,3,45.1
46770,2020,3,45.1
48720,2020,3,33.0
48870,2020,3,31.0
46230,2020,3,41.2
46230,2020,3,41.2
46900,2020,3,26.7
47920,2020,3,17.1
47920,2020,3,17.1
47210,2020,3,16.1
47280,2020,3,15.4
47280,2020,3,15.4
47750,2020,3,14.5
47750,2020,3,14.5
47770,2020,3,14.3
47730,2020,3,17.1
47190,2020,3,19.9
47230,2020,3,21.1
47130,2020,3,24.5
48880,2020,3,28.3
48880,2020,3,28.3
48890,2020,3,29.7
48270,2020,3,36.1
48860,2020,3,29.2
48310,2020,3,72.1
48840,2020,3,70.0
51820,2020,4,38.4
51110,2020,4,17.0
51780,2020,4,20.9
41250,2020,4,19.5
41480,2020,4,17.5
51760,2020,4,64.2
51760,2020,4,64.2
51110,2020,4,14.4
28720,2020,4,20.5
28720,2020,4,20.5
51150,2020,4,68.5
51150,2020,4,65.6
51170,2020,4,50.9
11110,2020,4,16.9
11110,2020,4,16.9
28110,2020,4,13.8
28110,2020,4,13.8
51130,2020,4,15.7
47940,2020,4,44.5
41113,2020,4,15.8
41113,2020,4,15.8
51750,2020,4,18.1
43130,2020,4,25.9
44210,2020,4,20.7
47930,2020,4,54.3
47930,2020,4,54.3
43113,2020,4,15.7
30200,2020,4,17.8
43740,2020,4,39.7
47170,2020,4,22.1
47170,2020,4,22.1
47250,2020,4,36.3
47111,2020,4,45.5
52130,2020,4,20.3
52130,2020,4,20.3
27140,2020,4,32.4
27140,2020,4,32.4
52113,2020,4,23.0
52111,2020,4,23.0
31110,2020,4,73.2
31110,2020,4,73.2
31110,2020,4,73.2
48120,2020,4,59.1
29170,2020,4,55.3
26110,2020,4,83.5
48220,2020,4,72.2
46110,2020,4,60.9
46110,2020,4,60.9
46130,2020,4,80.5
46910,2020,4,52.2
46890,2020,4,87.1
52790,2020,4,33.9
52790,2020,4,33.9
52790,2020,4,33.9
46150,2020,4,73.4
46150,2020,4,73.4
44800,2020,4,13.8
50110,2020,4,82.3
50110,2020,4,32.5
50130,2020,4,87.0
50130,2020,4,87.0
50130,2020,4,87.0
50130,2020,4,81.8
50130,2020,4,81.8
48170,2020,4,67.9
48170,2020,4,67.9
28710,2020,4,10.5
41830,2020,4,17.4
41500,2020,4,28.3
51810,2020,4,33.9
51810,2020,4,33.9
51720,2020,4,14.2
51190,2020,4,46.4
51770,2020,4,34.5
51770,2020,4,34.5
51770,2020,4,34.5
43150,2020,4,28.9
43720,2020,4,35.9
44131,2020,4,15.1
44131,2020,4,15.1
44180,2020,4,16.5
44760,2020,4,17.7
44710,2020,4,35.6
36000,2020,4,17.6
36110,2020,4,17.6
52800,2020,4,22.2
52750,2020,4,40.5
52180,2020,4,34.5
52180,2020,4,34.5
52190,2020,4,55.6
52190,2020,4,55.6
52190,2020,4,55.6
52740,2020,4,45.7
52790,2020,4,31.8
46870,2020,4,41.1
48250,2020,4,57.4
52770,2020,4,55.2
48123,2020,4,55.4
48330,2020,4,59.5
46780,2020,4,80.2
46780,2020,4,80.2
46810,2020,4,63.6
46810,2020,4,63.6
46800,2020,4,63.3
46820,2020,4,56.7
46770,2020,4,80.2
46770,2020,4,80.2
48720,2020,4,51.3
48870,2020,4,60.1
46230,2020,4,54.0
46230,2020,4,54.0
46900,2020,4,61.5
47920,2020,4,30.1
47920,2020,4,30.1
47210,2020,4,26.2
47280,2020,4,28.7
47280,2020,4,28.7
47750,2020,4,39.5
47750,2020,4,39.5
47770,2020,4,40.0
47730,2020,4,35.2
47190,2020,4,36.4
47230,2020,4,36.5
47130,2020,4,53.4
48880,2020,4,48.3
48880,2020,4,48.3
48890,2020,4,44.6
48270,2020,4,44.4
48860,2020,4,63.6
48310,2020,4,92.1
48840,2020,4,93.8
51820,2020,5,245.1
51110,2020,5,122.2
51780,2020,5,161.7
41250,2020,5,134.3
41480,2020,5,131.8
51760,2020,5,104.6
51760,2020,5,104.6
51110,2020,5,118.3
28720,2020,5,223.2
28720,2020,5,223.2
51150,2020,5,111.5
51150,2020,5,95.5
51170,2020,5,90.3
11110,2020,5,112.4
11110,2020,5,112.4
28110,2020,5,101.2
28110,2020,5,101.2
51130,2020,5,80.0
47940,2020,5,124.6
41113,2020,5,97.9
41113,2020,5,97.9
51750,2020,5,88.0
43130,2020,5,109.7
44210,2020,5,101.3
47930,2020,5,58.9
47930,2020,5,58.9
43113,2020,5,65.3
30200,2020,5,80.4
43740,2020,5,65.3
47170,2020,5,71.9
47170,2020,5,71.9
47250,2020,5,106.5
47111,2020,5,41.7
52130,2020,5,98.7
52130,2020,5,98.7
27140,2020,5,38.1
27140,2020,5,38.1
52113,2020,5,79.0
52111,2020,5,79.0
31110,2020,5,51.5
31110,2020,5,51.5
31110,2020,5,51.5
48120,2020,5,78.8
29170,2020,5,96.8
26110,2020,5,96.2
48220,2020,5,119.5
46110,2020,5,141.4
46110,2020,5,141.4
46130,2020,5,139.4
46910,2020,5,203.6
46890,2020,5,258.6
52790,2020,5,100.3
52790,2020,5,100.3
52790,2020,5,100.3
46150,2020,5,112.3
46150,2020,5,112.3
44800,2020,5,91.3
50110,2020,5,20.6
50110,2020,5,90.3
50130,2020,5,246.4
50130,2020,5,246.4
50130,2020,5,246.4
50130,2020,5,244.0
50130,2020,5,244.0
48170,2020,5,110.1
48170,2020,5,110.1
28710,2020,5,124.2
41830,2020,5,102.8
41500,2020,5,115.3
51810,2020,5,140.8
51810,2020,5,140.8
51720,2020,5,105.0
51190,2020,5,102.4
51770,2020,5,107.5
51770,2020,5,107.5
51770,2020,5,107.5
43150,2020,5,130.1
43720,2020,5,89.1
44131,2020,5,86.4
44131,2020,5,86.4
44180,2020,5,92.4
44760,2020,5,108.5
44710,2020,5,80.5
36000,2020,5,91.6
36110,2020,5,91.6
52800,2020,5,111.9
52750,2020,5,77.7
52180,2020,5,86.1
52180,2020,5,86.1
52190,2020,5,73.4
52190,2020,5,73.4
52190,2020,5,73.4
52740,2020,5,81.4
52790,2020,5,90.4
46870,2020,5,125.7
48250,2020,5,73.4
52770,2020,5,93.6
48123,2020,5,51.5
48330,2020,5,67.3
46780,2020,5,194.9
46780,2020,5,194.9
46810,2020,5,161.5
46810,2020,5,161.5
46800,2020,5,152.7
46820,2020,5,188.1
46770,2020,5,151.1
46770,2020,5,151.1
48720,2020,5,63.5
48870,2020,5,62.7
46230,2020,5,176.9
46230,2020,5,176.9
46900,2020,5,212.9
47920,2020,5,114.8
47920,2020,5,114.8
47210,2020,5,147.2
47280,2020,5,129.3
47280,2020,5,129.3
47750,2020,5,50.5
47750,2020,5,50.5
47770,2020,5,56.1
47730,2020,5,54.9
47190,2020,5,67.4
47230,2020,5,46.4
47130,2020,5,39.9
48880,2020,5,75.7
48880,2020,5,75.7
48890,2020,5,84.3
48270,2020,5,50.3
48860,2020,5,71.7
48310,2020,5,115.9
48840,2020,5,184.1
51820,2020,6,271.9
51110,2020,6,79.1
51780,2020,6,92.2
41250,2020,6,128.6
41480,2020,6,131.4
51760,2020,6,157.5
51760,2020,6,157.5
51110,2020,6,75.8
28720,2020,6,119.4
28720,2020,6,119.4
51150,2020,6,244.4
51150,2020,6,270.4
51170,2020,6,120.4
11110,2020,6,139.6
11110,2020,6,139.6
28110,2020,6,100.2
28110,2020,6,100.2
51130,2020,6,49.6
47940,2020,6,100.9
41113,2020,6,91.1
41113,2020,6,91.1
51750,2020,6,53.1
43130,2020,6,112.1
44210,2020,6,144.0
47930,2020,6,126.9
47930,2020,6,126.9
43113,2020,6,145.9
30200,2020,6,192.5
43740,2020,6,182.8
47170,2020,6,123.4
47170,2020,6,123.4
47250,2020,6,192.2
47111,2020,6,112.9
52130,2020,6,196.6
52130,2020,6,196.6
27140,2020,6,185.3
27140,2020,6,185.3
52113,2020,6,187.5
52111,2020,6,187.5
31110,2020,6,218.6
31110,2020,6,218.6
31110,2020,6,218.6
48120,2020,6,278.9
29170,2020,6,199.9
26110,2020,6,321.1
48220,2020,6,371.3
46110,2020,6,261.5
46110,2020,6,261.5
46130,2020,6,367.0
46910,2020,6,305.2
46890,2020,6,343.3
52790,2020,6,136.4
52790,2020,6,136.4
52790,2020,6,136.4
46150,2020,6,246.7
46150,2020,6,246.7
44800,2020,6,191.7
50110,2020,6,221.5
50110,2020,6,290.5
50130,2020,6,326.6
50130,2020,6,326.6
50130,2020,6,326.6
50130,2020,6,406.1
50130,2020,6,406.1
48170,2020,6,234.2
48170,2020,6,234.2
28710,2020,6,152.4
41830,2020,6,102.1
41500,2020,6,98.1
51810,2020,6,58.5
51810,2020,6,58.5
51720,2020,6,90.1
51190,2020,6,85.5
51770,2020,6,56.4
51770,2020,6,56.4
51770,2020,6,56.4
43150,2020,6,78.6
43720,2020,6,171.2
44131,2020,6,121.9
44131,2020,6,121.9
44180,2020,6,139.7
44760,2020,6,188.4
44710,2020,6,234.0
36000,2020,6,214.2
36110,2020,6,214.2
52800,2020,6,157.6
52750,2020,6,173.9
52180,2020,6,109.6
52180,2020,6,109.6
52190,2020,6,218.5
52190,2020,6,218.5
52190,2020,6,218.5
52740,2020,6,210.2
52790,2020,6,157.1
46870,2020,6,180.3
48250,2020,6,239.1
52770,2020,6,180.3
48123,2020,6,217.7
48330,2020,6,217.6
46780,2020,6,417.8
46780,2020,6,417.8
46810,2020,6,332.1
46810,2020,6,332.1
46800,2020,6,311.5
46820,2020,6,293.7
46770,2020,6,304.9
46770,2020,6,304.9
48720,2020,6,180.2
48870,2020,6,171.5
46230,2020,6,353.0
46230,2020,6,353.0
46900,2020,6,324.3
47920,2020,6,115.3
47920,2020,6,115.3
47210,2020,6,142.3
47280,2020,6,175.9
47280,2020,6,175.9
47750,2020,6,117.1
47750,2020,6,117.1
47770,2020,6,165.6
47730,2020,6,144.3
47190,2020,6,198.1
47230,2020,6,142.0
47130,2020,6,186.0
48880,2020,6,181.4
48880,2020,6,181.4
48890,2020,6,186.8
48270,2020,6,204.7
48860,2020,6,194.8
48310,2020,6,383.1
48840,2020,6,364.6
51820,2020,7,374.7
51110,2020,7,183.6
51780,2020,7,184.5
41250,2020,7,248.0
41480,2020,7,231.2
51760,2020,7,382.3
51760,2020,7,382.3
51110,2020,7,174.3
28720,2020,7,214.3
28720,2020,7,214.3
51150,2020,7,435.7
51150,2020,7,375.9
51170,2020,7,346.1
11110,2020,7,270.4
11110,2020,7,270.4
28110,2020,7,243.5
28110,2020,7,243.5
51130,2020,7,204.7
47940,2020,7,308.2
41113,2020,7,384.7
41113,2020,7,384.7
51750,2020,7,248.4
43130,2020,7,352.2
44210,2020,7,329.4
47930,2020,7,482.7
47930,2020,7,482.7
43113,2020,7,386.6
30200,2020,7,544.9
43740,2020,7,499.3
47170,2020,7,412.1
47170,2020,7,412.1
47250,2020,7,466.7
47111,2020,7,346.1
52130,2020,7,446.2
52130,2020,7,446.2
27140,2020,7,330.5
27140,2020,7,330.5
52113,2020,7,644.7
52111,2020,7,644.7
31110,2020,7,498.3
31110,2020,7,498.3
31110,2020,7,498.3
48120,2020,7,524.1
29170,2020,7,533.3
26110,2020,7,796.8
48220,2020,7,607.8
46110,2020,7,366.3
46110,2020,7,366.3
46130,2020,7,552.0
46910,2020,7,205.0
46890,2020,7,282.1
52790,2020,7,454.2
52790,2020,7,454.2
52790,2020,7,454.2
46150,2020,7,453.1
46150,2020,7,453.1
44800,2020,7,353.6
50110,2020,7,184.7
50110,2020,7,247.8
50130,2020,7,378.1
50130,2020,7,378.1
50130,2020,7,378.1
50130,2020,7,322.0
50130,2020,7,322.0
48170,2020,7,587.5
48170,2020,7,587.5
28710,2020,7,285.9
41830,2020,7,183.9
41500,2020,7,414.0
51810,2020,7,123.8
51810,2020,7,123.8
51720,2020,7,213.9
51190,2020,7,329.3
51770,2020,7,225.7
51770,2020,7,225.7
51770,2020,7,225.7
43150,2020,7,317.5
43720,2020,7,500.8
44131,2020,7,356.4
44131,2020,7,356.4
44180,2020,7,345.9
44760,2020,7,492.6
44710,2020,7,628.0
36000,2020,7,436.4
36110,2020,7,436.4
52800,2020,7,509.8
52750,2020,7,514.6
52180,2020,7,465.8
52180,2020,7,465.8
52190,2020,7,568.9
52190,2020,7,568.9
52190,2020,7,568.9
52740,2020,7,584.6
52790,2020,7,455.5
46870,2020,7,531.4
48250,2020,7,534.9
52770,2020,7,560.5
48123,2020,7,468.6
48330,2020,7,495.7
46780,2020,7,405.7
46780,2020,7,405.7
46810,2020,7,398.5
46810,2020,7,398.5
46800,2020,7,354.1
46820,2020,7,319.6
46770,2020,7,334.2
46770,2020,7,334.2
48720,2020,7,559.5
48870,2020,7,605.8
46230,2020,7,483.1
46230,2020,7,483.1
46900,2020,7,320.2
47920,2020,7,272.5
47920,2020,7,272.5
47210,2020,7,445.9
47280,2020,7,595.7
47280,2020,7,595.7
47750,2020,7,389.6
47750,2020,7,389.6
47770,2020,7,507.5
47730,2020,7,373.8
47190,2020,7,434.0
47230,2020,7,338.5
47130,2020,7,381.5
48880,2020,7,591.6
48880,2020,7,591.6
48890,2020,7,573.2
48270,2020,7,403.6
48860,2020,7,658.1
48310,2020,7,673.4
48840,2020,7,687.0
51820,2020,8,411.3
51110,2020,8,821.2
51780,2020,8,903.0
41250,2020,8,757.8
41480,2020,8,682.6
51760,2020,8,296.7
51760,2020,8,296.7
51110,2020,8,773.7
28720,2020,8,302.9
28720,2020,8,302.9
51150,2020,8,171.1
51150,2020,8,150.4
51170,2020,8,171.9
11110,2020,8,675.7
11110,2020,8,675.7
28110,2020,8,486.4
28110,2020,8,486.4
51130,2020,8,634.0
47940,2020,8,68.4
41113,2020,8,659.3
41113,2020,8,659.3
51750,2020,8,606.5
43130,2020,8,505.6
44210,2020,8,400.0
47930,2020,8,148.9
47930,2020,8,148.9
43113,2020,8,385.8
30200,2020,8,361.6
43740,2020,8,333.5
47170,2020,8,300.4
47170,2020,8,300.4
47250,2020,8,428.6
47111,2020,8,180.0
52130,2020,8,520.6
52130,2020,8,520.6
27140,2020,8,322.7
27140,2020,8,322.7
52113,2020,8,471.5
52111,2020,8,471.5
31110,2020,8,137.1
31110,2020,8,137.1
31110,2020,8,137.1
48120,2020,8,193.1
29170,2020,8,738.1
26110,2020,8,399.2
48220,2020,8,273.4
46110,2020,8,206.4
46110,2020,8,206.4
46130,2020,8,180.1
46910,2020,8,179.7
46890,2020,8,100.4
52790,2020,8,362.3
52790,2020,8,362.3
52790,2020,8,362.3
46150,2020,8,544.1
46150,2020,8,544.1
44800,2020,8,456.4
50110,2020,8,140.4
50110,2020,8,181.2
50130,2020,8,204.7
50130,2020,8,204.7
50130,2020,8,204.7
50130,2020,8,159.2
50130,2020,8,159.2
48170,2020,8,356.7
48170,2020,8,356.7
28710,2020,8,479.4
41830,2020,8,624.1
41500,2020,8,616.7
51810,2020,8,668.8
51810,2020,8,668.8
51720,2020,8,744.8
51190,2020,8,293.5
51770,2020,8,466.6
51770,2020,8,466.6
51770,2020,8,466.6
43150,2020,8,685.8
43720,2020,8,587.8
44131,2020,8,481.7
44131,2020,8,481.7
44180,2020,8,321.5
44760,2020,8,367.8
44710,2020,8,373.4
36000,2020,8,501.1
36110,2020,8,501.1
52800,2020,8,421.6
52750,2020,8,631.4
52180,2020,8,530.4
52180,2020,8,530.4
52190,2020,8,657.0
52190,2020,8,657.0
52190,2020,8,657.0
52740,2020,8,623.4
52790,2020,8,464.9
46870,2020,8,382.4
48250,2020,8,200.1
52770,2020,8,822.0
48123,2020,8,233.8
48330,2020,8,270.4
46780,2020,8,204.2
46780,2020,8,204.2
46810,2020,8,253.1
46810,2020,8,253.1
46800,2020,8,355.1
46820,2020,8,153.7
46770,2020,8,181.8
46770,2020,8,181.8
48720,2020,8,346.6
48870,2020,8,618.0
46230,2020,8,336.5
46230,2020,8,336.5
46900,2020,8,100.3
47920,2020,8,434.9
47920,2020,8,434.9
47210,2020,8,437.1
47280,2020,8,454.4
47280,2020,8,454.4
47750,2020,8,249.2
47750,2020,8,249.2
47770,2020,8,123.3
47730,2020,8,222.3
47190,2020,8,401.0
47230,2020,8,246.9
47130,2020,8,137.8
48880,2020,8,467.0
48880,2020,8,467.0
48890,2020,8,466.2
48270,2020,8,197.2
48860,2020,8,712.0
48310,2020,8,427.8
48840,2020,8,196.0
51820,2020,9,482.8
51110,2020,9,153.1
51780,2020,9,166.0
41250,2020,9,130.4
41480,2020,9,195.7
51760,2020,9,551.0
51760,2020,9,551.0
51110,2020,9,157.2
28720,2020,9,232.9
28720,2020,9,232.9
51150,2020,9,541.7
51150,2020,9,613.8
51170,2020,9,304.0
11110,2020,9,181.5
11110,2020,9,181.5
28110,2020,9,167.7
28110,2020,9,167.7
51130,2020,9,148.9
47940,2020,9,110.8
41113,2020,9,163.4
41113,2020,9,163.4
51750,2020,9,139.6
43130,2020,9,146.4
44210,2020,9,257.7
47930,2020,9,236.3
47930,2020,9,236.3
43113,2020,9,160.6
30200,2020,9,173.6
43740,2020,9,226.8
47170,2020,9,124.3
47170,2020,9,124.3
47250,2020,9,147.3
47111,2020,9,246.7
52130,2020,9,171.0
52130,2020,9,171.0
27140,2020,9,161.0
27140,2020,9,161.0
52113,2020,9,135.2
52111,2020,9,135.2
31110,2020,9,243.0
31110,2020,9,243.0
31110,2020,9,243.0
48120,2020,9,241.7
29170,2020,9,178.3
26110,2020,9,230.5
48220,2020,9,338.2
46110,2020,9,208.6
46110,2020,9,208.6
46130,2020,9,181.2
46910,2020,9,71.9
46890,2020,9,266.3
52790,2020,9,227.9
52790,2020,9,227.9
52790,2020,9,227.9
46150,2020,9,239.3
46150,2020,9,239.3
44800,2020,9,251.2
50110,2020,9,400.5
50110,2020,9,132.8
50130,2020,9,469.3
50130,2020,9,469.3
50130,2020,9,469.3
50130,2020,9,424.9
50130,2020,9,424.9
48170,2020,9,200.0
48170,2020,9,200.0
28710,2020,9,215.6
41830,2020,9,139.4
41500,2020,9,191.9
51810,2020,9,193.5
51810,2020,9,193.5
51720,2020,9,136.3
51190,2020,9,494.4
51770,2020,9,182.7
51770,2020,9,182.7
51770,2020,9,182.7
43150,2020,9,134.1
43720,2020,9,162.2
44131,2020,9,167.2
44131,2020,9,167.2
44180,2020,9,177.1
44760,2020,9,208.9
44710,2020,9,167.2
36000,2020,9,171.3
36110,2020,9,171.3
52800,2020,9,224.3
52750,2020,9,158.0
52180,2020,9,211.4
52180,2020,9,211.4
52190,2020,9,216.6
52190,2020,9,216.6
52190,2020,9,216.6
52740,2020,9,268.2
52790,2020,9,237.4
46870,2020,9,266.7
48250,2020,9,278.8
52770,2020,9,168.2
48123,2020,9,473.8
48330,2020,9,452.0
46780,2020,9,181.0
46780,2020,9,181.0
46810,2020,9,221.0
46810,2020,9,221.0
46800,2020,9,219.2
46820,2020,9,295.7
46770,2020,9,256.0
46770,2020,9,256.0
48720,2020,9,317.8
48870,2020,9,177.5
46230,2020,9,199.8
46230,2020,9,199.8
46900,2020,9,309.1
47920,2020,9,153.5
47920,2020,9,153.5
47210,2020,9,108.3
47280,2020,9,118.4
47280,2020,9,118.4
47750,2020,9,221.5
47750,2020,9,221.5
47770,2020,9,205.7
47730,2020,9,116.5
47190,2020,9,152.5
47230,2020,9,201.6
47130,2020,9,314.5
48880,2020,9,160.7
48880,2020,9,160.7
48890,2020,9,193.7
48270,2020,9,236.0
48860,2020,9,228.5
48310,2020,9,400.9
48840,2020,9,313.2
51820,2020,10,0.0
51110,2020,10,0.3
51780,2020,10,4.1
41250,2020,10,2.9
41480,2020,10,3.5
51760,2020,10,1.8
51760,2020,10,1.8
51110,2020,10,0.1
28720,2020,10,22.5
28720,2020,10,22.5
51150,2020,10,0.2
51150,2020,10,0.6
51170,2020,10,5.1
11110,2020,10,0.0
11110,2020,10,0.0
28110,2020,10,1.9
28110,2020,10,1.9
51130,2020,10,11.3
47940,2020,10,82.5
41113,2020,10,22.2
41113,2020,10,22.2
51750,2020,10,10.5
43130,2020,10,10.7
44210,2020,10,12.6
47930,2020,10,1.9
47930,2020,10,1.9
43113,2020,10,5.8
30200,2020,10,3.2
43740,2020,10,5.0
47170,2020,10,1.5
47170,2020,10,1.5
47250,2020,10,2.7
47111,2020,10,4.0
52130,2020,10,4.1
52130,2020,10,4.1
27140,2020,10,13.1
27140,2020,10,13.1
52113,2020,10,4.2
52111,2020,10,4.2
31110,2020,10,18.9
31110,2020,10,18.9
31110,2020,10,18.9
48120,2020,10,20.5
29170,2020,10,12.1
26110,2020,10,26.4
48220,2020,10,28.0
46110,2020,10,20.5
46110,2020,10,20.5
46130,2020,10,27.6
46910,2020,10,11.3
46890,2020,10,20.1
52790,2020,10,10.2
52790,2020,10,10.2
52790,2020,10,10.2
46150,2020,10,17.9
46150,2020,10,17.9
44800,2020,10,19.5
50110,2020,10,53.7
50110,2020,10,34.7
50130,2020,10,34.4
50130,2020,10,34.4
50130,2020,10,34.4
50130,2020,10,39.2
50130,2020,10,39.2
48170,2020,10,28.6
48170,2020,10,28.6
28710,2020,10,3.4
41830,2020,10,4.2
41500,2020,10,7.1
51810,2020,10,0.7
51810,2020,10,0.7
51720,2020,10,1.7
51190,2020,10,1.5
51770,2020,10,8.0
51770,2020,10,8.0
51770,2020,10,8.0
43150,2020,10,12.4
43720,2020,10,3.0
44131,2020,10,18.9
44131,2020,10,18.9
44180,2020,10,16.2
44760,2020,10,4.4
44710,2020,10,4.1
36000,2020,10,6.4
36110,2020,10,6.4
52800,2020,10,6.8
52750,2020,10,7.6
52180,2020,10,5.9
52180,2020,10,5.9
52190,2020,10,11.9
52190,2020,10,11.9
52190,2020,10,11.9
52740,2020,10,8.5
52790,2020,10,8.1
46870,2020,10,16.5
48250,2020,10,26.6
52770,2020,10,9.4
48123,2020,10,19.4
48330,2020,10,27.5
46780,2020,10,24.7
46780,2020,10,24.7
46810,2020,10,24.7
46810,2020,10,24.7
46800,2020,10,21.9
46820,2020,10,27.4
46770,2020,10,24.9
46770,2020,10,24.9
48720,2020,10,23.5
48870,2020,10,12.8
46230,2020,10,33.9
46230,2020,10,33.9
46900,2020,10,24.9
47920,2020,10,1.4
47920,2020,10,1.4
47210,2020,10,1.2
47280,2020,10,1.7
47280,2020,10,1.7
47750,2020,10,4.5
47750,2020,10,4.5
47770,2020,10,1.5
47730,2020,10,4.6
47190,2020,10,6.0
47230,2020,10,11.1
47130,2020,10,7.9
48880,2020,10,11.9
48880,2020,10,11.9
48890,2020,10,16.3
48270,2020,10,13.6
48860,2020,10,15.9
48310,2020,10,31.9
48840,2020,10,28.9
51820,2020,11,19.2
51110,2020,11,75.2
51780,2020,11,72.3
41250,2020,11,73.9
41480,2020,11,64.2
51760,2020,11,22.6
51760,2020,11,22.6
51110,2020,11,84.2
28720,2020,11,37.4
28720,2020,11,37.4
51150,2020,11,5.8
51150,2020,11,7.7
51170,2020,11,11.5
11110,2020,11,120.1
11110,2020,11,120.1
28110,2020,11,81.6
28110,2020,11,81.6
51130,2020,11,23.6
47940,2020,11,118.8
41113,2020,11,56.8
41113,2020,11,56.8
51750,2020,11,38.4
43130,2020,11,30.0
44210,2020,11,72.0
47930,2020,11,21.3
47930,2020,11,21.3
43113,2020,11,41.0
30200,2020,11,41.8
43740,2020,11,38.3
47170,2020,11,35.0
47170,2020,11,35.0
47250,2020,11,27.9
47111,2020,11,20.4
52130,2020,11,47.6
52130,2020,11,47.6
27140,2020,11,23.9
27140,2020,11,23.9
52113,2020,11,58.5
52111,2020,11,58.5
31110,2020,11,37.7
31110,2020,11,37.7
31110,2020,11,37.7
48120,2020,11,55.6
29170,2020,11,28.3
26110,2020,11,36.3
48220,2020,11,54.4
46110,2020,11,14.0
46110,2020,11,14.0
46130,2020,11,15.4
46910,2020,11,23.3
46890,2020,11,3.4
52790,2020,11,58.3
52790,2020,11,58.3
52790,2020,11,58.3
46150,2020,11,22.4
46150,2020,11,22.4
44800,2020,11,41.7
50110,2020,11,28.2
50110,2020,11,19.4
50130,2020,11,14.9
50130,2020,11,14.9
50130,2020,11,14.9
50130,2020,11,11.7
50130,2020,11,11.7
48170,2020,11,25.6
48170,2020,11,25.6
28710,2020,11,45.1
41830,2020,11,58.0
41500,2020,11,39.6
51810,2020,11,59.8
51810,2020,11,59.8
51720,2020,11,50.6
51190,2020,11,33.0
51770,2020,11,38.0
51770,2020,11,38.0
51770,2020,11,38.0
43150,2020,11,13.4
43720,2020,11,37.0
44131,2020,11,45.9
44131,2020,11,45.9
44180,2020,11,35.4
44760,2020,11,41.8
44710,2020,11,41.9
36000,2020,11,50.1
36110,2020,11,50.1
52800,2020,11,49.4
52750,2020,11,71.0
52180,2020,11,69.8
52180,2020,11,69.8
52190,2020,11,33.1
52190,2020,11,33.1
52190,2020,11,33.1
52740,2020,11,73.4
52790,2020,11,63.4
46870,2020,11,71.9
48250,2020,11,61.3
52770,2020,11,48.0
48123,2020,11,71.2
48330,2020,11,74.8
46780,2020,11,11.5
46780,2020,11,11.5
46810,2020,11,12.1
46810,2020,11,12.1
46800,2020,11,20.1
46820,2020,11,6.9
46770,2020,11,9.1
46770,2020,11,9.1
48720,2020,11,24.8
48870,2020,11,26.2
46230,2020,11,11.0
46230,2020,11,11.0
46900,2020,11,17.3
47920,2020,11,40.4
47920,2020,11,40.4
47210,2020,11,40.1
47280,2020,11,38.4
47280,2020,11,38.4
47750,2020,11,48.1
47750,2020,11,48.1
47770,2020,11,24.6
47730,2020,11,45.1
47190,2020,11,34.2
47230,2020,11,32.8
47130,2020,11,19.6
48880,2020,11,24.9
48880,2020,11,24.9
48890,2020,11,17.8
48270,2020,11,68.0
48860,2020,11,31.4
48310,2020,11,48.5
48840,2020,11,62.8
51820,2020,12,0.5
51110,2020,12,4.8
51780,2020,12,1.2
41250,2020,12,0.6
41480,2020,12,5.7
51760,2020,12,4.2
51760,2020,12,4.2
51110,2020,12,4.9
28720,2020,12,9.1
28720,2020,12,9.1
51150,2020,12,0.6
51150,2020,12,0.9
51170,2020,12,2.3
11110,2020,12,4.6
11110,2020,12,4.6
28110,2020,12,6.6
28110,2020,12,6.6
51130,2020,12,3.8
47940,2020,12,109.2
41113,2020,12,4.6
41113,2020,12,4.6
51750,2020,12,10.0
43130,2020,12,11.1
44210,2020,12,9.7
47930,2020,12,1.4
47930,2020,12,1.4
43113,2020,12,4.3
30200,2020,12,4.1
43740,2020,12,3.1
47170,2020,12,1.0
47170,2020,12,1.0
47250,2020,12,1.7
47111,2020,12,0.0
52130,2020,12,11.8
52130,2020,12,11.8
27140,2020,12,2.8
27140,2020,12,2.8
52113,2020,12,9.1
52111,2020,12,9.1
31110,2020,12,5.7
31110,2020,12,5.7
31110,2020,12,5.7
48120,2020,12,6.3
29170,2020,12,18.7
26110,2020,12,10.2
48220,2020,12,11.5
46110,2020,12,18.4
46110,2020,12,18.4
46130,2020,12,13.8
46910,2020,12,33.0
46890,2020,12,19.1
52790,2020,12,28.7
52790,2020,12,28.7
52790,2020,12,28.7
46150,2020,12,10.2
46150,2020,12,10.2
44800,2020,12,5.7
50110,2020,12,29.5
50110,2020,12,20.8
50130,2020,12,51.0
50130,2020,12,51.0
50130,2020,12,51.0
50130,2020,12,62.9
50130,2020,12,62.9
48170,2020,12,9.2
48170,2020,12,9.2
28710,2020,12,7.2
41830,2020,12,4.6
41500,2020,12,5.3
51810,2020,12,4.8
51810,2020,12,4.8
51720,2020,12,6.1
51190,2020,12,3.8
51770,2020,12,8.8
51770,2020,12,8.8
51770,2020,12,8.8
43150,2020,12,11.1
43720,2020,12,5.6
44131,2020,12,5.5
44131,2020,12,5.5
44180,2020,12,9.7
44760,2020,12,3.4
44710,2020,12,8.3
36000,2020,12,3.5
36110,2020,12,3.5
52800,2020,12,31.0
52750,2020,12,16.3
52180,2020,12,34.9
52180,2020,12,34.9
52190,2020,12,12.1
52190,2020,12,12.1
52190,2020,12,12.1
52740,2020,12,13.5
52790,2020,12,11.1
46870,2020,12,16.3
48250,2020,12,6.3
52770,2020,12,14.5
48123,2020,12,9.5
48330,2020,12,7.0
46780,2020,12,8.7
46780,2020,12,8.7
46810,2020,12,14.0
46810,2020,12,14.0
46800,2020,12,12.6
46820,2020,12,13.9
46770,2020,12,9.4
46770,2020,12,9.4
48720,2020,12,9.2
48870,2020,12,4.1
46230,2020,12,12.0
46230,2020,12,12.0
46900,2020,12,21.8
47920,2020,12,4.8
47920,2020,12,4.8
47210,2020,12,5.8
47280,2020,12,3.2
47280,2020,12,3.2
47750,2020,12,2.0
47750,2020,12,2.0
47770,2020,12,0.2
47730,2020,12,1.4
47190,2020,12,2.5
47230,2020,12,0.9
47130,2020,12,1.8
48880,2020,12,3.6
48880,2020,12,3.6
48890,2020,12,5.4
48270,2020,12,5.1
48860,2020,12,5.1
48310,2020,12,10.7
48840,2020,12,15.0
51820,2021,1,0.0
51110,2021,1,14.3
51780,2021,1,7.6
41250,2021,1,15.4
41480,2021,1,12.9
51760,2021,1,7.8
51760,2021,1,7.8
51110,2021,1,17.7
28720,2021,1,64.5
28720,2021,1,64.5
51150,2021,1,13.0
51150,2021,1,11.4
51170,2021,1,2.7
11110,2021,1,18.9
11110,2021,1,18.9
28110,2021,1,20.8
28110,2021,1,20.8
51130,2021,1,8.4
47940,2021,1,105.9
41113,2021,1,24.1
41113,2021,1,24.1
51750,2021,1,13.1
43130,2021,1,13.6
44210,2021,1,25.3
47930,2021,1,7.2
47930,2021,1,7.2
43113,2021,1,12.7
30200,2021,1,23.6
43740,2021,1,18.2
47170,2021,1,6.0
47170,2021,1,6.0
47250,2021,1,16.5
47111,2021,1,26.9
52130,2021,1,28.8
52130,2021,1,28.8
27140,2021,1,11.9
27140,2021,1,11.9
52113,2021,1,28.7
52111,2021,1,28.7
31110,2021,1,20.6
31110,2021,1,20.6
31110,2021,1,20.6
48120,2021,1,14.3
29170,2021,1,33.0
26110,2021,1,25.8
48220,2021,1,19.3
46110,2021,1,39.7
46110,2021,1,39.7
46130,2021,1,17.3
46910,2021,1,54.2
46890,2021,1,39.7
52790,2021,1,46.2
52790,2021,1,46.2
52790,2021,1,46.2
46150,2021,1,27.8
46150,2021,1,27.8
44800,2021,1,28.6
50110,2021,1,116.6
50110,2021,1,72.0
50130,2021,1,93.7
50130,2021,1,93.7
50130,2021,1,93.7
50130,2021,1,54.6
50130,2021,1,54.6
48170,2021,1,15.8
48170,2021,1,15.8
28710,2021,1,14.1
41830,2021,1,24.3
41500,2021,1,15.6
51810,2021,1,11.0
51810,2021,1,11.0
51720,2021,1,16.0
51190,2021,1,5.6
51770,2021,1,14.5
51770,2021,1,14.5
51770,2021,1,14.5
43150,2021,1,18.2
43720,2021,1,19.8
44131,2021,1,17.8
44131,2021,1,17.8
44180,2021,1,32.0
44760,2021,1,32.1
44710,2021,1,23.5
36000,2021,1,22.0
36110,2021,1,22.0
52800,2021,1,32.6
52750,2021,1,40.6
52180,2021,1,42.6
52180,2021,1,42.6
52190,2021,1,34.1
52190,2021,1,34.1
52190,2021,1,34.1
52740,2021,1,36.0
52790,2021,1,12.3
46870,2021,1,34.4
48250,2021,1,15.2
52770,2021,1,43.0
48123,2021,1,16.3
48330,2021,1,18.3
46780,2021,1,24.5
46780,2021,1,24.5
46810,2021,1,38.4
46810,2021,1,38.4
46800,2021,1,32.2
46820,2021,1,36.3
46770,2021,1,19.8
46770,2021,1,19.8
48720,2021,1,14.7
48870,2021,1,24.7
46230,2021,1,17.7
46230,2021,1,17.7
46900,2021,1,43.9
47920,2021,1,12.3
47920,2021,1,12.3
47210,2021,1,11.4
47280,2021,1,13.4
47280,2021,1,13.4
47750,2021,1,8.6
47750,2021,1,8.6
47770,2021,1,8.1
47730,2021,1,8.6
47190,2021,1,9.8
47230,2021,1,11.9
47130,2021,1,19.3
48880,2021,1,12.5
48880,2021,1,12.5
48890,2021,1,16.9
48270,2021,1,16.6
48860,2021,1,18.9
48310,2021,1,22.8
48840,2021,1,21.2
51820,2021,2,5.0
51110,2021,2,5.6
51780,2021,2,4.8
41250,2021,2,8.5
41480,2021,2,10.0
51760,2021,2,2.2
51760,2021,2,2.2
51110,2021,2,6.6
28720,2021,2,4.6
28720,2021,2,4.6
51150,2021,2,5.6
51150,2021,2,5.1
51170,2021,2,0.9
11110,2021,2,7.1
11110,2021,2,7.1
28110,2021,2,6.6
28110,2021,2,6.6
51130,2021,2,4.2
47940,2021,2,74.6
41113,2021,2,9.7
41113,2021,2,9.7
51750,2021,2,9.4
43130,2021,2,12.3
44210,2021,2,9.6
47930,2021,2,3.1
47930,2021,2,3.1
43113,2021,2,7.5
30200,2021,2,14.1
43740,2021,2,14.8
47170,2021,2,13.8
47170,2021,2,13.8
47250,2021,2,9.7
47111,2021,2,15.5
52130,2021,2,13.8
52130,2021,2,13.8
27140,2021,2,19.2
27140,2021,2,19.2
52113,2021,2,13.7
52111,2021,2,13.7
31110,2021,2,28.8
31110,2021,2,28.8
31110,2021,2,28.8
48120,2021,2,36.9
29170,2021,2,31.1
26110,2021,2,49.5
48220,2021,2,70.3
46110,2021,2,25.9
46110,2021,2,25.9
46130,2021,2,36.7
46910,2021,2,16.1
46890,2021,2,46.5
52790,2021,2,33.0
52790,2021,2,33.0
52790,2021,2,33.0
46150,2021,2,37.0
46150,2021,2,37.0
44800,2021,2,12.5
50110,2021,2,52.8
50110,2021,2,41.9
50130,2021,2,72.7
50130,2021,2,72.7
50130,2021,2,72.7
50130,2021,2,51.2
50130,2021,2,51.2
48170,2021,2,24.9
48170,2021,2,24.9
28710,2021,2,11.8
41830,2021,2,6.8
41500,2021,2,10.6
51810,2021,2,4.6
51810,2021,2,4.6
51720,2021,2,4.3
51190,2021,2,2.0
51770,2021,2,9.2
51770,2021,2,9.2
51770,2021,2,9.2
43150,2021,2,12.2
43720,2021,2,14.1
44131,2021,2,9.2
44131,2021,2,9.2
44180,2021,2,18.7
44760,2021,2,18.1
44710,2021,2,19.3
36000,2021,2,14.4
36110,2021,2,14.4
52800,2021,2,23.3
52750,2021,2,29.5
52180,2021,2,36.9
52180,2021,2,36.9
52190,2021,2,33.6
52190,2021,2,33.6
52190,2021,2,33.6
52740,2021,2,38.1
52790,2021,2,12.6
46870,2021,2,29.4
48250,2021,2,36.5
52770,2021,2,45.8
48123,2021,2,34.4
48330,2021,2,44.8
46780,2021,2,30.1
46780,2021,2,30.1
46810,2021,2,33.7
46810,2021,2,33.7
46800,2021,2,34.5
46820,2021,2,33.1
46770,2021,2,35.5
46770,2021,2,35.5
48720,2021,2,25.1
48870,2021,2,27.9
46230,2021,2,27.1
46230,2021,2,27.1
46900,2021,2,44.1
47920,2021,2,11.6
47920,2021,2,11.6
47210,2021,2,8.2
47280,2021,2,10.7
47280,2021,2,10.7
47750,2021,2,13.0
47750,2021,2,13.0
47770,2021,2,8.4
47730,2021,2,14.6
47190,2021,2,14.7
47230,2021,2,15.5
47130,2021,2,20.2
48880,2021,2,26.3
48880,2021,2,26.3
48890,2021,2,19.9
48270,2021,2,23.1
48860,2021,2,26.5
48310,2021,2,81.4
48840,2021,2,50.4
51820,2021,3,104.2
51110,2021,3,100.1
51780,2021,3,103.7
41250,2021,3,107.8
41480,2021,3,112.4
51760,2021,3,86.2
51760,2021,3,86.2
51110,2021,3,104.1
28720,2021,3,68.0
28720,2021,3,68.0
51150,2021,3,115.7
51150,2021,3,122.0
51170,2021,3,99.8
11110,2021,3,110.9
11110,2021,3,110.9
28110,2021,3,93.4
28110,2021,3,93.4
51130,2021,3,73.2
47940,2021,3,59.3
41113,2021,3,102.8
41113,2021,3,102.8
51750,2021,3,93.8
43130,2021,3,80.5
44210,2021,3,112.8
47930,2021,3,106.6
47930,2021,3,106.6
43113,2021,3,76.6
30200,2021,3,95.2
43740,2021,3,83.8
47170,2021,3,110.6
47170,2021,3,110.6
47250,2021,3,98.4
47111,2021,3,88.6
52130,2021,3,91.9
52130,2021,3,91.9
27140,2021,3,95.2
27140,2021,3,95.2
52113,2021,3,95.7
52111,2021,3,95.7
31110,2021,3,138.9
31110,2021,3,138.9
31110,2021,3,138.9
48120,2021,3,177.1
29170,2021,3,122.4
26110,2021,3,127.5
48220,2021,3,157.8
46110,2021,3,127.4
46110,2021,3,127.4
46130,2021,3,106.0
46910,2021,3,94.1
46890,2021,3,179.7
52790,2021,3,86.0
52790,2021,3,86.0
52790,2021,3,86.0
46150,2021,3,161.1
46150,2021,3,161.1
44800,2021,3,100.5
50110,2021,3,81.1
50110,2021,3,111.8
50130,2021,3,214.1
50130,2021,3,214.1
50130,2021,3,214.1
50130,2021,3,156.3
50130,2021,3,156.3
48170,2021,3,159.2
48170,2021,3,159.2
28710,2021,3,102.4
41830,2021,3,105.9
41500,2021,3,102.3
51810,2021,3,87.8
51810,2021,3,87.8
51720,2021,3,111.1
51190,2021,3,99.3
51770,2021,3,115.8
51770,2021,3,115.8
51770,2021,3,115.8
43150,2021,3,100.1
43720,2021,3,93.0
44131,2021,3,75.3
44131,2021,3,75.3
44180,2021,3,76.1
44760,2021,3,95.7
44710,2021,3,88.0
36000,2021,3,99.8
36110,2021,3,99.8
52800,2021,3,100.4
52750,2021,3,105.5
52180,2021,3,94.2
52180,2021,3,94.2
52190,2021,3,87.3
52190,2021,3,87.3
52190,2021,3,87.3
52740,2021,3,109.3
52790,2021,3,71.8
46870,2021,3,97.0
48250,2021,3,163.5
52770,2021,3,115.6
48123,2021,3,192.2
48330,2021,3,161.7
46780,2021,3,175.4
46780,2021,3,175.4
46810,2021,3,153.3
46810,2021,3,153.3
46800,2021,3,160.0
46820,2021,3,127.2
46770,2021,3,128.8
46770,2021,3,128.8
48720,2021,3,132.2
48870,2021,3,68.3
46230,2021,3,136.7
46230,2021,3,136.7
46900,2021,3,142.3
47920,2021,3,97.6
47920,2021,3,97.6
47210,2021,3,144.2
47280,2021,3,107.1
47280,2021,3,107.1
47750,2021,3,96.5
47750,2021,3,96.5
47770,2021,3,73.9
47730,2021,3,100.4
47190,2021,3,89.7
47230,2021,3,99.7
47130,2021,3,89.9
48880,2021,3,82.5
48880,2021,3,82.5
48890,2021,3,113.1
48270,2021,3,134.3
48860,2021,3,122.4
48310,2021,3,181.7
48840,2021,3,234.4
51820,2021,4,97.2
51110,2021,4,110.2
51780,2021,4,99.3
41250,2021,4,99.3
41480,2021,4,106.4
51760,2021,4,98.4
51760,2021,4,98.4
51110,2021,4,121.7
28720,2021,4,67.1
28720,2021,4,67.1
51150,2021,4,115.0
51150,2021,4,108.1
51170,2021,4,80.3
11110,2021,4,124.1
11110,2021,4,124.1
28110,2021,4,116.9
28110,2021,4,116.9
51130,2021,4,88.9
47940,2021,4,143.9
41113,2021,4,106.4
41113,2021,4,106.4
51750,2021,4,95.8
43130,2021,4,63.4
44210,2021,4,110.6
47930,2021,4,76.2
47930,2021,4,76.2
43113,2021,4,46.4
30200,2021,4,47.4
43740,2021,4,43.8
47170,2021,4,107.3
47170,2021,4,107.3
47250,2021,4,70.5
47111,2021,4,69.8
52130,2021,4,43.9
52130,2021,4,43.9
27140,2021,4,43.0
27140,2021,4,43.0
52113,2021,4,34.9
52111,2021,4,34.9
31110,2021,4,73.9
31110,2021,4,73.9
31110,2021,4,73.9
48120,2021,4,86.5
29170,2021,4,34.2
26110,2021,4,107.1
48220,2021,4,103.1
46110,2021,4,51.9
46110,2021,4,51.9
46130,2021,4,95.3
46910,2021,4,63.4
46890,2021,4,86.8
52790,2021,4,29.3
52790,2021,4,29.3
52790,2021,4,29.3
46150,2021,4,62.6
46150,2021,4,62.6
44800,2021,4,72.9
50110,2021,4,58.8
50110,2021,4,101.2
50130,2021,4,94.7
50130,2021,4,94.7
50130,2021,4,94.7
50130,2021,4,182.0
50130,2021,4,182.0
48170,2021,4,82.2
48170,2021,4,82.2
28710,2021,4,107.7
41830,2021,4,96.2
41500,2021,4,94.3
51810,2021,4,101.6
51810,2021,4,101.6
51720,2021,4,100.1
51190,2021,4,112.0
51770,2021,4,109.2
51770,2021,4,109.2
51770,2021,4,109.2
43150,2021,4,104.0
43720,2021,4,52.5
44131,2021,4,54.7
44131,2021,4,54.7
44180,2021,4,43.4
44760,2021,4,42.3
44710,2021,4,39.3
36000,2021,4,56.0
36110,2021,4,56.0
52800,2021,4,46.4
52750,2021,4,43.3
52180,2021,4,26.7
52180,2021,4,26.7
52190,2021,4,42.8
52190,2021,4,42.8
52190,2021,4,42.8
52740,2021,4,50.8
52790,2021,4,29.0
46870,2021,4,38.8
48250,2021,4,84.0
52770,2021,4,42.5
48123,2021,4,76.5
48330,2021,4,91.2
46780,2021,4,94.9
46780,2021,4,94.9
46810,2021,4,50.5
46810,2021,4,50.5
46800,2021,4,53.8
46820,2021,4,43.5
46770,2021,4,71.8
46770,2021,4,71.8
48720,2021,4,64.0
48870,2021,4,37.2
46230,2021,4,78.6
46230,2021,4,78.6
46900,2021,4,75.5
47920,2021,4,92.3
47920,2021,4,92.3
47210,2021,4,118.8
47280,2021,4,90.8
47280,2021,4,90.8
47750,2021,4,74.2
47750,2021,4,74.2
47770,2021,4,68.6
47730,2021,4,72.4
47190,2021,4,46.9
47230,2021,4,66.5
47130,2021,4,45.2
48880,2021,4,49.2
48880,2021,4,49.2
48890,2021,4,53.9
48270,2021,4,66.7
48860,2021,4,50.5
48310,2021,4,138.2
48840,2021,4,119.7
51820,2021,5,154.9
51110,2021,5,159.3
51780,2021,5,199.1
41250,2021,5,228.8
41480,2021,5,243.0
51760,2021,5,154.0
51760,2021,5,154.0
51110,2021,5,172.3
28720,2021,5,67.3
28720,2021,5,67.3
51150,2021,5,157.6
51150,2021,5,157.5
51170,2021,5,116.9
11110,2021,5,183.1
11110,2021,5,183.1
28110,2021,5,191.5
28110,2021,5,191.5
51130,2021,5,142.7
47940,2021,5,92.2
41113,2021,5,179.2
41113,2021,5,179.2
51750,2021,5,154.3
43130,2021,5,178.4
44210,2021,5,132.3
47930,2021,5,137.2
47930,2021,5,137.2
43113,2021,5,136.4
30200,2021,5,134.2
43740,2021,5,165.7
47170,2021,5,143.8
47170,2021,5,143.8
47250,2021,5,166.5
47111,2021,5,109.8
52130,2021,5,137.0
52130,2021,5,137.0
27140,2021,5,90.9
27140,2021,5,90.9
52113,2021,5,182.2
52111,2021,5,182.2
31110,2021,5,120.4
31110,2021,5,120.4
31110,2021,5,120.4
48120,2021,5,147.9
29170,2021,5,139.4
26110,2021,5,139.2
48220,2021,5,163.1
46110,2021,5,112.3
46110,2021,5,112.3
46130,2021,5,134.9
46910,2021,5,97.3
46890,2021,5,139.9
52790,2021,5,93.5
52790,2021,5,93.5
52790,2021,5,93.5
46150,2021,5,92.1
46150,2021,5,92.1
44800,2021,5,141.7
50110,2021,5,100.7
50110,2021,5,132.2
50130,2021,5,154.1
50130,2021,5,154.1
50130,2021,5,154.1
50130,2021,5,159.2
50130,2021,5,159.2
48170,2021,5,116.9
48170,2021,5,116.9
28710,2021,5,240.9
41830,2021,5,148.7
41500,2021,5,164.8
51810,2021,5,172.0
51810,2021,5,172.0
51720,2021,5,175.0
51190,2021,5,154.5
51770,2021,5,161.9
51770,2021,5,161.9
51770,2021,5,161.9
43150,2021,5,157.8
43720,2021,5,154.5
44131,2021,5,135.9
44131,2021,5,135.9
44180,2021,5,110.0
44760,2021,5,136.9
44710,2021,5,162.7
36000,2021,5,141.9
36110,2021,5,141.9
52800,2021,5,81.7
52750,2021,5,89.5
52180,2021,5,96.4
52180,2021,5,96.4
52190,2021,5,60.3
52190,2021,5,60.3
52190,2021,5,60.3
52740,2021,5,117.9
52790,2021,5,101.3
46870,2021,5,91.1
48250,2021,5,149.7
52770,2021,5,137.4
48123,2021,5,147.0
48330,2021,5,121.4
46780,2021,5,144.9
46780,2021,5,144.9
46810,2021,5,130.8
46810,2021,5,130.8
46800,2021,5,122.8
46820,2021,5,128.9
46770,2021,5,112.9
46770,2021,5,112.9
48720,2021,5,102.7
48870,2021,5,108.3
46230,2021,5,80.1
46230,2021,5,80.1
46900,2021,5,144.7
47920,2021,5,191.6
47920,2021,5,191.6
47210,2021,5,153.3
47280,2021,5,178.4
47280,2021,5,178.4
47750,2021,5,125.4
47750,2021,5,125.4
47770,2021,5,130.7
47730,2021,5,121.2
47190,2021,5,121.3
47230,2021,5,93.7
47130,2021,5,93.6
48880,2021,5,102.5
48880,2021,5,102.5
48890,2021,5,117.0
48270,2021,5,107.9
48860,2021,5,123.4
48310,2021,5,197.3
48840,2021,5,170.6
51820,2021,6,43.8
51110,2021,6,128.1
51780,2021,6,67.6
41250,2021,6,103.3
41480,2021,6,50.4
51760,2021,6,78.6
51760,2021,6,78.6
51110,2021,6,99.7
28720,2021,6,178.5
28720,2021,6,178.5
51150,2021,6,30.4
51150,2021,6,32.5
51170,2021,6,40.6
11110,2021,6,104.6
11110,2021,6,104.6
28110,2021,6,45.4
28110,2021,6,45.4
51130,2021,6,133.0
47940,2021,6,82.3
41113,2021,6,50.1
41113,2021,6,50.1
51750,2021,6,141.0
43130,2021,6,130.4
44210,2021,6,70.9
47930,2021,6,49.5
47930,2021,6,49.5
43113,2021,6,75.4
30200,2021,6,105.9
43740,2021,6,50.8
47170,2021,6,58.2
47170,2021,6,58.2
47250,2021,6,57.0
47111,2021,6,36.6
52130,2021,6,98.8
52130,2021,6,98.8
27140,2021,6,55.1
27140,2021,6,55.1
52113,2021,6,145.3
52111,2021,6,145.3
31110,2021,6,93.8
31110,2021,6,93.8
31110,2021,6,93.8
48120,2021,6,140.6
29170,2021,6,118.1
26110,2021,6,232.3
48220,2021,6,182.3
46110,2021,6,108.3
46110,2021,6,108.3
46130,2021,6,130.2
46910,2021,6,68.1
46890,2021,6,143.0
52790,2021,6,143.2
52790,2021,6,143.2
52790,2021,6,143.2
46150,2021,6,76.0
46150,2021,6,76.0
44800,2021,6,67.5
50110,2021,6,122.4
50110,2021,6,174.5
50130,2021,6,190.6
50130,2021,6,190.6
50130,2021,6,190.6
50130,2021,6,200.8
50130,2021,6,200.8
48170,2021,6,101.7
48170,2021,6,101.7
28710,2021,6,61.3
41830,2021,6,68.8
41500,2021,6,51.7
51810,2021,6,62.1
51810,2021,6,62.1
51720,2021,6,67.2
51190,2021,6,88.1
51770,2021,6,89.0
51770,2021,6,89.0
51770,2021,6,89.0
43150,2021,6,81.6
43720,2021,6,76.8
44131,2021,6,44.8
44131,2021,6,44.8
44180,2021,6,55.0
44760,2021,6,76.9
44710,2021,6,105.6
36000,2021,6,67.8
36110,2021,6,67.8
52800,2021,6,97.1
52750,2021,6,113.3
52180,2021,6,124.2
52180,2021,6,124.2
52190,2021,6,112.9
52190,2021,6,112.9
52190,2021,6,112.9
52740,2021,6,150.0
52790,2021,6,131.4
46870,2021,6,153.4
48250,2021,6,120.5
52770,2021,6,114.6
48123,2021,6,120.3
48330,2021,6,109.1
46780,2021,6,119.4
46780,2021,6,119.4
46810,2021,6,134.3
46810,2021,6,134.3
46800,2021,6,110.1
46820,2021,6,127.4
46770,2021,6,80.9
46770,2021,6,80.9
48720,2021,6,73.0
48870,2021,6,112.7
46230,2021,6,98.8
46230,2021,6,98.8
46900,2021,6,147.8
47920,2021,6,70.7
47920,2021,6,70.7
47210,2021,6,74.2
47280,2021,6,86.5
47280,2021,6,86.5
47750,2021,6,70.1
47750,2021,6,70.1
47770,2021,6,58.6
47730,2021,6,62.6
47190,2021,6,44.2
47230,2021,6,28.7
47130,2021,6,30.1
48880,2021,6,82.1
48880,2021,6,82.1
48890,2021,6,71.2
48270,2021,6,68.9
48860,2021,6,86.8
48310,2021,6,266.1
48840,2021,6,140.3
51820,2021,7,104.1
51110,2021,7,202.0
51780,2021,7,117.2
41250,2021,7,100.2
41480,2021,7,93.6
51760,2021,7,124.8
51760,2021,7,124.8
51110,2021,7,169.5
28720,2021,7,39.7
28720,2021,7,39.7
51150,2021,7,146.0
51150,2021,7,142.2
51170,2021,7,110.8
11110,2021,7,168.3
11110,2021,7,168.3
28110,2021,7,84.2
28110,2021,7,84.2
51130,2021,7,199.8
47940,2021,7,89.0
41113,2021,7,134.4
41113,2021,7,134.4
51750,2021,7,180.2
43130,2021,7,310.7
44210,2021,7,121.6
47930,2021,7,120.2
47930,2021,7,120.2
43113,2021,7,138.1
30200,2021,7,151.8
43740,2021,7,217.1
47170,2021,7,127.5
47170,2021,7,127.5
47250,2021,7,216.1
47111,2021,7,203.7
52130,2021,7,251.3
52130,2021,7,251.3
27140,2021,7,153.3
27140,2021,7,153.3
52113,2021,7,255.1
52111,2021,7,255.1
31110,2021,7,189.3
31110,2021,7,189.3
31110,2021,7,189.3
48120,2021,7,521.2
29170,2021,7,227.6
26110,2021,7,399.9
48220,2021,7,404.5
46110,2021,7,327.5
46110,2021,7,327.5
46130,2021,7,445.3
46910,2021,7,176.0
46890,2021,7,425.1
52790,2021,7,185.5
52790,2021,7,185.5
52790,2021,7,185.5
46150,2021,7,337.7
46150,2021,7,337.7
44800,2021,7,114.5
50110,2021,7,247.1
50110,2021,7,122.7
50130,2021,7,218.4
50130,2021,7,218.4
50130,2021,7,218.4
50130,2021,7,218.4
50130,2021,7,218.4
48170,2021,7,359.3
48170,2021,7,359.3
28710,2021,7,83.9
41830,2021,7,127.3
41500,2021,7,134.7
51810,2021,7,118.9
51810,2021,7,118.9
51720,2021,7,105.6
51190,2021,7,147.0
51770,2021,7,157.1
51770,2021,7,157.1
51770,2021,7,157.1
43150,2021,7,223.1
43720,2021,7,163.9
44131,2021,7,117.6
44131,2021,7,117.6
44180,2021,7,131.3
44760,2021,7,187.7
44710,2021,7,300.8
36000,2021,7,180.7
36110,2021,7,180.7
52800,2021,7,224.6
52750,2021,7,223.2
52180,2021,7,260.3
52180,2021,7,260.3
52190,2021,7,204.4
52190,2021,7,204.4
52190,2021,7,204.4
52740,2021,7,203.6
52790,2021,7,209.9
46870,2021,7,195.4
48250,2021,7,427.3
52770,2021,7,231.0
48123,2021,7,443.5
48330,2021,7,450.1
46780,2021,7,525.1
46780,2021,7,525.1
46810,2021,7,498.1
46810,2021,7,498.1
46800,2021,7,452.5
46820,2021,7,500.7
46770,2021,7,450.8
46770,2021,7,450.8
48720,2021,7,389.9
48870,2021,7,196.1
46230,2021,7,379.1
46230,2021,7,379.1
46900,2021,7,551.9
47920,2021,7,176.9
47920,2021,7,176.9
47210,2021,7,272.6
47280,2021,7,332.7
47280,2021,7,332.7
47750,2021,7,155.6
47750,2021,7,155.6
47770,2021,7,139.2
47730,2021,7,134.5
47190,2021,7,259.7
47230,2021,7,271.4
47130,2021,7,175.2
48880,2021,7,211.3
48880,2021,7,211.3
48890,2021,7,227.1
48270,2021,7,308.2
48860,2021,7,205.3
48310,2021,7,494.8
48840,2021,7,507.5
51820,2021,8,247.1
51110,2021,8,122.5
51780,2021,8,219.6
41250,2021,8,140.6
41480,2021,8,183.3
51760,2021,8,217.2
51760,2021,8,217.2
51110,2021,8,129.6
28720,2021,8,346.4
28720,2021,8,346.4
51150,2021,8,479.1
51150,2021,8,438.1
51170,2021,8,423.3
11110,2021,8,211.2
11110,2021,8,211.2
28110,2021,8,269.0
28110,2021,8,269.0
51130,2021,8,172.9
47940,2021,8,312.2
41113,2021,8,161.1
41113,2021,8,161.1
51750,2021,8,192.6
43130,2021,8,239.9
44210,2021,8,217.8
47930,2021,8,291.3
47930,2021,8,291.3
43113,2021,8,233.1
30200,2021,8,289.2
43740,2021,8,285.6
47170,2021,8,188.9
47170,2021,8,188.9
47250,2021,8,324.9
47111,2021,8,449.9
52130,2021,8,218.3
52130,2021,8,218.3
27140,2021,8,256.3
27140,2021,8,256.3
52113,2021,8,454.8
52111,2021,8,454.8
31110,2021,8,443.9
31110,2021,8,443.9
31110,2021,8,443.9
48120,2021,8,413.0
29170,2021,8,338.7
26110,2021,8,481.2
48220,2021,8,477.0
46110,2021,8,124.4
46110,2021,8,124.4
46130,2021,8,369.7
46910,2021,8,166.8
46890,2021,8,368.9
52790,2021,8,345.7
52790,2021,8,345.7
52790,2021,8,345.7
46150,2021,8,282.1
46150,2021,8,282.1
44800,2021,8,280.8
50110,2021,8,227.8
50110,2021,8,196.7
50130,2021,8,417.8
50130,2021,8,417.8
50130,2021,8,417.8
50130,2021,8,318.4
50130,2021,8,318.4
48170,2021,8,320.2
48170,2021,8,320.2
28710,2021,8,152.6
41830,2021,8,190.6
41500,2021,8,168.5
51810,2021,8,154.1
51810,2021,8,154.1
51720,2021,8,152.9
51190,2021,8,324.0
51770,2021,8,196.2
51770,2021,8,196.2
51770,2021,8,196.2
43150,2021,8,174.9
43720,2021,8,275.8
44131,2021,8,230.0
44131,2021,8,230.0
44180,2021,8,253.7
44760,2021,8,227.6
44710,2021,8,297.2
36000,2021,8,232.1
36110,2021,8,232.1
52800,2021,8,409.7
52750,2021,8,370.9
52180,2021,8,358.7
52180,2021,8,358.7
52190,2021,8,315.9
52190,2021,8,315.9
52190,2021,8,315.9
52740,2021,8,380.7
52790,2021,8,329.7
46870,2021,8,275.2
48250,2021,8,360.3
52770,2021,8,276.8
48123,2021,8,295.0
48330,2021,8,453.4
46780,2021,8,408.7
46780,2021,8,408.7
46810,2021,8,269.9
46810,2021,8,269.9
46800,2021,8,330.7
46820,2021,8,172.3
46770,2021,8,275.6
46770,2021,8,275.6
48720,2021,8,207.1
48870,2021,8,229.7
46230,2021,8,354.3
46230,2021,8,354.3
46900,2021,8,188.2
47920,2021,8,228.2
47920,2021,8,228.2
47210,2021,8,270.3
47280,2021,8,272.8
47280,2021,8,272.8
47750,2021,8,195.4
47750,2021,8,195.4
47770,2021,8,456.7
47730,2021,8,220.9
47190,2021,8,290.0
47230,2021,8,272.0
47130,2021,8,359.0
48880,2021,8,328.4
48880,2021,8,328.4
48890,2021,8,322.0
48270,2021,8,302.3
48860,2021,8,264.3
48310,2021,8,503.3
48840,2021,8,473.2
51820,2021,9,141.6
51110,2021,9,103.7
51780,2021,9,105.9
41250,2021,9,100.6
41480,2021,9,93.5
51760,2021,9,153.9
51760,2021,9,153.9
51110,2021,9,106.0
28720,2021,9,164.4
28720,2021,9,164.4
51150,2021,9,128.7
51150,2021,9,111.6
51170,2021,9,176.8
11110,2021,9,131.0
11110,2021,9,131.0
28110,2021,9,125.8
28110,2021,9,125.8
51130,2021,9,183.5
47940,2021,9,179.2
41113,2021,9,164.1
41113,2021,9,164.1
51750,2021,9,136.9
43130,2021,9,240.3
44210,2021,9,206.0
47930,2021,9,142.7
47930,2021,9,142.7
43113,2021,9,185.0
30200,2021,9,161.2
43740,2021,9,161.2
47170,2021,9,132.5
47170,2021,9,132.5
47250,2021,9,188.8
47111,2021,9,196.5
52130,2021,9,138.8
52130,2021,9,138.8
27140,2021,9,84.1
27140,2021,9,84.1
52113,2021,9,162.1
52111,2021,9,162.1
31110,2021,9,125.2
31110,2021,9,125.2
31110,2021,9,125.2
48120,2021,9,92.2
29170,2021,9,131.1
26110,2021,9,164.7
48220,2021,9,145.5
46110,2021,9,91.4
46110,2021,9,91.4
46130,2021,9,144.7
46910,2021,9,101.1
46890,2021,9,115.1
52790,2021,9,139.9
52790,2021,9,139.9
52790,2021,9,139.9
46150,2021,9,154.3
46150,2021,9,154.3
44800,2021,9,260.2
50110,2021,9,493.1
50110,2021,9,348.0
50130,2021,9,431.7
50130,2021,9,431.7
50130,2021,9,431.7
50130,2021,9,692.4
50130,2021,9,692.4
48170,2021,9,122.4
48170,2021,9,122.4
28710,2021,9,135.8
41830,2021,9,148.9
41500,2021,9,222.1
51810,2021,9,84.0
51810,2021,9,84.0
51720,2021,9,122.7
51190,2021,9,161.8
51770,2021,9,177.1
51770,2021,9,177.1
51770,2021,9,177.1
43150,2021,9,209.2
43720,2021,9,162.2
44131,2021,9,250.8
44131,2021,9,250.8
44180,2021,9,215.9
44760,2021,9,187.1
44710,2021,9,151.9
36000,2021,9,184.6
36110,2021,9,184.6
52800,2021,9,166.6
52750,2021,9,90.8
52180,2021,9,156.8
52180,2021,9,156.8
52190,2021,9,108.5
52190,2021,9,108.5
52190,2021,9,108.5
52740,2021,9,111.8
52790,2021,9,161.7
46870,2021,9,116.4
48250,2021,9,101.7
52770,2021,9,103.0
48123,2021,9,112.5
48330,2021,9,171.1
46780,2021,9,110.3
46780,2021,9,110.3
46810,2021,9,105.6
46810,2021,9,105.6
46800,2021,9,96.3
46820,2021,9,108.2
46770,2021,9,96.3
46770,2021,9,96.3
48720,2021,9,94.3
48870,2021,9,105.5
46230,2021,9,146.6
46230,2021,9,146.6
46900,2021,9,124.7
47920,2021,9,159.6
47920,2021,9,159.6
47210,2021,9,199.9
47280,2021,9,199.2
47280,2021,9,199.2
47750,2021,9,142.7
47750,2021,9,142.7
47770,2021,9,159.5
47730,2021,9,125.9
47190,2021,9,115.9
47230,2021,9,120.4
47130,2021,9,143.5
48880,2021,9,91.9
48880,2021,9,91.9
48890,2021,9,122.4
48270,2021,9,60.9
48860,2021,9,146.1
48310,2021,9,220.0
48840,2021,9,164.6
51820,2021,10,216.9
51110,2021,10,64.4
51780,2021,10,128.3
41250,2021,10,71.2
41480,2021,10,79.4
51760,2021,10,65.2
51760,2021,10,65.2
51110,2021,10,60.6
28720,2021,10,60.7
28720,2021,10,60.7
51150,2021,10,143.1
51150,2021,10,130.9
51170,2021,10,150.5
11110,2021,10,57.0
11110,2021,10,57.0
28110,2021,10,31.6
28110,2021,10,31.6
51130,2021,10,45.6
47940,2021,10,191.8
41113,2021,10,36.0
41113,2021,10,36.0
51750,2021,10,44.8
43130,2021,10,45.5
44210,2021,10,55.9
47930,2021,10,201.2
47930,2021,10,201.2
43113,2021,10,29.4
30200,2021,10,40.8
43740,2021,10,41.0
47170,2021,10,50.8
47170,2021,10,50.8
47250,2021,10,41.4
47111,2021,10,176.7
52130,2021,10,32.7
52130,2021,10,32.7
27140,2021,10,57.8
27140,2021,10,57.8
52113,2021,10,37.0
52111,2021,10,37.0
31110,2021,10,49.0
31110,2021,10,49.0
31110,2021,10,49.0
48120,2021,10,25.0
29170,2021,10,35.3
26110,2021,10,18.2
48220,2021,10,5.9
46110,2021,10,14.7
46110,2021,10,14.7
46130,2021,10,45.4
46910,2021,10,26.3
46890,2021,10,6.2
52790,2021,10,43.9
52790,2021,10,43.9
52790,2021,10,43.9
46150,2021,10,35.6
46150,2021,10,35.6
44800,2021,10,41.6
50110,2021,10,32.1
50110,2021,10,19.8
50130,2021,10,101.2
50130,2021,10,101.2
50130,2021,10,101.2
50130,2021,10,33.4
50130,2021,10,33.4
48170,2021,10,46.2
48170,2021,10,46.2
28710,2021,10,49.5
41830,2021,10,38.3
41500,2021,10,40.9
51810,2021,10,66.4
51810,2021,10,66.4
51720,2021,10,41.2
51190,2021,10,79.8
51770,2021,10,37.0
51770,2021,10,37.0
51770,2021,10,37.0
43150,2021,10,26.6
43720,2021,10,33.8
44131,2021,10,49.5
44131,2021,10,49.5
44180,2021,10,39.6
44760,2021,10,36.9
44710,2021,10,44.0
36000,2021,10,36.4
36110,2021,10,36.4
52800,2021,10,50.3
52750,2021,10,41.3
52180,2021,10,39.9
52180,2021,10,39.9
52190,2021,10,54.9
52190,2021,10,54.9
52190,2021,10,54.9
52740,2021,10,49.8
52790,2021,10,43.2
46870,2021,10,50.7
48250,2021,10,24.3
52770,2021,10,40.5
48123,2021,10,47.0
48330,2021,10,18.6
46780,2021,10,35.2
46780,2021,10,35.2
46810,2021,10,21.4
46810,2021,10,21.4
46800,2021,10,35.4
46820,2021,10,25.8
46770,2021,10,16.5
46770,2021,10,16.5
48720,2021,10,57.3
48870,2021,10,59.6
46230,2021,10,57.8
46230,2021,10,57.8
46900,2021,10,9.9
47920,2021,10,41.6
47920,2021,10,41.6
47210,2021,10,43.5
47280,2021,10,36.7
47280,2021,10,36.7
47750,2021,10,59.9
47750,2021,10,59.9
47770,2021,10,148.1
47730,2021,10,54.2
47190,2021,10,50.0
47230,2021,10,63.7
47130,2021,10,93.4
48880,2021,10,54.6
48880,2021,10,54.6
48890,2021,10,38.2
48270,2021,10,61.2
48860,2021,10,46.6
48310,2021,10,11.8
48840,2021,10,43.6
51820,2021,11,16.2
51110,2021,11,49.8
51780,2021,11,57.3
41250,2021,11,51.6
41480,2021,11,47.2
51760,2021,11,32.6
51760,2021,11,32.6
51110,2021,11,53.0
28720,2021,11,46.2
28720,2021,11,46.2
51150,2021,11,16.6
51150,2021,11,13.1
51170,2021,11,7.6
11110,2021,11,62.4
11110,2021,11,62.4
28110,2021,11,79.0
28110,2021,11,79.0
51130,2021,11,55.9
47940,2021,11,38.3
41113,2021,11,104.2
41113,2021,11,104.2
51750,2021,11,40.8
43130,2021,11,44.9
44210,2021,11,126.2
47930,2021,11,18.1
47930,2021,11,18.1
43113,2021,11,57.3
30200,2021,11,41.7
43740,2021,11,43.9
47170,2021,11,34.6
47170,2021,11,34.6
47250,2021,11,39.8
47111,2021,11,31.4
52130,2021,11,81.9
52130,2021,11,81.9
27140,2021,11,43.1
27140,2021,11,43.1
52113,2021,11,81.1
52111,2021,11,81.1
31110,2021,11,49.7
31110,2021,11,49.7
31110,2021,11,49.7
48120,2021,11,53.5
29170,2021,11,85.8
26110,2021,11,57.9
48220,2021,11,67.1
46110,2021,11,63.9
46110,2021,11,63.9
46130,2021,11,43.0
46910,2021,11,42.1
46890,2021,11,53.0
52790,2021,11,86.4
52790,2021,11,86.4
52790,2021,11,86.4
46150,2021,11,50.9
46150,2021,11,50.9
44800,2021,11,105.6
50110,2021,11,63.8
50110,2021,11,48.8
50130,2021,11,67.0
50130,2021,11,67.0
50130,2021,11,67.0
50130,2021,11,55.0
50130,2021,11,55.0
48170,2021,11,44.3
48170,2021,11,44.3
28710,2021,11,46.6
41830,2021,11,55.9
41500,2021,11,64.9
51810,2021,11,54.7
51810,2021,11,54.7
51720,2021,11,50.7
51190,2021,11,31.6
51770,2021,11,40.8
51770,2021,11,40.8
51770,2021,11,40.8
43150,2021,11,48.0
43720,2021,11,44.9
44131,2021,11,67.9
44131,2021,11,67.9
44180,2021,11,117.8
44760,2021,11,73.4
44710,2021,11,50.7
36000,2021,11,60.9
36110,2021,11,60.9
52800,2021,11,100.3
52750,2021,11,101.8
52180,2021,11,94.8
52180,2021,11,94.8
52190,2021,11,76.2
52190,2021,11,76.2
52190,2021,11,76.2
52740,2021,11,92.2
52790,2021,11,63.5
46870,2021,11,108.6
48250,2021,11,66.1
52770,2021,11,69.6
48123,2021,11,68.2
48330,2021,11,65.3
46780,2021,11,37.7
46780,2021,11,37.7
46810,2021,11,54.5
46810,2021,11,54.5
46800,2021,11,43.5
46820,2021,11,77.9
46770,2021,11,50.0
46770,2021,11,50.0
48720,2021,11,43.2
48870,2021,11,43.5
46230,2021,11,44.6
46230,2021,11,44.6
46900,2021,11,65.8
47920,2021,11,43.9
47920,2021,11,43.9
47210,2021,11,47.7
47280,2021,11,36.5
47280,2021,11,36.5
47750,2021,11,39.0
47750,2021,11,39.0
47770,2021,11,35.2
47730,2021,11,46.3
47190,2021,11,55.7
47230,2021,11,50.6
47130,2021,11,40.4
48880,2021,11,38.9
48880,2021,11,38.9
48890,2021,11,43.5
48270,2021,11,49.4
48860,2021,11,50.3
48310,2021,11,105.5
48840,2021,11,53.5
51820,2021,12,68.7
51110,2021,12,5.2
51780,2021,12,4.9
41250,2021,12,8.3
41480,2021,12,5.8
51760,2021,12,6.4
51760,2021,12,6.4
51110,2021,12,5.1
28720,2021,12,12.4
28720,2021,12,12.4
51150,2021,12,41.6
51150,2021,12,43.9
51170,2021,12,34.4
11110,2021,12,7.9
11110,2021,12,7.9
28110,2021,12,7.6
28110,2021,12,7.6
51130,2021,12,4.9
47940,2021,12,164.3
41113,2021,12,12.3
41113,2021,12,12.3
51750,2021,12,3.7
43130,2021,12,5.6
44210,2021,12,18.3
47930,2021,12,5.6
47930,2021,12,5.6
43113,2021,12,3.7
30200,2021,12,4.4
43740,2021,12,3.2
47170,2021,12,0.0
47170,2021,12,0.0
47250,2021,12,1.2
47111,2021,12,0.3
52130,2021,12,14.5
52130,2021,12,14.5
27140,2021,12,0.1
27140,2021,12,0.1
52113,2021,12,6.0
52111,2021,12,6.0
31110,2021,12,3.5
31110,2021,12,3.5
31110,2021,12,3.5
48120,2021,12,2.4
29170,2021,12,7.1
26110,2021,12,4.5
48220,2021,12,4.2
46110,2021,12,13.6
46110,2021,12,13.6
46130,2021,12,2.7
46910,2021,12,14.0
46890,2021,12,3.3
52790,2021,12,23.2
52790,2021,12,23.2
52790,2021,12,23.2
46150,2021,12,3.7
46150,2021,12,3.7
44800,2021,12,16.4
50110,2021,12,31.4
50110,2021,12,18.3
50130,2021,12,30.3
50130,2021,12,30.3
50130,2021,12,30.3
50130,2021,12,14.5
50130,2021,12,14.5
48170,2021,12,1.9
48170,2021,12,1.9
28710,2021,12,7.0
41830,2021,12,7.2
41500,2021,12,6.2
51810,2021,12,5.8
51810,2021,12,5.8
51720,2021,12,3.5
51190,2021,12,1.7
51770,2021,12,4.3
51770,2021,12,4.3
51770,2021,12,4.3
43150,2021,12,6.5
43720,2021,12,6.4
44131,2021,12,5.4
44131,2021,12,5.4
44180,2021,12,14.4
44760,2021,12,8.7
44710,2021,12,7.1
36000,2021,12,8.0
36110,2021,12,8.0
52800,2021,12,21.0
52750,2021,12,9.5
52180,2021,12,23.1
52180,2021,12,23.1
52190,2021,12,5.9
52190,2021,12,5.9
52190,2021,12,5.9
52740,2021,12,5.0
52790,2021,12,8.2
46870,2021,12,12.2
48250,2021,12,3.5
52770,2021,12,12.8
48123,2021,12,2.9
48330,2021,12,3.2
46780,2021,12,2.1
46780,2021,12,2.1
46810,2021,12,4.3
46810,2021,12,4.3
46800,2021,12,3.7
46820,2021,12,6.6
46770,2021,12,0.9
46770,2021,12,0.9
48720,2021,12,2.0
48870,2021,12,1.4
46230,2021,12,1.6
46230,2021,12,1.6
46900,2021,12,10.3
47920,2021,12,2.8
47920,2021,12,2.8
47210,2021,12,2.4
47280,2021,12,2.5
47280,2021,12,2.5
47750,2021,12,7.3
47750,2021,12,7.3
47770,2021,12,0.0
47730,2021,12,0.1
47190,2021,12,0.1
47230,2021,12,0.1
47130,2021,12,2.3
48880,2021,12,0.0
48880,2021,12,0.0
48890,2021,12,1.2
48270,2021,12,3.0
48860,2021,12,1.7
48310,2021,12,5.0
48840,2021,12,2.4
51820,2022,1,3.6
51110,2022,1,1.9
51780,2022,1,2.5
41250,2022,1,6.5
41480,2022,1,7.2
51760,2022,1,1.3
51760,2022,1,1.3
51110,2022,1,2.8
28720,2022,1,12.2
28720,2022,1,12.2
51150,2022,1,5.8
51150,2022,1,7.4
51170,2022,1,10.8
11110,2022,1,5.5
11110,2022,1,5.5
28110,2022,1,4.4
28110,2022,1,4.4
51130,2022,1,0.8
47940,2022,1,53.4
41113,2022,1,3.9
41113,2022,1,3.9
51750,2022,1,1.2
43130,2022,1,2.0
44210,2022,1,8.6
47930,2022,1,14.6
47930,2022,1,14.6
43113,2022,1,1.4
30200,2022,1,1.2
43740,2022,1,3.4
47170,2022,1,0.0
47170,2022,1,0.0
47250,2022,1,1.6
47111,2022,1,4.4
52130,2022,1,4.3
52130,2022,1,4.3
27140,2022,1,0.0
27140,2022,1,0.0
52113,2022,1,2.1
52111,2022,1,2.1
31110,2022,1,0.9
31110,2022,1,0.9
31110,2022,1,0.9
48120,2022,1,0.0
29170,2022,1,0.3
26110,2022,1,0.0
48220,2022,1,0.0
46110,2022,1,4.3
46110,2022,1,4.3
46130,2022,1,0.0
46910,2022,1,4.5
46890,2022,1,3.1
52790,2022,1,7.3
52790,2022,1,7.3
52790,2022,1,7.3
46150,2022,1,0.0
46150,2022,1,0.0
44800,2022,1,5.2
50110,2022,1,33.6
50110,2022,1,31.6
50130,2022,1,28.2
50130,2022,1,28.2
50130,2022,1,28.2
50130,2022,1,33.8
50130,2022,1,33.8
48170,2022,1,0.0
48170,2022,1,0.0
28710,2022,1,9.2
41830,2022,1,3.6
41500,2022,1,5.7
51810,2022,1,2.6
51810,2022,1,2.6
51720,2022,1,3.1
51190,2022,1,0.1
51770,2022,1,2.3
51770,2022,1,2.3
51770,2022,1,2.3
43150,2022,1,3.0
43720,2022,1,4.3
44131,2022,1,3.3
44131,2022,1,3.3
44180,2022,1,8.4
44760,2022,1,3.5
44710,2022,1,1.5
36000,2022,1,2.7
36110,2022,1,2.7
52800,2022,1,5.2
52750,2022,1,2.1
52180,2022,1,3.7
52180,2022,1,3.7
52190,2022,1,0.7
52190,2022,1,0.7
52190,2022,1,0.7
52740,2022,1,1.8
52790,2022,1,1.9
46870,2022,1,5.9
48250,2022,1,0.0
52770,2022,1,0.8
48123,2022,1,0.0
48330,2022,1,0.2
46780,2022,1,0.6
46780,2022,1,0.6
46810,2022,1,2.2
46810,2022,1,2.2
46800,2022,1,1.7
46820,2022,1,5.0
46770,2022,1,0.2
46770,2022,1,0.2
48720,2022,1,0
48870,2022,1,0
46230,2022,1,0.3
46230,2022,1,0.3
46900,2022,1,3.7
47920,2022,1,1.0
47920,2022,1,1.0
47210,2022,1,1.1
47280,2022,1,3.0
47280,2022,1,3.0
47750,2022,1,0
47750,2022,1,0
47770,2022,1,3.3
47730,2022,1,0.5
47190,2022,1,0.9
47230,2022,1,0
47130,2022,1,0.6
48880,2022,1,0.0
48880,2022,1,0.0
48890,2022,1,0
48270,2022,1,0.0
48860,2022,1,0.0
48310,2022,1,0.2
48840,2022,1,0.0
51820,2022,2,11.1
51110,2022,2,6.3
51780,2022,2,8.9
41250,2022,2,7.1
41480,2022,2,2.6
51760,2022,2,2.2
51760,2022,2,2.2
51110,2022,2,6.6
28720,2022,2,4.9
28720,2022,2,4.9
51150,2022,2,3.2
51150,2022,2,1.2
51170,2022,2,0.8
11110,2022,2,4.7
11110,2022,2,4.7
28110,2022,2,2.7
28110,2022,2,2.7
51130,2022,2,6.8
47940,2022,2,59.0
41113,2022,2,4.0
41113,2022,2,4.0
51750,2022,2,3.6
43130,2022,2,4.3
44210,2022,2,4.7
47930,2022,2,4.3
47930,2022,2,4.3
43113,2022,2,2.4
30200,2022,2,1.4
43740,2022,2,2.3
47170,2022,2,0.1
47170,2022,2,0.1
47250,2022,2,2.1
47111,2022,2,9.6
52130,2022,2,7.1
52130,2022,2,7.1
27140,2022,2,0.1
27140,2022,2,0.1
52113,2022,2,2.5
52111,2022,2,2.5
31110,2022,2,2.2
31110,2022,2,2.2
31110,2022,2,2.2
48120,2022,2,0.0
29170,2022,2,2.7
26110,2022,2,0.0
48220,2022,2,0.0
46110,2022,2,4.5
46110,2022,2,4.5
46130,2022,2,0.0
46910,2022,2,1.6
46890,2022,2,0.4
52790,2022,2,5.1
52790,2022,2,5.1
52790,2022,2,5.1
46150,2022,2,0.0
46150,2022,2,0.0
44800,2022,2,4.0
43113,2022,2,2.7
50110,2022,2,25.1
50110,2022,2,4.6
50130,2022,2,34.7
50130,2022,2,34.7
50130,2022,2,34.7
50130,2022,2,18.6
50130,2022,2,18.6
48170,2022,2,0.0
48170,2022,2,0.0
28710,2022,2,3.2
41830,2022,2,6.7
41500,2022,2,5.3
51810,2022,2,9.5
51810,2022,2,9.5
51720,2022,2,5.9
51190,2022,2,2.8
51770,2022,2,7.4
51770,2022,2,7.4
51770,2022,2,7.4
43150,2022,2,6.8
43720,2022,2,4.3
44131,2022,2,3.3
44131,2022,2,3.3
44180,2022,2,5.3
44760,2022,2,2.5
44710,2022,2,4.1
36000,2022,2,2.2
36110,2022,2,2.2
52800,2022,2,11.0
52750,2022,2,7.1
52180,2022,2,15.3
52180,2022,2,15.3
52190,2022,2,3.9
52190,2022,2,3.9
52190,2022,2,3.9
52740,2022,2,6.6
52790,2022,2,2.6
46870,2022,2,5.3
48250,2022,2,0.0
52770,2022,2,7.7
48123,2022,2,0.0
48330,2022,2,0
46780,2022,2,0.3
46780,2022,2,0.3
46810,2022,2,1.9
46810,2022,2,1.9
46800,2022,2,0.2
46820,2022,2,3.9
46770,2022,2,0.0
46770,2022,2,0.0
48720,2022,2,0.2
48870,2022,2,1.0
46230,2022,2,0.0
46230,2022,2,0.0
46900,2022,2,1.8
47920,2022,2,2.5
47920,2022,2,2.5
47210,2022,2,2.7
47280,2022,2,1.9
47280,2022,2,1.9
47750,2022,2,1.6
47750,2022,2,1.6
47770,2022,2,4.4
47730,2022,2,0.3
47190,2022,2,0.3
47230,2022,2,0.0
47130,2022,2,0.9
48880,2022,2,0.8
48880,2022,2,0.8
48890,2022,2,0.0
48270,2022,2,0.0
48860,2022,2,0.1
48310,2022,2,0
48840,2022,2,0.0
51820,2022,3,114.5
51110,2022,3,88.3
51780,2022,3,90.9
41250,2022,3,91.0
41480,2022,3,103.3
51760,2022,3,76.6
51760,2022,3,76.6
51110,2022,3,103.0
28720,2022,3,69.8
28720,2022,3,69.8
51150,2022,3,100.0
51150,2022,3,102.9
51170,2022,3,94.4
11110,2022,3,102.6
11110,2022,3,102.6
28110,2022,3,84.6
28110,2022,3,84.6
51130,2022,3,71.6
47940,2022,3,51.1
41113,2022,3,74.7
41113,2022,3,74.7
51750,2022,3,68.7
43130,2022,3,79.9
44210,2022,3,72.1
47930,2022,3,77.2
47930,2022,3,77.2
43113,2022,3,59.0
30200,2022,3,74.0
43740,2022,3,71.2
47170,2022,3,80.0
47170,2022,3,80.0
47250,2022,3,95.7
47111,2022,3,57.1
52130,2022,3,78.6
52130,2022,3,78.6
27140,2022,3,34.3
27140,2022,3,34.3
52113,2022,3,93.0
52111,2022,3,93.0
31110,2022,3,55.5
31110,2022,3,55.5
31110,2022,3,55.5
48120,2022,3,135.0
29170,2022,3,105.2
26110,2022,3,127.4
48220,2022,3,121.0
46110,2022,3,78.9
46110,2022,3,78.9
46130,2022,3,149.3
46910,2022,3,83.8
46890,2022,3,111.9
52790,2022,3,91.8
52790,2022,3,91.8
52790,2022,3,91.8
46150,2022,3,111.3
46150,2022,3,111.3
44800,2022,3,79.4
50110,2022,3,96.1
50110,2022,3,100.6
50130,2022,3,161.0
50130,2022,3,161.0
50130,2022,3,161.0
50130,2022,3,104.8
50130,2022,3,104.8
48170,2022,3,115.9
48170,2022,3,115.9
28710,2022,3,95.3
41830,2022,3,88.8
41500,2022,3,104.4
51810,2022,3,70.4
51810,2022,3,70.4
51720,2022,3,83.8
51190,2022,3,96.4
51770,2022,3,80.0
51770,2022,3,80.0
51770,2022,3,80.0
43150,2022,3,88.3
43720,2022,3,98.2
44131,2022,3,57.6
44131,2022,3,57.6
44180,2022,3,60.9
44760,2022,3,76.1
44710,2022,3,80.6
36000,2022,3,77.1
36110,2022,3,77.1
52800,2022,3,69.7
52750,2022,3,86.5
52180,2022,3,72.3
52180,2022,3,72.3
52190,2022,3,73.0
52190,2022,3,73.0
52190,2022,3,73.0
52740,2022,3,99.7
52790,2022,3,52.1
46870,2022,3,97.7
48250,2022,3,114.2
52770,2022,3,115.6
48123,2022,3,104.7
48330,2022,3,102.7
46780,2022,3,173.3
46780,2022,3,173.3
46810,2022,3,162.9
46810,2022,3,162.9
46800,2022,3,151.9
46820,2022,3,113.7
46770,2022,3,116.4
46770,2022,3,116.4
48720,2022,3,81.3
48870,2022,3,84.9
46230,2022,3,142.7
46230,2022,3,142.7
46900,2022,3,119.3
47920,2022,3,98.3
47920,2022,3,98.3
47210,2022,3,124.3
47280,2022,3,133.6
47280,2022,3,133.6
47750,2022,3,51.2
47750,2022,3,51.2
47770,2022,3,79.6
47730,2022,3,51.5
47190,2022,3,42.2
47230,2022,3,39.7
47130,2022,3,47.1
48880,2022,3,65.5
48880,2022,3,65.5
48890,2022,3,64.0
48270,2022,3,58.7
48860,2022,3,88.7
48310,2022,3,144.3
48840,2022,3,169.2
51820,2022,4,33.5
51110,2022,4,27.7
51780,2022,4,17.9
41250,2022,4,17.8
41480,2022,4,19.5
51760,2022,4,43.5
51760,2022,4,43.5
51110,2022,4,28.5
28720,2022,4,3.7
28720,2022,4,3.7
51150,2022,4,65.1
51150,2022,4,68.8
51170,2022,4,42.7
11110,2022,4,20.4
11110,2022,4,20.4
28110,2022,4,21.1
28110,2022,4,21.1
51130,2022,4,51.7
47940,2022,4,39.5
41113,2022,4,42.4
41113,2022,4,42.4
51750,2022,4,30.8
43130,2022,4,45.8
44210,2022,4,52.2
47930,2022,4,38.8
47930,2022,4,38.8
43113,2022,4,45.2
30200,2022,4,69.7
43740,2022,4,57.0
47170,2022,4,38.3
47170,2022,4,38.3
47250,2022,4,55.0
47111,2022,4,36.6
52130,2022,4,83.3
52130,2022,4,83.3
27140,2022,4,38.5
27140,2022,4,38.5
52113,2022,4,85.0
52111,2022,4,85.0
31110,2022,4,81.0
31110,2022,4,81.0
31110,2022,4,81.0
48120,2022,4,102.1
29170,2022,4,49.4
26110,2022,4,130.6
48220,2022,4,191.7
46110,2022,4,74.7
46110,2022,4,74.7
46130,2022,4,102.2
46910,2022,4,93.3
46890,2022,4,101.7
52790,2022,4,38.3
52790,2022,4,38.3
52790,2022,4,38.3
46150,2022,4,69.1
46150,2022,4,69.1
44800,2022,4,68.0
50110,2022,4,84.0
50110,2022,4,77.7
50130,2022,4,111.3
50130,2022,4,111.3
50130,2022,4,111.3
50130,2022,4,125.4
50130,2022,4,125.4
48170,2022,4,69.5
48170,2022,4,69.5
28710,2022,4,17.1
41830,2022,4,51.6
41500,2022,4,45.3
51810,2022,4,29.2
51810,2022,4,29.2
51720,2022,4,45.7
51190,2022,4,34.2
51770,2022,4,38.5
51770,2022,4,38.5
51770,2022,4,38.5
43150,2022,4,40.5
43720,2022,4,61.1
44131,2022,4,51.6
44131,2022,4,51.6
44180,2022,4,34.8
44760,2022,4,62.6
44710,2022,4,63.3
36000,2022,4,53.7
36110,2022,4,53.7
52800,2022,4,58.3
52750,2022,4,61.7
52180,2022,4,89.9
52180,2022,4,89.9
52190,2022,4,42.6
52190,2022,4,42.6
52190,2022,4,42.6
52740,2022,4,62.5
52790,2022,4,27.4
46870,2022,4,50.3
48250,2022,4,115.2
52770,2022,4,48.8
48123,2022,4,106.7
48330,2022,4,92.7
46780,2022,4,102.6
46780,2022,4,102.6
46810,2022,4,99.0
46810,2022,4,99.0
46800,2022,4,91.9
46820,2022,4,24.5
46770,2022,4,81.6
46770,2022,4,81.6
48720,2022,4,54.0
48870,2022,4,44.0
46230,2022,4,70.2
46230,2022,4,70.2
46900,2022,4,114.6
47920,2022,4,32.0
47920,2022,4,32.0
47210,2022,4,51.3
47280,2022,4,68.3
47280,2022,4,68.3
47750,2022,4,30.7
47750,2022,4,30.7
47770,2022,4,35.6
47730,2022,4,34.0
47190,2022,4,42.3
47230,2022,4,41.4
47130,2022,4,43.3
48880,2022,4,44.0
48880,2022,4,44.0
48890,2022,4,41.9
48270,2022,4,59.6
48860,2022,4,55.9
48310,2022,4,164.4
48840,2022,4,142.1
51820,2022,5,9.1
51110,2022,5,8.1
51780,2022,5,14.5
41250,2022,5,16.4
41480,2022,5,12.7
51760,2022,5,9.3
51760,2022,5,9.3
51110,2022,5,10.9
28720,2022,5,5.1
28720,2022,5,5.1
51150,2022,5,6.5
51150,2022,5,5.8
51170,2022,5,4.4
11110,2022,5,7.5
11110,2022,5,7.5
28110,2022,5,5.4
28110,2022,5,5.4
51130,2022,5,11.0
47940,2022,5,5.0
41113,2022,5,13.4
41113,2022,5,13.4
51750,2022,5,10.5
43130,2022,5,8.6
44210,2022,5,2.9
47930,2022,5,2.6
47930,2022,5,2.6
43113,2022,5,9.1
30200,2022,5,8.1
43740,2022,5,4.7
47170,2022,5,7.3
47170,2022,5,7.3
47250,2022,5,2.8
47111,2022,5,0.1
52130,2022,5,4.9
52130,2022,5,4.9
27140,2022,5,4.2
27140,2022,5,4.2
52113,2022,5,6.8
52111,2022,5,6.8
31110,2022,5,6.1
31110,2022,5,6.1
31110,2022,5,6.1
48120,2022,5,2.4
29170,2022,5,0.4
26110,2022,5,5.4
48220,2022,5,0.1
46110,2022,5,2.6
46110,2022,5,2.6
46130,2022,5,0.6
46910,2022,5,8.4
46890,2022,5,13.3
52790,2022,5,1.5
52790,2022,5,1.5
52790,2022,5,1.5
46150,2022,5,0.2
46150,2022,5,0.2
44800,2022,5,4.4
50110,2022,5,9.1
50110,2022,5,7.1
50130,2022,5,20.2
50130,2022,5,20.2
50130,2022,5,20.2
50130,2022,5,31.8
50130,2022,5,31.8
48170,2022,5,0.9
48170,2022,5,0.9
28710,2022,5,10.6
41830,2022,5,7.9
41500,2022,5,7.6
51810,2022,5,9.0
51810,2022,5,9.0
51720,2022,5,10.9
51190,2022,5,10.2
51770,2022,5,10.2
51770,2022,5,10.2
51770,2022,5,10.2
43150,2022,5,7.5
43720,2022,5,5.6
44131,2022,5,9.8
44131,2022,5,9.8
44180,2022,5,5.7
44760,2022,5,4.0
44710,2022,5,4.7
36000,2022,5,9.4
36110,2022,5,9.4
52800,2022,5,7.2
52750,2022,5,4.1
52180,2022,5,7.0
52180,2022,5,7.0
52190,2022,5,1.6
52190,2022,5,1.6
52190,2022,5,1.6
52740,2022,5,3.8
52790,2022,5,0.2
46870,2022,5,4.4
48250,2022,5,5.6
52770,2022,5,0.2
48123,2022,5,5.6
48330,2022,5,9.8
46780,2022,5,2.5
46780,2022,5,2.5
46810,2022,5,1.4
46810,2022,5,1.4
46800,2022,5,0.8
46820,2022,5,1.3
46770,2022,5,1.6
46770,2022,5,1.6
48720,2022,5,0.5
48870,2022,5,1.7
46230,2022,5,1.2
46230,2022,5,1.2
46900,2022,5,0.3
47920,2022,5,5.7
47920,2022,5,5.7
47210,2022,5,3.8
47280,2022,5,5.0
47280,2022,5,5.0
47750,2022,5,6.4
47750,2022,5,6.4
47770,2022,5,5.4
47730,2022,5,5.4
47190,2022,5,8.2
47230,2022,5,2.1
47130,2022,5,2.9
48880,2022,5,0.0
48880,2022,5,0.0
48890,2022,5,2.2
48270,2022,5,3.3
48860,2022,5,13.4
48310,2022,5,0.3
48840,2022,5,6.7
51820,2022,6,248.7
51110,2022,6,386.5
51780,2022,6,437.2
41250,2022,6,522.8
41480,2022,6,509.9
51760,2022,6,245.2
51760,2022,6,245.2
51110,2022,6,402.5
28720,2022,6,219.8
28720,2022,6,219.8
51150,2022,6,168.4
51150,2022,6,186.0
51170,2022,6,118.0
11110,2022,6,393.8
11110,2022,6,393.8
28110,2022,6,286.0
28110,2022,6,286.0
51130,2022,6,226.7
47940,2022,6,164.3
41113,2022,6,472.1
41113,2022,6,472.1
51750,2022,6,194.8
43130,2022,6,219.0
44210,2022,6,352.4
47930,2022,6,82.0
47930,2022,6,82.0
43113,2022,6,129.6
30200,2022,6,117.6
43740,2022,6,98.5
47170,2022,6,48.3
47170,2022,6,48.3
47250,2022,6,88.9
47111,2022,6,106.3
52130,2022,6,94.9
52130,2022,6,94.9
27140,2022,6,81.8
27140,2022,6,81.8
52113,2022,6,164.2
52111,2022,6,164.2
31110,2022,6,147.1
31110,2022,6,147.1
31110,2022,6,147.1
48120,2022,6,194.0
29170,2022,6,131.7
26110,2022,6,152.0
48220,2022,6,101.5
46110,2022,6,90.2
46110,2022,6,90.2
46130,2022,6,91.7
46910,2022,6,87.4
46890,2022,6,76.4
52790,2022,6,130.4
52790,2022,6,130.4
52790,2022,6,130.4
46150,2022,6,94.8
46150,2022,6,94.8
44800,2022,6,191.6
50110,2022,6,143.6
50110,2022,6,172.8
50130,2022,6,203.8
50130,2022,6,203.8
50130,2022,6,203.8
50130,2022,6,269.7
50130,2022,6,269.7
48170,2022,6,121.3
48170,2022,6,121.3
28710,2022,6,484.2
41830,2022,6,408.7
41500,2022,6,238.8
51810,2022,6,356.3
51810,2022,6,356.3
51720,2022,6,301.0
51190,2022,6,187.9
51770,2022,6,278.9
51770,2022,6,278.9
51770,2022,6,278.9
43150,2022,6,273.9
43720,2022,6,98.3
44131,2022,6,168.0
44131,2022,6,168.0
44180,2022,6,225.0
44760,2022,6,123.4
44710,2022,6,145.4
36000,2022,6,118.5
36110,2022,6,118.5
52800,2022,6,172.8
52750,2022,6,263.8
52180,2022,6,233.7
52180,2022,6,233.7
52190,2022,6,162.3
52190,2022,6,162.3
52190,2022,6,162.3
52740,2022,6,226.2
52790,2022,6,155.1
46870,2022,6,116.0
48250,2022,6,117.4
52770,2022,6,181.2
48123,2022,6,157.9
48330,2022,6,113.2
46780,2022,6,103.6
46780,2022,6,103.6
46810,2022,6,97.4
46810,2022,6,97.4
46800,2022,6,84.4
46820,2022,6,70.7
46770,2022,6,86.3
46770,2022,6,86.3
48720,2022,6,90.2
48870,2022,6,109.1
46230,2022,6,110.3
46230,2022,6,110.3
46900,2022,6,83.7
47920,2022,6,138.5
47920,2022,6,138.5
47210,2022,6,134.7
47280,2022,6,95.9
47280,2022,6,95.9
47750,2022,6,80.2
47750,2022,6,80.2
47770,2022,6,54.0
47730,2022,6,73.5
47190,2022,6,122.9
47230,2022,6,129.6
47130,2022,6,136.5
48880,2022,6,63.2
48880,2022,6,63.2
48890,2022,6,93.2
48270,2022,6,232.8
48860,2022,6,156.9
48310,2022,6,211.4
48840,2022,6,137.1
51820,2022,7,213.1
51110,2022,7,223.8
51780,2022,7,247.6
41250,2022,7,302.7
41480,2022,7,290.2
51760,2022,7,173.3
51760,2022,7,173.3
51110,2022,7,208.2
28720,2022,7,255.0
28720,2022,7,255.0
51150,2022,7,239.4
51150,2022,7,227.9
51170,2022,7,159.7
11110,2022,7,252.3
11110,2022,7,252.3
28110,2022,7,215.2
28110,2022,7,215.2
51130,2022,7,238.9
47940,2022,7,152.8
41113,2022,7,243.0
41113,2022,7,243.0
51750,2022,7,274.3
43130,2022,7,350.5
44210,2022,7,178.4
47930,2022,7,78.2
47930,2022,7,78.2
43113,2022,7,171.7
30200,2022,7,195.0
43740,2022,7,189.1
47170,2022,7,158.8
47170,2022,7,158.8
47250,2022,7,211.7
47111,2022,7,77.7
52130,2022,7,152.2
52130,2022,7,152.2
27140,2022,7,88.8
27140,2022,7,88.8
52113,2022,7,184.0
52111,2022,7,184.0
31110,2022,7,125.0
31110,2022,7,125.0
31110,2022,7,125.0
48120,2022,7,167.9
29170,2022,7,169.0
26110,2022,7,145.0
48220,2022,7,151.8
46110,2022,7,196.3
46110,2022,7,196.3
46130,2022,7,260.1
46910,2022,7,131.4
46890,2022,7,111.5
52790,2022,7,120.5
52790,2022,7,120.5
52790,2022,7,120.5
46150,2022,7,281.8
46150,2022,7,281.8
44800,2022,7,141.5
50110,2022,7,149.0
50110,2022,7,258.4
50130,2022,7,225.9
50130,2022,7,225.9
50130,2022,7,225.9
50130,2022,7,272.0
50130,2022,7,272.0
48170,2022,7,218.0
48170,2022,7,218.0
28710,2022,7,220.4
41830,2022,7,255.9
41500,2022,7,278.6
51810,2022,7,151.2
51810,2022,7,151.2
51720,2022,7,226.8
51190,2022,7,156.6
51770,2022,7,233.2
51770,2022,7,233.2
51770,2022,7,233.2
43150,2022,7,310.9
43720,2022,7,160.5
44131,2022,7,117.0
44131,2022,7,117.0
44180,2022,7,119.9
44760,2022,7,168.5
44710,2022,7,183.7
36000,2022,7,239.5
36110,2022,7,239.5
52800,2022,7,126.1
52750,2022,7,133.8
52180,2022,7,109.2
52180,2022,7,109.2
52190,2022,7,158.2
52190,2022,7,158.2
52190,2022,7,158.2
52740,2022,7,157.1
52790,2022,7,101.7
46870,2022,7,132.6
48250,2022,7,143.6
52770,2022,7,193.4
48123,2022,7,170.5
48330,2022,7,128.0
46780,2022,7,264.3
46780,2022,7,264.3
46810,2022,7,230.8
46810,2022,7,230.8
46800,2022,7,205.5
46820,2022,7,193.6
46770,2022,7,268.7
46770,2022,7,268.7
48720,2022,7,143.8
48870,2022,7,161.7
46230,2022,7,240.7
46230,2022,7,240.7
46900,2022,7,177.3
47920,2022,7,157.5
47920,2022,7,157.5
47210,2022,7,201.7
47280,2022,7,216.5
47280,2022,7,216.5
47750,2022,7,86.5
47750,2022,7,86.5
47770,2022,7,115.6
47730,2022,7,109.5
47190,2022,7,113.3
47230,2022,7,106.1
47130,2022,7,107.8
48880,2022,7,128.7
48880,2022,7,128.7
48890,2022,7,129.4
48270,2022,7,112.8
48860,2022,7,166.7
48310,2022,7,173.6
48840,2022,7,236.5
51820,2022,8,323.7
51110,2022,8,418.4
51780,2022,8,420.4
41250,2022,8,506.8
41480,2022,8,353.5
51760,2022,8,415.6
51760,2022,8,415.6
51110,2022,8,491.7
28720,2022,8,155.9
28720,2022,8,155.9
51150,2022,8,303.3
51150,2022,8,307.5
51170,2022,8,237.2
11110,2022,8,564.8
11110,2022,8,564.8
28110,2022,8,635.9
28110,2022,8,635.9
51130,2022,8,512.3
47940,2022,8,167.9
41113,2022,8,640.8
41113,2022,8,640.8
51750,2022,8,442.4
43130,2022,8,457.3
44210,2022,8,468.7
47930,2022,8,172.2
47930,2022,8,172.2
43113,2022,8,519.4
30200,2022,8,496.1
43740,2022,8,272.6
47170,2022,8,202.8
47170,2022,8,202.8
47250,2022,8,220.3
47111,2022,8,141.2
52130,2022,8,340.9
52130,2022,8,340.9
27140,2022,8,143.3
27140,2022,8,143.3
52113,2022,8,311.3
52111,2022,8,311.3
31110,2022,8,138.5
31110,2022,8,138.5
31110,2022,8,138.5
48120,2022,8,224.6
29170,2022,8,106.4
26110,2022,8,176.7
48220,2022,8,186.9
46110,2022,8,92.3
46110,2022,8,92.3
46130,2022,8,210.8
46910,2022,8,62.9
46890,2022,8,58.1
52790,2022,8,126.9
52790,2022,8,126.9
52790,2022,8,126.9
46150,2022,8,176.8
46150,2022,8,176.8
44800,2022,8,524.7
50110,2022,8,124.3
50110,2022,8,143.2
50130,2022,8,233.8
50130,2022,8,233.8
50130,2022,8,233.8
50130,2022,8,263.1
50130,2022,8,263.1
48170,2022,8,157.3
48170,2022,8,157.3
28710,2022,8,287.1
41830,2022,8,947.4
41500,2022,8,513.5
51810,2022,8,460.1
51810,2022,8,460.1
51720,2022,8,595.4
51190,2022,8,270.2
51770,2022,8,463.3
51770,2022,8,463.3
51770,2022,8,463.3
43150,2022,8,485.3
43720,2022,8,391.9
44131,2022,8,366.6
44131,2022,8,366.6
44180,2022,8,637.1
44760,2022,8,615.6
44710,2022,8,265.7
36000,2022,8,421.0
36110,2022,8,421.0
52800,2022,8,276.7
52750,2022,8,168.9
52180,2022,8,134.4
52180,2022,8,134.4
52190,2022,8,162.7
52190,2022,8,162.7
52190,2022,8,162.7
52740,2022,8,167.5
52790,2022,8,51.7
46870,2022,8,114.6
48250,2022,8,173.7
52770,2022,8,104.8
48123,2022,8,180.3
48330,2022,8,135.9
46780,2022,8,156.2
46780,2022,8,156.2
46810,2022,8,158.9
46810,2022,8,158.9
46800,2022,8,157.2
46820,2022,8,115.6
46770,2022,8,109.9
46770,2022,8,109.9
48720,2022,8,191.2
48870,2022,8,130.9
46230,2022,8,186.1
46230,2022,8,186.1
46900,2022,8,84.7
47920,2022,8,370.4
47920,2022,8,370.4
47210,2022,8,362.3
47280,2022,8,338.6
47280,2022,8,338.6
47750,2022,8,229.4
47750,2022,8,229.4
47770,2022,8,124.7
47730,2022,8,203.3
47190,2022,8,229.2
47230,2022,8,181.0
47130,2022,8,114.7
48880,2022,8,120.2
48880,2022,8,120.2
48890,2022,8,201.3
48270,2022,8,176.6
48860,2022,8,232.6
48310,2022,8,220.0
48840,2022,8,235.0
51820,2022,9,263.8
51110,2022,9,239.0
51780,2022,9,257.4
41250,2022,9,204.5
41480,2022,9,152.4
51760,2022,9,206.5
51760,2022,9,206.5
51110,2022,9,256.7
28720,2022,9,145.8
28720,2022,9,145.8
51150,2022,9,235.9
51150,2022,9,202.5
51170,2022,9,116.9
11110,2022,9,201.5
11110,2022,9,201.5
28110,2022,9,167.8
28110,2022,9,167.8
51130,2022,9,118.3
47940,2022,9,73.6
41113,2022,9,190.1
41113,2022,9,190.1
51750,2022,9,115.8
43130,2022,9,102.0
44210,2022,9,165.9
47930,2022,9,129.6
47930,2022,9,129.6
43113,2022,9,116.0
30200,2022,9,90.2
43740,2022,9,117.1
47170,2022,9,29.9
47170,2022,9,29.9
47250,2022,9,109.2
47111,2022,9,512.0
52130,2022,9,80.6
52130,2022,9,80.6
27140,2022,9,114.2
27140,2022,9,114.2
52113,2022,9,64.5
52111,2022,9,64.5
31110,2022,9,284.8
31110,2022,9,284.8
31110,2022,9,284.8
48120,2022,9,156.0
29170,2022,9,89.2
26110,2022,9,162.4
48220,2022,9,159.4
46110,2022,9,101.9
46110,2022,9,101.9
46130,2022,9,175.6
46910,2022,9,108.6
46890,2022,9,160.4
52790,2022,9,81.9
52790,2022,9,81.9
52790,2022,9,81.9
46150,2022,9,161.4
46150,2022,9,161.4
44800,2022,9,135.0
50110,2022,9,265.8
50110,2022,9,361.9
50130,2022,9,271.3
50130,2022,9,271.3
50130,2022,9,271.3
50130,2022,9,326.1
50130,2022,9,326.1
48170,2022,9,166.6
48170,2022,9,166.6
28710,2022,9,139.2
41830,2022,9,217.0
41500,2022,9,192.2
51810,2022,9,227.1
51810,2022,9,227.1
51720,2022,9,242.9
51190,2022,9,190.8
51770,2022,9,97.3
51770,2022,9,97.3
51770,2022,9,97.3
43150,2022,9,93.7
43720,2022,9,71.7
44131,2022,9,133.3
44131,2022,9,133.3
44180,2022,9,102.0
44760,2022,9,87.0
44710,2022,9,68.2
36000,2022,9,138.8
36110,2022,9,138.8
52800,2022,9,85.9
52750,2022,9,73.3
52180,2022,9,124.5
52180,2022,9,124.5
52190,2022,9,70.4
52190,2022,9,70.4
52190,2022,9,70.4
52740,2022,9,74.9
52790,2022,9,95.1
46870,2022,9,112.6
48250,2022,9,137.1
52770,2022,9,72.3
48123,2022,9,204.7
48330,2022,9,262.0
46780,2022,9,143.5
46780,2022,9,143.5
46810,2022,9,189.3
46810,2022,9,189.3
46800,2022,9,154.9
46820,2022,9,180.0
46770,2022,9,187.6
46770,2022,9,187.6
48720,2022,9,136.1
48870,2022,9,196.3
46230,2022,9,156.5
46230,2022,9,156.5
46900,2022,9,229.4
47920,2022,9,34.3
47920,2022,9,34.3
47210,2022,9,76.1
47280,2022,9,78.1
47280,2022,9,78.1
47750,2022,9,48.7
47750,2022,9,48.7
47770,2022,9,141.5
47730,2022,9,38.3
47190,2022,9,141.4
47230,2022,9,102.3
47130,2022,9,321.0
48880,2022,9,126.2
48880,2022,9,126.2
48890,2022,9,163.0
48270,2022,9,123.6
48860,2022,9,153.6
48310,2022,9,280.4
48840,2022,9,328.8
51820,2022,10,377.1
51110,2022,10,116.1
51780,2022,10,162.1
41250,2022,10,146.3
41480,2022,10,181.6
51760,2022,10,145.4
51760,2022,10,145.4
51110,2022,10,137.3
28720,2022,10,82.9
28720,2022,10,82.9
51150,2022,10,347.7
51150,2022,10,293.2
51170,2022,10,260.4
11110,2022,10,124.1
11110,2022,10,124.1
28110,2022,10,102.1
28110,2022,10,102.1
51130,2022,10,95.2
47940,2022,10,265.0
41113,2022,10,108.5
41113,2022,10,108.5
51750,2022,10,78.3
43130,2022,10,96.5
44210,2022,10,160.0
47930,2022,10,296.0
47930,2022,10,296.0
43113,2022,10,105.9
30200,2022,10,89.3
43740,2022,10,62.5
47170,2022,10,50.8
47170,2022,10,50.8
47250,2022,10,62.0
47111,2022,10,25.8
52130,2022,10,73.8
52130,2022,10,73.8
27140,2022,10,25.6
27140,2022,10,25.6
52113,2022,10,51.1
52111,2022,10,51.1
31110,2022,10,30.4
31110,2022,10,30.4
31110,2022,10,30.4
48120,2022,10,9.8
29170,2022,10,38.3
26110,2022,10,9.7
48220,2022,10,10.4
46110,2022,10,38.3
46110,2022,10,38.3
46130,2022,10,13.0
46910,2022,10,35.2
46890,2022,10,14.7
52790,2022,10,40.4
52790,2022,10,40.4
52790,2022,10,40.4
46150,2022,10,32.5
46150,2022,10,32.5
44800,2022,10,154.0
50110,2022,10,22.1
50110,2022,10,8.4
50130,2022,10,36.2
50130,2022,10,36.2
50130,2022,10,36.2
50130,2022,10,11.8
50130,2022,10,11.8
48170,2022,10,22.3
48170,2022,10,22.3
28710,2022,10,182.8
41830,2022,10,100.1
41500,2022,10,83.5
51810,2022,10,114.9
51810,2022,10,114.9
51720,2022,10,143.1
51190,2022,10,69.7
51770,2022,10,90.6
51770,2022,10,90.6
51770,2022,10,90.6
43150,2022,10,87.1
43720,2022,10,89.7
44131,2022,10,98.2
44131,2022,10,98.2
44180,2022,10,112.0
44760,2022,10,103.7
44710,2022,10,59.3
36000,2022,10,100.7
36110,2022,10,100.7
52800,2022,10,37.6
52750,2022,10,49.0
52180,2022,10,45.0
52180,2022,10,45.0
52190,2022,10,53.2
52190,2022,10,53.2
52190,2022,10,53.2
52740,2022,10,66.3
52790,2022,10,53.7
46870,2022,10,59.1
48250,2022,10,12.7
52770,2022,10,54.6
48123,2022,10,13.3
48330,2022,10,22.8
46780,2022,10,15.7
46780,2022,10,15.7
46810,2022,10,23.5
46810,2022,10,23.5
46800,2022,10,22.1
46820,2022,10,27.0
46770,2022,10,13.2
46770,2022,10,13.2
48720,2022,10,24.4
48870,2022,10,20.3
46230,2022,10,19.1
46230,2022,10,19.1
46900,2022,10,27.2
47920,2022,10,83.2
47920,2022,10,83.2
47210,2022,10,58.3
47280,2022,10,59.0
47280,2022,10,59.0
47750,2022,10,32.6
47750,2022,10,32.6
47770,2022,10,62.8
47730,2022,10,35.2
47190,2022,10,32.0
47230,2022,10,22.9
47130,2022,10,21.2
48880,2022,10,22.5
48880,2022,10,22.5
48890,2022,10,19.5
48270,2022,10,28.7
48860,2022,10,28.5
48310,2022,10,14.1
48840,2022,10,18.1
51820,2022,11,38.4
51110,2022,11,64.0
51780,2022,11,85.2
41250,2022,11,88.7
41480,2022,11,89.2
51760,2022,11,40.0
51760,2022,11,40.0
51110,2022,11,69.5
28720,2022,11,40.9
28720,2022,11,40.9
51150,2022,11,53.4
51150,2022,11,62.3
51170,2022,11,55.7
11110,2022,11,84.5
11110,2022,11,84.5
28110,2022,11,81.3
28110,2022,11,81.3
51130,2022,11,54.6
47940,2022,11,70.9
41113,2022,11,51.4
41113,2022,11,51.4
51750,2022,11,53.9
43130,2022,11,79.5
44210,2022,11,72.9
47930,2022,11,200.6
47930,2022,11,200.6
43113,2022,11,56.7
30200,2022,11,45.8
43740,2022,11,38.7
47170,2022,11,35.6
47170,2022,11,35.6
47250,2022,11,29.8
47111,2022,11,84.3
52130,2022,11,75.4
52130,2022,11,75.4
27140,2022,11,46.6
27140,2022,11,46.6
52113,2022,11,77.0
52111,2022,11,77.0
31110,2022,11,44.9
31110,2022,11,44.9
31110,2022,11,44.9
48120,2022,11,46.0
29170,2022,11,46.7
26110,2022,11,61.3
48220,2022,11,46.9
46110,2022,11,33.1
46110,2022,11,33.1
46130,2022,11,59.6
46910,2022,11,35.4
46890,2022,11,36.1
52790,2022,11,75.8
52790,2022,11,75.8
52790,2022,11,75.8
46150,2022,11,51.3
46150,2022,11,51.3
44800,2022,11,53.6
50110,2022,11,87.8
50110,2022,11,68.4
50130,2022,11,173.8
50130,2022,11,173.8
50130,2022,11,173.8
50130,2022,11,79.9
50130,2022,11,79.9
48170,2022,11,87.8
48170,2022,11,87.8
28710,2022,11,100.2
41830,2022,11,45.0
41500,2022,11,47.6
51810,2022,11,61.8
51810,2022,11,61.8
51720,2022,11,41.5
51190,2022,11,65.0
51770,2022,11,58.8
51770,2022,11,58.8
51770,2022,11,58.8
43150,2022,11,60.0
43720,2022,11,39.9
44131,2022,11,43.2
44131,2022,11,43.2
44180,2022,11,23.3
44760,2022,11,36.4
44710,2022,11,54.2
36000,2022,11,39.8
36110,2022,11,39.8
52800,2022,11,63.7
52750,2022,11,74.6
52180,2022,11,77.6
52180,2022,11,77.6
52190,2022,11,54.0
52190,2022,11,54.0
52190,2022,11,54.0
52740,2022,11,89.3
52790,2022,11,91.0
46870,2022,11,69.1
48250,2022,11,42.1
52770,2022,11,51.5
48123,2022,11,39.6
48330,2022,11,53.9
46780,2022,11,81.7
46780,2022,11,81.7
46810,2022,11,44.3
46810,2022,11,44.3
46800,2022,11,35.3
46820,2022,11,30.7
46770,2022,11,60.5
46770,2022,11,60.5
48720,2022,11,56.2
48870,2022,11,44.1
46230,2022,11,120.3
46230,2022,11,120.3
46900,2022,11,39.6
47920,2022,11,78.7
47920,2022,11,78.7
47210,2022,11,55.8
47280,2022,11,31.6
47280,2022,11,31.6
47750,2022,11,66.3
47750,2022,11,66.3
47770,2022,11,172.2
47730,2022,11,58.0
47190,2022,11,55.0
47230,2022,11,45.1
47130,2022,11,27.9
48880,2022,11,61.8
48880,2022,11,61.8
48890,2022,11,77.5
48270,2022,11,37.9
48860,2022,11,71.5
48310,2022,11,68.1
48840,2022,11,56.9
51820,2022,12,0.7
51110,2022,12,10.7
51780,2022,12,8.1
41250,2022,12,12.0
41480,2022,12,8.4
51760,2022,12,2.3
51760,2022,12,2.3
51110,2022,12,10.7
28720,2022,12,25.1
28720,2022,12,25.1
51150,2022,12,0.0
51150,2022,12,0
51170,2022,12,0.4
11110,2022,12,13.6
11110,2022,12,13.6
28110,2022,12,14.0
28110,2022,12,14.0
51130,2022,12,6.1
47940,2022,12,108.9
41113,2022,12,19.7
41113,2022,12,19.7
51750,2022,12,14.4
43130,2022,12,18.8
44210,2022,12,31.9
47930,2022,12,3.9
47930,2022,12,3.9
43113,2022,12,20.0
30200,2022,12,14.7
43740,2022,12,11.5
47170,2022,12,3.8
47170,2022,12,3.8
47250,2022,12,12.1
47111,2022,12,6.5
52130,2022,12,47.4
52130,2022,12,47.4
27140,2022,12,3.6
27140,2022,12,3.6
52113,2022,12,30.0
52111,2022,12,30.0
31110,2022,12,9.7
31110,2022,12,9.7
31110,2022,12,9.7
48120,2022,12,12.1
29170,2022,12,30.6
26110,2022,12,21.4
48220,2022,12,18.1
46110,2022,12,22.8
46110,2022,12,22.8
46130,2022,12,4.5
46910,2022,12,15.7
46890,2022,12,16.8
52790,2022,12,34.0
52790,2022,12,34.0
52790,2022,12,34.0
46150,2022,12,7.8
46150,2022,12,7.8
44800,2022,12,28.2
43113,2022,12,23.3
50110,2022,12,35.3
50110,2022,12,22.9
50130,2022,12,54.8
50130,2022,12,54.8
50130,2022,12,54.8
50130,2022,12,24.3
50130,2022,12,24.3
48170,2022,12,6.6
48170,2022,12,6.6
28710,2022,12,12.5
41830,2022,12,10.7
41500,2022,12,14.8
51810,2022,12,5.4
51810,2022,12,5.4
51720,2022,12,7.6
51190,2022,12,5.0
51770,2022,12,12.1
51770,2022,12,12.1
51770,2022,12,12.1
43150,2022,12,19.6
43720,2022,12,18.0
44131,2022,12,28.8
44131,2022,12,28.8
44180,2022,12,14.0
44760,2022,12,17.8
44710,2022,12,18.0
36000,2022,12,19.0
36110,2022,12,19.0
52800,2022,12,57.0
52750,2022,12,41.8
52180,2022,12,66.7
52180,2022,12,66.7
52190,2022,12,28.8
52190,2022,12,28.8
52190,2022,12,28.8
52740,2022,12,26.9
52790,2022,12,20.3
46870,2022,12,35.1
48250,2022,12,12.4
52770,2022,12,46.2
48123,2022,12,13.2
48330,2022,12,11.3
46780,2022,12,12.1
46780,2022,12,12.1
46810,2022,12,21.7
46810,2022,12,21.7
46800,2022,12,10.0
46820,2022,12,28.5
46770,2022,12,3.7
46770,2022,12,3.7
48720,2022,12,6.3
48870,2022,12,7.5
46230,2022,12,7.3
46230,2022,12,7.3
46900,2022,12,21.5
47920,2022,12,12.2
47920,2022,12,12.2
47210,2022,12,11.7
47280,2022,12,10.3
47280,2022,12,10.3
47750,2022,12,4.9
47750,2022,12,4.9
47770,2022,12,3.1
47730,2022,12,5.6
47190,2022,12,5.2
47230,2022,12,5.8
47130,2022,12,5.6
48880,2022,12,5.9
48880,2022,12,5.9
48890,2022,12,2.3
48270,2022,12,9.2
48860,2022,12,3.5
48310,2022,12,17.3
48840,2022,12,7.8
51820,2023,1,94.7
51110,2023,1,43.8
51780,2023,1,42.2
41250,2023,1,49.8
41480,2023,1,42.9
51760,2023,1,27.0
51760,2023,1,27.0
51110,2023,1,52.3
28720,2023,1,37.7
28720,2023,1,37.7
51150,2023,1,97.3
51150,2023,1,77.9
51170,2023,1,63.7
11110,2023,1,47.9
11110,2023,1,47.9
28110,2023,1,47.2
28110,2023,1,47.2
51130,2023,1,28.0
47940,2023,1,186.5
41113,2023,1,38.9
41113,2023,1,38.9
51750,2023,1,28.1
43130,2023,1,23.0
44210,2023,1,30.5
47930,2023,1,41.0
47930,2023,1,41.0
43113,2023,1,28.0
30200,2023,1,28.4
43740,2023,1,23.4
47170,2023,1,22.9
47170,2023,1,22.9
47250,2023,1,26.5
47111,2023,1,11.4
52130,2023,1,27.0
52130,2023,1,27.0
27140,2023,1,11.5
27140,2023,1,11.5
52113,2023,1,26.8
52111,2023,1,26.8
31110,2023,1,41.3
31110,2023,1,41.3
31110,2023,1,41.3
48120,2023,1,68.6
29170,2023,1,26.8
26110,2023,1,79.2
48220,2023,1,74.8
46110,2023,1,35.2
46110,2023,1,35.2
46130,2023,1,76.2
46910,2023,1,21.2
46890,2023,1,63.0
52790,2023,1,28.2
52790,2023,1,28.2
52790,2023,1,28.2
46150,2023,1,59.4
46150,2023,1,59.4
44800,2023,1,31.5
50110,2023,1,42.1
50110,2023,1,56.1
50130,2023,1,69.4
50130,2023,1,69.4
50130,2023,1,69.4
50130,2023,1,71.2
50130,2023,1,71.2
48170,2023,1,67.3
48170,2023,1,67.3
28710,2023,1,45.8
41830,2023,1,43.5
41500,2023,1,43.9
51810,2023,1,43.4
51810,2023,1,43.4
51720,2023,1,49.9
51190,2023,1,17.2
51770,2023,1,32.5
51770,2023,1,32.5
51770,2023,1,32.5
43150,2023,1,32.6
43720,2023,1,27.3
44131,2023,1,31.0
44131,2023,1,31.0
44180,2023,1,19.2
44760,2023,1,35.7
44710,2023,1,28.7
36000,2023,1,26.3
36110,2023,1,26.3
52800,2023,1,35.4
52750,2023,1,21.6
52180,2023,1,22.1
52180,2023,1,22.1
52190,2023,1,26.4
52190,2023,1,26.4
52190,2023,1,26.4
52740,2023,1,28.5
52790,2023,1,24.6
46870,2023,1,30.5
48250,2023,1,81.9
52770,2023,1,29.4
48123,2023,1,63.5
48330,2023,1,72.5
46780,2023,1,69.9
46780,2023,1,69.9
46810,2023,1,76.0
46810,2023,1,76.0
46800,2023,1,63.1
46820,2023,1,50.4
46770,2023,1,53.7
46770,2023,1,53.7
48720,2023,1,53.1
48870,2023,1,27.7
46230,2023,1,84.7
46230,2023,1,84.7
46900,2023,1,64.1
47920,2023,1,24.2
47920,2023,1,24.2
47210,2023,1,30.0
47280,2023,1,30.9
47280,2023,1,30.9
47750,2023,1,18.2
47750,2023,1,18.2
47770,2023,1,22.9
47730,2023,1,19.6
47190,2023,1,21.5
47230,2023,1,18.3
47130,2023,1,16.3
48880,2023,1,26.7
48880,2023,1,26.7
48890,2023,1,36.3
48270,2023,1,38.0
48860,2023,1,38.0
48310,2023,1,113.8
48840,2023,1,108.5
51820,2023,2,43.4
51110,2023,2,1.1
51780,2023,2,0.0
41250,2023,2,0.5
41480,2023,2,1.0
51760,2023,2,3.5
51760,2023,2,3.5
51110,2023,2,1.1
28720,2023,2,1.6
28720,2023,2,1.6
51150,2023,2,50.4
51150,2023,2,38.5
51170,2023,2,70.7
11110,2023,2,1.0
11110,2023,2,1.0
28110,2023,2,0.5
28110,2023,2,0.5
51130,2023,2,0.0
47940,2023,2,43.2
41113,2023,2,0.7
41113,2023,2,0.7
51750,2023,2,3.0
43130,2023,2,3.3
44210,2023,2,0.1
47930,2023,2,65.5
47930,2023,2,65.5
43113,2023,2,2.8
30200,2023,2,5.4
43740,2023,2,8.2
47170,2023,2,3.3
47170,2023,2,3.3
47250,2023,2,6.8
47111,2023,2,35.0
52130,2023,2,4.9
52130,2023,2,4.9
27140,2023,2,11.2
27140,2023,2,11.2
52113,2023,2,9.6
52111,2023,2,9.6
31110,2023,2,28.0
31110,2023,2,28.0
31110,2023,2,28.0
48120,2023,2,24.0
29170,2023,2,14.8
26110,2023,2,30.0
48220,2023,2,35.5
46110,2023,2,26.8
46110,2023,2,26.8
46130,2023,2,36.7
46910,2023,2,12.0
46890,2023,2,42.5
52790,2023,2,7.7
52790,2023,2,7.7
52790,2023,2,7.7
46150,2023,2,30.4
46150,2023,2,30.4
44800,2023,2,0.4
50110,2023,2,89.6
50110,2023,2,55.4
50130,2023,2,108.1
50130,2023,2,108.1
50130,2023,2,108.1
50130,2023,2,59.6
50130,2023,2,59.6
48170,2023,2,27.3
48170,2023,2,27.3
28710,2023,2,0.8
41830,2023,2,0.8
41500,2023,2,0.6
51810,2023,2,0.9
51810,2023,2,0.9
51720,2023,2,1.0
51190,2023,2,6.6
51770,2023,2,3.7
51770,2023,2,3.7
51770,2023,2,3.7
43150,2023,2,2.2
43720,2023,2,5.3
44131,2023,2,3.1
44131,2023,2,3.1
44180,2023,2,0.4
44760,2023,2,4.3
44710,2023,2,8.7
36000,2023,2,4.1
36110,2023,2,4.1
52800,2023,2,4.8
52750,2023,2,14.0
52180,2023,2,7.9
52180,2023,2,7.9
52190,2023,2,19.9
52190,2023,2,19.9
52190,2023,2,19.9
52740,2023,2,13.6
52790,2023,2,6.2
46870,2023,2,9.1
48250,2023,2,24.2
52770,2023,2,16.7
48123,2023,2,23.0
48330,2023,2,32.7
46780,2023,2,31.5
46780,2023,2,31.5
46810,2023,2,39.7
46810,2023,2,39.7
46800,2023,2,26.5
46820,2023,2,33.9
46770,2023,2,37.1
46770,2023,2,37.1
48720,2023,2,25.6
48870,2023,2,24.4
46230,2023,2,51.4
46230,2023,2,51.4
46900,2023,2,33.3
47920,2023,2,6.7
47920,2023,2,6.7
47210,2023,2,9.0
47280,2023,2,7.0
47280,2023,2,7.0
47750,2023,2,5.7
47750,2023,2,5.7
47770,2023,2,45.3
47730,2023,2,4.4
47190,2023,2,10.0
47230,2023,2,11.3
47130,2023,2,22.2
48880,2023,2,11.1
48880,2023,2,11.1
48890,2023,2,21.0
48270,2023,2,21.9
48860,2023,2,23.5
48310,2023,2,41.4
48840,2023,2,34.5
51820,2023,3,10.1
51110,2023,3,8.4
51780,2023,3,12.5
41250,2023,3,14.4
41480,2023,3,14.7
51760,2023,3,17.8
51760,2023,3,17.8
51110,2023,3,9.3
28720,2023,3,2.4
28720,2023,3,2.4
51150,2023,3,9.3
51150,2023,3,8.8
51170,2023,3,9.4
11110,2023,3,10.5
11110,2023,3,10.5
28110,2023,3,10.0
28110,2023,3,10.0
51130,2023,3,13.8
47940,2023,3,46.9
41113,2023,3,5.5
41113,2023,3,5.5
51750,2023,3,16.7
43130,2023,3,16.7
44210,2023,3,6.4
47930,2023,3,20.3
47930,2023,3,20.3
43113,2023,3,18.8
30200,2023,3,23.8
43740,2023,3,32.3
47170,2023,3,28.6
47170,2023,3,28.6
47250,2023,3,31.7
47111,2023,3,50.2
52130,2023,3,19.6
52130,2023,3,19.6
27140,2023,3,27.3
27140,2023,3,27.3
52113,2023,3,27.0
52111,2023,3,27.0
31110,2023,3,68.3
31110,2023,3,68.3
31110,2023,3,68.3
48120,2023,3,57.6
29170,2023,3,34.8
26110,2023,3,76.2
48220,2023,3,60.6
46110,2023,3,22.6
46110,2023,3,22.6
46130,2023,3,48.7
46910,2023,3,15.9
46890,2023,3,35.9
52790,2023,3,26.1
52790,2023,3,26.1
52790,2023,3,26.1
46150,2023,3,54.0
46150,2023,3,54.0
44800,2023,3,3.7
50110,2023,3,49.6
50110,2023,3,42.7
50130,2023,3,62.1
50130,2023,3,62.1
50130,2023,3,62.1
50130,2023,3,56.1
50130,2023,3,56.1
48170,2023,3,48.0
48170,2023,3,48.0
28710,2023,3,6.4
41830,2023,3,9.2
41500,2023,3,4.6
51810,2023,3,18.3
51810,2023,3,18.3
51720,2023,3,8.9
51190,2023,3,26.3
51770,2023,3,14.1
51770,2023,3,14.1
51770,2023,3,14.1
43150,2023,3,14.0
43720,2023,3,25.0
44131,2023,3,16.4
44131,2023,3,16.4
44180,2023,3,7.2
44760,2023,3,13.2
44710,2023,3,22.0
36000,2023,3,18.5
36110,2023,3,18.5
52800,2023,3,19.8
52750,2023,3,35.4
52180,2023,3,30.9
52180,2023,3,30.9
52190,2023,3,45.5
52190,2023,3,45.5
52190,2023,3,45.5
52740,2023,3,31.4
52790,2023,3,26.6
46870,2023,3,36.2
48250,2023,3,60.7
52770,2023,3,37.2
48123,2023,3,53.4
48330,2023,3,66.7
46780,2023,3,47.9
46780,2023,3,47.9
46810,2023,3,38.2
46810,2023,3,38.2
46800,2023,3,44.0
46820,2023,3,32.2
46770,2023,3,47.5
46770,2023,3,47.5
48720,2023,3,25.9
48870,2023,3,46.9
46230,2023,3,54.3
46230,2023,3,54.3
46900,2023,3,27.2
47920,2023,3,31.1
47920,2023,3,31.1
47210,2023,3,31.8
47280,2023,3,31.7
47280,2023,3,31.7
47750,2023,3,41.8
47750,2023,3,41.8
47770,2023,3,30.6
47730,2023,3,35.3
47190,2023,3,27.5
47230,2023,3,43.2
47130,2023,3,51.5
48880,2023,3,30.5
48880,2023,3,30.5
48890,2023,3,21.9
48270,2023,3,43.7
48860,2023,3,27.2
48310,2023,3,80.4
48840,2023,3,62.4
26440,2023,3,61.5
51820,2023,4,57.0
51110,2023,4,95.7
51780,2023,4,97.5
41250,2023,4,94.6
41480,2023,4,102.3
51760,2023,4,54.5
51760,2023,4,54.5
51110,2023,4,90.6
28720,2023,4,52.4
28720,2023,4,52.4
51150,2023,4,32.7
51150,2023,4,33.4
51170,2023,4,11.4
11110,2023,4,96.9
11110,2023,4,96.9
28110,2023,4,70.4
28110,2023,4,70.4
51130,2023,4,39.1
47940,2023,4,68.9
41113,2023,4,67.4
41113,2023,4,67.4
51750,2023,4,52.3
43130,2023,4,32.1
44210,2023,4,54.6
47930,2023,4,35.7
47930,2023,4,35.7
43113,2023,4,30.1
30200,2023,4,54.5
43740,2023,4,43.9
47170,2023,4,46.6
47170,2023,4,46.6
47250,2023,4,45.6
47111,2023,4,33.6
52130,2023,4,66.1
52130,2023,4,66.1
27140,2023,4,30.8
27140,2023,4,30.8
52113,2023,4,45.0
52111,2023,4,45.0
31110,2023,4,57.7
31110,2023,4,57.7
31110,2023,4,57.7
48120,2023,4,116.3
29170,2023,4,66.5
26110,2023,4,101.6
48220,2023,4,104.0
46110,2023,4,88.8
46110,2023,4,88.8
46130,2023,4,84.1
46910,2023,4,82.8
46890,2023,4,163.5
52790,2023,4,52.4
52790,2023,4,52.4
52790,2023,4,52.4
46150,2023,4,101.7
46150,2023,4,101.7
44800,2023,4,42.8
50110,2023,4,62.1
50110,2023,4,102.7
50130,2023,4,183.1
50130,2023,4,183.1
50130,2023,4,183.1
50130,2023,4,191.1
50130,2023,4,191.1
48170,2023,4,101.5
48170,2023,4,101.5
28710,2023,4,109.5
41830,2023,4,73.5
41500,2023,4,56.7
51810,2023,4,83.8
51810,2023,4,83.8
51720,2023,4,59.8
51190,2023,4,49.1
51770,2023,4,48.1
51770,2023,4,48.1
51770,2023,4,48.1
43150,2023,4,48.6
43720,2023,4,51.9
44131,2023,4,29.6
44131,2023,4,29.6
44180,2023,4,42.4
44760,2023,4,60.6
44710,2023,4,46.1
36000,2023,4,48.8
36110,2023,4,48.8
52800,2023,4,48.6
52750,2023,4,62.6
52180,2023,4,47.9
52180,2023,4,47.9
52190,2023,4,37.9
52190,2023,4,37.9
52190,2023,4,37.9
52740,2023,4,64.2
52790,2023,4,63.7
46870,2023,4,65.2
48250,2023,4,106.8
52770,2023,4,57.4
48123,2023,4,107.4
48330,2023,4,86.9
46780,2023,4,100.8
46780,2023,4,100.8
46810,2023,4,95.7
46810,2023,4,95.7
46800,2023,4,109.5
46820,2023,4,91.9
46770,2023,4,88.3
46770,2023,4,88.3
48720,2023,4,57.7
48870,2023,4,36.6
46230,2023,4,111.0
46230,2023,4,111.0
46900,2023,4,140.0
47920,2023,4,59.9
47920,2023,4,59.9
47210,2023,4,93.5
47280,2023,4,63.4
47280,2023,4,63.4
47750,2023,4,41.4
47750,2023,4,41.4
47770,2023,4,37.3
47730,2023,4,40.4
47190,2023,4,44.9
47230,2023,4,31.7
47130,2023,4,31.0
48880,2023,4,47.9
48880,2023,4,47.9
48890,2023,4,44.6
48270,2023,4,52.5
48860,2023,4,84.2
48310,2023,4,136.5
48840,2023,4,144.7
26440,2023,4,83.0
51820,2023,5,81.0
51110,2023,5,112.4
51780,2023,5,161.9
41250,2023,5,158.7
41480,2023,5,139.2
51760,2023,5,92.5
51760,2023,5,92.5
51110,2023,5,115.6
28720,2023,5,136.7
28720,2023,5,136.7
51150,2023,5,91.4
51150,2023,5,91.1
51170,2023,5,73.6
11110,2023,5,155.6
11110,2023,5,155.6
28110,2023,5,133.8
28110,2023,5,133.8
51130,2023,5,130.7
47940,2023,5,152.6
41113,2023,5,120.3
41113,2023,5,120.3
51750,2023,5,119.2
43130,2023,5,123.8
44210,2023,5,132.9
47930,2023,5,109.5
47930,2023,5,109.5
43113,2023,5,202.4
30200,2023,5,192.9
43740,2023,5,144.8
47170,2023,5,131.8
47170,2023,5,131.8
47250,2023,5,148.2
47111,2023,5,137.7
52130,2023,5,336.0
52130,2023,5,336.0
27140,2023,5,200.0
27140,2023,5,200.0
52113,2023,5,240.7
52111,2023,5,240.7
31110,2023,5,195.2
31110,2023,5,195.2
31110,2023,5,195.2
48120,2023,5,299.4
29170,2023,5,190.1
26110,2023,5,290.7
48220,2023,5,241.1
46110,2023,5,158.1
46110,2023,5,158.1
46130,2023,5,339.2
46910,2023,5,102.1
46890,2023,5,-
52790,2023,5,174.2
52790,2023,5,174.2
52790,2023,5,174.2
46150,2023,5,271.3
46150,2023,5,271.3
44800,2023,5,139.0
43113,2023,5,183.8
50110,2023,5,269.3
50110,2023,5,298.9
50130,2023,5,489.8
50130,2023,5,489.8
50130,2023,5,489.8
50130,2023,5,574.3
50130,2023,5,574.3
48170,2023,5,364.0
48170,2023,5,364.0
28710,2023,5,148.1
41830,2023,5,143.5
41500,2023,5,169.1
51810,2023,5,104.8
51810,2023,5,104.8
51720,2023,5,135.0
51190,2023,5,130.5
51770,2023,5,128.3
51770,2023,5,128.3
51770,2023,5,128.3
43150,2023,5,167.1
43720,2023,5,146.4
44131,2023,5,116.9
44131,2023,5,116.9
44180,2023,5,190.8
44760,2023,5,248.1
44710,2023,5,211.5
36000,2023,5,194.2
36110,2023,5,194.2
52800,2023,5,236.7
52750,2023,5,222.0
52180,2023,5,202.1
52180,2023,5,202.1
52190,2023,5,172.6
52190,2023,5,172.6
52190,2023,5,172.6
52740,2023,5,239.2
52790,2023,5,173.0
46870,2023,5,199.4
48250,2023,5,291.6
52770,2023,5,195.1
48123,2023,5,305.7
48330,2023,5,294.4
46780,2023,5,335.7
46780,2023,5,335.7
46810,2023,5,321.7
46810,2023,5,321.7
46800,2023,5,286.2
46820,2023,5,263.6
46770,2023,5,288.4
46770,2023,5,288.4
48720,2023,5,304.7
48870,2023,5,151.7
46230,2023,5,258.7
46230,2023,5,258.7
46900,2023,5,185.1
47920,2023,5,145.0
47920,2023,5,145.0
47210,2023,5,160.2
47280,2023,5,173.7
47280,2023,5,173.7
47750,2023,5,158.7
47750,2023,5,158.7
47770,2023,5,115.5
47730,2023,5,152.8
47190,2023,5,161.1
47230,2023,5,166.9
47130,2023,5,141.8
48880,2023,5,211.3
48880,2023,5,211.3
48890,2023,5,221.4
48270,2023,5,284.2
48860,2023,5,180.1
48310,2023,5,345.6
48840,2023,5,415.5
26440,2023,5,262.5
51820,2023,6,200.1
51110,2023,6,280.7
51780,2023,6,220.4
41250,2023,6,218.4
41480,2023,6,212.0
51760,2023,6,194.3
51760,2023,6,194.3
51110,2023,6,263.2
28720,2023,6,95.7
28720,2023,6,95.7
51150,2023,6,171.3
51150,2023,6,160.0
51170,2023,6,111.6
11110,2023,6,195.6
11110,2023,6,195.6
28110,2023,6,116.2
28110,2023,6,116.2
51130,2023,6,140.0
47940,2023,6,125.3
41113,2023,6,131.5
41113,2023,6,131.5
51750,2023,6,180.8
43130,2023,6,239.6
44210,2023,6,138.1
47930,2023,6,144.1
47930,2023,6,144.1
43113,2023,6,100.5
30200,2023,6,147.5
43740,2023,6,254.9
47170,2023,6,247.7
47170,2023,6,247.7
47250,2023,6,174.8
47111,2023,6,101.5
52130,2023,6,179.1
52130,2023,6,179.1
27140,2023,6,178.7
27140,2023,6,178.7
52113,2023,6,169.9
52111,2023,6,169.9
31110,2023,6,141.4
31110,2023,6,141.4
31110,2023,6,141.4
48120,2023,6,209.1
29170,2023,6,441.2
26110,2023,6,153.9
48220,2023,6,237.5
46110,2023,6,168.8
46110,2023,6,168.8
46130,2023,6,298.2
46910,2023,6,85.0
46890,2023,6,158.6
52790,2023,6,-
52790,2023,6,-
52790,2023,6,-
46150,2023,6,-
46150,2023,6,-
44800,2023,6,100.3
43113,2023,6,110.0
50110,2023,6,213.0
50110,2023,6,272.3
50130,2023,6,265.5
50130,2023,6,265.5
50130,2023,6,265.5
50130,2023,6,418.5
50130,2023,6,418.5
48170,2023,6,303.3
48170,2023,6,303.3
28710,2023,6,168.4
41830,2023,6,161.1
41500,2023,6,156.0
51810,2023,6,229.0
51810,2023,6,229.0
51720,2023,6,164.9
51190,2023,6,255.0
51770,2023,6,-
51770,2023,6,-
51770,2023,6,-
43150,2023,6,231.3
43720,2023,6,169.3
44131,2023,6,178.9
44131,2023,6,178.9
44180,2023,6,95.1
44760,2023,6,122.2
44710,2023,6,196.9
36000,2023,6,112.6
36110,2023,6,112.6
52800,2023,6,247.2
52750,2023,6,208.1
52180,2023,6,230.8
52180,2023,6,230.8
52190,2023,6,-
52190,2023,6,-
52190,2023,6,-
52740,2023,6,348.0
52790,2023,6,-
46870,2023,6,136.5
48250,2023,6,131.8
52770,2023,6,383.7
48123,2023,6,153.8
48330,2023,6,122.8
46780,2023,6,374.0
46780,2023,6,374.0
46810,2023,6,171.5
46810,2023,6,171.5
46800,2023,6,219.1
46820,2023,6,153.7
46770,2023,6,267.9
46770,2023,6,267.9
48720,2023,6,197.4
48870,2023,6,241.9
46230,2023,6,284.1
46230,2023,6,284.1
46900,2023,6,133.5
47920,2023,6,301.6
47920,2023,6,301.6
47210,2023,6,483.2
47280,2023,6,231.0
47280,2023,6,231.0
47750,2023,6,168.2
47750,2023,6,168.2
47770,2023,6,113.4
47730,2023,6,206.6
47190,2023,6,164.3
47230,2023,6,247.6
47130,2023,6,118.8
48880,2023,6,180.2
48880,2023,6,180.2
48890,2023,6,196.3
48270,2023,6,279.2
48860,2023,6,258.8
48310,2023,6,280.5
48840,2023,6,364.9
26440,2023,6,125.5
51820,2023,7,108.2
51110,2023,7,318.1
51780,2023,7,383.4
41250,2023,7,355.6
41480,2023,7,441.0
51760,2023,7,181.9
51760,2023,7,181.9
51110,2023,7,313.5
28720,2023,7,141.9
28720,2023,7,141.9
51150,2023,7,109.1
51150,2023,7,104.7
51170,2023,7,75.4
11110,2023,7,459.9
11110,2023,7,459.9
28110,2023,7,370.8
28110,2023,7,370.8
51130,2023,7,463.3
47940,2023,7,222.5
41113,2023,7,490.5
41113,2023,7,490.5
51750,2023,7,491.5
43130,2023,7,554.2
44210,2023,7,507.0
47930,2023,7,187.0
47930,2023,7,187.0
43113,2023,7,698.5
30200,2023,7,776.3
43740,2023,7,390.3
47170,2023,7,418.3
47170,2023,7,418.3
47250,2023,7,517.5
47111,2023,7,204.3
52130,2023,7,870.3
52130,2023,7,870.3
27140,2023,7,298.7
27140,2023,7,298.7
52113,2023,7,735.0
52111,2023,7,735.0
31110,2023,7,266.9
31110,2023,7,266.9
31110,2023,7,266.9
48120,2023,7,471.7
29170,2023,7,684.6
26110,2023,7,701.7
48220,2023,7,586.4
46110,2023,7,629.2
46110,2023,7,629.2
46130,2023,7,482.4
46910,2023,7,590.5
46890,2023,7,433.0
52790,2023,7,377.0
52790,2023,7,377.0
52790,2023,7,377.0
46150,2023,7,598.7
46150,2023,7,598.7
44800,2023,7,562.2
50110,2023,7,273.2
50110,2023,7,170.8
50130,2023,7,344.2
50130,2023,7,344.2
50130,2023,7,344.2
50130,2023,7,378.8
50130,2023,7,378.8
48170,2023,7,504.5
48170,2023,7,504.5
28710,2023,7,381.2
41830,2023,7,526.3
41500,2023,7,547.2
51810,2023,7,245.1
51810,2023,7,245.1
51720,2023,7,452.0
51190,2023,7,267.2
51770,2023,7,378.2
51770,2023,7,378.2
51770,2023,7,378.2
43150,2023,7,605.3
43720,2023,7,796.9
44131,2023,7,574.9
44131,2023,7,574.9
44180,2023,7,772.2
44760,2023,7,880.3
44710,2023,7,624.5
36000,2023,7,866.5
36110,2023,7,866.5
52800,2023,7,647.2
52750,2023,7,708.5
52180,2023,7,705.4
52180,2023,7,705.4
52190,2023,7,628.9
52190,2023,7,628.9
52190,2023,7,628.9
52740,2023,7,761.8
52790,2023,7,526.2
46870,2023,7,538.1
48250,2023,7,448.9
52770,2023,7,738.2
48123,2023,7,416.1
48330,2023,7,474.3
46780,2023,7,553.2
46780,2023,7,553.2
46810,2023,7,562.6
46810,2023,7,562.6
46800,2023,7,575.2
46820,2023,7,526.0
46770,2023,7,414.6
46770,2023,7,414.6
48720,2023,7,437.1
48870,2023,7,473.4
46230,2023,7,743.3
46230,2023,7,743.3
46900,2023,7,507.7
47920,2023,7,551.9
47920,2023,7,551.9
47210,2023,7,616.7
47280,2023,7,728.1
47280,2023,7,728.1
47750,2023,7,367.0
47750,2023,7,367.0
47770,2023,7,260.3
47730,2023,7,457.6
47190,2023,7,481.3
47230,2023,7,234.1
47130,2023,7,187.7
48880,2023,7,482.1
48880,2023,7,482.1
48890,2023,7,422.9
48270,2023,7,415.2
48860,2023,7,464.2
48310,2023,7,636.8
48840,2023,7,709.8
26440,2023,7,478.0
51820,2023,8,669.6
51110,2023,8,203.6
51780,2023,8,241.6
41250,2023,8,255.9
41480,2023,8,247.8
51760,2023,8,303.8
51760,2023,8,303.8
51110,2023,8,215.2
28720,2023,8,249.1
28720,2023,8,249.1
51150,2023,8,502.9
51150,2023,8,520.8
51170,2023,8,392.8
11110,2023,8,298.1
11110,2023,8,298.1
28110,2023,8,297.5
28110,2023,8,297.5
51130,2023,8,233.0
47940,2023,8,41.1
41113,2023,8,200.7
41113,2023,8,200.7
51750,2023,8,290.1
43130,2023,8,248.0
44210,2023,8,225.0
47930,2023,8,250.1
47930,2023,8,250.1
43113,2023,8,297.7
30200,2023,8,326.9
43740,2023,8,288.0
47170,2023,8,296.5
47170,2023,8,296.5
47250,2023,8,333.2
47111,2023,8,272.5
52130,2023,8,178.8
52130,2023,8,178.8
27140,2023,8,312.8
27140,2023,8,312.8
52113,2023,8,274.8
52111,2023,8,274.8
31110,2023,8,403.3
31110,2023,8,403.3
31110,2023,8,403.3
48120,2023,8,506.8
29170,2023,8,341.2
26110,2023,8,299.9
48220,2023,8,391.6
46110,2023,8,152.9
46110,2023,8,152.9
46130,2023,8,247.0
46910,2023,8,118.8
46890,2023,8,191.8
52790,2023,8,164.3
52790,2023,8,164.3
52790,2023,8,164.3
46150,2023,8,325.8
46150,2023,8,325.8
44800,2023,8,199.2
50110,2023,8,182.5
50110,2023,8,203.6
50130,2023,8,179.7
50130,2023,8,179.7
50130,2023,8,179.7
50130,2023,8,218.9
50130,2023,8,218.9
48170,2023,8,439.6
48170,2023,8,439.6
28710,2023,8,201.1
41830,2023,8,207.7
41500,2023,8,253.9
51810,2023,8,219.8
51810,2023,8,219.8
51720,2023,8,144.6
51190,2023,8,356.9
51770,2023,8,255.2
51770,2023,8,255.2
51770,2023,8,255.2
43150,2023,8,240.9
43720,2023,8,242.9
44131,2023,8,196.5
44131,2023,8,196.5
44180,2023,8,107.8
44760,2023,8,300.6
44710,2023,8,248.7
36000,2023,8,301.6
36110,2023,8,301.6
52800,2023,8,168.5
52750,2023,8,328.2
52180,2023,8,260.2
52180,2023,8,260.2
52190,2023,8,294.2
52190,2023,8,294.2
52190,2023,8,294.2
52740,2023,8,296.2
52790,2023,8,190.2
46870,2023,8,143.1
48250,2023,8,347.0
52770,2023,8,304.5
48123,2023,8,528.9
48330,2023,8,531.4
46780,2023,8,162.1
46780,2023,8,162.1
46810,2023,8,349.2
46810,2023,8,349.2
46800,2023,8,356.2
46820,2023,8,199.8
46770,2023,8,222.2
46770,2023,8,222.2
48720,2023,8,439.6
48870,2023,8,406.1
46230,2023,8,371.2
46230,2023,8,371.2
46900,2023,8,165.3
47920,2023,8,361.6
47920,2023,8,361.6
47210,2023,8,318.2
47280,2023,8,264.1
47280,2023,8,264.1
47750,2023,8,314.5
47750,2023,8,314.5
47770,2023,8,216.6
47730,2023,8,321.6
47190,2023,8,498.3
47230,2023,8,267.1
47130,2023,8,255.0
48880,2023,8,334.8
48880,2023,8,334.8
48890,2023,8,503.0
48270,2023,8,381.8
48860,2023,8,503.1
48310,2023,8,427.5
48840,2023,8,404.2
26440,2023,8,414.0
51820,2023,9,208.2
51110,2023,9,119.5
51780,2023,9,102.9
41250,2023,9,56.3
41480,2023,9,43.1
51760,2023,9,190.2
51760,2023,9,190.2
51110,2023,9,122.8
28720,2023,9,18.1
28720,2023,9,18.1
51150,2023,9,240.1
51150,2023,9,236.8
51170,2023,9,261.2
11110,2023,9,134.5
11110,2023,9,134.5
28110,2023,9,129.2
28110,2023,9,129.2
51130,2023,9,158.6
47940,2023,9,292.0
41113,2023,9,135.6
41113,2023,9,135.6
51750,2023,9,166.8
43130,2023,9,242.5
44210,2023,9,166.1
47930,2023,9,274.9
47930,2023,9,274.9
43113,2023,9,270.6
30200,2023,9,310.2
43740,2023,9,199.8
47170,2023,9,206.4
47170,2023,9,206.4
47250,2023,9,225.1
47111,2023,9,142.1
52130,2023,9,199.3
52130,2023,9,199.3
27140,2023,9,123.6
27140,2023,9,123.6
52113,2023,9,203.4
52111,2023,9,203.4
31110,2023,9,276.7
31110,2023,9,276.7
31110,2023,9,276.7
48120,2023,9,268.7
29170,2023,9,152.5
26110,2023,9,322.7
48220,2023,9,283.7
46110,2023,9,146.7
46110,2023,9,146.7
46130,2023,9,203.2
46910,2023,9,163.8
46890,2023,9,110.2
52790,2023,9,174.3
52790,2023,9,174.3
52790,2023,9,174.3
46150,2023,9,217.5
46150,2023,9,217.5
44800,2023,9,269.3
50110,2023,9,84.5
50110,2023,9,76.1
50130,2023,9,219.4
50130,2023,9,219.4
50130,2023,9,219.4
50130,2023,9,126.4
50130,2023,9,126.4
48170,2023,9,278.4
48170,2023,9,278.4
28710,2023,9,81.3
41830,2023,9,133.4
41500,2023,9,167.9
51810,2023,9,128.8
51810,2023,9,128.8
51720,2023,9,154.0
51190,2023,9,228.9
51770,2023,9,175.5
51770,2023,9,175.5
51770,2023,9,175.5
43150,2023,9,234.6
43720,2023,9,243.2
44131,2023,9,180.1
44131,2023,9,180.1
44180,2023,9,288.4
44760,2023,9,303.0
44710,2023,9,218.5
36000,2023,9,373.1
36110,2023,9,373.1
52800,2023,9,191.2
52750,2023,9,151.6
52180,2023,9,198.8
52180,2023,9,198.8
52190,2023,9,107.1
52190,2023,9,107.1
52190,2023,9,107.1
52740,2023,9,165.6
52790,2023,9,190.5
46870,2023,9,166.0
48250,2023,9,238.1
52770,2023,9,123.0
48123,2023,9,294.7
48330,2023,9,338.3
46780,2023,9,156.3
46780,2023,9,156.3
46810,2023,9,124.4
46810,2023,9,124.4
46800,2023,9,152.9
46820,2023,9,124.7
46770,2023,9,121.0
46770,2023,9,121.0
48720,2023,9,219.5
48870,2023,9,117.6
46230,2023,9,181.5
46230,2023,9,181.5
46900,2023,9,126.3
47920,2023,9,187.3
47920,2023,9,187.3
47210,2023,9,270.9
47280,2023,9,259.5
47280,2023,9,259.5
47750,2023,9,228.1
47750,2023,9,228.1
47770,2023,9,232.6
47730,2023,9,222.4
47190,2023,9,219.0
47230,2023,9,140.3
47130,2023,9,113.1
48880,2023,9,125.6
48880,2023,9,125.6
48890,2023,9,160.3
48270,2023,9,210.3
48860,2023,9,170.6
48310,2023,9,377.2
48840,2023,9,280.9
26440,2023,9,323.5
51820,2023,10,31.4
51110,2023,10,25.9
51780,2023,10,30.5
41250,2023,10,38.5
41480,2023,10,46.5
51760,2023,10,31.2
51760,2023,10,31.2
51110,2023,10,28.2
28720,2023,10,19.9
28720,2023,10,19.9
51150,2023,10,21.3
51150,2023,10,26.1
51170,2023,10,31.2
11110,2023,10,31.0
11110,2023,10,31.0
28110,2023,10,16.8
28110,2023,10,16.8
51130,2023,10,37.8
47940,2023,10,49.1
41113,2023,10,35.8
41113,2023,10,35.8
51750,2023,10,21.2
43130,2023,10,31.3
44210,2023,10,39.6
47930,2023,10,11.8
47930,2023,10,11.8
43113,2023,10,17.4
30200,2023,10,12.2
43740,2023,10,12.2
47170,2023,10,8.5
47170,2023,10,8.5
47250,2023,10,5.2
47111,2023,10,4.4
52130,2023,10,20.5
52130,2023,10,20.5
27140,2023,10,5.7
27140,2023,10,5.7
52113,2023,10,18.2
52111,2023,10,18.2
31110,2023,10,4.3
31110,2023,10,4.3
31110,2023,10,4.3
48120,2023,10,4.0
29170,2023,10,11.5
26110,2023,10,4.2
48220,2023,10,4.1
46110,2023,10,7.1
46110,2023,10,7.1
46130,2023,10,3.1
46910,2023,10,12.7
46890,2023,10,8.1
52790,2023,10,14.1
52790,2023,10,14.1
52790,2023,10,14.1
46150,2023,10,8.6
46150,2023,10,8.6
44800,2023,10,7.7
43113,2023,10,12.7
50110,2023,10,36.0
50110,2023,10,2.8
50130,2023,10,40.5
50130,2023,10,40.5
50130,2023,10,40.5
50130,2023,10,5.9
50130,2023,10,5.9
48170,2023,10,7.1
48170,2023,10,7.1
28710,2023,10,59.6
41830,2023,10,53.9
41500,2023,10,38.7
51810,2023,10,6.7
51810,2023,10,6.7
51720,2023,10,35.3
51190,2023,10,16.9
51770,2023,10,25.1
51770,2023,10,25.1
51770,2023,10,25.1
43150,2023,10,33.8
43720,2023,10,14.5
44131,2023,10,28.7
44131,2023,10,28.7
44180,2023,10,25.5
44760,2023,10,16.7
44710,2023,10,7.6
36000,2023,10,5.3
36110,2023,10,5.3
52800,2023,10,13.3
52750,2023,10,11.1
52180,2023,10,16.7
52180,2023,10,16.7
52190,2023,10,9.9
52190,2023,10,9.9
52190,2023,10,9.9
52740,2023,10,15.9
52790,2023,10,11.5
46870,2023,10,15.2
48250,2023,10,3.8
52770,2023,10,9.1
48123,2023,10,5.0
48330,2023,10,2.6
46780,2023,10,7.0
46780,2023,10,7.0
46810,2023,10,6.3
46810,2023,10,6.3
46800,2023,10,7.5
46820,2023,10,4.9
46770,2023,10,4.5
46770,2023,10,4.5
48720,2023,10,11.0
48870,2023,10,5.4
46230,2023,10,3.3
46230,2023,10,3.3
46900,2023,10,5.7
47920,2023,10,24.3
47920,2023,10,24.3
47210,2023,10,30.2
47280,2023,10,8.3
47280,2023,10,8.3
47750,2023,10,7.4
47750,2023,10,7.4
47770,2023,10,9.9
47730,2023,10,6.8
47190,2023,10,3.4
47230,2023,10,5.5
47130,2023,10,3.9
48880,2023,10,9.5
48880,2023,10,9.5
48890,2023,10,6.3
48270,2023,10,9.2
48860,2023,10,8.0
48310,2023,10,4.2
48840,2023,10,4.5
26440,2023,10,2.5
51820,2023,11,60.1
51110,2023,11,80.3
51780,2023,11,104.9
41250,2023,11,93.4
41480,2023,11,75.5
51760,2023,11,39.9
51760,2023,11,39.9
51110,2023,11,86.2
28720,2023,11,107.7
28720,2023,11,107.7
51150,2023,11,59.9
51150,2023,11,41.0
51170,2023,11,74.6
11110,2023,11,81.9
11110,2023,11,81.9
28110,2023,11,63.1
28110,2023,11,63.1
51130,2023,11,66.7
47940,2023,11,115.5
41113,2023,11,99.0
41113,2023,11,99.0
51750,2023,11,37.3
43130,2023,11,50.8
44210,2023,11,122.9
47930,2023,11,37.4
47930,2023,11,37.4
43113,2023,11,41.5
30200,2023,11,40.3
43740,2023,11,36.6
47170,2023,11,32.1
47170,2023,11,32.1
47250,2023,11,35.9
47111,2023,11,13.1
52130,2023,11,80.2
52130,2023,11,80.2
27140,2023,11,31.6
27140,2023,11,31.6
52113,2023,11,92.2
52111,2023,11,92.2
31110,2023,11,33.1
31110,2023,11,33.1
31110,2023,11,33.1
48120,2023,11,51.2
29170,2023,11,71.9
26110,2023,11,28.5
48220,2023,11,47.8
46110,2023,11,75.7
46110,2023,11,75.7
46130,2023,11,45.5
46910,2023,11,90.3
46890,2023,11,110.1
52790,2023,11,70.2
52790,2023,11,70.2
52790,2023,11,70.2
46150,2023,11,104.8
46150,2023,11,104.8
44800,2023,11,96.0
43113,2023,11,42.2
50110,2023,11,69.1
50110,2023,11,44.6
50130,2023,11,64.1
50130,2023,11,64.1
50130,2023,11,64.1
50130,2023,11,45.2
50130,2023,11,45.2
48170,2023,11,65.1
48170,2023,11,65.1
28710,2023,11,86.1
41830,2023,11,89.9
41500,2023,11,95.1
51810,2023,11,84.9
51810,2023,11,84.9
51720,2023,11,89.9
51190,2023,11,49.5
51770,2023,11,58.2
51770,2023,11,58.2
51770,2023,11,58.2
43150,2023,11,49.8
43720,2023,11,39.6
44131,2023,11,56.9
44131,2023,11,56.9
44180,2023,11,65.2
44760,2023,11,58.1
44710,2023,11,60.0
36000,2023,11,40.0
36110,2023,11,40.0
52800,2023,11,104.7
52750,2023,11,91.5
52180,2023,11,90.9
52180,2023,11,90.9
52190,2023,11,83.5
52190,2023,11,83.5
52190,2023,11,83.5
52740,2023,11,94.8
52790,2023,11,67.5
46870,2023,11,61.1
48250,2023,11,64.8
52770,2023,11,83.3
48123,2023,11,56.2
48330,2023,11,62.2
46780,2023,11,109.8
46780,2023,11,109.8
46810,2023,11,85.7
46810,2023,11,85.7
46800,2023,11,93.0
46820,2023,11,81.6
46770,2023,11,105.2
46770,2023,11,105.2
48720,2023,11,88.7
48870,2023,11,48.2
46230,2023,11,71.6
46230,2023,11,71.6
46900,2023,11,80.4
47920,2023,11,34.5
47920,2023,11,34.5
47210,2023,11,67.9
47280,2023,11,36.4
47280,2023,11,36.4
47750,2023,11,27.3
47750,2023,11,27.3
47770,2023,11,9.1
47730,2023,11,26.4
47190,2023,11,40.5
47230,2023,11,24.7
47130,2023,11,28.8
48880,2023,11,44.2
48880,2023,11,44.2
48890,2023,11,46.5
48270,2023,11,61.7
48860,2023,11,83.6
48310,2023,11,53.3
48840,2023,11,79.7
26440,2023,11,45.5
51820,2023,12,205.0
51110,2023,12,77.3
51780,2023,12,69.4
41250,2023,12,76.6
41480,2023,12,72.0
51760,2023,12,155.2
51760,2023,12,155.2
51110,2023,12,91.8
28720,2023,12,74.8
28720,2023,12,74.8
51150,2023,12,248.4
51150,2023,12,229.2
51170,2023,12,181.2
11110,2023,12,85.9
11110,2023,12,85.9
28110,2023,12,75.9
28110,2023,12,75.9
51130,2023,12,80.7
47940,2023,12,183.8
41113,2023,12,83.5
41113,2023,12,83.5
51750,2023,12,100.5
43130,2023,12,96.3
44210,2023,12,106.5
47930,2023,12,139.7
47930,2023,12,139.7
43113,2023,12,97.3
30200,2023,12,124.1
43740,2023,12,117.1
47170,2023,12,76.0
47170,2023,12,76.0
47250,2023,12,120.1
47111,2023,12,106.4
52130,2023,12,139.0
52130,2023,12,139.0
27140,2023,12,89.9
27140,2023,12,89.9
52113,2023,12,144.0
52111,2023,12,144.0
31110,2023,12,126.7
31110,2023,12,126.7
31110,2023,12,126.7
48120,2023,12,83.7
29170,2023,12,80.2
26110,2023,12,102.8
48220,2023,12,67.2
46110,2023,12,66.0
46110,2023,12,66.0
46130,2023,12,71.1
46910,2023,12,71.8
46890,2023,12,78.7
52790,2023,12,109.9
52790,2023,12,109.9
52790,2023,12,109.9
46150,2023,12,65.1
46150,2023,12,65.1
44800,2023,12,132.7
43113,2023,12,98.3
50110,2023,12,73.9
50110,2023,12,74.0
50130,2023,12,73.2
50130,2023,12,73.2
50130,2023,12,73.2
50130,2023,12,74.7
50130,2023,12,74.7
48170,2023,12,98.7
48170,2023,12,98.7
28710,2023,12,89.0
41830,2023,12,95.6
41500,2023,12,99.7
51810,2023,12,60.1
51810,2023,12,60.1
51720,2023,12,97.1
51190,2023,12,121.7
51770,2023,12,99.2
51770,2023,12,99.2
51770,2023,12,99.2
43150,2023,12,105.5
43720,2023,12,108.1
44131,2023,12,89.5
44131,2023,12,89.5
44180,2023,12,112.5
44760,2023,12,122.2
44710,2023,12,127.7
36000,2023,12,112.3
36110,2023,12,112.3
52800,2023,12,136.2
52750,2023,12,129.8
52180,2023,12,124.0
52180,2023,12,124.0
52190,2023,12,106.8
52190,2023,12,106.8
52190,2023,12,106.8
52740,2023,12,108.9
52790,2023,12,110.8
46870,2023,12,95.7
48250,2023,12,80.0
52770,2023,12,119.7
48123,2023,12,79.3
48330,2023,12,87.2
46780,2023,12,67.4
46780,2023,12,67.4
46810,2023,12,62.3
46810,2023,12,62.3
46800,2023,12,51.9
46820,2023,12,56.6
46770,2023,12,51.6
46770,2023,12,51.6
48720,2023,12,79.6
48870,2023,12,121.1
46230,2023,12,59.5
46230,2023,12,59.5
46900,2023,12,72.2
47920,2023,12,100.6
47920,2023,12,100.6
47210,2023,12,104.5
47280,2023,12,108.6
47280,2023,12,108.6
47750,2023,12,103.9
47750,2023,12,103.9
47770,2023,12,135.2
47730,2023,12,81.5
47190,2023,12,100.8
47230,2023,12,105.3
47130,2023,12,176.4
48880,2023,12,121.5
48880,2023,12,121.5
48890,2023,12,90.9
48270,2023,12,76.3
48860,2023,12,96.9
48310,2023,12,88.3
48840,2023,12,89.6
26440,2023,12,81.0
51820,2024,1,11.6
51110,2024,1,8.9
51780,2024,1,7.2
41250,2024,1,13.2
41480,2024,1,12.1
51760,2024,1,16.8
51760,2024,1,16.8
51110,2024,1,9.3
28720,2024,1,15.2
28720,2024,1,15.2
51150,2024,1,31.3
51150,2024,1,46.8
51170,2024,1,55.2
11110,2024,1,18.9
11110,2024,1,18.9
28110,2024,1,16.3
28110,2024,1,16.3
51130,2024,1,12.4
47940,2024,1,135.7
41113,2024,1,21.2
41113,2024,1,21.2
51750,2024,1,21.1
43130,2024,1,34.6
44210,2024,1,34.4
47930,2024,1,35.5
47930,2024,1,35.5
43113,2024,1,37.2
30200,2024,1,47.8
43740,2024,1,42.5
47170,2024,1,13.4
47170,2024,1,13.4
47250,2024,1,29.2
47111,2024,1,27.4
52130,2024,1,57.4
52130,2024,1,57.4
27140,2024,1,21.4
27140,2024,1,21.4
52113,2024,1,54.6
52111,2024,1,54.6
31110,2024,1,42.3
31110,2024,1,42.3
31110,2024,1,42.3
48120,2024,1,34.1
29170,2024,1,31.1
26110,2024,1,40.6
48220,2024,1,35.2
46110,2024,1,55.9
46110,2024,1,55.9
46130,2024,1,42.6
46910,2024,1,66.2
46890,2024,1,64.3
52790,2024,1,48.4
52790,2024,1,48.4
52790,2024,1,48.4
46150,2024,1,29.0
46150,2024,1,29.0
44800,2024,1,38.9
43113,2024,1,34.5
50110,2024,1,93.4
50110,2024,1,40.1
50130,2024,1,98.3
50130,2024,1,98.3
50130,2024,1,98.3
50130,2024,1,56.8
50130,2024,1,56.8
48170,2024,1,31.5
48170,2024,1,31.5
28710,2024,1,14.1
41830,2024,1,17.1
41500,2024,1,25.8
51810,2024,1,6.8
51810,2024,1,6.8
51720,2024,1,11.6
51190,2024,1,16.1
51770,2024,1,14.1
51770,2024,1,14.1
51770,2024,1,14.1
43150,2024,1,24.8
43720,2024,1,34.1
44131,2024,1,34.9
44131,2024,1,34.9
44180,2024,1,29.5
44760,2024,1,43.9
44710,2024,1,54.3
36000,2024,1,42.5
36110,2024,1,42.5
52800,2024,1,54.7
52750,2024,1,48.1
52180,2024,1,67.9
52180,2024,1,67.9
52190,2024,1,34.3
52190,2024,1,34.3
52190,2024,1,34.3
52740,2024,1,56.5
52790,2024,1,48.1
46870,2024,1,40.0
48250,2024,1,34.7
52770,2024,1,38.9
48123,2024,1,50.9
48330,2024,1,31.3
46780,2024,1,40.1
46780,2024,1,40.1
46810,2024,1,52.3
46810,2024,1,52.3
46800,2024,1,42.9
46820,2024,1,43.3
46770,2024,1,38.5
46770,2024,1,38.5
48720,2024,1,24.3
48870,2024,1,31.8
46230,2024,1,29.4
46230,2024,1,29.4
46900,2024,1,58.3
47920,2024,1,12.0
47920,2024,1,12.0
47210,2024,1,18.6
47280,2024,1,25.2
47280,2024,1,25.2
47750,2024,1,20.1
47750,2024,1,20.1
47770,2024,1,20.6
47730,2024,1,17.6
47190,2024,1,26.8
47230,2024,1,19.6
47130,2024,1,31.8
48880,2024,1,29.8
48880,2024,1,29.8
48890,2024,1,19.2
48270,2024,1,27.1
48860,2024,1,28.4
48310,2024,1,37.2
48840,2024,1,53.0
26440,2024,1,29.0
51820,2024,2,125.7
51110,2024,2,45.0
51780,2024,2,48.2
41250,2024,2,58.2
41480,2024,2,71.9
51760,2024,2,119.6
51760,2024,2,119.6
51110,2024,2,54.3
28720,2024,2,53.3
28720,2024,2,53.3
51150,2024,2,165.6
51150,2024,2,175.3
51170,2024,2,153.6
11110,2024,2,74.7
11110,2024,2,74.7
28110,2024,2,63.8
28110,2024,2,63.8
51130,2024,2,62.4
47940,2024,2,95.7
41113,2024,2,74.8
41113,2024,2,74.8
51750,2024,2,66.4
43130,2024,2,86.6
44210,2024,2,86.4
47930,2024,2,112.5
47930,2024,2,112.5
43113,2024,2,79.1
30200,2024,2,93.9
43740,2024,2,100.0
47170,2024,2,62.3
47170,2024,2,62.3
47250,2024,2,93.1
47111,2024,2,113.9
52130,2024,2,138.9
52130,2024,2,138.9
27140,2024,2,56.8
27140,2024,2,56.8
52113,2024,2,113.4
52111,2024,2,113.4
31110,2024,2,105.4
31110,2024,2,105.4
31110,2024,2,105.4
48120,2024,2,160.2
29170,2024,2,111.3
26110,2024,2,137.1
48220,2024,2,116.6
46110,2024,2,108.5
46110,2024,2,108.5
46130,2024,2,147.4
46910,2024,2,102.3
46890,2024,2,-
52790,2024,2,97.1
52790,2024,2,97.1
52790,2024,2,97.1
46150,2024,2,160.8
46150,2024,2,160.8
44800,2024,2,132.4
43113,2024,2,89.4
50110,2024,2,205.4
50110,2024,2,94.9
50130,2024,2,321.4
50130,2024,2,321.4
50130,2024,2,321.4
50130,2024,2,147.7
50130,2024,2,147.7
48170,2024,2,201.2
48170,2024,2,201.2
28710,2024,2,78.1
41830,2024,2,66.0
41500,2024,2,91.6
51810,2024,2,48.4
51810,2024,2,48.4
51720,2024,2,71.0
51190,2024,2,89.0
51770,2024,2,80.7
51770,2024,2,80.7
51770,2024,2,80.7
43150,2024,2,78.9
43720,2024,2,79.6
44131,2024,2,89.7
44131,2024,2,89.7
44180,2024,2,92.6
44760,2024,2,135.8
44710,2024,2,95.7
36000,2024,2,104.0
36110,2024,2,104.0
52800,2024,2,130.9
52750,2024,2,108.5
52180,2024,2,106.0
52180,2024,2,106.0
52190,2024,2,111.6
52190,2024,2,111.6
52190,2024,2,111.6
52740,2024,2,127.7
52790,2024,2,87.8
46870,2024,2,105.2
48250,2024,2,137.2
52770,2024,2,109.5
48123,2024,2,141.3
48330,2024,2,139.9
46780,2024,2,206.8
46780,2024,2,206.8
46810,2024,2,163.5
46810,2024,2,163.5
46800,2024,2,145.4
46820,2024,2,110.6
46770,2024,2,149.5
46770,2024,2,149.5
48720,2024,2,148.8
48870,2024,2,125.6
46230,2024,2,200.2
46230,2024,2,200.2
46900,2024,2,147.0
47920,2024,2,53.7
47920,2024,2,53.7
47210,2024,2,91.8
47280,2024,2,109.3
47280,2024,2,109.3
47750,2024,2,70.2
47750,2024,2,70.2
47770,2024,2,117.7
47730,2024,2,52.6
47190,2024,2,77.6
47230,2024,2,63.7
47130,2024,2,71.5
48880,2024,2,117.8
48880,2024,2,117.8
48890,2024,2,98.2
48270,2024,2,83.1
48860,2024,2,118.5
48310,2024,2,139.9
48840,2024,2,196.0
26440,2024,2,91.0
51820,2024,3,58.6
51110,2024,3,40.9
51780,2024,3,42.4
41250,2024,3,38.0
41480,2024,3,20.4
51760,2024,3,52.7
51760,2024,3,52.7
51110,2024,3,44.3
28720,2024,3,28.5
28720,2024,3,28.5
51150,2024,3,-
51150,2024,3,66.0
51170,2024,3,71.2
11110,2024,3,29.9
11110,2024,3,29.9
28110,2024,3,19.2
28110,2024,3,19.2
51130,2024,3,-
47940,2024,3,89.9
41113,2024,3,30.2
41113,2024,3,30.2
51750,2024,3,45.6
43130,2024,3,50.8
44210,2024,3,26.1
47930,2024,3,63.5
47930,2024,3,63.5
43113,2024,3,37.9
30200,2024,3,57.9
43740,2024,3,65.6
47170,2024,3,55.7
47170,2024,3,55.7
47250,2024,3,72.3
47111,2024,3,84.5
52130,2024,3,54.7
52130,2024,3,54.7
27140,2024,3,70.9
27140,2024,3,70.9
52113,2024,3,79.6
52111,2024,3,79.6
31110,2024,3,80.2
31110,2024,3,80.2
31110,2024,3,80.2
48120,2024,3,117.2
29170,2024,3,79.5
26110,2024,3,102.0
48220,2024,3,113.2
46110,2024,3,73.3
46110,2024,3,73.3
46130,2024,3,93.2
46910,2024,3,77.1
46890,2024,3,103.1
52790,2024,3,61.3
52790,2024,3,61.3
52790,2024,3,61.3
46150,2024,3,91.8
46150,2024,3,91.8
44800,2024,3,34.9
43113,2024,3,40.7
50110,2024,3,98.1
50110,2024,3,74.8
50130,2024,3,135.7
50130,2024,3,135.7
50130,2024,3,135.7
50130,2024,3,155.5
50130,2024,3,155.5
48170,2024,3,99.4
48170,2024,3,99.4
28710,2024,3,24.8
41830,2024,3,27.7
41500,2024,3,37.9
51810,2024,3,38.3
51810,2024,3,38.3
51720,2024,3,35.0
51190,2024,3,-
51770,2024,3,50.2
51770,2024,3,50.2
51770,2024,3,50.2
43150,2024,3,52.2
43720,2024,3,50.7
44131,2024,3,41.3
44131,2024,3,41.3
44180,2024,3,35.8
44760,2024,3,49.8
44710,2024,3,72.7
36000,2024,3,48.8
36110,2024,3,48.8
52800,2024,3,75.2
52750,2024,3,73.6
52180,2024,3,69.3
52180,2024,3,69.3
52190,2024,3,65.0
52190,2024,3,65.0
52190,2024,3,65.0
52740,2024,3,74.1
52790,2024,3,58.7
46870,2024,3,63.7
48250,2024,3,112.6
52770,2024,3,78.3
48123,2024,3,116.9
48330,2024,3,100.7
46780,2024,3,88.2
46780,2024,3,88.2
46810,2024,3,73.3
46810,2024,3,73.3
46800,2024,3,68.2
46820,2024,3,65.1
46770,2024,3,87.9
46770,2024,3,87.9
48720,2024,3,92.8
48870,2024,3,83.0
46230,2024,3,86.2
46230,2024,3,86.2
46900,2024,3,79.4
47920,2024,3,46.5
47920,2024,3,46.5
47210,2024,3,53.9
47280,2024,3,57.4
47280,2024,3,57.4
47750,2024,3,62.7
47750,2024,3,62.7
47770,2024,3,55.4
47730,2024,3,55.3
47190,2024,3,71.5
47230,2024,3,71.4
47130,2024,3,73.7
48880,2024,3,79.4
48880,2024,3,79.4
48890,2024,3,86.2
48270,2024,3,79.7
48860,2024,3,89.9
48310,2024,3,127.3
48840,2024,3,149.9
26440,2024,3,90.0
51820,2024,4,63.4
51110,2024,4,27.6
51780,2024,4,17.9
41250,2024,4,22.2
41480,2024,4,23.3
51760,2024,4,53.9
51760,2024,4,53.9
51110,2024,4,31.4
28720,2024,4,70.7
28720,2024,4,70.7
51150,2024,4,38.7
51150,2024,4,41.9
51170,2024,4,33.6
11110,2024,4,33.2
11110,2024,4,33.2
28110,2024,4,35.3
28110,2024,4,35.3
51130,2024,4,41.4
47940,2024,4,45.2
41113,2024,4,55.0
41113,2024,4,55.0
51750,2024,4,40.2
43130,2024,4,59.0
44210,2024,4,45.0
47930,2024,4,54.0
47930,2024,4,54.0
43113,2024,4,49.1
30200,2024,4,32.7
43740,2024,4,49.3
47170,2024,4,59.1
47170,2024,4,59.1
47250,2024,4,73.2
47111,2024,4,65.0
52130,2024,4,53.4
52130,2024,4,53.4
27140,2024,4,60.6
27140,2024,4,60.6
52113,2024,4,53.4
52111,2024,4,53.4
31110,2024,4,99.1
31110,2024,4,99.1
31110,2024,4,99.1
48120,2024,4,149.7
29170,2024,4,79.6
26110,2024,4,166.8
48220,2024,4,195.7
46110,2024,4,81.7
46110,2024,4,81.7
46130,2024,4,210.5
46910,2024,4,82.9
46890,2024,4,216.6
52790,2024,4,64.5
52790,2024,4,64.5
52790,2024,4,64.5
46150,2024,4,155.9
46150,2024,4,155.9
44800,2024,4,63.4
43113,2024,4,44.7
50110,2024,4,80.2
50110,2024,4,118.8
50130,2024,4,226.0
50130,2024,4,226.0
50130,2024,4,226.0
50130,2024,4,-
50130,2024,4,-
48170,2024,4,175.8
48170,2024,4,175.8
28710,2024,4,28.4
41830,2024,4,48.1
41500,2024,4,71.7
51810,2024,4,19.9
51810,2024,4,19.9
51720,2024,4,38.3
51190,2024,4,52.8
51770,2024,4,35.9
51770,2024,4,35.9
51770,2024,4,35.9
43150,2024,4,54.7
43720,2024,4,45.8
44131,2024,4,48.2
44131,2024,4,48.2
44180,2024,4,48.8
44760,2024,4,58.7
44710,2024,4,46.4
36000,2024,4,43.3
36110,2024,4,43.3
52800,2024,4,56.6
52750,2024,4,74.3
52180,2024,4,70.8
52180,2024,4,70.8
52190,2024,4,75.6
52190,2024,4,75.6
52190,2024,4,75.6
52740,2024,4,75.7
52790,2024,4,63.9
46870,2024,4,73.6
48250,2024,4,133.3
52770,2024,4,87.3
48123,2024,4,114.1
48330,2024,4,106.2
46780,2024,4,198.4
46780,2024,4,198.4
46810,2024,4,151.4
46810,2024,4,151.4
46800,2024,4,162.9
46820,2024,4,91.4
46770,2024,4,200.1
46770,2024,4,200.1
48720,2024,4,123.8
48870,2024,4,106.0
46230,2024,4,182.4
46230,2024,4,182.4
46900,2024,4,106.5
47920,2024,4,45.3
47920,2024,4,45.3
47210,2024,4,55.8
47280,2024,4,75.6
47280,2024,4,75.6
47750,2024,4,50.7
47750,2024,4,50.7
47770,2024,4,66.6
47730,2024,4,48.0
47190,2024,4,63.3
47230,2024,4,57.0
47130,2024,4,65.4
48880,2024,4,98.4
48880,2024,4,98.4
48890,2024,4,110.8
48270,2024,4,93.2
48860,2024,4,132.8
48310,2024,4,187.6
48840,2024,4,251.4
26440,2024,4,129.5
51820,2024,5,-
51110,2024,5,126.9
51780,2024,5,156.5
41250,2024,5,140.6
41480,2024,5,130.7
51760,2024,5,64.9
51760,2024,5,64.9
51110,2024,5,117.8
28720,2024,5,64.1
28720,2024,5,64.1
51150,2024,5,84.6
51150,2024,5,76.8
51170,2024,5,57.9
11110,2024,5,125.1
11110,2024,5,125.1
28110,2024,5,122.6
28110,2024,5,122.6
51130,2024,5,97.8
47940,2024,5,84.3
41113,2024,5,109.4
41113,2024,5,109.4
51750,2024,5,114.7
43130,2024,5,128.7
44210,2024,5,157.4
47930,2024,5,38.3
47930,2024,5,38.3
43113,2024,5,122.7
30200,2024,5,126.8
43740,2024,5,78.5
47170,2024,5,107.8
47170,2024,5,107.8
47250,2024,5,96.1
47111,2024,5,62.9
52130,2024,5,108.3
52130,2024,5,108.3
27140,2024,5,59.8
27140,2024,5,59.8
52113,2024,5,113.7
52111,2024,5,113.7
31110,2024,5,69.3
31110,2024,5,69.3
31110,2024,5,69.3
48120,2024,5,169.1
29170,2024,5,102.0
26110,2024,5,148.4
48220,2024,5,147.9
46110,2024,5,101.6
46110,2024,5,101.6
46130,2024,5,155.9
46910,2024,5,62.6
46890,2024,5,192.6
52790,2024,5,-
52790,2024,5,-
52790,2024,5,-
46150,2024,5,203.1
46150,2024,5,203.1
44800,2024,5,156.0
43113,2024,5,122.4
50110,2024,5,42.9
50110,2024,5,135.3
50130,2024,5,122.7
50130,2024,5,122.7
50130,2024,5,122.7
50130,2024,5,214.3
50130,2024,5,214.3
48170,2024,5,203.1
48170,2024,5,203.1
28710,2024,5,141.0
41830,2024,5,107.0
41500,2024,5,99.2
51810,2024,5,92.4
51810,2024,5,92.4
51720,2024,5,99.5
51190,2024,5,80.9
51770,2024,5,77.0
51770,2024,5,77.0
51770,2024,5,77.0
43150,2024,5,128.7
43720,2024,5,128.4
44131,2024,5,107.7
44131,2024,5,107.7
44180,2024,5,130.9
44760,2024,5,134.0
44710,2024,5,83.2
36000,2024,5,128.8
36110,2024,5,128.8
52800,2024,5,88.3
52750,2024,5,104.5
52180,2024,5,83.9
52180,2024,5,83.9
52190,2024,5,91.1
52190,2024,5,91.1
52190,2024,5,91.1
52740,2024,5,112.2
52790,2024,5,81.0
46870,2024,5,95.6
48250,2024,5,134.0
52770,2024,5,116.5
48123,2024,5,160.3
48330,2024,5,130.8
46780,2024,5,239.2
46780,2024,5,239.2
46810,2024,5,174.4
46810,2024,5,174.4
46800,2024,5,163.5
46820,2024,5,129.2
46770,2024,5,178.4
46770,2024,5,178.4
48720,2024,5,132.1
48870,2024,5,65.6
46230,2024,5,271.7
46230,2024,5,271.7
46900,2024,5,140.9
47920,2024,5,109.0
47920,2024,5,109.0
47210,2024,5,129.0
47280,2024,5,151.9
47280,2024,5,151.9
47750,2024,5,125.6
47750,2024,5,125.6
47770,2024,5,87.4
47730,2024,5,94.7
47190,2024,5,72.1
47230,2024,5,82.6
47130,2024,5,46.5
48880,2024,5,92.3
48880,2024,5,92.3
48890,2024,5,102.5
48270,2024,5,128.8
48860,2024,5,118.4
48310,2024,5,182.6
48840,2024,5,323.8
26440,2024,5,121.0
51820,2024,6,133.8
51110,2024,6,124.5
51780,2024,6,98.1
41250,2024,6,96.7
41480,2024,6,56.7
51760,2024,6,110.9
51760,2024,6,110.9
51110,2024,6,141.8
28720,2024,6,45.6
28720,2024,6,45.6
51150,2024,6,89.1
51150,2024,6,93.8
51170,2024,6,81.7
11110,2024,6,115.9
11110,2024,6,115.9
28110,2024,6,101.8
28110,2024,6,101.8
51130,2024,6,125.0
47940,2024,6,86.9
41113,2024,6,137.5
41113,2024,6,137.5
51750,2024,6,143.6
43130,2024,6,126.1
44210,2024,6,120.4
47930,2024,6,80.2
47930,2024,6,80.2
43113,2024,6,84.7
30200,2024,6,76.9
43740,2024,6,95.4
47170,2024,6,86.0
47170,2024,6,86.0
47250,2024,6,116.2
47111,2024,6,97.7
52130,2024,6,73.7
52130,2024,6,73.7
27140,2024,6,98.3
27140,2024,6,98.3
52113,2024,6,101.9
52111,2024,6,101.9
31110,2024,6,124.6
31110,2024,6,124.6
31110,2024,6,124.6
48120,2024,6,177.7
29170,2024,6,149.1
26110,2024,6,173.7
48220,2024,6,208.2
46110,2024,6,143.3
46110,2024,6,143.3
46130,2024,6,180.1
46910,2024,6,119.6
46890,2024,6,224.3
52790,2024,6,100.4
52790,2024,6,100.4
52790,2024,6,100.4
46150,2024,6,245.6
46150,2024,6,245.6
44800,2024,6,120.2
43113,2024,6,89.3
50110,2024,6,271.8
50110,2024,6,375.3
50130,2024,6,468.4
50130,2024,6,468.4
50130,2024,6,468.4
50130,2024,6,615.6
50130,2024,6,615.6
48170,2024,6,204.1
48170,2024,6,204.1
28710,2024,6,68.3
41830,2024,6,134.6
41500,2024,6,175.0
51810,2024,6,159.0
51810,2024,6,159.0
51720,2024,6,135.9
51190,2024,6,113.1
51770,2024,6,163.5
51770,2024,6,163.5
51770,2024,6,163.5
43150,2024,6,171.7
43720,2024,6,70.1
44131,2024,6,106.4
44131,2024,6,106.4
44180,2024,6,89.0
44760,2024,6,91.2
44710,2024,6,119.7
36000,2024,6,104.3
36110,2024,6,104.3
52800,2024,6,77.7
52750,2024,6,100.4
52180,2024,6,76.3
52180,2024,6,76.3
52190,2024,6,191.0
52190,2024,6,191.0
52190,2024,6,191.0
52740,2024,6,183.3
52790,2024,6,82.6
46870,2024,6,88.3
48250,2024,6,178.5
52770,2024,6,158.7
48123,2024,6,159.1
48330,2024,6,160.6
46780,2024,6,243.0
46780,2024,6,243.0
46810,2024,6,228.2
46810,2024,6,228.2
46800,2024,6,222.9
46820,2024,6,185.8
46770,2024,6,175.3
46770,2024,6,175.3
48720,2024,6,225.5
48870,2024,6,161.3
46230,2024,6,263.2
46230,2024,6,263.2
46900,2024,6,240.2
47920,2024,6,124.3
47920,2024,6,124.3
47210,2024,6,130.3
47280,2024,6,116.1
47280,2024,6,116.1
47750,2024,6,67.3
47750,2024,6,67.3
47770,2024,6,71.9
47730,2024,6,66.6
47190,2024,6,63.5
47230,2024,6,99.0
47130,2024,6,73.8
48880,2024,6,146.2
48880,2024,6,146.2
48890,2024,6,153.8
48270,2024,6,139.1
48860,2024,6,154.4
48310,2024,6,288.2
48840,2024,6,206.6
26440,2024,6,177.0
51820,2024,7,109.3
51110,2024,7,411.1
51780,2024,7,759.5
41250,2024,7,-
41480,2024,7,871.0
51760,2024,7,211.6
51760,2024,7,211.6
51110,2024,7,439.9
28720,2024,7,178.3
28720,2024,7,178.3
51150,2024,7,116.6
51150,2024,7,115.7
51170,2024,7,135.3
11110,2024,7,557.3
11110,2024,7,557.3
28110,2024,7,342.9
28110,2024,7,342.9
51130,2024,7,490.7
47940,2024,7,208.2
41113,2024,7,403.3
41113,2024,7,403.3
51750,2024,7,495.3
43130,2024,7,503.2
44210,2024,7,556.1
47930,2024,7,225.2
47930,2024,7,225.2
43113,2024,7,520.6
30200,2024,7,485.1
43740,2024,7,443.6
47170,2024,7,386.1
47170,2024,7,386.1
47250,2024,7,534.6
47111,2024,7,270.6
52130,2024,7,606.5
52130,2024,7,606.5
27140,2024,7,372.2
27140,2024,7,372.2
52113,2024,7,398.3
52111,2024,7,398.3
31110,2024,7,209.2
31110,2024,7,209.2
31110,2024,7,209.2
48120,2024,7,227.0
29170,2024,7,250.4
26110,2024,7,362.4
48220,2024,7,458.0
46110,2024,7,197.8
46110,2024,7,197.8
46130,2024,7,375.5
46910,2024,7,258.3
46890,2024,7,343.5
52790,2024,7,291.4
52790,2024,7,291.4
52790,2024,7,291.4
46150,2024,7,290.3
46150,2024,7,290.3
44800,2024,7,555.5
50110,2024,7,156.0
50110,2024,7,66.7
50130,2024,7,274.6
50130,2024,7,274.6
50130,2024,7,274.6
50130,2024,7,193.7
50130,2024,7,193.7
48170,2024,7,228.3
48170,2024,7,228.3
28710,2024,7,610.3
41830,2024,7,464.6
41500,2024,7,550.4
51810,2024,7,321.6
51810,2024,7,321.6
51720,2024,7,423.2
51190,2024,7,303.6
51770,2024,7,341.0
51770,2024,7,341.0
51770,2024,7,341.0
43150,2024,7,467.8
43720,2024,7,513.8
44131,2024,7,509.9
44131,2024,7,509.9
44180,2024,7,557.3
44760,2024,7,470.8
44710,2024,7,501.5
36000,2024,7,542.1
36110,2024,7,542.1
52800,2024,7,325.5
52750,2024,7,369.7
52180,2024,7,307.4
52180,2024,7,307.4
52190,2024,7,312.8
52190,2024,7,312.8
52190,2024,7,312.8
52740,2024,7,470.2
52790,2024,7,287.2
46870,2024,7,206.0
48250,2024,7,210.6
52770,2024,7,318.9
48123,2024,7,211.0
48330,2024,7,211.3
46780,2024,7,383.3
46780,2024,7,383.3
46810,2024,7,243.5
46810,2024,7,243.5
46800,2024,7,-
46820,2024,7,269.8
46770,2024,7,264.8
46770,2024,7,264.8
48720,2024,7,176.7
48870,2024,7,233.2
46230,2024,7,403.4
46230,2024,7,403.4
46900,2024,7,273.9
47920,2024,7,437.7
47920,2024,7,437.7
47210,2024,7,-
47280,2024,7,435.5
47280,2024,7,435.5
47750,2024,7,223.8
47750,2024,7,223.8
47770,2024,7,-
47730,2024,7,290.5
47190,2024,7,299.4
47230,2024,7,366.3
47130,2024,7,223.9
48880,2024,7,321.8
48880,2024,7,321.8
48890,2024,7,262.3
48270,2024,7,182.0
48860,2024,7,317.9
48310,2024,7,383.0
48840,2024,7,473.6
51820,2024,8,46.4
51110,2024,8,92.7
51780,2024,8,232.9
41250,2024,8,146.5
41480,2024,8,92.1
51760,2024,8,95.2
51760,2024,8,95.2
51110,2024,8,76.4
28720,2024,8,130.8
28720,2024,8,130.8
51150,2024,8,77.4
51150,2024,8,87.2
51170,2024,8,72.7
11110,2024,8,72.8
11110,2024,8,72.8
28110,2024,8,86.7
28110,2024,8,86.7
51130,2024,8,106.5
47940,2024,8,33.7
41113,2024,8,127.6
41113,2024,8,127.6
51750,2024,8,58.6
43130,2024,8,71.4
44210,2024,8,197.6
47930,2024,8,54.0
47930,2024,8,54.0
43113,2024,8,113.1
30200,2024,8,87.3
43740,2024,8,20.6
47170,2024,8,58.6
47170,2024,8,58.6
47250,2024,8,61.7
47111,2024,8,18.9
52130,2024,8,19.0
52130,2024,8,19.0
27140,2024,8,118.3
27140,2024,8,118.3
52113,2024,8,129.1
52111,2024,8,129.1
31110,2024,8,89.1
31110,2024,8,89.1
31110,2024,8,89.1
48120,2024,8,133.4
29170,2024,8,132.1
26110,2024,8,86.5
48220,2024,8,44.3
46110,2024,8,186.7
46110,2024,8,186.7
46130,2024,8,35.3
46910,2024,8,17.5
46890,2024,8,21.8
52790,2024,8,-
52790,2024,8,-
52790,2024,8,-
46150,2024,8,105.0
46150,2024,8,105.0
44800,2024,8,109.5
43113,2024,8,104.7
50110,2024,8,47.0
50110,2024,8,61.7
50130,2024,8,79.7
50130,2024,8,79.7
50130,2024,8,79.7
50130,2024,8,124.5
50130,2024,8,124.5
48170,2024,8,126.5
48170,2024,8,126.5
28710,2024,8,172.4
41830,2024,8,100.0
41500,2024,8,139.4
51810,2024,8,61.1
51810,2024,8,61.1
51720,2024,8,106.9
51190,2024,8,144.1
51770,2024,8,75.7
51770,2024,8,75.7
51770,2024,8,75.7
43150,2024,8,99.1
43720,2024,8,47.6
44131,2024,8,66.4
44131,2024,8,66.4
44180,2024,8,149.7
44760,2024,8,40.8
44710,2024,8,56.7
36000,2024,8,70.7
36110,2024,8,70.7
52800,2024,8,37.2
52750,2024,8,107.9
52180,2024,8,126.9
52180,2024,8,126.9
52190,2024,8,146.9
52190,2024,8,146.9
52190,2024,8,146.9
52740,2024,8,67.8
52790,2024,8,55.9
46870,2024,8,57.4
48250,2024,8,66.9
52770,2024,8,117.5
48123,2024,8,85.5
48330,2024,8,111.1
46780,2024,8,34.2
46780,2024,8,34.2
46810,2024,8,65.5
46810,2024,8,65.5
46800,2024,8,58.3
46820,2024,8,42.4
46770,2024,8,49.9
46770,2024,8,49.9
48720,2024,8,83.6
48870,2024,8,79.1
46230,2024,8,76.2
46230,2024,8,76.2
46900,2024,8,50.1
47920,2024,8,87.9
47920,2024,8,87.9
47210,2024,8,66.8
47280,2024,8,95.9
47280,2024,8,95.9
47750,2024,8,19.1
47750,2024,8,19.1
47770,2024,8,28.9
47730,2024,8,69.6
47190,2024,8,63.1
47230,2024,8,58.4
47130,2024,8,113.9
48880,2024,8,49.2
48880,2024,8,49.2
48890,2024,8,44.8
48270,2024,8,59.0
48860,2024,8,111.4
48310,2024,8,109.5
48840,2024,8,68.3
26440,2024,8,73.5
51820,2024,9,457.9
51110,2024,9,184.9
51780,2024,9,179.2
41250,2024,9,178.0
41480,2024,9,114.2
51760,2024,9,249.0
51760,2024,9,249.0
51110,2024,9,207.4
28720,2024,9,77.5
28720,2024,9,77.5
51150,2024,9,546.3
51150,2024,9,479.5
51170,2024,9,413.4
11110,2024,9,143.9
11110,2024,9,143.9
28110,2024,9,122.9
28110,2024,9,122.9
51130,2024,9,219.3
47940,2024,9,543.4
41113,2024,9,219.4
41113,2024,9,219.4
51750,2024,9,177.4
43130,2024,9,211.4
44210,2024,9,354.2
47930,2024,9,241.5
47930,2024,9,241.5
43113,2024,9,328.0
30200,2024,9,204.6
43740,2024,9,221.3
47170,2024,9,154.1
47170,2024,9,154.1
47250,2024,9,261.9
47111,2024,9,151.0
52130,2024,9,188.6
52130,2024,9,188.6
27140,2024,9,151.5
27140,2024,9,151.5
52113,2024,9,185.0
52111,2024,9,185.0
31110,2024,9,237.0
31110,2024,9,237.0
31110,2024,9,237.0
48120,2024,9,541.0
29170,2024,9,181.4
26110,2024,9,420.3
48220,2024,9,283.7
46110,2024,9,124.1
46110,2024,9,124.1
46130,2024,9,184.3
46910,2024,9,128.4
46890,2024,9,362.6
52790,2024,9,165.7
52790,2024,9,165.7
52790,2024,9,165.7
46150,2024,9,466.3
46150,2024,9,466.3
44800,2024,9,333.0
43113,2024,9,304.9
50110,2024,9,126.2
50110,2024,9,104.0
50130,2024,9,157.3
50130,2024,9,157.3
50130,2024,9,157.3
50130,2024,9,119.5
50130,2024,9,119.5
48170,2024,9,350.3
48170,2024,9,350.3
28710,2024,9,107.1
41830,2024,9,199.4
41500,2024,9,285.8
51810,2024,9,227.0
51810,2024,9,227.0
51720,2024,9,171.4
51190,2024,9,289.7
51770,2024,9,243.9
51770,2024,9,243.9
51770,2024,9,243.9
43150,2024,9,195.6
43720,2024,9,148.1
44131,2024,9,318.0
44131,2024,9,318.0
44180,2024,9,234.9
44760,2024,9,162.6
44710,2024,9,264.8
36000,2024,9,232.1
36110,2024,9,232.1
52800,2024,9,165.1
52750,2024,9,276.6
52180,2024,9,153.6
52180,2024,9,153.6
52190,2024,9,223.0
52190,2024,9,223.0
52190,2024,9,223.0
52740,2024,9,278.9
52790,2024,9,165.1
46870,2024,9,113.9
48250,2024,9,440.3
52770,2024,9,209.1
48123,2024,9,489.7
48330,2024,9,390.7
46780,2024,9,239.2
46780,2024,9,239.2
46810,2024,9,432.7
46810,2024,9,432.7
46800,2024,9,423.3
46820,2024,9,328.8
46770,2024,9,285.3
46770,2024,9,285.3
48720,2024,9,266.8
48870,2024,9,169.7
46230,2024,9,276.5
46230,2024,9,276.5
46900,2024,9,342.1
47920,2024,9,186.0
47920,2024,9,186.0
47210,2024,9,277.0
47280,2024,9,190.8
47280,2024,9,190.8
47750,2024,9,223.7
47750,2024,9,223.7
47770,2024,9,128.8
47730,2024,9,199.4
47190,2024,9,168.3
47230,2024,9,205.4
47130,2024,9,228.3
48880,2024,9,143.7
48880,2024,9,143.7
48890,2024,9,216.4
48270,2024,9,206.2
48860,2024,9,233.8
48310,2024,9,390.9
48840,2024,9,302.2
26440,2024,9,418.5
51820,2024,10,143.2
51110,2024,10,68.5
51780,2024,10,66.7
41250,2024,10,57.2
41480,2024,10,52.4
51760,2024,10,163.6
51760,2024,10,163.6
51110,2024,10,64.9
28720,2024,10,113.8
28720,2024,10,113.8
51150,2024,10,163.1
51150,2024,10,167.4
51170,2024,10,122.4
11110,2024,10,74.0
11110,2024,10,74.0
28110,2024,10,82.1
28110,2024,10,82.1
51130,2024,10,116.2
47940,2024,10,227.2
41113,2024,10,97.2
41113,2024,10,97.2
51750,2024,10,120.5
43130,2024,10,122.8
44210,2024,10,150.3
47930,2024,10,77.3
47930,2024,10,77.3
43113,2024,10,112.7
30200,2024,10,109.2
43740,2024,10,74.9
47170,2024,10,62.5
47170,2024,10,62.5
47250,2024,10,95.2
47111,2024,10,132.9
52130,2024,10,111.6
52130,2024,10,111.6
27140,2024,10,94.9
27140,2024,10,94.9
52113,2024,10,80.2
52111,2024,10,80.2
31110,2024,10,174.3
31110,2024,10,174.3
31110,2024,10,174.3
48120,2024,10,200.4
29170,2024,10,98.2
26110,2024,10,208.8
48220,2024,10,216.1
46110,2024,10,142.1
46110,2024,10,142.1
46130,2024,10,176.3
46910,2024,10,106.0
46890,2024,10,123.1
52790,2024,10,89.2
52790,2024,10,89.2
52790,2024,10,89.2
46150,2024,10,119.7
46150,2024,10,119.7
44800,2024,10,113.8
43113,2024,10,112.0
50110,2024,10,135.2
50110,2024,10,110.4
50130,2024,10,149.2
50130,2024,10,149.2
50130,2024,10,149.2
50130,2024,10,126.0
50130,2024,10,126.0
48170,2024,10,151.0
48170,2024,10,151.0
28710,2024,10,41.9
41830,2024,10,105.0
41500,2024,10,137.7
51810,2024,10,89.5
51810,2024,10,89.5
51720,2024,10,106.2
51190,2024,10,149.8
51770,2024,10,156.2
51770,2024,10,156.2
51770,2024,10,156.2
43150,2024,10,114.1
43720,2024,10,99.4
44131,2024,10,99.7
44131,2024,10,99.7
44180,2024,10,58.3
44760,2024,10,84.5
44710,2024,10,81.0
36000,2024,10,97.1
36110,2024,10,97.1
52800,2024,10,71.6
52750,2024,10,83.1
52180,2024,10,87.8
52180,2024,10,87.8
52190,2024,10,100.9
52190,2024,10,100.9
52190,2024,10,100.9
52740,2024,10,101.8
52790,2024,10,110.6
46870,2024,10,102.8
48250,2024,10,182.4
52770,2024,10,87.5
48123,2024,10,217.4
48330,2024,10,197.9
46780,2024,10,150.1
46780,2024,10,150.1
46810,2024,10,127.5
46810,2024,10,127.5
46800,2024,10,139.8
46820,2024,10,126.1
46770,2024,10,140.3
46770,2024,10,140.3
48720,2024,10,136.0
48870,2024,10,100.2
46230,2024,10,-
46230,2024,10,-
46900,2024,10,159.4
47920,2024,10,105.7
47920,2024,10,105.7
47210,2024,10,138.0
47280,2024,10,100.8
47280,2024,10,100.8
47750,2024,10,51.5
47750,2024,10,51.5
47770,2024,10,119.2
47730,2024,10,48.5
47190,2024,10,56.4
47230,2024,10,79.8
47130,2024,10,100.8
48880,2024,10,94.4
48880,2024,10,94.4
48890,2024,10,116.1
48270,2024,10,125.8
48860,2024,10,122.6
48310,2024,10,238.8
48840,2024,10,217.5
26440,2024,10,185.0
51820,2024,11,17.6
51110,2024,11,27.7
51780,2024,11,29.8
41250,2024,11,34.2
41480,2024,11,22.3
51760,2024,11,29.3
51760,2024,11,29.3
51110,2024,11,29.7
28720,2024,11,67.1
28720,2024,11,67.1
51150,2024,11,54.7
51150,2024,11,32.9
51170,2024,11,64.5
11110,2024,11,60.0
11110,2024,11,60.0
28110,2024,11,62.2
28110,2024,11,62.2
51130,2024,11,57.2
47940,2024,11,264.6
41113,2024,11,98.1
41113,2024,11,98.1
51750,2024,11,31.2
43130,2024,11,49.1
44210,2024,11,62.1
47930,2024,11,19.0
47930,2024,11,19.0
43113,2024,11,41.2
30200,2024,11,34.6
43740,2024,11,31.2
47170,2024,11,23.3
47170,2024,11,23.3
47250,2024,11,33.7
47111,2024,11,64.0
52130,2024,11,48.1
52130,2024,11,48.1
27140,2024,11,50.4
27140,2024,11,50.4
52113,2024,11,34.4
52111,2024,11,34.4
31110,2024,11,67.5
31110,2024,11,67.5
31110,2024,11,67.5
48120,2024,11,107.0
29170,2024,11,66.5
26110,2024,11,99.1
48220,2024,11,117.6
46110,2024,11,61.3
46110,2024,11,61.3
46130,2024,11,109.2
46910,2024,11,62.1
46890,2024,11,161.5
52790,2024,11,55.0
52790,2024,11,55.0
52790,2024,11,55.0
46150,2024,11,100.1
46150,2024,11,100.1
44800,2024,11,52.7
43113,2024,11,40.1
50110,2024,11,335.7
50110,2024,11,229.3
50130,2024,11,409.6
50130,2024,11,409.6
50130,2024,11,409.6
50130,2024,11,220.9
50130,2024,11,220.9
48170,2024,11,85.3
48170,2024,11,85.3
28710,2024,11,41.8
41830,2024,11,71.7
41500,2024,11,87.4
51810,2024,11,24.7
51810,2024,11,24.7
51720,2024,11,43.3
51190,2024,11,38.3
51770,2024,11,23.5
51770,2024,11,23.5
51770,2024,11,23.5
43150,2024,11,42.1
43720,2024,11,29.6
44131,2024,11,-
44131,2024,11,-
44180,2024,11,49.0
44760,2024,11,46.0
44710,2024,11,32.7
36000,2024,11,43.1
36110,2024,11,43.1
52800,2024,11,50.4
52750,2024,11,69.5
52180,2024,11,47.2
52180,2024,11,47.2
52190,2024,11,60.1
52190,2024,11,60.1
52190,2024,11,60.1
52740,2024,11,79.2
52790,2024,11,64.5
46870,2024,11,79.8
48250,2024,11,89.5
52770,2024,11,65.9
48123,2024,11,106.4
48330,2024,11,88.9
46780,2024,11,103.9
46780,2024,11,103.9
46810,2024,11,106.9
46810,2024,11,106.9
46800,2024,11,104.2
46820,2024,11,101.9
46770,2024,11,126.7
46770,2024,11,126.7
48720,2024,11,81.6
48870,2024,11,63.5
46230,2024,11,91.7
46230,2024,11,91.7
46900,2024,11,105.4
47920,2024,11,30.6
47920,2024,11,30.6
47210,2024,11,32.4
47280,2024,11,37.0
47280,2024,11,37.0
47750,2024,11,32.4
47750,2024,11,32.4
47770,2024,11,30.3
47730,2024,11,25.6
47190,2024,11,31.2
47230,2024,11,44.1
47130,2024,11,55.8
48880,2024,11,52.6
48880,2024,11,52.6
48890,2024,11,56.9
48270,2024,11,76.9
48860,2024,11,84.4
48310,2024,11,128.4
48840,2024,11,132.8
26440,2024,11,82.0
51820,2024,12,3.2
51110,2024,12,3.6
51780,2024,12,7.3
41250,2024,12,7.6
41480,2024,12,5.5
51760,2024,12,2.2
51760,2024,12,2.2
51110,2024,12,2.4
28720,2024,12,13.0
28720,2024,12,13.0
51150,2024,12,16.1
51150,2024,12,16.9
51170,2024,12,13.5
11110,2024,12,5.7
11110,2024,12,5.7
28110,2024,12,5.0
28110,2024,12,5.0
51130,2024,12,3.5
47940,2024,12,138.8
41113,2024,12,4.5
41113,2024,12,4.5
51750,2024,12,2.1
43130,2024,12,4.3
44210,2024,12,16.1
47930,2024,12,16.3
47930,2024,12,16.3
43113,2024,12,8.6
30200,2024,12,3.7
43740,2024,12,8.6
47170,2024,12,1.7
47170,2024,12,1.7
47250,2024,12,2.7
47111,2024,12,0.6
52130,2024,12,17.3
52130,2024,12,17.3
27140,2024,12,1.3
27140,2024,12,1.3
52113,2024,12,14.3
52111,2024,12,14.3
31110,2024,12,0.0
31110,2024,12,0.0
31110,2024,12,0.0
48120,2024,12,0.0
29170,2024,12,9.8
26110,2024,12,0.0
48220,2024,12,0.0
46110,2024,12,8.9
46110,2024,12,8.9
46130,2024,12,0.1
46910,2024,12,19.9
46890,2024,12,2.9
52790,2024,12,18.5
52790,2024,12,18.5
52790,2024,12,18.5
46150,2024,12,3.0
46150,2024,12,3.0
44800,2024,12,12.5
43113,2024,12,7.9
50110,2024,12,5.8
50110,2024,12,3.8
50130,2024,12,12.4
50130,2024,12,12.4
50130,2024,12,12.4
50130,2024,12,1.5
50130,2024,12,1.5
48170,2024,12,0.1
48170,2024,12,0.1
28710,2024,12,11.3
41830,2024,12,6.0
41500,2024,12,4.8
51810,2024,12,5.4
51810,2024,12,5.4
51720,2024,12,2.4
51190,2024,12,2.3
51770,2024,12,3.2
51770,2024,12,3.2
51770,2024,12,3.2
43150,2024,12,3.1
43720,2024,12,5.6
44131,2024,12,15.2
44131,2024,12,15.2
44180,2024,12,18.5
44760,2024,12,16.1
44710,2024,12,7.5
36000,2024,12,6.0
36110,2024,12,6.0
52800,2024,12,35.0
52750,2024,12,23.7
52180,2024,12,29.6
52180,2024,12,29.6
52190,2024,12,3.7
52190,2024,12,3.7
52190,2024,12,3.7
52740,2024,12,16.9
52790,2024,12,30.7
46870,2024,12,25.4
48250,2024,12,0.0
52770,2024,12,11.2
48123,2024,12,0
48330,2024,12,0
46780,2024,12,1.8
46780,2024,12,1.8
46810,2024,12,4.0
46810,2024,12,4.0
46800,2024,12,2.3
46820,2024,12,9.6
46770,2024,12,0.1
46770,2024,12,0.1
48720,2024,12,0.0
48870,2024,12,2.4
46230,2024,12,0.0
46230,2024,12,0.0
46900,2024,12,16.1
47920,2024,12,3.0
47920,2024,12,3.0
47210,2024,12,2.6
47280,2024,12,4.5
47280,2024,12,4.5
47750,2024,12,1.6
47750,2024,12,1.6
47770,2024,12,0.0
47730,2024,12,1.6
47190,2024,12,2.5
47230,2024,12,0.6
47130,2024,12,0.4
48880,2024,12,0.4
48880,2024,12,0.4
48890,2024,12,0.0
48270,2024,12,0.0
48860,2024,12,1.0
48310,2024,12,0.0
48840,2024,12,0.0
26440,2024,12,0.0
51820,2025,1,14.5
51110,2025,1,16.6
51780,2025,1,11.2
41250,2025,1,19.1
41480,2025,1,20.2
51760,2025,1,15.6
51760,2025,1,15.6
51110,2025,1,17.8
28720,2025,1,16.0
28720,2025,1,16.0
51150,2025,1,17.8
51150,2025,1,16.5
51170,2025,1,25.7
11110,2025,1,19.5
11110,2025,1,19.5
28110,2025,1,19.6
28110,2025,1,19.6
51130,2025,1,12.0
47940,2025,1,97.5
41113,2025,1,20.5
41113,2025,1,20.5
51750,2025,1,15.2
43130,2025,1,19.6
44210,2025,1,38.9
47930,2025,1,27.1
47930,2025,1,27.1
43113,2025,1,10.9
30200,2025,1,12.5
43740,2025,1,19.8
47170,2025,1,4.8
47170,2025,1,4.8
47250,2025,1,13.5
47111,2025,1,14.9
52130,2025,1,35.1
52130,2025,1,35.1
27140,2025,1,4.3
27140,2025,1,4.3
52113,2025,1,37.0
52111,2025,1,37.0
31110,2025,1,6.4
31110,2025,1,6.4
31110,2025,1,6.4
48120,2025,1,4.8
29170,2025,1,19.0
26110,2025,1,7.6
48220,2025,1,7.4
46110,2025,1,19.8
46110,2025,1,19.8
46130,2025,1,6.1
46910,2025,1,31.1
46890,2025,1,13.6
52790,2025,1,34.2
52790,2025,1,34.2
52790,2025,1,34.2
46150,2025,1,6.4
46150,2025,1,6.4
44800,2025,1,21.0
43113,2025,1,9.4
50110,2025,1,25.4
50110,2025,1,21.9
50130,2025,1,16.9
50130,2025,1,16.9
50130,2025,1,16.9
50130,2025,1,14.1
50130,2025,1,14.1
48170,2025,1,2.5
48170,2025,1,2.5
28710,2025,1,31.5
41830,2025,1,23.7
41500,2025,1,23.4
51810,2025,1,15.0
51810,2025,1,15.0
51720,2025,1,-
51190,2025,1,23.3
51770,2025,1,19.8
51770,2025,1,19.8
51770,2025,1,19.8
43150,2025,1,21.7
43720,2025,1,13.7
44131,2025,1,8.0
44131,2025,1,8.0
44180,2025,1,-
44760,2025,1,29.9
44710,2025,1,21.3
36000,2025,1,19.0
36110,2025,1,19.0
52800,2025,1,44.8
52750,2025,1,52.6
52180,2025,1,42.4
52180,2025,1,42.4
52190,2025,1,24.0
52190,2025,1,24.0
52190,2025,1,24.0
52740,2025,1,38.1
52790,2025,1,46.9
46870,2025,1,-
48250,2025,1,3.3
52770,2025,1,36.1
48123,2025,1,3.7
48330,2025,1,3.2
46780,2025,1,5.6
46780,2025,1,5.6
46810,2025,1,13.4
46810,2025,1,13.4
46800,2025,1,9.6
46820,2025,1,17.5
46770,2025,1,3.9
46770,2025,1,3.9
48720,2025,1,2.6
48870,2025,1,12.5
46230,2025,1,2.8
46230,2025,1,2.8
46900,2025,1,24.7
47920,2025,1,12.3
47920,2025,1,12.3
47210,2025,1,10.7
47280,2025,1,15.9
47280,2025,1,15.9
47750,2025,1,6.8
47750,2025,1,6.8
47770,2025,1,11.8
47730,2025,1,7.4
47190,2025,1,8.9
47230,2025,1,5.5
47130,2025,1,5.1
48880,2025,1,6.1
48880,2025,1,6.1
48890,2025,1,4.3
48270,2025,1,4.8
48860,2025,1,1.3
48310,2025,1,7.4
48840,2025,1,8.6
26440,2025,1,3.5
51820,2025,2,0
51110,2025,2,1.5
51780,2025,2,2.0
41250,2025,2,3.5
41480,2025,2,2.9
51760,2025,2,0.4
51760,2025,2,0.4
51110,2025,2,1.7
28720,2025,2,14.2
28720,2025,2,14.2
51150,2025,2,0.0
51150,2025,2,0
51170,2025,2,0.3
11110,2025,2,5.2
11110,2025,2,5.2
28110,2025,2,3.5
28110,2025,2,3.5
51130,2025,2,3.5
47940,2025,2,112.2
41113,2025,2,5.4
41113,2025,2,5.4
51750,2025,2,6.8
43130,2025,2,7.5
44210,2025,2,10.2
47930,2025,2,1.2
47930,2025,2,1.2
43113,2025,2,8.9
30200,2025,2,11.1
43740,2025,2,14.9
47170,2025,2,2.3
47170,2025,2,2.3
47250,2025,2,9.1
47111,2025,2,8.8
52130,2025,2,17.9
52130,2025,2,17.9
27140,2025,2,12.7
27140,2025,2,12.7
52113,2025,2,23.5
52111,2025,2,23.5
31110,2025,2,16.1
31110,2025,2,16.1
31110,2025,2,16.1
48120,2025,2,24.8
29170,2025,2,25.7
26110,2025,2,32.0
48220,2025,2,28.7
46110,2025,2,42.3
46110,2025,2,42.3
46130,2025,2,39.2
46910,2025,2,37.4
46890,2025,2,58.3
52790,2025,2,44.3
52790,2025,2,44.3
52790,2025,2,44.3
46150,2025,2,34.0
46150,2025,2,34.0
44800,2025,2,11.5
43113,2025,2,8.7
50110,2025,2,61.4
50110,2025,2,62.4
50130,2025,2,93.9
50130,2025,2,93.9
50130,2025,2,93.9
50130,2025,2,94.6
50130,2025,2,94.6
48170,2025,2,29.8
48170,2025,2,29.8
28710,2025,2,7.6
41830,2025,2,4.3
41500,2025,2,7.7
51810,2025,2,1.6
51810,2025,2,1.6
51720,2025,2,2.7
51190,2025,2,3.3
51770,2025,2,3.2
51770,2025,2,3.2
51770,2025,2,3.2
43150,2025,2,6.9
43720,2025,2,10.1
44131,2025,2,13.2
44131,2025,2,13.2
44180,2025,2,10.0
44760,2025,2,11.7
44710,2025,2,15.2
36000,2025,2,10.3
36110,2025,2,10.3
52800,2025,2,35.6
52750,2025,2,27.5
52180,2025,2,40.4
52180,2025,2,40.4
52190,2025,2,22.6
52190,2025,2,22.6
52190,2025,2,22.6
52740,2025,2,26.2
52790,2025,2,41.2
46870,2025,2,45.2
48250,2025,2,23.3
52770,2025,2,36.6
48123,2025,2,24.9
48330,2025,2,20.3
46780,2025,2,32.6
46780,2025,2,32.6
46810,2025,2,48.4
46810,2025,2,48.4
46800,2025,2,30.3
46820,2025,2,40.9
46770,2025,2,42.3
46770,2025,2,42.3
48720,2025,2,22.8
48870,2025,2,22.9
46230,2025,2,30.9
46230,2025,2,30.9
46900,2025,2,45.0
47920,2025,2,7.3
47920,2025,2,7.3
47210,2025,2,7.4
47280,2025,2,7.8
47280,2025,2,7.8
47750,2025,2,4.1
47750,2025,2,4.1
47770,2025,2,1.2
47730,2025,2,4.8
47190,2025,2,8.8
47230,2025,2,10.7
47130,2025,2,12.3
48880,2025,2,18.6
48880,2025,2,18.6
48890,2025,2,17.2
48270,2025,2,14.8
48860,2025,2,-
48310,2025,2,32.4
48840,2025,2,31.9
26440,2025,2,22.0
51820,2025,3,98.4
51110,2025,3,26.2
51780,2025,3,33.0
41250,2025,3,37.7
41480,2025,3,35.3
51760,2025,3,115.5
51760,2025,3,115.5
51110,2025,3,33.7
28720,2025,3,15.3
28720,2025,3,15.3
51150,2025,3,117.7
51150,2025,3,119.8
51170,2025,3,86.7
11110,2025,3,38.2
11110,2025,3,38.2
28110,2025,3,26.5
28110,2025,3,26.5
51130,2025,3,31.2
47940,2025,3,91.5
41113,2025,3,37.5
41113,2025,3,37.5
51750,2025,3,49.1
43130,2025,3,51.3
44210,2025,3,39.7
47930,2025,3,93.1
47930,2025,3,93.1
43113,2025,3,50.2
30200,2025,3,37.7
43740,2025,3,45.5
47170,2025,3,32.8
47170,2025,3,32.8
47250,2025,3,38.7
47111,2025,3,44.8
52130,2025,3,41.7
52130,2025,3,41.7
27140,2025,3,25.4
27140,2025,3,25.4
52113,2025,3,35.1
52111,2025,3,35.1
31110,2025,3,71.7
31110,2025,3,71.7
31110,2025,3,71.7
48120,2025,3,39.9
29170,2025,3,34.2
26110,2025,3,52.0
48220,2025,3,58.6
46110,2025,3,33.2
46110,2025,3,33.2
46130,2025,3,47.4
46910,2025,3,43.8
46890,2025,3,62.0
52790,2025,3,31.8
52790,2025,3,31.8
52790,2025,3,31.8
46150,2025,3,30.7
46150,2025,3,30.7
44800,2025,3,46.7
43113,2025,3,48.4
50110,2025,3,82.5
50110,2025,3,54.3
50130,2025,3,133.2
50130,2025,3,133.2
50130,2025,3,133.2
50130,2025,3,91.5
50130,2025,3,91.5
48170,2025,3,47.4
48170,2025,3,47.4
28710,2025,3,37.7
41830,2025,3,32.9
41500,2025,3,50.4
51810,2025,3,47.0
51810,2025,3,47.0
51720,2025,3,36.2
51190,2025,3,109.5
51770,2025,3,-
51770,2025,3,-
51770,2025,3,-
43150,2025,3,51.4
43720,2025,3,45.9
44131,2025,3,49.5
44131,2025,3,49.5
44180,2025,3,49.5
44760,2025,3,55.8
44710,2025,3,36.5
36000,2025,3,55.0
36110,2025,3,55.0
52800,2025,3,43.0
52750,2025,3,38.4
52180,2025,3,42.3
52180,2025,3,42.3
52190,2025,3,22.0
52190,2025,3,22.0
52190,2025,3,22.0
52740,2025,3,46.0
52790,2025,3,40.8
46870,2025,3,38.7
48250,2025,3,30.4
52770,2025,3,42.8
48123,2025,3,45.4
48330,2025,3,45.0
46780,2025,3,46.7
46780,2025,3,46.7
46810,2025,3,-
46810,2025,3,-
46800,2025,3,40.6
46820,2025,3,36.5
46770,2025,3,54.4
46770,2025,3,54.4
48720,2025,3,39.2
48870,2025,3,33.3
46230,2025,3,33.6
46230,2025,3,33.6
46900,2025,3,39.3
47920,2025,3,69.5
47920,2025,3,69.5
47210,2025,3,52.3
47280,2025,3,40.8
47280,2025,3,40.8
47750,2025,3,49.1
47750,2025,3,49.1
47770,2025,3,56.7
47730,2025,3,31.1
47190,2025,3,31.4
47230,2025,3,23.0
47130,2025,3,55.7
48880,2025,3,33.3
48880,2025,3,33.3
48890,2025,3,30.9
48270,2025,3,29.8
48860,2025,3,42.7
48310,2025,3,84.9
48840,2025,3,65.7
26440,2025,3,27.0
51820,2025,4,48.2
51110,2025,4,94.1
51780,2025,4,128.1
41250,2025,4,128.5
41480,2025,4,140.5
51760,2025,4,47.9
51760,2025,4,47.9
51110,2025,4,81.3
28720,2025,4,80.6
28720,2025,4,80.6
51150,2025,4,27.3
51150,2025,4,26.2
51170,2025,4,23.5
11110,2025,4,94.6
11110,2025,4,94.6
28110,2025,4,106.2
28110,2025,4,106.2
51130,2025,4,72.3
47940,2025,4,77.0
41113,2025,4,64.9
41113,2025,4,64.9
51750,2025,4,65.7
43130,2025,4,76.7
44210,2025,4,65.9
47930,2025,4,40.7
47930,2025,4,40.7
43113,2025,4,63.0
30200,2025,4,67.2
43740,2025,4,45.6
47170,2025,4,45.5
47170,2025,4,45.5
47250,2025,4,65.6
47111,2025,4,28.4
52130,2025,4,62.1
52130,2025,4,62.1
27140,2025,4,41.8
27140,2025,4,41.8
52113,2025,4,67.1
52111,2025,4,67.1
31110,2025,4,56.1
31110,2025,4,56.1
31110,2025,4,56.1
48120,2025,4,86.8
29170,2025,4,56.2
26110,2025,4,75.3
48220,2025,4,72.7
46110,2025,4,43.5
46110,2025,4,43.5
46130,2025,4,68.0
46910,2025,4,57.3
46890,2025,4,112.6
52790,2025,4,60.9
52790,2025,4,60.9
52790,2025,4,60.9
46150,2025,4,72.6
46150,2025,4,72.6
44800,2025,4,72.4
43113,2025,4,56.5
50110,2025,4,23.9
50110,2025,4,73.1
50130,2025,4,122.0
50130,2025,4,122.0
50130,2025,4,122.0
50130,2025,4,193.8
50130,2025,4,193.8
48170,2025,4,91.8
48170,2025,4,91.8
28710,2025,4,154.4
41830,2025,4,72.7
41500,2025,4,78.5
51810,2025,4,86.6
51810,2025,4,86.6
51720,2025,4,73.1
51190,2025,4,43.6
51770,2025,4,75.6
51770,2025,4,75.6
51770,2025,4,75.6
43150,2025,4,70.5
43720,2025,4,59.4
44131,2025,4,61.9
44131,2025,4,61.9
44180,2025,4,84.0
44760,2025,4,78.9
44710,2025,4,55.9
36000,2025,4,72.4
36110,2025,4,72.4
52800,2025,4,62.6
52750,2025,4,59.3
52180,2025,4,66.7
52180,2025,4,66.7
52190,2025,4,60.5
52190,2025,4,60.5
52190,2025,4,60.5
52740,2025,4,67.0
52790,2025,4,67.4
46870,2025,4,62.7
48250,2025,4,67.5
52770,2025,4,70.4
48123,2025,4,58.3
48330,2025,4,55.3
46780,2025,4,120.7
46780,2025,4,120.7
46810,2025,4,68.4
46810,2025,4,68.4
46800,2025,4,81.6
46820,2025,4,49.1
46770,2025,4,76.7
46770,2025,4,76.7
48720,2025,4,62.7
48870,2025,4,37.8
46230,2025,4,85.5
46230,2025,4,85.5
46900,2025,4,71.0
47920,2025,4,63.7
47920,2025,4,63.7
47210,2025,4,78.0
47280,2025,4,71.6
47280,2025,4,71.6
47750,2025,4,41.4
47750,2025,4,41.4
47770,2025,4,41.8
47730,2025,4,40.4
47190,2025,4,50.4
47230,2025,4,35.4
47130,2025,4,34.4
48880,2025,4,42.5
48880,2025,4,42.5
48890,2025,4,64.8
48270,2025,4,48.8
48860,2025,4,64.5
48310,2025,4,62.5
48840,2025,4,126.4
26440,2025,4,57.5
51820,2025,5,72.2
51110,2025,5,69.3
51780,2025,5,86.7
41250,2025,5,104.0
41480,2025,5,98.2
51760,2025,5,83.2
51760,2025,5,83.2
51110,2025,5,85.0
28720,2025,5,83.5
28720,2025,5,83.5
51150,2025,5,58.0
51150,2025,5,53.8
51170,2025,5,39.0
11110,2025,5,123.6
11110,2025,5,123.6
28110,2025,5,98.2
28110,2025,5,98.2
51130,2025,5,64.1
47940,2025,5,88.4
41113,2025,5,74.3
41113,2025,5,74.3
51750,2025,5,103.3
43130,2025,5,114.0
44210,2025,5,73.7
47930,2025,5,92.3
47930,2025,5,92.3
43113,2025,5,103.5
30200,2025,5,93.4
43740,2025,5,116.2
47170,2025,5,106.6
47170,2025,5,106.6
47250,2025,5,105.5
47111,2025,5,89.7
52130,2025,5,81.1
52130,2025,5,81.1
27140,2025,5,103.6
27140,2025,5,103.6
52113,2025,5,121.8
52111,2025,5,121.8
31110,2025,5,107.1
31110,2025,5,107.1
31110,2025,5,107.1
48120,2025,5,137.4
29170,2025,5,102.8
26110,2025,5,132.7
48220,2025,5,166.7
46110,2025,5,109.5
46110,2025,5,109.5
46130,2025,5,180.3
46910,2025,5,111.4
46890,2025,5,197.2
52790,2025,5,86.7
52790,2025,5,86.7
52790,2025,5,86.7
46150,2025,5,148.3
46150,2025,5,148.3
44800,2025,5,76.4
43113,2025,5,90.2
50110,2025,5,81.8
50110,2025,5,159.4
50130,2025,5,337.5
50130,2025,5,337.5
50130,2025,5,337.5
50130,2025,5,372.9
50130,2025,5,372.9
48170,2025,5,-
48170,2025,5,-
28710,2025,5,113.2
41830,2025,5,79.1
41500,2025,5,75.9
51810,2025,5,70.8
51810,2025,5,70.8
51720,2025,5,125.7
51190,2025,5,107.5
51770,2025,5,-
51770,2025,5,-
51770,2025,5,-
43150,2025,5,140.3
43720,2025,5,83.5
44131,2025,5,78.2
44131,2025,5,78.2
44180,2025,5,76.7
44760,2025,5,86.8
44710,2025,5,104.0
36000,2025,5,78.5
36110,2025,5,78.5
52800,2025,5,82.9
52750,2025,5,131.4
52180,2025,5,112.9
52180,2025,5,112.9
52190,2025,5,128.7
52190,2025,5,128.7
52190,2025,5,128.7
52740,2025,5,149.6
52790,2025,5,106.6
46870,2025,5,100.8
48250,2025,5,118.7
52770,2025,5,139.2
48123,2025,5,101.9
48330,2025,5,99.8
46780,2025,5,198.3
46780,2025,5,198.3
46810,2025,5,231.2
46810,2025,5,231.2
46800,2025,5,299.7
46820,2025,5,86.2
46770,2025,5,302.9
46770,2025,5,302.9
48720,2025,5,133.5
48870,2025,5,128.1
46230,2025,5,169.1
46230,2025,5,169.1
46900,2025,5,110.0
47920,2025,5,121.4
47920,2025,5,121.4
47210,2025,5,133.1
47280,2025,5,106.3
47280,2025,5,106.3
47750,2025,5,94.6
47750,2025,5,94.6
47770,2025,5,135.9
47730,2025,5,113.7
47190,2025,5,133.6
47230,2025,5,73.6
47130,2025,5,76.8
48880,2025,5,136.6
48880,2025,5,136.6
48890,2025,5,135.9
48270,2025,5,92.2
48860,2025,5,158.2
48310,2025,5,161.1
48840,2025,5,204.4
26440,2025,5,101.2
51820,2025,6,30.2
51110,2025,6,123.9
51780,2025,6,198.0
41250,2025,6,203.4
41480,2025,6,159.7
51760,2025,6,74.2
51760,2025,6,74.2
51110,2025,6,121.4
28720,2025,6,101.7
28720,2025,6,101.7
51150,2025,6,17.0
51150,2025,6,-
51170,2025,6,17.7
11110,2025,6,98.1
11110,2025,6,98.1
28110,2025,6,147.9
28110,2025,6,147.9
51130,2025,6,139.2
47940,2025,6,162.2
41113,2025,6,78.2
41113,2025,6,78.2
51750,2025,6,138.6
43130,2025,6,146.9
44210,2025,6,99.9
47930,2025,6,56.4
47930,2025,6,56.4
43113,2025,6,209.6
30200,2025,6,300.1
43740,2025,6,252.9
47170,2025,6,148.6
47170,2025,6,148.6
47250,2025,6,237.0
47111,2025,6,149.5
52130,2025,6,303.0
52130,2025,6,303.0
27140,2025,6,163.7
27140,2025,6,163.7
52113,2025,6,320.6
52111,2025,6,320.6
31110,2025,6,163.1
31110,2025,6,163.1
31110,2025,6,163.1
48120,2025,6,188.2
29170,2025,6,246.4
26110,2025,6,292.7
48220,2025,6,227.2
46110,2025,6,207.4
46110,2025,6,207.4
46130,2025,6,154.5
46910,2025,6,216.1
46890,2025,6,106.7
52790,2025,6,302.3
52790,2025,6,302.3
52790,2025,6,302.3
46150,2025,6,204.8
46150,2025,6,204.8
44800,2025,6,174.6
43113,2025,6,190.3
50110,2025,6,85.1
50110,2025,6,116.5
50130,2025,6,180.9
50130,2025,6,180.9
50130,2025,6,180.9
50130,2025,6,198.1
50130,2025,6,198.1
48170,2025,6,186.8
48170,2025,6,186.8
28710,2025,6,147.8
41830,2025,6,98.7
41500,2025,6,109.5
51810,2025,6,69.0
51810,2025,6,69.0
51720,2025,6,77.7
51190,2025,6,73.4
51770,2025,6,129.5
51770,2025,6,129.5
51770,2025,6,129.5
43150,2025,6,187.9
43720,2025,6,225.8
44131,2025,6,140.6
44131,2025,6,140.6
44180,2025,6,252.2
44760,2025,6,270.5
44710,2025,6,262.3
36000,2025,6,222.9
36110,2025,6,222.9
52800,2025,6,317.6
52750,2025,6,302.0
52180,2025,6,331.0
52180,2025,6,331.0
52190,2025,6,292.8
52190,2025,6,292.8
52190,2025,6,292.8
52740,2025,6,317.9
52790,2025,6,323.5
46870,2025,6,303.4
48250,2025,6,-
52770,2025,6,276.9
48123,2025,6,171.3
48330,2025,6,204.0
46780,2025,6,145.4
46780,2025,6,145.4
46810,2025,6,182.1
46810,2025,6,182.1
46800,2025,6,186.4
46820,2025,6,185.8
46770,2025,6,112.8
46770,2025,6,112.8
48720,2025,6,185.9
48870,2025,6,208.2
46230,2025,6,188.3
46230,2025,6,188.3
46900,2025,6,213.7
47920,2025,6,121.2
47920,2025,6,121.2
47210,2025,6,165.5
47280,2025,6,221.0
47280,2025,6,221.0
47750,2025,6,221.0
47750,2025,6,221.0
47770,2025,6,150.2
47730,2025,6,213.0
47190,2025,6,238.9
47230,2025,6,181.0
47130,2025,6,130.8
48880,2025,6,206.6
48880,2025,6,206.6
48890,2025,6,197.3
48270,2025,6,163.0
48860,2025,6,242.1
48310,2025,6,338.5
48840,2025,6,221.3
26440,2025,6,228.3
51820,2025,7,148.6
51110,2025,7,288.5
51780,2025,7,205.7
41250,2025,7,259.4
41480,2025,7,262.6
51760,2025,7,147.6
51760,2025,7,147.6
51110,2025,7,286.0
28720,2025,7,94.5
28720,2025,7,94.5
51150,2025,7,131.9
51150,2025,7,128.2
51170,2025,7,80.1
11110,2025,7,293.9
11110,2025,7,293.9
28110,2025,7,260.1
28110,2025,7,260.1
51130,2025,7,235.4
47940,2025,7,168.3
41113,2025,7,208.6
41113,2025,7,208.6
51750,2025,7,149.0
43130,2025,7,-
44210,2025,7,597.3
47930,2025,7,148.5
47930,2025,7,148.5
43113,2025,7,346.7
30200,2025,7,300.8
43740,2025,7,143.5
47170,2025,7,151.6
47170,2025,7,151.6
47250,2025,7,165.5
47111,2025,7,262.8
52130,2025,7,169.8
52130,2025,7,169.8
27140,2025,7,248.0
27140,2025,7,248.0
52113,2025,7,198.7
52111,2025,7,198.7
31110,2025,7,285.1
31110,2025,7,285.1
31110,2025,7,285.1
48120,2025,7,256.4
29170,2025,7,622.8
26110,2025,7,241.8
48220,2025,7,83.6
46110,2025,7,273.2
46110,2025,7,273.2
46130,2025,7,112.5
46910,2025,7,365.2
46890,2025,7,101.4
52790,2025,7,357.6
52790,2025,7,357.6
52790,2025,7,357.6
46150,2025,7,479.0
46150,2025,7,479.0
44800,2025,7,467.8
43113,2025,7,323.1
50110,2025,7,141.9
50110,2025,7,68.9
50130,2025,7,44.7
50130,2025,7,44.7
50130,2025,7,44.7
50130,2025,7,19.1
50130,2025,7,19.1
48170,2025,7,441.8
48170,2025,7,441.8
28710,2025,7,229.3
41830,2025,7,282.5
41500,2025,7,297.2
51810,2025,7,183.6
51810,2025,7,183.6
51720,2025,7,220.7
51190,2025,7,116.5
51770,2025,7,144.8
51770,2025,7,144.8
51770,2025,7,144.8
43150,2025,7,216.6
43720,2025,7,235.1
44131,2025,7,404.0
44131,2025,7,404.0
44180,2025,7,279.0
44760,2025,7,385.4
44710,2025,7,222.1
36000,2025,7,278.9
36110,2025,7,278.9
52800,2025,7,209.0
52750,2025,7,342.1
52180,2025,7,218.5
52180,2025,7,218.5
52190,2025,7,343.4
52190,2025,7,343.4
52190,2025,7,343.4
52740,2025,7,249.9
52790,2025,7,304.8
46870,2025,7,-
48250,2025,7,327.4
52770,2025,7,482.1
48123,2025,7,260.1
48330,2025,7,338.6
46780,2025,7,180.6
46780,2025,7,180.6
46810,2025,7,259.1
46810,2025,7,259.1
46800,2025,7,274.6
46820,2025,7,159.6
46770,2025,7,68.7
46770,2025,7,68.7
48720,2025,7,434.0
48870,2025,7,391.4
46230,2025,7,308.7
46230,2025,7,308.7
46900,2025,7,86.5
47920,2025,7,177.3
47920,2025,7,177.3
47210,2025,7,153.0
47280,2025,7,195.3
47280,2025,7,195.3
47750,2025,7,204.3
47750,2025,7,204.3
47770,2025,7,-
47730,2025,7,217.7
47190,2025,7,142.0
47230,2025,7,308.9
47130,2025,7,310.5
48880,2025,7,314.3
48880,2025,7,314.3
48890,2025,7,587.0
48270,2025,7,473.9
48860,2025,7,-
48310,2025,7,136.7
48840,2025,7,146.2
26440,2025,7,300.9
51820,2025,8,97.4
51110,2025,8,238.9
51780,2025,8,430.9
41250,2025,8,354.7
41480,2025,8,379.3
51760,2025,8,52.2
51760,2025,8,52.2
51110,2025,8,252.9
28720,2025,8,130.0
28720,2025,8,130.0
51150,2025,8,42.5
51150,2025,8,41.1
51170,2025,8,34.7
11110,2025,8,290.3
11110,2025,8,290.3
28110,2025,8,310.2
28110,2025,8,310.2
51130,2025,8,110.9
47940,2025,8,22.4
41113,2025,8,169.7
41113,2025,8,169.7
51750,2025,8,80.3
43130,2025,8,-
44210,2025,8,-
47930,2025,8,13.4
47930,2025,8,13.4
43113,2025,8,144.1
30200,2025,8,105.5
43740,2025,8,109.7
47170,2025,8,66.5
47170,2025,8,66.5
47250,2025,8,77.4
47111,2025,8,93.3
52130,2025,8,152.9
52130,2025,8,152.9
27140,2025,8,158.0
27140,2025,8,158.0
52113,2025,8,181.0
52111,2025,8,181.0
31110,2025,8,199.0
31110,2025,8,199.0
31110,2025,8,199.0
48120,2025,8,160.8
29170,2025,8,432.6
26110,2025,8,158.7
48220,2025,8,293.9
46110,2025,8,188.0
46110,2025,8,188.0
46130,2025,8,315.8
46910,2025,8,397.8
46890,2025,8,344.8
52790,2025,8,-
52790,2025,8,-
52790,2025,8,-
46150,2025,8,233.0
46150,2025,8,233.0
44800,2025,8,168.2
43113,2025,8,126.3
50110,2025,8,72.1
50110,2025,8,100.1
50130,2025,8,129.5
50130,2025,8,129.5
50130,2025,8,129.5
50130,2025,8,104.1
50130,2025,8,104.1
48170,2025,8,167.6
48170,2025,8,167.6
28710,2025,8,297.7
41830,2025,8,306.1
41500,2025,8,148.5
51810,2025,8,214.4
51810,2025,8,214.4
51720,2025,8,181.5
51190,2025,8,43.4
51770,2025,8,62.9
51770,2025,8,62.9
51770,2025,8,62.9
43150,2025,8,108.4
43720,2025,8,90.0
44131,2025,8,238.7
44131,2025,8,238.7
44180,2025,8,166.3
44760,2025,8,112.4
44710,2025,8,119.1
36000,2025,8,137.2
36110,2025,8,137.2
52800,2025,8,183.0
52750,2025,8,271.4
52180,2025,8,170.5
52180,2025,8,170.5
52190,2025,8,408.7
52190,2025,8,408.7
52190,2025,8,408.7
52740,2025,8,251.2
52790,2025,8,151.7
46870,2025,8,206.4
48250,2025,8,171.8
52770,2025,8,355.8
48123,2025,8,146.8
48330,2025,8,141.2
46780,2025,8,231.0
46780,2025,8,231.0
46810,2025,8,324.8
46810,2025,8,324.8
46800,2025,8,350.5
46820,2025,8,218.7
46770,2025,8,222.3
46770,2025,8,222.3
48720,2025,8,240.6
48870,2025,8,282.8
46230,2025,8,242.4
46230,2025,8,242.4
46900,2025,8,214.7
47920,2025,8,54.1
47920,2025,8,54.1
47210,2025,8,47.1
47280,2025,8,70.1
47280,2025,8,70.1
47750,2025,8,66.4
47750,2025,8,66.4
47770,2025,8,42.4
47730,2025,8,59.3
47190,2025,8,98.9
47230,2025,8,100.9
47130,2025,8,192.3
48880,2025,8,211.1
48880,2025,8,211.1
48890,2025,8,295.2
48270,2025,8,296.7
48860,2025,8,310.0
48310,2025,8,322.9
48840,2025,8,336.6
26440,2025,8,175.8
51820,2025,9,379.1
51110,2025,9,305.5
51780,2025,9,269.6
41250,2025,9,279.8
41480,2025,9,270.5
51760,2025,9,259.3
51760,2025,9,259.3
51110,2025,9,381.4
28720,2025,9,191.7
28720,2025,9,191.7
51150,2025,9,376.3
51150,2025,9,339.8
51170,2025,9,220.3
11110,2025,9,370.7
11110,2025,9,370.7
28110,2025,9,293.9
28110,2025,9,293.9
51130,2025,9,274.2
47940,2025,9,265.9
41113,2025,9,369.5
41113,2025,9,369.5
51750,2025,9,234.2
43130,2025,9,194.5
44210,2025,9,392.5
47930,2025,9,207.0
47930,2025,9,207.0
43113,2025,9,206.2
30200,2025,9,361.1
43740,2025,9,169.5
47170,2025,9,146.3
47170,2025,9,146.3
47250,2025,9,176.2
47111,2025,9,100.8
52130,2025,9,556.2
52130,2025,9,556.2
27140,2025,9,150.8
27140,2025,9,150.8
52113,2025,9,465.0
52111,2025,9,465.0
31110,2025,9,49.2
31110,2025,9,49.2
31110,2025,9,49.2
48120,2025,9,135.5
29170,2025,9,238.7
26110,2025,9,53.7
48220,2025,9,54.9
46110,2025,9,161.6
46110,2025,9,161.6
46130,2025,9,54.5
46910,2025,9,200.0
46890,2025,9,101.4
52790,2025,9,330.1
52790,2025,9,330.1
52790,2025,9,330.1
46150,2025,9,162.9
46150,2025,9,162.9
44800,2025,9,426.5
43113,2025,9,226.1
50110,2025,9,326.6
50110,2025,9,190.6
50130,2025,9,519.0
50130,2025,9,519.0
50130,2025,9,519.0
50130,2025,9,404.2
50130,2025,9,404.2
48170,2025,9,114.8
48170,2025,9,114.8
28710,2025,9,192.0
41830,2025,9,384.8
41500,2025,9,366.6
51810,2025,9,340.8
51810,2025,9,340.8
51720,2025,9,356.8
51190,2025,9,175.1
51770,2025,9,213.9
51770,2025,9,213.9
51770,2025,9,213.9
43150,2025,9,251.5
43720,2025,9,204.2
44131,2025,9,237.4
44131,2025,9,237.4
44180,2025,9,399.1
44760,2025,9,347.5
44710,2025,9,285.8
36000,2025,9,259.8
36110,2025,9,259.8
52800,2025,9,348.1
52750,2025,9,299.0
52180,2025,9,283.1
52180,2025,9,283.1
52190,2025,9,244.5
52190,2025,9,244.5
52190,2025,9,244.5
52740,2025,9,396.2
52790,2025,9,324.0
46870,2025,9,-
48250,2025,9,60.3
52770,2025,9,302.1
48123,2025,9,74.4
48330,2025,9,134.4
46780,2025,9,124.3
46780,2025,9,124.3
46810,2025,9,165.1
46810,2025,9,165.1
46800,2025,9,148.0
46820,2025,9,166.5
46770,2025,9,121.1
46770,2025,9,121.1
48720,2025,9,98.6
48870,2025,9,167.3
46230,2025,9,152.6
46230,2025,9,152.6
46900,2025,9,224.1
47920,2025,9,171.4
47920,2025,9,171.4
47210,2025,9,199.1
47280,2025,9,196.2
47280,2025,9,196.2
47750,2025,9,117.8
47750,2025,9,117.8
47770,2025,9,115.8
47730,2025,9,134.0
47190,2025,9,164.5
47230,2025,9,158.7
47130,2025,9,81.3
48880,2025,9,170.9
48880,2025,9,170.9
48890,2025,9,119.8
48270,2025,9,53.5
48860,2025,9,149.6
48310,2025,9,70.8
48840,2025,9,81.9
26440,2025,9,63.8
51820,2025,10,460.9
51110,2025,10,144.8
51780,2025,10,189.7
41250,2025,10,187.0
41480,2025,10,197.3
51760,2025,10,277.5
51760,2025,10,277.5
51110,2025,10,158.3
28720,2025,10,178.6
28720,2025,10,178.6
51150,2025,10,545.2
51150,2025,10,486.2
51170,2025,10,497.4
11110,2025,10,186.3
11110,2025,10,186.3
28110,2025,10,157.7
28110,2025,10,157.7
51130,2025,10,155.9
47940,2025,10,298.4
41113,2025,10,167.3
41113,2025,10,167.3
51750,2025,10,146.3
43130,2025,10,203.9
44210,2025,10,179.4
47930,2025,10,323.8
47930,2025,10,323.8
43113,2025,10,184.1
30200,2025,10,211.2
43740,2025,10,185.7
47170,2025,10,161.6
47170,2025,10,161.6
47250,2025,10,216.6
47111,2025,10,190.6
52130,2025,10,109.9
52130,2025,10,109.9
27140,2025,10,99.6
27140,2025,10,99.6
52113,2025,10,112.5
52111,2025,10,112.5
31110,2025,10,173.2
31110,2025,10,173.2
31110,2025,10,173.2
48120,2025,10,110.8
29170,2025,10,132.4
26110,2025,10,125.7
48220,2025,10,116.5
46110,2025,10,124.6
46110,2025,10,124.6
46130,2025,10,161.3
46910,2025,10,119.4
46890,2025,10,133.5
52790,2025,10,120.7
52790,2025,10,120.7
52790,2025,10,120.7
46150,2025,10,150.2
46150,2025,10,150.2
44800,2025,10,177.7
43113,2025,10,183.4
50110,2025,10,93.4
50110,2025,10,52.8
50130,2025,10,154.6
50130,2025,10,154.6
50130,2025,10,154.6
50130,2025,10,68.3
50130,2025,10,68.3
48170,2025,10,168.8
48170,2025,10,168.8
28710,2025,10,209.1
41830,2025,10,140.5
41500,2025,10,180.9
51810,2025,10,123.8
51810,2025,10,123.8
51720,2025,10,151.8
51190,2025,10,277.4
51770,2025,10,179.4
51770,2025,10,179.4
51770,2025,10,179.4
43150,2025,10,194.3
43720,2025,10,204.2
44131,2025,10,171.6
44131,2025,10,171.6
44180,2025,10,162.2
44760,2025,10,189.4
44710,2025,10,151.6
36000,2025,10,228.7
36110,2025,10,228.7
52800,2025,10,90.7
52750,2025,10,97.6
52180,2025,10,118.2
52180,2025,10,118.2
52190,2025,10,103.5
52190,2025,10,103.5
52190,2025,10,103.5
52740,2025,10,146.2
52790,2025,10,122.8
46870,2025,10,128.2
48250,2025,10,102.7
52770,2025,10,135.6
48123,2025,10,101.6
48330,2025,10,92.4
46780,2025,10,137.9
46780,2025,10,137.9
46810,2025,10,151.8
46810,2025,10,151.8
46800,2025,10,154.0
46820,2025,10,133.8
46770,2025,10,154.3
46770,2025,10,154.3
48720,2025,10,118.5
48870,2025,10,144.6
46230,2025,10,158.1
46230,2025,10,158.1
46900,2025,10,99.1
47920,2025,10,126.9
47920,2025,10,126.9
47210,2025,10,217.9
47280,2025,10,246.4
47280,2025,10,246.4
47750,2025,10,130.1
47750,2025,10,130.1
47770,2025,10,385.1
47730,2025,10,119.9
47190,2025,10,145.1
47230,2025,10,125.8
47130,2025,10,109.3
48880,2025,10,159.4
48880,2025,10,159.4
48890,2025,10,101.9
48270,2025,10,100.8
48860,2025,10,111.4
48310,2025,10,140.8
48840,2025,10,158.2
26440,2025,10,97.8
51820,2025,11,30.3
51110,2025,11,20.6
51780,2025,11,16.7
41250,2025,11,21.9
41480,2025,11,15.9
51760,2025,11,16.7
51760,2025,11,16.7
51110,2025,11,18.7
28720,2025,11,4.6
28720,2025,11,4.6
51150,2025,11,15.3
51150,2025,11,17.3
51170,2025,11,15.0
11110,2025,11,20.8
11110,2025,11,20.8
28110,2025,11,16.8
28110,2025,11,16.8
51130,2025,11,15.1
47940,2025,11,77.0
41113,2025,11,23.0
41113,2025,11,23.0
51750,2025,11,12.8
43130,2025,11,-
44210,2025,11,16.8
47930,2025,11,4.8
47930,2025,11,4.8
43113,2025,11,19.2
30200,2025,11,17.1
43740,2025,11,19.8
47170,2025,11,8.8
47170,2025,11,8.8
47250,2025,11,18.7
47111,2025,11,8.7
52130,2025,11,16.8
52130,2025,11,16.8
27140,2025,11,12.3
27140,2025,11,12.3
52113,2025,11,27.6
52111,2025,11,27.6
31110,2025,11,18.1
31110,2025,11,18.1
31110,2025,11,18.1
48120,2025,11,26.2
29170,2025,11,32.8
26110,2025,11,25.3
48220,2025,11,33.0
46110,2025,11,18.6
46110,2025,11,18.6
46130,2025,11,28.3
46910,2025,11,10.0
46890,2025,11,-
52790,2025,11,30.5
52790,2025,11,30.5
52790,2025,11,30.5
46150,2025,11,33.9
46150,2025,11,33.9
44800,2025,11,18.9
43113,2025,11,18.1
50110,2025,11,53.0
50110,2025,11,16.9
50130,2025,11,55.3
50130,2025,11,55.3
50130,2025,11,55.3
50130,2025,11,34.0
50130,2025,11,34.0
48170,2025,11,24.5
48170,2025,11,24.5
28710,2025,11,20.4
41830,2025,11,19.2
41500,2025,11,15.5
51810,2025,11,19.0
51810,2025,11,19.0
51720,2025,11,20.1
51190,2025,11,9.8
51770,2025,11,9.6
51770,2025,11,9.6
51770,2025,11,9.6
43150,2025,11,14.6
43720,2025,11,24.6
44131,2025,11,18.3
44131,2025,11,18.3
44180,2025,11,18.2
44760,2025,11,15.9
44710,2025,11,25.7
36000,2025,11,19.5
36110,2025,11,19.5
52800,2025,11,21.5
52750,2025,11,28.0
52180,2025,11,29.4
52180,2025,11,29.4
52190,2025,11,29.7
52190,2025,11,29.7
52190,2025,11,29.7
52740,2025,11,40.6
52790,2025,11,27.5
46870,2025,11,31.1
48250,2025,11,24.1
52770,2025,11,36.3
48123,2025,11,26.7
48330,2025,11,23.3
46780,2025,11,23.7
46780,2025,11,23.7
46810,2025,11,22.3
46810,2025,11,22.3
46800,2025,11,27.2
46820,2025,11,25.1
46770,2025,11,26.1
46770,2025,11,26.1
48720,2025,11,20.1
48870,2025,11,24.0
46230,2025,11,22.2
46230,2025,11,22.2
46900,2025,11,11.3
47920,2025,11,4.9
47920,2025,11,4.9
47210,2025,11,9.5
47280,2025,11,19.8
47280,2025,11,19.8
47750,2025,11,12.9
47750,2025,11,12.9
47770,2025,11,7.4
47730,2025,11,14.9
47190,2025,11,14.1
47230,2025,11,12.0
47130,2025,11,12.4
48880,2025,11,18.7
48880,2025,11,18.7
48890,2025,11,16.8
48270,2025,11,18.3
48860,2025,11,23.4
48310,2025,11,31.0
48840,2025,11,39.2
26440,2025,11,27.0
