STDG_CD,CNTNC_VL,DST_RSK_DSTRCTCD,FCLTY_GRD_NM,DCSD_CNT,DST_RSK_DSTRCT_RGN_CD,DST_RSK_DSTRCT_HONU,ACT_LMT_MUOR_SPTR,ROAD_NM_CD,DSGN_AREA,APLY_YMD,MNG_RBPRSN_OGDP_JBGD_CN,DAM_DAY_RNFL,HAB_NOPE_CNT,BSC_PLAN_YN,CST_BNTS_VL,FCLT_NM,MNLNO,DSGN_RSN,DSGN_YMD,ENCT_YMD,MAOF_NM,DST_RSK_DSTRCT_NM,INJPSN_CNT,DST_RSK_DSTRCT_MNG_NO,DAM_HSTRY_IDX,DST_WASY_CD,RSK_FACTR_CN,COPL_RMRK,MTN_ADDR_YN,RONA_DADDR,WASY_NM,PRPL_MTTR_CD,IDFR_OGDP_JBGD_CN,DAM_INTV,DAM_HR_RNFL,DST_RSK_DSTRCT_TYPE_CD,HAB_NOHO,PREP_VL,PLCY_VL,RMV_YMD,RMV_RSN,FCLT_MNG_INST_NM,FCLTY_GRD_CD,WRTR_OGDP_JBGD_CN,APLY_YN,DADDR,FNDG_YMD,APLY_YR,LAST_MDFCN_DT,BSC_PLAN_NM,DST_RSK_DSTRCT_GRD_CD,SUBLOTNO,MAO_CD,MNG_CTZN_JBGD_NM
1138010200,,붕괴,국립공원,,1138000000,4-350 외 3필지,,1138010200102810000000027     ,1944.0,,은평구청 건축과,0.0,,,,낙석위험 절개지,281,구채석장 절개지 낙석위험,19961114,,,녹번2,,113801998002,,1,-기반암이 일부 절리되고 단층과 균열 있음-사면상에 돌출부 균열로 암석 슬라이딩 및 낙석 우려,,0,,한강,4,하수과장,0.0,0.0,002,,,,20031126,위험요인제거 공사완료,,040,건축과,0,,,,2024/06/07 09:24:50.000000000,,3,0,,
1165010100,,,지방1급하천,,1165000000,,,,26000.0,,방배2동,,,,,사당천,493,"내수침수
현재 방배 2,4배수분구 유역이 사당천 하류부에 유입",20110217,,,방배사당지구,,116502011001,,1,침수위험,,0, [지점번호:다사54244249],한강,3,재난치수과장 5급,,,001,,,,,,서초구청 물관리과,012,재난치수과 7급,0,,,,2022/12/05 22:04:59.000000000,,1,2,,방배2동
1165010800,,,지방도,,1165000000,,,,45000.0,20060316,물관리과 7급,99.0,,,,저류조,1327,침수위험(주변 고지 배수로의 용량부족 및 간선하수도의 용량부족),20060310,,,서초지구,,116502011002,,-1,침수위험,,0,,,3,재난치수과장 5급,3.0,40.0,001,,,,,,서초구청 물관리과,002,재난치수과 7급,0,,,2006,2022/12/05 22:05:44.000000000,,1,,,서초2동
1165010100,,산사태,사유림,,1165000000,,,,4126000.0,,시설7급,,,,,우면산자연재해위험지구,1,산사태로 인한 인명피해 우려,20111006,,,우면산지구,,116502011003,,-1,산사태,,0,서울특별시 서초구  사평대로6길  102   (방배동),,3,시설5급,,,002,,,,,,서초구청,016,,0,,,,2023/03/04 14:40:54.000000000,,1,1,,
1165010200,,,사유림,,1165000000,일대,,,258000.0,,공원녹지과,,,,,말죽거리근린공원 자연재해위험지구,23,붕괴로 인한 인명피해,20120102,,,말죽거리근린공원,,116502014005,,-1,붕괴위험,,1,,,3,재난치수과 시설5급,,,002,,,,,,,016,재난치수과 시설7급,0,일대,,,2023/03/04 14:41:08.000000000,,1,16,,
1150010800,,공사완료,지방관리,,1150000000,1120번지,,,5000000.0,,강서구청 하수과 토목9급,200.0,,,,공항빗물펌프장,1120,공항배수로의 단면적부족으로  저지대주택가및 농경지 침수,19981109,,,공항,,115001998003,,1,- 공항동1120번지 일대가 공항배수로(마곡 농수로)의 수로폭이 7~20m)로 단면적부족으로 집중호우시 내수침수피해발생-공항배수로 정비,,0,,한강,4,하수과장,5.0,40.0,001,,,,20060302,공항 빗물펌프장 시설보강,,010,하 수 과,0,,,,2022/10/25 09:30:40.000000000,,2,,,공항동1107(25통장)
1150010900,,공사완료,지방관리,,1150000000,616,,,1.0,,강서구청 하수과 토목9급,200.0,,,,내수침수(굴포천),616,농수로내 토사퇴적및 간선하수도 용량족으로 집중호우시 도로및 건물지하실침수,19981109,,,방화,,115001998004,,1,- 농수로 토사퇴적 및 하수 단면부족으로 호우시 침수피해가 발생. 굴포천과 연계된 하수도시설은 정비를  완료 했으나 굴포천 계획홍수위와 하수관거의 표고차이가없어 홍수시 하수불량,,0,,한강,4,하수과장,3.0,40.0,001,,,,20060302,방화 빗물펌프장 시설,,010,하 수 과,0,,,,2022/10/25 09:31:34.000000000,,2,,,방화동645-32(5통장)
1150011000,,,지방1급하천,0.0,1150000000,,00,,850000.0,20151029,강서구 물관리과,200.0,0.0,N,0.0,굴포천,600,수해 발생 우려 지역이나 농지가 대부분으로 미착수,20060302,,,개화지구,0.0,115002006001,0.0,1," - 배수로 주변 저지대(EL.6.6m) 및 높은 외수위(굴포천)로 인한 수면경사 형성 불가능
 - 배수로의 자연유하시 단면 부족에 의한 홍수위 상승(역사이펀 배수)",,0,600-1 일원,한강,3,강서구 물관리과장,5.0,0.0,001,0.0,,,,고시실효,강서구청 치수과,012,강서구 물관리과,0,600-1 일원,,,2022/12/05 22:04:12.000000000,,3,1,,방화2동 동대표
1150010300,,,국가하천,0.0,1150000000,화곡동 1106-1 일원,00,,110720.0,20151029,물관리과 시설8급,96.0,161796.0,N,0.0,한강,1106,인명피해 발생우려가 매우 높은 지역,20110418,,,화곡1지구,0.0,115002011005,0.0,1,- 봉제산 및 우장산 빗물이 화곡로 및 까치산길의 하수암거에 일시에 유입되어 강서구청 사거리에서 병목현상 발생 배수능력 부족에 따른 침수피해 발생,,0, [지점번호:다사42805086],한강,4,물관리과 과장,1.0,221.0,001,63038.0,,,,진행중,강서구청 물관리과,011,물관리과 시설7급,0,화곡동 1106-1 일원,,2011,2024/10/30 13:35:58.000000000,,1,1,,자율방재단 동대표
1150010300,,,국가하천,0.0,1150000000,화곡동 949-4 일원,00,,96667.0,20151029,물관리과 시설7급,96.0,0.0,N,0.0,안양천,949,인명피해 발생우려가 매우 높은 지역,20110418,,,화곡2지구,0.0,115002011006,0.0,1,"- 배다리길 저지수로의 북측으로 우장산 및 봉제산이 위치하고, 남측으로 경인고속도로가 우치하여 배다리길을 중심으로 띠형태의 상대적 저지대 형성(우수 유출수의 집중)",,0, [지점번호:다사42834796],한강,4,물관리과 과장,1.0,221.0,001,0.0,,,20230104,,강서구청 물관리과,011,물관리과 시설8급,0,화곡동 949-4 일원,,,2023/01/04 13:27:31.000000000,,1,4,,자율방재단 화곡1
2614012400,,,지방관리,0.0,2614068000,,00,,654.0,20151110,경제진흥과,,0.0,N,0.0,진정산 일원,107,암반사면 붕괴위험,20100407,,산림청,암남(진정산)지구,0.0,261402010024,0.0,,"- 낙석 발생, 산사태",,1, [지점번호:마라37737577],,4,안전총괄과,,,002,0.0,,,20170116,정비완료(2016.8월)   ,경제진흥과,010,안전총괄과,0,,,,2017/03/02 12:25:33.000000000,,2,1,004,암남동 12통장
2614012300,,급경사 암반,지방관리,,2614065000,남부민초등학교 일원,,,,,재난안전과,,,,,남부민초등학교 뒤 언덕붕괴 위험지구,89,암반균열 발생,19991026,,행정안전부,남부민지구,,261402013025,,,암반 풍화 및 우오수 유입,,0,부산광역시 서구  해돋이로114번길  18   (남부민동),,4,재난안전과,,,002,,,,20091202,정비사업 완료에 따른 지구 해제,재난안전과,010,재난안전과,,남부민초등학교 일원,,,2013/06/13 12:06:31.000000000,,3,6,001,
2623010400,,,지방관리,,2623052000,성서초등학교 일원,,,,,범천1동 기능10급,250.0,,,,범천1지구,851,주위지형보다낮고 하수관거 통수능 부족,20080627,,행정안전부,범천1지구,,262302008001,,19,하수관거 단면 부족으로 통수능이 저하되어 침수가 예상되므로 저지대로 집중되는 우수 침수깊이를 최소화 하기 위한 관거 단면 확대 실시,,0,부산광역시 부산진구  중앙번영로  25   (범천동),기타,4,도시안전과장,5.0,50.0,001,,,,20111028,공사완료로 인한 침수위험 해소,도시안전과,010,도시안전과 시설8급,,성서초등학교 일원,,,2012/03/29 10:16:50.000000000,,1,6,001,통장
5172025027,,,지방관리,0.0,5172025000,,02,,130826.0,20100608,건설방재과 시설7급,0.0,70.0,Y,0.0,하천제방,462,"집중호우시 하천범람
[2019.08.13] 2,629㎡ ⇒ 130,826㎡으로 면적변경고시",20100608,20121108,,결운지구,0.0,427202011008,0.0,1,집중호우시 하천범람,,0, [지점번호:라사37216861],한강,4,건설방재과장,0.0,0.0,001,20.0,,,20210226,해제 절차 진행중(사업 완료로 인한 위험요소 해소),홍천군,010,건설방재과 방재8급,0,,20121012,2010,2022/05/02 17:57:45.000000000,홍천군풍수해저감종합계획,1,,,결운2리장
5172039022,5.0,,지방2급하천,0.0,5172039000,,02,,60000.0,20100608,건설방재과 시설7급,0.0,3.0,Y,0.0,하천,1680,집중호우시 하천범람,20100608,20121108,,광원지구,0.0,427202011009,0.0,1,집중호우시 하천범람,,0,강원도 홍천군 내면 가덕길  12-4   ,한강,1,건설방재과장,0.0,0.0,004,1.0,0.0,10.0,,,홍천군,013,건설방재과 행정9급,0,,20121012,2010,2022/05/02 17:57:40.000000000,홍천군 풍수해저감종합계획,1,,,광원2리장
5172025028,,,기타,0.0,5172025000,,02,,55000.0,20150608,도시교통과 시설6급,0.0,112.0,Y,0.0,배수펌프장,4,외수범람 및 내수배제불량,20100608,20121108,,태학지구,0.0,427202011010,0.0,-1,외수범람 및 내수배제불량으로 저지대 침수,,0,강원도 홍천군 홍천읍 홍천로  658-1   ,,4,건설방재과장,0.0,0.0,001,38.0,,,20160315,,홍천군,050,건설방재과 행정9급,0,,20101012,2010,2022/05/02 17:57:34.000000000,홍천군풍수해저감종합계획,2,3,,태학리장
5172035223,0.0,,군도,0.0,5172000000,산81-1,02,4272035023100810001041203     ,9000.0,20100608,시설7급,0.0,60.0,Y,0.0,도로사면,81,급경사 도로사면붕괴위험,20100608,20121108,,홍천103호선(홍천-25),0.0,427202011011,0.0,-1,급경사 도로사면붕괴위험,,0,,,4,재난안전과장,0.0,0.0,002,25.0,0.0,0.0,,,홍천군,004,재난안전과 시설8급,0,,20121012,,2024/05/16 14:29:53.000000000,홍천군풍수해저감종합계획,3,1,,
5172032023,0.0,,농어촌도로,0.0,5172000000,,02,,16637.0,20150608,건설과 시설7급,0.0,48.0,Y,0.0,도로사면,35,급경사 도로사면 붕괴위험,20100608,20121108,,군도17호선(두촌213호선),0.0,427202011012,0.0,19,급경사 도로사면 붕괴위험,,1, [지점번호:라사47478441],기타,3,재난안전과장,0.0,0.0,002,15.0,0.0,0.0,,,홍천군,051,재난안전과 행정8급,0,,20121012,2010,2023/10/11 17:10:49.000000000,홍천군 풍수해저감종합계획,3,,,천현1리장
5172025031,0.0,,군도,0.0,5172025000,,02,,5440.0,20100608,시설7급,0.0,64.0,Y,0.0,도로사면,267,급경사 도로사면 붕괴위험,20100608,20121108,,군도12호선,0.0,427202011013,0.0,-1,급경사 도로사면 붕괴위험,5096,1,,,4,건설방재과장,0.0,0.0,002,30.0,0.0,0.0,20180503,공사완료에 따른 위험요인 해소 ,홍천군,004,건설방재과 행정7급,0,,20121012,2010,2022/05/02 17:57:19.000000000,홍천군풍수해저감종합계획,3,2,,태학리장 이춘근
5172034028,,,기타,0.0,5172034000,,02,,2400.0,20100608,행정9급,0.0,54.0,Y,0.0,도로사면,180,급경사 도로사면 붕괴위험,20100608,20121108,,서석215호,0.0,427202011014,0.0,-1,급경사 도로사면 붕괴위험,,1, [지점번호:라사58307412],,4,건설방재과장,0.0,0.0,002,15.0,,,20180611,,홍천군,050,건설방재과 행정9급,0,,20121012,2010,2022/05/02 17:57:07.000000000,홍천군풍수해저감종합계획,3,3,,수하2리장
5172036030,,,군도,0.0,5172036000,,02,,40000.0,20100608,행정9급,0.0,48.0,Y,0.0,도로사면,52,급경사 도로사면 붕괴위험,20100608,20121108,,군도14호(1),0.0,427202011015,0.0,-1,급경사 도로사면 붕괴위험,,1, [지점번호:라사22966548],,4,건설방재과장,0.0,0.0,002,15.0,,,20160315,,홍천군,004,건설방재과 행정9급,0,,20121012,2010,2022/05/02 17:57:01.000000000,홍천군풍수해저감종합계획,3,1,,장항리장
5172037028,0.0,,기타,0.0,5172000000,,02,,8500.0,20100608,건설과 시설7급,0.0,70.0,Y,0.0,도로사면,556,급경사 도로사면 붕괴위험,20100608,20121108,,서면202호,0.0,427202011016,0.0,-1,급경사 도로사면 붕괴위험,,1,,,4,재난안전과장,0.0,0.0,002,35.0,0.0,0.0,,,홍천군,050,재난안전과 시설8급,0,,20121012,2010,2024/05/16 14:29:27.000000000,홍천군풍수해저감종합계획,3,3,,동막리장
5172034028,3.0,,기타,0.0,5172034000,,02,4272034028114050001032346     ,540.0,20100608,시설9급,0.0,43.0,Y,0.0,도로(교량),1420,집중호우시 도로 및 교량침수,20100608,20121108,,서석209호,0.0,427202011017,0.0,-1,교량침수로 유실 우려,,0,,,1,건설방재과장,0.0,0.0,005,23.0,0.0,10.0,,,홍천군,050,건설방재과 행정9급,0,,20121012,2010,2022/01/05 17:22:17.000000000,홍천군풍수해저감종합계획,3,0,,수하2리장
5172038031,1.0,,지방2급하천,0.0,5172000000,,02,,240000.0,20100608,건설과 시설7급,0.0,6.0,Y,0.0,"배수펌프장,하천제방",894,내수배제 불능,20100608,20121108,,구만지구,0.0,427202011018,1570.0,1,내수배제 불능,,0, [지점번호:라사17666770],한강,3,재난안전과장,0.0,0.0,001,2.0,0.0,1.0,,,홍천군,013,재난안전과 시설8급,0,,20121012,2010,2024/05/16 14:29:10.000000000,홍천군 풍수해저감종합계획,3,105,,구만리장
5178025631,,,기타,,5178025600,,,,,,재난안전관리과8급,,,,,정연지구,327,자연재해로 인한 침수위험,20080327,,행정안전부,정연지구,,427802008001,,,집중호우에 따른 한탄강 본류수위상승에 따른 내수 침수 발생,자연재해위험지구 해제 추진중,0, ,,4,,,,001,,,,20130916,,철원군청,050,,, ,,,2014/03/27 20:44:41.000000000,,1,5,001,정연리장
5178025929,,,기타,,5178025900,,,,,,재난안전관리과8급,,,,,이길지구,1132,자연재해로 인한 침수위험,20080327,,행정안전부,이길지구,,427802008002,,,집중호우에 따른 한탄강 본류수위상승에 따른 내수침수,자연재해위험지구 해제 추진중,0, ,,4,,,,001,,,,20130916,,철원군청,050,,, ,,,2014/03/27 20:37:14.000000000,,1,41,001,이길리장
5182025321,,언덕붕괴,지방관리,,5182000000,거진4리,,,1000.0,,안전교통과 시설8급,0.0,,,,거진1지구,1,급경사지 산사태 위험에 대함 재해사전 예방,20051206,,,거진1지구,,428202006001,,19,급경사지 사면으로 붕괴시 건축물 붕괴등 위험요인 상존,,0,,기타,4,안전교통과 시설5급,0.0,0.0,002,,,,20101201,정비완료로 재해위험 해소,고성군청 건설방재과,010,안전교통과 시설8급,0,거진4리,,,2023/05/01 14:09:00.000000000,,2,1,,거진4리 리장
5182033023,,언덕붕괴,지방관리,,5182000000,아야진6리,,,800.0,,안전교통과 시설8급,0.0,,,,언덕붕괴,1,급경사지 산사태위험에 대한 재해예방,20051206,,,아야진지구,,428202006002,,-1,- 언덕붕괴시 주택피해 상존,,0,강원도 고성군 토성면 아야진해변길  104    ,,4,안전교통과 시설5급,0.0,0.0,002,,,,20101201,정비완료에 따른 재해위험 해소,고성군청,010,안전교통과 시설8급,0,아야진6리,,,2023/05/01 14:08:12.000000000,,2,1,,아야진6리 리장
5182025333,,,지방지정,,5182000000,,,,48000.0,,안전교통과 시설8급,,,,,송포지구,165,해안가와 연접 해일 피해 우려,20091206,,,송포지구,,428202013003,,19,해일피해,,0,강원도 고성군 거진읍 해오름해변길  70    ,기타,4,안전교통과 시설5급,,,006,,,,20140203,정비사업 완료,고성군청,034,안전교통과 시설8급,0,,,,2023/05/01 14:07:17.000000000,,1,,,
5182025321,,,지방관리,,5182000000,,,,800.0,,안전교통과 시설8급,,,,,거진2지구,1,붕괴위험,20021002,,,거진2지구,,428202013004,,-1,붕괴위험,,0,,,4,안전교통과 시설5급,,,002,,,,20041123,정비사업 완료,건설방재과,010,안전교통과 시설8급,0,,,,2023/05/01 14:06:35.000000000,,1,2,,이장
5182025321,,거진3지구,지방관리,,5182000000,,,,1000.0,,안전교통과 시설8급,,,,,거진3지구,1,붕괴위험,19960103,,,거진3지구,,428202013005,,-1,붕괴위험,,0,,,4,안전교통과 시설5급,,,002,,,,20021130,정비완료,고성군 건설방재과,010,안전교통과 시설8급,0,,,,2023/05/01 13:58:21.000000000,,1,3,,이장
5182032024,,,지방관리,,5182000000,,,,2000.0,,안전교통과 시설8급,,,,,공현진지구,3,붕괴위험,19960103,,,공현진 지구,,428202013006,,-1,붕괴위험,,0, [지점번호:라아88134009],,4,안전교통과 시설5급,,,002,,,,20021130,정비완료,건설방재과,010,안전교통과 시설8급,0,,,,2023/05/01 14:05:48.000000000,,3,,,이장
5182032024,,,지방관리,,5182000000,,,,2000.0,,안전교통과 시설8급,,,,,공현진지구,5,침수위험,19960103,,,공현진지구,,428202013007,,-1,침수위험,,0,강원도 고성군 죽왕면 공현진해변길  107-16   ,,4,안전교통과 시설5급,,,001,,,,20021130,정비완료,고성군청 안전교통과,010,안전교통과 시설8급,0,,,,2023/05/01 14:05:04.000000000,,1,,,이장
5182031021,,붕괴위험,지방관리,,5182000000,,,,6310.0,,안전교통과 시설8급,,,,,대진지구,45,붕괴위험,20021002,,,대진지구,,428202013008,,-1,붕괴위험,,0,,,4,안전교통과 시설5급,,,002,,,,20041123,정비완료,고성군청 안전교통과,010,안전교통과 시설8급,0,,,,2023/05/01 13:56:34.000000000,,3,,,이장
5182025023,,,지방관리,,5182000000,,,,1000.0,,안전교통과 시설8급,,,,,동호지구,23,유실위험,20021002,,,동호지구,,428202013009,,-1,유실위험,,0, [지점번호:라아86224373],,4,안전교통과 시설5급,,,005,,,,20041123,정비완료,고성군청 안전교통과,010,안전교통과 시설8급,0,,,,2023/05/01 13:55:15.000000000,,1,,,이장
5182032028,,,지방관리,,5182000000,,,,4000.0,,안전교통과 시설8급,,,,,삼포지구,39,유실위험,20021002,,,삼포지구,,428202013010,,-1,유실위험,,0, [지점번호:라아82933441],,4,안전교통과 시설5급,,,005,,,,20041123,정비완료,고성군청 안전교통과,010,안전교통과 시설8급,0,,,,2023/05/01 13:54:14.000000000,,1,1,,이장
5182033023,,,지방관리,,5182000000,,,,4160.0,,안전교통과 시설8급,,,,,아야진2지구,28,붕괴위험,20021002,,,아야진2지구,,428202013011,,-1,붕괴위험,,0,강원도 고성군 토성면 아야진3길  26    ,,4,안전교통과 시설5급,,,002,,,,20041123,정비완료,고성군청 안전교통과,010,안전교통과 시설8급,0,,,,2023/05/01 13:53:16.000000000,,2,,,이장
5182033023,,,지방관리,,5182000000,,,,1000.0,,안전교통과 시설8급,,,,,아야진3지구,47,붕괴시설,19960103,,,아야진3지구,,428202013013,,-1,붕괴위험,,0,강원도 고성군 토성면 아야진해변길  65-2   ,,4,안전교통과 시설5급,,,002,,,,20021130,정비완료,고성군청 안전교통과,010,안전교통과 시설8급,0,,,,2023/05/01 13:52:13.000000000,,1,,,이장
5182033034,,,지방관리,,5182000000,,,,10000.0,,안전교통과 시설8급,,,,,용촌지구,15,유실위험,20021002,,,용촌지구,,428202013014,,-1,유실위험,,0, [지점번호:라아94662594],,4,안전교통과 시설5급,,,005,,,,20041123,정비완료,안전교통과 재난방재,010,안전교통과 시설8급,0,,,,2023/05/01 13:51:03.000000000,,1,,,이장
5182032026,,,지방관리,,5182000000,,,,10000.0,,안전교통과 시설8급,,,,,인정지구,18,유실위험,20021002,,,인정지구,,428202013015,,-1,유실위험,,0,,,4,안전교통과 시설5급,,,005,,,,20041123,정비완료,건설방재과,010,안전교통과 시설8급,0,,,,2023/05/01 13:49:46.000000000,,1,,,이장
4141010500,,,지방2급하천,,4141056000,,,,,,,,,,,당정천,190,침수우려 (가옥 800동),19960712,,행정안전부,당정,,414102013004,,,우기시 하천범람,,0, [지점번호:다사51092973],,4,,,,001,,,,20050207,당정천 개수 및 복개공사,,013,,, ,,,2013/06/17 08:52:08.000000000,,3,3,001,
4148037034,,,지방관리,0.0,4148037000,두지리 62-1번지 일원,02,,99000.0,20031030,안전총괄과 공업8,300.0,60.0,N,0.0,두지배수펌프장,62,"내수침수 임진강 수위 상승이 원인",20031030,20070223,행정안전부,두지재해위험지구,0.0,414802004001,0.0,18,"배수펌프장 신축
 인명피해 20세대/60명,건물 10동, 농경지 20㏊, 농어촌도로 203호선 침수",,0, [지점번호:다사47329655],임진강,4,안전총괄과 시설6,1.0,30.0,001,17.0,,,20100527,배수펌프장 준공에 따른 해제,파주시,010,안전총괄과 행정7,0,두지리 62-1번지 일원,,2003,2017/04/11 15:16:44.000000000,,2,1,001,적성면 두지리장
4148036024,,내수침수,지방관리,0.0,4148000000,,02,,279794.0,20031030,안전총괄과 방재안전7급,300.0,0.0,N,0.0,율곡 자연재해위험개선지구,509, 임진강 수위 상승으로 내수배제 불가에 따라 소하천 하류 범람,20240315,20070223,,율곡 자연재해위험개선지구,0.0,414802004002,0.0,18,"- 피해상황: 45명, 건물 17동, 농경지 14.3ha, 국도37호선 부체도로 버스침수, 율곡수목원(주차장) 침수
- 개선대책: (율곡습지)펌프장 및 유수지조성, (국도37호선 부체도로)배수로 정비 및 펌프장·유수지 조성, (소하천정비)축제, 배수시설물 4개소",,0, [지점번호:다사39508803],임진강,2,안전총괄과 시설6급,1.0,30.0,001,0.0,,,,,파주시,010,안전총괄과 방재안전7급,0,,20240315,2003,2024/09/13 09:31:39.000000000,,2,,,율곡2리 이장
4148025021,,,지방관리,0.0,4148025000,,02,,200000.0,20001016,안전총괄과 공업6,0.0,2330.0,N,0.0,문산지구,1,내수 침수위험,20001016,20070223,행정안전부,문산지구,0.0,414802011003,0.0,,내수침수,,0,경기도 파주시 문산읍 문향로85번길  34-14   ,,4,안전총괄과 시설6,0.0,0.0,001,771.0,,,20040217,사업완료,,010,안전총괄과 행정7,0,,,,2017/04/11 15:15:21.000000000,,2,1,001,
4159010100,,,기타,,4159051000,,,,,,,,,,,남양지구,304,침수위험,19990910,,행정안전부,남양지구,,415902011001,,,침수위험,,0,경기도 화성시  화성로  1057-7  (남양동),,4,,,,001,,,,20011009,정비완료,,050,,, ,,,2011/11/07 14:15:57.000000000,,2,1,001,
4159012200,,,기타,,4159057000,,,,,,,,,,,황계지구,133,침수위험,19990910,,행정안전부,황계지구,,415902011002,,,침수위험,,0, [지점번호:다사57381336],,4,,,,001,,,,20011009,정비완료,,050,,, ,,,2011/11/07 14:21:51.000000000,,2,1,001,
4173025022,,,지방관리,,4173025022,,,,,,지방시설주사보,0.0,,,,침수위험지구,1,침수위험지역,20060224,,행정안전부,홍문지구,,417302006002,,,"여름철 집중호우시 도로표면수 및 인근 농경지, 임야에서 우수 및 토사가 기존 우수관로에 유입되어 통수단면 부족 등으로 인하여 배수가 원활히 이루어지지 않아 침수위험이 있음",,0, [지점번호:라사12122218],,4,재난안전과장,0.0,0.0,001,,,,20130104,,여주군청,010,지방시설주사보,, ,,,2013/06/05 09:21:06.000000000,,1,,001,
4173037023,,,지방관리,,4173037023,187,,,,,,,,,,금당천 제방,1,제방취약,19980101,,행정안전부,금당지구,,417302013034,,,제방취약,,0, [지점번호:라사15422333],,4,,,,003,,,,20021127,하천정비 완료,,010,,,187,,,2013/06/12 18:49:02.000000000,,3,,001,
4173025027,,,지방2급하천,,4173025027,,,,,,지방시설주사보,0.0,,,,소양천,1,"하천의 미개수로 제방유실우려, 제외지의 농경지가 하상보다 낮아",20060224,,행정안전부,하리지구,,417302006004,,,여주읍 시가지에 위치한 하천으로 남한강 수위 상승시 제방단면의 부족으로 역류되는 하천제방의 단면확보로 주민 재산보호,,0, [지점번호:라사10692359],,4,재난안전과장,0.0,0.0,001,,,,20130104,,여주군청,013,지방시설주사보,, ,,,2013/06/05 09:21:22.000000000,,3,,001,
4173025021,,,지방2급하천,,4173025021,,,,,,지방시설주사보,0.0,,,,용강골천,1,"하천 미개수로 제방유실우려, 제외 농경지 하상보다 낮아 내수침수",20060224,,행정안전부,상리지구,,417302006012,,,여주읍 주거지역 및 농립지역에 위치한 하천으로 집중호우시 하천 단면폭이 협소하여 제방유실시 인근 농경지 및 가옥침수 우려가 있어 하천제방의 단면확보로 주민 재산보호,,0, ,,4,재난안전과장,0.0,0.0,005,,,,20130104,,여주군청,013,지방시설주사보,, ,,,2013/06/05 09:21:33.000000000,,3,,001,
4173025032,,,지방2급하천,,4173025032,,,,,,지방시설주사보,0.0,,,,용금천,1,"하천 미개수로 제방유실우려, 제외 농경지 하상보다 낮아 내수침수",20060224,,행정안전부,상거지구,,417302006016,,,여주읍 주거지역 및 농림지역에 위치한 하천으로 집중호우시 하천 단면폭이 협소하여 제방유실시 인근 농경지 및 가옥침수 우려가 있어 하천제방의 단면확보로 주민 재산보호,,0, [지점번호:라사12361738],,4,재난안전과장,0.0,0.0,005,,,,20130104,,여주군청,013,지방시설주사보,, ,,,2013/06/05 09:22:28.000000000,,3,,001,
4173025021,,,지방2급하천,0.0,4173025021,오학리,00,,0.0,20150626,지방시설서기,0.0,0.0,N,0.0,대수리천,1,하천의 미개수로 제방유실우려가 있으며 제외지의 농경지가 하상보다,20060224,,행정안전부,오학지구,0.0,417302006019,0.0,,여주읍 주거지역 및 농림지역에 위치한 하천으로 집중호우시 하천 단면폭이 협소하여 제방유실시 인근 농경지 및 가옥침수 우려가 있어 하천제방의 단면확보로 주민 재산보호,,0, ,,1,재난안전과장,0.0,0.0,005,0.0,,,,,,013,지방시설주사보,,오학리,,,2015/06/26 13:33:00.000000000, ,3,,001,
4173037031,,,지방2급하천,,4173037031,,,,,,지방시설주사보,0.0,,,,원골천,1,하천의 미개수로농경지가 하상보다 낮아 내수침수 발생,20060224,,행정안전부,서원지구,,417302006021,,,북내면 주거지역 및 농림지역에 위치한 하천으로 집중호우시 하천 단면폭이 협소하여 제방유실시 인근 농경지 및 가옥침수 우려가 있어 하천제방의 단면확보로 주민 재산보호,,0, [지점번호:라사10631695],,4,재난안전과장,0.0,0.0,005,,,,20130104,,여주군청,013,지방시설주사보,, ,,,2013/06/05 09:29:16.000000000,,3,,001,
4173037029,,,지방2급하천,,4173037029,,,,,,지방시설주사보,0.0,,,,상교천,1,하천의 미개수로 농경지가 하상보다 낮아 내수침수 발생,20060224,,행정안전부,상교지구,,417302006022,,,북내면 주거지역 및 농림지역에 위치한 하천으로 집중호우시 하천 단면폭이 협소하여 제방유실시 인근 농경지 및 가옥침수 우려가 있어 하천제방의 단면확보로 주민 재산보호,,0,경기도 여주군 여주읍 영릉로  123    ,,4,재난안전과장,0.0,0.0,005,,,,20130104,,여주군청,013,지방시설주사보,, ,,,2013/06/05 09:30:19.000000000,,3,,001,
4173031023,,,지방관리,,4173031023,여주군 점동면 덕평리 585,,,,,,,,,,덕실천,585,미새수 소하천으로 인근지 유실위험,20060224,,행정안전부,덕평지구,,417302013032,,19,유실위험,,0, [지점번호:라사14350933],기타,4,,,,005,,,,20130104,소하천 정비공사 완료(L=0.4km),,010,,,여주군 점동면 덕평리 585,,,2013/06/12 18:34:11.000000000,,3,,001,
4173036034,,,지방관리,,4173036034,여주군 대신면 천서리 215,,,,,,,,,,지방하천,215,미개수 하천,20060224,,행정안전부,천서지구,,417302013033,,,하천폭 및 여유고 부족등으로 집중호우시 주택 및 농경지 등 침수피해 우려,,0, [지점번호:라사04803371],,4,,,,005,,,,20090630,하천개수 완료,,010,,,여주군 대신면 천서리 215,,,2013/06/12 18:43:08.000000000,,3,,001,
4173036027,,,지방관리,,4173036027,여주군 대신면 장풍리 112,,,,,,,,,,지방하천,1,침수위험,20000408,,행정안전부,장풍지구,,417302013035,,,하천폭 및 여유고 부족 등으로 집중호우시 주택 및 농경지 침수 피해 우려,,0, [지점번호:라사12433287],,4,,,,001,,,,20011231,하천정비 완료,,010,,,여주군 대신면 장풍리 112,,,2013/06/12 18:51:41.000000000,,2,,001,
4173031031,,,지방관리,,4173031031,여주군 점동면 장안리 653,,,,,,,,,,소하천,1,유실위험,20060224,,행정안전부,장안지구,,417302013036,,,하천폭 및 여유고 부족 등으로 집중호우시 주택 및 농경지 등 침수 피해 우려,,0, [지점번호:라사20281365],,4,,,,005,,,,20090630,소하천 정비완료,,010,,,여주군 점동면 장안리 653,,,2013/06/12 18:59:04.000000000,,3,,001,
5111011400,,언덕붕괴,지방지정,0.0,5111000000,,02,4211011400101740023013806     ,36.0,20151130,소양동사무소,150.0,24.0,N,0.0,소양1지구,64,"언덕붕괴로 인한 인명 및 재산피해 발생 우려 소양로재건축사업지구 편입",19991118,20120329,,소양1,0.0,421101998005,0.0,-1,경사가 급한 언덕으로 일부 침하현상이 발생하여 언덕 상하부 주택의 붕괴위험 상존,,0,,,4,안전총괄담당관 시설6급,3.0,50.0,002,6.0,,,20230126,재건축정비사업을 통한 붕괴위험 해소,춘천시청,034,안전총괄담당관 시설8급,0,,,,2023/08/16 14:14:07.000000000,,2,93,,소양동 10통장
5111011400,,언덕붕괴,지방지정,0.0,5111000000,,02,4211011400100640029013845     ,32.0,20151130,소양동장,150.0,27.0,N,0.0,소양2지구,64,"언덕붕괴로 인한 가옥 및 인명피해 발생 우려 소양로재건축사업지구 편입",19991118,20120329,,소양2,0.0,421101998006,0.0,-1,"경사가 급한 언덕의 일부 침하현상으로 언덕 상하부 주택의 붕괴위험 상존
 소양로재건축사업지구 지정",,0,,,4,안전총괄 시설6급,3.0,50.0,002,9.0,,,20230126,재건축정비사업을 통한 붕괴위험 해소,춘천시청,034,안전총괄 시설8급,0,,,,2023/08/16 14:13:40.000000000,,2,30,,소양동 10통장
5111025021,,내수침수,국가하천,0.0,5111000000,"율문리, 천전리 일원",02,,227000.0,20151130,신북읍사무소 시설8급,150.0,0.0,N,0.0,신북지구,37,소양댐 수문개방시 역류 및 내수로 인한 침수,19991118,20120329,,신북,0.0,421101998010,0.0,1,소양댐 수문개방시 역류 및 집중호우시 내수침수 발생,율문3리장 백종율 010-5377-8399 / 천전2리장 함길식 010-8526-7050,0, [지점번호:라사22659180],한강,3,재난안전담당관 ,5.0,50.0,001,0.0,,,,,춘천시청,011,재난안전담당관 시설7급,0,"율문리, 천전리 일원",,,2024/04/11 11:23:30.000000000,,3,53,,신북읍 율문3리장/천전2리장
4885041021,,,지방1급하천,0.0,4885041000,,00,,450000.0,20160705,옥종면 시설7급,0.0,1800.0,N,0.0,청룡지구,1,상습침수지역,20100520,,,청룡지구,0.0,488502011013,,-1,상습침수지역,,0, [지점번호:라라35898709],,1,안전총괄과 시설6급,0.0,0.0,001,450.0,,,,,하동군,012,안전총괄과 시설8급,0,,,2015,2021/12/23 22:07:52.000000000,,2,,,
4721011100,,,지방2급하천,0.0,4721000000,,00,4721011100110410004000001     ,60000.0,20151102,휴천3동 행정8급,0.0,0.0,N,0.0,사일지구,1041,재해위헙지구 지정관리,20060228,,,사일지구,0.0,472102006001,0.0,2,"제방붕괴 우려
- 서천지구 하천재해예방사업(준공일 : '09. 4. 19.)",,0,,낙동강,4,재난안전관리과 시설5급,0.0,0.0,001,0.0,,,20120208,,영주시 건설과,013,재난안전관리과 시설7급,0,,,,2023/06/02 10:54:44.000000000,,2,1,,조암동 1153
4721037022,,,지방2급하천,0.0,4721000000,일원,02,,140000.0,20060302,안전재난과 시설7급,0.0,19.0,N,0.0,아랫들지구,856,재해위험지구 지정관리,20060228,20090108,,아랫들지구,0.0,472102006002,0.0,2,"제방붕괴 우려
- 죽계지구 하천재해예방사업(준공예정일 : '23. 12. 17.)",,0,,낙동강,4,안전재난과 행정5급,0.0,0.0,001,10.0,,,,,영주시,013,안전재난과 시설7급,0,,,2006,2023/06/02 10:21:00.000000000,,3,1,,안정면 동촌리
4721037024,,,지방2급하천,0.0,4721000000,일원,02,,100000.0,20060302,안전재난과 시설7급,0.0,162.0,N,0.0,중촌들지구,245,재해위험지구 지정관리,20060228,20090108,,중촌들지구,0.0,472102006003,0.0,2,"세굴로 인한 제방붕괴 우려
- 죽계2지구 하천재해예방사업(준공예정일 : '23. 12. 17.)",,0,,낙동강,2,안전재난과 행정5급,0.0,0.0,002,56.0,,,,,영주시 안전재난과,013,안전재난과 시설7급,0,,,2006,2023/06/02 10:17:50.000000000,,3,1,,순흥면 읍내리
4721038025,,,지방2급하천,0.0,4721000000,,02,,150000.0,20140206,안전재난과 시설7급,0.0,259.0,N,0.0,옥대지구,173,재해위험지구 지정관리(변경고시),20140206,20090108,,옥대지구,0.0,472102006004,0.0,2,침수위험,,0,경상북도 영주시 단산면 옥대로  23-6   ,낙동강,4,안전재난과 행정5급,0.0,0.0,001,108.0,,,20170322,"재해위험지구 정비사업 완료
- 옥대지구 하천재해예방사업(준공일 : '16. 12. 26.)",영주시,013,안전재난과 시설7급,0,,,2014,2023/06/02 10:46:37.000000000,,1,1,,단산면 옥대리
4721011300,,,지방2급하천,0.0,4721000000,일원,02,4721011300100940008000001     ,60000.0,20060302,안전재난과 시설7급,250.0,8.0,N,0.0,피골지구,94,재해위험지구 지정관리,20060228,20150108,,피골지구,0.0,472102006005,0.0,2,"침수위험
- 죽계지구 하천재해예방사업(준공일 : '19. 12. 16.)",,0,,낙동강,4,안전재난과 행정5급,5.0,30.0,001,6.0,,,,,영주시,013,안전재난과 시설7급,0,,,2006,2023/06/02 10:05:29.000000000,,1,3,,
4721034022,,,지방2급하천,0.0,4721000000,,00,4721034022112810000023076     ,60000.0,20151102,재난관리과 시설9급,250.0,0.0,N,0.0,두전지구,1281,재해위험지구 지정관리,20060228,,,두전지구,0.0,472102006006,0.0,2,침수위험,,0,,낙동강,4,재난관리과 시설5급,5.0,30.0,001,0.0,,,20120208,"옥계지구 하천재해예방사업
- 준공일 : '10. 8. 24.",영주시청,013,재난관리과 시설7급,0,,,,2023/06/02 10:23:52.000000000,,2,0,,장수면 두전3리
4721010400,,,지방도,0.0,4721000000,,00,4721010400106930009011092     ,60000.0,20151031,재난관리과 시설7급,250.0,0.0,N,0.0,휴천지구,693,재해위험지구 지정관리,20100129,,,휴천지구,0.0,472102010007,0.0,-1,침수위험,,0,,,4,,5.0,30.0,001,0.0,,,20150901,"영주시 시가지 상습침수지역(휴천지구) 재해위험지구 정비사업
- 준공일 : '14. 6. 2.",재난관리과,002,,0,,,,2023/06/02 10:51:49.000000000,,1,9,,
4721037022,,,지방2급하천,0.0,4721000000,,02,,720000.0,20060302,안전재난과 시설7급,250.0,423.0,N,0.0,죽계지구,989,재해위험지구 지정관리,20060302,20090108,,죽계지구,0.0,472102010008,0.0,19,"침수위험
- 죽계지구 하천재해예방사업(준공예정일 : '23. 12. 17.)",,0,,기타,3,안전재난과 시설5급,5.0,3.0,001,123.0,,,,,영주시,013,안전재난과 시설7급,0,,,2006,2023/06/02 10:45:09.000000000,,3,2,,
4721033023,,,지방2급하천,0.0,4721000000,,00,,60000.0,20151102,재난관리과 시설7급,0.0,0.0,N,0.0,적동지구,723,침수위험,20100730,,,적동지구,0.0,472102011009,0.0,-1,침수,,0,,,4,재난관리과 시설5급,0.0,0.0,001,0.0,,,20120208,"정비완료
- 서천지구 하천재해예방사업(준공일 : '10. 8. 18.)",,013,,0,,,,2023/06/02 10:11:50.000000000,,3,1,,적동2리장
5175025024,,,사유림,,5175025000,,,,9000.0,,안전건설과 시설6급,300.0,,,,계족산,80,집중호우시 붕괴우려,20051125,,행정안전부,덕포지구,,427502005001,,1,붕괴,,1, [지점번호:라사86920935],한강,4,안전건설과 시설5급,10.0,40.0,002,,,,20090821,정비사업 완료에 따른 해제,영월군,016,안전건설과 시설6급,0,,,,2020/08/27 15:12:02.000000000,,2,1,001,영월읍 덕포리
4415037038,,하천제방,지방2급하천,0.0,4415037000,,02,,40300.0,20060302,정안면 시설7,180.0,0.0,N,0.0,정안천,240,하천범람(외수),20060302,20110915,,정안지구,0.0,441502006006,0.0,3,집중호우시 하천범람으로 주변농경지 침수,,0,,금강,1,시민안전과 시설5,5.0,0.0,001,0.0,,,,,시민안전과,013,시민안전과 시설7,0,,20130923,2006,2022/09/02 17:07:24.000000000,정안천 하천기본계획,2,,,대산2리장
4415010900,,,국가하천,,4415056000,,,,1400000.0,,옥룡동 행정9,0.0,,,,금강,250,침수위험 해소,19961119,,,금강지구,,441502013010,,-1,침수 위험,,0,,,4,시민안전과 시설5,0.0,0.0,001,,,,20001217,정비완료,시민안전과,011,시민안전과 시설7,0,,,,2022/09/02 17:04:38.000000000,,2,,,옥룡2통장
4415033025,,,지방2급하천,,4415033000,,,,1000000.0,,계룡면 시설9,,,,,내흥지구,124,침수위험,19971230,,,내흥지구,,441502013011,,-1,침수위험,,0, [지점번호:다바72272434],,4,시민안전과 시설5,,,001,,,,19980502,정비완료,시민안전과,013,시민안전과 시설7,0,,,,2022/09/02 17:03:41.000000000,,1,,,내흥2리장
4415039021,,,지방1급하천,0.0,4415039000,,02,,500000.0,19960501,사곡면 시설8,0.0,30.0,N,0.0,사곡지구,214,침수위험,19960501,20110915,,사곡지구,0.0,441502013012,0.0,3,침수위험,,0,,금강,4,시민안전과 시설5,0.0,0.0,001,20.0,,,19970509,정비완료,시민안전과,012,시민안전과 시설7,0,,,,2022/09/02 17:00:38.000000000,,1,,,호계2리장
4415039024,,하천제방,지방1급하천,0.0,4415000000,,02,,36195.0,20170828,사곡면 시설8,150.0,160.0,N,0.0,계실천,133,하천 통수단면 부족,20140102,20110915,,계실지구,0.0,441502013013,0.0,3,하천통수단면 부족으로 인한 침수피해,,0,충청남도 공주시 사곡면 계실양촌길  21-1   ,금강,4,시민안전과 시설5,2.0,17.0,001,42.0,,,,,시민안전과,012,시민안전과 시설7,0,,20071220,2017,2022/09/02 17:02:16.000000000,계실천 하천기본계획,2,4,,계실리장
4721010600,,,,,4721000000,,,4721010600107060000000001     ,60000.0,,가흥1동사무소 행정7급,200.0,,,,문정지구,706,재해위험지구지정관리(L =600m),20030129,,,문정지구,,472102004001,,2,"-하천협소(병목)구간으로 ""하천개수""가 필요한 외수 침수지구
-집중호우시 지방2급하천 서천의 수위상승으로 영주시가지 침수",,0,,낙동강,4,영주시청 건설과 토목5급,0.0,80.0,001,,,,20070807,"재해위험지구 정비완료
(하폭 B=120m → B=180m 확장)
- 서천협소구간 확장공사(준공일 : '06. 11. 3.)",,-1,영주시청 건설과 토목7급,0,,,,2023/06/02 10:08:19.000000000,,1,0,,가흥 문정동 199
4721032021,,내수침수,지방관리,,4721000000,,,,60000.0,,,200.0,,,,내성천,469,재해위험지구 지정관리(펌프장 1동),20010112,,,동막지구,,472102004002,,2,"- ""배수펌프장 설치""가 필요한 내수 침수지구
- 침수판단기준 : 강우량 200mm 이상, 홍수위 3.0m 이상
- 호우시 지방2급하천 내성천의 수위상승으로 인근 소하천에 위치한 주택(24동) 내수배제 불가",,0,,낙동강,4,영주시청 건설과 토목5급,0.0,80.0,001,,,,20030320,정비완료(2002. 12. 31.),,010,영주시청 건설과 토목8급,0,,,,2023/06/02 10:34:25.000000000,,1,0,,
4721032025,,상습침수,지방관리,,4721000000,금광1리,,,60000.0,,,227.0,,,,내성천,1295,재해위험지구,19990802,,,금광지구,,472102004003,,2,"- ""배수펌프장 설치""가 필요한 내수 침수지구
- 침수판단기준 : 강우량 200mm 이상, 홍수위 3.0m 이상
- 호우시 지방2급하천 내성천의 수위상승으로 인근 소하천에 위치한 주택(24동) 내수배제 불가",,0,,낙동강,4,영주시 건설과,0.0,86.0,001,,,,20030320,"정비완료(2002. 12. 31.)
- 영주댐구역 편입(수몰)",,010,영주시 건설과,0,,,,2023/06/02 10:27:09.000000000,,1,0,,
4623035021,,,기타,0.0,4623035000,,00,,38130.0,20151014,진월면사무소,0.0,0.0,N,0.0,진월 외망지구,4,침수위험,20151014,20111228,행정안전부,진월 외망지구,0.0,462302015017,0.0,-1,침수위험,,0,전라남도 광양시 진월면 망덕길  356    ,,4,안전총괄과장,0.0,0.0,001,0.0,,,20171025,,,050,안전총괄과,0,,20151014,2015,2018/10/31 21:06:49.000000000,,2,54,001,외망마을이장
4623010900,,,기타,0.0,4623057000,,00,,200000.0,20151014,태인동사무소,0.0,0.0,N,0.0,태인 궁기지구,896,침수위험지구,20151014,20111228,행정안전부,태인 궁기지구,0.0,462302015019,0.0,-1,침수위험,,0,전라남도 광양시  김시식지길  15   (태인동),,4,안전총괄과장,0.0,0.0,001,0.0,,,20181101,,,050,안전총괄과,0,,20151014,2015,2018/10/31 21:02:01.000000000,,1,161,001,
4615035026,,,지방관리,0.0,4615035000,마을회관,02,,103100.0,20151103,시설8급,150.0,90.0,N,0.0,용촌 자연재해위험개선 지구,830,재해예방 개선사업을 위한 지구지정,20141211,,국토교통부,용촌 자연재해위험,0.0,461502014004,0.0,5,호남고속도로 BOX2교 통수단면 부족으로 농경지 및 주택 침수위험,,0,,섬진강,3,시설6급,2.0,30.0,001,30.0,,,,,건설과,010,시설8급,0,,,2014,2020/11/26 17:11:27.000000000,,1,2,005,이장
5280036021,,,지방관리,0.0,5280000000,일원,02,,19000.0,20140423,안전총괄과 시설8급,150.0,35.0,N,2.0,모항마을유수지,71,내수배제 불량에 따른 침수위험,20150108,20130923,,모항,0.0,458002015013,9000.0,19,"- 서해안과 인접하여 만조와 집중호우가 동시 발생 시 홍수량을 저류시킬 수 있는 유수지 저류용량과 방류수문 통수단면 부족으로 인한 자연배제 불가
 - 우수관로 용량 부족에 의한 침수피해 발생",,0,"전라북도 부안군 변산면 모항해변길  4 , 일원  ",기타,4,안전총괄과 시설6급,2.0,25.0,001,16.0,,,20180409,사업 완료,안전총괄과,010,안전총괄과 시설7급,0,,,2014,2023/11/21 09:00:47.000000000,,2,1,,이장
5178025321,,,지방1급하천,0.0,5178025300,,02,,53106.0,20151103,시설7급,0.0,350.0,N,0.0,학사2지구,304,자연재해로 인한 침수위험,20141203,20061004,행정안전부,학사2지구,0.0,427802015003,0.0,-1,홍수위 상승 시 내수배제 능력 부족,,0, [지점번호:다아92672789],,4,,0.0,0.0,001,214.0,,,20190222,정비완료,,012,,0,,,2015,2019/04/29 16:55:49.000000000,,1,21,001,
5178025629,,,군도,0.0,5178025600,,02,,9593.0,20151103,시설7급,0.0,0.0,N,0.0,상사2지구,552,낙석 및 사면붕괴 인명피해 우려,20150107,20150107,행정안전부,상사2지구,0.0,427802015004,0.0,-1,낙석 및 사면붕괴로 인한 인명피해 ,,0,강원도 철원군 갈말읍 직탕길  32    ,,4,,0.0,0.0,002,0.0,,,20180605,정비완료,,004,,0,,,2015,2019/04/29 16:57:46.000000000,,1,12,001,
5219034024,,,지방2급하천,0.0,5219000000,,02,,110000.0,20151103,주생면사무소 농업6급,171.0,164.0,N,0.0,옥률천,122,내수배제불량 및 관로 통수단면부족,20150202,20131111,,정송지구,0.0,451902015032,0.0,-1,외수위 상승에 다른 내수배제 블량 및 기존 우수관의 통수능 부족,,0,전라북도 남원시 주생면 정송1길  35-3   ,,4,안전재난과 시설6급,4.0,47.0,001,87.0,,,20240315,2018년 1월 공사완료에 따른 지구 지정 해제,남원시,013,안전재난과 시설8급,0,,,2015,2024/11/17 15:37:18.000000000,,2,1,,정충이장
5279038022,,,지방2급하천,0.0,5279034000,,02,,449440.0,20151108,재난안전과,92.0,79.0,Y,0.0,건동천,1664,내수배제 불량,20150306,20100319,행정안전부,건동지구,0.0,457902015014,0.0,19,"건동천 및 교량 통수단면이 부족하고 제방이 계획홍수위 보다 낮아 집중호우시 하천범람으로 상습침수피해가 발생
 ",,0,,기타,4,재난안전과장,2.0,30.0,001,21.0,,,20191212,재해위험요소 해소에 따른 해제,고창군청,013,복구지원팀장,0,,20100423,2015,2020/06/09 14:34:22.000000000,건동천 하천기본계획,2,,001,송산마을이장
5177025021,,급경사지,군도,0.0,5177025000,세대2,02,,8100.0,20150318,정선읍사무소,0.0,1003.0,Y,1.0,도로,485,상습적인 낙석발생으로 인명피해 우려가 있는 지역,20150318,20070417,행정안전부,세대2지구,1.0,427702015016,0.0,1,해빙기 및 호우 시 낙석발생으로 인한 인명피해 위험,,0, [지점번호:라사99733196],한강,4,건설과장,1.0,0.0,002,479.0,,,20200317,정비사업 완료에 따른 붕괴위험 해소,건설과,004,건설과,0,,20110712,2015,2020/06/06 14:18:14.000000000,풍수해저감종합계획,1,1,001,봉양6리장
5177032024,,,군도,0.0,5177032000,(낙동2),02,,7000.0,20150318,남면사무소,0.0,666.0,Y,1.0,도로,298,자연재해 발생우려가 있는 지역의 체계적 정비 및 관리,20150318,20070417,행정안전부,낙동2지구,0.0,427702015017,0.0,1,낙석발생으로 인명피해 우려,,1, [지점번호:마사04132470],한강,4,건설과장,1.0,0.0,002,431.0,,,20190612,정비사업 완료에 따른 붕괴위험 해소,건설과,004,건설과,0,,20110712,2015,2020/06/06 14:18:38.000000000,풍수해저감종합계획,1,0,001,낙동3리장
4711133037,,,지방2급하천,0.0,4711000000,일원,00,,530000.0,20150311,생태하천과 시설5급,0.0,158.0,Y,3.0,대화천,668,통수단면 부족 및 침수위험,20150311,,,대화지구,0.0,471112015010,1000.0,14,"호우시 통수단면 부족, 제방여유고 부족, 호안유실 등",,0, [지점번호:마마81547189],영덕오십천,2,생태하천과 시설6급,0.0,0.0,001,45.0,,,,,포항시,013,생태하천과 시설8급,0,,20170828,2015,2023/08/21 17:23:57.000000000,,3,1,,
2644010200,,침수,광역시도,0.0,2644000000,,00,,789545.0,20150318,안전관리과 시설8급,153.0,2320.0,Y,9.0,대저2동,2082,상습침수로 인한 재해위험지구 지정,20150318,,,대저2지구,0.0,264402015013,40000.0,2,호우로 인한 상습침수,,0,부산광역시 강서구  공항앞길33번길  20-10  (대저2동),낙동강,4,안전도시과장,1.0,0.0,001,670.0,,,20220811,정비사업 완료로 재해위험요인 해소,강서구청,038,안전관리과 시설8급,0,,20150318,2015,2022/10/24 10:37:25.000000000,자연재해위험지구정비사업,2,7,,덕두본리통장
,,,지방2급하천,,4817042000,,,,,,하천관리과,0.0,,,,지방하천,,침수위험,19991105,,국토교통부,덕오지구,,481702015009,,,침수위험,,,경상남도 진주시 집현면 남강로  1899    ,,4,,0.0,0.0,001,,,,20060228,,,013,,0,,,,2016/07/05 11:05:31.000000000,,2,,005,
,,,기타,,4817054500,,,,,,,0.0,,,,나불지구,,내수침수,19990910,,행정안전부,나불지구,,481702015010,,,내수침수,,,경상남도 진주시  창렬로7번길  14-1  (인사동),,4,,0.0,0.0,001,,,,20041125,,,050,,,,,,2015/03/26 18:08:20.000000000,,,,001,
,,,지방2급하천,,4817042000,,,,,,하천관리과,0.0,,,,지내천,,침수위험,19990910,,국토교통부,지내지구,,481702015011,,,침수,,,경상남도 진주시 집현면 지내길  13    ,,4,,0.0,0.0,001,,,,20060228,,,013,,0,,,,2016/07/05 11:02:04.000000000,,2,,005,
2771025625,,,국가하천,0.0,2771025600,,02,,140079.0,20150326,다사읍사무소,0.0,25.0,Y,0.0,다사 서재 2 자연재해위험개선지구,741,침수위험,20150326,20130430,행정안전부,다사 서재2 지구,0.0,277102015006,0.0,2,하천수위 상승시 내수배제불량 및 배수관로 통수능력부족으로 인한 침수피해 발생 우려,,0, [지점번호:라마89136465],낙동강,4,안전방재과 5급,5.0,0.0,001,10.0,,,20210330,"자연재해위험개선지구 정비사업 완료, ",다사읍사무소,011,안전방재과 7급,0,,20150430,2015,2022/04/14 20:01:53.000000000,풍수해저감종합계획,2,0,001,서재1리장
5183031029,5.0,,기타,0.0,5183000000,,02,4283031029100180000017721     ,14809.0,20150320,안전교통과 시설7,0.0,473.0,N,,상평지구 자연재해위험개선지구,18,배수불량에 따른 시가지 침수위험,20150320,20121211,,상평지구,0.0,428302015012,0.0,17,배수불량에 따른 시가지 침수위험,,0,,양양남대천,4,,0.0,0.0,001,216.0,0.0,10.0,20210826,사업완료 ,양양군청,050,안전교통과 시설7,0,,,2015,2021/11/22 11:14:00.000000000,,2,0,,상평마을대표
4157025622,,침수,지방1급하천,,4157000000,,02,,25714.0,20150223,양촌읍 산업개발팀,324.0,850.0,Y,,봉성지구,1073,강제배수 시설용량 부족,20150331,20061122,,봉성지구,,415702015007,,1,내수배제불량,,0,,한강,3,하천과,2.0,57.0,003,330.0,,,,,김포시청,012,하천과,0,,20160412,2015,2023/04/21 13:13:18.000000000,김포시풍수해저감종합계획,2,,,
5111011300,,언덕붕괴,지방지정,,5111057000,,,,,,,,,,,봉의 8,26,언덕붕괴로 인한 주택 피해,19991118,,행정안전부,봉의 8,,421102009013,,,언덕붕괴,,0,강원도 춘천시  소양정길34번길  4    ,,4,재난방재과장,,,002,,,,20011227,재해위험지구 정비사업 완료,,034,재난방재과 시설6급,, ,,,2010/12/27 17:33:04.000000000,,2,40,001,
5111012200,,언덕붕괴,지방지정,,5111052000,,,,,,,,,,,교동 1,93,언덕붕괴로 인한 주택피해,19991118,,행정안전부,교동 1,,421102009014,,,언덕붕괴,,0, [지점번호:라사20708713],,4,재난방재과장,,,002,,,,20011227,재해위험지구 정비사업 완료,,034,재난방재과 시설6급,, ,,,2010/12/27 17:33:19.000000000,,2,38,001,
5111011200,,언덕붕괴,지방지정,,5111062000,,,,,,,,,,,효자 1,129,언덕붕괴로 인한 주택피해,19991118,,행정안전부,효자 1,,421102009015,,,언덕붕괴,,0,강원도 춘천시  도화길  12-1  (효자동),,4,재난방재과장,,,002,,,,20011227,재해위험지구 정비사업 완료,,034,재난방재과 시설6급,, ,,,2010/12/27 17:33:37.000000000,,2,110,001,
5111011200,,언덕붕괴,지방지정,,5111062000,,,,,,,,,,,효자 2,126,언덕붕괴로 인한 주택 피해,19991118,,행정안전부,효자 2,,421102009016,,,언덕붕괴,,0,강원도 춘천시  백령로119번길  26   (효자동),,4,재난방재과장,,,002,,,,20011227,재해위험지구 정비사업 완료,,034,재난방재과 시설6급,, ,,,2010/12/27 17:33:50.000000000,,2,3,001,
5111011300,,산사태,지방지정,,5111057000,,,,,,,,,,,봉의 10,1,산사태로 인한 주택 피해,20011227,,행정안전부,봉의 10,,421102009017,,,산사태,,0, [지점번호:라사20498819],,4,재난방재과장,,,002,,,,20050730,재해위험지구 정비사업 완료,,034,재난방재과 시설6급,, ,,,2010/12/27 17:34:54.000000000,,2,40,001,
5111011700,,상습침수,지방지정,,5111057000,,,,,,,,,,,근화,601,침수로 인한 주택피해,20000929,,행정안전부,근화,,421102009018,,19,상습침수,,0, ,기타,4,재난방재과장,,,001,,,,20070831,재해위험지구 정비사업 완료,,034,재난방재과 시설6급,, ,,,2010/12/27 17:34:02.000000000,,1,5,001,
5111011400,,언덕붕괴,지방지정,,5111058000,,,,,,,,,,,봉의 9,5,언덕붕괴로 인한 주택 피해,19991118,,행정안전부,봉의 9,,421102009019,,,언덕붕괴,,0, ,,4,재난방재과장,,,002,,,,20080229,재해위험지구 정비사업 완료,,034,재난방재과 시설6급,, ,,,2013/06/16 10:02:55.000000000,,2,39,001,
5111011500,,언덕붕괴,지방지정,,5111058000,,,,,,,,,,,소양 3,30,언덕붕괴로 인한 주택피해,20031208,,행정안전부,소양 3,,421102009020,,,언덕붕괴,,0, ,,4,재난방재과장,,,002,,,,20081002,재해위험지구 정비사업 완료,,034,재난방재과 시설6급,, ,,,2010/12/27 17:34:29.000000000,,2,1,001,
5111011100,,,지방지정,0.0,5111054500,,02,,2563.0,20151130,약사명동,150.0,60.0,N,0.0,약사,150,인접도로보다 저지대 주거밀집지역으로 집중호우시 범람 및 침수,20100826,20120329,행정안전부,약사,0.0,421102010021,0.0,,침수위험,,0,강원도 춘천시  약사고개길50번길  21-5  (약사동),,4,안전총괄담당관,5.0,50.0,001,19.0,,,20161110,,춘천시청,034,안전총괄 시설8급,0,,,,2017/02/22 10:31:37.000000000,,2,15,001,약사명동4통통장
5111025022,,붕괴위험,기타,0.0,5111025000,,00,,5900.0,20151130,신북읍 시설7급,200.0,0.0,N,0.0,천전,39,집중호우로 인한 붕괴 및 침수피해,20110901,,행정안전부,천전,0.0,421102012022,0.0,-1,자연재해로 인한 붕괴,,0,강원도 춘천시 신북읍 상천3길  2    ,,4,안전총괄담당관 시설6급,3.0,50.0,002,0.0,,,20200827,정비사업 완료 및 관계전문가 검토완료,춘천시청,050,안전총괄담당관 시설8급,0,,,,2020/09/01 16:21:00.000000000,,2,9,001,신북읍 천전6리 이장
5111025022,,붕괴위험,기타,,5111025000,,,,,,신북읍 시설8급,200.0,,,,느치골,12,자연재해로 인한 붕괴 및 침수피해,20110901,,행정안전부,느치골,,421102012023,,,자연재해로 인한 붕괴 및 침수피해,,0, [지점번호:라사26509321],,4,방재과 과장,3.0,50.0,002,,,,20130221,,춘천시 방재과,050,방재과 시설7급,, ,,,2013/03/19 17:57:49.000000000,,2,7,001,신북읍천전5리이장
5111012200,,언덕붕괴,지방지정,0.0,5111052000,,02,,4597.0,20151130,교동사무소6급,150.0,83.0,N,0.0,교동3지구,113,자연재해로인한비탈면붕괴및낙석발생,20121213,20120329,행정안전부,교동3,0.0,421102012024,0.0,,"경사가 급하고 자연풍화토 위에 주택이 입지하여 위험에 노출
 지형여건 및 구조물 노후로 인한 집단적 인명피해 발생 우려",,0,강원도 춘천시  전원안길  41   (교동),,4,안전총괄담당관,2.0,50.0,002,33.0,,,20160609,,춘천시청,034,안전총괄 시설8급,0,,,,2017/02/22 10:13:36.000000000,,2,53,001,교동 7통 4반장
5119010400,,,지방관리,0.0,5119061500,,02,,22000.0,20151201,철암동 행정7급,250.0,80.0,N,0.0,붕괴및침수,514,집중호우시 주택밀집지역지구내 산사태에 따른 낙석 및 침수예상지구,20060227,20100225,,월천지구,0.0,421902004002,0.0,2,산지형이 급격하게 급하며 암재질이 풍화암으로 분포되어 있어 집중호우시 낙석피해가 반발하는 지구로서 낙석으로 인한 산사태 중괴위험요인이 상존하여 정비가 시급함,,0,,낙동강,4,안전총괄과장,3.0,35.0,001,20.0,,,20100108,재해위험지구정비사업완료에 따른 해제,태백시청,010,복구지원담당,0,,20060227,2006,2022/03/04 16:06:42.000000000,,3,19,,철암동 10통장
5173034026,,침수위험,지방2급하천,,5173034000,,,,,,,,,,,계천,904,내외수 침수 발생,20011026,,국토교통부,매일,,427302013013,,1,해소,,0, [지점번호:라사53895128],한강,4,,,,001,,,,20041012,정비사업완료,,013,,, ,,,2013/04/11 14:25:35.000000000,,1,5,005,
5119010400,,침수,지방2급하천,0.0,5119061500,,02,,10700.0,20041013,철암동 행정7급,209.0,120.0,N,0.0,상습침수,403,집중호우시 저지대인 철암시장이 하천수 월류 및 내수피해,20041013,20100225,행정안전부,철암시장지구,0.0,421902004003,0.0,2,하천범람으로 인한 상습침수지역,,0,강원도 태백시  철암시장길  28-1  (철암동),낙동강,4,안전총괄과장,2.0,29.0,001,30.0,,,20100804,재해위험지구해소사업 완료,태백시청,013,복구지원담당,, ,20041013,2004,2015/12/01 17:54:13.000000000, ,2,123,001,철암동 8통장
5119010400,,침수,지방관리,0.0,5119061500,,02,,25000.0,20060227,철암동 행정7급,209.0,0.0,N,0.0,매산골천,403,상습침수지역으로 수해피해발생,20060227,20100225,행정안전부,상철암,0.0,421902006001,0.0,2,침수피해위험,,0, [지점번호:마사36770455],낙동강,4,안전총괄과장,2.0,29.0,001,0.0,,,20121226,,태백시청,010,복구지원담당,, ,20060227,2006,2015/12/01 17:54:23.000000000, ,2,,001,철암동 1통장
5119010100,,침수,지방관리,0.0,5119051500,,02,,6000.0,20060227,황지동 행정7급,209.0,20.0,N,0.0,황지천,8,상습침수지역으로 수해피해발생,20060227,20100225,행정안전부,범패사,0.0,421902006002,0.0,2,집중호우시 침수피해 발생,,1, ,낙동강,4,안전총괄과장,2.0,29.0,001,5.0,,,20100108,재해위험지구정비공사 완료에 따른 해제,태백시청,010,복구지원담당,, ,20060227,2006,2015/12/01 17:56:13.000000000, ,2,1,001,황지동 9통장
5119010600,,국도사면,시의국도,0.0,5119060500,,02,,26500.0,20100514,구문소동 기능7급,250.0,8.0,N,0.0,기타(국도사면),1,집중호우시 도로사면 지반약화로 인한 낙석발생,20100514,20100225,,"동점,메밀뜰지구",0.0,421902008007,0.0,2,"평소 통행차량이 많은 국도변 절개지로 집중호우로 인한 낙석이 발생되었으며, 현재 결빙과 해빙으로 풍화가 급격히 진행되는 상태로 추가 붕괴위험 높은 지역임",,0, [지점번호:마사39790183],낙동강,4,재난관리과장,1.0,35.0,002,2.0,,,20150721,정비사업 완료로 재해위험요인 해소,태백시청,039,복구지원담당,0,,20100514,2010,2022/03/04 16:03:35.000000000,,1,,,구문소동 6통장
5119010100,,침수,지방2급하천,0.0,5119051500,,02,,10000.0,19960630,,0.0,40.0,N,0.0,황지천,20,집중호우시 제방무제부 외수침수로 인한 저지대 주택 상습침수,19960630,20100225,행정안전부,연지지구,0.0,421902011008,0.0,2,하천 외수침수로 인한 주택침수,,0, [지점번호:마사32540958],낙동강,4,,0.0,0.0,001,10.0,,,20020119,재해위험지구해소사업 완료,,013,,, ,19960630,1996,2015/12/01 18:01:41.000000000, ,1,30,001,
5119010100,,유실,기타,0.0,5119051500,,02,,4600.0,20100514,상장동 행정8급,209.0,20.0,N,0.0,서학골천,418,하천 통수단면 부족으로 하천수 범람,20100514,20100225,행정안전부,서학골,0.0,421902011009,0.0,2,하천 통수단면 부족,,0, [지점번호:마사31630722],낙동강,4,재난관리과장,3.0,0.0,005,5.0,,,20121226,,태백시청,050,복구지원담당,, ,20100514,2010,2015/12/01 18:03:02.000000000, ,2,120,001,상장동 10통장
5119010100,,국도사면,시의국도,0.0,5119051500,,02,,26200.0,20100514,황연동 행정7급,0.0,0.0,N,0.0,국도38호,1,사면붕괴로 도로 및 아파트단지내 낙석,20100514,20100225,행정안전부,황연,0.0,421902011010,0.0,,사면붕괴로 도로 및 아파트 단지내 낙석,,0, [지점번호:마사32760976],,4,안전총괄과장,0.0,0.0,002,0.0,,,20141010,정비사업 완료로 재해위험요인 해소,태백시청,039,복구지원담당,, ,20100514,2010,2015/12/01 18:04:38.000000000, ,1,,001,황연동 5통장
5119010400,,침수,지방2급하천,0.0,5119061500,,02,,39364.0,20100706,철암동 행정7급,209.0,229.0,N,0.0,철암천,354,계곡수 배제불량으로 상습침수,20100706,20100225,행정안전부,철암배나무골,0.0,421902011011,0.0,2,계곡수 배제불량으로 상습침수,,0,강원도 태백시  동태백로  439   (철암동),낙동강,4,안전총괄과장,2.0,29.0,001,124.0,,,20151229,정비사업 완료로 재해위험요인 해소,태백시청,013,복구지원담당,, ,20100706,2014,2016/01/06 10:37:06.000000000, ,1,6,001,철암동 8통장
5119010400,,,기타,0.0,5119061500,,02,,14000.0,20120326,철암동 행정7급,209.0,30.0,N,0.0,갈골,284,철암천 백워터현상으로 내수침수,20120326,20100225,행정안전부,갈골지구,0.0,421902012012,0.0,19,철암천 수위상승으로 인한 백워터현상으로 내수침수,,0,강원도 태백시  상철암길  39-1  (철암동),기타,4,재난관리과 시설5급,2.0,29.0,001,7.0,,,20150721,정비사업 완료로 재해위험요인 해소,태백시청 재난과리과,050,재난관리과 시설6급,, ,20120326,2012,2015/12/01 18:08:25.000000000, ,2,5,001,1통장
5173031025,,침수위험,지방2급하천,,5173031000,,,,,,건설방재과 시설7급,335.0,,,,전천,849,침수발생,20080604,,행정안전부,정금재해위험지구,,427302008006,,1,전천의 통수단면 부족 및 제방고(H=2.2m부족)가 낮아 집중호우 시 범람 위험,,0, [지점번호:라사53214499],한강,4,건설방재과 시설5급,5.0,35.0,001,,,,20130527,정비사업 완료 및 위험요인 해소,횡성군 건설방재과,013,건설방재과 시설6급,, ,,,2014/05/27 13:46:00.000000000,,2,27,001,정금1리장
5173037023,,침수위험,지방2급하천,0.0,5173037000,,00,,0.0,20151103,안전건설과 시설7급,310.0,0.0,N,0.0,이리천,595,침수발생,20120322,,행정안전부,옥계재해위험지구,0.0,427302012007,0.0,1,"마을이 이리천 홍수위보다 낮은 저지대로 이리천 수위상승시 내수배제 불가
 이리천 통수단면 부족 및 제방고가 홍수위보다 낮아 집중호우시 범람 위험",,0,강원도 횡성군 서원면 옥계사일길  8    ,한강,4,안전건설과시설5급,10.0,35.0,001,0.0,,,20160314,,횡성군,013,안전건설과 시설6급,, ,,,2016/03/18 11:22:38.000000000, ,1,,001,옥계2리장
5173036027,,유실위험,지방도,0.0,5173036000,,00,,0.0,20151103,안전건설과 시설7급,0.0,0.0,N,0.0,청곡교,161,집중호우시 유실위험,20130220,,행정안전부,청곡재해위험지구,0.0,427302013008,0.0,,청곡교 통수단면 부족에따른 제방월류및교량유실위험,,0, [지점번호:라사42115108],,4,안전건설과 시설5급,0.0,0.0,005,0.0,,,20160314,,강원도도로관리사업소,002,안전건설과 시설6급,, ,,,2016/03/18 11:22:25.000000000, ,3,1,001,청곡리장
5173034033,,취약방재,지방2급하천,,5173034000,,,,,,,,,,,대관대천,475,미개수 하천으로 외수침수발생,19960615,,국토교통부,수네뜰,,427302013009,,1,해소,,0, [지점번호:라사46735076],한강,4,,,,003,,,,20030113,정비사업 완료,,013,,, ,,,2013/06/14 16:31:23.000000000,,3,,005,
5173035024,,취약방재,지방2급하천,,5173035000,,,,,,,,,,,유동천,1456,미개수 하천으로 외수침수,19960615,,국토교통부,유동,,427302013010,,1,해소,,0, [지점번호:라사56755342],한강,4,,,,003,,,,20010710,정비사업완료,,013,,, ,,,2013/06/14 16:32:01.000000000,,3,,005,
5173035026,,취약방재,지방2급하천,,5173035000,,,,,,,,,,,계천,752,미개수 하천으로 침수피해 발생,19960615,,국토교통부,유평,,427302013011,,1,해소,,0, [지점번호:라사55885184],한강,4,,,,003,,,,20001210,정비사업 완료,,013,,, ,,,2013/04/11 13:59:43.000000000,,3,,005,
5173025035,,침수위험,지방2급하천,,5173025000,,,,,,,,,,,전천,207,내외수 침수 발생,19960615,,국토교통부,교항,,427302013012,,1,해소,,0, ,한강,4,,,,001,,,,20080828,정비완료,,013,,, ,,,2013/06/14 16:32:51.000000000,,2,7,005,
1111018600,,사면의붕괴,기타,0.0,1111000000,,00,,32278.0,20150908,재난안전과 토목 8급,0.0,12.0,N,0.0,급경사지,142,사면의 붕괴위험,20120517,,,신영동,0.0,111102012004,0.0,19,신영동142-1일대 사면직하부(45~55º)에 무허가건물 7동 위치 재해발생시 인명 및 재산 피해우려,,0,서울특별시 종로구  세검정로6나길  44   (신영동),기타,3,재난안전과장,0.0,0.0,002,7.0,,,,,재난안전과,050,재난안전과 토목 8급,0,,,2012,2023/04/28 17:26:25.000000000,,2,1,,부암동 통장
1117012800,,도로,시도,0.0,1117000000,한강대교북단~남영역,00,,180491.0,20110308,용산구 치수과 시설8급,295.0,16454.0,Y,0.0,도로,43,내수침수,20110308,,,한강로지구,0.0,111702011002,0.0,1,내수침수,,0, [지점번호:다사52674748],한강,4,,0.0,0.0,001,8539.0,,,20200903,지정 해제,용산구 치수과,003,,0,한강대교북단~남영역,20110308,2011,2022/11/22 09:55:03.000000000,한강로 자연재해위험 지구,1,1,,
1138010200,,붕괴,국립공원,,1138000000,녹번동 21-134,,1138010200100210134000019     ,3146.0,,은평구청 건축과,0.0,,,,낙석위험절개지,283,구 채석장 절개지 낙석위험,19961114,,,녹번1,,113801998001,,1,-기반암의 절리가 발달되어 있고 단층과 균열 있음-사면에 돌출여굴부가 있고 요철이 심하여 부분 누수-암석 슬라이딩 및 낙석위험,,0,,한강,4,하수과장,0.0,0.0,002,,,,20020710,위험요인제거 공사 완료,,040,건축과,0,,,,2024/06/07 09:21:50.000000000,,3,0,,
5272034022,5.0,,지방2급하천,0.0,5272000000,,02,4572034022400000003004611     ,18000.0,20150430,안전재난과 시설7,0.0,85.0,Y,0.0,신전천,593,복개 및 통수단면적 부족 침수 피해,20150430,20130520,,원가막,0.0,457202015023,0.0,-1,"집중호우시(25mm/hr, 3시간 이상) 하천 통수단면적 부족 복개구간 월류, 제내지 여유고 미확보 주택 위치에 따른 주택침수 발생가능성 상존, 하폭 협소로 인한 하천의 통수 단면 및 여유고 부족",,0,,,4,안전재난과 지방시설6급,0.0,0.0,001,49.0,,10.0,20230713,,진안군,013,안전재난과 지방시설7급,0,,20140301,2015,2024/04/15 16:08:00.000000000,신전천 하천정비 기본계획,1,1,,
2632010200,,,기타,0.0,2632000000,북구보건소,00,2632010200115310004014213     ,23000.0,20150420,안전총괄과 시설7급,0.0,1272.0,Y,3.0,배수펌프장,1531,집중호우시 침수피해 발생,20150420,,,북구보건소,0.0,263202015006,30000.0,-1,집중호우,,0,북구보건소,,4,안전총괄과 시설6급,0.0,0.0,001,565.0,,,20230215,자연재해위험개선지구 정비사업 완료에 따른 해제,안전총괄과,050,안전총괄과 시설7급,0,북구보건소,20150420,2015,2024/05/22 16:22:58.000000000,부산시 자연재해위험개선지구 정비사업 계획,2,4,,
5214011700,,,지방2급하천,0.0,5214000000,1,02,4514011700113720012093861     ,19500.0,20070613,시민안전과 시설 7급,0.0,1208.0,N,0.0,하천,1372,침수피해로 인한 침수예방사업,20151105,,,목천포천,0.0,451402015018,0.0,-1,침수,,0,,,4,시민안전과 행정 5급,0.0,0.0,001,407.0,,,20120920,,,013,시민안전과 시설7급,0,,,2007,2023/05/02 17:41:38.000000000,,3,12,,
5214042031,,,기타,0.0,5214000000,1,02,4514042031106710012102715     ,3400.0,20070613,시민안전과 시설 7급,0.0,865.0,N,0.0,춘포용연,671,집중호우로 인한 침수 피해,20070613,,,춘포 용연,0.0,451402015019,0.0,-1,침수,,0,,,4,시민안전과 행정 5급,0.0,0.0,001,350.0,,,20120920,침수피해 해소,,050,시민안전과 시설7급,0,,,2007,2023/05/02 17:44:00.000000000,,2,12,,
2632010200,,,지방2급하천,0.0,2632000000,,00,,42353.0,20150420,건설과 시설7급,0.0,2140.0,Y,3.0,유로확장,2102,집중호우시 하천범람,20150420,,,대천천,0.0,263202015005,36000.0,19,집중호우,,0,,기타,4,건설과 시설6급,0.0,0.0,001,907.0,,,20231227,자연재해위험개선지구 정비사업 시행으로 재해위험요인 해소,건설과,013,건설과 시설7급,0,,20150420,2015,2024/05/22 16:24:29.000000000,부산시 자연재해위험개선지구 정비사업 계획,2,1,,
2632010200,,,기타,0.0,2632000000,,00,,14000.0,20150420,,0.0,868.0,Y,3.0,배수펌프장,272,집중호우시 주택 및 도로 침수,20150420,,,양달마을,0.0,263202015007,20000.0,-1,집중호우,,0,,,4,안전총괄과 시설6급,0.0,0.0,001,342.0,,,20230215,화명3구역 주택재개발 사업완료에 따른 해제,안전총괄과,050,안전총괄과 시설7급,0,,20150420,2015,2024/05/22 16:22:14.000000000,부산시 자연재해위험개선지구 정비사업 계획,2,8,,
2632010400,,,기타,0.0,2632000000,,00,2632010400107230000000001     ,75707.0,20150420,안전총괄과 공업7급,221.0,3472.0,Y,3.0,배수시설,723,내수배제 불량으로 침수피해 발생,20150420,,,덕천교차로,0.0,263202015004,100000.0,-1,집중호우로 인한 도심지 침수,,0,,,3,안전총괄과 시설6급,8.0,86.0,001,300.0,,,,,안전총괄과,050,안전총괄과 시설9급,0,,20150420,2015,2025/02/14 16:29:31.000000000,부산시 자연재해위험개선지구 정비사업 계획,2,0,,
5277032021,,,지방2급하천,0.0,5277000000,,02,,22100.0,20150306,동계면사무소,150.0,0.0,Y,5.0,오수천,92,재해발생위험,20160331,20071128,,현포2,0.0,457702015020,3000.0,-1," - 동계면 소재지 인근 여유고 부족 및 파라핏 노후로 인한 붕괴 위험
 - 주거지 인접한 오수천 우안 호안 유실 및 설탄보에서 연결된 도수로 노후화로 인한 축대 붕괴 및 고임돌 이탈현상에 의한 위험",,1,,,4,안전재난과장,3.0,30.0,005,0.0,,,20200629,정비완료,동계면사무소,013,자연재난계장,0,,19900101,2015,2022/10/31 12:22:49.000000000,오수천기본계획,3,0,,현포마을이장
5277032022,5.0,,지방1급하천,0.0,5277032000,,02,,55000.0,20160331,동계면사무소,150.0,0.0,Y,3.0,오수천,616,재해발생위험,20160331,20091228,국토교통부,구송,0.0,457702015021,0.0,-1," - 집중호우시 오수천의 홍수위 상승시 제방이 계획홍수위보다 낮아 구송정유원지 침수피해 우려
 - 여름철 캠핑장 및 체육시설을 이용하는 방문객 인명피해 우려",,0,,,4,안전건설과장,3.0,30.0,001,0.0,,2.0,20190628,,동계면사무소,012,안전건설과 시설6급,0,,19900101,2016,2019/07/06 15:41:30.000000000,오수천기본계획,3,0,005,서호마을미장
5277037028,,,지방2급하천,0.0,5277037000,,02,,332100.0,20160331,복흥면사무소,150.0,0.0,Y,0.0,금월천,671,재해발생위험,20160331,,,금월,0.0,457702015018,0.0,-1,"금월천 제방고(280.15∼283.62m)가 계획홍수량 대비 홍수위(280.81∼284.62m)보다 최대 1.57m가 부족하고, 하폭(14.0∼31.3m)이 계획하폭(28~32.7m)에 비해 6~14m 부족하여 집중호우시 통수단면 부족으로 농경지 침수피해 발생
 ",,0,,,4,안전재난과장,3.0,30.0,001,0.0,,,,,복흥면사무소,013,자연재난계장,0,,20041001,2015,2021/11/24 15:35:14.000000000,금월천기본계획,3,0,,대각마을이장
5277031023,,,지방2급하천,0.0,5200000000,,02,,71800.0,20160331,인계면사무소,150.0,0.0,Y,0.0,양지천,868,재해발생위험,20160331,,,도룡,0.0,457702015019,0.0,-1,"- 미개수 지역으로 하천기본계획 10년 이상 경과되어 집중호우수 월류피해 발생
 - 교량 및 제방 여유고 부족에 의한 월류침수 발생",,0,,,4,안전건설과장,3.0,30.0,001,0.0,,,20220126,,안전건설과,013,안전건설과 시설6급,0,,20010501,2016,2022/05/01 09:50:05.000000000,양지천기본계획,3,0,,정산마을이장
5277033022,,,지방2급하천,0.0,5277033000,,02,,47600.0,20150306,안전재난과,150.0,0.0,Y,1.0,사천,717,재해발생위험,20160331,,,유정1,0.0,457702015022,0.0,5,"미수립 지방하천인 사천 좌안 일부 호안 유실 및 저지대 주거지, 농경지가 위치하여 월류에 의한 농경지 침수로 인명 및 재산피해 예상",,0,,섬진강,4,안전재난과장,3.0,30.0,001,0.0,,,20220126,,풍산면사무소,013,안전재난과 시설6급,0,,,2015,2022/05/01 09:50:31.000000000,사천기본계획,3,0,,유정마을이장
5113035023,,,국가하천,0.0,5113000000,,00,,340000.0,20151201,시설7급,0.0,0.0,N,0.0,단강지구,1533,침수위험,19961023,,,단강지구,0.0,421302015010,0.0,-1,침수,,0,,,4,시설6급,0.0,0.0,001,0.0,,,20211202,정비사업완료(2021),,011,시설7급,0,,,,2024/11/21 10:12:32.000000000,,3,2,,
5280025024,,,기타,0.0,5280000000,,02,,890825.0,20160215,안전총괄과 시설8급,150.0,650.0,N,1.0,유수지,787,내수배제 불량에 따른 침수위험,20160429,20160404,,부안읍,0.0,458002016014,9500.0,19,"부안읍 동부권역은 지방하천 신운천의 상류에 위치하며, 집중호우 시 새만금지역의 해수면 상승 및 고부천 등 외수위 상승으로 부안읍 시가지 인근의 내수배제 불량이 발생하여 농경지 및 시가지 침수피해 발생",,0,전라북도 부안군 부안읍 석정로  221    ,기타,4,안전총괄과 시설6급,2.0,25.0,001,300.0,,,,,안전총괄과,050,안전총괄과 시설8급,0,,20160429,2016,2023/11/21 08:40:21.000000000,,2,0,,이장
2915511900,,도시방재시설,기타,0.0,2915500000,,02,,301000.0,20160407,안전총괄과 주무관,102.0,490.0,N,19.0,배수펌프장,682,주거지 및 농경지 침수피해 예방,20160428,20070110,,양촌(덕례),0.0,291552016004,0.0,4,집중호우에 의한 내수배제 불량,,0,,영산강,4,안전총괄과 과장,1.0,0.0,001,230.0,,,20240223,정비사업 완료로 인한 재해위험 요인 해소,남구청,050,안전총괄과 주무관,0,,20161020,2016,2024/03/19 16:37:17.000000000,풍수해저감종합계획,1,23,,승촌동주민
5211114400,,,기타,0.0,5211165000,,02,,8000.0,20151102,동서학동장,0.0,0.0,N,0.0,절개지,105,붕괴 위험,20101115,20121030,행정안전부,색장지구,0.0,451112014003,0.0,-1,색장동 은석교 앞 절개지 정밀안전진단 용역을 수행한 결과 상태평가 등급은 D등급으로 산정되고 안전성 평가 등급은 E등급으로 산정됨,,1,,,4,전주시 시민안전담당관,0.0,0.0,002,0.0,,,20140903,,완산구 건설과,050,전주시 시민안전담당관,0,,,2010,2021/06/07 09:17:15.000000000,,3,1,001,
4687035024,,하천범람,기타,0.0,4687000000,,02,,119200.0,20140428,안전관리과 시설6급,150.0,174.0,N,0.0,포천지구,525,집중호우시 상승침수 발생,20140428,20110711,,포천지구,0.0,468702014018,0.0,19,하천내 토사가 퇴적되어 통수단면이 부족하고 제방이 사질토로 형성되어 집중호우나 태풍에 취약하여 하천폭을 확장하고 제방 숭상과 호안을 축조하여 제방의 유실 및 붕괴 방지,,0,전라남도 영광군 군남면 군불로  27    ,기타,4,안전관리과장,2.0,50.0,001,58.0,,,20240527,,영광군청,050,안전관리과 시설9급,0,,,2014,2024/06/07 13:54:49.000000000,,2,3,,포천리 이장
5272037021,,,지방2급하천,0.0,5272037000,,02,4572037021112080011000367     ,140000.0,20140813,안전재난과 시설7,0.0,120.0,Y,1.0,섬진강,1208,내수배제 불량으로 인한 침수피해,20140813,20130520,행정안전부,사곡지구,0.0,457202014017,0.0,5,내수배제 불량,,0,,섬진강,4,안전재난과 시설6,0.0,0.0,001,80.0,,,20181011,,진안군청,013,안전재난과 시설7,0,,19911101,2014,2021/06/07 18:34:08.000000000,섬진강 하천정비 기본계획,2,11,001,
5013031025,,,지방관리,0.0,5013000000,번지 일원,00,,118000.0,20151110,,68.0,0.0,N,0.0,도로 및 농경지,3682,낙석으로 인한 인명피해 발생우려,20140901,,,산방산,0.0,491022014038,0.0,-1,낙석으로 인명피해,,0, [지점번호:나나89667250],,4,복구지원팀장,1.0,0.0,002,0.0,,,20210303,,안전총괄과,010,안전총괄과 시설8급,0,,,,2024/09/29 11:10:19.000000000,,1,0,,
5219031022,,,리천,0.0,5219000000,,02,,54000.0,20151103,주천면사무소 농업6급,0.0,52.0,N,0.0,배덕천,107,하천범람 및 내수배제 불량,20140721,20131111,,배덕지구,0.0,451902014030,0.0,5,"집중호우시(30mm/hr이상)저지대 침수 및 하천범람, 배덕천 외수위 상승에 따른 배수영향구간의 내수배제불량, 하폭 협소로 인한 하천의 통수단면 및 여유고가 부족하여 농경지 및 주택침수 상존",,0, [지점번호:다마92330798],섬진강,4,안전재난과 시설6급,0.0,0.0,001,30.0,,,20240315,2018년 12월 공사완료에 따른 지구 지정 해제,남원시청,044,안전재난과 시설8급,0,,,2015,2024/11/17 15:36:18.000000000,,2,0,,배덕이장
5219039026,5.0,,기타,0.0,5219000000,,02,,110380.0,20151103,덕과면사무소 농업6급,0.0,50.0,N,0.0,배수로,658,범람 및 내수배제 불량,20140721,20131111,,용산지구,0.0,451902014031,90150.0,5,"오수천 좌안 저지대 지역으로 집중호우시 오수천 외수위 상승 및 유입지류인 당서소하천과 배수로의 통수능 부족, 추산마을 우수관로 노후에 따른 내수배제 불량으로 농경지 및 주택침수 발생",,0, [지점번호:다마85832820],섬진강,4,안전재난과 시설6급,0.0,0.0,001,20.0,,8.0,20240315,2020년 12월 공사완료에 따른 지구 지정 해제,남원시청,050,안전재난과 시설7급,0,,,2015,2024/11/17 15:33:26.000000000,,2,1,,배산이장
5272040023,,,지방2급하천,0.0,5272040000,,02,4572040023103610000014545     ,38000.0,20140813,안전재난과 시설7,0.0,72.0,Y,1.0,안정천,361,통수단면 부족으로 인한 침수피해,20140813,20130520,행정안전부,안정지구,0.0,457202014018,0.0,3,교량 및 제방고 부족,,0,,금강,4,안전재난과 시설6,0.0,0.0,001,36.0,,,20200327,통수단면 확장으로 인한 위험요소 제거,진안군청,013,안전재난과 시설7,0,,20080101,2014,2021/10/26 09:05:53.000000000,안정천 하천정비 기본계획,2,0,001,
4717039021,,,농어촌도로,0.0,4717039000,,00,,790000.0,20151103,길안면 시설7,0.0,0.0,N,0.0,길안면 천지지구,1,침수위험,20100527,,국토교통부,길안면 천지지구,0.0,471702011015,0.0,-1,침수위험,,0, [지점번호:마바27273004],,4,안전재난과장,0.0,0.0,001,0.0,,,20161013,,치수방재과,051,안전재난과,0,,,,2021/05/26 17:53:48.000000000,,2,,005,
4717036021,,,지방관리,0.0,4717000000,,00,,4000.0,20151103,남후면 시설9,0.0,0.0,N,0.0,남후면 광음지구,1,붕괴위험,20100527,,,남후면 광음지구,0.0,471702011016,0.0,-1,붕괴위험,,0, [지점번호:마바05893550],,1,안전재난과장 시설5,0.0,0.0,002,0.0,,,,,안전재난과,010,안전재난과 시설7,0,,,,2024/12/11 15:27:33.000000000,,1,,,
4717013700,,반변천,국가하천,,4717055500,,,,0.0,,용상동,150.0,,,,송천지구,617,상습 침수로 하천개수 필요,19950703,,국토교통부,송천지구,,471702011017,,2,없음,,0, [지점번호:마바15633876],낙동강,4,안전재난과장,,30.0,001,,,,20000926,'98~'00년 하천개수 공사 완료,재난방재과,011,안전재난과,0,,,,2021/05/26 17:51:48.000000000,,3,,005,
4717035033,,,지방1급하천,0.0,4717035000,,00,,0.0,20151103,일직면 시설8급,150.0,0.0,N,0.0,원호지구,541,집중호우 시 상습침수 발생,20010326,,행정안전부,원호지구,0.0,471702011018,0.0,2,없음,,0, [지점번호:마바03013229],낙동강,4,안전재난과장,0.0,30.0,001,0.0,,,20031113,하천개수 완료,치수방재과,012,안전재난과,0,,,,2021/05/26 17:50:31.000000000,,3,87,001,
4717034028,,,국가하천,,4717034000,,,,0.0,,풍천면,150.0,,,,구호지구,489,집중호우 시 상습침수,20010326,,국토교통부,구호지구,,471702011019,,2,없음,,0, [지점번호:라바85953402],낙동강,4,안전재난과,,30.0,001,,,,20150407,'02~'04년 하천개수공사 완료로 위험요소 제거,재난방재과,011,안전재난과 ,0,,,,2021/05/26 17:50:08.000000000,,1,2,005,
5173038021,,,지방1급하천,0.0,5173038000,,02,,258975.0,20151103,시설7급,113.0,0.0,N,0.0,주천강,14,교량범람으로 고립,20150224,20120515,행정안전부,노들지구,0.0,427302015017,0.0,1,노들교가 계획홍수위보다 아래설치되어 여유고 및 하폭 부족으로 교량범람시 고립발생,,0,강원도 횡성군 강림면 강림동길  16    ,한강,4,시설5급,1.0,0.0,004,0.0,,,20200819,교량 신설 등 정비사업 완료(고립위험 해소),횡성군,012,시설6급,0,,,2015,2020/08/26 17:49:10.000000000,,1,0,001,강림4리장
4717010400,,,국유림,0.0,4717052000,,00,,1.0,20151103,명륜동 행정7 ,150.0,0.0,N,0.0,명륜지구,46,붕괴위험지역,20060316,,행정안전부,명륜지구,0.0,471702011020,0.0,-1,없음,,0,,,4,안전재난과장,0.0,30.0,002,0.0,,,20080916,재검토결과 위험요인없음,치수방재과,014,안전재난과,0,,,,2021/05/26 17:48:13.000000000,,3,,001,
4717038022,,외수침수,지방2급하천,,4717038000,,,,0.0,,임하면 시설7급,150.0,,,,반변천,963,임하댐 방류에 따른 인가 및 농경지가 하천범람으로 침수 고립됨,20040527,,행정안전부,천전,,471702004001,,2,하천이 개수되지 않아 임하댐 방류시 하천범람 및 마을 고립,,0, [지점번호:마바19293861],낙동강,4,안전재난과장,0.0,30.0,001,,,,20120215,'10~'11 정비완료,재난방재과,013,안전재난과,0,,,,2021/05/27 16:40:10.000000000,,3,3,001,
4717035033,,내수침수,지방2급하천,,4717035000,,,,5.0,,일직면 시설8,150.0,,,,운산배수펌프장,97,집중호우에 따른 하천(지방2급 미천)수위상승으로 내수침수,20050512,,행정안전부,운산지구,,471702005001,,2,하상고와 제내지측 지반고의 경사차가 낮아 호우 및 태풍으로 하천수위 상승시 자연배수가 되지 않아 상습침수 피해 발생,,0,경상북도 안동시 일직면 경북대로  7359-4   ,낙동강,4,안전재난과장,1.0,30.0,001,,,,20090707,'10년 배수펌프장 설치 완료,재난방재과,013,안전재난과,0,,,,2021/05/27 16:41:34.000000000,,2,1,001,
4717037022,,,지방2급하천,0.0,4717000000,,00,,7000.0,20151103,남선면 시설9,0.0,0.0,N,0.0,반변천,288,반변천 제내지로서 집중호우 및 장마철 상습침수,20060306,,,신석지구,0.0,471702006005,0.0,2,저지대 침수,,0, [지점번호:마바15393663],낙동강,1,안전재난과장 시설5,0.0,0.0,001,0.0,,,,,안전재난과,013,안전재난과 시설7,0,,,,2024/12/11 15:34:06.000000000,,3,,,
4717036024,,,지방2급하천,,4717036000,,,,33.0,,남후면 시설8,150.0,,,,도원들배수펌프장,486,미천 제내지로서 집중호우 및 장마철 댐 저수 방류시 저지,20060306,,행정안전부,도원들지구,,471702006001,,2,하천범람,,0,경상북도 안동시 남후면 검바우길  99    ,낙동강,4,안전재난과장,0.0,30.0,001,,,,20110921,'07~'09년 배수펌프장 설치로 침수위험 요인 제거,재난방재과,013,안전재난과,0,,,,2021/05/27 16:44:00.000000000,,3,1,001,
4717039028,,,지방2급하천,,4717039000,,,,45.0,,길안면,150.0,,,,길안천,1127,집중호우시 범람으로 인한 상습침수,20060306,,행정안전부,묵계지구,,471702006002,,2,하천범람,,0, [지점번호:마바27332493],낙동강,4,안전재난과장,0.0,30.0,001,,,,20120813,'10~'11년 정비완료,재난방재과,013,안전재난과,0,,,,2021/05/27 16:44:35.000000000,,3,85,001,
4717034026,,,지방관리,,4717034000,,,,2.0,,풍천면,150.0,,,,신성배수펌프장,222,낙동강 제내지로서 집중호우 및 장마철 댐 저수 방류시 저,20060306,,행정안전부,신성지구,,471702006004,,2,저지대 침수,,0, [지점번호:라바86213631],낙동강,4,안전재난과장,0.0,30.0,001,,,,20080916,'01~'06 정비완료,재난방재과,010,안전재난과,0,,,,2021/05/27 16:46:24.000000000,,3,,001,
4717012100,,,국가하천,,4717058500,,,,131.0,,서구동사무소 행정9,150.0,,,,낙동강,350,집중호우 시 하천수위 상승으로인한 내수 침수,20060306,,행정안전부,당북지구,,471702006006,,2,내수 침수,,0,경상북도 안동시  제비원로  103   (당북동),낙동강,4,안전재난과장,0.0,30.0,001,,,,20120813,'10~'12년 정비완료,재난방재과,011,안전재난과,0,,,,2021/05/27 16:48:02.000000000,,1,4,001,
4717034032,,,지방관리,,4717034000,,,,175.0,,풍천면 ,150.0,,,,병산배수펌프장,222,집중호우 시 낙동강의 수위상승으로 인하여 상습적으로 침수,20060306,,행정안전부,병산지구,,471702006007,,2,하천범람,,0,,낙동강,4,안전재난과장,0.0,30.0,001,,,,20080916,'09~'12년 정비완료,재난방재과,010,안전재난과,0,,,,2021/05/27 16:48:54.000000000,,3,,001,
4717041025,,,지방2급하천,,4717041000,,,,0.0,,예안면,0.0,,,,동계천,222,집중호우 시 하천이 범람하여 농경지 상습침수,20010326,,행정안전부,인계지구,,471702006008,,2,하천범람,,0, [지점번호:마바28195567],낙동강,4,안전재난과장,0.0,0.0,001,,,,20050407,'02~'04년 정비완료,재난방재과,013,안전재난과,0,,,,2021/05/27 16:49:46.000000000,,2,,001,
4717038027,,,지방2급하천,0.0,4717038000,,00,4717038027106440004043765     ,179000.0,20151103,임하면 시설7급,150.0,27.0,N,1.0,오대2지구,644,외수위 상승에 따른 내수배제 불량,20131126,,행정안전부,오대2지구,0.0,471702013021,0.0,2,침수,,0,,낙동강,4,안전재난과장,3.0,50.0,001,9.0,,,20161013,,안동시 안전재난과,013,안전재난과,0,,,2013,2021/05/26 14:50:29.000000000,,2,4,001,오대1리이장
5175025022,,내수침수,지방1급하천,,5175025000,,,,11000.0,,안전건설과 시설6급,393.0,,,,취락지구,81,내수배제불량 침수피해,19960702,,행정안전부,하송지구,,427501996003,,1,소하천인 능동천과 지방하천인 평창강 및 한강이 합류되는 지점에 위치하여 상류지역에 집중호우시 내수로 인한 상습침수로 인명과 재산피해 위험 내포,,0,강원도 영월군 영월읍 제방안길  140    ,한강,4,안전건설과 시설5급,3.0,40.0,001,,,,20050218,하송지구 재해위험지구 정시사업 완료,,012,안전건설과 시설6급,0,,,,2020/08/27 15:03:39.000000000,,3,59,001,
5175035025,,외수침수,지방2급하천,0.0,5175035000,,00,,1800.0,20150813,안전건설과 6급,286.0,0.0,N,0.0,취락지구,489,소하천석축붕괴로 인하여 시가지침수우려,19960702,,행정안전부,쌍용지구,0.0,427501996004,0.0,1,"제방고의 부족으로 하천이 범람하여 상습침수가 빈발하며 상류에는 쌍용천의 지류인 계곡수로 호우시 급류가 형성되어 
 축대붕괴위험 내포",,0,강원도 영월군 한반도면 쌍용로  227    ,한강,4,안전건설과 5급,3.0,35.0,001,0.0,,,20001214,옹벽 300m 배수암거 30m 설치로 위험요인의 해소,,013,안전건설과 6급,0,,,,2020/08/27 15:05:52.000000000,,3,1,001,
5175034021,,내수침수,지방2급하천,0.0,5175034000,,00,,8500.0,20150813,안전건설과 시설6급,200.0,0.0,N,0.0,취락지구,1048,홍수시 내수로 인해 가옥 및 농경지 침수,19960702,,행정안전부,연당1지구,0.0,427501996005,0.0,1,제방고의 부족으로 집중호우시 내수 및 하천이 범람하여 상습침수,,0,강원도 영월군 남면 연당로  65-5   ,한강,4,안전건설과 시설5급,3.0,30.0,001,0.0,,,20010623,사업완료에 의한 위험요소 제거,,013,안전건설과 시설6급,0,,,,2020/08/27 15:08:52.000000000,,3,4,001,
5175033021,,,사유림,,5175033000,,,,1000.0,,안전건설과 시설6급,300.0,,,,별마차산,182,집중호우시 붕괴 위험,20051125,,산림청,마차지구,,427502005003,,1,집중호우시 붕괴 위험,,1,강원도 영월군 북면 문학로길  25-9   ,한강,4,안전건설과 시설5급,10.0,40.0,002,,,,20080414,,안전건설과,016,안전건설과 시설6급,0,,,,2020/08/27 15:15:59.000000000,,3,0,004,북면 마차리
5175025021,,,기타,,5175025000,,,,1000.0,,안전건설과 시설6급,,,,,배수펌프장,912,내수배제 불량에 의한 침수피해,20080905,,행정안전부,영흥지구,,427502009006,,-1,내수침수,,0,강원도 영월군 영월읍 중앙로  76-8   ,,4,안전건설과 시설5급,,,001,,,,20101206,정비사업 완료에 따른 해제,안전건설과,050,안전건설과 시설6급,0,,,,2020/08/27 15:17:20.000000000,,1,1,001,영흥6리장
5175034026,,,기타,,5175034000,,,,21030.0,,안전건설과 시설6급,,,,,취락지구,193,내수침수,20080905,,행정안전부,북쌍지구,,427502009007,,-1,내수침수,,0,강원도 영월군 남면 갈골길  8    ,,4,안전건설과 시설5급,,,001,,,,20121210,정비사업 완료에 따른 해제,안전건설과,050,안전건설과 시설6급,0,,,,2020/08/27 15:18:59.000000000,,2,1,001,북쌍3리장
5175036024,,,기타,0.0,5175000000,,02,,3000.0,20080905,안전건설과 시설6급,0.0,10.0,N,0.0,취락지구,356,산사태 붕괴위험으로 인한 지정,20080905,20061110,,망산지구,0.0,427502010009,0.0,-1,태풍 및 집중호우시 주변거주기 산사태 붕괴위험 우여,,1,강원도 영월군 주천면 주천로  21    ,,1,안전건설과 시설5급,0.0,0.0,002,3.0,,,,"※ 지장물1동 미협의, 자체사업 완료시 해제 추진",안전건설과,050,안전건설과 시설6급,0,,,2008,2024/10/23 09:34:06.000000000,,2,,,신일1리장
5175025021,,,사유림,,5175025000,,,,2000.0,,안전건설과 시설6급,0.0,,,,취락지구,822,집중호우 발생시 재해위험 상존,20100825,,행정안전부,영흥2지구,,427502010010,,-1,취락지구 상습침수 및 절개지 사면붕괴위험,,0,강원도 영월군 영월읍 봉래산로  22-10   ,,4,안전건설과 시설5급,0.0,0.0,002,,,,20140430,,안전건설과,016,안전건설과 시설6급,0,,,,2020/08/27 15:21:47.000000000,,2,9,001,영흥8리장
5175025024,,,기타,0.0,5175025000,,00,,3500.0,20100825,안전건설과 시설6급,0.0,0.0,N,0.0,취락지구,574,저지대 내부배제 불량,20100825,20061110,행정안전부,덕포1지구,0.0,427502010011,0.0,-1,내수배재 불량으로 상습침수,,0,강원도 영월군 영월읍 중앙로  141-8   ,,4,안전건설과 시설5급,0.0,0.0,001,0.0,,,20170801,,안전건설과,050,안전건설과 시설6급,0,,,2010,2020/08/27 15:22:56.000000000,,2,160,001,덕포6리장
4678035026,,지방하천,지방2급하천,0.0,4678000000,,02,,323000.0,20160128,안전건설과 공업7,0.0,12.0,Y,2.0,일봉천,299,주택 및 농경지 침수,20160128,,,일봉지구,0.0,467802016010,0.0,5,일봉천 하천단면 협소에 따른 주택 및 농경지 침수피해 발생,,0,전라남도 보성군 복내면 일와길  13    ,섬진강,3,안전건설과 시설5,1.0,50.0,001,5.0,,,20240628,사업완료로 지정고시 해제 신청,보성군청,013,안전건설과 시설6,0,,20141010,,2024/11/11 09:31:30.000000000,일봉천 하천기본계획,1,1,,마을이장
4678033025,,하천월류,지방2급하천,0.0,4678000000,146-2,02,,670000.0,20160128,안전건설과 시설7,200.0,18.0,Y,6.0,보성강,136,주택 및 농경지 침수,20160128,,,보성강 1지구,0.0,467802016009,0.0,5,집중호우시 보성강 월류 및 내수배제 불량,,0,"전라남도 보성군 겸백면 보성강로  737 , 146-2  ",섬진강,3,안전건설과 시설5,1.0,0.0,001,13.0,,,20240628,사업완료로 지정고시 해제 신청,보성군청,013,안전건설과 시설6,0,,20141010,2016,2024/11/11 09:32:03.000000000,보성강 하천기본계획,1,6,,마을이장
4678040022,,하천월류,지방2급하천,0.0,4678000000,575,02,,197000.0,20160128,안전건설과 시설6급,0.0,11.0,Y,3.83,구암천,1669,주택 및 농경지 침수피해발생,20160128,20180920,,강산 1지구,0.0,467802016011,0.0,5,구암천 하천 단면 협소에 따른 주택 및 농경지 침수 피해발생 우려,,0,,섬진강,2,안전건설과 시설5급,1.0,40.0,001,9.0,,,,,보성군청,013,안전건설과 시설6급,0,,20141010,,2023/05/03 11:35:57.000000000,구암천 하천기본계획,1,0,,마을이장
5175033022,,,국유림,,5175033000,,,,1000.0,,안전건설과 시설6급,300.0,,,,범바우산,364,집중호우시 붕괴위험,20051125,,산림청,문곡지구,,427502005002,,-1,집중호우시 붕괴위험,,0,강원도 영월군 북면 밤재로  2-1   ,,4,안전건설과 시설5급,10.0,40.0,002,,,,20080414,,안전건설과,014,안전건설과 시설6급,0,,,,2020/08/27 15:13:16.000000000,,3,4,004,북면 문곡1리장
5175035022,,,기타,0.0,5175035000,,00,,7000.0,20150717,안전건설과 시설6급,0.0,0.0,N,0.0,취락지구,254,광전천 범람으로 인한 침수,20110214,,행정안전부,뱃말지구,0.0,427502011016,0.0,-1,광전천 통수단면 부족으로 인한 범람 침수,,0,,,4,안전건설과 시설5급,0.0,0.0,001,0.0,,,20150813,,안전건설과,050,안전건설과 시설6급,0,,,2011,2020/08/27 15:31:11.000000000,,2,3,001,광전2리장
4380025327,,,지방2급하천,0.0,4380000000,,00,,365935.0,20160324,안전건설과 시설7급,0.0,0.0,N,0.0,대가리천,118,지구내 주민의 침수위험,20210312,,,평동지구,0.0,438002016014,0.0,-1,집중호우에 의한 대가리천 외수위 상승시 내수배제 불량에 의한 침수위험,,0,충청북도 단양군 매포읍 평동1로  13    ,,2,안전건설과 시설6급,0.0,0.0,001,0.0,,,,,,013,안전건설과 시설7급,0,,,2016,2024/10/14 20:36:34.000000000,,1,0,,평동5리 이장
4380025330,,,지방2급하천,0.0,4380000000,,00,,222000.0,20160324,안전건설과 시설5급,0.0,149.0,N,0.0,매포천,246,하천범람시 지구내 주민의 고립위험,20160603,,,상시지구,0.0,438002016013,0.0,-1,"본지역은 매포천 하천기본계획상 계획지구이며, 계획빈도 이하의 저지대에 가옥이 위치하여 하천범람시 지구내 주민의 침수에 따른 고립이 우려됨",,0,,,4,안전건설과 시설6급,0.0,0.0,004,76.0,,,20241127,정비공사 완료에 따른 위험요인 해소,안전건설과,013,안전건설과 시설8급,0,,,2016,2024/12/27 14:58:50.000000000,,1,1,,상시리 이장
4377025321,,침수유실위험,지방1급하천,0.0,4377000000,일원,02,,173600.0,20160425,재난안전과 시설6급,381.0,540.0,Y,0.0,응천,242,시가지 침수로 인한 인명 재산피해 우려,20160615,20061204,,무극,0.0,437702016008,0.0,1,내수배제 불량,,0,,한강,2,음성군 재난안전과장,10.0,0.0,001,180.0,,,,,음성군 재난안전과,012,재난안전과 시설6급,0,,19941201,2016,2024/09/21 02:18:41.000000000,응천 하천정비기본계획,1,33,,금석1리 이장
4377025029,,침수유실위험,지방1급하천,0.0,4377000000,일원,02,,169757.0,20160324,재난안전과 시설6급,301.0,360.0,Y,0.0,소여천,1005,"시가지 및 농경지 침수로 인한 인명, 재산피해 우려
침수피해예방을 위한  사업계획변경 및 자연재해위험개선지구 변경으로 행위제한 최소화",20220325,20061204,,신천,0.0,437702016009,0.0,1,제방 여유고 부족 및 우수배제 불량에 따른 침수발생,,0,,한강,2,음성군 재난안전과장,10.0,0.0,001,120.0,,,,,음성군 재난안전과,012,재난안전과 시설6급,0,,20030701,2016,2024/09/21 02:20:13.000000000,"구안, 소여천 하천정비기본계획",1,48,,신천1리장
4372025031,,시가지침수,지방2급하천,0.0,4372000000,,02,,270000.0,20160322,재난안전과 시설6급,409.0,3158.0,N,0.0,보청천,135,하천수위 상승 및 내수배제 불량,20180315,20061205,,보청 1,0.0,437202016011,0.0,3,"주거지역내 대규모 아파트 단지조성 등으로 저지대 내수배제 불량 및 기존 우수배제 용량 부족
 지방하천 수위상승에 따른 시가지 침수",보은읍 이정식 주무관,0,충청북도 보은군 보은읍 뱃들로  37   (),금강,2,재난안전과장,20.0,91.0,003,1165.0,,,,,보은군청,013,재난예방팀장,0,,,2016,2024/09/25 11:34:48.000000000,,1,0,,
4372035021,,시가지침수,지방2급하천,0.0,4372000000,,02,,43000.0,20160322,재난안전과 시설6급,409.0,42.0,N,0.0,오덕천,176,하천수위 상승으로 인한 시가지 침수,20160415,20061205,,오덕,0.0,437202016012,0.0,3,"호우시 수위상승에 따른 내수배제 불량과 통수단면 및 제방여유고 부족에 따른 제방월류, 하천변 가옥,농경지 침수",삼승면 김성식 주무관,0,충청북도 보은군 삼승면 원남로1길  31-1   ,금강,4,재난안전과장,20.0,91.0,001,20.0,,,20211123,정비사업 완료에 따른 재해위험요소 해소,보은군청,013,재난예방팀장,0,,,2016,2024/09/23 20:56:28.000000000,,1,3,,
5271039027,,,지방2급하천,1.0,5271039000,,02,,18600.0,20160331,재난안전과 시설7급 ,149.0,150.0,Y,0.0,고산천,644,유실재해위험지구,20160414,20120927,,가양지구,1.0,457102016040,0.0,9,"고산천 하류부에 설치된 가양교로 계획홍수위보다 2.2mrk 낮아 경간장이 좁아 협착물로 인한 유수흐름 방해로
 제방유실, 농경지 및 주거지 침수피해 발생 우려 ",,0,,만경강,4,재난안전과 시설6급,3.0,64.0,001,50.0,,,20180222,,,013,재난안전과 시설7급,0,,20031231,,2022/04/29 20:25:14.000000000,고산천 하천정비기본계획,1,0,,
5111012200,,언덕붕괴,지방지정,,5111052000,,,,,,교동사무소 6급,150.0,,,,춘여고지구,93,언덕붕괴로 인한 가옥 및 인명피해 우려,20031208,,행정안전부,춘여고,,421102004001,,,"경사가 급하고 석축위 자연풍화토 위에 주택이 입지하여 위험에 노출
지형여건 및 노후한 석축으로 인해 집단적 인명피해 발생 우려",,0,강원도 춘천시  향교뒷길  13   (교동),,4,재난방재과장,2.0,50.0,002,,,,20100202,정비완료,춘천시청,034,재난방재과 시설6급,, ,,,2010/07/19 10:13:12.000000000,,2,129,001,교동 2통장
5111010600,,언덕붕괴,지방지정,,5111054500,,,,,,약사명동사무소 6급,150.0,,,,약사명동,23,집중호우시 언덕붕괴에 따른 집단 인명 재산피해우려,20060303,,행정안전부,약사명동,,421102006001,,,급경사지 풍화토 부식,,0, [지점번호:라사19728617],,4,재난방재과장,2.0,50.0,002,,,,20100202,정비완료,춘천시청,034,재난방재과 시설6급,, ,,,2010/07/19 10:18:09.000000000,,2,18,001,통장
5111012200,,언덕붕괴,지방지정,,5111052000,,,,,,교동사무소 6급,150.0,,,,교동2,11,급경사 사면 풍화토 부식으로 집중호우시 보행인 인명피해 우려,20060303,,행정안전부,교동2,,421102006002,,,급경사 사면 풍화토 부식,,0, [지점번호:라사20798700],,4,재난방재과장,2.0,50.0,002,,,,20120802,정비사업 완료에 따른 재해위험요인 해소,춘천시청,034,재난방재과 시설6급,, ,,,2012/08/20 16:33:51.000000000,,2,7,001,
5111011300,,언덕붕괴,지방지정,,5111057000,,,,,,근화동 지방7급,150.0,,,,소양4지구,4,언덕및비탈면붕괴로인한가옥및인명피해우려,20090327,,행정안전부,소양4,,421102009011,,,급경사지 침하 및 석축 붕괴,,0, [지점번호:라사20368817],,4,방재과 과장,3.0,50.0,002,,,,20121101,,춘천시청,034,방재과 시설7급,, ,,,2013/03/19 17:59:08.000000000,,2,3,001,근화동 17통장
5111012200,,언덕붕괴,지방지정,,5111052000,,,,,,,,,,,대머리,113,언덕붕괴로 인한 주택피해,19991118,,행정안전부,대머리,,421102009012,,,언덕붕괴,,0, ,,4,재난방재과장,,,002,,,,20031208,재해위험지구 정비사업 완료,,034,재난방재과 시설6급,, ,,,2010/12/27 17:32:49.000000000,,2,40,001,
4885041026,,상습침수,지방2급하천,0.0,4885000000,,00,,185000.0,20160323,옥종면,150.0,0.0,N,0.0,북방지구,1,하천미정비로 우수기지 농경지 및 가옥침수 우려,20000401,,,북방지구,0.0,488502002002,0.0,19,"* 하천미정비로 하폭협소및 농경지,가옥 매몰위험
 * 덕천강수위 상승시 배수불량",,0,경상남도 하동군 옥종면 안계길  97-14   ,기타,4,안전총괄과장,1.0,43.0,001,0.0,,,20060201,정비사업완료,하동군청 안전총괄과,013,안전총괄과,0,,,,2021/12/23 21:13:14.000000000,,1,0,,
4885042022,,,지방2급하천,0.0,4885042000,,02,,750000.0,20160705,안전총괄과장,0.0,72.0,N,0.0,주교천,120,취약방재,19960101,,,객길지구,0.0,488502013014,0.0,-1,취약,,0, [지점번호:라라27086543],,4,시설6급,0.0,0.0,003,24.0,,,20000130,사업완료에 따른 재해위험지구 해소,하동군,013,시설8급,0,,,,2021/12/23 20:39:37.000000000,,2,,,
5175036024,,산사태,사유림,0.0,5175036000,,02,,500.0,,안전건설과 시설6급,300.0,0.0,N,0.0,취락지구,356,경사면과 기존가옥이 근접되어 있어 강우시 산사태 발생 가능성 내포,20040515,,행정안전부,신일지구,0.0,427501996001,0.0,19,경사면과 기존가옥이 근접되어 있어 강우시 산사태로 인한 인명 및 재산 피해 발생 위험 높음,,1,강원도 영월군 주천면 주천로  21    ,기타,4,안전건설과 시설5급,3.0,40.0,002,0.0,,,20051116,사방사업 완료(사방 500m2),안전건설과,016,안전건설과 시설6급,0,,,,2020/08/27 14:51:03.000000000,,2,,001,신일1리장
5175025024,,내수침수,지방1급하천,,5175025000,,,,1500.0,,안전건설과,393.0,,,,취락지구,980,제내지가 제외지보다 현저히 낮아 내수배수가어려워 항시 침수위험 내포,19960702,,행정안전부,덕포지구,,427501996002,,19,제내지가 제외지보다 현저히 낮아 내수로 인한 침수위험 내포,,0,강원도 영월군 영월읍 덕포우회길  343-2   ,기타,4,안전건설과,3.0,40.0,001,,,,20050218,덕포지구 재해위험지구 정비사업 완료,영월읍,012,안전건설과,0,,,,2020/08/27 15:01:12.000000000,,3,2,001,리장
4415038038,,하천제방,지방2급하천,0.0,4415038000,,02,,430000.0,20060302,우성면 시설9,270.0,80.0,N,0.0,어천,1,제방고 부족으로 상습침수 발생,20060302,20110915,,어천지구,0.0,441502005001,0.0,3,"집중호우시 하천범람으로 주변농경지 및 가옥침수
 기존제방고 계획홍수위 보다 낮음",,0,,금강,4,시민안전과 시설5,3.0,50.0,001,32.0,,,20130715,정비완료,시민안전과,013,시민안전과 시설7,0,,,2006,2022/05/02 15:56:32.000000000,,2,,,용봉1리장
4415040022,,하천제방,지방2급하천,,4415000000,,,,18712.0,,신풍면 시설9,270.0,,,,유구천,210,"제방노후로 붕괴 우려 하천통수단면 및 제방고 부족으로 침수 발생",20060302,,,유구지구,,441502005002,,3,"기존하폭 및 제방고 부족
 농경지 배수불량으로 내수침수 발생",,0,,금강,4,시민안전과 시설5,3.0,50.0,001,,,,20201102,,시민안전과,013,시민안전과 시설7,0,,,,2022/05/02 15:56:08.000000000,,2,1,,동원리장
4415012100,,하천제방,지방2급하천,0.0,4415057000,,02,,313500.0,20060302,월송동 행정7,0.0,48.0,Y,0.0,중산천,179,하천통수단면부족,20060302,20110915,,중산지구,0.0,441502006001,0.0,3,집중호우시 하천범람,,0,,금강,4,시민안전과 시설5,0.0,0.0,001,19.0,,,20160401,,시민안전과,013,시민안전과 시설7,0,,20120710,2006,2022/05/02 15:55:32.000000000,중산천 하천기본계획,2,1,,금흥1통
4415011000,,하천제방,지방2급하천,0.0,4415055000,,02,,90000.0,20060302,금학동 행정7,230.0,15.0,Y,0.0,태봉천,1,하천통수단면부족,20060302,20110915,,태봉지구,0.0,441502006002,0.0,3,집중호우시 하천범람으로 주변농경지 침수,,0, [지점번호:다바67532691],금강,4,시민안전과 시설5,3.0,0.0,001,5.0,,,20170901,,시민안전과,013,시민안전과 시설7,0,,20060830,,2022/05/02 15:55:16.000000000,태봉천 하천기본계획,2,,,금학1통장
4415031021,,하천제방,지방1급하천,,4415000000,,,,1114000.0,,이인면 시설8,0.0,,,,용성천,170,"본류역류(외수), 내수침수",20060302,,,용성지구,,441502006003,,3,집중호우시 하천범람으로 주변농경지 침수,,0, [지점번호:다바60871828],금강,4,시민안전과 시설5,0.0,0.0,001,,,,20130715,정비완료,시민안전과,012,시민안전과 시설7,0,,,,2022/05/02 15:54:56.000000000,,2,,,이인리장
4415038033,,하천제방,지방2급하천,0.0,4415000000,,02,,238776.0,20060302,우성면 시설8,210.0,10.0,N,1.0,연암천,1014,"내수배제 불량으로 주거지 및 농경지 침수 발생
(당초 지정일 2006. 03. 02. → 변경 지정일 2021. 08. 02.)",20210802,20110915,,연암지구,0.0,441502006004,0.0,3,집중호우시 하천범람으로 주변농경지 침수,,0,,금강,2,시민안전과 시설5,3.0,0.0,001,4.0,,,,,시민안전과,013,시민안전과 시설7,0,,20060830,2006,2024/04/11 16:42:36.000000000,연암천 하천기본계획,2,,,목천리
4415011400,,하천제방,지방2급하천,0.0,4415055000,,02,,14590.0,20060302,금학동 행정7,0.0,0.0,Y,0.0,오곡천,178,"집중호우에 따른 하천 범람 및 농경지, 주택 침수 피해 발생
(당초 지정일 2006. 03. 02. → 변경 지정일 2020. 12. 01.)",20201201,20110915,,오곡지구,0.0,441502006005,0.0,3,집중호우시 하천범람으로 주변농경지 침수,,0,,금강,2,시민안전과 시설5,0.0,0.0,001,0.0,,,,,시민안전과,013,시민안전과 시설7,0,,,2006,2022/05/02 15:53:49.000000000,,2,,,오곡통
3611036021,,침수위험,국가하천,,3611036000,,,,,,,,,,,하천,1,침수위험상존,19980725,,국토교통부,월하,,361102013007,,3,침수,,0, ,금강,4,,,,001,,,,20010312,정비사업완료,,011,,, ,,,2013/06/04 16:53:32.000000000,,1,,005,
3611036021,,침수,국가하천,,3611036000,,,,,,,,,,,하천,1,침수위험 상존,19980725,,국토교통부,월하2,,361102013008,,3,침수위험,,0, ,금강,4,,,,001,,,,20010312,정비사업완료,,011,,, ,,,2013/06/04 16:55:43.000000000,,1,,005,
3611038021,,침수,지방2급하천,,3611038000,,,,,,,,,,,하천,1,침수위험 상존,19991025,,국토교통부,조천,,361102013009,,3,침수위험,,0, [지점번호:다바80985426],금강,4,,,,001,,,,20010312,정비사업완료,,013,,, ,,,2013/06/04 16:58:43.000000000,,2,,005,
3611038021,,하천,지방2급하천,,3611038000,,,,,,,,,,,하천,1,침수위험,20060320,,국토교통부,조천1,,361102013010,,3,침수,,0, [지점번호:다바80985426],금강,4,,,,001,,,,20110721,정비사업완료,,013,,, ,,,2013/06/04 17:00:25.000000000,,3,,005,
4679041521,,,기타,0.0,4679000000,,02,,560000.0,20150714,건설교통실 시설6급,0.0,1150.0,N,0.0,"주택,농경지",380,상습침수,20150507,20100927,,사평지구,0.0,467902015022,0.0,5,관로 통수능 부족으로 도로 및 주거지 침수,,0,,섬진강,3,건설교통실 시설4급,0.0,0.0,001,561.0,,,,,화순군청,050,건설교통실 시설7급,0,,,,2024/04/14 22:10:45.000000000,,2,6,,사평마을이장
5277039025,,,지방2급하천,0.0,5277039000,,02,,91387.0,20140411,유등면사무소,200.0,0.0,Y,0.0,옥택천,139,침수로 인한 인명·재산피해 우려,20140411,20071128,,유촌,0.0,457702014017,0.0,-1,"옥택천 제방고(75.511∼80.038m)가 계획홍수량 대비 홍수위(77.18∼81.15m)보다 최대 1.67m가 부족하고, 하폭(17∼21m)이 계획하폭(35∼40m)에 비해 8~9m 부족하여 집중호우시 통수단면 부족으로 주택 및 농경지 침수피해 발생",,0,전라북도 순창군 유등면 유촌2길  24    ,,4,안전재난과장,2.0,30.0,001,0.0,,,20190628,,유등면사무소,013,자연재난계장,0,,,2014,2021/11/24 15:36:27.000000000,옥택천하천기본계획,2,0,,유촌마을이장
,,,농로,0.0,4679034000,,02,,2430.0,20150714,안전건설과 7급,0.0,0.0,N,0.0,기타도로,,붕괴위험,20150507,20100927,행정안전부,증리지구,0.0,467902015025,0.0,4,비탈면 표층식생 불량으로 표층 유실이 지속적으로 발생되고 있어 붕괴 우려,,, [지점번호:다라60375426],영산강,4,안전건설과장,0.0,0.0,002,0.0,,,,급경사지 붕괴위험지역 정비사업 완료,화순군청,049,안전방재담당,0,,,,2017/01/19 09:31:24.000000000,,3,,001,증리마을이장
4679036028,,,기타,0.0,4679000000,,02,4679036028102070003028593     ,340000.0,20150507,건설교통실 시설6급,0.0,993.0,N,0.0,"주택,농경지",206,상습침수,20150507,20100927,,천암1지구,0.0,467902015018,0.0,4,본류인 지석천 수위가 높아 자연유하에 의한 내수배제 불가,,0,111,영산강,4,건설교통실 시설4급,0.0,0.0,001,466.0,,,,,화순군청,050,건설교통실 시설6급,0,111,,2015,2024/04/14 22:11:34.000000000,,2,2,,천암마을이장
4679025033,,,기타,0.0,4679000000,,02,4679025033104310002000002     ,1370000.0,20150714,건설교통실 시설6급,0.0,2908.0,N,0.0,"주택,농경지",431,상습침수,20150507,20100927,,서태2지구,0.0,467902015019,0.0,4,관로 통수능 부족으로 도로 및 주거지 침수위험이 상존,,0,,영산강,4,건설교통실 시설4급,0.0,0.0,001,1085.0,,,,,화순군청,050,건설교통실 시설6급,0,,,,2024/04/14 22:11:20.000000000,,2,2,,서태마을이장
4812710500,,,지방2급하천,0.0,4812756000,,02,,82000.0,20150421,시민안전과 시설7급,0.0,1460.0,Y,0.0,하천개수,36,침수위험지역으로 침수피해 발생,20150421,20150421,,양덕지구,0.0,481272015001,0.0,19,집중호우시 양덕천 범람 등으로 침수 발생,,0,,기타,3,시민안전과장,0.0,0.0,001,560.0,,,,,창원시 시민안전과,013,시민안전과 시설7급,0,,,2015,2022/09/23 14:18:54.000000000,,1,,,주민자치위원장
4721035025,,,지방2급하천,0.0,4721000000,경상북도 영주시 안정면 여륵리 266,02,,107000.0,20150325,안전재난과 시설7급,0.0,20.0,Y,0.0,우곡지구,266,재해위험지구 지정관리,20150325,20090108,,우곡지구,0.0,472102015011,0.0,2,유실위험,,0, [지점번호:라바92916668],낙동강,4,안전재난과 행정5급,,,005,13.0,,,20221028,"자연재해위험개선지구 사업 완료에 따른 위험요인 해소
- 우곡지구 자연재해위험개선지구 정비사업(준공일 : '22. 4. 29.)",영주시,013,안전재난과 시설7급,0,,20140717,2015,2023/06/02 11:00:20.000000000,,1,0,,
4889032028,,하천,지방2급하천,0.0,4889000000,,02,4889032028109180003017511     ,380000.0,20170320,안전총괄과 시설6급,150.0,70.0,N,0.0,묘산천,300,하천통수단면 부족에 따른 월류,20150326,20070108,,묘산지구,0.0,488902015016,0.0,2,가옥이 하천구역 잠식(4개동) 및 통수단면적 부족으로 인한 월류,,0,,낙동강,4,안전총괄과장,3.0,30.0,001,23.0,,,20230613,정비사업 완료에 따른 재해위험요인 해소,합천군청,013,안전총괄과 시설8급,0,,,2017,2023/09/18 10:27:42.000000000,,2,1,,마을이장
4617025026,,,지방관리,0.0,4617000000,새마을금고,02,,164700.0,20150619,지방시설7급,0.0,200.0,Y,0.0,남평1,2,내수 침수,20150619,20150619,,남평1,0.0,461702015010,0.0,19,지석천 외수위 상승 및 배수펌프장 용량부족,,0,전라남도 나주시 남평읍서산리 2-4,기타,4,지방시설5급,0.0,0.0,001,80.0,,,,,나주시,010,지방공업9급,0,전라남도 나주시 남평읍서산리 2-4,20150619,2015,2024/04/11 14:55:17.000000000,,1,4,,
4617025036,,,지방관리,0.0,4617000000,,02,,981500.0,20150529,지방시설8급,0.0,50.0,N,0.0,평산,1338,내수 침수,20150529,20150529,,평산,0.0,461702015011,0.0,19,지석천 외수위 상승 및 배수펌프장 용량부족,,0,전라남도 나주시 남평읍평산리 1338-6,기타,2,지방시설5급,0.0,0.0,001,35.0,,,,,나주시,010,지방공업9급,0,전라남도 나주시 남평읍평산리 1338-6,20150529,2015,2024/04/11 10:53:45.000000000,,1,6,,
4617038023,,,지방관리,0.0,4617000000,,02,,199700.0,20150619,시설7급,0.0,118.0,N,0.0,학산,882,내수 배제 불량,20150619,20150619,,학산,0.0,461702015012,0.0,19,영산강 외수위 상승 및 내수배제 불량,,0,전라남도 나주시 노안면학산리 882-1,기타,4,시설5급,0.0,0.0,001,55.0,,,,,나주시,010,공업9급,0,전라남도 나주시 노안면학산리 882-1,20150619,2015,2024/04/11 13:35:44.000000000,,1,1,,
4617040029,,,지방관리,0.0,4617000000,,02,,187600.0,20150619,지방시설8급,0.0,172.0,N,0.0,덕례,873,내수배제 불량,20150619,20150619,,덕례,0.0,461702015013,0.0,4,지석천 외수위 상승 및 배수펌프장 용량부족,,0,전라남도 나주시 산포면덕례리 873-3,영산강,4,지방시설5급,0.0,0.0,001,85.0,,,,,나주시,010,지방공업9급,0,전라남도 나주시 산포면덕례리 873-3,20150619,2015,2024/04/11 14:56:26.000000000,,1,3,,
4617010400,,,지방관리,0.0,4617000000,,02,4617010400600009997001948     ,46000.0,20150529,지방시설7급,0.0,60.0,N,0.0,삼영1,683,내수 배제 불량,20150529,20150529,,삼영1,0.0,461702015014,0.0,4,영산강 외수위 상승 및 배수펌프장 용량부족,,0,전라남도 나주시 구진포로 370,영산강,2,지방시설5급,0.0,0.0,001,30.0,,,,,나주시,010,지방공업9급,0,전라남도 나주시 구진포로 370,20150529,2015,2024/04/11 10:51:47.000000000,,1,0,,
4150010900,,,기타,0.0,4150051500,,02,4150010900102880001051075     ,42000.0,20150423,안전총괄과 시설7,110.0,58.0,Y,0.0,신둔천,287,침수,20150423,20150601,행정안전부,증포지구,0.0,415002015005,0.0,19,통수단면 및 구조물능력 부족에 의한 제방월류 - 하천수의 제방월류로 인근 주택 및 농경지 침수발생,,0,,기타,4,안전총괄과장,2.0,20.0,001,23.0,,,20200106,정비완료,안전총괄과,050,안전총괄과 재난복구,0,,20121211,2015,2020/06/08 13:37:18.000000000,지방하천정비기본계획,2,0,001,송정2통장
4617025031,,,지방관리,0.0,4617000000,,02,,687500.0,20150529,지방시설7급,0.0,0.0,N,0.0,풍림,955,내수배재 불량,20150529,20150529,,풍림,0.0,461702015016,0.0,19,지석천 외수위 상승으로 내수배재 불량,,0,전라남도 나주시 남평읍풍림리 955-1,기타,2,지방시설5급,0.0,0.0,001,0.0,,,,,나주시,010,지방공업9급,0,전라남도 나주시 남평읍풍림리 955-1,20150529,2015,2024/04/11 10:51:11.000000000,,1,1,,
4617031029,,,지방관리,0.0,4617000000,,02,4617031029200150000099051     ,50000.0,20150529,공업9급,0.0,67.0,N,0.0,덕산,315,사면붕괴,20150529,20150529,,덕산,0.0,461702015017,0.0,-1,주거지와 인접한 임야 급경사지 붕괴 위험,,0,,,3,시설5급,0.0,0.0,002,31.0,,,,,,010,공업9급,0,,20150529,2015,2024/04/11 10:55:21.000000000,,1,0,,
4679040029,,,기타,0.0,4679000000,,02,4679040029100730000012941     ,420000.0,20150714,건설교통실 시설6급,0.0,1578.0,Y,0.0,"주택,농경지",73,상습침수,20150507,20100927,,칠정지구,0.0,467902015021,0.0,4,관로 통수능 부족으로 도로 및 주거지 침수,,0,111,영산강,4,건설교통실 시설4급,0.0,0.0,001,793.0,,,,,화순군청,050,건설교통실 시설6급,0,111,20140515,,2024/04/14 22:10:58.000000000,동복천 하천정비 기본계획,2,0,,천변마을이장
4679042035,,,기타,0.0,4679000000,,02,,150000.0,20150714,건설교통실 시설6급,0.0,341.0,Y,2.0,"주택,농경지",460,상습침수,20150507,20100927,,신운지구,0.0,467902015020,36078.0,4,마을내 설치된 복개구조물 통수능 부족으로 홍수시 침수피해 유발,,0, [지점번호:다라56077022],영산강,4,건설교통실 시설4급,0.0,0.0,001,167.0,,,,,화순군청,050,건설교통실 시설6급,0,,20130501,2015,2024/04/14 22:11:10.000000000,화순천 하천정비기본계획,2,0,,신운마을이장
4679036032,,,지방도,0.0,4679000000,,02,,3300.0,20150714,안전건설과 7급,0.0,4.0,N,0.0,지방도817호선,26,붕괴위험,20150507,20100927,,원화지구,0.0,467902015023,0.0,4,비탈절취면 불안정으로 붕괴 위험,,1,,영산강,4,안전건설과장,0.0,0.0,002,2.0,,,,급경사지 붕괴위험지역 정비사업 완료,화순군청,002,안전방재담당,0,,,,2024/04/11 17:56:13.000000000,,3,9,,원화마을이장
4679031023,,,농로,0.0,4679031000,,02,,15900.0,20150714,안전건설과 7급,0.0,,Y,0.0,기타도로,114,붕괴위험,20150507,20100927,행정안전부,한계지구,0.0,467902015024,0.0,4,식생이 고르지 못한 토사비탈면이 높아 붕괴우려,,1,,영산강,4,안전건설과장,0.0,0.0,002,,,,,,화순군청,049,안전방재담당,0,,,,2021/08/22 13:20:24.000000000,,1,10,001,한계마을이장
,,,국도,0.0,4679034000,,02,,2520.0,20150714,안전건설과 7급,0.0,0.0,N,0.0,국지도58,,붕괴위험,20150507,20100927,행정안전부,장치지구,0.0,467902015026,0.0,4,사면 표토 및 풍화암 유실로 붕괴위험,,, [지점번호:다라57335831],영산강,4,안전건설과장,0.0,0.0,002,0.0,,,,급경사지 붕괴위험지역 정비사업 완료,화순군청,001,안전방재담당,0,,,,2017/01/19 09:30:32.000000000,,3,,001,장치마을이장
4882031022,,,지방관리,0.0,4882000000,,02,,48170.0,20150227,"안전관리과,시설7급",200.0,110.0,N,4.0,포교호안,1375,태풍내습시 해일로 인한 피해발생,20150416,,,포교지구,0.0,488202015002,0.0,19,태풍내습시 집중호우 및 바람의 영향으로 해일발생,,0, [지점번호:라라70805683],기타,4,"안전관리과,시설5급",2.0,85.0,006,64.0,,,20230821,정비사업 완료에 따른 지정해제,고성군청 해양수산과,010,"안전관리과,시설6급",0,,,2015,2023/09/26 12:10:38.000000000,,1,3,,포교이장
4827035021,,,지방2급하천,0.0,4827000000,,02,,450000.0,20150317,밀양시 지방시설주사,109.0,,Y,12.0,용포천,914,강우시 내수침수로 피해발생,20150317,20120920,,용포지구,0.0,482702015020,8500.0,2,"지방하천 용포천 하류부에 위치하고 있는 용포지구의 제방고 및 하폭 부족, 하도내 토사등의 퇴적으로 인하여 
 집중호우 발생시 피해
 ",,0,경상남도 밀양시 단장면 국전로  77-11   ,낙동강,3,밀양시 지방시설사무관,4.0,37.0,001,,,,,미해제,밀양시,013,밀양시 지방시설주사,0,,20100129,2015,2024/04/09 11:45:06.000000000,용포천 하천기본계획,2,35,,
,,,기타,0.0,4679042000,,02,,41550.0,20150714,안전건설과 7급,0.0,0.0,N,0.0,기타도로,,붕괴위험,20150507,20100927,행정안전부,국동지구,0.0,467902015027,0.0,4,비탈면 하단의 풍화대 위치에서 토사유실로 인한 암편 이완,,, [지점번호:다라56407604],영산강,4,안전건설과장,0.0,0.0,002,0.0,,,,급경사지 붕괴위험지역 정비사업 완료,화순군청,050,안전방재담당,0,,,,2017/01/19 09:29:44.000000000,,3,,001,국동마을이장
,,,농로,0.0,4679041000,,02,,33200.0,20150714,안전건설과 7급,0.0,0.0,N,0.0,기타도로,,붕괴위험,20150507,20100927,행정안전부,복교지구,0.0,467902015028,0.0,5,비탈면의 경사가 급하여 하부로 낙석 발생,,, [지점번호:다라69806450],섬진강,4,안전건설과장,0.0,0.0,002,0.0,,,,급경사지 붕괴위험지역 정비사업 완료,화순군청,049,안전방재담당,0,,,,2017/01/19 09:27:36.000000000,,3,,001,복교마을이장
,,,농로,0.0,4679041000,,02,,3720.0,20150714,안전건설과 시설7급,0.0,0.0,N,0.0,기타도로,,붕괴위험,20150507,20100927,행정안전부,남계지구,0.0,467902015029,0.0,5,노출된 편암부분의 풍화진행 속도차에 의한 차별풍화로 붕괴 우려,,, [지점번호:다라69566670],섬진강,4,안전건설과장,0.0,0.0,002,0.0,,,,급경사지 붕괴위험지역 정비사업 완료,화순군청,049,안전방재팀장,0,,,,2017/01/19 09:28:50.000000000,,3,,001,
4377035000,,외수침수,군천,0.0,4377000000,양곡소하천,02,,40000.0,20060227,안전총괄과 시설7급,150.0,55.0,N,0.0,양곡천,,미개수된 침수위험지구,20060227,20061204,행정안전부,양덕,0.0,437702006001,0.0,3,하천개수가 필요한 외수 침수위험지구로 현 제방고가 낮아 다수의 가옥 및 농경지 침수 위험,,,,금강,4,음성군 안전총괄과장,3.0,20.0,001,25.0,,,20120913,개수사업 완료,음성군 안전총괄과,042,안전총괄과 시설6급,0,,,2006,2017/04/06 16:21:57.000000000,,1,,001,양덕2리 리장
4377037000,,외수침수,군천,0.0,4377000000,주천소하천,02,,230000.0,20060227,안전총괄과 시설7급,150.0,85.0,N,0.0,주천천,,미개수된 침수위험지구,20060227,20061204,행정안전부,월정,0.0,437702006002,0.0,1,하천개수가 필요한 침수위험지구로 현 제방고가 홍수위 보다 낮아 잦은 침수 및 제방유실,,,,한강,4,음성군 안전총괄과장,3.0,20.0,001,30.0,,,20141205,,음성군 안전총괄과,042,안전총괄과 시설6급,0,,,2006,2017/04/06 16:21:50.000000000,,2,,001,리장
4377025300,,외수침수,군천,0.0,4377000000,버들개소하천,02,,20000.0,20060227,안전총괄과 시설7급,150.0,65.0,N,0.0,버들개천,,개수사업완료,20060227,20061204,행정안전부,유포,0.0,437702006003,0.0,3,하천개수가 필요한 침수위험지구로 현제방고가 홍수위 보다 낮아 잦은 침수 및 제방유실,,, [지점번호:라바04208492],금강,4,음성군 안전총괄과장,4.0,20.0,001,20.0,,,20130628,,음성군 안전총괄과,042,안전총괄과 시설6급,0,,,2006,2017/04/06 16:21:44.000000000,,2,,001,유포리 리장
4377037000,,내수침수,기타,0.0,4377000000,,02,,250000.0,20010108,안전총괄과 시설7급,150.0,500.0,N,0.0,청미천,,자연배수가 불량한 저지대로서 내수에 의한 상습침수지역,20010108,20061204,행정안전부,왕장,0.0,437702005001,0.0,1,정비 완료,,,,한강,4,음성군 안전총괄과장,2.0,30.0,001,175.0,,,20020902,배수펌프장 설치,음성군 안전총괄과,050,안전총괄과 시설6급,0,,,2001,2017/04/06 16:22:03.000000000,,1,,001,왕장3리 리장
4377032000,,외수침수,지방2급하천,0.0,4377000000,구안천,02,,180000.0,20060227,안전총괄과 시설7급,150.0,60.0,N,0.0,구안천,,미개수된 상습침수지구로 신규지정,20060227,20061204,행정안전부,구안,0.0,437702000001,0.0,1,하천개수가 필요한 외수침수지구 현제방고가 홍수위선 보다 낮아 우기시 잦은 침수화 제방유실,,,,한강,4,음성군 안전총괄과장,2.0,20.0,001,15.0,,,20090206,사업완료,음성군청 안전총괄과,013,안전총괄과 시설6급,0,,,2006,2017/04/06 16:22:15.000000000,,2,,001,하노3리 리장
4377036000,,외수침수,군천,0.0,4377000000,오신소하천,02,,270000.0,20060227,안전총괄과 시설7급,150.0,68.0,N,0.0,오신천,,미개수된 상습침수지구,20060227,20061204,행정안전부,오생,0.0,437702000002,0.0,1,하천개수가 필요한 외수침수지구 현제방고가 홍수위선 보다 낮아 우기시 잦은 침수와 제방유실,,, [지점번호:라바11589147],한강,4,음성군 안전총괄과장,3.0,20.0,001,20.0,,,20130628,개수사업완료,음성군 안전총괄과,042,안전총괄과 시설6급,0,,,2006,2017/04/06 16:22:09.000000000,,2,,001,생1리 리장
4377033021,,,군천,0.0,4377000000,,02,,240000.0,20100930,안전총괄과 시설7급,0.0,55.0,N,0.0,쌍정재해위험지구,717,미개수된 침수위험지구,20100930,20061204,,쌍정지구,0.0,437702011004,0.0,3,통수단면 부족 및 미개수된 하천,,0,,금강,4,음성군 안전총괄과장,0.0,0.0,001,25.0,,,20240226,재해위험요소 해소,음성군 안전총괄과,042,안전총괄과 시설6급,0,,,2010,2024/11/08 16:46:21.000000000,,2,0,,쌍정1리이장
4377034000,,,지방2급하천,0.0,4377000000,,02,,2000000.0,20150925,안전총괄과 시설6급,150.0,350.0,Y,0.0,성산천 재해위험지구,296,호우시 유실 및 침수,20131115,,,성산지구,0.0,437702013006,0.0,3,하천 범람,,0,,금강,4,음성군 안전총괄과장,3.0,30.0,001,120.0,,,,,음성군 안전총괄과,013,안전총괄과 시설6급,0,,,2015,2022/10/20 14:26:39.000000000,,2,,,오류2리 이장
5175034021,,,기타,0.0,5175034000,,00,,2000.0,20150717,안전건설과 시설6급,0.0,0.0,N,0.0,취락지구,860,연당천 범람으로 인한 침수,20110214,,행정안전부,연당2지구,0.0,427502011015,0.0,-1,하천 통수단면 부족으로 인한 범람으로 저지대 침수,,0, [지점번호:라사80771030],,4,안전건설과 시설5급,0.0,0.0,001,0.0,,,20150813,,안전건설과,050,안전건설과 시설6급,0,,,,2020/08/27 15:29:41.000000000,,2,20,001,연당1리장
5175025021,1.0,,기타,0.0,5175000000,,02,,2000.0,20100825,안전재난과 시설7급,0.0,0.0,N,0.0,취락지구,859,내수배제 불량,20100825,20061110,,영흥3지구,0.0,427502010012,0.0,-1,내수배제 불량으로 인한 침수,,0,강원도 영월군 영월읍 봉래산로  10    ,,3,안전재난과 행정5급,0.0,0.0,001,0.0,,1.0,,"지장물 1동 미협의, 협의 완료 후 해제 추진",영월군,050,안전재난과 시설6급,0,,,2010,2024/10/23 09:10:00.000000000,,2,14,,영흥8리장
5175035025,,,기타,,5175035000,,,,1000.0,,안전건설과 시설6급,0.0,,,,취락지구,490,내수배제 불량,20101022,,행정안전부,쌍용지구,,427502010013,,1,내수배제 불량으로 침수,,0,,한강,4,안전건설과 시설5급,0.0,0.0,001,,,,20140430,,안전건설과,050,안전건설과 시설6급,0,,,,2020/08/27 15:27:22.000000000,,1,1,001,쌍용2리장
5175025021,,,기타,,5175025000,,,,2000.0,,안전건설과 시설6급,,,,,취락지구,1084,내수배제 불량,20101125,,행정안전부,장릉지구,,427502010014,,-1,내수배제불량으로 인한 침수,,0,강원도 영월군 영월읍 단종로  187-7   ,,4,안전건설과 시설5급,,,001,,,,20121210,정비사업 완료에 따른 지정해제,안전건설과,050,안전건설과 시설6급,0,,,,2020/08/27 15:28:36.000000000,,1,12,001,영흥12리장
4784025000,,"내수,침수",지방2급하천,0.0,4784025000,예산리 및 성산리일원,01,,47000.0,20030623,성주읍사무소 시설7,0.0,1250.0,N,0.0,도시방재시설,,상습침수지역으로 재해사전대비,20030623,,행정안전부,예산지구,0.0,478402005001,0.0,2,내수 침수,,,경상북도 성주군 성주읍 성주읍3길  48-6   ,낙동강,4,안전건설과 시설6,20.0,49.0,001,312.0,,,20100330,재해위험지구 정비사업 완료(2009.12),성주군청,013,안전건설과 시설7,,,,2003,2015/11/03 10:28:31.000000000, ,3,,001,
4784025022,,외수.침수,지방2급하천,0.0,4784000000,,01,4784025022100180000034057     ,93000.0,19990904,성주읍사무소 시설7,280.0,64.0,N,0.0,하천정비,15,상습침수지역으로 재해사전대비,19990904,,,대흥지구,0.0,478402011003,0.0,2,미개수로 인한 외수 침수지역,,0,,낙동강,4,안전건설과 시설6,3.0,0.0,001,26.0,,,20070628,재해위험지구 정비사업 완료(2007.6),성주군청,013,안전건설과 시설7,0,,,,2022/10/24 17:53:56.000000000,,3,0,,
5175025021,,,기타,0.0,5175025000,삼호아파트 후면,00,,5.0,20150717,안전건설과 시설7급,0.0,0.0,N,0.0,취락지구,131,경사지로부터의 토사유실,20121218,,행정안전부,삼호지구,0.0,427502012017,0.0,-1,토사 및 낙석발생으로 인한 인명피해 우려,,1,강원도 영월군 영월읍 보덕사길  33-1   ,,4,안전건설과 시설5급,0.0,0.0,002,0.0,,,20150813,,안전건설과,050,안전건설과 시설6급,0,삼호아파트 후면,,,2020/08/27 15:31:43.000000000,,2,1,001,영흥15리장
5175036022,,,지방2급하천,0.0,5175036000,,02,,60000.0,20131111,안전건설과 시설7급,0.0,0.0,N,0.0,취락지구,52,평창강 수위상승으로 인한 침수피해,20131111,20061110,행정안전부,모란지구,0.0,427502014018,0.0,1,평창강 수위상으로 인한 고립 및 침수피해,,0,강원도 영월군 주천면 평창강모란길  38-10   ,한강,4,안전건설과 시설5급,0.0,0.0,001,0.0,,,20170801,,안전건설과,013,안전건설과 시설6급,0,,,2013,2020/08/27 15:31:54.000000000,,2,3,001,주천면 판운2리장
4715035000,,상습침수,지방2급하천,,4715035000,,,,,,김천시 감문면사무소,1500.0,,,,호안정비,,"외부침수로 인한 주택 및 도로, 농경지 침수",20000101,,행정안전부,덕남지구,,471500002001,,2,집중호우시 주택 및 농경지 상습침수,완료('03.10.31),, ,낙동강,4,김천시 건설과,1.0,200.0,001,,,,20031031,,,013,김천시 건설과,,,,,2008/09/08 09:40:53.000000000,,1,,001,
4715010100,,붕괴위험,기타,,4715051500,,,,,,김천시 용암동사무소,0.0,,,,재해위험(자산)지구,132,낙석으로 인한 인명 및 주택피해 우려,19960704,,행정안전부,자산,,471501998001,,,지상 10M 높이에 5톤 가량의 균열된 암석군란에 의한 낙석 위험낙성에 의한 인명(11명) 및 건물(2동) 피해 우려,정비완료('08.1.10),0, ,,4,김천시 산림과,0.0,0.0,002,,,,20080110,,,050,김천시 산림과 산림경영,,,,,2008/09/09 11:26:14.000000000,,3,5,001,
4715010800,,상습침수,지방2급하천,,4715057500,대신동,,,,,김천시 대신동사무소,150.0,,,,배수펌프장,,"내수침수로 인한 주택 및 도로, 농경지 침수",19981024,,행정안전부,신음,,471501998002,,2,"수위상승시 제내지측 지형이 전반적으로 저지대인 농경지 및 도로, 시가지등 36ha, 주택 1,200여동이 상습적으로 침수되는 내수 침수 지구임",정비완료('00.6.20),, ,낙동강,4,상하수과장,1.0,30.0,001,,,,20000620,사업완료,,013,김천시 상하수도과 하수시설,,,,,2008/09/08 09:44:19.000000000,,1,,001,
4715011200,,상습침수,지방2급하천,,4715059500,,,,,,김천시 대곡동사무소,150.0,,,,부곡배수펌프장,,직지사천 수위상승에 따른 내수 상습 침수,20000327,,행정안전부,부곡,,471502002001,,2,저지대로서 배수관거의 구배가 완만하여 평상시는 배수가 되나 강우시 하천의 수위가 상승하여 내수 침수가 되므로 배수 펌프장을 설치 강제 배수,정비완료('01.6.20),, ,낙동강,4,상하수도과,1.0,20.0,001,,,,20010620,배수펌프장 시설 설치 완료,,013,김천시 상하수도과 하수시설,,,,,2008/09/08 09:45:30.000000000,,1,,001,
4715011200,,상습침수,지방2급하천,,4715059500,,,,,,김천시 대곡동사무소,150.0,,,,축제 및 호안,,외수침수에 의한 주택 및 농경지 상습침수,19991007,,행정안전부,백옥,,471502002002,,2,준용하천 직지사천 홍수시 제방쇄굴에 의한 붕괴로 지형이 전반적으로 저지대인 농경지 및 주택 60여동이 상습적으로 침수지형형태는 제내지가 하상고 보다 1.2m 정도 낮음,정비완료('01.6.5),, ,낙동강,4,김천시 건설과 토목7급,1.0,30.0,001,,,,20010605,사업 완료,,013,김천시 건설과 토목9급,,,,,2008/09/08 09:44:54.000000000,,1,,001,
4715035024,,상습침수,지방2급하천,0.0,4715035000,,00,,13000.0,20151030,감문면사무소,150.0,126.0,N,0.0,호안정비,335,"외수침수로 인한 주택 및 도로, 농경지 침수",20000327,,행정안전부,은림,0.0,471502002003,0.0,2,집중호우시 주택 및 농경지 상습 침수,정비완료,0, [지점번호:라바58150038],낙동강,4,안전재난과,1.0,20.0,001,42.0,,,20130627,,김천시,013,안전재난과,,,,2000,2015/11/02 13:02:33.000000000, ,1,2,001,
4715032000,,상습침수,기타,,4715032000,,,,,,김천시 남면사무소,150.0,,,,호안정비,,"외수침수로 인한 주택 및 도로, 농경지 침수",19991007,,행정안전부,옥산,,471502002004,,2,집중호우시 주택 및 농경지 상습 침수,완료('03.6.27),, ,낙동강,4,김천시 건설과 토목 7급,1.0,20.0,001,,,,20030627,,김천시,050,김천시 건설과 토목 9급,,,,,2008/09/08 09:40:20.000000000,,1,,001,
4715010300,,상습침수,지방2급하천,0.0,4715051500,,00,,18500.0,20080313,자산동사무소,150.0,350.0,N,0.0,평화배수펌프장,30,수위상승으로 인한 내수 상습 침수,20080313,,행정안전부,평화,0.0,471502009005,0.0,,직지사천 수위상승시 내수배제 불량으로 저지대 침수,정비완료,0,경상북도 김천시  모암제방길  103-13  (모암동),,4,안전재난과,1.0,20.0,001,100.0,,,20130627,배수펌프장 설치 완료,환경사업소,013,안전재난과,,,,2008,2016/07/21 08:25:37.000000000, ,1,2,001,환경사업소
4715010800,,상습침수,지방2급하천,0.0,4715057500,,00,,24300.0,20080313,대신동사무소,150.0,200.0,Y,0.0,재해위험(속구미)지구,67,국도상 신음교가 홍수위보다 낮아 마을 침수,20080313,,행정안전부,속구미,0.0,471502009006,0.0,2,인접교량이 홍수위선보다 낮아 호우 시 유수 역류로 마을 침수,,0, [지점번호:라마56749246],낙동강,4,안전재난과,1.0,20.0,001,70.0,,,20170323,,김천시,013,안전재난과,0,,20131205,2008,2018/09/21 10:13:19.000000000,풍수해저감종합계획,3,5,001,6통장
4715010300,,,국유림,0.0,4715051500,,00,,31000.0,20100520,자산동사무소,150.0,216.0,Y,0.0,모암지구,119,붕괴에 의한 인명피해 발생우려,20100520,,행정안전부,모암지구,0.0,471502011007,0.0,2,호우시 옹벽 및 미정비 비탈면 붕괴위험으로 상하부 주택 매몰붕괴로 인명피해 우려,,0, [지점번호:라마56139206],낙동강,4,재난안전관리과,2.0,0.0,002,102.0,,,20150226,정비사업 완료,김천시청,014,재난안전관리과,,,20131205,2010,2016/07/21 08:25:07.000000000,풍수해저감종합계획,1,95,001,모암동 통장
4717036029,,,국가하천,0.0,4717000000,,00,,250000.0,20151103,남후면 시설9,150.0,0.0,N,0.0,낙동강,1363,집중호우 시 낙동강의 수위상승으로 인하여 상습적으로 침수,20060306,,,단호지구,0.0,471702006009,0.0,2,저지대 침수,,0, [지점번호:라바98584058],낙동강,1,안전재난과장 시설5,0.0,30.0,001,0.0,,,,,안전재난과,011,안전재난과 시설7,0,,,,2024/12/11 15:32:55.000000000,,3,,,
4717013500,,,국가하천,0.0,4717000000,,00,,240000.0,20151103,송하동 ,150.0,0.0,N,0.0,낙동강,648,낙동강 제내지로서 집중호우 및 장마철 댐 저수 방류시 저지대 침수,20060306,,,호암지구,0.0,471702006010,0.0,2,저지대 침수,,0, [지점번호:마바05744297],낙동강,1,안전재난과장 시설5,0.0,30.0,001,0.0,,,,,안전재난과,011,안전재난과 시설7,0,,,,2024/12/11 15:30:55.000000000,,3,,,
4717025028,,,국가하천,0.0,4717000000,,00,,180000.0,20151103,풍산읍 ,0.0,0.0,N,0.0,낙동강,1,낙동강 제내지로서 집중호우 및 장마철 댐 저수 방류시 상습침수,20060306,,,막곡지구,0.0,471702006011,0.0,2,저지대 침수,,0,,낙동강,1,안전재난과장 시설5,0.0,0.0,001,0.0,,,,,안전재난과,011,안전재난과 시설7,0,,,,2024/12/11 15:29:26.000000000,,3,,,
4717013900,,,지방관리,,4717069000,,,,3.0,,강남동,0.0,,,,절개지,757,"집중호우시 산사태 발생의 우려, 산사태위험지구로 지정되어 있음",20060306,,행정안전부,수하지구,,471702006012,,-1,붕괴위험,,0,,,4,안전재난과장,0.0,0.0,002,,,,20100811,'10년 낙석방지망 등 구조물 설치로 위험요소 제거,재난방재과,010,안전재난과,0,,,,2021/05/27 16:51:46.000000000,,2,11,001,
,,,지방도,0.0,4679038000,,02,,10200.0,20150714,안전건설과 7급,0.0,13.0,N,0.0,지방도897,,붕괴위험,20150507,20100927,행정안전부,안심2지구,0.0,467902015030,0.0,5,비탈면 표층에 전석이 분포하고 있어 홍수시 토석에 의한 피해 예상,,, [지점번호:다라58397806],섬진강,4,안전건설과장,0.0,0.0,002,7.0,,,,,화순군청,002,안전방재담당,0,,,,2017/01/19 09:27:59.000000000,,1,,001,안심마을이장
4679039021,,,농로,0.0,4679039000,,02,,930.0,20150714,안전건설과 7급,0.0,,Y,0.0,기타도로,44,붕괴위험,20150507,20100927,행정안전부,임곡지구,0.0,467902015031,0.0,5,비탈면 내에 토사유실로 인한 붕괴 우려,,1, [지점번호:다라63318265],섬진강,1,안전건설과장,0.0,0.0,002,,,,,,화순군청,049,안전방재담당,0,,,,2017/03/13 18:54:10.000000000,,1,3,001,임곡마을이장
4721025028,,,지방2급하천,0.0,4721000000,경상북도 영주시 풍기읍 교촌리 164-1,02,,38000.0,20150325,안전재난과 시설7급,0.0,120.0,N,0.0,금계지구,164,재해위헙지구 지정관리,20150325,20090108,,금계지구,0.0,472102015010,0.0,2,유실위험,,0, [지점번호:라바91567649],낙동강,4,안전재난과 행정5급,0.0,0.0,005,84.0,,,20190327,"정비사업 완료(교량개체 및 호안 정비 L=664m)에 따른 재해위험요인 해소
- 금계지구 하천재해예방사업(준공일 : '18. 12. 24.)",안전재난과,013,안전재난과 시설7급,0,,,2015,2023/06/02 10:56:36.000000000,,1,1,,
5272040023,,,지방관리,0.0,5272000000,,02,4572040023201670000015477     ,38000.0,20151102,안전재난과 시설7,0.0,72.0,N,1.0,하양지천,167,사면 붕괴로 매몰 피해 우려,20150430,20130520,행정안전부,운봉,0.0,457202015022,0.0,3,"집중호우시 지반의 포화로 인한 사면 활동저항력 감소
  배수시설 부족, 노후 축대시설 관리소홀 및 재정비 미흡",,1,,금강,4,,0.0,0.0,002,36.0,,,20181011,정비공사 완료,진안군,010,안전재난과 ,0,,,,2021/06/07 18:24:46.000000000,,1,0,001,
4713025325,,,지방2급하천,0.0,4713000000,,00,,691049.0,20110412,안강읍장,200.0,0.0,N,0.0,칠평천,1418,침수위험,20110412,,,칠평지구,0.0,471302014021,0.0,10,하천범람 등,,0,,형산강,4,안전정책과장,3.0,50.0,001,0.0,,,20180918,정비완료,경주시청,013,안전정책과 방재팀장,0,,20041125,2011,2023/04/12 16:08:56.000000000,칠평천 하천기본계획,3,170,,근계2리 이장
5115013800,,,시도,,5115066500,,,,,,,,,,,사근진 지구,5,해일에 따른 침수,19960812,,행정안전부,사근진 지구,,421502009016,,,해일로 인한 침수피해 발생,,0,강원도 강릉시  해안로604번길  16   (안현동),,4,,,,001,,,,20020123,정비완료,,003,,, ,,,2009/06/23 15:15:10.000000000,,2,1,001,
4775033034,,,지방2급하천,0.0,4775033000,,02,,168000.0,20150408,안전재난건설과,205.0,6.0,Y,0.0,교량,479,취약방재시설지구,20150408,20070504,행정안전부,인지지구(눌인천),0.0,477502015016,0.0,2,"1. 손달교, 도곡교의 형하고와 경간장 부족으로 교량 유실위험
 2. 기설제방고가 계획홍수위보다 낮아 집중호우시 하폭 및 제방고 부족에 의한 월류침수 발생",,0,,낙동강,4,,2.0,50.0,003,13.0,,,20191203,정비사업 완료에 따른 위험요소 해제(18.12.21. 준공),,013,안전재난건설과,0,,20040209,2015,2020/06/14 10:52:36.000000000,눌인천 하천기본계획,2,1,001,
5123025030,,붕괴시설,기타,0.0,5123000000,번지 일원,02,4223025030103080005000001     ,2275.0,20150403,안전총괄과 시설7급,300.0,19.0,N,0.0,붕괴시설,308,연약붕적층지반과지하수에의한피해,20150403,20121019,행정안전부,도계3리 지구,0.0,422302015012,0.0,,과거부터 산비탈면아래 형성된 주거지역으로 연약 붕적층 지반과 지하수에 의한 건물피해,,0,,,4,안전총괄과 행정5급,5.0,0.0,002,10.0,,,20180706,정비완료,안전총괄과,050,안전총괄과 시설6급,0,,,2015,2018/09/21 16:06:20.000000000,,2,5,001,도계3리 리장
5117012300,0.0,,기타,0.0,5117000000,,02,,7500.0,20151201,안전과 시설7급,380.0,32.0,N,0.0,토사 사면,40,붕괴위험요인 정비,20150403,20090102,,논골2,0.0,421702015021,0.0,-1,집중호우 및 해빙기 등 사면 붕괴,,0,,,4,복구지원팀장,1.0,100.0,002,8.0,0.0,0.0,20240719,정비완료,동해시청 안전과,050,안전과 시설7급,0,,20150403,2015,2025/01/16 13:26:20.000000000,논골2 재해위험개선지구 정비사업,1,43,,
5117012300,,,기타,0.0,5117000000,,02,,7500.0,20151201,안전과 시설7급,380.0,20.0,N,0.0,토사 사면,78,붕괴위험요인 정비,20150403,20090102,,산제골2,0.0,421702015022,0.0,-1,집중호우 및 해빙기 등 토사붕괴,,0,,,4,복구지원팀장,1.0,100.0,002,5.0,,,20240719,정비완료,동해시청 안전과,050,안전과 시설7급,0,,20150403,2015,2025/01/16 13:25:58.000000000,,1,36,,
5111010700,,,시도,0.0,5111000000,,02,,4985.0,20151102,소양동사무소,200.0,80.0,N,0.0,옥천지구,14,노후 석축 상부의 가옥 붕괴 위험,20150326,20120329,행정안전부,옥천지구,0.0,421102015026,0.0,,"노후 석축 상부에 가옥, 하부에 도로가 위치하고 있으며, 석축 노후화로 균열 및 일부 탈락이 발생하는 등 활동파괴가 우려되며, 집중호우시 배수불능으로 수압이 석축에 하중으로 작용하여 파괴시 가옥 및 보행자와 통행차량의 인명피해가 우려됨",,0,강원도 춘천시  서부대성로  81-9  (옥천동),,4,안전총괄담당관,2.0,50.0,002,25.0,,,20180111,재해위험요소 해소,춘천시청 안전총괄담,003,안전총괄 시설8급,0,,,2015,2018/02/05 10:41:34.000000000,,2,86,001,반장
5181035022,,,지방2급하천,0.0,5181000000,일원,02,,10000.0,20150305,안전건설과,200.0,100.0,Y,0.0,가산교,1420,집중호우시 고립우려,20150305,20070109,,가산지구,0.0,428102015004,0.0,-1,"가산교의 지점계획홍수위(EL. 314.26m)에 대한 여유고(1.2m) 부족
 (가산교 BEAM EL. 315.40m, -0.06부족)으로 집중호우 시 교량범람
 으로 인한 매년 고립발생",,0,"강원도 인제군 상남면 내린천로  3126-12, 일원  ",,4,,0.0,0.0,004,15.0,,,20240117,"지정 해제 고시 추진 중
* 정비 완료",인제군청,013,,0,,20150305,,2024/01/18 09:12:07.000000000,가산지구 자연재해위험개선지구,1,0,,
5181035023,,,지방2급하천,0.0,5181000000,일원,02,,10000.0,20150305,안전건설과/시설7급,150.0,40.0,Y,0.0,송계교,351,"집중호우시 고립우려
",20150305,20070109,,송계지구,0.0,428102015005,0.0,-1,"미산제1BOX교(3.5*3.5 L=75m)의 통수단면 부족 및 지점계획홍수위
 (EL. 346.77m)에 대한 여유고 부족으로 집중호우 시 교량범람으로 
 인한 고립 지구 발생",,0,"강원도 인제군 상남면 내린천로  1712 , 일원  ",,4,안전건설과/시설6급,0.0,0.0,004,15.0,,,20240117,"지정 해제 고시 추진
* 정비 완료",인제군청,013,안전건설과/시설7급,0,,20150305,2016,2024/01/18 09:11:56.000000000,송계재해위험개선지구,1,1,,
4776031042,,,지방2급하천,0.0,4776000000,,02,,150000.0,20150410,건설안전과장,0.0,25.0,N,0.0,제방,590,지방하천 반변천과 신사천 합류부로 집중호우 발생 시 제발월류 등 침수피해 잦은 지구,20150410,20140307,,신사,0.0,477602015014,0.0,2,제방고 부족 및 개수공사 미실시로 월류 위험 노후교량 통수단면부족,,0,,낙동강,4,재난방재팀 지방시설주사,0.0,0.0,001,10.0,,,,,영양군,013,재난방재팀 지방시설서기,0,서치교 일원,,2015,2024/04/10 18:11:15.000000000,,3,7,,
4689025321,,해수침수,기타,0.0,4689000000,화목리991-1,02,4689025321109900003023995     ,15525.0,20150306,금일읍 시설7급,158.0,53.0,N,2.0,도로,990,해일범람 및 월파 침수피해 발생,20150410,20110310,,감목,0.0,468902015014,0.0,19,월파에의한 주택피해,,0,,기타,1,완도군 시설6급,0.0,36.0,001,21.0,,,,,금일읍,050,완도군 시설6급,0,,,2015,2024/05/06 21:19:19.000000000,,1,1,,
5181025022,,,사유림(임도),0.0,5181000000,일원,02,,1816.0,20150403,안전건설과/시설7급,100.0,24.0,Y,0.0,남북지구(사면재해),114," 현재 급경사지 붕괴위험 개선지구로 지정하여, 해당 사업으로 개선 완료 하였음
* 인제군 급경사지 남북지구(34지구)",20150403,20070109,,남북지구,0.0,428102015006,0.0,-1,정비완료에 따른 위험요인 제거,,1, [지점번호:라아58130721],,4,안전건설과/시설6급,0.0,0.0,002,6.0,,,,,인제군청,019,안전건설과/시설7급,0,,20150403,2016,2023/04/27 13:16:09.000000000,남북지구재해위험개선지구,1,0,,남북2리이장
5175035525,,,지방관리,0.0,5175035000,월촌,02,,100000.0,20150401,안전건설과,309.0,50.0,N,0.0,쌍용천(취락지구),611,상습침수 및 고립피해,20150401,20061110,행정안전부,월촌지구,0.0,427502015019,0.0,1,집중호우시 쌍용소하천 및 쌍용천 합류부 배수 불량에 의한 범람으로 도로 및 주택침수 발생,,0,,한강,4,안전건설과,2.0,60.0,001,20.0,,,20191202,정비사업 완료,안전건설과,010,안전건설과,0,,,2015,2020/08/27 15:32:09.000000000,,2,4,001,이장
5175032522,,,농어촌도로,0.0,5175032000,가재골,02,,100000.0,20150401,안전건설과,300.0,27.0,N,0.0,도로,173,붕괴위험,20150401,20061110,행정안전부,가재골지구,0.0,427502015020,0.0,1,"하천수위상승에 의한 교량침수 및 고립, 사면붕괴위험",,1,,한강,4,안전건설과,2.0,50.0,003,16.0,,,20191202,정비사업 완료,영월군청,051,안전건설과,0,,,2015,2020/08/27 15:32:19.000000000,,2,,001,이장
4784034030,,,지방2급하천,0.0,4784034000,,02,,64000.0,20150410,가천면사무소 시설9,0.0,330.0,N,2.0,개곡잠수교,1242,유실위험 교량,20150410,20151112,행정안전부,창천,0.0,478402015008,0.0,2,계획홍수위보다 낮게 설치된 교량으로 재해위험이 상존함.,,0,,낙동강,4,안전건설과 시설6,0.0,0.0,005,180.0,,,20190516,,성주군청,013,안전건설과 시설7,0,,,2015,2019/07/23 17:53:04.000000000,,2,59,001,
4784038041,,,지방2급하천,0.0,4784000000,,02,,27000.0,20150410,초전면사무소 시설7,0.0,16.0,N,0.0,풍심이교,349,유실위험교량,20150410,20151112,,봉정,0.0,478402015009,0.0,2,백천의 계힉홍수위보다 낮게설치된 교량으로 재해위험이 상존함,,0,,낙동강,4,안전건설과 시설6,0.0,0.0,005,9.0,,,20221223,정비사업 완료로 위험해소,성주군청,013,안전건설과 시설7,0,,201607,2015,2022/12/23 09:30:17.000000000,백천기본계획,1,6,,봉정1리장
4784032056,,,지방2급하천,0.0,4784000000,,02,,36000.0,20150410,용암면사무소 시설8,0.0,236.0,Y,2.0,대봉교,203,유실위험교량,20150410,20151112,,대봉,1.0,478402015010,60000.0,2,계획홍수위보다 낮게 설치된 교량으로 재해위험이 상존함.,,0,,낙동강,4,안전건설과 시설6,0.0,0.0,005,85.0,,,20221223,정비사업 완료로 위험 해소,성주군청,013,안전건설과 시설7,0,,20130215,2015,2022/12/23 09:29:52.000000000,신천하천정비기본게획,1,1,,대봉1리장
4374032023,,,지방1급하천,0.0,4374000000,,02,,32660.0,20150807,시설6급,0.0,0.0,N,0.0,초강천,49,하천단면부족으로 침수피해발생,20150420,20061011,,마산지구,0.0,437402015014,30000.0,3,하천구역내 가옥 및 상가가 위치하고 있음에 따라 침수피해 발생,,0,충청북도 영동군 황간면 하옥포1길  17-7   ,금강,4,시설6급,10.0,180.0,001,0.0,,,20230825,정비사업 완료에 따른 재해위험 해소,영동군청 안전관리과,012,시설6급,0,,,2015,2025/01/14 13:50:09.000000000,영동군자연재해저감종합계획,1,7,,옥포1리 이장
4690025025,,,지방1급하천,,4690025000,,,,164125.0,20150424,건설교통과,0.0,140.0,,,진도천,833,월류피해 예상,20150424,,행정안전부,남동지구,,469002015003,,-1,침수,,0,,,4,건설교통과,0.0,0.0,001,70.0,,,,,진도군청 건설교통과,012,건설교통과,0,,20150424,2015,2021/08/22 13:11:16.000000000,,2,,001,마을이장
4690031024,,,기타,,4690000000,,,4690031024100650041000002     ,298090.0,,건설교통과,0.0,30.0,,,농경지,65,월류피해 예상,20150424,,,신동지구,,469002015004,,-1,침수피해,,0,,,4,건설교통과,0.0,0.0,001,15.0,,,,,진도군청 건설교통과,050,건설교통과,0,,20150424,,2024/04/11 11:37:49.000000000,,2,41,,마을이장
4690032031,,,기타,,4690032000,,00,4690032030101530001021626     ,137970.0,20150424,건설교통과,0.0,60.0,,,호안시설,153,해일피해 예상,20150424,,행정안전부,가계지구,,469002015005,,-1,해일로 인한 침수피해,,0,,,4,건설교통과,3.0,0.0,006,30.0,,,20210504,자연재해위험개선지구 정비사업 완료되어 재해위험요인 해소,진도군청 건설교통과,050,건설교통과,0,,20150424,2015,2021/06/22 18:09:11.000000000,,2,1,001,마을이장
4413310300,,하천재해,지방2급하천,0.0,4413310300,,02,4413310300103130000051430     ,63200.0,20150422,안전총괄과 시설7급,154.0,115.0,Y,1.0,장재천,313,외수범람으로 인한 주택 및 상가 침수피해 발생,20150422,20160701,,백석,0.0,441302015008,0.0,7,장재천 미개수로 인한 홍수위 상승으로 외수범람 및 내수배제 불량 등으로 인근 지역에 침수피해 발생,,0,,삽교천,4,안전총괄과장,2.0,60.0,001,44.0,,,,,천안시안전총괄과,013,안전총괄과 시설7급,0,,20120612,2015,2024/02/06 12:58:08.000000000,장재천하천기본계획,1,0,,
4413325023,,하천재해,지방2급하천,,4413025000,,02,4413325023103620000000001     ,1060000.0,20150422,안전총괄과 시설8급,136.0,182.0,Y,1.0,마정천,362,외수범람에 의한 주택 및 농경지 침수피해 우려,20150422,20160701,,마정,,441302015010,,6,홍수위에 비하여 제방고 및 제내지가 낮게 형성되어 인근지역에 침수피해 발생 가능,,0,,안성천,2,안전총괄과 행정5급,4.0,40.0,001,70.0,,,,,천안시 안전총괄과,013,안전총괄과 시설7급,0,,,2015,2024/02/06 11:19:09.000000000,,3,47,,
4688039032,,,지방2급하천,0.0,4688039000,,02,,40408.0,20150415,북이면 총무담당,193.0,24.0,N,0.0,조양천,500,하폭 및 제방고 부족으로 월류 피해발생,20150415,,국토교통부,조양지구,0.0,468802015007,0.0,4,하폭 및 제방고 부족,,0,,영산강,4,재난안전실장,0.0,58.0,001,8.0,,,,,,013,재난안전실 방재담당,0,,20150415,2015,2021/06/09 19:52:29.000000000,,2,,005,이장
4688040032,,,군천,0.0,4688040000,,00,4688040032101250000015444     ,34676.0,20150415,북하면 총무담당,122.0,39.0,N,0.0,황룡천,125,집중호우 발생시 하폭 및 제방고 부족등으로 인한 침수발생(고립),20150415,,국토교통부,황룡지구,0.0,468802015008,0.0,4,하폭 및 제방고 부족,,0,,영산강,4,재난안전실장,0.0,29.0,004,23.0,,,,,장성군청,042,재난안전실 방재담당,0,,20150415,2015,2021/08/22 13:11:49.000000000,,2,0,005,이장
4688037021,,,지방2급하천,0.0,4688000000,,02,,1274936.0,20150415,장성군청 재난안전과 시설7급,250.0,127.0,Y,0.0,서삼천,212,교량위치 구간 하폭 및 제방고 부족으로 인한 침수피해 발생,20210913,20100325,,장산지구,0.0,468802015010,0.0,4,통수단면이 부족한 기존교량 존치와 하천 하폭 및 제방고 부족으로 제방유실 및 침수위험,,0,,영산강,2,장성군청 재난안전과 시설5급,0.0,90.0,001,50.0,,,,,장성군청,013,장성군청 재난안전과 시설7급,0,,20150415,2021,2024/09/24 20:45:09.000000000,,2,7,,이장
4687033031,,,기타,0.0,4687033000,,00,4687033031103420000009020     ,0.0,20151102,건설도시과 시설6급,0.0,0.0,N,0.0,응봉저수지,341,긴급정밀점검결과 D등급 판정,20131015,,농림축산식품부,불갑면 응봉제,0.0,468702015021,0.0,-1,유실위험,,0,,,4,건설도시과장,0.0,0.0,005,0.0,,,20210408,재해위험저수지 보수.보강 완료,영광군청,050,건설도시과 시설7급,0,,,,2021/09/01 16:35:57.000000000,,1,1,002,
4679037030,,,군천,0.0,4679000000,,02,,12188.0,20150507,건설교통실 시설6급,0.0,150.0,Y,0.0,용강천,720,복개 구조물 및 하도의 통수능이,20150507,20100927,,용강지구,0.0,467902015011,0.0,4,복개 구조물 및 하도의 통수능이 부족,,0,전라남도 화순군 도암면 상용길  17    ,영산강,1,건설교통실 시설4급,0.0,0.0,001,60.0,,,,,화순군청,042,건설교통실 시설6급,0,,20070501,2015,2024/04/14 22:16:27.000000000,화순군 소하천정비기보계획,2,0,,용강마을이장
2915511500,,,기타,0.0,2915553700,일원,02,,6792.0,20151109,안전행정과 시설9급,0.0,920.0,N,0.0,옹벽,623,옹벽붕괴로 피해발생 존재,20150511,20070110,행정안전부,봉선지구,0.0,291552015003,0.0,-1,호우에 따른 옹벽붕괴로 인명 및 공동주택 피해가능성 존재,,0,,,4,안전총괄과장,0.0,0.0,002,315.0,,,20190515,정비사업 완료에 따른 재해위험요인 해소,광주광역시 남구청,050,안전총괄과 행정6급,0,,,2015,2019/07/22 14:50:44.000000000,,1,17,001,
4679025032,,,지방2급하천,0.0,4679000000,,02,,30797.0,20150507,건설교통실 시설6급,0.0,0.0,Y,0.0,벌고천,223,상습침수,20150507,20100927,,벌고1지구,0.0,467902015012,0.0,4,하상과 지반의 차이가 적고 호안 노후화,,0,전라남도 화순군 화순읍 은곡길  61-6   ,영산강,1,건설교통실 시설4급,0.0,0.0,001,0.0,,,,,화순군청,013,건설교통실 시설6급,0,,20141103,2015,2024/04/14 22:16:05.000000000,벌고천 하천정비기본계획,2,0,,대리마을이장
4679040025,,,지방2급하천,0.0,4679000000,,02,,7187.0,20150507,건설교통실 시설6급,0.0,80.0,Y,0.0,율곡천,277,상습침수,20150507,20100927,,율곡지구,0.0,467902015015,0.0,5,"제방,지반이 낮아 홍수시 월류 및 침수",,0,전라남도 화순군 동복면 밤실길  111-7   ,섬진강,4,건설교통실 시설4급,0.0,0.0,001,40.0,,,,,화순군청,013,건설교통실 시설6급,0,,,2015,2024/05/28 15:22:59.000000000,,2,0,,신율마을이장
4679039531,,,지방1급하천,0.0,4679000000,,02,,38692.0,20150507,건설교통실 시설6급,0.0,80.0,Y,,길성천,285,상습침수,20150507,20100927,,길성지구,0.0,467902015017,,5,하도 통수능 부족으로 홍수시 침수 및 유실위험 상존,,0,,섬진강,4,건설교통실 시설4급,0.0,0.0,001,20.0,,,,,화순군청,012,건설교통실 시설6급,0,,20070501,2015,2024/09/24 15:56:58.000000000,길성소하천 정비계획수립,2,3,,길성마을이장
4729033021,,침수위험,기타,0.0,4729000000,,00,4729033021101050004053710     ,113337.0,20151102,자인면 건설팀 시설7,0.0,579.0,Y,0.0,상습침수지구,105,침수위험지구,20250108,,,중촌지구,0.0,472902015014,0.0,19,침수피해,,0,,기타,1,안전총괄과장,0.0,0.0,001,231.0,,,,,자인면행정복지센터,050,안전총괄과 시설6,0,,20240911,2015,2025/01/13 09:41:37.000000000,경산시 자연재해저감 종합계획,2,4,,자인자율방재단원
4729031034,,침수위험,기타,0.0,4729000000,,00,,24000.0,20150406,와촌면 시설8,0.0,100.0,Y,0.0,상습침수지구,287,침수위험지구,20150406,,,음양지구,0.0,472902015016,0.0,19,침수위험지구,,0,,기타,1,안전총괄과장,0.0,0.0,001,30.0,,,,침수위험지구,와촌면,050,안전총괄과 시설6,0,,20240911,2015,2024/09/27 11:16:19.000000000,경산시 자연재해저감 종합계획,2,0,,자율방재단원
4729025333,,침수위험지구,기타,0.0,4729000000,,00,,6800.0,20150406,진량읍 시설7급,0.0,30.0,Y,0.0,상습침수지역,775,상습침수지역,20151102,,,사매2지구,0.0,472902015015,0.0,-1,상습침수지역,,0,,,1,안전총괄과장,0.0,0.0,001,25.0,,,,,진량읍,050,안전총괄과 시설6,0,,20240911,2015,2024/09/27 11:18:00.000000000,경산시 자연재해저감 종합계획,2,0,,진량자율방재단원
5272038029,5.0,하천,기타,0.0,5272038000,,02,4572038029101430005031723     ,10000.0,20150430,안전재난과 시설7,0.0,92.0,Y,0.0,보룡천,143,통수단면 부족 월류로 침수 발생,20150430,20130520,행정안전부,소태정,0.0,457202015019,0.0,3,"집중호우시(25mm/hr, 3시간 이상) 마을 도로구간 침수 발생, 이상 호우 발생시 하천변 저지대 침수 발생가능성 내재, 하폭 협소로 인한 하천의 통수 단면 및 여유고가 부족하여, 농경지 및 주택침수 상존",,0,,금강,4,안전재난과 시설6,0.0,0.0,001,32.0,,2.0,20210331,통수단면 확장으로 인한 위험요소제거,진안군,050,안전재난과 시설7,0,,20021230,2015,2021/10/26 09:03:41.000000000,소하천정비 종합계획,1,5,001,
4783032032,,붕괴및유실,기타,0.0,4783032000,(신간리 242),00,,1550.0,20151111,군민안전과 시설7,0.0,14.0,Y,0.0,물한지구,242,"2, 위험 등급 나 등급으로 현재 정비 공사 계획 중입니다.",20160408,,,물한지구,0.0,478302015006,0.0,19, 급경사지 위쪽에 민가가 위치하여 인명 및 건축물 붕괴 위험,,0,번지 일원,기타,1,군민안전과 시설7,0.0,0.0,005,10.0,,,,,고령군,050,군민안전과 시설7,0,번지 일원,20140103,2015,2022/10/20 09:08:06.000000000,고령군 풍수해저감종합계획,2,,,
4783036046,,,기타,0.0,4783036000,(우곡면 야정리527-1),00,,37100.0,20151111,군민안전과 시설7,0.0,38.0,Y,0.0,"황성,야정",170,"4, 위험등급 다 등급으로 정비 작업 추진 중",20151111,,,황성야정,0.0,478302015008,0.0,-1,하천 범람으로 인한 농경지 침수위험,,0,,,1,군민안전과 시설7,0.0,0.0,001,50.0,,,,,고령군,050,군민안전과 시설7,0,,20140103,2015,2022/10/12 10:54:54.000000000,고령군풍수해저감종합계획,3,,,
5272037025,,,기타,0.0,5272000000,인근,02,4572037025100290002003336     ,63000.0,20150430,안전재난과 시설7,0.0,202.0,Y,1.0,북소천,28,통수단면 부족으로 침수 발생 등,20150430,20130520,,북소천,0.0,457202015020,0.0,5,"석축호안 등 하천시설 노후, 지방하천 은천 외수위 상승에 따른 내수배제 불량, 농경지 배수로 통수단면적 부족, 지속적인 토사 퇴적으로 인한 홍수소통 불량",,0,,섬진강,4,안전재난과 시설6,0.0,0.0,001,89.0,,,20240104,재해위험 개선정비공사 추진 완료,진안군,050,안전재난과 시설7,0,,20021230,2015,2024/04/15 16:05:49.000000000,소하천정비 종합계획,1,0,,
5272037021,,,기타,0.0,5272037000,인근,02,4572037021102370003000505     ,62000.0,20150430,안전재난과 시설7,0.0,156.0,Y,1.0,평지상천,237,외수위 상승에 따른 피해발생,20150430,,행정안전부,평지상,0.0,457202015021,0.0,5,"집중호우시(25mm/hr, 3시간 이상) 하천범람, 제내지 농경지 침수, 섬진강 외수위 상승에 따른 배수영향구간의 내수배제불량, 하폭 협소로 인한 하천의 통수 단면 및 여유고가 부족하여, 하천 상류부 주택침수 발생가능성 상존",,0,,섬진강,4,안전재난과 시설6,0.0,0.0,001,86.0,,,20181011,정비사업 완료,진안군,050,안전재난과 시설7,0,,20021230,2015,2021/06/07 18:25:03.000000000,소하천정비종합계획,2,1,001,
5121010100,,,지방관리,0.0,5121000000,,02,,3247.0,20130207,안전총괄과 주무관,0.0,45.0,Y,0.0,언덕절개지,1,자연재해로 인한 붕괴위험,20130207,20121018,,동명4,0.0,422102013053,0.0,-1,집중호우나 해빙기시 낙석등 붕괴위험,,0, [지점번호:라아96302422],,4,안전방재과장,0.0,0.0,002,25.0,,,20211022,정비사업 완료에 따른 재해위험요인 해소,속초시,010,안전방재과 시설7급,0,,20150708,2013,2022/10/27 14:30:34.000000000,동명4 자연재해위험개선지구 정비사업,1,11,,
5113025030,,상습침수위험,지방관리,0.0,5113025000,,00,,0.0,20151102,원주시(시설7급),150.0,0.0,N,0.0,섬강,46,저지대로 상습침수지역,19961023,,행정안전부,대둔지구,0.0,421302013008,0.0,1,집중호우 및 태풍으로 하천수위 상승시 자연배수가 되지 않아 농경지(62ha) 및 가옥(10동) 침수,,0,강원도 원주시 문막읍 원문로  2670-1   ,한강,4,원주시(시설5급),4.0,30.0,001,0.0,,,20020410,배수펌프장 2개소 설치,원주시(건설방재과),010,원주시(시설6급),, ,19961023,2015,2015/11/02 20:06:59.000000000, ,3,7,001,
5121010300,,법면붕괴,지방관리,0.0,5121000000,우리은행 뒤,00,,0.0,19960615,안전총괄과 주무관,100.0,55.0,N,0.0,언덕 절개지,468,언덕붕괴 위험,19960615,,,중앙4,0.0,422101996002,0.0,19,붕괴위험,,0,,기타,4,안전방재과장,1.0,20.0,002,15.0,,,20071130,정비사업 완료에 따른 재해위험요인 해소,속초시,010,안전방재과 시설7급,0,우리은행 뒤,,,2022/10/27 14:33:27.000000000,,1,169,,
5121010500,,법면붕괴,기타,0.0,5121000000,,00,,0.0,20000419,안전총괄과 주무관,0.0,0.0,N,0.0,언덕 절개지,12,절개지 붕괴위험,20000419,,,교동19,0.0,422102000003,0.0,-1,언덕붕괴,,0,,,4,안전방재과장,0.0,0.0,002,0.0,,,20051124,정비사업 완료에 따른 재해위험요인 해소,속초시,050,안전방재과 시설7급,0,,,,2022/10/27 14:33:06.000000000,,2,,,
5121010500,,법면붕괴,기타,0.0,5121000000,,00,,0.0,20000419,안전총괄과 주무관,100.0,0.0,N,0.0,언덕 절개지,1,언덕붕괴 위험,20000419,,,교동20,0.0,422102000004,0.0,-1,언덕붕괴,,0,,,4,안전방재과장,1.0,20.0,002,0.0,,,20051124,정비사업 완료에 따른 재해위험요인 해소,속초시,050,안전방재과 시설7급,0,,,,2022/10/27 14:32:48.000000000,,2,,,
5121010200,,,지방관리,0.0,5121000000,,00,,0.0,20051213,안전총괄과 주무관,200.0,32.0,N,0.0,언덕절개지,469,붕괴위험,20051213,,,동명8,0.0,422102006001,0.0,19,"사면경사가 63도 이상의 절개지로 절토사면의 배수 미비로 집중호우시 사면붕괴 발생위험이 있고, 석축,옹벽, 균열등 진행되어 있어 피해가 예상",,0,,기타,4,안전방재과장,5.0,30.0,002,16.0,,,20130226,정비사업 완료에 따른 재해위험요인 해소,속초시,010,안전방재과 시설7급,0,,,2005,2022/11/10 14:28:37.000000000,,2,41,,
5121010600,,시가지침수,기타,0.0,5121000000,,00,,25000.0,20150624,안전총괄과 주무관,0.0,0.0,N,0.0,시가지침수,832,관거용량 부족으로인한 침수와 범람이 반복,20060728,,,노학1,0.0,422102006002,0.0,19,"태풍및집중호우시 침수와 범람이 반복적으로 일어나는 상습침수지역이며, 건물용도가 대부분 상업지역으로 재산피해가 큼",,0, [지점번호:라아94282242],기타,4,안전방재과장,1.0,0.0,001,0.0,,,20150605,정비사업 완료에 따른 재해위험요인 해소,속초시,050,안전방재과 시설7급,0,,,,2022/10/27 14:32:07.000000000,,1,3,,
5121010200,,,사유림,0.0,5121000000,동명동사무소 뒤,00,,2979.0,20090409,안전총괄과 주무관,100.0,0.0,N,0.0,언덕절개지,91,자연재해로 인한 붕괴위험,20090409,,,동명3,0.0,422102009025,0.0,19,시민의 생명과 재산피해 우려,,0, [지점번호:라아95912419],기타,4,안전방재과장,10.0,10.0,002,0.0,,,20150605,정비사업 완료에 따른 재해위험요인 해소,속초시,016,안전방재과 시설7급,0,동명동사무소 뒤,,2009,2022/10/27 14:31:32.000000000,,1,1,,
5121010100,,,지방관리,0.0,5121000000,영랑동 해안도로 일원,02,,23000.0,20000223,안전총괄과 주무관,100.0,347.0,Y,0.0,해안침식,11,해일 및 파랑 피해,20000223,,,영랑10,0.0,422102009050,0.0,19,해일 ? 파랑에 의한 해안도로변 시설물 피해우려,,0,강원도 속초시  속초등대길  14-4  (영랑동),기타,4,안전방재과장,10.0,10.0,001,165.0,,,20150605,정비사업 완료에 따른 재해위험요인 해소,속초시,010,안전방재과 시설7급,0,영랑동 해안도로 일원,,2010,2022/11/10 14:25:12.000000000,영랑동 연안정비사업,1,,,
5121010400,,,지방관리,0.0,5121000000,,00,,0.0,20000419,안전총괄과 주무관,0.0,0.0,N,0.0,언덕절개지,222,붕괴위험,20000419,,,금호2,0.0,422102009051,0.0,-1,사면붕괴,,0,,,4,안전방재과장,0.0,0.0,002,0.0,,,20030108,정비사업 완료에 따른 재해위험요인 해소,속초시,010,안전방재과,0,,,,2022/11/10 14:28:26.000000000,,1,,,
5121010200,,,지방관리,0.0,5121000000,,00,,0.0,20000419,안전총괄과 주무관,0.0,0.0,N,0.0,언덕절개지,469,붕괴위험,20000419,,,동명9,0.0,422102009052,0.0,-1,사면붕괴,,0,강원도 속초시  중앙로187번길  18-1  (동명동),,4,안전방재과장,0.0,0.0,002,0.0,,,20030108,정비사업 완료에 따른 재해위험요인 해소,속초시,010,안전방재과,0,,,,2022/10/27 14:30:48.000000000,,1,40,,
5176025051,,제방,군도,0.0,5176025000,,02,,48000.0,20060227,평창읍 시설7급,200.0,92.0,N,0.0,군도3호선,7,집중호우시 도로가 년 3~4회 정도 침수로 두절,20060228,20071102,국토교통부,뇌운,0.0,427602006001,0.0,1,기존도로가 지반고가 낮아 우기및 집중 호우시 일부도로가 침수되어 교통이 두절,,0,강원도 평창군 평창읍 뇌운계곡로  623-4   ,한강,4,안전건설과 시설6급,3.0,250.0,004,41.0,,,20120402,사업완료,평창군청,004,안전건설과 시설7급,, ,,2006,2016/03/11 14:04:58.000000000, ,1,,005,
5176036024,,,지방2급하천,0.0,5176036000,,02,,25000.0,20060228,진부면 시설6급,0.0,160.0,Y,0.0,척천,38,제방 미시설 및 노후로 인한 집중 호우시 상습침수,20060228,20071102,국토교통부,두일,0.0,427602006002,0.0,1,제방 미시설로 인한 집중 호우시 상습적 피해,,0, [지점번호:라사93946526],한강,4,안전건설과 시설6급,0.0,0.0,001,80.0,,,20130329,2012년도 재해위험지구 정비사업 완료,평창군청,013,안전건설과 시설7급,, ,20091231,2006,2016/03/11 14:05:21.000000000,척천하천기본계획,1,,005,
5176033022,,,지방2급하천,0.0,5176033000,,02,,20000.0,20060228,대화면 시설7급,0.0,500.0,Y,0.0,대화천,1898,제방 미시설및 노후로 인하여 대화천 수위 상승시 상습적 침수피해 발생,20060228,20071102,국토교통부,신리,0.0,427602006003,0.0,1,제방 미시설및 노후,,0, [지점번호:라사83445074],한강,4,안전건설과 시설6급,0.0,0.0,001,250.0,,,20170228,,평창군청,013,안전건설과 시설7급,0,,20080620,2006,2017/04/10 15:08:00.000000000,대화천하천기본계획,2,,005,대화6리 이장
5176034029,,,지방2급하천,0.0,5176034000,,02,,15000.0,20060228,봉평면 시설7급,0.0,500.0,Y,0.0,덕거천,359,제방 미시설 및 노후로 인하여 상습적 침수,20060228,20071102,국토교통부,덕거,0.0,427602006004,0.0,1,제방 미시설및 노후,,0, [지점번호:라사79086045],한강,4,안전건설과 시설6급,0.0,0.0,001,60.0,,,20170228,,평창군청,013,안전건설과 시설7급,0,,20091231,2006,2017/04/10 15:07:37.000000000,덕거천 하천기본계획,3,1,005,덕거1리이장
5176036030,5.0,,지자체소유림,0.0,5176036000,,02,,2500.0,20061023,진부면 시설6급,0.0,36.0,N,0.0,외거문리산,53,산사태 진행지역으로 집중호우시 인명 및 재산피해 우려,20061023,20071102,,외거문리,0.0,427602007002,0.0,1,산사태 발생지역으로 주택밀집지역 30m까지 진행된 상태로 집중호우시 산사태 발생 우려가 있음,,0,강원도 평창군 진부면 오대천로  1481    ,한강,1,건설과 시설6급,0.0,0.0,002,15.0,0.0,10.0,,,평창군청,015,건설과 시설6급,0,,,2006,2022/09/02 17:02:37.000000000,,3,3,,거문리 이장
5176025021,,,국유림(임도),0.0,5176025000,,02,,10000.0,20100526,평창읍 시설7급,0.0,36.0,N,0.0,국유림,307,급경사지위험,20100526,20071102,행정안전부,상리2,0.0,427602010008,0.0,,집중호우시 붕괴위험,,0, [지점번호:라사80462993],,4,안전건설과 시설6급,0.0,0.0,002,20.0,,,20120402,정비완료,평창군청,017,안전건설과 시설7급,, ,,2010,2016/03/11 14:07:02.000000000, ,1,1,001,
5176025044,,,지방관리,0.0,5176025000,,02,,14000.0,20100526,평창읍 시설7급,0.0,110.0,N,0.0,저지대 주택이주,564,저지대로 집중호우시 주택 침수우려,20100526,20071102,행정안전부,주진,0.0,427602010009,0.0,1,저지대로 집중호우시 주택 침수우려,,0,강원도 평창군 평창읍 하촌길  62-14   ,한강,4,안전건설과시설6급,0.0,0.0,001,53.0,,,20170228,,평창군청,010,안전건설과 시설7급,0,,,2010,2017/04/10 15:04:48.000000000,,2,,001,주진리 이장
5176031024,,,지방관리,0.0,5176031000,,02,,63700.0,20100526,미탄면 시설8급,0.0,168.0,Y,0.0,저지대 주택 및 도로,171,집중호우시 주택 침수 및 도로유실,20100526,20071102,행정안전부,평안,0.0,427602010010,0.0,1,저지대로 집중호우시 주택 침수 및 도로유실 우려,,0, [지점번호:라사90422911],한강,4,안전건설과 시설6급,0.0,0.0,001,76.0,,,20140425,재해위험개선지구 정비사업 완료에 따른 위험요인 해소,평창군청,010,안전건설과 시설7급,, ,20030814,2010,2016/03/11 14:07:56.000000000,창리천 하천기본계획,2,1,001,
5176036021,,,지방관리,0.0,5176036000,,02,,40000.0,20100526,진부면 시설6급,0.0,100.0,N,0.0,주택 및 사면옹벽,266,집중호우시 주택침수 및 사면옹벽,20100526,20071102,행정안전부,하진부2,0.0,427602010011,0.0,1,집중호우시 주택침수 및 사면옹벽 유실,,0, [지점번호:라사92715992],한강,4,안전건설과 시설6급,0.0,0.0,001,28.0,,,20141216,"재해위험개선지구 정비사업 완료, 재해위험요인 해소",평창군청,010,안전건설과 시설7급,, ,,2010,2016/03/11 14:08:13.000000000, ,1,,001,
5176036037,,,지방관리,0.0,5176036000,,02,,10000.0,20100526,진부면 시설6급,0.0,0.0,N,0.0,피암터널 및 사면옹벽,1,집중호우시 터널 및 사면옹벽 붕괴,20100526,20071102,행정안전부,장전,0.0,427602010012,0.0,1,집중호우시 터널 및 사면옹벽 붕괴,,1,강원도 평창군 진부면 장전길  2    ,한강,4,안전건설과 시설6급,0.0,0.0,002,0.0,,,20170228,,평창군청,010,안전건설과 시설7급,0,,,2010,2017/04/10 13:19:44.000000000,,3,,001,장전리 이장
5176037025,,,지방관리,0.0,5176037000,,02,,15527.0,20100526,시설7급,0.0,550.0,Y,0.0,제방 및 교량,373,집중호우시 제방 및 교량유실,20100526,20071102,행정안전부,횡계,0.0,427602010013,0.0,1,집중호우시 제방 및 교량유실,,0, [지점번호:마사05966446],한강,4,안전건설과 시설6급,0.0,0.0,005,250.0,,,20190916,재해위험개선지구 정비사업 완료,평창군청,010,안전건설과 시설7급,0,,20030814,2010,2019/10/14 12:48:46.000000000,차항천 기본계획,2,16,001,횡계6리 이장
4617036034,,,지방관리,0.0,4617000000,,02,,10000.0,20150529,시설9급,0.0,0.0,N,0.0,운봉,68,사면붕괴,20150529,20150529,,운봉,0.0,461702015019,0.0,-1,지방도801호선 인접해 있으며 집중호우시 사면 붕괴 위험,,1,,,4,시설5급,0.0,0.0,002,0.0,,,,,나주시,010,공업9급,0,,20150529,2015,2024/04/26 16:55:20.000000000,,1,4,,
4617013000,,,지방관리,0.0,4617000000,,02,,13400.0,20150529,시설7급,0.0,0.0,Y,0.0,석기네,1,내수 배제불량,20150529,20150529,,석기내,0.0,461702015015,0.0,4,영상강 외수위 상승 및 배수펌프장 용량부족,,0,전라남도 나주시 운곡동 1-9,영산강,2,시설5급,0.0,0.0,001,0.0,,,,,,010,지방공업9급,0,전라남도 나주시 운곡동 1-9,20150529,2015,2024/04/11 10:51:34.000000000,,1,9,,
4617010300,,,지방관리,0.0,4617000000,초원복장어,02,,7000.0,20150529,지방공업9급,0.0,5.0,N,0.0,안창1,521,사면붕괴,20150529,20150529,,안창1,0.0,461702015018,0.0,-1,주거지와 인접한 임야 급경사지 붕괴 위험,,0,,,3,시설5급,0.0,0.0,002,3.0,,,,,나주시,010,지방공업9급,0,,20150529,2015,2024/04/26 16:55:29.000000000,,1,,,
5214037023,,,기타,0.0,5214000000,1252번지 일원,02,,100000.0,20150901,시민안전과 시설 7급,0.0,24.0,N,0.0,배수로,1552,침수지역,20150901,,,석천대지구,0.0,451402015016,0.0,-1,집중호우시 단면부족으로 인한 침수,,0,,,4,시민안전과 행정 5급,0.0,0.0,001,10.0,,,,,익산시청,050,시민안전과 시설 7급,0,,20150202,2015,2023/05/11 17:15:13.000000000,,2,0,,
5214043025,,,기타,0.0,5214000000,,02,,100000.0,20150901,시민안전과 시설7급,0.0,17.0,N,0.0,배수로,231,통수단면 부족으로 인한 침수지역,20150202,,,원기산,0.0,451402015017,0.0,-1,침수지역,,0,,,4,시민안전과 행정 5급,0.0,0.0,001,8.0,,,20200421,,,050,시민안전과 시설 7급,0,,20150202,2015,2023/05/02 17:45:15.000000000,,2,,,
4689035021,,,기타,0.0,4689000000,,02,4689035021111790000041154     ,12690.0,20150306,청산면사무소 시설7급,298.0,272.0,N,2.0,도로,1179,조위 배수불량 및 통수능력부족,20150410,20110310,,도청,0.0,468902015008,0.0,-1,주택침수,,0,,,1,완도군청 안전건설과 시설6급,0.0,38.0,001,109.0,,,,,청산면,050,완도군청 안전건설과 시설8급,0,,,2015,2024/05/06 21:13:02.000000000,,1,0,,
4689036021,,,기타,0.0,4689036000,,02,4689036021112870001039093     ,9465.0,20150306,소안면사무소 시설9급,298.0,98.0,N,5.0,도로,1287,외수위 배수불량 및 통수능력부족,20150410,20110310,행정안전부,비서,0.0,468902015009,0.0,19,조위가 높아 호우시마다 배수불량으로 인한 침수피해,,0,소안비서,기타,4,완도군청 안전건설과 시설6급,0.0,38.0,001,39.0,,,,,완도군,050,완도군청 안전건설과 시설8급,0,소안비서,,2015,2021/06/16 10:43:21.000000000,,1,1,001,
4689033029,,해일범람,기타,0.0,4689000000,가교리 853-9,02,4689033029108530009018294     ,6485.0,20150306,고금면 시설9급,0.0,45.0,N,2.0,가교,853,해일범람 및 월파에 의한 침수 발생,20150410,20110310,,가교,0.0,468902015011,0.0,19,지방어항 월파에의한 인명피해 우려,,0,,기타,1,완도군청 지방시설6급,0.0,0.0,001,20.0,,,,,고금면,050,완도군청 지방시설8급,0,,,2015,2024/05/06 21:10:59.000000000,,1,9,,
4885042024,,해일,소규모어항,0.0,4885042000,,02,,50000.0,20160705,금성면사무소시설8급,0.0,380.0,N,0.0,갈사지구,60,해일위험,20060315,,,갈사,0.0,488502006010,0.0,-1,해일위험,,0, [지점번호:라라26486168],,4,안전총괄과 농업5급,0.0,0.0,006,130.0,,,20170711,공사완료에 따른 재해위험요인 해소,하동군,036,안전총괄과 시설8급,0,,,,2021/12/23 20:58:19.000000000,,1,,,이장
4885025021,,침수,기타,0.0,4885025000,,02,,85000000.0,20160705,하동읍사무소 시설7급,0.0,1800.0,N,0.0,하동읍,1,상습침수,20060201,,,하동읍,0.0,488502006011,0.0,-1,상습침수,,0, [지점번호:라라22997607],,4,안전총괄과장 농업5급,0.0,0.0,001,450.0,,,20170711,사업완료에 따른 위험요소 해소,하동군,050,안전총괄과 시설8급,0,,,,2021/12/23 20:57:49.000000000,,1,,,
4885036024,,해일,소규모어항,0.0,4885036000,,02,,70000.0,20160705,금남면사무소시설8급,0.0,227.0,N,0.0,노량지구,337,해일위험지역,20060315,,,노량,0.0,488502006009,0.0,-1,해일위험,,0,경상남도 하동군 금남면 노량해안길  223    ,,4,안전총괄과 농업5급,0.0,0.0,006,122.0,,,,정비사업완료,하동군,036,안전총괄과 시설8급,0,,,,2021/12/23 20:58:55.000000000,,1,3,,이장
4885041031,,상습침수,지방2급하천,0.0,4885041000,,00,,1000000.0,20160323,옥종면,150.0,0.0,N,0.0,추동지구,651,시설노후 및 단면부족으로 농경지 침수우려,20000401,,,추동지구,0.0,488502002003,0.0,-1,"하천미정비로 하폭협소 및 농경지,가옥 매몰위험",,0, [지점번호:라라35578518],,4,안전총괄과장,1.0,40.0,001,0.0,,,20080408,재해위험지구 정비 완료,,013,안전총괄과,0,,,,2021/12/23 21:13:05.000000000,,1,6,,
4885037026,,상습침수,지방2급하천,0.0,4885037000,,00,,110000.0,20170302,하동군,150.0,0.0,N,0.0,관곡지구,2,하천미정비로 우수기시 농경지 및 가옥침수 우려,20000401,,,관곡지구,0.0,488502002005,0.0,-1,"* 하천미정비로 하폭협소 및 농경지,가옥매몰 위험
 * 하천제방 정비로 재해위험요인 해소",,0, [지점번호:라라36997158],,4,안전총괄과장,1.0,40.0,001,0.0,,,20090909,,,013,안전총괄과,0,,,,2021/12/23 21:12:39.000000000,,1,2,,
4885039023,,,지방2급하천,0.0,4885000000,,00,,40000.0,20160323,북천면,0.0,0.0,N,0.0,신촌,600,상습침수,20060315,,,신촌지구,0.0,488502006001,0.0,-1,상습침수,,0,경상남도 하동군 북천면 경서대로  2427-8   ,,4,안전총괄과장,0.0,0.0,001,0.0,,,20170711,공사완료에 따른 재해위험요인 해소,,013,안전총괄과,0,,,,2021/12/23 21:12:11.000000000,,1,,,
4885032021,,,지방2급하천,0.0,4885000000,,02,,790000.0,20151202,악양면 시설7,0.0,45.0,Y,0.0,악양천,500,상습침수,20060315,,,개치지구,0.0,488502006002,,-1,상습침수,,0, [지점번호:라라18118123],,1,안전교통과장,0.0,0.0,001,15.0,,,,,,013,안전교통과 시설7급,0,,20070902,2015,2023/10/16 15:54:56.000000000,하천정비기본계획,3,,,
4885035022,,,지방2급하천,0.0,4885035000,,02,,790000.0,20151202,고전면 시설7급,0.0,75.0,Y,0.0,고전천,200,상습침수,20060201,,,성천지구,0.0,488502006003,10467.0,-1,상습침수,,0, [지점번호:라라29087395],,4,안전총괄과장,0.0,0.0,001,20.0,,,,,,013,안전총괄과 시설8급,0,,20101002,2015,2021/12/23 21:00:12.000000000,하천정비기본계획,2,,,
4885035024,,,지방2급하천,0.0,4885035000,,02,,66000000.0,20160705,고전면사무소 시설7급,0.0,141.0,N,0.0,주교천,300,상습침수,20060201,,,전도지구,0.0,488502006008,0.0,-1,상습침수,,0, [지점번호:라라27356680],,4,안전총괄과 농업5급,0.0,0.0,001,47.0,,,20160727,사업완료에 따른 위험요소 해소,하동군,013,안전총괄과 시설8급,0,,,,2021/12/23 20:59:13.000000000,,2,,,
2915510400,,,기타,0.0,2915560500,월산아파트 일원 외 3개소,02,,28095.0,20151109,안전총괄과 시설9급,143.0,1994.0,N,0.0,월산백운자연재해위험개선지구,578,도심지내 사면 붕괴로 인한 피해발생,20150327,20070110,행정안전부,월산백운지구,0.0,291552015002,0.0,-1,도심지(주택및공공시설)에 사면이 인접하여 집중호우시 붕괴로 인한 인명 및 건물피해 발생 존재,,0,,,4,안전총괄과장,1.0,0.0,002,759.0,,,20190515,정비사업 완료에 따른 재해위험요인 해소,광주광역시 남구청,050,안전총괄과 행정6급,0,,,,2020/03/17 09:45:28.000000000,,1,3,001,
5182033031,,,농어촌도로,0.0,5182000000,,02,,6000.0,20151216,,0.0,115.0,Y,0.0,용촌잠수,716,고립위험/다등급,20150406,20061214,,용촌잠수,0.0,428202015017,0.0,19,통수단면부족에 따른 수위상승 ,,0, [지점번호:라아92822625],기타,4,안전교통과 시설5급,0.0,0.0,004,45.0,,,20220930,정비사업 완료(철거)에 따른 해제 ,고성군청 안전교통과,051,안전교통과 시설8급,0,,20150828,2015,2023/05/01 13:47:32.000000000,하천정비기본계획,3,0,,
5182025030,,,농어촌도로,0.0,5182000000,,02,,6500.0,20151216,건설도시과 시설7급,0.0,90.0,Y,0.0,어천,979,유실위험/다등급,20150406,20061214,,어천,0.0,428202015016,0.0,19,경간장 부족으로 통수단면 부족에 의한 수위상승 ,,0,강원도 고성군 간성읍 광평길  179-5   ,기타,4,안전방재과 행정5급,0.0,0.0,005,30.0,,,20220930,정비사업 완료에 따른 해제,고성군청,051,안전방재과 시설9급,0,,19980627,2015,2022/10/10 15:39:54.000000000,하천정비기본계획,3,0,,
4777037049,,내수재해,지방2급하천,0.0,4777000000,일원,00,4777037049100010058000001     ,640000.0,20150406,안전재난과 시설7 ,0.0,10.0,N,0.0,배수펌프장,1,"여름철 재해(태풍,집중호우) 침수지구",20150406,,,병곡지구,0.0,477702015014,0.0,19,내수침수지구,,0,,기타,2,안전재난과 시설6,0.0,0.0,001,5.0,,,,,영덕군청,013,안전재난과 시설7,0,,20150406,2015,2024/04/12 09:57:14.000000000,자연재해위험지구 지정 고시,3,58,,덕천리장
4157010200,,교량유실,기타,,4157000000,,02,,5275.0,,도로관리사업소,324.0,390.0,Y,,나진지구,155,나진교 통수능 부족,20150331,20061127,행정안전부,나진지구,,415702015008,,1,나진교 유실,,0,,한강,4,안전총괄과,2.0,57.0,005,150.0,,,20210712,정비사업 완료에 따른 재해위험 해소,김포시청,050,안전총괄과,0,,20160420,2017,2021/09/29 09:23:26.000000000,김포시풍수해저감종합계획,2,4,001,
5123012600,0.0,붕괴위험,사유림,0.0,5123000000,번지 일원,02,4223012600100780000000001     ,7700.0,20150403,재난안전과 시설7급,200.0,30.0,N,0.0,붕괴시설,78,우기시함수비증가로지반약화와침하,20150403,20121019,,정하(나릿골)지구,0.0,422302015010,0.0,-1,과거부터 산비탈면에 위치한 주택밀집지역으로 호우시 지반의 함수비 증가로 인해 주변지역 구조물 및 포장부에 균열등 사유재산 및 인명피해 우려,,0,금다정 뒷편 일원,,1,재난안전과 행정5급,3.0,0.0,002,14.0,0.0,0.0,,,재난안전과,016,재난안전과 시설6급,0,금다정 뒷편 일원,,2015,2023/01/27 11:38:51.000000000,,2,0,,정라7통 통장
5123031034,,붕괴위험,지자체소유림,0.0,5123031000,번지 일원,02,,1730.0,20150403,안전총괄과 시설8급,200.0,0.0,N,0.0,붕괴시설,1,급경사 암반 풍화로 인한 낙석,20150403,20121019,행정안전부,장호지구,0.0,422302015011,0.0,,"평균경사 80°의 암반비탈면 지형으로 비탈면고가 20m이상이며 풍화정도가 매우 심해 절리면이 산화되고 파쇄대가 분포하는 지역으로, 절리방향이 불리하게 형성되어 있어 인근 주택 및 도로에 대규모 낙석발생",,1,,,4,안전총괄과 행정5급,3.0,0.0,002,0.0,,,20180706,정비완료,안전총괄과,015,안전총괄과 시설6급,0,,,2015,2018/09/21 16:06:48.000000000,,2,0,001,장호1리 리장
4775033029,,,지방2급하천,0.0,4775033000,,02,,78000.0,20150408,안전재난건설과,205.0,6.0,Y,0.0,제방,76,침수위험지구,20150408,20070504,행정안전부,병보지구(병보천),0.0,477502015017,0.0,2,"집중호우시 하폭 및 제방고 부족에 의한 월류침수 발생, 
 잠수교로 인한 통수단면적 부족과 노후로 유실",,1,,낙동강,4,,2.0,50.0,001,2.0,,,20191203,정비사업 완료에 따른 위험요소 해제(19.10.21. 준공),,013,안전재난건설과,0,,20101220,2015,2020/06/14 10:51:37.000000000,병보천 하천기본계획,2,,001,
5218011200,,,지방관리,0.0,5218000000,,02,,50912.0,20150721,시설7급,420.0,0.0,N,1.0,금붕천,725,하천구역 인근 침수발생,20150409,,,금붕지구,0.0,451802015010,8400.0,8,하천구역 인근 주택 및 농경지 침수발생,,0, [지점번호:다마44052894],동진강,4,시설6급,2.0,64.0,001,0.0,,,,,정읍시청,010,시설7급,0,,,,2025/01/02 13:24:25.000000000,,3,6,,
4831031023,,,기타,0.0,4831000000,,02,,9020.0,20150320,안전총괄과 시설6급,250.0,135.0,N,0.0,취락지구,228,"폭풍해일, 월파 및 월류",20150409,20101001,행정안전부,예구지구,0.0,483102015014,1014.0,-1,"폭풍해일, 월파 및 월류",,0,경상남도 거제시 일운면 예구1길  1    ,,4,안전총괄과 시설6급,3.0,105.0,006,45.0,,,20200123,,거제시,050,안전총괄과 시설6급,0,,20101001,2015,2020/06/02 22:21:27.000000000,,1,1,001,예구마을 이장
5176025025,,,지방관리,0.0,5176025000,,02,,40833.0,20130212,평창읍 시설7급,0.0,210.0,Y,0.0,"축제,호안, 저류지",658,"협소한 하폭, 낮은제방으로 인한 상습침수",20130212,20071102,행정안전부,종부,0.0,427602013014,0.0,1,"협소한 하폭, 낮은제방으로 인한 상습침수",,0, [지점번호:라사79272874],한강,4,안전건설과 시설6급,0.0,0.0,001,75.0,,,20190918,재해위험개선지구 정비사업 완료,평창군청,010,안전건설과 시설7급,0,,20030814,2013,2019/10/14 12:46:34.000000000,양지천 기본계획,2,7,001,종부2리 이장
5176025021,,,국유림,0.0,5176025000,,02,,4000.0,20021024,평창읍 시설7급,0.0,36.0,N,0.0,국유림,1,급경사지위험,20021024,20071102,행정안전부,상리,0.0,427602013015,0.0,1,급경사지 낙석발생,,0, [지점번호:라사82462994],한강,4,안전건설과 시설6급,0.0,0.0,002,20.0,,,20101206,중복지정에 따른 지구해제,평창군,014,안전건설과 시설7급,, ,,2002,2016/03/11 14:10:04.000000000, ,3,,001,
5176036021,,,지방관리,0.0,5176036000,,02,,60000.0,20061027,진부면 시설6급,0.0,58.0,Y,0.0,주택및사면옹벽,362,집중호우시 주택침수 및 사면 유실,20061023,20071102,행정안전부,하진부,0.0,427602013016,0.0,1,주택침수 및 사면 유실,,1,강원도 평창군 진부면 사남산안길  25-1   ,한강,4,안전건설과 시설6급,0.0,0.0,001,25.0,,,20101206,사업완료,평창군,010,안전건설과 시설7급,, ,20030814,2006,2016/03/11 14:10:37.000000000,쉴터골천 기본계획,2,,001,
5176031027,,,지방2급하천,0.0,5176031000,,02,,11000.0,20021024,미탄면 시설8급,0.0,224.0,Y,0.0,창리천,213,제방 노후로 인한 상습적 침수,20021024,20071102,행정안전부,마하,0.0,427602013017,0.0,1,제방 미시설로 인한 집중호우시 상습적 피해,,0, [지점번호:라사91302378],한강,4,안전건설과 시설6급,0.0,0.0,001,92.0,,,20101206,사업완료,평창군,013,안전건설과 시설7급,, ,20030814,2002,2016/03/11 14:10:58.000000000,창리천 기본계획,1,,001,
2635010300,,,지방관리,0.0,2635057000,,00,2635010300107630000013876     ,22000.0,20151102,도시디자인과공업6급,0.0,0.0,N,0.0,반여침수위험지구,763,침수,19970501,,행정안전부,반여지구,0.0,263502011003,0.0,2,침수,,0,,낙동강,4,안전총괄과 행정5급,0.0,0.0,001,0.0,,,20050131,정비완료,해운대구청,010,안전총괄과 시설7급,0,,,,2019/07/04 13:44:51.000000000,,1,0,001,
2647010100,,,지방2급하천,0.0,2647000000,,00,2647010100114610028000001     ,136159.0,20151030,거제1동,0.0,0.0,N,0.0,온천천,1461,집중호우시 상습침수,20110323,,,거제지구,0.0,264702011002,0.0,2,주거지역 침수,,0,,낙동강,4,도시안전과 5급,0.0,0.0,001,0.0,,,20170607,2017년 1월 자연재해위험지 정비사업 완료,도시안전과,013,도시안전과 8급,0,,,2011,2022/10/24 14:50:10.000000000,,2,28,,거제1동 11통장
2638010500,,,지방관리,0.0,2638058000,장림동 321-28번지일원,00,,306644.0,20151105,장림1동 사무장,266.0,0.0,N,0.0,장림동 침수위험지구,321,침수위험지구,20091118,,행정안전부,장림지구,0.0,263802011001,0.0,19,장림 지구는 장림유수지 및 보골천을 포함하여 주변지반고의 평균 EL 1~2m로 집중호우시 도로 및 건물의 피해가 발생하고 있는 열악한 주변여건임,,0,"부산광역시 사하구  장림번영로  53   (장림동, 나산리버빌)",기타,4,안전총괄과 행정5급,3.0,30.0,001,0.0,,,20160316,"정비사업 완료로
재해위험요인 해소",안전총괄과,010,안전총괄과 시설8급,0,장림동 321-28번지일원,,,2017/02/20 16:39:00.000000000,,1,28,001,주민
2638010100,,,지방도,0.0,2638051000,,00,,157520.0,20151105,행정6급,245.0,0.0,N,0.0,괴정동 침수위험지구,545,침수위험지구 ( 태풍 및 집중호우시 내수배제 불량으로 인한 저지대 상습침수지구임 ),20120208,,행정안전부,괴정지구,0.0,263802012002,0.0,,,,0,부산광역시 사하구  괴정로  234   (괴정동),,4,행정5급,2.0,53.0,001,0.0,,,20170612,"정비사업 완료로
재해위험요인 해소",안전총괄과,002,시설8급,0,,,,2018/02/02 14:26:07.000000000,,1,1,001,16통장
2638010800,,,지방도,0.0,2638000000,,00,,7253.0,20151105,감천2동 사무장,245.0,0.0,N,0.0,감천동 침수위험지구,224,침수위험지구,20120208,,행정안전부,감천지구,0.0,263802012003,0.0,,감천 지구는 태풍 및 집중 호우시 내수배제 불량으로 인한 저지대 상습침수지구임,,0,부산광역시 사하구  원양로356번길  6   (감천동),,4,안전총괄과 행정5급,2.0,53.0,001,0.0,,,20160316,"정비사업 완료로
재해위험요인 해소",안전총괄과,002,안전총괄과 시설8급,0,,,,2017/02/20 16:39:27.000000000,,1,,001,3통장
2638010300,,,지방도,0.0,2638000000,,00,,147612.0,,하단2동 사무장,231.0,0.0,N,0.0,하단동 침수위험지구,884,침수위험지구,20130403,,행정안전부,하단지구,0.0,263802013004,0.0,-1,하단동(가락타운 1단지) 일원은 괴정천 횡단시 역사이펀 구조로 인해 집중호우시 우수배제 불량으로 침수피해 발생,,0,부산광역시 사하구  낙동남로  1349   (하단동),,4,안전총괄과 행정5급,3.0,85.0,001,0.0,,,,,안전총괄과,002,안전총괄과 시설8급,0,,,,2021/05/11 15:18:47.000000000,,1,,001,주민
4182025021,,붕괴위험,군도,0.0,4182025000,군도 14호선,02,,57503.0,20100910,건설과 시설7급,0.0,0.0,N,0.0,군도14호선 급경사지,1,급경사지 재해,20100910,20100910,행정안전부,읍내지구,0.0,418202011001,0.0,1,"2016년 5월 정비사업 완료
2016년 7월 400mm의 집중호우로 사면 일부 붕괴
2017년 7월 복구공사중 190mm 집중호우로 사면 일부 붕괴(2차)",,0, [지점번호:라사02878268],한강,4,안전재난과장,0.0,0.0,002,0.0,,,20180726,정비사업 완료에 따른 재해위험요소 해소,가평군 안전재난과,004,안전재난과 방재안전8급,0,군도 14호선,,2010,2019/03/20 09:21:04.000000000,,2,,001,이장
4182025034,,낙석,지방도,0.0,4182000000,이화-금대간 지방도391호선,02,,61104.0,20100910,경기도건설본부 시설7,0.0,0.0,N,0.0,지방도 391호선(이화-금대),1,급경사지 재해,20100910,20100910,행정안전부,금대지구,0.0,418202011002,0.0,1,낙석 및 토사유실 우려,,0, [지점번호:라사03537432],한강,4,안전재난과장,0.0,0.0,002,0.0,,,20181210,정비사업 완료에 따른 재해위험요소 해소,경기도건설본부,002,안전재난과 방재안전8급,0,이화-금대간 지방도391호선,,2010,2019/03/20 09:15:57.000000000,,2,,001,이장
5115025021,,붕괴위험,지방관리,,5115025000,주문1리,,,,,재난관리과 지방시설주사보,200.0,,,,주문지구,853,가옥 및 언덕의 쇄굴로 침하가 삼하여 집중호우시 가옥붕괴가 우려,20000525,,행정안전부,주문지구,,421502000009,,19,언덕붕괴 위험지구로 왜굴 및 침하가 심하여 집중호우시 붕괴우려가 있음.,,0, [지점번호:마사16339025],기타,4,재난관리과 지방행정사무관,3.0,30.0,002,,,,20111118,재해위험 해소,강릉시청,010,재난관리과 지방토목주사,,주문1리,,,2013/03/20 14:01:04.000000000,,2,4,001,
5115025025,,침수위험,지방관리,,5115025000,,,,,,재난관리과 지방시설주사보,200.0,,,,교항지구,1,해안선과 인접한 지구로 해일시 침수우려지역,20060227,,행정안전부,교항지구,,421502006002,,19,"해안선 백사장과 인접하여 해일발생시 상습침수 피해가 빈발하는 지구로서
정비방안으로는 파제벽 설치가 요구됨",,0, ,기타,4,재난관리과 지방행정사무관,2.0,40.0,001,,,,20090910,,강릉시청,010,재난관리과 지방시설주사,, ,,,2010/03/29 10:39:24.000000000,,2,,001,
5115010800,,,시도,,5115052000,,,,,,행정주사보,300.0,,,,성남지구,50,집중호우에 의한 2년 연속 침수피해,20040804,,국토교통부,성남지구,,421502009010,,16,"집중호우시 배수통수단면이 부족하여 지역침수
배수로 확장을 위해 PC암거 시설",,0,강원도 강릉시  금성로  21   (성남동),강릉남대천,4,하수관거 시설사무관,1.0,80.0,001,,,,20090910,,강릉시,003,하수관거 시설주사,, ,,,2010/03/29 10:38:38.000000000,,2,,005,
5115011600,,,지자체소유림(임도),,5115060000,,,,,,내곡동 행정주사보,200.0,,,,남산지구,10,우기시 언덕붕괴로 가옥 매몰위험,19960812,,행정안전부,남산지구,,421502009011,,,"산사태 위험지구로 경사도가 심하여 집중호우시 붕괴우려가 있으며
정비방안으로는 위험가옥 이주와 배수로 정비 및 비탈보호공 설치가 요구됨.",,0, [지점번호:마사22667283],,4,재난관리 행정사무관,2.0,30.0,002,,,,20090910,,재난관리과,018,재난관리과 시설주사,, ,,,2010/03/29 10:37:22.000000000,,2,2,001,
5115012100,,,시도,,5115061500,,,,,,강남동 시설주사보,180.0,,,,노암지구,824,집중호우 및 태풍시 침수피해,20051118,,국토교통부,노암지구,,421502009012,,,"-지대가 낮아 집중호우시 인접한 도로의 침수로 차량통행이 불가하여 10여가구 고립
-정비방안으로 기존 배수관로 확장 및 배수시설 정비
-마을진입도로 계획고 조정으로 우수유입 방지",,0,강원도 강릉시  율곡로  2701   (노암동),,4,재난관리 행정사무관,1.0,60.0,001,,,,20090910,,강릉시,003,재난관리과 시설주사,, ,,,2010/03/29 10:35:09.000000000,,2,9,005,
5115036025,,,시도,,5115036000,,,,,,,,,,,뒷불지구,266,침수피해,20000525,,행정안전부,뒷불,,421502009013,,,해일로 인한 침수피해발생,,0,강원도 강릉시 사천면 진리해변길  111-1   ,,4,,,,001,,,,20070530,정비완료,,003,,, ,,,2009/06/23 14:54:29.000000000,,2,2,001,
5115011000,,,사유림,,5115055000,,,,,,,,,,,가작지구,213,붕괴위험,19960812,,행정안전부,가작지구,,421502009014,,,집중호우로 인한 붕괴위험,,0,강원도 강릉시  명륜로  37-5  (교동),,4,,,,002,,,,20020123,정비완료,,016,,, ,,,2009/06/23 15:02:27.000000000,,2,1,001,
5115025021,,,시도,,5115025000,,,,,,,,,,,소돌지구,791,해일시 침수피해,19960812,,행정안전부,소돌,,421502009015,,,해일로 인한 침수피해 발생,,0, [지점번호:마사16849041],,4,,,,001,,,,20000802,정비완료,,003,,, ,,,2009/06/23 15:09:02.000000000,,2,7,001,
5115035028,,,지방2급하천,,5115035000,,,,,,,,,,,낙풍지구,706,집중호우시 침수피해 예방,20000525,,행정안전부,낙풍지구,,421502009017,,,집중호우로 인한 침수피해 발생,,0, ,,4,,,,001,,,,20031004,정비완료,,013,,, ,,,2009/06/23 15:28:22.000000000,,1,21,001,
2650010400,,상습 침수지,기타,,2650076000,일원,,2650010400101780021012212     ,480.0,,,130.0,430.0,,,광안리 상습침수지,178,집중호우시 우수의 집중으로 인하여 일시적인 침수피해 발생,19950330,,행정안전부,광안지구,,265001998002,,19,침수 위험요인 해소,,0,,기타,4,,10.0,,001,142.0,,,20111020,자연재해위험지구 정비사업 준공,수영구청,050,,0,,,,2021/05/29 11:14:35.000000000,,1,21,001,
2650010200,,상습침수지,기타,,2650073000,일원,,,36000.0,,,130.0,6690.0,,,수영 망미 상습침수지,488,집중호우시 수영천의 우수가 역류하여 주택가 침수피해 발생,19930330,,행정안전부,"수영, 망미지구",,265001998003,,19,침수 위험요인 해소,,0,부산광역시 수영구  수영로741번길  107   (수영동),기타,4,,10.0,0.0,001,2230.0,,,20111020,자연재해위험지구 정비사업 준공,수영구청,050,,0,일원,,,2021/05/29 11:03:36.000000000,,1,20,001,
2650010400,,사면 붕괴위험,기타,,2650076000,,,,10000.0,,,,80.0,,,광안4동 성환파크뒤 절개지 붕괴위험지,54,"집중호우시 낙석, 토사유출",20030228,,행정안전부,광안동 성환파크,,265002009004,,-1,"낙석, 토사유출",,1, [지점번호:마라46318568],,4,,,,002,20.0,,,20040922,"재해예방공사 준공(옹벽 L=120m, H=6~10m)",수영구청,050,,0,,,,2021/05/29 11:09:58.000000000,,3,7,001,
2650010400,,,기타,,2650076000,,,,50.0,,,,40.0,,,광안1동 자석사옆 절개지 붕괴위험지,10,"집중호우시 낙석, 토사유출",20030228,,행정안전부,광안1동 자석사,,265002009005,,-1,"낙석, 토사유출",,1, [지점번호:마라46528680],,4,,,,002,10.0,,,20040320,정비공사 완료,수영구청,050,,0,,,,2021/05/29 10:57:52.000000000,,3,3,001,
2653010500,,침수위험,기타,0.0,2653063000,,00,,84.0,20151106,건설과 시설7급,0.0,4218.0,N,0.0,상습 침수위험지,146,감전동 공업지역은 상습침수지역으로 집중호우시 도로.주택지 침하,20060228,,행정안전부,감전1 상습침수지구,0.0,265302006001,0.0,19,"감전수로(L=2.64km)의 하상경사가 불규칙하고 완만하여 홍수량 배제능력 부족으로 엄궁배수펌프장을 가동하여도 감전수로 상류측의 수위저감 효과가 적으며, 이로인해 간선하수도의 통수",,0,,기타,4,건설과 시설5급,0.0,0.0,001,1406.0,,,20121226,재해위험지구 정비사업 완료,사상구청,050,건설과 시설7급,0,,,,2021/05/31 14:40:21.000000000,,1,14,001,감전1동 150-19 14/5
2644010200,,침수위험지구,기타,0.0,2644052000,"대저2동 덕두, 본리마을 일원",00,,0.0,20151210,강서구대저2동,100.0,0.0,N,0.0,대저2동 덕두.본리마을,3199,상습침수,19960715,,행정안전부,대저2지구,0.0,264401998002,0.0,2,일부 농경지와 유수가 공항확공사와 우주사업본부 공장건설 등 주변여건 변화와 농경지 대단위 시설사업편입에 따른 형질변경(지반고상승)으로 인근 잔여 농경지 유수지 역할로 침수피해. 이로인하여 집중호우시 유량이 일시에 증가되고 본지구내 원예작물과 비닐하우스 경작지 침수피해가 빈발한 실정임.,,0, ,낙동강,4,재난안전관리과장,5.0,50.0,001,0.0,,,20080410,"맥도배수펌프장(Q=1,200㎥/m) 준공으로 인한 위험요인 해소",,050,재난안전관리과,,"대저2동 덕두, 본리마을 일원",,,2015/12/10 14:45:22.000000000, ,2,1,001,대저2동
2644011100,,침수위험지구,기타,,2644056000,본녹산 일원,,,,,강서구녹산동,100.0,,,,농경지,262,상습침수,20060324,,행정안전부,녹산지구,,264401998004,,2,바닷물 만조 시 내수 배제 불량,,0,부산광역시 강서구  낙동남로604번길  2-17  (녹산동),낙동강,4,재난안전관리과장,5.0,50.0,001,,,,20100616,정비사업완료에 따른 해제,,050,재난안전관리과,,본녹산 일원,,,2011/04/13 11:26:10.000000000,,2,5,001,녹산동
2644011600,,침수위험지구,지방2급하천,,2644056000,"미음동, 범방동 일원",,,,,강서구녹산동,100.0,,,,지사천(농경지),390,상습침수지역,19960715,,행정안전부,미음지구,,264401998005,,2,배수로 역할을 하는 범방천은 통수단면 부족과 서낙동강 하천 보류와의 합류지점에 수문 및 강제배수시설이 설치되지 않아 홍수시에는 서낙동강 본류수위가 상승하여 범방천으로 월류현상이 발생되고 이로 인한 하천제방범람과 농경지 피해가 빈번히 발생되고 있는 실정임,,0,부산광역시 강서구  가락대로  865   (범방동),낙동강,4,재난안전관리과장,5.0,50.0,001,,,,20080410,범방배수펌프장 및 미음배수펌프장 준공으로 위험요인 해소,,013,재난안전관리과,,"미음동, 범방동 일원",,,2008/10/07 18:19:55.000000000,,1,45,001,녹산동
2644010200,,침수위험지구,국가하천,,2644052000,"송백, 군라마을 일원",,,,,강서구 대저2동,100.0,,,,맥도강,5860,하천 범람 및 내부 배제 불량으로 침수,19960715,,행정안전부,송백지구,,264401998006,,19,농경지 지반고가 0.5∼1.5m의 저지대로서 유역경사로가 0∼5%정도로 원만하고 집중호우시 내수배제가 원활치 못하며 맥도강 유수의 흐름이 거의 없어 인근 농경지로 물이 범람하여 침수피해가 발생,,0,부산광역시 강서구  맥도길265번길  130-22  (대저2동),기타,4,재난안전관리과장,5.0,50.0,001,,,,20090416,정비사업 완료,,011,재난안전관리과,,"송백, 군라마을 일원",,,2009/04/20 11:03:39.000000000,,2,,001,대저2동
2644010400,,침수위험지구,국가하천,,2644054000,"신포,진목마을 일원",,,,,명지동 행정 7급,100.0,,,,맥도강,422,하천 범람 및 내수 배제 불량으로 침수 위험,19960715,,행정안전부,신포지구,,264402000001,,19,이지역의 우수처리는 호소화된 맥도강으로 집수되어 일부는 순아수로를 따라 서낙동강으로 배수되며 일부는 영강배수로를 따라 영강배수문을 통해 공유수면으로 배출되어 서낙동강의 수문인 녹산수문을 통해 조수간만의 차이에 의해 배수처리되고 영강배수문은 낙동강 본류 홍수시 홍수위 상승에 따라 낙동강 본류 하천수의 유입을 방지돼야 히므로 비상시 실질적인 배제능력은 전혀 없는 실정임.,,0,부산광역시 강서구  낙동남로991번길  55-19  (명지동),기타,4,강서구 재난안전관리과장,5.0,30.0,001,,,,20090416,정비사업완료,,011,강서구 재난안전관리과,,"신포,진목마을 일원",,,2009/04/20 11:03:23.000000000,,2,,001,명지동 21통장
2644011100,,해일위험지구,기타,,2644056000,성산2구 마을 일원,,,,,강서구 녹산동,100.0,,,,녹산동 성산2구마을,49,"녹산수문 아래 해안과 인접하여 태풍,지진해일 시 피해 우려",20060324,,행정안전부,성산2지구,,264402006001,,2,지진해일 발생시 해안변에 피해발생이 우려됨,,0,부산광역시 강서구  낙동남로682번가길  21   (녹산동),낙동강,4,재난안전관리과장,5.0,50.0,006,,,,20100616,정비사업완료에 따른 해제,,050,재난안전관리과,,성산2구 마을 일원,,,2011/04/13 11:26:36.000000000,,1,3,001,녹산동
2644010900,,해일위험지구,기타,,2644056000,녹산국가산업단지 일원,,,,,강서구 녹산동,0.0,,,,녹산국가산업단지,209,지반고가 낮아 폭풍 및 지진해일 위험 영향권임.,20060324,,행정안전부,녹산산단지구,,264402006002,,2,지진해일 발생시 피해발생이 우려되는 지역,발주처 : 부산광역시 건설본부,0, ,낙동강,4,도시관리과장,0.0,0.0,006,,,,20111006,정비사업완료에 따른 해제,한국항만감리단,050,도시관리과,,녹산국가산업단지 일원,,,2011/10/13 16:13:25.000000000,,1,11,001,녹산동
2644011100,,취약방재시설,지방관리,,2644056000,녹산 제 1수문 일원,,,,,재난안전관리과,0.0,,,,녹산1수문,33,1934.3월 설치한 노후시설임.,20060324,,행정안전부,녹산1수문지구,,264402006003,,2,방재시설 노후로 재해 발생이 우려되는 지역,부산광역시 강서구 기전계-녹산수문관리사무소,0,부산광역시 강서구  낙동남로  744   (녹산동),낙동강,4,재난안전관리과장,0.0,0.0,003,,,,20110404,정비사업완료에 따른 해제,부산광역시 강서구,010,재난안전관리과,,녹산 제 1수문 일원,,,2011/04/04 16:48:25.000000000,,3,1,001,녹산동
2644010600,,침수위험지구,기타,,2644055000,"식만동, 죽림동 일원",,,,,강서구 가락동,100.0,,,,농경지,705,"호우(태풍) 시 농경지,가옥 등의 침수피해 발생이 예상됨.",20060324,,행정안전부,식만지구,,264402006004,,2,호우시 하천의 범람 또는 저지대 침수 발생지역,,0,부산광역시 강서구  식만로189번길  20   (식만동),낙동강,4,재난안전관리과장,5.0,50.0,001,,,,20100616,정비사업 완료에 따른 지정해제,,050,재난안전관리과,,"식만동, 죽림동 일원",,,2011/04/13 11:26:54.000000000,,2,,001,가락동
2644010300,,침수위험지구,기타,,2644053000,상덕마을 앞 농경지 일원,,,,,강서구 강동동,100.0,,,,강동동 상덕마을,2026,"해일,태풍시 농경지,가옥 등의 침수피해 발생이 예상됨.",20060324,,행정안전부,상덕지구,,264402006005,,2,집중호우시 하천의 범람 또는 저지대 침수 발생지역,,0, [지점번호:마라28318979],낙동강,4,재난안전관리과장,5.0,50.0,001,,,,20100616,정비사업완료에 따른 지정해제,,050,재난안전관리과,,상덕마을 앞 농경지 일원,,,2011/04/13 11:27:14.000000000,,2,,001,강동동
2644011100,,침수위험지구,국가하천,,2644056000,녹산동 성산1구마을 일원,,,,,녹산동 행정 7급,100.0,,,,서낙동강,5,"하천 범람, 내수 배제 불량으로 침수",20080410,,행정안전부,성산1지구,,264402008008,,2,"호우 시 하천 범람, 내수 배제 불량",,0,부산광역시 강서구  생곡로  40   (녹산동),낙동강,4,재난관리과 행정5급,5.0,50.0,001,,,,20110404,정비사업완료에 따른 해제,부산광역시 강서구,011,재난관리과 시설9급,,녹산동 성산1구마을 일원,,,2011/04/04 16:47:46.000000000,,2,7,001,녹산동 9통장
5176025043,,,지방관리,0.0,5176025000,,02,,0.0,20031218,평창읍 시설7급,0.0,6.0,N,0.0,향동천,1,집중호우로 인한 주택침수,20031218,20071102,행정안전부,후평,0.0,427602013018,0.0,1,집중호우로 인한 주택침수,,0, [지점번호:라사80123262],한강,4,안전건설과 시설6급,0.0,0.0,001,3.0,,,20101206,사업완료,평창군,010,안전건설과 시설7급,, ,,2003,2016/03/11 14:11:27.000000000, ,2,,001,
5176033024,,,지방관리,0.0,5176033000,,02,,0.0,19931120,대화면 시설7급,0.0,0.0,N,0.0,취약방재,1,집중호우시 시설물 보수 등 취약방재,19931120,20071102,행정안전부,상안미,0.0,427602013019,0.0,1,집중호우시 시설물 보수 등 취약방재,,0, [지점번호:라사81734160],한강,4,안전건설과 시설6급,0.0,0.0,003,0.0,,,20101206,사업완료,평창군,010,안전건설과 시설7급,, ,,1993,2016/03/11 14:11:44.000000000, ,2,,001,
5176034025,,,지방관리,0.0,5176034000,,02,,10920.0,19991019,봉평면 시설8급,0.0,0.0,N,0.0,취약방재,1121,취약방재시설 보수 보강,19991019,20071102,행정안전부,면온,0.0,427602013020,0.0,-1,취약방재시설 보수 보강,,0,,,4,건설과 시설6급,0.0,0.0,003,0.0,,,20101206,사업완료,평창군,010,건설과 시설7급,0,,,,2020/11/24 13:40:19.000000000,,3,,001,
5176025022,0.0,,지방관리,0.0,5176025000,,02,4276025022102220000024907     ,11452.0,20131105,건설과 시설7급,110.0,60.0,N,0.0,중리지구,222,급경사지 낙석발생,20131105,20071102,행정안전부,중리,0.0,427602013021,0.0,19,급경사지 낙석발생으로 인명 및 주택피해 발생 우려,,0,중학교뒤~고등학교뒤,기타,4,건설과 시설6급,1.0,32.0,002,41.0,,0.0,20211105,정비사업에 따른 위험요소 해소,평창읍사무소,010,건설과 시설7급,0,중학교뒤~고등학교뒤,,2013,2021/10/27 15:28:38.000000000,,2,0,001,중2리 이장
5180032026,,침수,지방2급하천,0.0,5180032000,,02,,0.0,20151103,안전건설과 사운7급,150.0,52.0,N,0.0,서천(팔랑지구),1,강우량 150mm이상시 상습적인 침수로 인명 및 재산피해 우려,19990913,20100101,행정안전부,팔랑지구,0.0,428001999001,0.0,1,제방단면 부족으로 집중호우시 하천이 범람되어 상습침수 피해가 빈발하는 지구이고 자체누수로 인한 붕괴위험 상존으로 하천개수가 시급함.(2001년9월27일 정비완료),,0, [지점번호:라아51512406],한강,4,안전건설과장,1.0,30.0,001,13.0,,,20010927,정비완료,양구군청,013,안전건설과 시설6급,, ,,,2015/12/01 18:54:30.000000000, ,2,1,001,팔랑리 이장
5180031522,,침수,지방2급하천,0.0,5180000000,,02,,97000.0,20151103,건설과 시설9급,150.0,0.0,N,0.0,서천(가오작지구),1055,강우량 150mm이상시 상습적인 침수로 인명 및 재산피해 우려,20000530,20100101,,가오작지구,0.0,428002000002,0.0,1,제방단면 부족 및 하천내 군사시설물 설치로 인하여 하천이 범람 상습침수 및 자체누수로 인한 붕괴위험 상존 하천개수가 시급함.,,0,,한강,4,건설과 시설6급,1.0,30.0,001,0.0,,,20021127,,양구군 건설과,013,건설과 시설9급,0,,,,2024/09/24 17:51:54.000000000,,2,,,가오작1리장
5180031531,,침수,지방2급하천,0.0,5180000000,,02,,40000.0,20151103,건설과 시설9급,150.0,0.0,N,0.0,공리천(죽리지구),632,일강우량 150mm이상시 상습적인 침수로 인명 및 재산피해 우려,20000530,20100101,,죽리지구,0.0,428002000003,0.0,1,제방단면 부족으로 집중호우시 하천이 범람되어 상습침수 피해가 빈발하는 지역이고 자체누수로 인한 붕괴위험 상존으로 하천개수가 시급함.,,0,,한강,4,건설과 시설6급,1.0,30.0,001,0.0,,,20060124,정비완료,원주국토관리청,013,건설과 시설9급,0,,,,2024/09/24 17:51:02.000000000,,2,39,,
5180031530,,침수,지방2급하천,0.0,5180000000,남면 구암리 일원,02,,140000.0,20151103,안전건설과 사운7급,150.0,0.0,N,0.0,구암천,296,제방단면 부족 및 구조물 노후화되어 인명 및 재산피해우려,20060227,20100101,,구암지구,0.0,428002006001,0.0,1,"제방단면 부족으로 집중호우시 하천이 범람되어 상습피해가 빈발한 지역이며, 자체누수로 인한 붕괴위험이 있어 하천개수가 시급함",,0,,한강,4,안전건설과장,0.0,30.0,001,0.0,,,20110118,하천정비로 침수위험요소가 해제되고인명 및 재산피해 해소,,013,안전건설과 시설6급,0,,,2006,2023/04/24 19:58:46.000000000,,3,3,,구암리 이장
5180031530,,붕괴,기타,0.0,5180000000,,02,,97000.0,20151101,안전건설과 사운7급,300.0,0.0,N,0.0,용두암저수지,74,저수지가 노후화되어 여수토 및 방수로의 벽체균열로 인한 붕괴우려,20060227,20100101,,용두암지구,0.0,428002006002,0.0,19,방류시설의 규모가 부족하여 이상기후로 인한 집중호우시 저수지 붕괴로 농경지 유실 및 침수 우려,,0,,기타,4,건설방재과 시설5급,0.0,30.0,003,0.0,,,20151230,,양구군청,050,안전건설과 시설6급,0,,,,2023/04/24 19:55:01.000000000,,2,,,구암리 이장
5180025032,,붕괴,기타,0.0,5180000000,,02,,42000.0,20151103,건설과 시설9급,300.0,0.0,N,0.0,너분동저수지,1,저수지가 노후화되어 여수토 및 방수로의 벽체균열로 인한 붕괴우려,20060227,20100101,,너분동지구,0.0,428002006003,0.0,19,방류시설의 규모가 부족하여 이상기후로 인한 집중호우시 저수지 붕괴로 가옥 및 농경지 침수 및 유실 우려,,0,,기타,4,건설과 시설6급,0.0,30.0,003,0.0,,,20151230,,양구군청,050,건설과 시설9급,0,,,2006,2024/09/24 17:45:52.000000000,,2,,,정림2리 이장
5180034022,,붕괴,기타,0.0,5180000000,,02,,260000.0,20151103,건설과 시설9급,300.0,0.0,N,0.0,오유저수지,1,방수로 말단에 진수지 미설치로 하류 경지의 토양유실 우려,20060227,20100101,,오유지구,0.0,428002006004,0.0,19,제당 누수 및 외제 중간부구간이 일부 침하되어 집중호우시 붕괴우려,,0,,기타,4,건설과 시설6급,0.0,30.0,003,0.0,,,20151230,,양구군청,050,건설과 시설9급,0,,,2006,2024/09/24 17:46:34.000000000,,2,,,오유1리 이장
5180025024,,,기타,0.0,5180000000,,02,,24000.0,20151103,건설과 시설9급,150.0,0.0,N,0.0,송청리일원,1,"하천을 낀 저지대 지역으로 주택,농경지 침수 피해 및 인명,재산피해 우려",20070424,20100101,,송청지구,0.0,428002008005,0.0,1,하천을 낀 저지대 지역에 집단부락이 형성되어 있어 집중호우시 빈번한 침수피해가 발생하는 지역으로 항구적인 정비가 시급한 실정,,0, [지점번호:라아44711094],한강,4,건설과 시설6급,0.0,30.0,001,0.0,,,20111231,재해위험요소 해소,양구군,050,건설과 시설9급,0,,,2007,2024/09/24 17:47:02.000000000,,2,,,송청2리 이장
5180025032,,,기타,0.0,5180000000,,02,,77000.0,20151103,건설과 시설9급,150.0,0.0,N,0.0,관암천,1,제방단면 부족 및 구조물 노후화,20100511,20100101,,관암지구,0.0,428002011007,0.0,1,"- 하천 제방 및 구조물의 노후에 따른 유실로 상습피해가 빈발한 지역으로 주변 가옥 및 농경지의 피해를 방지하고자 하천개수가 시급한 상황임.
 - 하천 제방 및 구조물 규모 미달에 따른 홍수단면 부족으로 범람 위험이 큼.",,0,,한강,4,건설과 시설6급,0.0,30.0,005,0.0,,,20151230,,양구군청,050,건설과 시설9급,0,,,2010,2024/09/24 17:50:17.000000000,,2,,,정림1리 이장
5180025031,,,기타,0.0,5180000000,,02,,115000.0,20151103,건설과 시설9급,150.0,0.0,N,0.0,안대천,1,제방단면 부족 및 구조물 노후화,20100511,20100101,,안대지구,0.0,428002011008,0.0,1,"- 하천 제방 및 구조물의 노후에 따른 유실로 상습피해가 빈발한 지역으로 주변 가옥 및 농경지의 피해를 방지하고자 하천개수가 시급한 상황임.
 - 하천 제방 및 구조물 규모 미달에 따른 홍수단면 부족으로 범람 위험이 큼.",,0,,한강,4,건설과 시설6급,0.0,30.0,005,0.0,,,20151230,,양구군청,050,건설과 시설9급,0,,,2010,2024/09/24 17:49:37.000000000,,2,,,안대리 이장
5180025029,,,기타,0.0,5180000000,,02,,60000.0,20151103,건설과 시설9급,150.0,0.0,N,0.0,한새골천,1,제방단면 부족 및 구조물 노후화,20100511,20100101,,한새골지구,0.0,428002011009,0.0,1,"- 하천 제방 및 구조물의 노후에 따른 유실로 상습피해가 빈발한 지역으로 주변 가옥 및 농경지의 피해를 방지하고자 하천개수가 시급한 상황임.
 - 하천 제방 및 구조물 규모 미달에 따른 홍수단면 부족으로 범람 위험이 큼.",,0, [지점번호:라아42890882],한강,4,건설과 시설6급,0.0,30.0,005,0.0,,,20151230,,양구군청,050,건설과 시설9급,0,,,2010,2024/09/24 17:48:57.000000000,,2,,,학조리 이장
5180025029,,,기타,0.0,5180000000,,02,,63000.0,20151103,건설과 시설9급,150.0,0.0,N,0.0,오리개천,1,제방단면 부족 및 구조물 노후화,20100511,20100101,,오리개지구,0.0,428002011010,0.0,1,"- 하천 제방 및 구조물의 노후에 따른 유실로 상습피해가 빈발한 지역으로 주변 가옥 및 농경지의 피해를 방지하고자 하천개수가 시급한 상황임.
 - 하천 제방 및 구조물 규모 미달에 따른 홍수단면 부족으로 범람 위험이 큼.",,0, [지점번호:라아42890882],한강,4,건설과 시설6급,0.0,30.0,005,0.0,,,20151230,,양구군청,050,건설과 시설9급,0,,,2010,2024/09/24 17:48:24.000000000,,2,,,학조리 이장
4137010900,,,기타,0.0,4137051000,,00,,134000.0,20110301,안전총괄과,249.0,0.0,N,0.0,신장 자연재해위험지구,38,내수배제 불량으로 인한 침수,20130315,,행정안전부,신장 지구,0.0,413702013001,0.0,6,오산천 홍수위 보다 낮은지역에 주거지가 형성되어 수위 상승시 내수배제 불량으로 인한 침수 발생,,0, [지점번호:다사62090696],안성천,4,안전총괄과장,1.0,63.0,001,0.0,,,20170428,위험요소 해소,오산시청,050,안전총괄과,0,,,2012,2017/05/11 13:10:36.000000000,,1,6,001,
4155025025,,,기타,0.0,4155000000,,02,,67990.0,20120621,공도읍장,80.0,0.0,N,0.0,"상가,주택,농경지 저지대",231,상습침수,20110511,,,용두지구,0.0,415502011001,0.0,19,침수위험,,0,경기도 안성시 공도읍 기업단지로  42    ,기타,3,안전총괄과 과장,1.0,30.0,001,0.0,,,20150413,정비사업 완료에 따른 재해위험요인 해소,안성시청 안전총괄과,050,안전총괄과 주무관,0,,,2012,2024/11/22 09:21:31.000000000,,2,18,,용두리 이장
5177034022,,,기타,,5177034000,북평면 북평3.4리,,,,,북평면 시설7급,200.0,,,,상습침수,737,상습침수,20051208,,행정안전부,북평지구,,427702006001,,19,"골치천(지방2급)과 인전하여 집중호우시 수위 상승으로 연속침수
 인근 논 경작지에 많이 형성되어 호우시 우수 유입의 가중",,0,강원도 정선군 북평면 북평강변로  73    ,기타,4,안전건설과장,2.0,40.0,001,,,,20091009,정비사업완료(배수펌프장 설치),정선군청 안전건설과,050,안전건설과 시설8급,,북평면 북평3.4리,,,2014/06/02 16:03:49.000000000,,1,,001,북평4리 이장
5177034022,,,지방관리,,5177034000,"정선군북평면북평1,2리",,,,,북평면 시설7급,500.0,,,,지방2급,820,상습침수,20080428,,행정안전부,북평2지구,,427702008004,,1,저지대 주택가 침수피해발생,,0,강원도 정선군 북평면 북평강변로  5    ,한강,4,안전건설과장,2.0,100.0,001,,,,20121022,정비사업 완료,정선군청 안전건설과,010,안전건설과 시설8급,,"정선군북평면북평1,2리",,,2014/06/02 16:03:58.000000000,,2,8,001,북평1리장
5177025321,,,기타,,5177025300,,,,,,고한읍 시설7급,0.0,,,,비탈면,66,지반침하 및 주택균열,20100512,,행정안전부,고한9리지구,,427702010005,,1,- 집중호우시 우수 침투로 지반약화에 따른 주택 붕괴 등 인명피해가 우려되었던 지역으로 주택철거 및 사면보강조치완료,,0,강원도 정선군 고한읍 고한9길  92-5   ,한강,4,안전건설과장,0.0,0.0,002,,,,20140820,,정선군청 안전건설과,050,안전건설과 시설7급,, ,,,2014/08/25 21:35:03.000000000,,1,2,001,고한9리장
5177036022,,,기타,0.0,5177031000,,02,,3200.0,20100512,화암면,230.0,15.0,Y,0.0,비탈면,124,낙석 발생으로 인한 인명피해 우려,20100512,20070417,행정안전부,석문교위지구,0.0,427702010006,0.0,1,- 집중호우로 사면부 낙석 발생,,1,,한강,4,안전건설과장,0.0,0.0,002,7.0,,,20161108,낙석방지시설 설치완료에 따른 지구지정 해제,정선군청 안전건설과,050,안전건설과,0,,20110712,2010,2017/01/19 11:47:19.000000000,풍수해저감종합계획,3,,001,석곡2리장
5177032024,,,기타,,5177032000,,,,,,남면 시설7급,0.0,,,,비탈면,33,- 암반 균열로 인한 인명피해 우려,20100512,,행정안전부,낙동리지구,,427702010007,,1,"- 집중호우시 발달한 석회암 절리층의 전도파괴가 발생되어 붕괴로 인명피해 우려
 - 현재 절리층 균열이 진행되고 있으며 통행주민의 안전을 위하여 시급한 정비가 요구됨",,1, [지점번호:마사06192460],한강,4,안전건설과장,0.0,0.0,002,,,,20140820,- 피암터널 설치 등 정비사업완료,정선군청 안전건설과,050,안전건설과 시설7급,, ,,,2014/08/25 21:38:05.000000000,,3,1,001,낙동2리장
5177025321,,,기타,,5177025300,,,,,,고한읍 시설8급,0.0,,,,비탈면,2,비탈면 붕괴로 인한 피해우려,20021029,,행정안전부,양지말지구,,427702012008,,1,집중호우시 경사지에 밀집된 주택의 붕괴우려,,1, [지점번호:마사19971268],한강,4,안전건설과장,0.0,0.0,002,,,,20070730,정비사업 완료,정선군청 안전건설과,050,안전건설과 시설8급,, ,,,2014/06/02 16:04:30.000000000,,1,99,001,이장
5177025321,,,기타,,5177025300,,,,,,고한읍사무소시설8급,0.0,,,,비탈면,305,비탈면 붕괴로 인한 피해우려,20041029,,행정안전부,등마을지구,,427702012009,,1,집중호우시 급경사지에 밀집된 주택의 피해우려,,1, [지점번호:마사19711251],한강,4,안전건설과장,0.0,0.0,002,,,,20070730,정비사업완료,정선군청 안전건설과,050,안전건설과 시설8급,, ,,,2014/06/02 16:04:37.000000000,,1,1,001,이장
5177025021,,,군도,,5177025000,,,,,,정선읍 시설9급,0.0,,,,비탈면,30,비탈면 붕괴로 인한 도로피해,20051208,,행정안전부,세대지구,,427702012010,,1,비탈면 낙석 등 붕괴로 인한 도로피해,,1,강원도 정선군 정선읍 동곡길  313    ,한강,4,안전건설과장,0.0,0.0,002,,,,20080725,정비사업 완료,정선군청 안전건설과,004,안전건설과 시설8급,, ,,,2014/06/02 16:04:45.000000000,,1,,001,이장
5177025321,,,지방2급하천,0.0,5177025300,,02,,3400.0,20120403,고한읍사무소,0.0,65.0,Y,0.0,하천,62,집중호우시 피해우려,20120403,20070417,행정안전부,고한19리,0.0,427702012013,0.0,1,제방노후 및 일부구간 홍수위보다 낮아 집주호우시 저지대 시가지 침수피해,,0,강원도 정선군 고한읍 고한6길  25    ,한강,4,안전건설과,0.0,0.0,001,28.0,,,20170314,,정선군청 안전건설과,013,안전건설과,0,,20110712,2012,2017/04/13 10:26:31.000000000,정선군풍수해저감종합계획,1,66,001,고한19리장
5177025321,,,기타,0.0,5177025300,,02,,10188.0,20120413,고한읍사무소,0.0,50.0,Y,0.0,비탈면,50,비탈면 붕괴로 인한 피해우려,20120413,20070417,행정안전부,고한11리(막골),0.0,427702012014,0.0,1,집중호우시 사면슬라이딩(비탈면 붕괴)으로 인한 주택 및 인명피해 우려,,0,강원도 정선군 고한읍 고한3길  86-18   ,한강,4,건설과장,0.0,0.0,002,17.0,,,20190212,정비사업 완료에 따른 위험요인 해소,정선군청 건설과,050,건설과,0,,20110712,2012,2019/03/25 10:38:36.000000000,정선군풍수해저감종합계획,1,74,001,고한11리장
5177031027,,,지방도,0.0,5177031000,백전1교,02,,85390.0,20121226,태백도로관리사업소,100.0,48.0,Y,0.0,하천(교량),601,홍수로 인한 유실피해우려,20121226,20070417,행정안전부,백전리지구,0.0,427702012015,0.0,1,백전교통수단면 부족 및 교량고가 계획홍수위 보다 낮아 집중호우시 범람 및 교량유실 우려,,0, ,한강,4,안전건설과장,0.0,30.0,005,12.0,,,20160129,정비사업 완료에 따른 위험요인 해소,태백도로관리사업소,002,안전건설과 시설7급,,백전1교,20110712,2012,2016/02/12 15:24:26.000000000,정선군풍수해저감종합계획,3,,001,백전2리장
5181025022,,,지방관리,,5181000000,일원,,,3000.0,,,0.0,,,,주거지역,306,갯골천 제방선아래로 형성된 주거지역으로 호우시 침수예상,20051028,,,남북2리,,428102005001,,1,호우시 침수,,0,,한강,4,건설방재과 지방행정6급,0.0,0.0,001,,,,20090610,남북지구 택지조성 사업완료로 재해위험 해소,인제군청,010,건설방재과 지방전산9급,0,일원,,,2023/04/27 13:16:38.000000000,,2,,,
5181033021,,,지방관리,,5181000000,,,,3000.0,,,,,,,주거지역,1101,호우시 침수예상,20000302,,,서바수,,428102013002,,-1,호우시 침수,,0, [지점번호:라사70789300],,4,행정6급,,,001,,,,20030506,위험요인 해소 (재방 공사),인제군청,010,방송통신8급,0,,,,2023/04/27 13:17:04.000000000,,2,,,
4157031021,,농경지침수,지방1급하천,,4157031000,,,,,,시설8급,200.0,,,,운양향산지구,15,집중호우로 인한 농경지 침수,19970710,,행정안전부,운양향산지구,,415701996001,,1,집중호우시 한강수위 상승으로 인한 자연배수 불가로 농경지 침수,,0, ,한강,4,재난하천과 과장,2.0,40.0,001,,,,20011229,,김포시청,012,재난하천과 하천관리,, ,,,2014/04/14 16:24:38.000000000,,1,46,001,
4157035025,,농경지침수,지방1급하천,,4157035000,,,,,,김포시 월곶면 산업팀,200.0,,,,포내지구,145,태풍 및 호우경보 발효시 한강수위 상승으로 자연배수가 안됨,20000701,,행정안전부,포내지구,,415702000002,,1,한강수위 상승시 농경지 상습침수,,0, [지점번호:다사15656979],한강,4,재난하천과장,2.0,40.0,001,,,,20100402,소하천정비완료,김포시청,012,재난하천과 하천관리,, ,,,2014/04/14 16:25:23.000000000,,1,17,001,
4157036030,,농경지침수,지방1급하천,,4157036000,,,,,,양촌읍 산업팀,200.0,,,,봉성지구,1063,태풍 및 호우경보 발효시 한강수위 상승으로 자연배수가 안됨,20000701,,행정안전부,봉성지구,,415702000003,,1,한강수위 상승시 농경지 상습침수,,0, ,한강,4,재난하천과장,2.0,40.0,001,,,,20100402,봉성2호펌프장 공사 완료,김포시청,012,재난하천과 하천관리,, ,,,2013/06/12 14:58:53.000000000,,1,,001,
5181025028,3.0,,지방1급하천,,5181000000,,02,4281025028101950000000001     ,20200.0,20211221,지방시설8급,100.0,5.0,Y,1.0,세월교,195,"지방하천 가아천에 위치한 세월교(No.3+058)로 정비사업 미실시에 따른 통수단면 부족 및 세월교 잠식으로 인한 주거지(수련원) 및 축사에 고립 발생
",20211221,,,가아지구,1.0,428102021015,20483.0,1,"현재교량 : 세월교(D1,000@8), L=12.0m, B=5.0m
교량검토 : 제방고 1.12m 부족, 교량고 6.50m 부족, 연장 23.6m 부족",,0,,한강,2,지방시설8급,1.0,25.0,004,2.0,0.0,10.0,,매년 호우기간 집중호우로 인해 세월교 통수단면 잠식으로 고립발생,인제군 안전교통과,012,지방방재안전7급,0,,20200110,2021,2024/09/06 13:28:50.000000000,"인북천 권역 하천기본계획(변경)(2020, 원주지방국토관리청)",2,0,,인제군 자율방재단
4872034027,,,지방1급하천,,4872000000,,02,,718212.0,,안전관리과 시설7급,,116.0,Y,1.07,화정천,31,남강 본류 수위상승에 따른 내수배제 불량으로 농경지 및 주거지 침수피해 발생,20230531,20161229,,화정지구,,487202024028,434745.0,2,남강 본류 수위상승에 따른 내수배제 불량으로 농경지 및 주거지 침수피해 발생,,0,,낙동강,1,안전관리과장,,,001,58.0,,,,,의령군(안전관리과),012,안전관리과 시설7급,0,,20130101,2023,2024/09/27 14:37:29.000000000,화정천 하천기본계획,2,4,,
4157010300,,,지방1급하천,,4157052000,,,,,,김포2동,,,,,천현지구,5,집중호우 및 태풍시 나진천범람우려,20000701,,행정안전부,천현지구,,415702011004,,1,침수,,0, [지점번호:다사29846112],한강,4,재난하천과장,,,001,,,,20100402,04년신도시택지포함 위험요소해소,김포시청,012,재난하천과 하천관리,, ,,,2013/06/12 14:39:51.000000000,,1,6,001,
5275035521,,,지방2급하천,,5275000000,,02,4575035521106640003129626     ,290111.0,20240227,안전관리과장,146.0,100.0,Y,1.15,금암지구,117,"하천범람등에 따른 가옥/농경지 침수, 우수관로 통수능력부족에 따른 내수침수",20240227,20080311,,금암지구,,527502024027,,5,"하천범람등에 따른 가옥/농경지 침수, 우수관로 통수능력부족에 따른 내수침수",,0,,섬진강,1,안전관리과,2.0,63.0,001,50.0,,,,,안전관리과,013,안전관리과,0,,20190125,2024,2024/02/27 14:03:53.000000000,권평소하천정비종합계획,1,0,,남신마을이장
4713033024,,,지방2급하천,,4713000000,,,,599097.0,20240409,내남면 주무관,310.0,176.0,,,이조천,864,내수배제 불량으로 인한 주거지 및 농경지 침수발생,20240409,,,이조지구,,471302024026,,10,외수위 상승으로 인한 내수배제 불량,,0,,형산강,1,안전정책과 자연재난팀장,,,001,97.0,,,,,경주시청,013,안전정책과 주무관,0,,,2024,2024/04/09 16:14:21.000000000,,1,3,,
4725044026,,,지방2급하천,,4725000000,,02,,529592.0,20240322,안젼재난실 시설7 하홍석,112.0,146.0,Y,1.36,지평천,37,"지평천, 두곡소하천, 소규모 공공시설 등을 통한 침수위험요인 해소
교량 및 노후 제방 유실로 인한 주민의 생명과 재산 보호",20240320,20160318,,지평,,472502024022,9.0,2,"지평천, 두곡소하천 통수단면 부족으로 주거 및 농경지 월류 침수 위험
다수 교량 능력부족으로 유실 위험
제방 및 호안 노후화로 인해 유실 피해 발생",,0,,낙동강,1,안전재난실 시설6 김동구,3.0,30.0,001,86.0,,,,,상주시청 안전재난실,013,안전재난실 시설7 하홍석,0,,20200413,2024,2024/03/20 20:44:07.000000000,,1,,,
4418041026,,외수,지방2급하천,0.0,4418041000,,02,,150000.0,20151028,재난안전과 시설9급,120.0,0.0,Y,0.0,신대천,1,침수위험지구(2006. 2. 28일 기존지구 재 지정·고시),20060228,20130430,,신대지구,0.0,441802001001,0.0,19,집중 호우시 하천범람에 의한 인근 농경지 및 가옥 침수,,0,,기타,4,재난안전과 행정5급,2.0,40.0,001,0.0,,,20140730,공사완료로 침수위험 해소.,보령시,013,재난안전과 시설7급,0,,,2006,2022/05/23 16:32:16.000000000,하천기본계획,2,,,주교면 신대리
4418041025,,외수,지방2급하천,0.0,4418041000,,02,,10000.0,20060228,재난안전과 시설7급,120.0,0.0,N,0.0,신대천,500,대천간척지내 간선배수로의 잦은 범람으로 인한 농경지 침수피해예방,20060228,20130430,,관창지구,0.0,441802006001,0.0,19,집중 호우시 하천범람에 의한 인근 농경지침수로 주민 재산피해 발생에 따른 집단민원 발생 우려,,0,,기타,4,재난안전과 행정5급,2.0,40.0,001,0.0,,,20140730,공사완료로 위험요소 해소,보령시장,013,재난안전과 시설7급,0,,,2006,2022/05/23 16:43:57.000000000,,3,,,주교면 관창리
4418025033,,유실위험,지방2급하천,,4418025000,,,,10000.0,,재난안전과 시설7급,0.0,,,,노전천,1,노전천의 잦은 범람 및 제방유실로 인한 농경지 상습침수,20060228,,,노천지구,,441802006002,,19,집중 호우시 잦은 범람으로 인한 농경지 상습침수로 지역주민의 재산피해 발생 및 위험 교량 및 암거 등 통수 단면 부족으로 인한 제방유실 빈번,,0,,기타,4,재난안전과 행정5급,2.0,0.0,005,,,,20110610,노천재해위험지구 정비사업이 완료되어 자연재해위험지구 지정을 해제,보령시,013,재난안전과 시설7급,0,,,,2022/05/23 16:43:40.000000000,,3,,,웅천읍 노천리
4418040022,,유실위험,지방2급하천,,4418040000,,,,74800.0,,안전재난과 시설7급,0.0,,,,개화천,1,개화천의 잦은 범람으로 제방유실로 인한 주택 및 농경지 상습침수,20121231,,,개화지구,,441802006003,,19,집중 호우시 잦은 범람으로 인한 주택 및 농경지 상습침수로 지역주민의 재산피해 발생 및 위험 교량 및 암거 등 통수 단면 부족으로 인한 제방유실 빈번,,0, [지점번호:다바26081418],기타,4,안전재난과 행정5급,2.0,0.0,005,,,,20170308,,보령시,013,안전재난과 시설7,0,,,2010,2022/05/23 16:30:46.000000000,,2,,,성주면 개화1리장
4418033023,,침수,기타,,4418033000,,,,150000.0,,안전재난과 시설7급,140.0,,,,동산소하천,156,08. 7월 감사원 감사지적에 의함 지정고시(09.4.30),20090430,,,사호지구,,441802009004,,19,여름철 집우호우 시 하천의 하폭협소로 제방월류로 인한 하천시설물 유실 및 인접 농경지 상습침수피해,,0, [지점번호:다바11743112],기타,4,안전재난과 행정5급,1.0,40.0,001,,,,20140730,공사완료로 위험요소 해소,보령시,050,안전재난과 시설7급,0,,,,2022/05/23 16:36:41.000000000,,3,11,,천북면 하만 4리장
4418038021,,내수,지방관리,0.0,4418000000,,02,,20289.0,20130401,안전총괄과 시설7급,297.0,446.0,N,0.0,간치천,493,간치천 집중호우 시 침수 및 인명 피해 ,20130401,20130430,,간치지구,0.0,441802013005,0.0,19,간치천 통수단면 부족 및 무제부 형태로 집중호우시 하천범람으로 주택 침수 피해 발생 ,,0,충청남도 보령시 주산면 만세운동길  34-6   ,기타,4,안전총괄과 행정5급,2.0,70.0,001,210.0,,,20191213,재해위험지구 정비사업 완료 (재해위험 해소),보령시청,010,안전총괄과 시설7급,0,,20120820,2013,2022/05/23 16:29:40.000000000,간치천기본계획,1,1,,주산면 금암1리
4315025022,,고립위험지구,지방2급하천,0.0,4315000000,,00,,8000.0,20151104,안전총괄과장,188.0,0.0,N,0.0,장평천,1051,하천옆에 위치한 마을이 저지대로 집중호우시 제방을 범람,20060228,,,장평지구,0.0,431502005001,0.0,1,하천범람으로 고립으로 인명피해 및 재산피해,,0,충청북도 제천시 봉양읍 북부로10길  47    ,한강,4,안전총괄과장,3.0,0.0,004,0.0,,,20130802,정비사업의 시행으로 재해위험요인(고립) 해소,제천시청 안전총괄과,013,안전총괄과 시설8급,0,,,,2025/01/14 17:01:49.000000000,,2,68,,봉양읍 장평리
4315034024,,,지방2급하천,0.0,4315000000,,00,,6000.0,20151104,안전총괄과장,134.0,0.0,N,0.0,상습침수지구,1061,침수위험지구,20060228,,,시루미지구(수산2리),0.0,431502005003,0.0,1,"하천제방보다 도로가 낮고, 급한 하천경사로 인한 하류 호안구조물 부분의 피해가 반복적으로 발생되며,
 도로 및 가옥의 침수 피해 발생",,0, [지점번호:라바53307984],한강,4,안전총괄과장,5.0,0.0,001,0.0,,,20100125,정비완료,제천시청 안전총괄과,013,안전총괄과 시설8급,0,,,,2025/01/14 17:00:05.000000000,,2,0,,수산2리
4315012500,,고립위험,지방관리,0.0,4315000000,,00,,11700.0,20150815,제천시 안전총괄과장,188.0,0.0,N,0.0,장평천,240,하천 범람으로 인한 고립위험지역,20060228,,,천남지구,0.0,431502006001,0.0,1,세월교 범람으로 인하여 고립.,,0,충청북도 제천시  내토로6길  18   (천남동),한강,4,안전총괄과장,2.0,0.0,004,0.0,,,20150807,정비사업(이주대책)완료에 따른 재해위험요인 해소,제천시청 안전총괄과,010,안전총괄과 시설8급,0,,,,2025/01/14 17:03:00.000000000,,2,3,,천남통장
2772032028,,,지방2급하천,0.0,2772000000,,00,,97000.0,20150720,안전관리과,0.0,20.0,N,1.0,하천변(남천),976,상습침수,20060228,,,거매지구,0.0,477202006003,0.0,2,-남천 수위 상승지 기존 농경지 내수 침수,,0,대구광역시 군위군 효령면 장기길  359    ,낙동강,4,안전관리자,0.0,0.0,001,7.0,,,,,,013,안전관리자,0,,,,2024/04/11 11:43:46.000000000,,3,1,,거매리 이장
2772036025,,유실,지방2급하천,0.0,2772036000,,00,,162000.0,20150720,안전건설과,0.0,0.0,N,0.0,구천,1,하천 외수범람 및 내수배제 불량,20100511,,국토교통부,운산지구,0.0,477202010004,0.0,-1,하천을 횡단하는 교량이 하천정비 기본계획보다 짧음,,0,대구광역시 군위군 산성면 옥정길  25-5   ,,4,안전건설과,0.0,0.0,005,0.0,,,20191017,사업 완료로 인한 재해위험지구 해제 ,안전건설과,013,안전건설과,0,,,,2019/10/28 11:03:51.000000000,,3,,005,
2772034025,,,지방2급하천,0.0,2772034000,,00,,72000.0,20150720,안전건설과,0.0,0.0,N,0.0,구천,335,교량이 홍수위보다 낮음,20100511,,국토교통부,미성지구,0.0,477202010005,0.0,2,홍수위보다 낮은 교량,,0,대구광역시 군위군 우보면 미성1길  34    ,낙동강,4,안전건설과,0.0,0.0,005,0.0,,,20191017,사업완료로 인함,안전건설과,013,안전건설과,0,,,,2019/10/28 11:06:00.000000000,,3,1,005,이장
2772033023,,,지방2급하천,0.0,2772033000,,00,,133000.0,20150720,안전건설과,0.0,6.0,Y,1.0,남천,5,홍수위보다 낮은 교량,20100511,,,춘산지구,0.0,477202010007,0.0,-1,홍수위보다 낮은 교량,,0,대구광역시 군위군 부계면 춘산1길  16    ,,1,안전건설과,0.0,0.0,005,3.0,,,,,안전건설과,013,안전건설과,0,,20140731,,2022/05/07 10:55:27.000000000,남천 하천정비기본계획,3,,,춘산리 이장
4691041027,,,기타,0.0,4691000000,,00,,5000.0,20151203,안전관리과 지방시설8급,0.0,0.0,N,0.0,팔금고산지구,735,농경지 침수,20060228,,,고산지구,0.0,469102009014,0.0,19,농경지 침수,,0, [지점번호:나라77344477],기타,4,안전관리과 지방시설5급,0.0,0.0,005,0.0,,,20070529,조사후 위험성 없음,,050,안전관리과 지방시설8급,0,,,,2023/09/19 20:55:36.000000000,,3,2,,
4691033029,,내제불량,기타,0.0,4691000000,자은면사무소 주변,00,,70000.0,20151203,안전관리과 지방시설8급,600.0,0.0,N,0.0,자은구영지구,213,집중호우시 침수피해 우려지역,20131029,,,구영지구,0.0,469102014030,0.0,19,집중호우로 인한 주택및 농경지침수,,0,"전라남도 신안군 자은면 구영1길  8 , 자은면사무소 주변  ",기타,4,안전관리과 지방시설5급,2.0,90.0,001,0.0,,,20200221,사업완료,신안군청,050,안전관리과 지방시설8급,0,자은면사무소 주변,,2015,2024/07/08 18:50:54.000000000,,2,3,,
4711131000,,하천제방,지방2급하천,,4711131000,,,,,,포항시 남구 대송면사무소,1500.0,,,,칠성천(대송지구),,제방노후,19991026,,국토교통부,대송지구,,471110002001,,10,"- 호안미시공 및 하상 미정비로 홍수시 세굴 및 제방붕괴 우려
- 하천내 토사퇴적에 따른 통수단면 부족으로 월류우려",,, ,형산강,4,포항시청 건설과장,5.0,80.0,003,,,,20010203,수해복구사업 개량복구 완료로 인한 재해위험요인 해소,,013,포항시청 건설과 방재담당,, ,,,,,3,,005,
5181032024,,,기타,,5181000000,,02,,21523.0,,지방시설8급,,21.0,Y,,수교,12,취약방재시설로 교량 신설을 통한 재난위험 경감의 필요성,20240430,,,수교,,518102024022,1.0,019,취약방재시설로 교량 신설을 통한 재난위험 경감의 필요성,,1,,기타,1,지방시설6급,,,004,12.0,,,,,인제군 안전교통과,050,지방방재안전7급,0,,,2024,2024/06/21 10:04:46.000000000,,1,26,,자율방재단장
5181032024,,,기타,,5181000000,,02,,40009.0,,지방시설8급,,24.0,Y,,내가평교,868,취약방재시설로 교량 신설을 통한 재난위험 경감의 필요성,20240430,,,내가평교,,518102024021,1.0,019,취약방재시설,,0,,기타,1,지방시설6급,,,005,12.0,,,,,인제군 안전교통과,050,지방방재안전7급,0,,,2024,2024/06/21 10:04:14.000000000,,3,4,,자율방재단장
4684035023,,,기타,,4684000000,,02,,16210.0,,안전총괄과장 시설5급,,60.0,N,2.18,방파호안,812,상습 침수피해지역을 체계적으로 정비·관리하여 자연재해를 사전에 예방하고 피해 최소화(지정 고시 예정일 2025.02.18.),20250218,20160519,,톱머리,3.0,468402025013,111000.0,-1," - 해수면 상승시 방파호안 월류로 해안도로 및 저지대 침수 반복 발생
 - 해수면 상승시 일부 저지대 가옥 및 상가 내수배제 불량",마을 이장(진남원),0,,,1,재난관리 팀장 시설6급,,,006,12.0,,,,,,050,담당자 시설8급,0,,,2025,2025/01/14 10:46:15.000000000,,1,16,,이장
4711125300,,,,,4711125300,생지리,,,,,,250.0,,,,생지지구,,형산강 수위상승에 따른 내수배제 지연,19990325,,,생지지구,,471111998002,,,형산강 수위상승으로 내수배제 지연에 따른 주택침수,,, ,,4,하수과장,1.0,0.0,001,,,,20010926,"배수펌프장1동, 유입관로 L=2,779m공사완료로 인하여 재해위험요인 제거",,,하수과 하수보수담당,, ,,,,,3,,,
4711131000,,내수침수,기타,,4711131000,제내리,,,,,포항시 상하수도사업소 하수도과,300.0,,,,제내지구,,칠성천 수위상승으로 인한 가옥침수 위험,19990325,,행정안전부,제내지구,,471112001002,,10,칠성천 수위상승으로 인한 내수배제 지연,,, ,형산강,4,하수과장,2.0,50.0,001,,,,20060228,배수펌프장 설치완료에 따른 재해위험요인 해소,포항시 상하수도사업소 하수도과,050,하수시설담당,, ,,,2006/04/10 17:51:35.000000000,,3,,001,
4711125600,,하천제방,지방2급하천,,4711125600,,,,,,포항시 건설과,200.0,,,,오천문충지구,,제방노후,19990325,,국토교통부,오천문충지구,,471112001003,,10,"-일부구간 하폭협소와 기존호안 노후로 월류 및 세굴
-하폭협소구간 하폭을 확장하여 통수단면을 확보하고 노후된 호안을 보수하여 재해요인 제거",,, ,형산강,4,건설과장,5.0,60.0,003,,,,20010926,노후제방 공사완료에 따른 재해위험요인 제거,,013,방재담당,, ,,,,,3,,005,
4711125600,,하천제방,지방2급하천,,4711125600,,,,,,포항시 건설과,180.0,,,,문덕지구,,제방노후,19990325,,국토교통부,문덕지구,,471112001004,,10,"-기존호안 노후 및 하상 미정리로 홍수시 세굴 우려
- 하상내 유로 불규칙 및 퇴적으로 제방유실 우료
- 호안 시공 및 하상정비로 재해예방",,, ,형산강,4,건설과장,5.0,50.0,003,,,,20060227,수해상습지 개선공사로 추진 하천정비 완료,,013,방재담당,, ,,,2006/04/10 17:49:56.000000000,,3,,005,
4711110700,,산사태,기타,,4711157000,,,,,,포항시 도시과,300.0,,,,괴동지구,,흥화공업 공장이 산사태 및 융기위험,19991026,,산림청,괴동지구,,471112001005,,10,산 전체가 균열이 발생한 것으로 보아 산이 움직이며 토량의 많은 자중으로 인하여 흥화공업(주) 부지가 융기현상이 발생하는 것으로 추정되며 산을 제거하는 것이 근본 대책으로 판단됨,,, ,형산강,4,도시과장,3.0,50.0,002,,,,20030418,산사태 및 융기위험 토량 완전제거로 인한 재해위험요인 제거,,050,도시개발담당,, ,,,,,3,,004,
4711125030,,내수침수,기타,,4711125000,,,,,,포항시 상하수도사업소 하수도과,150.0,,,,눌태지구,1,집중호우시 후동천 수위상승으로 인한 내수배제 지연,20010926,,행정안전부,눌태지구,,471112003001,,,펌프장을 설치하여 내수배제 지연을 해결하여 침수해소,,0, ,,4,하수과장,1.0,42.0,001,,,,20071206,"배수펌프장 설치완료로 재해위험요인 해소, 재해위험지구 해제 고시",포항시 상하수도사업소 하수도과,050,하수시설담당,, ,,,2009/04/02 19:53:22.000000000,,2,,001,눌태2리 이장
4711133024,,,지방관리,0.0,4711133000,,00,,1860.0,20131118,수산진흥과 수산5급,0.0,174.0,N,0.0,영암1리항지구,678,"너울성파도의 해안도로 월파에 따른 주택, 도로침수",20131118,,행정안전부,영암1리항지구,0.0,471112014009,1000.0,,"너울성파도의 해안도로 월파시 인명, 주택, 선박 피해",,0, [지점번호:마마82956947],,1,수산진흥과 시설6급,0.0,0.0,006,81.0,,,,,수산진흥과,010,수산진흥과 시설7급,0,,,2012,2017/02/02 08:59:37.000000000,,2,2,001,
4711110100,,내수침수,국가하천,,4711152000,,,,,,포항시 상하수도사업소 하수도과,1500.0,,,,뱃머리지구,,집중호우시 형산강 수위가 1.9m이상으로 상승시 내수배제가 곤란하여 침수피해 발생우려,20010926,,행정안전부,뱃머리지구,,471112003002,,10,"인명(220명),가옥(67동),농경지(66.7ha)",,, ,형산강,4,하수과장,1.0,0.0,001,,,,20060227,도시공원조성에 따른 주민이주완료,,011,하수시설담당,, ,,,2006/04/10 17:49:24.000000000,,3,,001,
4873038026,,,국가하천,0.0,4873038000,,02,,150000.0,20050112,행정6급,200.0,22.0,N,0.0,함안천(송정제),639,제방단면 부족으로 일우량 200mm 이상시 상습침수,20050112,20110420,국토교통부,하송지구,0.0,487302004003,0.0,2,"- 제방단면 부족으로 집중호우 및 낙동강 수위상승시 하천범람 예상
 - 현 제방고가 계획홍수위로서 여유고가 없음(1.5m숭상)",,0, [지점번호:라마85600134],낙동강,4,행정5급,5.0,50.0,001,10.0,,,20130307,정비사업 완료,함안군 안전총괄과,011,시설7급,0,,,2005,2021/06/22 16:03:50.000000000,,3,3,005,
4873031025,,산사태 위험,사유림,27.0,4873031000,,02,,20000.0,20060316,행정6급,200.0,0.0,N,0.0,사유림,216,함안면 강명리 장명부락 뒷편 산림에서 낙석 발생,20060316,20110420,산림청,굴바대 재해위험지구,58.0,487302006001,0.0,-1,낙석,,1, [지점번호:라라84719143],,4,행정5급,5.0,0.0,002,0.0,,,20080902,,함안군 안전총괄과,016,시설7급,0,,,2006,2021/06/22 16:12:40.000000000,,1,,004,장명리장
4873025022,,유실위험시설,지방관리,0.0,4873000000,,02,,50000.0,20060316,행정6급,200.0,1228.0,N,0.0,"함안교,하검교",737,"협소교량, 계획홍수위보다 교량고가 낮음",20060316,20110420,행정안전부,검암 재해위험지구,0.0,487302006002,0.0,2,협소교량으로 인한 상류부 침수위험,,0,경상남도 함안군 가야읍 하검길  115    ,낙동강,4,행정5급,5.0,50.0,005,423.0,,,20130307,정비사업 완료,함안군 안전총괄과,010,시설7급,0,,,2006,2021/06/22 13:53:56.000000000,,3,6,001,
4873033025,,외수,국가하천,0.0,4873033000,,00,,10000.0,20150923,행정6급,0.0,0.0,N,0.0,남강,1,하천단면부족에 따른 월류위험,19960626,,국토교통부,주물지구,0.0,487302008004,0.0,-1,0,,0,,,4,행정5급,0.0,0.0,001,0.0,,,20011106,정비완료(축제),함안군 안전총괄과,011,시설7급,0,,,,2021/06/22 16:02:43.000000000,,3,,005,
4873032032,,외수,지방2급하천,0.0,4873032000,,00,,10000.0,20150923,행정6급,0.0,0.0,N,0.0,석교천,1,하천단면부족에 따른 월류위험,20040112,,국토교통부,월촌지구,0.0,487302008005,0.0,-1,0,,0,,,4,행정5급,0.0,0.0,001,0.0,,,20050115,정비완료(축제),함안군 안전총괄과,013,시설7급,0,,,,2021/06/22 15:58:18.000000000,,3,,005,
4873035023,,,지방2급하천,0.0,4873000000,,02,,700000.0,19960626,행정6급,0.0,39.0,N,0.0,광려천,1,하천단면부족에 따른 월류위험,19960626,20110420,국토교통부,유계지구,0.0,487302008006,0.0,-1,0,,0,경상남도 함안군 칠서면 유성로  241    ,,4,행정5급,0.0,0.0,001,13.0,,,20050115,정비완료(축제),함안군 안전총괄과,013,시설7급,0,,,,2021/06/22 16:08:40.000000000,,3,,005,
4873033027,,외수,국가하천,0.0,4873033000,,00,,10000.0,20150923,행정6급,0.0,0.0,N,0.0,남강,1,하천단면부족에 따른 월류위험,19960626,,국토교통부,백산지구,0.0,487302008007,0.0,-1,0,,0,경상남도 함안군 법수면 백산길  34-10   ,,4,행정5급,0.0,0.0,001,0.0,,,20050115,정비완료(축제),함안군 안전총괄과,011,시설7급,0,,,,2021/06/22 15:59:47.000000000,,3,,005,
4873025022,,외수,지방2급하천,0.0,4873025000,,02,,400000.0,20150923,행정6급 ,0.0,25.0,N,0.0,검암천,1,하천단면부족에 따른 월류위험,19980626,20110420,국토교통부,검암천지구,0.0,487302008008,0.0,-1,하천제방단면부족으로 집중호우시 하천범람우려,,0,경상남도 함안군 가야읍 검암천북길  76-11   ,,4,행정5급,0.0,0.0,001,11.0,,,20050115,정비완료(축제),함안군 안전총괄과,013,시설7급,0,,19980626,,2021/06/22 13:46:50.000000000,,3,,005,
4873036022,,외수,국가하천,0.0,4873000000,,00,,10000.0,20150923,행정6급,0.0,0.0,N,0.0,낙동강,1,하천단면부족에 따른 월류위험,19960626,,국토교통부,덕남지구,0.0,487302008009,0.0,-1,0,,0,경상남도 함안군 칠북면 덕촌2길  101    ,,4,행정5급,0.0,0.0,001,0.0,,,19991030,정비완료(축제),함안군 안전총괄과,011,시설7급,0,,,,2021/06/22 16:07:28.000000000,,3,,005,
5115011300,,,시도,,5115058000,,,,,,,,,,,강문지구,182,해일로 인한 침수,20000525,,행정안전부,강문지구,,421502009018,,,해일로 인한 침수피해 발생,,0,강원도 강릉시  창해로350번길  5   (강문동),,4,,,,001,,,,20051027,정비완료,,003,,, ,,,2009/06/23 15:35:03.000000000,,2,1,001,
5115011100,,,시도,,5115057100,,,,,,,,,,,포남지구,1005,집중호우시 침수,20040804,,행정안전부,포남지구,,421502009019,,,집중호우시 침수피해 발생,,0,강원도 강릉시  강변북길  145   (포남동),,4,,,,001,,,,20051027,정비완료,,003,,, ,,,2009/06/23 15:41:11.000000000,,2,221,001,
5115037022,,,시도,,5115037000,,,,,,,,,,,영진지구,72,해일로 인한 침수,20000525,,행정안전부,영진지구,,421502009020,,,해일로 인한 침수 피해,,0,강원도 강릉시 연곡면 해안로  1431    ,,4,,,,001,,,,20051027,정비완료,,003,,, ,,,2009/06/23 16:01:42.000000000,,2,23,001,
5115025021,,,기타,0.0,5115025000,,02,,12715.0,20110621,건설방재과 시설7급,0.0,120.0,Y,0.0,우암지구,800,고파랑에 의한 해안침식,20110908,20120222,행정안전부,우암지구,0.0,421502012021,0.0,19,"- 소돌해변 남측 해변폭이 좁아서 고파랑 내습시 백사장 유실 및 해안도로 붕괴
 - 해안침식 방지시설 설치(소파제, 양빈)",,0,강원도 강릉시 주문진읍 해안로  1989    ,기타,4,건설방재과 시설6급,2.0,0.0,006,50.0,,,20170726,,건설방재과,050,건설방재과 시설7급,0,,20131230,2011,2018/03/07 15:49:01.000000000,강릉시풍수해저감종합계획,1,3,001,주문12리 이장
5115011500,,,기타,0.0,5115059000,,02,,46000.0,20120801,건설방재과 시설7급,0.0,70.0,Y,0.0,안목지구,286,고파랑에 의한 상습 해안침식 발생,20130220,20120222,행정안전부,안목지구,0.0,421502013022,0.0,,해일(고파랑),,0,강원도 강릉시  창해로14번길  20-1  (견소동),,4,건설방재과 시설7급,2.0,0.0,006,50.0,,,20170726,,강릉시,050,건설방재과 시설7급,0,,20131230,2012,2018/03/07 15:51:05.000000000,강릉시풍수해저감종합계획,1,,001,통장
5115035029,,,기타,0.0,5115000000,금진마을회관 일원,02,,33958.0,20120801,건설방재과 시설7급,200.0,50.0,Y,0.0,금진지구,310,내수배제 불량,20130813,20120222,,금진지구,0.0,421502014023,0.0,-1,집중호우시 내수배제 불량과 주거지 우수관거 통수단면 부족으로 침수피해 발생,,0,"강원도 강릉시 옥계면 금진안길  40-2, 금진마을회관 일원  ",,4,재난안저과 시설6급,2.0,30.0,001,30.0,,,20230302,정비사업을 통한 위험요인 해소,강릉시,050,재난안전과 시설7급,0,금진마을회관 일원,20131230,2012,2024/04/09 11:11:13.000000000,강릉시풍수해저감종합계획,2,0,,"금진1, 2리 이장"
4373035023,,,지방1급하천,,4373000000,,02,,33060.0,20221004,안전건설과 시설6급,110.0,346.0,N,1.4,보청천,452,저지대 주거지역내 우수관로 노후화 등으로 인한 통수능력 부족 및 보청천 수위 상승에 따른 내수배제 불량으로 침수피해 발생,20230425,20060821,,교평,,437302023022,,3,"- 보청천(지방) 계획홍수위보다 낮은 지대에 주거지 및 농경지 등이 위치하고 있으나, 배수펌프장이 없어 홍수 시 외수위가 상승하여 내수배제가 불량
- 보청천(지방)까지 자연배제 되는 우수관거의 노후화 등으로 인한 통수 능력부족으로 인해, 이상기후에 따른 강우의 방재성능목표 발생 시 상가, 도로 및 농경지 등 교평리 452번지 일대 침수피해가 발생",,0,,금강,1,안전건설과 시설6급,10.0,45.0,001,203.0,,,,,옥천군,012,안전건설과 시설6급,0,,20181109,2022,2023/04/25 09:53:55.000000000,보천천 하천기본계획,1,0,,교평리장
4689034025,,급경사지,군도,0.0,4689034000,해동리 산65-1,02,,1790.0,20150410,약산면 시설8급,298.0,193.0,N,1.0,도로,65,풍화대층을 따라 쐐기파괴 발생,20150410,20110310,행정안전부,해동,0.0,468902015010,0.0,19,낙석 및 붕괴 발생시 인명피해발생,,1,,기타,3,완도군청 안전건설과 지방시설6급,0.0,38.0,002,104.0,,,,,약산면,004,완도군청 안전건설과 지방시설7급,0,,,2015,2021/08/22 13:10:34.000000000,,1,1,001,
4689025024,,,기타,0.0,4689025000,장좌리 143-6,02,,12750.0,20150306,완도읍 지방시설6급,158.0,28.0,N,3.0,도로,143,해일범람및월파에 의한 침수피해 발생,20150410,20110310,행정안전부,장좌,0.0,468902015012,0.0,19,월파에 의한 침수피해,,0,"전라남도 완도군 완도읍 청해진로1353번길  39 , 장좌리 143-6  ",기타,1,완도군 지방시설6급,0.0,36.0,001,11.0,,,,,완도읍,050,완도군 지방시설7급,0,,,2015,2018/11/07 15:39:18.000000000,,1,4,001,
4689031025,,도로,기타,0.0,4689031000,신학리 876-7,02,4689031025108760003000112     ,12225.0,20150306,군외면 토목9급 ,158.0,23.0,N,5.0,도로,876,해일범람 및 월파 침수피해 발생,20150410,20110310,,대문용계신흥,0.0,468902015013,0.0,19,월파에의한 침수피해위험,,0,,기타,4,완도군청 안전건설과 시설6급,0.0,36.0,001,9.0,,,,,군외면,050,완도군청 안전건설과 시설8급,0,,,2015,2022/07/11 14:59:55.000000000,,1,7,,
4689036028,,해수범람,기타,0.0,4689000000,횡간리 산264-5,02,,33853.0,20150306,소안면 시설7급,239.0,98.0,N,5.0,소하천,264,해일범람 및 월파 침수피해 발생,20150410,20110310,,삼산,0.0,468902015015,0.0,19,해일범람 및 월파에 의한 침수피해 발생,,1,,기타,1,완도군청 안전건설과 시설6급,0.0,93.0,001,39.0,,,,,금당면,050,완도군청 안전건설과 시설8급,0,,,2015,2024/05/06 21:17:32.000000000,,1,5,,
4689037022,,하천유실,기타,0.0,4689000000,육산리 1188,02,,33853.0,20150306,금당면 시설9급,239.0,98.0,N,5.0,소하천,1188,하폭 및 제방고 부족으로 침수,20150410,20110310,,삼산,0.0,468902015016,0.0,19,하폭 및 제방고 부족으로 침수,,0,,기타,1,완도군청 안전건설과 시설6급,0.0,93.0,001,39.0,,,,,금당면,050,완도군청 안전건설과 시설8급,0,,,2015,2024/05/06 21:16:09.000000000,,1,,,
4689035030,,하천유실,기타,0.0,4689000000,국산리 273,02,4689035030102730000000001     ,31000.0,20150306,청산면 시설7급,153.0,157.0,N,4.0,소하천,273,하폭 및 제방고 부족으로 침수,20150410,20110310,,진산,0.0,468902015017,0.0,19,하폭 및 제방고 부족으로 침수,,0,,기타,1,완도군청 안전건설과 시설6급,0.0,40.0,001,63.0,,,,,청산면,050,완도군청 안전건설과 시설8급,0,,,2015,2024/05/06 21:14:27.000000000,,1,0,,
4678025332,,,기타,0.0,4678000000,,00,,131833.0,20100302,벌교읍 행정8급,200.0,0.0,N,0.0,장좌 펌프장,720,집중호우에 따른 침수피해 발생,20100302,,,장좌지구,0.0,467802015008,0.0,19,집중호우에 따른 내수배제 불량,,0,,기타,4,보성군 안전건설과,3.0,60.0,001,0.0,,,20130315,침수 개선사업 완료,벌교읍사무소,050,보성군 안전건설과,0,,,2010,2022/10/24 11:08:14.000000000,,1,2,,
5175025025,,,군도,,5175025000,,,,9000.0,,안전건설과 시설6급,130.0,,,,완택산,199,집중호우 등으로 시간당 많은 강우시 산사태 발생 위험,20040515,,국토교통부,삼옥지구,,427502004001,,1,집중호우 등으로 시간당 많은 강우시 산사태 발생 위험,,1, [지점번호:라사88991052],한강,4,안전건설과 시설5급,1.0,30.0,002,,,,20100114,동강터널 완료에 따른 해제,안전건설과,004,안전건설과 시설6급,0,,,,2020/08/27 15:10:32.000000000,,3,,005,영월읍 삼옥3리(리장)
4717036028,,,지방2급하천,,4717036000,,,,108.0,,남후면 시설8,150.0,,,,하아재해위험지구,294,하천범람,20070312,,행정안전부,하아지구,,471702007001,,2,하천범람,,0, [지점번호:라바95103978],낙동강,4,안전재난과장,0.0,30.0,001,,,,20120215,'10~'11년 정비완료,재난방재과,013,안전재난과,0,,,,2021/05/26 19:44:24.000000000,,3,,001,
4717041036,,,기타,,4717041000,,,,6.0,,예안면,,,,,주택,970,집중호우 시 통행로 단절,20060306,,국토교통부,인계지구,,471702009014,,2,주 통행로에 비탈사면이 많아 낙석 및 토사로 인한 빈번한 교통두절,,0,경상북도 안동시 예안면 기사호반길  478-252   ,낙동강,4,안전재난과장,,,001,,,,20080916,'02~'04년 하천개수 완료,재난방재과,050,안전재난과,0,,,,2021/05/26 17:55:36.000000000,,3,,005,
2644010100,,침수,광역시도,0.0,2644000000,대저1동 주민센터,00,2644010100123770010030967     ,2482625.0,20150721,안전관리과 시설8급,153.0,1620.0,Y,9.0,대저1동,2377,상습침수지역으로 재해위험지구 지정,20150318,,,대저1지구,0.0,264402015012,40157.0,2,호우로 인한 상습침수,,0,,낙동강,4,안전관리과장,1.0,0.0,001,450.0,,,20220811,정비사업 완료로 재해위험요인 해소,강서구청,038,안전관리과 시설8급,0,,20150318,2015,2022/10/24 10:37:07.000000000,대저1지구 자연재해위험개선지구 정비사업,2,10,,
,,,기타,,4817064500,,,,,,하천관리과,0.0,,,,경사지,,붕괴위험,19960506,,행정안전부,옥봉,,481702015008,,,붕괴위험지역,,,경상남도 진주시  남강로  722   (옥봉동),,4,,0.0,0.0,002,,,,20071205,,,050,,0,,,,2016/07/05 11:06:08.000000000,,2,,001,
5123012000,,내수침수,지방1급하천,0.0,5123051000,,00,,0.0,20151117,건설과시설7,350.0,0.0,N,0.0,오십천,425,저지대로서 일우량 150m/m이상시 하천수위 상승으로 인한 내수침수,20031107,,행정안전부,사직,0.0,422302004003,0.0,15,오십천 하류지역으로서 일강우량 350m/m강우시 및 태풍 내습시 하천수위가 상승되어 지구내 내수침수 발생(119가구),,0, ,삼척오십천,4,삼척시청 건설과장,2.0,50.0,001,0.0,,,20130618,배수펌프장 완료,삼척시청,012,삼척시청 복구지원담당,, ,,,2015/11/17 14:44:36.000000000, ,1,17,001,통장
5123012200,,내수침수,리천,,5123051000,,,,,,지방행정7급,350.0,,,,오십천,61,저지대로서 일우량 150m/m이상시 하천수위 상승으로 인한 내수침수,20031107,,행정안전부,오분,,422302004004,,19,오십천 하류지역으로서 일강우량 350m/m강우시 및 태풍 내습시 하천수위가 상승되어 지구내 내수침수 발생(71가구),,0, [지점번호:마사49453762],기타,4,삼척시청 재난안전관리과장,2.0,50.0,001,,,,20041118,지구내 배수개선사업 및 기존암거개량에 따른 해제,,044,삼척시청 재난안전관리과 복구지원담당,, ,,,2013/06/05 18:54:54.000000000,,2,9,001,
5123011100,,내수침수,기타,,5123057000,,,,,,지방행정8급,350.0,,,,오십천,51,저지대로서 일우량 150m/m이상시 하천수위 상승으로 인한 내수침수,20031107,,행정안전부,자원,,422302004005,,19,오십천 하류지역으로서 일우량350m/m강우시 및 태풍 내습시 하천수위가 상승되어 지구내 내수침수 발생(16가구),,0, [지점번호:마사45483896],기타,4,삼척시청 재난안전관리과장,2.0,50.0,001,,,,20111010,,,050,삼척시청 재난안전관리과 복구지원담당,, ,,,2013/06/05 18:58:52.000000000,,2,1,001,
5123010600,,내수침수,지방관리,,5123000000,,,,26000.0,,재난안전과 시설7급,350.0,,,,우지천,448,저지대로서 일우량 150m/m이상시 하천수위 상승으로 인한 내수침수,20220328,,,후진,,422302004006,,19,오십천 하류지역으로서 일강우량 350m/m강우시 및 태풍 내습시 하천 수위가 상승되어 지구내 내수침수 발생(39가구),,0,강원도 삼척시  새천년도로  531   (교동),기타,1,재난안전과 방재담당,2.0,50.0,001,,,,,,삼척시청,010,재난안전과 시설7급,0,,20220328,,2024/04/16 22:52:12.000000000,,1,,,교동 2통장
5123012500,,내수침수,기타,0.0,5123054000,,02,,50000.0,20151124,안전총괄과 시설8급,200.0,0.0,N,0.0,상습침수,16,집중호우시 내수의 상습침수,20040907,20121019,행정안전부,정라지구,0.0,422302005001,0.0,19,집중호우에 따른 내수침수,,0, [지점번호:마사48873917],기타,4,안전총괄과 행정5급,3.0,35.0,001,0.0,,,20180706,정비완료,안전총괄과,050,안전총괄과 시설6급,0,,,2004,2018/09/21 16:07:52.000000000,,2,,001,
5123025034,,지반침하,기타,0.0,5123000000,,02,,6000.0,20050103,재난안전과 시설7급,0.0,0.0,N,0.0,건물보상,7,지반침하에 따른 건물붕괴위험,20050103,20121019,,흥전지구,0.0,422302005002,0.0,19,지방침하에 따른 건물의 붕괴위험,,1, [지점번호:마사36781433],기타,3,재난안전과 행정5급,0.0,0.0,002,0.0,,,,,재난안전과,050,재난안전과 시설6급,0,,,2005,2022/11/29 09:00:54.000000000,,2,8,,지역주민
5177025924,,,군천,,5177025900,,,,,,신동읍 시설7급,0.0,,,,소하천,6,상습침수 지역,19951205,,행정안전부,방제지구,,427702012012,,1,집중호우시 상습 침수지역,,0, ,한강,4,안전건설과장,0.0,0.0,001,,,,20041029,정비완료,정선군청 안전건설과,042,안전건설과 시설8급,, ,,,2014/06/02 16:04:55.000000000,,1,1,001,이장
5177025622,,,기타,,5177025600,사북12리소잡는골,,,,,사북읍 시설7급,100.0,,,,비탈면,342,비탈면 주택 및 축대가 급경사 지구내 밀집되어 있어 붕괴우려,20051208,,행정안전부,소잡는골지구,,427701995001,,1,"-산악지역 급경사(30-60%이상)의 지대에 주택이 밀집되어 있어 집중호우시 붕괴우려
 -주택거주 주민을 이주 및 사면 보호공 설치로 재해위험요인 제거",,0,강원도 정선군 사북읍 사북6길  33    ,한강,4,안전건설과장,2.0,30.0,002,,,,20121022,정비사업 완료,정선군청 안전건설과,050,안전건설과시설8급,,사북12리소잡는골,,,2014/06/02 16:03:42.000000000,,1,,001,사북12리 이장
5177025321,,언덕붕괴,기타,,5177025300,고한읍 고한7리,,,,,고한읍 시설8급,200.0,,,,붕괴위험,248,산비탈 급경사지 및 계곡,20041029,,행정안전부,진골지구,,427702004002,,19,"·사업기간의 장기소요로 인한 매년 해빙기와 집중호우시 산사태 및 붕괴 위험으로 주민불안 가중
 ·지구지정으로 인한 사유재산의 개발행위제한등으로 인한 지구지정반대 등의 민원발생 야기",,1,강원도 정선군 고한읍 고한9길  38    ,기타,4,안전건설과장,1.0,40.0,002,,,,20100512,정비사업 완료,정선군청 안전건설과,050,안전건설과 시설8급,,고한읍 고한7리,,,2015/03/19 21:58:57.000000000,,1,2,001,고한7리 이장
2653010100,,,전체,,2653000000,,00,2653010100104010009029114     ,783764.0,20210929,건설과 시설7급,,,Y,1.0,삼락지구,463,"  · 하수관로 배제능력 부족 및 기능 부적정(단면부족, 역구배, 퇴적토 등)
  · 삼락천 수위상승(배수펌프 용량부족, 하천 통수단면부족)에 따른 내수배제 불량",20240313,,,삼락지구,,265302021003,,19,"    - 도시화에 따른 홍수유출량 증가, 관로 단면적 부족 및 역경사, 삼락천 수위상승 등으로 내수배제 불량
    - 삼락천 홍수위보다 하수관로 유출부가 낮아 내수배제 불량
    - 삼락천의 하상경사는 극완경사(평균 1/1,600)로 원활한 내수배제 불량",,0,,기타,1,,2.0,54.0,001,,,,,,사상구청,-1,건설과 시설7급,0,,20240313,,2024/09/19 12:37:54.000000000,삼락지구 침수해소 타당성 조사 및 기본계획수립,1,0,,
4717037022,,,기타,,4717000000,,00,4717037022104700007009143     ,31131.0,20240416,,,,,,남선신석,470,"상류보다 좁은 하류 하폭으로 통수단면 부족, 낮은 제방고로 인한 월류 및 호안 유실이 발생되어 침수위험지구로 지정함.",20240416,,,남선신석,,471702024028,,19,"최근 집중호우 및 백일천 배수위 영향에 따른 납들천 유역 주거지 및 농경지에 침수위험이 있어, 현장조사 및 위험요인 검토 결과 상류보다 좁은 하류 하폭으로 통수단면 부족, 낮은 제방고로 인한 월류 및 호안 유실이 발생되어 침수위험지구로 지정함.",,0,신석리 466-2,기타,1,안전재난과장,,,001,,,,,,,050,안전재난과 시설7,0,신석리 466-2,,2024,2024/12/11 15:23:52.000000000,,2,7,,
4682042027,,,기타,0.0,4682000000,,02,,3587884.0,20240503,안전교통과 지방시설주사보,284.0,26.0,Y,2.05,"덕골, 충평, 무고 소하천",1240,가옥 및 농경지 침수방지 및 재해예방을 위한 지구 지정,20240503,,,예락,0.0,468202024019,162975.0,-1,하천 미정비 및 노후된 하천시설물로 인하여 주변 농경지 및 주거지의 상습 침수 피해가 발생함.,,0,,,1,안전교통과장,1.0,,001,13.0,,,,,안전교통과,050,안전교통과 지방시설주사보,0,,20240503,,2024/05/02 21:20:03.000000000,,1,20,,예락마을 이장
4873025021,,,지방2급하천,0.0,4873025000,,02,,330000.0,20150923,행정6급,0.0,80.0,N,0.0,신음천,1,하천단면부족에 따른 월류위험,19960628,20110420,국토교통부,말산(구)지구,0.0,487302008011,0.0,-1,0,,0,,,4,행정5급,0.0,0.0,001,20.0,,,20040112,정비완료(축제),함안군 안전총괄과,013,시설7급,0,,20110420,,2021/06/22 13:59:52.000000000,,3,,005,
4315038023,,하천범람,지방2급하천,0.0,4315038000,,00,,29759.0,20151104,안전총괄과장,310.0,0.0,N,0.0,무도천(지방하천),688,하폭 및 제방고 부족에 따른 하천범람,20100520,,행정안전부,입석지구,0.0,431502011004,0.0,1,하천폭 및 여유고 부족 등으로 집중호우시 주택 및 농경지 등 침수피해 발생,,0,충청북도 제천시 송학면 입석로  79-1   ,한강,4,안전총괄과장,3.0,80.0,001,0.0,,,20160205,"정비사업 완료에 따른 재해위험요인 해소
",제천시청 안전총괄과,013,안전총괄과 시설8급,0,,,,2017/02/23 16:53:26.000000000,,1,36,001,송학면 이장
4315033021,,하천범람,지방2급하천,0.0,4315000000,,00,,20300.0,20151104,제천시 안전총괄과장,183.0,0.0,N,0.0,수산천(지방하천),610,하천범람,20100520,,,내리들지구,0.0,431502011005,0.0,1,교량의 통수단면 부족으로 하천 통수가 불량하여 집중호우 시 주택 및 농경지 등 침수 피해 발생,,0,충청북도 제천시 수산면 월악로22길  102-23   ,한강,4,안전총괄과장,3.0,70.0,001,0.0,,,20140307,정비사업 완료에 따른 지구지정 해제,제천시청,013,안전총괄과 시설8급,0,,,,2025/01/14 17:02:24.000000000,,1,13,,수산면 이장
4315011600,,침수,지방2급하천,0.0,4315000000,,00,,405141.0,20151104,안전총괄과장,205.0,0.0,N,0.0,고암천,709,집중호우로 인한 범람,20111213,,,고암지구,0.0,431502013006,0.0,1,낮은 제방 및 협소한 하천폭으로 집중호우시 제방유실 및 범람 위험.,,0,충청북도 제천시  내토로54길  26   (장락동),한강,4,안전총괄과장,2.0,0.0,001,0.0,,,20170317,정비사업 완료에 따른 재해위험요인 해소,제천시청 안전총괄과,013,안전총괄과 시설7급,0,,,,2024/11/11 11:40:00.000000000,,2,51,,장락1통장
4315025021,,침수위험,지방2급하천,0.0,4315000000,제천천 일원,00,,300000.0,20151104,안전총괄과장,200.0,0.0,N,0.0,제천천(지방하천),282,침수위험,19931224,,,주포지구,0.0,431502013007,0.0,1,침수 및 유실위험,,0, [지점번호:라사54730373],한강,4,안전총괄과장,3.0,50.0,001,0.0,,,19951120,재해위험요인 해소,제천시청 안전총괄과,013,안전총괄과 시설8급,0,제천천 일원,,,2025/01/14 17:01:10.000000000,,3,1,,
4682025037,,,지방2급하천,,4682000000,,,,267760.0,20191224,안전교통과 지방시설주사보,103.0,62.0,Y,,해남천,1011,"하천 미정비로 인하여 하폭이 협소하고 제방고가 낮아 홍수 범람 위험이 큼. 노후된 교량 , 낙차, 보 등으로 홍수 시 소통이 불량하여 주변지역 침수 피해가 주기적으로 발생함.
",20240524,,,복평,,468202020012,,-1,"하천 미정비 및 하천 시설물 미정비로 인하여 홍수 시 범람으로 인한 주변 주거지 및 농경지의 상습 침수 피해 발생(2024. 5. 14. 지구 지정 변경 122,500㎡→267,760㎡ / 침수위험 나→가)",,0,,,1,안전교통과장,1.0,35.0,001,33.0,,,,,안전교통과,013,안전교통과 지방시설주사보,0,,20220526,,2024/05/14 11:30:33.000000000,,1,52,,해남읍 복평리장
4418034021,,외수,지방관리,0.0,4418034000,1,02,,21705.0,20130401,안전총괄과 시설7급,218.0,970.0,N,0.0,진죽천,463,진죽천 주변 저지대 내수배제 불량,20130401,20130430,,진죽지구,0.0,441802013006,0.0,19,하천폭이 협소하고 집중호우 시 철도 인근지역 저지대 내수배제 불량에 의한 침수 피해 우려 지역 ,,0,,기타,4,안전총괄과 행정5급,2.0,44.0,001,467.0,,,20201120,정비사업 완료,보령시청,010,안전총괄과 시설6급,0,1,20140901,2013,2022/05/23 16:29:29.000000000,진죽천기본계획,2,,,청소면 진죽1리
4313033029,,내수침수,지방2급하천,,4313000000,,,,20000.0,,충주시 이류면 지방토목주사,200.0,,,,내수침수,301,홍수시 요도천의 수위상승으로인한 내수배제가 되지않아 26가구 침수예상,19931224,,,하검단,,431301993001,,1,지형적으로 낮은 지역을 요도천 홍수위보다 높게 성토하여 택지개발,,0,충청북도 충주시 대소원면 검단중말길  6    ,한강,4,충주시 지역개발과 지역개발과장,3.0,40.0,001,,,,19931224,정비완료(충주시고시 제2003-4호),,013,충주시 지역개발과 치수방재담당,0,,,,2025/01/14 20:08:36.000000000,,1,1,,
4313040000,,외수침,지방2급하천,,4313000000,대전리,,,350000.0,,충주시 동량면 지방토목주사,200.0,,,,대전천,,미개수 하천으로 하천폭이 부족하여 일우량200m이상시 상습침수,19980413,,,대전,,431301998001,,1,"-제방단면이 부족하고 하폭이 좁아 집중호우시 하천이 범람되어 상습침수 피해가 빈발
-제방누수로 인한 붕괴위험이 상존하여 하천개수가 시급함.",,,,한강,4,충주시 지역개발과 지역개발과장,3.0,50.0,001,,,,20020107,정비완료(충주시 고시 제2002-2호),,013,충주시 지역개발과 치수방재담당,0,,,,2025/01/14 20:09:44.000000000,,1,,,
4313031000,,외수침수,지방2급하천,,4313000000,,,,300000.0,,충주시 살미면 지방행정주사,200.0,,,,설운천,,"미개수 하천으로 하천폭 및 제방단면이 부족하고 수층부가 많아 홍수시 제방붕괴 및 하천범람으로  가옥 농경지
유실이 우려됨.",19991102,,,세성,,431301999001,,1,제방단면이 부족하고 하폭이 좁아 집중호우시 하천제방이 붕괴되어 피해가 빈발하는 지구이고 제방노후로 인한 붕괴위험이 상존하여 하천의 전반적인 개수가 시급함.,,,,한강,4,충주시 지역개발과 지역개발과장,6.0,40.0,001,,,,20070107,공사완료로 위험요인 해소,,013,충주시 지역개발과 치수방재담당,0,,,,2025/01/14 20:11:01.000000000,,3,,,
4313035000,,외수침수,지방2급하천,,4313000000,,,,300000.0,,충주시 신니면 지방건축주사,200.0,,,,요도천,,"미개수 하천으로 하천폭 및 제방잔면이 부족하고 수층부가 많아 홍수시 제방붕괴 및 하천범람으로 가옥 농경지
유실 침수가 우려됨.",20000401,,,광월,,431302000001,,1,"제방 단면이 부족하고 하폭이 좁아 집중호우 홍수시 제방붕괴 및 하천범람으로 가옥 및 농경지가 침수되는 지역으로
하천용지를 매입 하폭을 확장하여 하천 전반적인 개수가 요구되는 지역임.",,,,한강,4,충주시 지역개발과 지역개발과장,3.0,40.0,001,,,,20041110,"공사완료로 위험요인 감소
충주시 고시 2004-100호",,013,충주시 지역개발과 치수방재담당,0,,,,2025/01/14 20:12:31.000000000,,1,,,
4313025000,,외수침수,지방2급하천,,4313000000,,,,450000.0,,충주시 주덕읍 지방토목주사,200.0,,,,비산천,,"미개수 하천으로 하천폭 및 제방단면이 부족하고 수층부가 많아 홍수시 제방붕괴 및 하천범람으로 가옥 농경지
유실 침수가 우려됨.",20000401,,,신중,,431302000002,,1,"제방 단면이 부족하고 하폭이 좁아 집중호우 홍수시 제방붕괴 및 하천범람으로 가옥 및 농경지가 침수되는 지역으로
하천용지를 매입 하폭을 확장하여 하천 전반적인 개수가 요구되는 지역임.",,,,한강,4,충주시 지역개발과 지역개발과장,3.0,40.0,001,,,,20041110,"공사완료로 위험요인감소
충주시 고시 2004-100호",,013,충주시 지역개발과 치수방재담당,0,,,,2025/01/14 20:13:04.000000000,,1,,,
4874035028,,,지방관리,0.0,4874000000,,02,,440000.0,20151102,유어면사무소,0.0,275.0,N,0.0,광산지구,3,취약제방,20100517,20080529,,광산지구,0.0,487402010010,0.0,19,"녹동강 홍수의 배수위 영향을 받는 제방단면부족, 노후제방으로 누수에 의한 농경지 침수 및 붕괴위험",,0, [지점번호:라마86532221],기타,4,안전치수과 ,5.0,30.0,001,91.0,,,20180906,,창녕군,010,안전치수과 시설6,0,,,,2024/04/15 22:22:55.000000000,,2,,,유어면 광산리
2629010600,,,지방관리,0.0,2629000000,,02,,232771.0,20240607,안전총괄과장,,,,1.8,대연지구 자연재해위험개선지구,1635,하천 외수위 상승에 의한 내수배제 불량으로 주거지 및 도로 침수발생,20240607,20230707,,대연지구,0.0,262902024017,,019,하천 외수위 상승에 의한 내수배제 불량으로 주거지 및 도로 침수발생,,0,,기타,1,지방시설주사,2.0,,001,,,,,,,010,지방시설주사보,0,,20240607,2024,2024/09/19 14:33:03.000000000,,1,27,,
4143010500,,,지방관리,,4143000000,,00,,14575.0,20250331,도로건설과 시설8급,,,N,,오전로사면,201,시설물안전법 C등급 이하 절토사면 및 호우시 토사유실 발생 ,20250331,,,의왕오전지구,,414302024001,,-1,사면 하부에 인도가 위치하고 있어 사면붕괴 및 수목전도 발생시 인명피해 발생 우려,,1,,,1,,,,002,,,,20281231,,의왕시청,010,,0,,,,2024/10/08 11:26:35.000000000,,2,5,,
4372038521,,내수침수,기타,0.0,4372000000,중앙리 89-1,00,,300000.0,19981203,보은군 회북면장,100.0,99.0,N,0.0,망골천,89,망골천의 하폭이 상부와 하부가 서로상이하여 하천범람,19981203,,,중앙,0.0,437201998004,0.0,3,"망골천의 하폭이 상부와 하부가 서로 상이하여 집중호우시 하부로 유입되는 우수가 원활이 소통되지 못하여 하천이 범람
 인근가옥의 침수위홈이 상존",,0,,금강,4,보은군청 건설과장,2.0,20.0,001,155.0,,,20001020,사업 완료로 재해위험요소가 해소되어 해제 함,,050,보은군청 건설과 재난방재담당,0,,,,2025/01/14 14:04:31.000000000,,1,1,,
4831036026,,,,,4831000000,,,4831036026108660006018769     ,175515.0,,거제시 시민안전과 시설7급,,200.0,,,신계지구,866,"o 만조 및 외수위(오량천) 상승에 따른 내수배제 불량으로 저지대 침수피해 발생
o 오량천 통수단면 부족에 따른 월류발생으로 침수지역 확산",20240207,,,신계지구,,483102024037,,-1,"o 만조 및 외수위(오량천) 상승, 내수배제 불량
o 오량천 통수단면 부족",,0,,,1,시민안전과 시설 6급,,,001,70.0,,,,,거제시 시민안전과,-1,시민안전과 시설7급,0,,,,2024/09/20 15:37:06.000000000,,2,6,,
4476035024,,,지방2급하천,,4476000000,,02,,2199225.0,20240430,부여군청 안전총괄과,,503.0,Y,1.28,구룡천,360,"2023년 7월 집중호우로 인하여 하천시설물 노후 및 통수단면 부족에 따라 제방호안, 유실붕괴, 시설하우스 및 가옥 침수발생",20240425,,,구룡,,447602024008,20.0,3,하천시설물 노후 및 통수단면 부족에 따라 침수 발생 위험,,0,,금강,1,안전총괄과장,,,001,273.0,,,,,안전총괄과,013,안전총괄과 시설7급,0,,20081230,2024,2024/08/16 11:34:54.000000000,구룡천,1,1,,
4476025028,,,전체,,4476000000,,,,518050.0,20240401,부여군청 안전총괄과,,3663.0,Y,1.85,부여 시가지,542,2023년 7월 집중호우로 인하여 시가지 우수관거 용량부족 및 구교배수펌프장 용량 부족으로 침수 발생,20240430,,,구교,,447602024009,20.0,19,내수배제 불량으로 침수피해 발생,,0,,기타,1,안전총괄과장,,,001,1722.0,,,,,안전총괄과,-1,안전총괄과 시설7급,0,,,2024,2024/08/16 11:35:04.000000000,,1,20,,
4476031024,,,지방2급하천,,4476000000,,02,,153611.0,20240401,부여군 안전총괄과,,34.0,Y,0.55,함양소하천,286,2023년 7월 집중호우로 인하여 하천시설물 노후 및 통수단면 부족에 따라 내수배제 불량으로 침수가 빈번히 발생,20240430,,,함양,,447602024010,6.0,3,하천시설물 노후 및 통수단면 부족에 따라 침수 발생 위험,,0,,금강,1,안전총괄과장,,,001,16.0,,,,,안전총괄과,013,안전총괄과 시설7급,0,,20190218,2024,2024/08/16 11:35:37.000000000,함양소하천,1,9,,
4476032037,,,지방2급하천,,4476000000,,02,,230000.0,20240401,부여군 안전총괄과,,14.0,N,1.12,장벌천,224,단시간 집중호우로 하도내 홍수위가 급증하여 하도내 퇴적토 의한 통수단면 부족 및 제방월류로 인하여 침수피해,20240430,,,장벌,,447602024011,20.0,3,하도내 퇴적토 의한 통수단면 부족 및 제방월류로 인하여 침수피해,,0,,금강,1,안전총괄과장,,,001,5.0,,,,,안전총괄과,013,안전총괄과 시설7급,0,,20071220,2024,2024/08/16 11:35:47.000000000,장벌천 하천정비기본계획,2,,,
4375033028,,,지방관리,,4375000000,,,4375033028106180000000003     ,54529.0,,진천군 안전총괄과,,18.0,,,은탄 자연재해위험개선지구,617,하천의 외수범람 및 내수배제 불량으로 인한 인근 주거지 및 농경지 침수피해 우려,20240509,,,은탄,,437502024013,,3,하천의 외수범람 및 내수배제 불량으로 인한 인근 주거지 및 농경지 침수피해 우려,,0,,금강,1,진천군 안전총괄과,,,001,5.0,,,,,,010,진천군 안전총괄과,0,,,2024,2024/05/13 13:26:09.000000000,,2,1,,
4372025023,,내수침수,지방2급하천,0.0,4372025000,,00,,4000.0,19990205,보은군 보은읍장,100.0,0.0,N,0.0,중초천,1,중초천 제방이 낮아 범람위험,19990205,,행정안전부,장신,0.0,437201999001,0.0,3,중초천 제방중 보은읍 장신제(2.2m)가 보은제(3.6m)보다 제방고 1.4m가 낮아 집중호우시 장신제로 하천이 범람 시가지 및 가옥의 침수위험이 상존,,0, ,금강,4,건설방재과장,2.0,20.0,001,0.0,,,20000713,사업 완료로 재해위험요인이 해소되어 해제 함.,보은군,013,재난안전담당,, ,,1999,2015/11/03 09:17:54.000000000, ,1,,001,
4372033030,,외수침수,지방2급하천,0.0,4372033000,,02,,1000.0,19980614,마로면 시설8급,100.0,0.0,N,0.0,보청천,1,상습적인 침수,19980614,20061205,행정안전부,원정,0.0,437202005004,0.0,3,제방고가 낮아 주변 농경지 및 주택 침수 위험,,0, [지점번호:라바28982197],금강,4,건설방재과장,4.0,20.0,001,0.0,,,19991023,정비공사 완료,보은군,013,재난안전담당,, ,,1998,2015/11/03 09:05:20.000000000, ,1,,001,원정리 이장
4372040033,,외수침수,지방2급하천,0.0,4372040000,,00,,7500.0,20000510,산외면 시설8급,100.0,0.0,N,0.0,달천,1,미개수되어 하천범람 및 붕괴위험,20000510,,행정안전부,원평,0.0,437202000001,0.0,3,"축제형성이 불안하고 하천 폭(w=80m)이 적고 제방고(h=3.5m)가 낮아 상습적으로 침수가 발생하여 농경지 및 
 인명피해의 재해위험이 있음.",,0, [지점번호:라바20994336],금강,4,건설방재과장,2.0,20.0,001,0.0,,,20050826,하천 정비사업 완료,보은군청,013,재난안전담당,, ,,2000,2015/11/03 09:58:29.000000000, ,1,,001,원평이장
4372040024,,외수침수,지방2급하천,0.0,4372040000,,00,,4200.0,20000510,산외면 시설8급,100.0,0.0,N,0.0,달천,1,미개수되어 하천범람 및 붕괴위험,20000510,,행정안전부,장갑,0.0,437202000002,0.0,1,축제형성이 불안하고 제방고가 낮고 하천폭이 좁아 상습적으로 침수가 발생하여 농경지 및 인명피해의 재해위험이 있음.,,0, ,한강,4,건설방재과장,3.0,30.0,001,0.0,,,20040128,정비공사 완료로 해제,보은군청,013,재난안전담당,, ,,2000,2015/11/03 10:04:56.000000000, ,1,,001,장갑2리이장
4783031040,,,,,4783000000,,,4783031040100890000023950     ,172834.0,,,,,,,후암지구,89,"집중호우 시 소가천 월류 및 내수배제 불량으로 인해 후암1, 2리 마을 및 농경지 침수피해 발생",20240531,,,후암지구,,478302024014,,2,태풍 및 집중호우에 의한 침수,,0,,낙동강,1,,,,001,,,,,,,-1,,0,,,,2024/05/30 18:03:28.000000000,,1,0,,
4372035021,,외수침수,지방2급하천,0.0,4372035000,,02,,1800.0,20000510,삼승면 시설9급,100.0,498.0,N,0.0,오덕천,1,단면부족으로 하천범람,20000510,20061205,행정안전부,원남,0.0,437202000003,0.0,1,오덕천의 하폭과 상원남천의 하폭이 협소하고 병목현상이 있어 상습적인 침수로 인하여 인명 및 농경지 피해의 재해위험이 있음.,,0,충청북도 보은군 삼승면 원남로3길  6-3   ,한강,4,건설방재과장,2.0,20.0,001,120.0,,,20070104,재해위험지구 정비사업 완료,보은군청,013,재난안전담당,, ,,2000,2015/11/03 10:08:06.000000000, ,1,,001,삼승면 원남2리 이장
4372025024,,내수침수,기타,0.0,4372025000,,00,,2000.0,19980126,보은읍 시설8급,0.0,420.0,N,0.0,중초천,1,배수불량으로 인한 내수침수,19980126,,행정안전부,교사2,0.0,437202005001,0.0,3,보청천 수위상승시 내수침수,,0, [지점번호:라바19763282],금강,4,건설방재과장,0.0,0.0,001,120.0,,,19990108,98년 국비 등 사업비 확보하여 우수관로 695m 정비함으로써,보은군청,050,재난안전담당,, ,,1998,2015/11/03 11:08:47.000000000, ,1,,001,교사3리 이장
4372025024,,산사태,기타,0.0,4372025000,,00,,1000.0,19960614,보은읍 시설8급,0.0,14.0,N,0.0,산사태,1,호우시 비탈면붕괴위험,19960614,,행정안전부,교사,0.0,437202005002,0.0,19,비탈면 붕괴 위험,,0, ,기타,4,건설방재과장,0.0,0.0,002,3.0,,,19981203,98년 국비 등 사업비 확보하여 옹벽 60m 정비로 위험요인 해소,보은군,050,재난안전담당,, ,,1996,2015/11/03 11:06:40.000000000, ,3,,001,교사리 이장
4372025021,,산사태,기타,0.0,4372025000,,00,,100.0,19960614,보은읍 시설8급,0.0,35.0,N,0.0,산사태,1,호우시 비탈면 붕괴위험,19960614,,행정안전부,삼산,0.0,437202005003,0.0,19,비탈면 붕괴 위험,,0, ,기타,4,건설방재과장,0.0,0.0,002,11.0,,,19980131,98년 국비 등 사업비 확보로 옹벽 60m 정비로 위험요인 해소,보은군,050,재난안전담당,, ,,1996,2015/11/03 11:09:14.000000000, ,2,,001,삼산리 이장
4372025022,,내수침수,지방2급하천,0.0,4372025000,,02,,800.0,20060228,보은읍 행정7급,100.0,320.0,N,0.0,항건천,1,배수불량으로 가옥침수 위험,20060228,20061205,행정안전부,죽전,0.0,437202006001,0.0,3,지방2급 하천(항건천) Back Water에 의한 우수관로의 배수 불량으로 가옥침수 및 인명피해 위험,,0, ,금강,4,건설방재과장,2.0,20.0,001,140.0,,,20080128,우수관로 매설완료,보은군청,013,재난안전담당,, ,,2006,2015/11/03 09:29:03.000000000, ,1,,001,보은읍 죽전1리장
4372034026,,농경지유실,지방2급하천,0.0,4372000000,,02,,400.0,20060303,재난안전과 시설6급,100.0,0.0,N,0.0,보청천,1,하천내 통수단면 저해 구조물 정비,20060303,20061205,,보청,0.0,437202006003,0.0,3,보은읍 학림리 ～ 금굴리까지 지방2급 하천 수위상승 및 노후된 취입보로 인하여 인근 농경지 침수 위험,탄부면 박원석 주무관,0, [지점번호:라바22322876],금강,1,재난안전과장,2.0,20.0,005,0.0,,,,,보은군청,013,재난예방팀장,0,,,2006,2024/09/23 21:02:17.000000000,,3,,,
4372039024,,제방 유실,지방2급하천,0.0,4372039000,,02,,136000.0,20060228,내북면 시설7급,100.0,90.0,N,0.0,흑천,240,제방 미정비로 농경지 유실 위험,20060228,20061205,행정안전부,창리,0.0,437202006004,0.0,3,지방2급 하천이 미정비되고 기존 교량의 통수단면이 부족하여 제방 유실 및 월류로 인하여 농경지 침수 위험,,0, ,금강,4,안전건설과장,2.0,20.0,005,30.0,,,20150522,,보은군청,013,재난안전계장,, ,,2006,2015/11/02 19:48:18.000000000, ,3,,001,내북면 창리리장
4372033029,,방재시설,지방도,0.0,4372000000,,02,,40000.0,20060228,재난안전과 시설6급,100.0,0.0,N,0.0,보청천,397,교량 통수단면부족으로 상류 농경지 침수 위험,20060228,20061205,,기대,0.0,437202006005,0.0,3,지방2급 하천(보청천+삼가천)이 합류되는 지점에 기존 교량의 여유고가 없어 통수 단면 부족으로 상류 농경지 침수 위험,마로면 박진형 주무관,0,충청북도 보은군 마로면 청산관기로  1193    ,금강,1,재난안전과장,2.0,20.0,005,0.0,,,,,보은군청,002,재난예방팀장,0,,,2006,2024/09/23 21:00:39.000000000,,3,7,,
4372031527,,내수침수,지방2급하천,0.0,4372000000,,02,,42500.0,20060228,속리산면 시설7급,100.0,315.0,N,0.0,달천,310,하천수위상승에 따른 배수불량,20060228,20061205,,사내,0.0,437202009006,0.0,1,달천 수위상승에 따른 내수침수,,0,,한강,4,건설방재과장,2.0,20.0,001,146.0,,,20100610,재해위험지구정비사업 추진으로 위험요인 해소,보은군청,013,재난안전담당,0,,,2006,2025/01/14 14:06:08.000000000,,2,13,,사내5리장
4372025021,,시가지침수,지방2급하천,0.0,4372025000,,02,,57000.0,20100715,시설7급,100.0,750.0,N,0.0,항건천,20,하천수위 상승에 따른 내수 침수 위험,20100715,20061205,국토교통부,삼산,0.0,437202011008,0.0,3,지방하천 수위 상승으로 인한 보은읍 삼산리 일원의 우수배제 불량에 따른 내수 침수 발생으로 가옥 및 시가지 침수,,0,충청북도 보은군 보은읍 삼산남로  7-17   ,금강,4,안전건설과장,2.0,20.0,001,250.0,,,20150522,,보은군청,013,재난안전계장,,삼산리 20-15,,2010,2015/11/03 10:38:10.000000000, ,2,15,005,삼산리 이장
4372035021,,시가지침수,지방2급하천,0.0,4372035000,,02,,9627.0,20131129,삼승면 시설9급,411.0,90.0,N,0.0,오덕천,524,하천 수위상승에 따른 제내지 침수,20131129,20061205,행정안전부,삼승,0.0,437202013009,0.0,3,우수관거 통수단면 부족 및 지방하천 수위상승에 따른 내수배제 불량으로 제내지 침수,,0,충청북도 보은군 삼승면 원남로3길  14-10   ,금강,4,안전건설과장,10.0,95.0,001,33.0,,,20170217,정비사업 완료에 따른 재해위험요인 해소,보은군청,013,재난안전계장,0,,,2013,2017/08/30 14:25:36.000000000,,2,2,001,원남2리 이장
4372031527,,제방유실,지방2급하천,0.0,4372000000,,02,4372031527103100074001766     ,178685.0,20131129,속리산면 시설9급,500.0,261.0,N,0.0,달천,310,하천범람 및 시설물 파손,20131129,20061205,,속리산,0.0,437202013010,0.0,1,지방2급 하천이 미정비되고 기존 교량의 통수단면이 부족하여 제방 유실 및 월류로 인하여 시가지 침수 위험,,0,,한강,4,안전건설과장,10.0,0.0,005,87.0,,,20201120,자연재해위험개선지구 정비사업 완료에 따른 해제,보은군청,013,재난안전팀장,0,,,2013,2025/01/14 14:08:34.000000000,,2,74,,
4375037027,,내수침수,지방관리,,4375037000,,,,150000.0,,안전총괄과 시설7급,200.0,,,,광혜원재해위험지구,35,집중호우 발생시 저지대 상습 침수,20020418,,행정안전부,광혜원,,437500002001,,3,집중호우 발생시 광혜원면 광혜원리 시가지 저지대 일부가 상습침수되는 지역임,,1,충청북도 진천군 광혜원면 장기길  78    ,금강,4,안전총괄과장,1.0,50.0,001,,,,20050214,재해위험지구 정비사업 완료,진천군,010,안전총괄과장 복구지원팀장,0,,,,2021/06/01 16:23:55.000000000,,1,11,001,
4375031032,,침수,군천,,4375000000,,,,390000.0,,안전총괄과 시설7급,200.0,,,,합목재해위험지구,542,집중호우시 경지내 배수불량으로 시설 비닐하우스 침수,20060501,,행정안전부,합목,,437502006001,,3,시설 비닐하우스 침수,,0, [지점번호:라바00137801],금강,4,안전총괄과장,5.0,50.0,001,,,,20100115,,진천군,042,안전총괄과 복구지원팀장,0,,,,2021/06/01 16:23:29.000000000,,3,,001,
4375033028,,붕괴,군도,,4375033000,,,,300000.0,,안전총괄과 시설7급,200.0,,,,문백재해위험지구,48,고개의 선형이 불량하고 절개지의 사면이 매우 불안정함,20060501,,행정안전부,문백,,437502006002,,19,절개지의 사면이 매우 불량함,,1, [지점번호:다바97846565],기타,4,안전총괄과장,5.0,50.0,002,,,,20100115,,진천군,004,안전총괄과 복구지원팀장,0,,,,2021/06/01 16:22:58.000000000,,2,1,001,
4375031022,,상습침수,지방2급하천,,4375000000,,,,300000.0,,안전총괄과 시설7급,200.0,,,,화상재해위험지구,297,"BOX형 세월교로서 통수단면 부족에 따른 제방유실,침수",20060501,,행정안전부,화상,,437502006003,,3,제방유실 및 침수,,0, [지점번호:라바00197694],금강,4,안전총괄과장,5.0,50.0,001,,,,20120810,,진천군,013,안전총괄과장 복구지원팀장,0,,,,2021/06/01 16:22:32.000000000,,3,,001,
4375034029,,붕괴위험,기타,,4375034000,,,,31000.0,,안전총괄과 시설7급,177.0,,,,급경사지,28,사면의절리낙석으로인한인명피해우려,20100512,,행정안전부,사정지구,,437502011004,,-1,사면의 극심한 풍화,,1,충청북도 진천군 백곡면 백곡로  1078-47   ,,4,안전총괄과장,2.0,19.0,002,,,,20120810,,진천군,050,안전총괄과 복구지원팀장,0,,,,2021/06/01 16:21:14.000000000,,2,1,001,
4375025033,,상습침수,지방2급하천,,4375025000,,,,24000.0,,안전총괄과 시설7급,177.0,,,,지방하천,121,다경간세월교로인한수해피해,20100512,,행정안전부,하목지구,,437502011005,,3,다경간세월교로 인해 집중호우시 하천 부유물이 통과하지 못하여 하천 범람 우려,,0,충청북도 진천군 진천읍 김유신길  116-17   ,금강,4,안전총괄과장,2.0,19.0,001,,,,20120810,,진천군,013,안전총괄과 복구지원팀장,0,,,,2021/06/01 16:21:55.000000000,,2,,001,
4375033029,,침수,지방2급하천,0.0,4375000000,도하리 402-1~414-1번지 일원,02,,160000.0,20150730,안전총괄과 시설7급,200.0,147.0,Y,0.0,지방하천,402,제방 미정비로 인한 수해우려,20131108,20110926,행정안전부,성암지구,0.0,437502013006,0.0,3,집중호우에 따른 하천범람 시 인접지역 피해 우려,,0, [지점번호:다바95036149],금강,4,안전총괄과장,4.0,50.0,001,67.0,,,,,진천군,013,안전총괄과 복구지원팀장,0,도하리 402-1~414-1번지 일원,20150715,2015,2021/06/01 16:21:36.000000000,제3차 자연재해위험개선지구 정비계획,3,1,001,
4777031032,,,군도,0.0,4777000000,,00,,7000.0,20100430,안전재난과 시설7,200.0,42.0,N,0.0,오십천,73,교량 통수단면 부족 및 하폭등 협소,20100430,,,오포지구,0.0,477702011008,0.0,19,교량 유실 및 인근 지역 침수,,0,경상북도 영덕군 강구면 신강구1길  5    ,기타,4,안전재난과 시설6,5.0,0.0,001,25.0,,,,,영덕군,004,안전재난과 시설7,0,강구 치안센터 옆,20100430,2010,2024/04/12 09:47:24.000000000,,2,1,,오포3리 이장
2772031034,,,지방2급하천,0.0,2772031000,,00,,0.0,20150720,안전건설과,0.0,25.0,N,0.0,위천,1,노후된 제방으로 인한 범람위험,19970925,,국토교통부,봉소지구,0.0,477202013011,0.0,,노후된 제방으로 인한 범람위험,,0, [지점번호:라바92970894],,4,안전건설과,0.0,0.0,001,7.0,,,20010316,,안전건설과,013,안전건설과,0,,,,2016/07/20 16:25:31.000000000,,1,,005,
4777036034,,,기타,0.0,4777000000,,00,,120000.0,19931110,안전재난과 시설7,0.0,472.0,N,0.0,벌영천 연평제,1,하천 폭 협소 및 내수배제 불량,19931110,,,연평지구,0.0,477702013013,0.0,19,제방범람으로 인한 주택 및 농경지 침수,,0,경상북도 영덕군 영해면 영덕로  1997    ,기타,4,안전재난과 시설6,0.0,0.0,001,122.0,,,20000723,연평재해위험지구 정비완료(하천정비 1600m),영덕군,050,안전재난과 시설7,0,,,,2024/04/12 10:28:54.000000000,,2,,,연평2리장
4777025023,,,기타,0.0,4777000000,,00,,470000.0,20100430,안전재난과 시설7,200.0,1586.0,N,0.0,배수펌프장,28,저지대로 시가지 배수불량,20100430,,,영덕지구,0.0,477702011010,0.0,19,시가지 침수,,0,경상북도 영덕군 영덕읍 서원길  21-2   ,기타,4,안전재난과 시설6,5.0,0.0,003,686.0,,,,,영덕군,050,안전재난과 시설7,0,"영덕시내, 우곡리 일원",,2010,2024/04/12 10:37:54.000000000,,2,36,,우곡이장
4777031032,,,기타,0.0,4777000000,,00,,60000.0,20100430,안전재난과 시설7,200.0,938.0,N,0.0,우수저류시설,87,저지대 시가지 침수,20100430,,,강구지구,0.0,477702011011,0.0,19,내수배재 불능,,0,경상북도 영덕군 강구면 나비산1길  12    ,기타,4,안전재난과 시설6,5.0,0.0,003,366.0,,,,,영덕군,050,안전재난과 시설7,0,"강구시장, 강구초교 일원",20100430,2010,2024/04/17 16:43:19.000000000,,2,6,,오포리장
4777032050,,,사유림,0.0,4777000000,,00,,500000.0,20100430,안전재난과 시설7,200.0,65.0,N,0.0,산사태,194,집중호우등에 따른 낙석.붕괴 우려,20100430,,,부흥지구,0.0,477702011012,0.0,19,토사 및 낙석등 발생 우려,,0,경상북도 영덕군 남정면 부흥길  16-1   ,기타,4,안전재난과 시설6,5.0,0.0,002,30.0,,,20150427,서민밀집위험지역 정비사업 완료(사면정비 200m),영덕군,016,안전재난과 시설7,0,,,2010,2024/04/12 10:35:34.000000000,,1,1,,부흥1리장
4672032023,,외수,지방2급하천,,4672032000,,,,300000.0,,시설8급,140.0,,,,삼기천,678,미개수 하천으로 제방고가 낮아 일우량 140mm이상시 상습침수,20000324,,국토교통부,괴소,,467202000002,,19,하천미개수로 집중호우시 하천범람시 농경지가 상습침수되는 지구로써 제방붕괴위험이 상존하여 하천개수가 시급함.,,0, [지점번호:다라74649272],기타,4,곡성군 재난안전관리과장,2.0,30.0,001,,,,20111205,정비완료,곡성군청 안전건설과,013,곡성군 재난안전관리과 재난관리담당,0,,,,2018/08/13 16:31:56.000000000,,3,32,005,이장
4672033032,,외수,지방2급하천,,4672033000,,,,450000.0,,시설8급,140.0,,,,백록천,387,미개수 하천으로 제방고가 낮아 일우량 140mm이상시 침수,20000324,,국토교통부,봉전,,467202000003,,19,"하천 미개수로 집중호우시 하천범람으로 농경지가 상습침수되는 지구로써 제방 붕괴위험이 상존하여 하ㅣ천개수가 
시급함.",,0, [지점번호:다라76837879],기타,4,곡성군 재난안전관리과장,2.0,30.0,001,,,,20111205,정비완료,곡성군청 안전건설과,013,곡성군 재난안전관리과 재난관리담당,0,,,,2018/08/13 16:31:37.000000000,,2,16,005,이장
4672037023,,,기타,,4672037000,,,,129401.0,,시설8급,250.0,,,,옥과천,160,집중호우시 매년 침수,20060228,,행정안전부,옥과 리문·무림 지구,,467202007001,,19,"주택, 농경지, 시가지, 5일시장등",,0, [지점번호:다라67189780],기타,4,지방행정사무관,1.0,100.0,001,,,,20111205,정비완료,곡성군청 안전건설과,050,지방행정서기,0,,,,2018/08/13 16:31:45.000000000,,2,,001,리장
4672025033,,,지방관리,0.0,4672025000,,00,,113744.0,20150721,안전건설과 시설8급,150.0,53.0,N,0.0,주택 및 농경지,530,침수위험지역으로 침수피해 발생,20130326,,행정안전부,곡성 신기지구,0.0,467202013004,0.0,5,하천범람 및 내수배제 불량으로 저지대 마을과 농경지 침수,,0,전라남도 곡성군 곡성읍 신기1길  2    ,섬진강,4,안전건설과 시설5급,2.0,60.0,001,22.0,,,20171122,정비사업완료로 위험요인 해소,곡성군 안전건설과,010,안전건설과 시설8급,0,,,2013,2017/11/23 18:48:51.000000000,,2,,001,신기리 이장
4679041527,,상습침수,지방관리,0.0,4679000000,,02,,50000.0,20151028,건설교통실 시설6급,0.0,60.0,N,0.0,동복천,1,호우시 하천이 범람하여 피해발생,20060310,20100927,,장전지구,0.0,467902006001,0.0,5,하천수위상승으로 배수불량 상습침수,,0,,섬진강,4,건설교통실 시설4급,2.0,0.0,001,20.0,,,,,건설교통실,010,건설교통실 시설6급,0,,,,2024/04/14 22:20:57.000000000,,3,,,사평면 장전리
4679031030,,상습침수,지방관리,0.0,4679000000,,02,,50000.0,20150712,건설교통실 시설6급,80.0,265.0,N,0.0,외남천,1,집중호우시 재해위험지구,20060310,20100927,,동가지구,0.0,467902007002,0.0,5,집중호우시 침수우려,,0,전라남도 화순군 한천면 외남로  431    ,섬진강,4,건설교통실 시설4급,2.0,0.0,001,120.0,,,20130626,사업완료로 재해위험 요소 해소,건설교통실,010,건설교통실 시설6급,0,,,,2024/04/14 22:20:10.000000000,,2,,,마을이장
4679041533,,취락지구,지방2급하천,0.0,4679000000,유마사 입구,02,,80000.0,20151028,건설교통실 7급,120.0,120.0,N,0.0,내남천,409,농경지 유실 및 가옥침수,20090415,20100927,,유마지구,0.0,467902009005,0.0,5,"집중호우시 인근에 산지가 높고 소하천이 많아서 유량이 집중되며 내남천 수위가 상승되면 내수 배제 곤란으로 제방유실 및 농경지 침수피해가 잦음.
 ",,0,,섬진강,2,건설교통실장,2.0,0.0,005,40.0,,,,,건설교통실,013,하천관리팀장,0,,,,2024/04/11 08:50:47.000000000,,2,,,마을이장
4679037031,,상습침수,지방관리,0.0,4679000000,00번지,00,,50000.0,20151028,건설교통실 시설6급,80.0,0.0,N,0.0,대초천,1,하천폭 협소로 유수단면 부족함,20060310,,,호암지구,0.0,467902009006,0.0,4,구조물 노후화로 시설물피해발생,,0, [지점번호:다라45175602],영산강,4,건설교통실 시설4급,2.0,25.0,001,0.0,,,20130626,사업완료로 재해위험요인 해소,건설교통실,010,건설교통실 시설6급,0,00번지,,,2024/04/14 22:19:45.000000000,,2,,,호암마을이장
4679025037,,상습침수,지방관리,0.0,4679000000,00번지,02,,84000.0,20151028,건설교통실 시설6급,200.0,300.0,Y,,웅곡천,748,하천폭 협소 유수단면 부족,20100514,20100927,,웅곡지구,0.0,467902011007,,4,구조물 노후화로 시설물피해발생,,0, [지점번호:다라50657236],영산강,4,건설교통실 시설4급,3.0,50.0,001,150.0,,,,,건설교통실,010,건설교통실 시설6급,0,00번지,20070801,,2024/05/28 15:23:10.000000000,웅곡천 하천정비기본계획,2,,,계소리3구 이장
4679036023,,상습침수,지방관리,0.0,4679000000,00,02,4679036023104930000028928     ,38900.0,20151001,건설교통실 시설6급,0.0,10.0,N,0.0,유곡천,493,하천폭 협소 유수단면 부족,20100514,20100927,,유곡지구,0.0,467902011008,0.0,4,구조물 노후화로 시설물 피해발생,,0,0,영산강,4,건설교통실 시설4급,2.0,80.0,001,5.0,,,,,건설교통실,010,건설교통실 시설6급,0,0,20060102,2010,2024/04/14 22:18:40.000000000,유곡천,2,0,,월곡1리 이장
4679042035,,상습침수,지방관리,0.0,4679000000,00,02,,15400.0,20151028,건설교통실 시설6급,0.0,142.0,N,0.0,대포천,1023,하천폭 협소 유수단면 부족,20100514,20100927,,대포지구,0.0,467902011009,0.0,4,구조물 노후화로 시설물 피해발생,,0, [지점번호:다라56146985],영산강,4,건설교통실 시설4급,0.0,0.0,001,76.0,,,,,건설교통실,010,건설교통실 시설6급,0,00,,,2024/04/14 22:18:10.000000000,,2,1,,대포리 이장
4679039521,,상습침수,지방2급하천,,4679000000,,,,50000.0,,건설교통실 시설6급,50.0,,,,임곡지구,1,침수위험,19980206,,,임곡지구,,467902013010,,5,제방 및 호안 미정비,,0,,섬진강,4,건설교통실 시설4급,2.0,0.0,001,,,,20021030,정비완료,화순군,013,건설교통실 시설6급,0,,,,2024/04/14 22:17:13.000000000,,2,,,
4683025321,,내수,지방2급하천,0.0,4683025300,,00,,500000.0,20151201,삼호읍사무소,90.0,0.0,N,0.0,망월천,972,제방단면부족으로 농경지 상습침수,19980120,,,서창,0.0,468302000002,0.0,4,하천제방을 축조하여 하천범람 및 농경지 침수방지,,0, [지점번호:다라12203789],영산강,4,영암군청 건설재난과,1.0,20.0,001,0.0,,,20201014,정비사업 완료,영암군청 안전건설과,013,영암군청 건설재난과,0,,,,2022/04/21 09:39:57.000000000,,3,4,,서창이장
4688038027,,제방노후,지방2급하천,0.0,4688038000,,00,,167000.0,20060406,북일면 총무담당,150.0,157.0,Y,0.0,북일천,1,하천시설물의 노후로 침수피해 발생,20060406,,국토교통부,문암지구,0.0,468802007001,0.0,4,하천시설물의 노후로 제방유실 및 침수피해 발생,,0,,영산강,4,재난안전실장,5.0,50.0,001,70.0,,,,,,013,재난안전실 방재담당,0,,,2006,2021/08/22 13:12:05.000000000,,2,,005,문암리 이장
4683035028,,내수,지방2급하천,0.0,4683035000,,00,,1450000.0,20151201,도포면사무소,150.0,5.0,N,0.0,도포천,1176,하천퇴적물 누적으로 유입유량이 급증하여 매년 농경지 상습침수,19981125,,,성·수산,0.0,468302000003,0.0,4,상류부 야산의 개간으로 퇴적물 유입이 심하고 제당이 낮아 우기시 농경지 상습침수,,0, [지점번호:다라22565037],영산강,4,영암군청 건설재난과,1.0,20.0,001,3.0,,,20201014,정비사업 완료,영암군청 건설방재과,013,영암군청 건설재난과,0,,,2015,2022/04/21 09:40:29.000000000,,3,8,,도포면마을
4481032036,,,기타,,4481032000,,,,8400000.0,,시설8,450.0,,,,차동천,440,통수단면 부족에 의한 침수발생,19990827,,국토교통부,차동재해위험지구,,448102011009,,19,"제방 L=8.4Km, B=5m",,0,,기타,4,안전관리과 복구지원팀장,3.0,80.0,001,,,,20011119,하천정비사업 완료로 위험요인 해소,예산군청,050,안전관리과 시설7,0,,,,2020/09/03 13:30:01.000000000,,2,,005,
4481032033,,,지방2급하천,0.0,4481000000,,02,,912000.0,20140328,안전관리과 시설6,0.0,0.0,Y,0.0,만사천,139,하천통수단면 부족,20140328,20070227,,만사지구,0.0,448102014010,0.0,7,"- 하천 여유고 및 하폭 부족, 제방월류에 의한 피해발생 우려
 - 제방노후 및 호안노후, 제방유실 및 호안파손",,0, [지점번호:다바42554316],삽교천,1,안전관리과 복구지원팀장,10.0,81.0,001,0.0,,,,,예산군,013,안전관리과 시설6,0,,20200910,2014,2024/04/13 16:27:06.000000000,지방하천 기본계획,3,5,,
4481025336,,,지방2급하천,0.0,4481000000,,02,,975000.0,20140328,안전관리과 시설6,0.0,41.0,Y,0.0,하포천,229,하천통수단면 부족,20140328,20070227,,하포지구,0.0,448102014011,0.0,7,"- 여유고 및 하폭 부족
 - 제방월류에 의한 피해발생 우려
 - 과거 제방유실 및 교량 노후로 인해 침수피해 발생",,0, [지점번호:다바33295922],삽교천,1,안전과리과 복구지원팀장,10.0,81.0,001,17.0,,,,,예산군,013,안전관리과 시설6,0,,,2014,2024/04/13 16:24:55.000000000,지방하천 기본계획,3,12,,
4481032026,,,지방2급하천,0.0,4481000000,,02,,695900.0,20140328,안전관리과 시설6,0.0,0.0,Y,0.0,시왕천,518,하천통수단면 부족,20140328,20070227,,시왕지구,0.0,448102014012,0.0,7,"- 석축 노후화에 의한 제방유실
 - 제방월류에 의한 피해발생
 - 여유고 및 하폭 부족
 ",,0, [지점번호:다바43634707],삽교천,2,안전관리과 복구지원팀장,10.0,81.0,001,0.0,,,,,예산군,013,안전관리과 시설6,0,,,2014,2024/04/13 16:18:17.000000000,지방하천 기본계획,3,1,,
4481031031,,,지방2급하천,0.0,4481031000,,02,,1104100.0,20140328,안전관리과 시설8,0.0,0.0,Y,0.0,이티천,578,하천통수단면 부족,20140328,20070227,국토교통부,이티지구,0.0,448102014013,0.0,7,"- 하천 여유고 및 하폭 부족, 제방월류에 의한 피해발생 우려
 - 제방 및 호안 노후, 제방유실 및 호안파손",,0, [지점번호:다바44714927],삽교천,4,안전관리과 복구지원,10.0,81.0,001,0.0,,,20200214,,예산군,013,안전관리과 시설7,0,,20081110,2014,2020/09/03 13:32:50.000000000,지방하천 기본계획,2,1,005,
4481031023,,,지방2급하천,0.0,4481031000,,02,,317200.0,20140328,안전관리과 시설7,0.0,0.0,Y,0.0,대곡천,70,하천통수단면부족,20140328,20070227,국토교통부,대곡지구,0.0,448102014014,0.0,7,"- 하천 여유고 및 하폭 부족, 제방월류에 의한 피해발생 우려
 - 제방 및 호안 노후, 제방유실 및 호안파손",,0, [지점번호:다바47045332],삽교천,4,안전과리과 복구지원팀장,10.0,81.0,001,0.0,,,20210330,정비사업 완료(예산군 고시 2021-62호),예산군,013,안전관리과 시설7,0,,20100610,2014,2021/05/31 11:02:19.000000000,지방하천 기본계획,2,0,005,
4421039000,,내수,지방2급하천,0.0,4421055000,,00,,0.0,20151117,서산시 안전총괄과,100.0,0.0,N,0.0,도당천 청지천,,농경지 상습침수,19990831,,국토교통부,장동,0.0,442101999002,0.0,,내수 침수,,, ,,4,서산시 안전총괄과,1.0,30.0,001,0.0,,,20060224,장동재해위험지구정비공사 완료,,013,서산시 안전총괄과,, ,,,2015/11/17 14:40:51.000000000, ,1,,005,
4421025022,,,기타,0.0,4421025000,,00,,0.0,20151117,안전총괄과,150.0,0.0,N,0.0,배수갑문,100,농경지 침수,19930710,,농림축산식품부,대로지구,0.0,442102011003,0.0,19,"하천호안 및 배수로정비사업이 필요한 내수 침수지구
 강우랑 150mm 이상시 침수
 ",,0, [지점번호:다바04438558],기타,4,안전총괄과,2.0,30.0,001,0.0,,,20010607,대로지구 배수로정비공사 사업완료,,050,안전총괄과,, ,,,2015/11/17 14:36:14.000000000, ,1,16,002,
4380033021,,산사태,지방1급하천,,4380033000,,,,,,충북 단양군 영춘면,200.0,,,,남한강천,46,영춘면 상리 산46번지 일원 장기간 진행중인 지반활동,19950728,,행정안전부,휴석동,,438002000001,,1,강우에 의한 지하수위 상승과 지질학적 원인이 복합되어 지반활동,해제,1, [지점번호:라바87279919],한강,4,단양군 재난관리과장,3.0,50.0,002,,,,20000708,정비완료에 따른 위험요인 해소,,012,단양군 재난관리과 복구담당,, ,,,2013/06/16 12:34:40.000000000,,1,,001,
4380033025,,침수,지방2급하천,,4380033000,,,,,,단양군청 영춘면,200.0,,,,마포천,724,침수 방지를 미연에 방지하는데 있음,19991025,,국토교통부,의풍지구,,438002000002,,1,"집중호우시 마포천으로 많은량의 유수가 유입됨으로 기존 마포천의 
홍수단면적 부족으로 인근 농경지및 가옥침수로 재해피해 우려",해제,0, [지점번호:라바98919684],한강,4,단양군청 재난관리과장,1.0,50.0,001,,,,20020709,,,013,단양군청 건설과 방재재난담당,, ,,,2013/06/16 12:47:47.000000000,,3,1,005,
4380025327,,침수,지방2급하천,,4380000000,,,,670000.0,,단양군청,200.0,,,,대가천,1,침수 피해를 미연에 방지하는데 있음,20060302,,,평동지구,,438002000003,,1,"집중호우시 대가천으로 많은량의 유수가 유입됨으로 기존 대가천의 홍수단면적 
 부족으로 인근 농경지및 가옥침수로 인한 재해피해 우려",해제,0,,한강,4,단양군청 과 장,3.0,50.0,001,,,,20100526,정비완료,,013,단양군청 복구담당,0,매포 중학교앞,,,2025/01/14 10:42:15.000000000,,1,,,
4380033026,,외수,지방2급하천,,4380000000,,,,550000.0,,충북 단양군청 영춘면,200.0,,,,동대천,1,침수피해를 예방으로 농경지 및 가옥 보호,20000530,,,동대지구,,438002002001,,1,"집중호우시 동대천으로 많은량의 유수가 유입됨으로 기존 동대천의 홍수단면적 부족으로 인근 농경지, 가옥 침수로
재해피해 우려",해제,0, [지점번호:라바96119736],한강,4,단양군청 재난관리과,4.0,50.0,001,,,,20080116,2006 수해복구사업으로 정비완료,,013,단양군청 재난관리과,0,,,,2025/01/14 11:17:49.000000000,,2,,,동대1리 이장
4380031023,,외수,지방2급하천,,4380000000,,00,,55000.0,20200520,충북 단양군 대강면,200.0,76.0,N,,죽령천,93,침수피해를 미연에 방지하는데 있음,20000530,,,당동지구,,438002002002,,1,"집중호우시 죽령천으로 많은량의 ㅇ수가 유입됨으로 기존의 죽령천의 홍수단면적 부족으로 인근 농경지, 가옥침수로
인한 재해피해 우려",해제,0, [지점번호:라바77398103],한강,4,단양군청 재난안전관리과,4.0,50.0,001,20.0,,,20050220,,,013,단양군청 재난안전관리과 복구담당,0,,,2020,2025/01/14 10:40:44.000000000,,2,,,
4380034021,,내수,지방2급하천,,4380000000,,,,210000.0,,충북 단양군 어상천면,200.0,,,,임현천,1,침수피해를 미연에 방지하는데 있음,20000530,,,임현지구,,438002002003,,1,"집중호우시 임현천으로 많은량의 유수가 유입됨으로 기존 임현천의 홍수단면적 부족으로 인근 농경지, 가옥침수로 인한 재해피해 우려",해제,0, [지점번호:라사75300362],한강,4,단양군청 재난관리과 과장,4.0,50.0,001,,,,20080116,정비완료,,013,단양군청 재난관리과 복구지원담당,0,,,,2025/01/14 11:17:16.000000000,,2,,,
4380036025,,산사태,지방2급하천,,4380000000,,,,400000.0,,충북 단양군 단성면,200.0,,,,남한강천,13,산사태 피해를 미연에 방지하는데 있음,20000530,,,하방지구,,438002002004,,1,"지반활동의 직접적인 원인은 강수에 의한 지하수위의 상승이며, 지질학적 지형적 원인이 복합되어 지반활동",해제,1,충청북도 단양군 단성면 하방4길  8-7   ,한강,4,단양군청 재난안전관리과장,4.0,50.0,002,,,,20060302,정비완료,,013,단양군청 재난안전관리과 복구지원담당,0,,,,2025/01/14 10:40:24.000000000,,2,1,,
4380035025,,낙석,군도,,4380000000,,,,110000.0,,충북 단양군 적성면,200.0,,,,상리,30,낙석위험.,20000530,,,상리지구,,438002002005,,19,집중호우시 도로 비탈면 낙석 관계로 차량통행 및 재해피해 우려,해제,1,,기타,4,단양군청 재난관리과 과장,4.0,50.0,002,,,,20070201,,,004,단양군청 재난관리과 복구지원담당,0,,,,2025/01/14 11:15:33.000000000,,2,1,,
4380033029,,상습침수,군천,,4380000000,유암 영춘분교 일원,,,450000.0,,단양군 영춘면,200.0,,,,하유천,133,하천단면이 협소하여 집중호우에 취약하고 외수 범람으로 주변이 자주침수,20060302,,,유암지구,,438002006001,,19,"집중호우시 하유천으로 많은 량의 유수가 유입됨으로 기존 하유천의 홍수단면적부족으로 인근 농경지, 가옥침수로 인한 재해피해 우려",해제,0, [지점번호:라사79130617],기타,4,단양군청 재난관리과 과 장,3.0,50.0,001,,,,20100526,정비완료,,042,단양군청 재난관리과 복구담당,0,유암 영춘분교 일원,,,2025/01/14 11:16:00.000000000,,3,5,,단양군 영춘면
4380035025,,낙석,군도,,4380035000,,,,,,충북 단양군 적성면,200.0,,,,상리,38,낙석위험,19960705,,행정안전부,과광재 지구,,438002006002,,1,집중호우시 도로 비탈면 낙석 관계로 차량통행 및 재해피해 우려,해제,1, [지점번호:라바69498729],한강,4,단양군청 재난안전관리과 과장,4.0,50.0,002,,,,19980131,위험요소해소,,004,단양군청 재난안전관리과 복구지원담당,, ,,,2013/06/16 13:18:01.000000000,,3,1,001,충북 단양군 적성면
4374025000,,,지방1급하천,,4374000000,,02,,23000.0,,영동군청 시설8급,0.0,,,,영동천,,집중호우시 상습침수 피해우려,19960704,20061011,,영산지구,,437402006005,,-1,집중호우시 상습침수 피해가 빈발하는 지구임.,,,,,4,시설6급,0.0,0.0,001,,,,19980107,공사완료로 위험요인 해소,,012,시설8급,0,,,,2023/04/26 09:48:24.000000000,,3,,,
4380033034,,낙석,지방도,,4380033000,,,,,,충북 단양군 영춘면,200.0,,,,사지원1,1,낙석위험,19950302,,행정안전부,사지원1지구,,438002006003,,1,집중호우시 도로 비탈면 낙석 관계로 차량통행 및 재해피해 우려,해제,0, [지점번호:라사85800163],한강,4,단양군청 재난안전관리 과장,4.0,50.0,002,,,,19951008,,,002,단양군청 재난안전관리과 복구지원담당,, ,,,2013/06/16 11:53:17.000000000,,3,,001,
4380033034,,낙석,지방도,,4380033000,,,,,,충북 단양군 영춘면 상리,200.0,,,,사지원2,67,낙석위험,19950302,,행정안전부,사지원2,,438002006004,,1,집중호우시 도로 비탈면 낙석 관계로 차량통행 및 재해피해 우려,해제,1,충청북도 단양군 영춘면 강변로  209-4   ,한강,4,단양군천 재난안전관리과 과장,4.0,50.0,002,,,,19951008,,,002,단양군청 재난안전관리과 복구지원담당,, ,,,2013/06/16 12:25:40.000000000,,3,1,001,충북 단양군 영춘면
4380033021,,,지방1급하천,,4380000000,,,,78000.0,,단양군청 안전건설과,200.0,,,,느티재해위험지구,103,침수지역,20090529,,,느티지구,,438002011006,,1,"* 상류지역 집중호우 시 남한강 수위상승으로 인한 내수침수지역
 * 곡계골 세천과 남한강이 합류되는 지점에서 주거지로 침수 우려",,0, [지점번호:라바88319898],한강,4,단양군청 재난안전과,3.0,50.0,001,,,,20140926,재해위험해소(정비사업완료),단양군청 안전건설과,012,단양군청 재난안전과,0,,,,2025/01/14 11:14:52.000000000,,2,1,,상2리 이장
4374025000,,외수침수,지방1급하천,,4374000000,,02,,870000.0,,시설8급,200.0,,,,영동천,,제방단면 부족으로 집중호우시 하천이 범람되어 상습침수 피해가 빈발,19980107,20061011,,계산지구,,437401998001,,3,"제방단면 부족으로 집중호우시 하천이 범람되어 상습침수 피해가 빈발하는 지구로 하천개수가 시급한 지역임
하천이 미 개수된 지역으로 현 하폭이 45m이나 계획하폭은 70m임 현제방고는 3.3m이나 하천정비기본계획의 제방고는 6.0m임.",,,,금강,4,시설6급,3.0,40.0,001,,,,20011231,제방공사 완료로 위험요인 해소,,012,시설8급,0,,,,2023/04/26 10:47:48.000000000,,3,,,
4380033021,,붕괴위험,지방1급하천,,4380033000,,,,36000.0,,단양군청 안전건설과,200.0,,,,반공재해위험지구,563,집중호우시 지반활동,20090529,,행정안전부,반공지구,,438002011007,,1,"* 집중호우시 지하수위상승으로 사면 붕괴 위험 우려
 * 배수 불안정 사면붕괴로 통행 제한
 * 산사태 발생시 영춘면 소재지 침수 피해 우려 ",,0, [지점번호:라바87119909],한강,4,단양군청 재난안전과,4.0,50.0,002,,,,20190228,,단양군청 안전건설과,012,단양군청 재난안전과,0,,,,2020/06/16 15:53:22.000000000,,2,,001,상2리 이장
4380033022,,침수위험,지방1급하천,0.0,4380033000,,00,,4800.0,20151106,단양군청 안전건설과,200.0,0.0,N,0.0,영춘 하리 재해위험지구,122,"농경지,가옥침수우려",20100601,,행정안전부,하리지구,0.0,438002011009,0.0,1,"*여름철 집중호우 시 남한강 수위상승으로 가옥 및 농경지 침수
 *남한강물이 역류되어 남천천의 배수가 지연되어 주거지역 침수
 *호우 시 용수로 범람으로 내수 침수 피해 우려",,0,충청북도 단양군 영춘면 남천1길  41-1   ,한강,4,단양군청 재난안전과,4.0,50.0,001,0.0,,,20190228,,단양군청 안전건설과,012,단양군청 재난안전과,0,,,,2020/06/16 15:51:56.000000000,,2,5,001,하리 이장
4380036023,,붕괴위험,농어촌도로,0.0,4380036000,,00,,9500.0,20100601,단양군청 안전건설과,200.0,50.0,N,0.0,상방재해위험지구,12,도로사면 붕괴로 인한 인명피해우려,20100601,,,상방지구,0.0,438002011011,0.0,19,"*도로절취면 급경사로 집중호우 시 붕괴로 인명피해 우려
 *배수 불안정 사면붕괴 우려",,1,충청북도 단양군 단성면 상방2길  18    ,기타,4,단양군청 재난안전과,7.0,50.0,002,10.0,,,20190228,,단양군청 안전건설과,051,단양군청 재난안전과,0,,,2010,2022/04/28 18:25:10.000000000,,1,44,,상방리 이장
4380036024,,붕괴위험,기타,0.0,4380036000,주택,00,,4600.0,20151106,단양군청 안전건설과,200.0,0.0,N,0.0,중방재해위험지구,102,택지기반 불안,20100601,,행정안전부,중방지구,0.0,438002011012,0.0,-1,"*집중호우 시 주택지 노후로 붕괴 위험 주거불안
 *배수기능 불안정 택지가반 약화로 붕괴 상존",,0,"충청북도 단양군 단성면 중방리길  9-10, 주택  ",,4,단양군청 재난안전과,4.0,50.0,002,0.0,,,20190228,,단양군청 안전건설과,050,단양군청 재난안전과,0,,,,2020/06/16 15:51:06.000000000,,2,1,001,중방리 이장
4374032000,,외수침수,지방1급하천,,4374000000,,02,,440000.0,,안전관리과 시설8급,200.0,,,,초강천,,제방단면 부족으로 집중호우시 하천이 범람하여 재해발생 우려,19980410,20061011,,남성1지구,,437401998002,,3,"제방단면 부족으로 집중호우시 하천이 범람되어 상습침수 피해가 빈발하는 지구로 하천개수가 시급한 지역임
하천이 미 개수된 지역으로 현 하폭이 98m이나 계획하폭은 110m임 현제방고는 4.5m이나 하천정비기본계획의 제방고는 7.6m임.",,,,금강,4,안전관리과 시설6급,4.0,40.0,001,,,,20011231,제방공사 완료로 위험요인 해소,,012,안전관리과 시설8급,0,,,,2023/04/26 10:47:25.000000000,,3,,,
4374025034,,외수침수,지방2급하천,,4374000000,,02,,350000.0,,안전관리과 시설8급,200.0,,,,주곡천,1,제방단면 부족으로 집중호우시 하천 범람으로 상습침수 피해가 빈발,20000530,20061011,,주곡지구,,437402002001,,-1,"제방단면 부족으로 집중호우시 하천이 범람되어 상습침수 피해가 빈발하므로 재해위험지구로 하천개수가 시급한지역임
하천이 미개수된 지역으로 현 하폭이 26m이며 현 제방고는 2.3m",,0,,,4,안전관리과 시설6급,2.0,40.0,001,,,,20040129,,,013,안전관리과 시설8급,0,,,,2023/04/26 10:46:58.000000000,,1,,,
4374032026,,외수침수,지방2급하천,,4374000000,,02,,360000.0,,시설8급,200.0,,,,석천,234,제방단변 부족으로 집중호우시 하천이 범람되어 상습침수피해가 빈발,20000530,20061011,,완정지구,,437402002002,,3,"제방단면부족으로 집중호우시 하천이 범람되어 상습침수 피해가 빈발하는지구로 하천개수가 시급
하천이 미개수된 지역으로 현 하폭이 75m , 현 제방고는 2.5m",,0,,금강,4,시설6급,2.0,40.0,001,,,,20051220,,,013,시설8급,0,,,,2023/04/26 10:46:04.000000000,,1,1,,
4471025026,,,지방2급하천,,4471000000,,02,,230056.0,20200416,군민안전과 시설7,130.0,960.0,Y,1.0,금산천,405,"하류농경지 월류피해 발생, 시가지구간 주거지 밀집, 저지대 상습침수",20200416,20160601,,금산지구,,447102020012,30236.0,3,"  - 하류 농경지 구간 제방고 부족, 과거 월류피해 발생
  - 금산읍 시가지 구간 통과, 주거지 밀집,
  - 하천 수위상승시 배수불량으로 저지대 상습침수
  - 시가지 일부 하천정비공사 시행되었으나, 미시행구간 및 배후지에 대한 대책 미흡",,0,,금강,1,군민안전과장,1.0,40.0,001,320.0,,,,,금산군청,013,군민안전과 시설7,0,,20161010,2020,2024/04/04 09:29:06.000000000,금산천 하천기본계획,2,2,,
4313035021,,,지방관리,0.0,4313000000,,02,,108986.0,,시설7급,,150.0,N,12.0,용원배수펌프장,26,요도천 수위 상승시 내수배제 불량으로 침수위험,20201224,,,용원,,431302021014,0.0,1,"지방하천 요도천 상류부에 위치하며, 제외지보다 제내지 지반고가 낮고 기존 면소재지로부터 요도천으로 합류되는 배수관의 통수단면이 협소하여 집중호우시 배수처리 장애에 따른 침수 위험",,0,,한강,2,안전총괄과장,,,001,200.0,,,,,충주시청 하수과,010,시설7급,0,,,2017,2024/10/02 13:38:32.000000000,,2,9,,
4782034049,,,지방2급하천,,4782000000,,02,,260407.0,20230324,안전총괄과 지방시설주사보,,197.0,Y,,대곡천,856,대곡천 주변지역 침수위험,20230331,20200702,,이서지구,,478202023020,,2,침수위험,,0,,낙동강,1,안전총괄과 과장,,,001,91.0,,,,,,013,안전총괄과 지방시설주사보,0,,20220602,2023,2024/09/23 17:23:57.000000000,밀양강상류권역하천기본계획,2,,,
4717011000,,,기타,0.0,4717000000,,00,,177224.0,20230406,,,,,,용상지구,1517,반변천 수위 상승에 따른 내수배제 불량 및 용상배수펌프장 홍수배제능력 부족으로 인한 제내지 침수위험,20230406,,,용상지구,0.0,471702023026,,2,"최근 집중호우 및 용상동 도심화에 따른 도로 및 주거지가 침수되었으며, 현장조사 및 위험요인 검토 결과 반변천 수위 상승에 따른 내수배제 불량 및 용상배수펌프장 홍수배제능력 부족으로 인한 제내지 침수위험이 예상되는 바 침수위험지구로 지정함.",,0,,낙동강,1,안전재난과장,,,001,,,,,,,050,안전재난과 시설8,0,,,2023,2024/04/14 11:15:17.000000000,,1,242,,
4691034024,,,기타,,4691000000,,,,10200.0,,안전관리과 지방시설8급,,,,,농경지,445,상습가뭄지역,20171113,,,도고,,469102023034,,-1,타사업 추진완료,,0,,,3,안전관리과 지방시설5급,,,007,,,,,,,050,안전관리과 지방시설8급,0,,,,2024/09/09 17:38:18.000000000,,1,1,,
2917013900,,,,,2917000000,,,2917013900109760010047623     ,913750.0,,하천방재과 지방시설주사보,,,,,첨단 자연재해위험개선지구,976,"· 진원천, 학림천(지방)의 통수단면 
 부족으로  인한 침수피해 발생 
· 첨단산업단지 내수배제 불량으로 
 인하여 침수피해 발생",20240312,,,첨단1단계 자연재해위험개선지구,,291702024007,,-1,침수위험,,0,,,1,안전총괄과 지방행정주사,,,001,,,,,,광주광역시 북구청 건설과,-1,안전총괄과 지방시설서기,0,,,,2024/12/06 10:14:15.000000000,,1,10,,
5115012900,,,지방2급하천,,5115000000,,02,,4965000.0,,지방시설주사보,,481.0,Y,,섬석천지구,833,"- 섬석천은 군부대 하부를 통과하고 있으며, 복개BOX의 통수단면적 부족으로 병목현상이 발생하여 군부대 및 상류지역 대규모 침수
",20240321,,,섬석천,,511502024034,,19,"- 하류부 하폭이 상류보다 좁아 신속한 홍수 배제가 어려운 실정이며, 원활한 홍수소통을 위해 확폭을 통한 통수단면 확보 필요",,0,,기타,2,지방시설주사,,,001,229.0,,,,,,013,지방시설주사보,0,,,2024,2024/10/25 16:39:18.000000000,섬석천 자연재해위험개선지구 정비사업 타당성용역 및 기본계획,1,,,
5172033021,,,,,5172000000,,02,,26233.0,,건설과 시설7급 ,,,,2.0,물걸지구,962,강우 시 마을진입로인 잠수교 월류로 인한 마을고립 발생 및 인명피해 우려 ,20190716,20121108,,물걸지구 ,,427202019020,,-1,강우 시 잠수교 월류,,0,강원도 홍천군 내촌면 물걸리 962,,4,재난안전과장,,,004,,,,20230504,정비사업 완료에 따른 고립위험 해소,홍천군청,-1,재난안전과 행정7급,0,강원도 홍천군 내촌면 물걸리 962,,,2023/06/07 13:41:33.000000000,,1,,,물걸2리 이장
4783034032,,,,,4783000000,,00,,447286.0,,군민안전과 시설7,,71.0,,,호촌지구,608,"낙동강의 계획홍수위 보다 낮은 저지대 지역으로 낙동강의 수위상승시 상습침수피해 발생
배수로 정비 및 강제 배제시설 설치를 통해 침수위험요인 해소 필요",20200827,,,호촌지구,,478302020011,,2,낙동강 수위 상승시 내수배제 불량,,0,번지 일원,낙동강,1,군민안전과 행정5,,,001,31.0,,,,,고령군,-1,군민안전과 시설7,0,번지 일원,,2020,2024/04/11 18:01:06.000000000,,1,3,,
4376037030,,침수위험,지방1급하천,,4376000000,,02,4376037030101700002011324     ,193700.0,,안전정책과 시설7,188.0,142.0,Y,,압항천,680,하천의 외수범람 및 내수배제 불량으로 주택 및 농경지 침수,20201204,20061229,,압항지구,,437602020024,,1,하천의 외수범람 및 내수배제 불량으로 주택 및 농경지 침수,,0,,한강,2,안전정책과장,1.0,,001,71.0,,,,,괴산군청,012,안전정책과 시설7,0,,20120405,,2024/04/09 14:00:08.000000000,압항천지방하천기본계획,2,0,,
5213011600,,,기타,,5213000000,,,4513011600100030024018215     ,6200.0,,행정9급,,,,,송창2지구,3,지반상태가 불량하고 사면유실피해가 상습 발생하는 지역으로 연립주택이 인접하고있어 인명 및 재산피해위험 상존,20210104,,,송창2,,451302021016,,-1,"집중호우시 붕괴우려
주민이주 및 사면정비를 통한 위험요인 해소",,0,,,2,시설5급,,,002,,,,,,,050,시설8급,0,,20210104,,2024/04/22 22:02:15.000000000,,1,24,,마을통장
4793033027,,,지방도,,4793000000,,,4793033027107410000009142     ,397494.0,,경북도청 도로철도과 지방시설6급,,,,,산포지구,745,"폭풍해일, 조위상승 등으로 월파피해",20220822,,,산포지구,,479302022026,,19,해일위험,,0,,기타,1,,,,006,,,,,,,002,울진군청 안전재난과 지방시설7급,0,,,2022,2023/06/26 20:08:35.000000000,,2,2,,
1111010700,,,지방도,,1111000000,,,,166858.0,,황재혁,,,,,배수시설,51,내수배제 불량,20221124,,,광화문 일대 ,,111102023006,,-1,내수침수,,0,,,2,,,,001,,,,,,종로구 치수과,002,,0,일원,,2022,2024/10/28 13:53:27.000000000,,2,2,,
5123012500,,산사태,기타,,5123054000,,,,,,지방행정서기,0.0,,,,산사태,3,사면길이 70M로 우기시 산사태 예상,19960615,,행정안전부,나릿골지구,,422301996001,,,"경사각 60도 이상 비탈면이 계단식으로 주택이 형성되어 있어 우기시에 많은 침투수로 비탈면의
슬라이딩 현상으로 하단부 밀집 주거지역 인명피해 발생우려 상존",,1, [지점번호:마사49013946],,4,재난안전관리과장,0.0,0.0,002,,,,20011208,정비완료(재해붕괴우험 재해예방사업 완료),,050,재난안전관리과 복구지원담당,, ,,,2013/06/04 16:15:51.000000000,,3,1,001,
5123010100,,상습침수,지방1급하천,,5123057000,,,,,,지방행정서기,250.0,,,,오십천,173,저지대로서 우기시 배수불량으로 일우량250m/m이상시 상습침수,19960615,,행정안전부,성남지구,,422301996002,,,"하상고(EL5.9m)제내지측 지반고(EL7.1m)의 고저차가 1.2m에 불과하여 호우 및 태풍내습시
하천수위상승으로 자연배수가 되지않아 건물32동이 내수침수 위험지구로 배수펌프시설 설치 시급",,0, ,,4,재난안전관리과장,3.0,40.0,001,,,,20011208,정비완료(이주보상완료),,012,재난안전관리과 복구지원담당,, ,,,2013/06/04 16:09:25.000000000,,2,3,001,
5123012100,,상습침수,지방1급하천,,5123051000,,,,,,지방행정주사보,300.0,,,,오십천,10,호우 및 태풍 내습시 하천수위상승으로 내수침수,19960615,,행정안전부,기린지구,,422301996003,,,"하상고(EL1.5m)제내지측 지반고(EL3.1m)의 고저차가 1.6m에 불과하여 호우 및 태풍내습시 
하천수위상승으로 자연배수가 되지않아 건물65동이 내수침수 위험지구로서 보상이주가 시급람",,0, [지점번호:마사48753806],,4,재난안전관리과장,3.0,30.0,001,,,,20011208,정비완료(보상이주),,012,재난안전관리과 복구지원담당,, ,,,2013/06/05 17:21:25.000000000,,2,3,001,
5123025030,,산사태,기타,,5123025000,,,,,,지방토목주사보,300.0,,,,오봉산,94,기존지반 지지력 약화로 산사태 발생,19960615,,행정안전부,달전지구,,422301996004,,,"경사각60도 이상 정개지로서 암반위에 점질토로 형성되어 있어 우기시 슬라이딩 발생으로
하단부 주택매몰 및 군도(2호)의 유실매몰로 인명피해 발생우려 상존",,1,강원도 삼척시 도계읍 도상로  76-37   ,,4,재난안전관리과장,3.0,30.0,002,,,,20001218,붕괴위험에 따른 재해예방사업 완료,,050,재난안전관리과 복구지원담당,, ,,,2013/06/05 17:27:12.000000000,,1,1,001,
5123012500,,내수침수,지방1급하천,,5123054000,,,,,,시설7급,200.0,,,,건물보상,367,저지대로서 우기시 배수불량으로 일우량 200m/m이상시 상습침수,19960615,,행정안전부,봉황지구,,422302000004,,,"하상고(EL 3.8m) 제내지측 지반고(EL 4.8m)의 고저차가 1.0m로에 불과하여 호우 및 태풍내습시 하천수위상승으로 
자연배수가 되지않아 건물 107동이 내수침수 위험지구로서 배수펌프시설 설치 시급",,0, [지점번호:마사47793925],,4,삼척시청 재난안전관리과장,3.0,35.0,001,,,,20111010,,,012,삼척시청 재난안전관리과 복구지원담당,, ,,,2013/06/05 17:32:10.000000000,,2,1,001,15통 통장
5123012600,,외수침수,지방1급하천,,5123054000,,,,,,지방행정7급,150.0,,,,건물보상,195,저지대로서 일우량 150m/m이상시 하천수위 상승으로 상습외수침수,19961023,,행정안전부,건너불지구,,422302000005,,,"오십천 하류지역으로서 하천변에 민가가 형성되어 있어 강우량 150m/m강우시 및 태풍 내습시 하천수위 상승으로 
지구내 침수가옥발생(10동)",,0, ,,4,삼척시 재난안전관리과장,2.0,30.0,001,,,,20041118,보상이주 완료에 따른 해제,,012,삼척시 재난안전관리과 복구지원담당,, ,,,2013/06/13 16:15:42.000000000,,2,7,001,
5123025033,,산사태,사유림,0.0,5123025000,번지 일원,02,,6000.0,19960615,재난안전과 시설7급,300.0,0.0,N,0.0,사방,181,기존 지반지지력 약화로 산사태 위험,19960615,20121019,행정안전부,절골지구,0.0,422302000008,0.0,-1,"경사각 70도 이상 절개지로서 사력(광산폐석)질로 형성되어 있어 우기시 슬라이딩발생으로 하단부
 주택 매몰로 인명피해 발생우려 상존",,1,"강원도 삼척시 도계읍 흥전길  126-4, 번지 일원  ",,3,재난안전과 행정5급,3.0,30.0,002,0.0,,,,,재난안전과,016,재난안전과 시설6급,0,,,,2020/08/28 10:10:10.000000000,,2,96,001,흥전4리 리장
5123012500,,산사태,사유림,,5123054000,,,,,,지방행정7급,150.0,,,,옹벽 및 건물보상,1,사면길이 150m정도로 우기시 낙석위험,19960615,,행정안전부,막장지구,,422302000009,,,"경사각 80도 이상 절개지로서 암석이 많고 풍화가 진행되고 있어 암석붕락 또는 슬라이딩 발생시 하당부
밀집주거지역 인명피해 발생우려 상존",,1, [지점번호:마사49073914],,4,삼척시청 재난안전관리과장,3.0,30.0,002,,,,20041118,붕괴위험에 따른 재해예방사업 완료,,016,삼척시청 재난안전관리과 복구지원담당,, ,,,2013/06/04 16:29:51.000000000,,2,1,001,
4874025029,,,지방2급하천,,4874000000,,02,4874025029103570000000134     ,563640.0,20230406,창녕읍 지방시설주사,,350.0,Y,9.0,도야천,582,"계획홍수위보다 낮은 저지대 지역(내수 자연배제 불량) 및 월류 위험(외수 침수), 배수시설 불량(내수 침수)등으로 인한 복합적인 상습침수지역",20230406,20080529,,도야지구,,487402021030,240000.0,2,도야천 수위 상승으로 인한 내수 침수피해,,0,,낙동강,2,창녕군 안전치수과장,,,001,200.0,,,,,창녕군청 안전치수과,013,창녕군 안전치수과 지방시설주사보 장웅진,0,,20221230,2023,2024/09/26 11:46:24.000000000,도야천 하천기본계획,2,0,,하리이장
5123025323,,산사태,사유림,,5123025300,,,,,,지방토목7급,250.0,,,,사방시설,33,임야균열 및 침하로 산사태 위험,19991210,,행정안전부,길곡지구,,422302002001,,,"절리면의 경사각이 57도 정도로 매우 급하며 토양 밑의 암석이 단단하고 불연속 단면을 형성하고있어
절리 암석이10~20cm정도로 작게 분리되어 교란되고있어 강우시 침하가 용이하여 균영과 침하가 진행중",,1, [지점번호:마사61291461],,4,삼척시 건설과 건설과장,3.0,40.0,002,,,,20041118,위험주택 이주보상 완료후 슬라이딩 발생의 진행이 없어 해제,,016,삼척시 재난안전관리과 복구지원담당,, ,,,2013/06/05 18:02:01.000000000,,3,,001,
5123012000,,상습집수,지방1급하천,,5123051000,,,,,,지방행정주사보,150.0,,,,오십천,140,저지대로서 우기시 배수물량으로 일우량 150m/m이상시 상습침수,19960615,,행정안전부,사직지구,,422302002002,,,"하상고(EL3.8M)제내지측 지반고(EL5.7M)의 고저차가 1.9M에 불과하여 호우 및 태풍내습시
하천수위5.2M상승으로 자연배수가 되지 않아 지구내 침수예상가옥 41동 이주보상",,0, [지점번호:마사47593878],,4,건설국 재난안전관리과장,3.0,30.0,001,,,,20001218,정비사업 완료(보상 이주완료),,012,건설국 재난안전관리과 복구지원담당,, ,,,2013/06/05 18:08:54.000000000,,2,1,001,
5123012000,,상습침수,지방1급하천,,5123051000,,,,,,시설7급,200.0,,,,오십천,55,저지대로서 우기시 배수불량으로 일우량 200m/m이상시 상습침수,20031107,,행정안전부,시가지,,422302004001,,15,- 시가지전체 표고가 EL=4.0~6.0m정도의 분지형태로 유출부 오십천 수위가 EL=2.17m로서 집중호우 및 태풍내습시 하천수위 상승 및 교동택지의 우수유입시 자연배수불가로 중심시가지 침수피해 발생으로 배수암거 연장 추가시공 시급,,0, [지점번호:마사47573901],삼척오십천,4,삼척시청 건설과장,3.0,35.0,001,,,,20111010,,삼척시청,012,삼척시청  복구지원담당,, ,,,2014/02/13 16:30:48.000000000,,2,119,001,통장
5123012000,,내수침수,기타,,5123051000,,,,,,지방행정8급,350.0,,,,오십천,55,저지대로서 일강우량 150m/m이상시 하천수위 상승으로 인한 내수침수,20031107,,행정안전부,읍상,,422302004002,,19,오십천 하류지역으로서 강우량 350m/m강우시 및 태풍 내습시 하천수위가 상승되어 지구내 내수침수 발생(36동),,0,강원도 삼척시  엑스포로  17   (남양동),기타,4,삼척시청 재난안전관리과장,2.0,50.0,001,,,,20111010,,,050,삼척시청 재난안전관리과 복구지원담당,, ,,,2013/06/04 17:32:37.000000000,,2,147,001,
5011025626,,,국가하천,,5011000000,,02,,1524.0,20200518,제주시 안전총괄과 복구지원팀장,97.0,,,,월정,550,우수관거의 통수단면 부족으로 인한 저지대 침수,20200518,,,월정,,501102020052,,19,상류부 우수관거의 통수단면 부족으로 월류하여 저지대 침수피해가 발생,,0,,기타,4,제주시 안전총괄과장,1.0,13.0,001,,,,20241227,정비사업 완료,제주시,011,"안전총괄과, 지방시설7급",0,,,,2025/02/21 17:36:36.000000000,,2,7,,월정리장
2629010900,,,지방도,,2629000000,,,,80000.0,,,,,,,문현동 동천,756,침수,19960620,,행정안전부,문현동 동천,,262902020015,,19,침수,,0,,기타,4,,,,001,,,,20020108,"박스설치 L=860m, 펌프장설치 1식",,002,,0,,,,,,2,,001,
4793035030,,상습가뭄피해,지방2급하천,,4793000000,,01,,648504.0,20200911,건설과 시설7급,,,,,황보천,402,농업 취수원인 황보천의 건천화로 상습적으로 가뭄피해 발생,20200911,,,황보지구,,479302020020,,19,농업 취수원인 황보천의 건천화로 상습적으로 가뭄피해 발생,,0,,기타,3,안전재난과 시설6급,,,003,,,,,,울진군청,013,안전재난과 시설7급,0,,,2020,2024/09/23 10:44:19.000000000,,2,16,,
4122012100,,,지방1급하천,,4122000000,,,4122012100100850001000001     ,419853.0,,안전총괄과 시설7급,,,,,도일천,85,저지대로써 도일천 수위상승시 자연배수가 불가능하고 펌프장 부재로 침수피해가 빈번하게 발생하는 지역으로 재해위험이 큼,20210729,,,영신지구,,412202021006,,6,저지대로써 도일천 수위상승시 자연배수가 불가능하고 펌프장 부재로 침수피해가 빈번하게 발생하는 지역으로 재해위험이 큼,,0,,안성천,1,안전총괄과장,,,001,,,,,,평택시청,012,안전총괄과 시설7급,0,,,,2024/10/16 13:33:13.000000000,,2,1,,통장
4793025022,,,기타,,4793000000,,,4793025022100180002025954     ,188607.0,20210913,안전재난과 시설7급,,63.0,,,마을안길,18," 2~4년 주기로 폭풍해일 및 너울성 파도로 인하여 해안침식 및 세굴발생, 월파피해가 높은 지역",20240205,20210913,,읍남4-3지구 ,,479302021021,,-1,"해안 월파 및 해일로 인하여 주택, 도로등 피해",,0,,,2,안전재난과 시설6급,2.0,,006,52.0,,,,,울진군청,050,안전재난과 시설7급,0,,20210913,2021,2024/12/19 14:12:57.000000000,,1,2,,
4882025032,,,지방관리,,4882000000,,02,,549000.0,,안전관리과장,,180.0,,,배수펌프장,889,내수배제 불량에 따른 농경지 및 주택 침수 ,20230201,,,죽동,,488202021011,,-1,인근 소하천 단면 협소 및 내수배제 불량에 따른 침수 피해 발생,,0,,,1,안전관리과 자연재난담당,,,001,80.0,,,,,,010,안전관리과 자연재난담당자,0,,,,2024/04/11 13:13:21.000000000,,1,,,
4315031021,,,기타,0.0,4315000000,,02,,238300.0,20220415,안전정책과 시설7급,200.0,222.0,Y,1.03,대사천,436,"하천 미정비 및 제방여유고 부족, 하천시설물 노후 등으로 주거지 및 농경지 침수피해가 발생할 우려가 있는 지역을 체계적으로 정비·관리하기 위함",20220415,20061013,,대사 ,0.0,431502022013,,1,"하천 미정비 및 제방여유고 부족, 하천시설물 노후",,0,,한강,1,안전정책과 시설5급,5.0,40.0,001,104.0,,,,,제천시청,050,안전정책과 시설7급,0,,20181214,2022,2024/09/23 17:23:39.000000000,소하천기본계획,1,0,,사곡리장
4423010700,,,,,4423000000,,02,,2384532.0,20180720,논산시 안전총괄과/지방공업주사,,939.0,N,2.09,지산 자연재해위험개선지구,886,내수침수 위험,20180720,,,지산지구,,442302022009,4.0,3,내수침수 위험,,0,,금강,1,논산시 안전총괄과/지방시설주사보,,,001,234.0,,,,,논산시 안전총괄과,-1,논산시 안전총괄과/지방시설주사보,0,,,,2024/04/11 14:44:45.000000000,,3,5,,지산2통장
4874035024,,,지방2급하천,,4874000000,,,,400000.0,,"유어면사무소, 시설7급",,,,,토평천,1097,취약제방보강L=1.32km,19991030,,,생학지구,,487402022034,,2,취약제방보강L=1.32km,,0,,낙동강,4,안전치수과 재난대응팀장,,,003,,,,20090311,사업완료,안전치수과,013,안전치수과 재난대응팀 주무관,0,,,,2022/04/28 09:55:30.000000000,,1,,,세진 이장님
4377035026,,,기타,,4377000000,,,,101919.0,,재난안전과 시설8급,,,,,하천,589,제방고 및 교량 통수단면적 부족과 우기 시 원활하지 못한 배수로 인한 침수 피해 발생 예방을 위해 정비 사업 시행,20230508,,,방금이,,437702023020,,1,"    - 제방고 부족으로 집중호우시 월류에 의한 주거지 및 농경지 침수 발생
    - 노후 제방 및 교량이 다수 위치하고 있어 호안 유실 및 교량 파손 발생 우려(2020년 호안 유실 및 교량 파손 발생)
    - 하천변에 인접하여 공장 및 비닐하우스가 밀집하고 있어 피해 발생시 인명피해 및 대규모 재산피해 발생 우려",,0,,한강,1,재난안전과 시설5급,,,001,,,,,,음성군청 재난안전과,050,재난안전과 시설6급,0,,,2023,2024/04/08 17:33:35.000000000,,2,,,
4420025331,,침수위험지구,시도,,4420000000,,02,,6638.0,20200525,안전총괄과 시설7,323.0,50.0,,1.0,장재지구,2064,하천의 외수위 상승에 따른 내수배제 불량으로 가옥 및 농경지 침수,20200525,20161215,,장재지구,,442002020014,18000.0,7,"1. 집중호우시 방류하천(장재천)의 홍수위 상승으로 내수배제 불량
2. 관거로 유입되지 못한 노면수가 도로 노면을 따라 KTX천안아산역 주변지대로 모여 침수발생",,0,,삽교천,2,안전총괄과 시설6,10.0,69.0,001,17.0,,,,,,003,안전총괄과 시설7,0,,,,2024/04/14 09:48:04.000000000,,2,,,
4793033023,,,지방2급하천,,4793000000,,00,,28148.0,,안전원전과 시설6급,,70.0,N,,교량,469,교각 및 교대 경간장 협소로 집중호우시 유수소통에 지장 초래,20180321,,,행곡4-1지구,,479302020018,,19,교각 및 교대 경간장 협소로 집중호우시 유수소통에 지장 초래,,0,,기타,4,안전원전과장,,,001,34.0,,,,,안전원전과,013,안전원전과 시설6급,0,,,,2024/12/20 09:32:24.000000000,,2,1,,
4679037023,,침수로 인한 고립,기타,,4679000000,,,4679037023107480000033563     ,15445.0,,,,,,,조기경보시스템,748,한국판 뉴딜 정책사업(재해위험지역 재난대응 조기경보시스템 구축 대상),20200902,,,도암 벽동,,467902020032,,4,집중호우 시 침수로 인한 고립,,0,,영산강,4,,,,004,,,,,,,050,,0,,,,2024/04/14 22:30:37.000000000,,2,0,,
4679039523,,,기타,,4679000000,,,,2000.0,,,,,,,조기경보 시스템,94,한국판 뉴딜 정책사업(재해위험지역 재난대응 조기경보 시스템 구축),20200902,,,동유2지구,,467902020033,,5,저수지 붕괴에 따른 침수,,0,,섬진강,4,,,,001,,,,,,,050,,0,,,,2024/04/14 22:30:32.000000000,,3,,,
4315012700,,소하천,지방관리,,4315000000,,02,,147928.0,,시민안전과 시설6급,,27.0,Y,,자작천,266,재해 발생 우려가 높은 지역으로 재해위험지구 지정을 통해 체계적인 정비와 관리로 선제적 자연재해 예방을 위함,20201023,,,자작지구,,431502020010,,19,"하폭 및 제방여우고 미확보에 따른 통수단면적 부족, 하천시설물 노후 등에 따른 주거지 및 농경지 침수피해 우려",,0,,기타,1,시민안전과 시설5급,,,001,9.0,,,,,제천시청,010,시민안전과 시설6급,0,,20201023,,2025/01/14 16:48:24.000000000,,1,0,,자작1통장
4824011600,,,지방관리,,4824000000,,,4824011600107130001014517     ,15000.0,20201005,해양수산과,180.0,63.0,Y,1.0,모례(신향)지구,628,조위상승과 강우 유출에 의한 내수배제불능으로 침수피해 등의 재해 발생,20201005,,,모례(신향)지구,,482402020023,,-1,조위상승에 의한 침수피해와 강우유출에 의한 내수배제불능으로 인한 침수피해발생으로 상시적으로 재해가 발생하여 주민들이 고지대로 대피하는 상황이기 때문에 재해발생 가능성이 매우 높은 지역으로 재해발생시 건축물의 피해가 발생하였거나 발생할 우려가 매우 높은 지역,,0,,,2,해양수산과,5.0,,006,49.0,,,,,사천시,010,해양수산과,0,,20201005,,2024/03/22 12:14:01.000000000,모례(신향)지구,1,7,,
4824031021,,내수침수,지방2급하천,,4824000000,,,,433549.0,,정동면행정복지센터,265.0,550.0,,,사천강,608,집중호우 시 제방월류 및 내수배제 불량에 따른 저지대 침수,20220504,,,고읍(선인),,482402021024,,2,집중호우 시 사천강 수위 상승으로 주거지의 자반고가 낮음에 따라 내수배제 불량 및 소하천의 통수능 부족으로 인한 제방 월류,,0,,낙동강,2,재난안전과,2.0,,001,210.0,,,,,사천시청,013,재난안전과,0,,,,2024/03/22 12:13:34.000000000,,1,74,,정동면 고읍리
2717010200,5.0,,국가하천,,2717000000,,02,2717010200129480001004091     ,205306.0,20211101,대구광역시 서구 안전총괄과 시설7급,,4851.0,Y,0.58,3공단지구,2941,"국가하천 금호강 배수영향으로 지구내 외수범람 및 내수배제 불량, 빗물펌프장 노후화로 시가지 및 산업단지 침수",20220330,,,3공단지구,,271702021001,,2,"국가하천 금호강 배수영향으로 지구내 외수범람 및 내수배제 불량, 빗물펌프장 노후화로 시가지 및 산업단지 침수",,0,,낙동강,1,대구광역시 자연재난과 시설5급,5.0,,001,1320.0,0.0,10.0,,,대구광역시 서구청,011,대구광역시 자연재난과 시설6급,0,,20160901,2021,2024/11/11 12:04:46.000000000,풍수해저감종합계획,1,0,,
4783033036,,,기타,,4783000000,,,,612634.0,,군민안전과 시설7급 ,,,,,갱골지구,117,"용소천 배수영향 및 갱골소하천 통수단면 부족에 의한 제방월류, 내수배제 불량으로 주거지 및 농경지의 상습적인 침수 발생",20220615,,,갱골지구,,478302022013,,2,태풍 및 집중호우에 따른 침수,,0,,낙동강,1,군민안전과 행정5급,,,001,,,,,,고령군청,050,군민안전과 시설7급 ,0,,,2022,2024/04/11 17:20:57.000000000,,1,,,
4776035034,,,지방2급하천,,4776000000,,02,4776035034104370002003397     ,91350.0,20220307,건설안전과,,,,,제방,437,"지방하천인 화매천, 송하천의 합류 지점으로 제방고 부족에 따른 하천 월류에 의한 침수피해 발생지역",20220307,20140307,,원리,,477602023019,,2,내수침수,,0,,낙동강,2,건설안전과 재난방재팀장,,,001,,,,,,건설안전과,013,건설안전과 재난방재팀,0,,20220307,2022,2024/05/08 17:54:33.000000000,,2,2,,
4729033025,,,기타,,4729000000,,00,,8703.0,,자인면 건설팀 시설8,,,Y,,상습침수지구,324,침수위험지구,20230802,,,읍천지구,,472902023027,,019,내수침수피해,,0,,기타,1,안전총괄과장,,,001,,,,,,자인면행정복지센터,050,안전총괄과 시설6,0,,20240911,2023,2024/09/27 11:09:47.000000000,경산시 자연재해저감 종합계획,2,1,,자인자율방재단원
3171031022,,,지방지정,,3171000000,,02,,57629.0,20230810,울주군청 안전총괄과 방재복구팀 지방시설주사,,50.0,Y,,서생 자연재해위험개선지구,866,효암천 외수위 상승에 따른 배수불량으로 제방월류 및 배수배제 불량으로 침수피해 발생,20230810,,,서생,,317102023010,,019,"1. 제방월류로 인한 제내지 침수
2. 내수배제 불량에 따른 도로, 주택 등 침수발생",,0,,기타,2,,,,001,,,,,,울주군청,034,울주군청 안전총괄과 방재복구팀 지방시설주사보,0,,,2023,2024/08/08 13:30:45.000000000,,2,15,,
4691037021,,,소규모어항,0.0,4691000000,,02,,69500.0,20240102,안전총괄과 지방시설8급,2102.0,62.0,N,6.0,웅곡항,242,"대조기 및 태풍내습 시 강풍, 태풍 내습시 인근 도로 및 가옥침수 발생",20240102,20240102,,웅곡지구,0.0,469102024035,,19,대조기 및 태풍내습 시 월파 등에 인한 주택파손 및 침수,,0,,기타,1,안전총괄과 지방시설5급,1.0,38.0,006,21.0,,,,,신안군,036,안전총괄과 지방시설8급,0,,20240102,2024,2024/07/08 17:50:01.000000000,,2,32,,
4374525030,,,지방관리,,4374500000,,02,,1363607.0,20230421,증평군청 재난안전과 시설6급,,,,,보강천,555,하수관로 통수능력 부족 및 저지대 지역으로 집중호우 시 내부배제 불능,20230421,20150508,,초중지구 풍수해생활권,,437452024006,,3,내수 침수(우수관로 개량 및 유수지 설치 등),,0,,금강,2,증평군청 재난안전과 행정5급,5.0,,001,,,,,,,010,증평군청 재난안전과 시설6급,0,,,2023,2024/04/10 14:12:31.000000000,,2,5,,
4680025621,,,지방2급하천,0.0,4680025600,일원,00,,0.0,20151104,대덕읍 읍장,0.0,0.0,Y,0.0,오산천,1,호우시 하천이 범람하여 피해발생,20060224,,국토교통부,오산지구,0.0,468002006001,0.0,,호우시 하천이 범람하여 피해발생,,0, ,,1,안전건설과 과장,0.0,0.0,005,0.0,,,,,장흥군 건설과,013,안전건설과 재난관리,,일원,20100902,,2015/11/04 17:53:38.000000000,소하천 정비 기본계획,3,,005,오산리 이장
4715010700,,,기타,,4715000000,,,4715010700200170001012936     ,38000.0,,양금동사무소,,492.0,,,재해위험(황금동)지구,17,급경사지 붕괴 및 산사태 우려지역,20200716,,,황금동지구,,471502020011,,-1,"    - 집중호우 발생시 계류부 토사유입으로 인한 침수 및 유실피해 발생
    - 주거지 배후사면 풍화 발생, 배부름현상 등으로 사면 붕괴 발생
    - 집중호우시 사면의 표층유실, 낙석붕괴 등 발생으로 인명피해 발생
    - 시추조사 결과, 상부 매립층 1.8m 두께와 하부 연암층의 균열과 파쇄가 심하게 나타나는 지반 
      부등침하 발생
    - 진입도로 폭의 협소화로 장비 진입이 곤란하고 건물 및 축대 노후화와 관리주체 불분명
    - 사면재해위험도에 의한 평가결과 77점(D등급)으로 판정",,1,,,1,김천시 안전재난과,,,003,110.0,,,,,김천시청,050,김천시 안전재난과,0,,,,2024/09/20 16:11:16.000000000,,1,1,,황금동 통장
4790038021,,,기타,,4790000000,,02,4790038021102930004025499     ,182446.0,20200501,용궁면/지방시설서기,211.0,320.0,Y,2.0,"우수관로, 배수펌프장, 소하천",293,"-우수관로 통수능력 부족 및 배수펌프장 용량 부족에 따른 농경지 및 주거기 내수 침수 위험
-미개수 소하천의 제방고 부족에 의한 주거지, 시설물 및 농경지 월류 침수 위험",20201008,20160527,,용궁지구,,479002020013,,19,"-우수관로 통수능력 부족 및 배수펌프장 용량 부족에 따른 농경지 및 주거기 내수 침수 위험
-미개수 소하천의 제방고 부족에 의한 주거지, 시설물 및 농경지 월류 침수 위험",,0,시가지 일원,기타,2,안전재난과장,5.0,55.0,001,120.0,,,,,예천군청,050,안전재난과/지방시설주사,0,시가지 일원,20201008,2020,2024/09/24 15:28:45.000000000,,1,4,,
2635010300,,,지방관리,,2635000000,,02,,55781.0,20221221,건설과 시설7급,244.0,1464.0,N,,반여1지구,1502,집중호우 시 수영강 수위상승에 따른 배수불량 및 신선천 계곡수의 도심 내 월류로 인한 저지대 침수피해 예방,20210120,20160415,,반여1지구,,263502021006,,19,집중호우 시 수영강 수위상승에 따른 배수불량 및 신선천 계곡수의 도심 내 월류로 인한 저지대 침수피해 발생,,0,,기타,3,점검복구팀장,,,001,406.0,,,,,해운대구청,010,재난안전과 행정7급,0,,20161201,2022,2024/04/04 12:53:35.000000000,,2,47,,
4784025030,,,지방관리,,4784000000,,02,,1031651.0,,성주군 시설7급 박인준,,26.0,N,1.94,배수로,541,내수침수 배제를 위한 지정 및 정비,20220425,,,용산,,478402022019,,2,내수침수,,0,,낙동강,2,안전과 행정5급,,,001,13.0,,,,,성주군,010,안전과 시설7급,0,,,2022,2024/04/08 13:15:08.000000000,,2,2,,
4831039024,,,,,4831000000,,02,,132296.0,,,,90.0,N,,송진지구,667,"- 만조 및 집중호우 시 저지대 주거지 및 농경지 침수발생
- 소하천 및 구거의 통수단면 부족과 하도 완경사로 인한 침수지역 확산",20230519,,,송진지구,,483102023034,,-1,"- 만조 및 집중호우 시 해수유입에 따른 수위상승과 내수배제 불량으로 저지대 주거지 및 농경지 침수발생
- 소하천 및 구거의 통수단면 부족과 하도 완경사로 인한 흐름지체 및 월류발생으로 침수지역 확산",,0,,,1,시민안전과 시설6급,,,001,50.0,,,,,거제시,-1,시민안전과 시설7급,0,,,2023,2023/05/23 12:47:27.000000000,,2,25,,
4413111300,,내수재해,지방2급하천,,4413000000,,02,4413111300100480024019342     ,34462.0,20210426,안전총괄과 시설8급,,1287.0,Y,3.0,천안천,48,천안천 수위상승 시 우수관로 통수능 부족으로 집중호우 시 침수피해 발생,20191231,20160701,,봉명,,441302019020,,7,"도심지 하천인 천안천 계획홍수위 이하 지역으로 천안천 수위 상승 시 자연배제가 불가능하여 간이배수펌프장 3개소 운영 중이나, 우수관로 통수능 및 배수펌프장 용량 부족으로 집중호우 시 주택, 상가 및 도로침수 발생",,0,,삽교천,2,안전총괄과장,30.0,103.0,001,1321.0,,,,,천안시 안전총괄과,013,안전총괄과 시설7급,0,,20191220,2021,2024/02/06 11:30:30.000000000,천안천기본계획,1,5,,
4418032025,,,지방2급하천,,4418000000,,,,569949.0,20210901,보령시 안전총괄과 시설6,,,,,교성지구,1093,하천 미정비로 인하여 통수단면 부족에 의한 배후 농경지 및 주거지 침수피해 발생,20210901,,,교성지구,,441802021011,,19,하천 미정비로 인하여 통수단면 부족에 의한 배후 농경지 및 주거지 침수피해 발생,,0,,기타,2,보령시 안전총괄과 행정5,,,001,,,,,,보령시청,013,보령시 안전총괄과 시설7,0,,,2021,2024/04/12 16:44:09.000000000,,2,,,
5175036023,,,기타,,5175000000,,00,,12400000.0,20200619,건설과 시설6급,,30.0,Y,7.0,벌말지구,876,하천범람에 의한 농경지 및 가옥 침수 발생,20200619,,,벌말,,427502021023,7491.0,1,하천범람,,0,,한강,2,건설과장,,,001,10.0,,,,,건설과 재난예방팅,050,건설과 시설7급,0,,20160513,2020,2024/10/11 09:17:48.000000000,소하천정비종합계획,3,,,
5177034021,5.0,,,0.0,5177000000,,02,,500.0,,지방시설서기,,57.0,Y,15.0,배수펌프장,455,침수위험 해소를 위한 배수펌프장 설치,20221231,20070417,,장열지구,0.0,427702021021,912.0,-1,침수위험 해소를 위한 배수펌프장 설치,,0,,전체,1,건설과 과장,,,001,19.0,0.0,10.0,,,건설과,-1,지방시설서기보,0,,,2021,2021/12/30 13:44:08.000000000,,1,0,,장열1리장
5219036031,,,지방2급하천,,5219000000,,02,,94896.0,,,365.0,,,,생사2천,572,하천 월류 및 우수관로 통수단면 부족,20221125,,,생암지구,,451902023038,,5," ○ 인근에 위치한 섬진강댐 수위 조절을 위한 방류량 증가시 외수위 상승으로 내수배제 불리
 ○ 집중호우시 농경지 및 주거지 침수 등 지속적인 피해 발생",,0,,섬진강,1,시설6급,10.0,72.0,001,,,,,,남원시청,013,시설8급,0,,,,2024/04/22 14:38:29.000000000,,2,,,
4874033029,,,지방2급하천,0.0,4874033000,,02,,100685.0,20151102,대합면사무소,0.0,66.0,N,0.0,평지지구(평지천),1108,평지천 1.2km(양안),20140114,20080529,,평지지구,0.0,487402014023,0.0,-1,"평지천 1.2km(양안)
타부서 공사시행(하천담당)",,0, [지점번호:라마86273275],,2,안전치수과 행정5급,0.0,0.0,001,32.0,,,,,창녕군 안전치수과,013,안전치수과 시설6급,0,,,,2021/12/14 13:44:18.000000000,,3,0,,대합면 신당이장
5173025023,,,국가하천,0.0,5173000000,,02,,218096.0,20151103,시설7급,160.0,0.0,N,0.0,섬강,16,교량범람으로 고립발생,20150224,20120515,,북천지구,0.0,427302015016,0.0,1,북천교가 계획홍수위보다 여유고 부족 및 하폭부족으로 집중호우시 교량범람으로 반복적으로 마을 고립 발생 ,,0, [지점번호:라사43654483],한강,4,시설5급,1.0,0.0,004,0.0,,,20240424,정비사업 완료에 따른 재해위험요소 해소,횡성군,011,시설6급,0,,,,2024/11/05 13:10:50.000000000,,1,2,,북천1리장
4874035029,,,지방관리,0.0,4874035000,,02,,1900000.0,20151102,유어면사무소,200.0,235.0,N,0.0,풍조지구,3,"노후제방,상습침수",20100517,20080529,,풍조지구,0.0,487402010011,0.0,19,"취락지 형성으로 인명피해 우려,홍수의 배수위 영향을 받는 제방단면부족
 노후제방으로 누수에 의한 농경지 침수 및 제방 붕괴위헙",,0,,기타,4,창녕군 안전치수과장,5.0,30.0,001,79.0,,,20211222,,창녕군 안전치수과,010,창녕군 안전치수과,0,,,,2022/03/23 10:40:13.000000000,,2,,,유어면 풍조리
4874032025,,,지방관리,0.0,4874032000,,02,,6189.0,20151102,성산면사무소,0.0,35.0,N,0.0,대산지구,152,급경사지(붕괴위험),20111224,20080529,행정안전부,대산,0.0,487402013012,0.0,19,"집중호우 및 태풍시상부에서 흘러내린 우수로 인한 낙석발생 및 상부 토사유출 위험, 낙석피해가존재",,1, [지점번호:라마93044007],기타,4,안전치수과 행정5급,5.0,30.0,002,15.0,,,20151007,정비사업 완료로 재해위험요인 해소,창녕군 안전치수과,010,안전치수과 시설6급,0,,,,2019/04/24 10:39:44.000000000,,2,1,001,안심마을이장
4874025033,,,지방2급하천,0.0,4874025000,,02,,148022.0,20151102,창녕읍사무소,0.0,184.0,N,0.0,한산지구,692,"창녕천1.6km, 한산소하천0.37km(양안)",20140114,20080529,,한산지구,0.0,487402014013,0.0,-1,"창녕천1.6km, 한산소하천0.37km(양안)",,0, [지점번호:라마87312412],,4,안전치수과 시설5급,0.0,0.0,001,80.0,,,20211222,,창녕군 안전치수과,013,안전치수과 시설6급,0,,,,2022/03/23 10:40:56.000000000,,1,0,,용석 학산이장
4874036022,,,지방2급하천,0.0,4874036000,,02,,123300.0,20140114,대지면사무소,0.0,121.0,Y,9.0,석리지구(토평천),476,토평천1.2km(좌안) 수해복구사업,20140114,20080529,,석리지구,0.0,487402014014,95000.0,-1,토평천1.2km(좌안) 수해복구사업,,0, [지점번호:라마88582970],,1,안전치수과 행정5급,0.0,0.0,001,69.0,,,,,창녕군 안전치수과,013,안전치수과 시설6급,0,,20160121,2014,2021/12/15 17:39:12.000000000,토평천하천기본게획,3,0,,대지 왕미이장
4874039023,,,지방2급하천,0.0,4874000000,,02,,145600.0,20151102,장마면사무소,0.0,33.0,N,0.0,장가지구(장가천),846,장가천 7.0km(양안),20140114,20080529,,장가지구,0.0,487402014015,0.0,-1,장가천 7.0km(양안),,0,경상남도 창녕군 장마면 창녕장마로  301    ,,4,안전치수과 행정5급,0.0,0.0,001,17.0,,,20211222,,창녕군 안전치수과,013,안전치수과 시설6급,0,,,,2022/03/23 10:41:24.000000000,,1,0,,장마 산지이장
4874039028,,,지방2급하천,0.0,4874000000,,02,,32647.0,20151102,안전치수과 시설6급,0.0,37.0,N,0.0,대야지구(계성천),343,계성천 0.3km(양안),20140114,20080529,,대야지구,0.0,487402014016,0.0,-1,계성천 0.3km(양안),,0, [지점번호:라마85891645],,4,안전치수과 행정5급,0.0,0.0,001,17.0,,,20230323,,창녕군 안전치수과,013,안전치수과 시설6급,0,,,2014,2023/04/19 16:19:54.000000000,,2,0,,장마 대야이장
4874025032,,,지방2급하천,0.0,4874000000,,02,,85850.0,20151102,창녕읍사무소,0.0,307.0,N,0.0,신촌지구(창녕천),631,창녕천 3.2km(양안),20140114,20080529,,신촌지구,0.0,487402014017,0.0,-1,창녕천 3.2km(양안),,0, [지점번호:라마87772569],,4,안전치수과 시설5급,0.0,0.0,001,125.0,,,20180906,,창녕군 안전치수과,013,안전치수과 시설6급,0,,,,2022/03/23 10:44:28.000000000,,2,1,,창녕 조산이장
4874025033,,,지방2급하천,0.0,4874025000,,02,,173864.0,20151102,창녕읍사무소,0.0,302.0,N,0.0,용석2지구(용석천),426,용석천 7.3km(양안),20140114,20080529,행정안전부,용석2지구,0.0,487402014018,0.0,-1,용석천 7.3km(양안),,0, [지점번호:라마88392405],,2,안전치수과 시설5급,0.0,0.0,001,168.0,,,,,창녕군 안전치수과,013,안전치수과 시설6급,0,,,,2021/10/13 15:40:46.000000000,,2,0,001,창녕 어도이장
4874042030,,,지방2급하천,0.0,4874000000,,02,,48262.0,20140114,부곡면사무소,0.0,270.0,Y,0.0,수다지구(수다천),570,"
하천정비 L=160m, 예경보시스템 1식",20140114,20080529,,수다지구,0.0,487402014019,0.0,-1,"
하천정비 L=160m, 예경보시스템 1식",,0,경상남도 창녕군 부곡면 수다길  36-14   ,,4,안전치수과 행정5급,0.0,0.0,001,162.0,,,,,창녕군 안전치수과,013,안전치수과 시설6급,0,,20221231,2014,2024/10/23 13:54:36.000000000,수다천 하천기본계획,2,3,,부곡 수다이장
4874032027,,,지방2급하천,0.0,4874032000,,02,,222317.0,20151102,성산면사무소,0.0,762.0,N,0.0,운봉지구(운봉천),924,운봉천 6.1km(양안),20140114,20080529,행정안전부,운봉지구,0.0,487402014020,0.0,-1,운봉천 6.1km(양안),,0, [지점번호:라마91703605],,2,안전치수과 행정5급,0.0,0.0,001,305.0,,,,,창녕군 안전치수과,013,안전치수과 시설6급,0,,,,2021/06/22 14:04:32.000000000,,2,0,001,성산 방리이장
4874038026,,,지방2급하천,0.0,4874000000,,02,,83696.0,20140114,영산면사무소,0.0,67.0,Y,9.0,서천지구(서천천),1314,서천천 5.2km(양안),20140114,20080529,,서천지구,0.0,487402014021,100000.0,-1,서천천 5.2km(양안),,0, [지점번호:라마91901708],,1,안전치수과 행정5급,0.0,0.0,001,45.0,,,,,창녕군 안전치수과,013,안전치수과 시설6급,0,,20080612,2014,2021/12/15 17:45:59.000000000,서천천 하천기본계획,3,0,,영산 신제1구이장
4874036027,,,지방2급하천,0.0,4874036000,,02,,31136.0,20140114,대지면사무소,0.0,497.0,N,0.0,구미2지구(구미천),253,구미천 2.2km(양안),20140114,20080529,행정안전부,구미2지구,0.0,487402014022,0.0,-1,구미천 2.2km(양안),,0,경상남도 창녕군 대지면 구미1길  13-5   ,,4,안전치수과 행정5급,0.0,0.0,001,218.0,,,,,창녕군 안전치수과,013,안전치수과 시설6급,0,,,2014,2021/10/13 15:40:09.000000000,,3,0,001,대지면 구미이장
5119010900,,,국유림,0.0,5119000000,,02,4219010900200440002000387     ,21961.0,20151201,"삼수동, 행정7급",0.0,20.0,N,0.0,수화전,24,급경사 지역으로 낙석 발생,20150217,20100225,,수화전,0.0,421902015013,0.0,19,급경사 지역으로 낙석 발생,,0,,기타,4,"안전총괄과,시설5급",0.0,0.0,002,5.0,,,20180703,,태백시,014,"안전총괄과,시설6급",0,,20150223,2015,2022/10/27 13:55:22.000000000,,2,99,,
5119010400,,,국유림,0.0,5119061500,태백고원자연휴양림,02,,232219.0,20151201,"철암동,행정9급",0.0,12.0,N,0.0,매산골,69,농경지 및 주택침수,20150217,20100225,,매산골,0.0,421902015014,0.0,19,"집중호우시 농경지 및 주택 침수, 인명피해 우려",,0,,기타,4,"안전총괄과,시설5급",0.0,0.0,001,3.0,,,20211213,정비사업 완료,태백시청,014,"안전총괄과,시설6급",0,,20150223,2015,2022/03/04 15:56:55.000000000,,3,,,
4874034023,,,지방2급하천,0.0,4874034000,,02,,49222.0,20140114,이방면사무소,0.0,125.0,N,6.0,석리2지구(현창천),347,현창천 2.2km(좌안),20140114,20080529,,석리2지구,0.0,487402014024,70000.0,-1,현창천 2.2km(좌안),,0, [지점번호:라마79012877],,1,안전치수과 행정5급,0.0,0.0,001,82.0,,,,,창녕군 안전치수과,013,안전치수과 시설6급,0,,20210422,2014,2021/12/15 17:44:12.000000000,현창천 하천기본계획,3,0,,이방면 석리이장
4874036022,,,지방관리,0.0,4874036000,,02,,17700.0,20151102,대지면사무소,0.0,35.0,N,0.0,왕미지구,380,마을방향으로 사면이 기울어짐,20140114,20080529,행정안전부,왕미지구,0.0,487402014025,0.0,-1,마을방향으로 사면이 기울어짐,,0,경상남도 창녕군 대지면 왕산길  25-3   ,,4,안전치수과 행정5급,0.0,0.0,002,18.0,,,,,창녕군 안전치수과,010,안전치수과 시설6급,0,,,,2021/09/09 12:59:26.000000000,,3,0,001,대지면 왕미이장
4874039025,5.0,,지방2급하천,,4874000000,,02,,41945.0,20140114,지방시설7,0.0,707.0,Y,12.0,도동지구(계성천),538,계성천 0.35km(양안),20140114,20080529,,도동지구,5.0,487402014026,50000.0,-1,계성천 0.35km(양안),,0, [지점번호:라마87301755],,1,안전치수과 행정5급,0.0,0.0,001,425.0,0.0,10.0,,,창녕군 안전치수과,013,안전치수과 시설6급,0,,20221231,2014,2021/12/23 18:06:40.000000000,계성천 하천기본계획,3,0,,장마면 도동이장
4873025031,,,국가하천,0.0,4873025000,,00,,10000.0,20150923,행정6급,200.0,0.0,N,0.0,함안천(함안제),194,제방단면 부족으로 일우량 200mm이상시 상습침수,20050112,,국토교통부,양포지구,0.0,487302004001,0.0,2,"-제방단면 부족으로 집중호우 및 낙동강 수위 상승시 하천범람 예상
 -현 제방고가 계획홍수위로서 여유고가 없음(1.5m숭상)",,0, [지점번호:라마83010142],낙동강,4,행정5급,5.0,50.0,001,0.0,,,20130307,정비사업 완료,함안군 안전총괄과,011,시설7급,0,,,,2021/06/22 15:52:14.000000000,,3,2,005,
4873025025,,외수,지방2급하천,0.0,4873025000,,02,,330000.0,19960628,행정6급,200.0,30.0,N,0.0,광정천,1385,"경전선이 계획홍수위 아래 위치, 일우량 200mm 이상과 홍수발령시 상습침수",19960628,20110420,국토교통부,말산지구,0.0,487301998003,0.0,2,"- 경전선 철도교가 신음천 계획홍수위 아래 위치하여 일우량 200mm 이상과 낙동강 홍수발령시 상습침수 우려가 있어 철도교량 개수가 시습함
 - 경전선 복선화 사업시행시 이설계획(2010년 예정)",,0,경상남도 함안군 가야읍 고분길  90    ,낙동강,4,행정5급,3.0,50.0,005,12.0,,,20140307,철로교철거,함안군 안전총괄과,013,시설7급,0,,,,2021/06/22 15:54:15.000000000,,3,4,005,마을이장
4873032023,,외수,지방2급하천,0.0,4873032000,,02,,80000.0,20010312,행정6급,200.0,20.0,N,0.0,"석교천(소포,모로제)",1591,제방단면 부족으로 일우량 200mm 이상시 상습침수,20010312,20110420,국토교통부,사도.모로지구,0.0,487302002002,0.0,2,". 제방단면 부족으로 집중호우 및 낙동강 수위상승시 하천범람 예상
 . 현제방고가 홍수위보다 2m 정도 낮음",,0,경상남도 함안군 군북면 석교천길  223    ,낙동강,4,행정5급,3.0,50.0,001,7.0,,,20080902,,함안군 안전총괄과,013,시설7급,0,,,2001,2021/06/22 15:56:19.000000000,,3,18,005,죽산리장
4873038024,,외수,지방2급하천,0.0,4873038000,,02,,1.0,20150827,행정6급,200.0,50.0,N,0.0,검암천(송정제),1388,제방단면 부족으로 일우량 200mm 이상시 상습침수,20010130,20110420,국토교통부,송정지구,0.0,487302002003,0.0,2,"- 제방단면 부족으로 집중호우 및 낙동강 수위상승시 하천범람 예상
 - 현제방고가 홍수위보다 1.5m 낮음 3. 배수장이 없어 집중호우시 도로침수",,0,경상남도 함안군 산인면 송정1길  206-1   ,낙동강,4,행정5급,3.0,50.0,001,22.0,,,20080902,,함안군 안전총괄과,013,시설7급,0,,,,2021/06/22 16:05:05.000000000,,3,1,005,가산리장
2772034022,,,지방2급하천,0.0,2772034000,,00,,95000.0,20150720,안전건설과,0.0,0.0,Y,0.0,위천,560,홍수위보다 낮은 교량,20100511,,국토교통부,이화지구,0.0,477202010008,0.0,-1,홍수위보다 낮은 교량,,0,대구광역시 군위군 우보면 동부로  1429    ,,4,안전건설과,0.0,0.0,005,0.0,,,20191017,사업완료로 인함,안전건설과,013,안전건설과,0,,20140630,,2019/10/28 11:06:40.000000000,위천 하천기본계획,3,,005,이장
4886038032,5.0,,지방2급하천,,4886000000,,,4886038032108430001000001     ,80100.0,,시설6급,,210.0,Y,1.0,"남강,갈전천",844,남강 배수위 영향으로 갈전천 하류부 우수배제가 불량으로 피해 발생,20220630,,,중촌,,488602021019,50000.0,2,남강 배수위 영향 및 산지 계곡부 우수가 유입되어 급경한 수위상승으로 피해 발생,,0,,낙동강,1,시설6급,,,001,100.0,0.0,10.0,,,산청군,013,시설6급,0,,20141230,,2024/04/11 13:22:25.000000000,자연재해저감종합계획,2,1,,
4374036030,,,지방2급하천,,4374000000,,,,400000.0,,재난안전과 시설7급,,30.0,,,묵정지구,493,"제방 여유고 부족으로 하천 월류, 하천 수위상승 및 배수로 통수능력 부족으로 내수침수",20211215,,,묵정지구,,437402022027,,3,하천 수위 상승 시 제방 여유고 부족으로 인한 침수 피해,,0,,금강,2,재난안전과 시설6급,,,003,20.0,,,,,영동군청 재난안전과,013,재난안전과 시설7급,0,,,2022,2024/04/16 19:44:01.000000000,,2,3,,
4827033025,,,지방2급하천,,4827000000,,02,,106029.0,,밀양시 지방시설주사보,,100.0,Y,,엄남천,1438,엄남천 제방이 낮아 호우시 하천 범람 우려,20211005,,,남기1지구,,482702021022,3500.0,19,엄남천 제방고 불완전 해결을 위하여 기본 및 실시설계용역을 시행중,,0,,기타,3,밀양시 지방시설사무관,,,001,65.0,,,,,밀양시,013,밀양시 지방시설주사,0,,,,2024/04/09 11:46:26.000000000,,2,19,,남가리장
5181031033,5.0,,지방1급하천,,5181000000,,02,,24200.0,20211221,시설8급,100.0,6.0,Y,1.0,세월교,227,지방하천 우각천에 위치한 세월교(No.9+024)로 정비사업 미실시에 따른 통수단면 부족 및 세월교 잠식으로 인한 주거지 및 농경지에 고립 발생,20211221,,,우각지구,1.0,428102021016,20153.0,1,"현재교량 : 세월교(D1,000@15), L=21.6m, B=5.0m
교량검토 : 제방고 2.17m 부족, 교량고 3.57m 부족, 연장 28.4m 부족",,0,,한강,2,시설6급,1.0,25.0,004,2.0,0.0,10.0,,,인제군 안전교통과,012,방재안전7급,0,,20200110,2021,2024/09/06 13:28:22.000000000,"인북천 권역 하천기본계획(변경)(2020, 원주지방국토관리청)",2,,,인제군 자율방재단
4782032034,,,지방2급하천,,4782000000,,02,,401998.0,20220829,안전총괄과 지방시설주사보,,2023.0,Y,1.62,지방하천,852,"풍각지구는 지방하천(청도천,풍각천, 현리천) 수위 상승시 저지대 하천수 역류침수 및 주거지의 관거용량이 부족하여 도로, 산업지역, 주택지역이 매년 우기시 반복되는 실정",20220829,,,풍각지구,,478202022016,,2,"지방하천(풍각천, 청도천, 현리천) 수위상승
전지역단위 침수위험 검토",,0,,낙동강,1,안전총괄과 지방행정사무관,,,001,1109.0,,,,,청도군청,013,안전총괄과 지방시설주사보,0,,20220602,2022,2024/09/23 17:24:48.000000000,지방하천정비종합계획,1,,,
4888025025,,,지방2급하천,,4888000000,,02,4888025025100020020007079     ,43824.0,20240130,도시건축과 시설7급,,290.0,Y,2.24,거창위천,2,"- 거창위천 좌안의 제방고 및 여유고 부족 구간은 주거지가 위치하여 집중호우 시 큰 인명피해를 초래할 위험이 있는 지구.
",20240130,,,김천리지구,,488802024011,17.0,2,- 거창위천 수위 상승 시 일부구간의 우수관로 통수단면 부족으로 인한 내수배제가 불량하여 읍내 주요 도로 및 주거지 내수침수가 발생함.,,0,,낙동강,2,도시건축과 시설6급,,,001,,,,,,거창군 도시건축과,013,도시건축과 시설7급,0,,,2024,2025/02/06 14:04:01.000000000,김천리 자연재해위험개선지구 정비사업 타당성 조사 및 기본계획 수립 용역,2,0,,
4673025029,,,,,4673000000,,,4673025029104710016019071     ,217469.0,20230331,구례군 지방시설7급,,,,,계산 ,471,섬진강 하천범람 및 재내지 배수불량에 따른 침수피해 발생,20230331,,,계산,,467302024005,,5,섬진강 하천범람 및 재내지 배수불량에 따른 침수피해 발생,,0,,섬진강,1,,,,001,,,,,,,-1,,0,,,2023,2024/04/03 15:37:45.000000000,,1,6,,
4680025625,,,지방2급하천,,4680000000,,,,6418518.0,,지방시설6급,134.0,214.0,,1.22,대덕천,1025,우기철 집중호우 및 태풍 내습 시 하천범람으로 상습적으로 침수가 발생하여 인명 및 재산손실 등의 우려가 있어 정비를 통해 재해요인 해소,20230428,,,대덕지구,,468002024034,,5,외수위 상승에 따른 내수배제 불량,,0,,섬진강,2,지방시설6급,2.0,,001,124.0,,,,,재난안전과,013,지방시설8급,0,,,,2024/09/24 23:06:34.000000000,,1,0,,
3120010600,,,지방1급하천,1.0,3120000000,,02,,345286.0,20240404,북구 건설과 시설5급,,,Y,1.55,동천,819,"하천 제방 여유고 부족으로 인한 하천월류 위험, 저지대 지역의 내수침수 위험, 하천 횡단구조물 통행제한에 따른 위험 및 주민불편 해소",20240404,20140425,,중산동(속심이보 및 중상보들),,312002024004,99491.0,11,"하천 제방 여유고 부족으로 인한 하천월류 위험, 저지대 지역의 내수침수 위험, 하천 횡단구조물 통행제한에 따른 위험",,0,,태화강,1,북구 건설과 시설6급,,,001,22.0,,,,,울산광역시 북구,012,북구 건설과 시설7급,0,,20090115,2024,2024/04/15 10:38:36.000000000,동천 하천기본계획,1,2,,
5271038021,,,기타,,5271000000,,02,,175400.0,20240314,재난안전과 시설7급,158.0,251.0,N,,내촌지구,532,장선천(지방) 외수위 상승에 따른 내수배제 불량 및 소하천 중·상류 미정비구간과 관로 통수능 부족구간의 월류 발생으로 인한 침수 발생 ,20240314,20120927,,내촌지구,,527102024049,,9,"장선천(지방) 우안 수충부로 유입되는 내촌소하천의 지형적 특성으로 하천 외수위 상승 시 내촌천 유수 흐름이 정체되어, 장선천 계획홍수위 아래 저지대 주거지 및 농경지 침수 발생",,0,,만경강,1,재난안전과장,1.0,85.0,001,83.0,,,,,완주군청,050,재난안전과 시설7급,0,,,2024,2024/04/22 08:38:13.000000000,,1,1,,이장
4421040032,,하천침수,지방2급하천,,4421000000,,,4421040032105120002075183     ,233000.0,,건설과 지방시설사무관,150.0,,,,소정지구(소정천),512,침수위험지역 및 하류부 제내지 저지대 침수피해 발생,20191231,,,소정지구,,442102019005,,19,침수,,0,인근(47-27번지),기타,3,건설과 지방시설주사,2.0,40.0,001,,,,,,,013,건설과 지방시설주사보,0,인근(47-27번지),,,2024/09/20 11:51:14.000000000,,3,2,,
4831039025,,,기타,,4831000000,,02,,2012.0,,해양항만과 시설 7급,,200.0,N,3.0,두모지구,132,"해안도로변 파도막이보다 높은 파랑으로 해변과 농경지 및 인접마을 내습, 월파로 인한 참수 및 유실 피해 발생",20210909,,,두모지구,,483102021031,,19,해일,,0,,기타,1,시민안전과 시설 6급,,,006,70.0,,,,,거제시 해양항만과,050,시민안전과 시설7급,0,,,,2024/04/05 15:54:33.000000000,,2,74,,
4721034021,,,지방2급하천,,4721000000,,02,4721034021111440001031801     ,133697.0,20220121,하천과 시설6급,250.0,42.0,Y,3.07,옥계지구,1144,"하천 및 교량 통수단면 부족
(옥계지구 자연재해위험개선지구 정비사업(2023년))",20220121,20090109,,옥계지구,,472102021012,,2,"하폭협소, 제방고 부족 및 교량 통수단면 부족",,0,,낙동강,1,하천과 시설5급,5.0,,001,22.0,,,,,영주시,013,하천과 시설6급,0,,20140717,2022,2024/04/09 15:13:42.000000000,하천기본계획,2,1,,
4827037026,5.0,,군천,,4827000000,,02,4827037026102320003065620     ,96587.0,20220727,밀양시 안전재난관리과 지방시설주사,,50.0,N,9.0,검암소하천,233,소하천 정비가 이루어 지지 않아 월류시 대규모 침수 피해 발생,20211230,20120920,,검암지구,,482702021027,40000.0,2,집중호우시 월류로 인한 피해는 응급복구를 완료하였고 항구적인 대책을 위하여 23년 기본 및 실시설계 에정임,-,0,,낙동강,3,밀양시 안전재난관리과 지방시설사무관,,,001,25.0,0.0,7.0,,미해제,밀양시청,042,밀양시 안전재난관리과 지방시설주사,0,,20160929,2022,2024/09/26 19:22:09.000000000,소하천정비기본계획,2,2,,검암마을 이장
5123025033,5.0,,지방2급하천,,5123000000,,02,,40909.0,20211231,재난안전과 시설7급,373.0,124.0,Y,2.0,삼척오십천,31,삼척오십천(지방) 제내지 저지대 주거밀집구간 홍수시 제방월류에 의한 침수위험,20220328,20121019,,도계,,422302021015,41316.0,15,삼척오십천(지방) 제내지 저지대 주거밀집구간 홍수시 제방월류에 의한 침수위험,,0,,삼척오십천,1,재난안전과 방재담당,11.0,62.0,001,62.0,0.0,10.0,,,삼척시청,013,재난안전과 시설7급,0,,20200723,2021,2024/09/24 22:28:19.000000000,하천기본계획,1,,,
4125011200,,,,,4125000000,,02,,30797.0,20230315,안전총괄과 공업7급,,20.0,Y,1.0,상패지구,289,- 신천의 계획홍수위 대비 낮게 형성된 저지대에 주저지 등이 형성되어 있으며 우수유출량 집중 및 내수처리 불량으로 인명피해 우려,20230315,20170131,,상패지구,,412502023009,63539.0,1,"- 방류하천인 신천의 계획홍수위 보다 낮은 배수관거 형성으로 자연배수 불량 및 역류 발생
- 토사측구 내 토사 퇴적으로 인한 용량부족, 기존 관거 노후, 관로정비 상태미비 등 기존 관거 능력 저하",,0,,한강,1,안전총괄과 행정5급,5.0,58.0,001,10.0,,,,,안전총괄과,-1,안전총괄과 공업7급,0,,20221231,2023,2024/04/12 20:03:55.000000000,"상패, 요골 자연재해위험개선지구 타당성조사 및 기본계획수립",1,1,,
5181025028,,,지방2급하천,0.0,5181000000,,02,,12062.0,20230331,안전교통과 지방시설8급,100.0,12.0,Y,,솔정지구,245,지방하천 가아천에 위치한 솔정교 및 세월교 5개소는 우기철 강우 발생 시 매년 세월교 잠식으로 인하여 통행이 불가한 상황으로 주민 고립 우려,20230331,,,솔정지구,0.0,428102023018,,19,고립,,0,,기타,2,안전교통과 지방시설8급,50.0,30.0,001,5.0,,,,,인제군 안전교통과,013,안전교통과 지방방재안전7급 ,0,,,2023,2024/09/06 13:27:29.000000000,,2,1,,
4889043030,,,지방관리,,4889000000,,02,,272039.0,,안전총괄과 방재담당,,,N,1.68,마장저수지,40,마장저수지 하류 농경지 가뭄피해가 빈번히 발생하고 최근 가뭄 장기화에 따른 용수부족이 발생,20230412,,,마장 상습가뭄재해지구,,488902023032,,019,"합천군 삼가면은 미급수율 24%로 용수공급이 부족하며,
2018년 이후 가뭄 장기화에 따른 용수부족이 발생",,0,,기타,1,안전총괄과장,1.0,,007,,,,,,합천군 안전총괄과,010,안전총괄과 시설7급,0,,,,2024/04/08 14:31:02.000000000,,3,,,삼가면 환경개발계장
4682031026,,,기타,,4682000000,,02,,146000.0,20230412,안전교통과 지방시설주사보,,116.0,Y,1.34,신리 및 화내2 소하천,364,하천제방 월류 방지 및 침수예방을 위한 지구 지정,20230412,,,구림,,468202024016,,-1,하천 미정비 및 노후된 하천시설물로 인하여 주변 농경지 및 주거지의 상습 침수 피해가 발생함,,0,,,1,안전교통과장,,,001,78.0,,,,,안전교통과,050,안전교통과 지방시설주사보,0,,20230412,,2024/05/02 21:04:35.000000000,,1,1,,
5013025033,,,지방관리,,5013000000,,02,,403639.0,20230426,서귀포시 안전총괄과 시설7급,,,Y,,"소하천 정비 L=7.1㎞, 소규모 펌프장 2개소",2841,집중호우 시 하천통수능 부족으로 인한 외수범람과 하천변 저지대 내수배제 불량으로 침수피해 발생,20230426,,,신도2,,501302024052,,-1,집중호우 시 하천통수능 부족으로 인한 외수범람과 하천변 저지대 내수배제 불량으로 침수피해 발생,,0,,,2,서귀포시 안전총괄과 복구지원팀장,,,001,,,,,,안전총괄과,010,서귀포시 안전총괄과 시설7급,0,,,2023,2024/04/23 10:37:46.000000000,자연재해저감종합계획,2,0,,
4784032047,,,지방2급하천,,4784000000,,02,,1660383.0,,성주군 시설7급 박인준,,58.0,N,,신천1세월교,374,"배수펌프장 용량부족 및 내수배제에 따른 대규모 침수발생, 신천1세월교 수위상승에 따른 침수피해 위험
변경지정 2023. 1. 13. (침수위험지역 포함하여 변경 지정)",20190620,,,동락,,478402019011,,2,"배수펌프장 용량부족 및 내수배제에 따른 대규모 침수발생, 신천1세월교 수위상승에 따른 침수피해 위험",,0,,낙동강,3,안전과 행정5급,,,001,25.0,,,,,성주군,013,안전과 시설7급,0,,20190620,2019,2024/04/08 13:27:49.000000000,,1,2,,
4882033022,,,지방관리,,4882000000,,02,,150220.0,,"안전관리과, 시설7급",351.0,54.0,,,제전항,23,태풍내습 시 해일로 인한 피해 발생으로 해일위험지구 지정 관리 및 정비를 통한 주민의 생명과 재산 보호 ,20220922,,,제전지구,,488202020005,,19,"태풍내습시 집중호우 및 바람의 영향으로 해일 발생
재해위험지구정비사업(방파제 증설 L=110m 및 소파블럭 보강 1식 등)을 통하여 주민의 생명과 재산 보호  ",,0,,기타,2,"안전관리과, 시설5급",10.0,85.0,006,28.0,,,,,고성군청 해양수산과,010,"안전관리과, 시설6급",0,,20200827,2020,2024/04/11 13:11:30.000000000,,1,15,,제전이장
2671025028,,,사유림,,2671000000,,,,3400.0,19990930,,,,,,급경사지,61,"붕괴위험, 비탈면보호",19990930,,,15호군도,,267102020006,,-1,붕괴위험,,0,,,4,,,,002,,,,20020102,조치완료,,016,시설8급,0,,,,2022/11/02 17:34:23.000000000,,2,,,
4889043027,,,지방2급하천,,4889000000,,,,36200.0,20200916,안전총괄과 방재계장,,280.0,,,삼가지구,515,농경지 침수,20200916,,,삼가 풍수해생활권 종합정비,,488902021021,,-1,"삼가지구는 양천(지방하천) 계획홍수위에 비해 지반고가 낮아  양천 수위상승 시 자연방류가 어려워 도로, 농경지, 주택지역이 매년 우수기 시 내수침수가 반복되는 실정",,0,,,1,안전총괄과장,,,001,112.0,,,,,합천군,013,안전총괄과 시설7급,0,,,,2024/04/08 15:13:53.000000000,,1,1,,삼가면 환경개발계장
5181034023,,유실위험,기타,,5181000000,,02,,12700.0,20210329,지방시설9급,150.0,,,,서화교,868," 서화교는 교량형하고 및 경간장이 하천기본계획 시설기준에 미달되는 노후 시설물로 국지성 집중호우 시 
 통수단면적 부족으로 교량구조물 및 주변 농경지 등에 지속적인 피해 예상",20210329,20210329,,서화교지구,,428102021013,,1,집중호우 시 유실 등에 따른 주변 농경지 등에 큰 피해 예상,,0,일원,한강,2,,100.0,30.0,005,,,,,,인제군 안전교통과,050,지방방재안전8급,0,일원,20210329,,2023/04/27 13:15:24.000000000,,1,,,
4887034022,,,지방관리,,4887000000,,02,,674351.0,20211104,함양군 수동면 시설9급,250.0,155.0,Y,2.0,죽산,1342,"집중호우 및 태풍 내습시 범람 및 주거지, 농경지 피해 발생",20221006,20170319,,죽산,,488702021016,86000.0,19,"마을 주민 고립 위험
마을 침수 피해 발생 등",,0,,기타,1,함양군 안전도시과 시설5급,2.0,,001,67.0,,,20261231,,함양군,010,함양군 안전도시과 시설7급,0,,20161013,2021,2024/04/15 09:01:42.000000000,죽산천기본계획,2,,,
4311332025,,,기타,,4311000000,,02,4371041025004550003009314     ,145121.0,,옥산면 시설9급,,,,1.0,가락천,455,- 우기시 하천 외수위 상승으로 내수배제 불량에 따른 제내지 농경지 침수 피해가 상습적으로 발생하고 있어 대책 시급,20211015,,,가락지구,,431102021024,,3,- 집중호우에 따른 외수위 상승 시 내수배제 불량에 의한 침수,,0,(옥산면 가락리 612-1번지 일원),금강,1,하천과 시설6급,1.0,42.0,001,,,,,,하천과,050,하천과 시설7급,0,(옥산면 가락리 612-1번지 일원),,,2024/09/23 14:44:12.000000000,,3,3,,자율방재단
5180033022,5.0,,지방2급하천,,5180000000,,02,,414894.0,,양구군 건설과,300.0,72.0,Y,2.26,수입천,979,"교량 저면이 계획홍수위보다 낮고, 통수단면 부족으로 월류위험에 노출되어 월류시 하류지역 고립",20220601,20100101,,오미리들지구,,428002021017,35811.0,1,"교량 저면이 계획홍수위보다 낮고, 통수단면 부족으로 월류위험에 노출",,0,,한강,1,양구군 건설과,2020.0,,004,42.0,0.0,10.0,,,양구군,013,양구건 건설과,0,,20161031,2022,2024/09/24 17:43:03.000000000,하천기본계획,1,,,
5219036028,,,지방2급하천,,5219000000,,,,163280.0,,,,,,,송대천,2112,섬짐강 하천 수위 상승으로 송대천(지방하천) 수위 상승으로 내수배제 불량,20210727,,,사석지구,,451902022035,,5," ○ 사석지구는 섬진강(지방)으로 유입되는 송대천(지방)의 양안 저지대에 위치하고 있음
   ○ 집중호우 시 섬진강(지방) 및 송대천(지방)의 외수위 상승, 배수영향(Back-water)에 따른 마을 배수로의 내수배제 불량과 산지부 우수 유입에 따른 통수단면 부족 등으로 침수가 발생하는 지역임
   ○ 또한, 섬진강 배수영향구간 내의 소하천 제방은 자기류 제방으로 구성되어 말단부에 수문이 설치되어 있으나, 강제배수시설이 전무하여 소하천 제방 월류시 인근 주거지 및 농경지에 침수피해가 발생함",,0,,섬진강,1,지방시설6급,,,001,,,,,,,013,지방시설9급,0,,,,2024/04/22 14:42:08.000000000,,2,,,
4784039036,,,지방관리,,4784000000,,02,,1735090.0,,성주군 시설7급 박인준,,32.0,N,1.25,배수로,715,태풍 및 집중호우 내습시 백천(지방) 수위 상승으로 인해 성주군 월항면 장산리 715-1 일원의 저지대 내수배제 불량 및 소하천 철산천의 통수능력 부족으로 상습적 침수 피해가 발생,20230330,,,철산,1.0,478402023021,,2,내수 침수,,0,,낙동강,1,안전과 시설5급,,,001,16.0,,,,,성주군,010,안전과 시설7급,0,,,2023,2023/04/03 09:40:57.000000000,,1,1,,
4872041521,,상습가뭄재해지구,지방관리,,4872000000,,00,,198561.0,,의령군 건설과,,1692.0,N,,평촌지구,1083,"강수량 부족으로 가뭄 장기화(최근 30년 중 14년 평균강수량 이하)에 따른 상습가뭄피해 발생으로 농경지 농업용수 및 생활용수 부족, 산불용수 공급 등을 위한 지정",20181231,,,평촌지구,,487202019015,,2,상습가뭄피해 우려에 따른 재해발생,,0,,낙동강,3,의령군 건설과,,,003,1026.0,,,,,의령군 건설과,010,의령군 건설과,0,,,2017,2024/09/30 16:43:58.000000000,,3,,,
4617012800,,,지방관리,,4617000000,,02,,45100.0,20210719,지방시설8급,,,N,,대흥,617,집중호우시 지방하천(만봉천) 수위 상승에 따른 내수배제 불량,20210719,,,이창,,461702022022,,4,만봉천 외수위 상승으로 내수배제 불량,,0,,영산강,2,지방시설5급,,,001,,,,,,나주시,010,지방공업9급,0,,,2021,2024/04/11 10:50:19.000000000,,1,0,,
4775034035,,,지방2급하천,,4775000000,,,,121721.0,20201123,건설새마을과,,,,,수락 재해위험개선지구,570,"- 수락 자연재해위험개선지구는 기 자연재해저감종합계획에 반영된 지구(하천재해 1개소)
- 하천과 인접하여 취락지구가 위치, 인명피해 발생 가능성 높음 ",20201123,20070504,,수락(보현천),,477502021018,,2,"- 수락지구는 보현천의 상류구간에 위치한 하천으로, 경사가 급하여 집중호우 발생시 빠르게 모여든 빗물로 돌발홍수 발생
- 제방여유고 부족으로 인한 월류 피해와 하천시설물의 노후화 및 능력부족으로 홍수흐름 방해
- 하당교 하류 지점은 하천변에 주거지가 위치하고 있으며, 무제부 석축 구간으로 홍수발생시 대규모 침수 및 고립 위험",,0,,낙동강,1,,,,001,,,,,,청송군,013,건설새마을과,0,,,,2024/04/26 17:49:06.000000000,,1,,,
4886025022,,,국가하천,,4886000000,,00,,8915.0,,시설6급,144.0,10.0,Y,,옥산지구,14,남강 본류 수위 영향에 따라 내수배제 불량으로 도로침수발생 및  농경지 침수로 인명·재산 피해 ,20230327,,,옥산지구,,488602023023,,2,남강 본류 수위 영향에 따라 내수배제 불량으로 도로침수발생 및  농경지 침수로 인명·재산 피해 ,,1,,낙동강,1,시설6급 ,1.0,75.0,001,3.0,,,,,산청군청,011,시설6급 ,0,,,,2024/04/11 13:21:42.000000000,남강하천기본계획,1,1,,
2714011600,5.0,,국가하천,,2714000000,,01,,473614.0,,동구청 건설과 시설7급,81.0,9.0,Y,1.13,동호1지구,340,금호강 홍수위(EL.38.34m) 보다 제내지 지반고(EL.37.2m)가 약 1.0m 이상 낮은 저지대 지역,20230420,,,동호1지구,,271402023004,355950.0,2,"금호강 홍수위보다 낮은 저지대 지역이며, 하천수위 상승시 내수배제 불량으로 가옥 및 농경지 침수 위험",,0,,낙동강,1,동구청 안전총괄과 시설6급,1.0,30.0,001,9.0,0.0,10.0,,,동구청 건설과,011,동구청 안전총괄과 시설8급,0,,,,2023/04/20 11:09:43.000000000,,2,50,,
4180035023,,,지방관리,,4180000000,,02,,89510.0,,안전총괄과 방재안전8급,,450.0,Y,,"배수펌프장, 북삼천 등",732,"기후변화에 따른 집중호우 시 배수펌프장 시설능력 부족, 소하천 하폭 및 제방 여유고 부족 등으로 인명 및 재산피해가 발생하고 있어 종합적인 정비사업을 통해 예방하고자 함.",20240307,,,북삼지구,,418002024014,111831.0,18,"    - 임진강 제내측 저지대 구간에 속함에 따라 임진강 수위상승에 민감하게 반응하며, 침수영향범위 내 주거지, 상가, 마을도로 및 농경지 위치
    - 북삼리 지역주민들은 임진강 수위상승 시 긴급대피가 일반화되어 있으며, 특히 침수구역 내 주거지 및 취약계층(노약자, 장애인 등)의 집중분포로 재산뿐 아니라 인명의 피해우려가 상존하는 구간
    - 침수 주요원인은 북삼천 종점부에 위치한 북삼간이배수펌프장의 용량 부족이며, 기점수위에 따라 북삼천 및 세천의 월류가 예상
    - 마을도로 내 우수관거 용량 부족과의 복합작용으로 침수피해 가중 예상
    - 북삼천 상류 산지계류부 미정비로 토사유출 시, 북삼천 퇴적 및 인근 주거지에 직접적 영향 우려
    - 급경사 산지사면(재해이력, 위험도 D등급)이 주거지 및 대피소와 인접
    - 이에 따라 북삼지구 내 위험요인은 내수, 하천, 토사, 사면재해와 같음",,0,,임진강,1,안전총괄과 시설6급,,,001,289.0,,,,,연천군 안전총괄과,010,안전총괄과 방재안전8급,0,,,2024,2024/04/18 15:19:20.000000000,,1,2,,
5119010100,,,지방2급하천,,5119000000,,,4219010100100240014006398     ,78742.0,20240208,,,,N,,황지지구,24,제방고 부족으로 주거지 및 인접도로 침수피해,20240208,20240208,,황지지구,,511902024018,,2,제방고 부족으로 주거지 및 인접도로 침수피해,,0,황지천일대,낙동강,1,,,,001,,,,,,태백시청,013,,0,황지천일대,20240208,2024,2024/05/02 15:28:16.000000000,,1,23,,
4688040028,,,기타,,4688000000,,02,,99300.0,20230317,재난안전과 시설7,,,,,대정소하천,171,농경지 및 가옥 침수 예방,20230317,,,대정지구,,468802024020,,4,하천 단면 부족 및 교량 형하고가 낮아 집중호우시 하천수 월류,,0,,영산강,1,재난안전과 시설5,,,001,,,,,,장성군청,050,재난안전과 시설7,0,,,2023,2024/09/24 20:37:39.000000000,,2,,,
4373036033,,,국가하천,,4373000000,,02,,1023850.0,20211126,옥천군 안전건설과 시설6급,,,Y,4.17,금강,225,금강 수위 상승 시 내수배제 불량으로 주택 및 농경지 침수피해 우려,20220425,20060821,,백지원동,,437302022020,,3,"① 금강 외수위 상승시 내수배제불량으로 침수피해 발생
② 소하천 미정비로 월류 및 침수피해 위험성 상존
③ 농경지 배수로 미비로 농경지 침수피해 가중",,0,,금강,2,옥천군 안전건설과 시설6급,,,001,,,,,,옥천군 안전건설과,011,옥천군 안전건설과 시설6급,0,,20091231,2021,2023/04/20 14:35:41.000000000,금강 하천기본계획,2,1,,백지리장
5221046021,,,국가하천,,5221000000,,,,284000.0,,안전재난과 시설7급,,490.0,,9.0,마산천(지방하천),853,배수로 통수단면 부족 및 배수불량으로 인한 저지대 침수 발생,20220209,,,춘화,,452102023014,20.0,8,침수,,0,,동진강,1,안전재난과 시설6급,,,001,245.0,,,,,,011,안전재난과 시설7급,0,,,2022,2024/09/20 17:54:30.000000000,,2,1,,
4884039021,,,지방관리,,4884000000,,02,4884039021102400000037179     ,41206.0,,재난안전과 지방시설주사보,,,Y,,상신소하천,240,"하천 통수단변 부족, 기본계획보다 낮은 제방고등으로 인한 월류 피해 예상",20230525,,,상신,,488402023026,,5,"하천 통수단변 부족, 기본계획보다 낮은 제방고",,0,,섬진강,1,,,,001,,,,,,남해군,010,재난안전과 지방시설주사보,0,,,2023,2023/05/25 20:28:07.000000000,소하천정비기본계획,2,0,,
4684025023,,붕괴,,0.0,4684000000,,02,4684025023100840001058550     ,26169.0,,안전총괄과 시설 8급 ,,560.0,N,,성남5,84,석회암 공동현상으로 인한 지반침하 우려,20180319,20160519,,성남5,,468402019009,,-1,석회암 공동현상으로 인한 지반침하 우려,,0,,,2,안전총괄과 시설6급,,,002,112.0,,,,,무안군,-1,안전총괄과 시설8급,0,,,,2023/11/26 12:45:20.000000000,,1,1,,
4617010400,,,기타,,4617000000,,,,141300.0,,지방시설7급,,,,,삼영2,76,내수 배제 불량,20210719,,,삼영2,,461702023025,,-1,영산강과의 내수 배제 불량으로 인한 침수,,0,,,1,지방시설5급,,,001,,,,,,나주시청,050,지방공업9급,0,,,,2024/04/11 10:47:49.000000000,,1,,,
5175035524,,,지방관리,,5175000000,,,,75260.0,,건설과 시설6급,,,,,문둔지구,98,- 집중호우 발생시 문둔지구 인근에 거주하는 지역주민의 인명피해 발생 및 교량을 이용하는 주민들의 주 통행로 단절이 우려됨,20230412,,,문둔지구,,427502023026,,-1,- 집중호우 발생시 문둔지구 인근에 거주하는 지역주민의 인명피해 발생 및 교량을 이용하는 주민들의 주 통행로 단절이 우려됨,,1,,,1,건설과장,,,005,,,,,,,010,건설과 시설7급,0,,,2023,2024/10/11 09:26:37.000000000,,1,,,
4372025048,,,지방2급하천,,4372000000,,02,,366168.0,,재난안전과 시설6급,180.0,829.0,,,중초천,504,침수위험지역 및 하류부 시가지 저지대 침수우려,20220408,,,중초,,437202023015,,3,"중초천(지방)과 지류소하천의 하폭 및 제방고 부족에 의한 침수위험, 우수관로 통수능 부족에 따른 상습 침수 피해가 발생한 지역",보은읍 이정식 주무관,0,,금강,1,재난안전과장,5.0,,001,382.0,,,,,보은군청,013,재난예방팀장,0,,,2022,2024/09/23 20:53:42.000000000,,1,,,
4688036031,,,지방2급하천,,4688000000,,02,,407000.0,,재난안전과 시설7,,,Y,,관동천,11,"법면유실 및 농경지, 교량침수 발생",20230224,,,관동지구,,468802023019,,4,침수위험,,0,,영산강,1,재난안전과장,,,001,,,,,,장성군청,013,재난안전과 시설7,0,,20220429,2023,2024/09/24 20:17:54.000000000,황룡강권역,2,,,이장
4725038023,,,기타,,4725000000,,00,4725038023101430014063885     ,210968.0,20220330,건설과/시설7 강수정,,920.0,Y,1.0,취약방재시설,143,"모동면 시가지 우수관거 용량 부족과 저지대 내수배제 불량으로 침수피해 발생
이동, 덕곡소하천 하폭 및 제방고 부족 월류피해
백화교 경간장 및 계획고 부족으로 고립위험",20200901,,,모동(용호),,472502021014,,3,"모동면 시가지 우수관거 용량부족과 저지대 내수배제 불량으로 침수피해 발생
이동, 덕곡소하천 하폭 및 제방고 부족 월류피해
백화교 경간장 및 계획고 부족으로 고립위험",,0,,금강,2,안전재난실장,,,003,460.0,,,,,건설과,050,안전재난실 / 시설7,0,,20181001,2022,2024/04/11 14:00:53.000000000,소하천정비종합계획,1,14,,
4471032021,,,기타,,4471000000,,02,,480633.0,20210820,군민안전과 시설7,100.0,70.0,Y,1.0,제원지구,39,본류수위 상승에 의한 봉황천 및 조정천 역류 발생으로 배수 농경지 및 주거지 침수피해 발생,20210820,20160601,,제원지구,,447102021013,82374.0,3,"① 용담댐 방류에 의한 하천수위 상승(금강→봉황천→조정천)
② 본류수위 상승에 의한 봉황천 및 조정천 역류 발생
③ 배후 농경지 저지대",,0,,금강,1,군민안전과장,2.0,,001,20.0,,,,,,050,주무관,0,,20170630,2021,2024/04/04 09:32:24.000000000,조정천 하천기본계획획,2,2,,
4421034027,,,지방1급하천,,4421000000,,,,364734.0,,건설과 지방시설사무관,,,,,원천천 자연재해위험개선지구,1334,하천의 미개수 및 하천시설물의 노후화로 인한 자연재해(침수위험)로부터 주민의 생명과 재산을 보호,20210902,,,원천지구,,442102022008,,19,집중호우에 따른 침수 위험,,0,,기타,3,건설과 지방시설주사,,,001,,,,,,,012,건설과 지방시설주사보,0,,,2021,2024/09/20 11:50:12.000000000,,2,,,
2614012400,,,기타,0.0,2614000000,,02,,98000.0,20230419,부산광역시 서구 구민안전과 지방시설서기보,,,N,,암남7 자연재해위험개선지구,95,태풍에 따른 시설물 파손 및 침수로 인한 인명피해 우려 ,20230419,20230419,,암남7지구,0.0,261402023027,,-1,태풍에 따른 시설물 파손 및 침수로 인한 인명피해 우려 ,,0,,,1,부산광역시 서구 구민안전과 지방시설주사,,,006,,,,,,부산광역시 서구청,050,부산광역시 서구 구민안전과 지방시설서기보,0,,20230419,2023,2024/12/04 10:27:48.000000000,,2,56,,
4376041021,,,,,4376000000,,,,77100.0,,안전정책과 시설7,431.0,61.0,,,묘막지구,915,하천범람,20220429,,,묘막지구,,437602023030,,1,하천재해,,0,,한강,1,안전정책과장,2.0,,001,33.0,,,,,,-1,안전정책과 시설7,0,,,,2024/11/18 17:49:18.000000000,,2,,,
4688025024,,,지방2급하천,,4688000000,,,,4239.0,,재난안전과  시설7,,,,,오동천,748,"법면유실 및 농경지, 교량침수 발생",20210923,,,오동지구,,468802023018,,4,침수위험,,0,,영산강,2,재난안전과장,,,001,,,,,,장성군청,013,재난안전과  시설7,0,,,2021,2024/09/24 20:17:33.000000000,,2,36,,이장
4374040021,,,지방1급하천,,4374000000,,02,4374040021101340001001985     ,288768.0,,시설6급,,245.0,,,초강천,135,"심천리 시가지 내 우수관로 시설 능력 부족에 의한 주거지 침수 위험
초강 및 용서천, 왜골천 월류에 따른 주거지 및 농경지 침수 위험",20240507,,,심천2지구,,437402024033,,3,"지방하천 초강, 소하천 용서천, 왜골천 집중호우 및 태풍내습 시 통수단면 부족으로 하천범람에 따른 인명과 재산 피해 발생 가능성이 높고,
심천리 시가지 내 우수관로 통수단면 부족, 농경지 배수로 미정비로 인해 외수위로 인한 내수침수 피해 가능성이 높음",,0,,금강,1,시설6급,,,001,128.0,,,,,영동군청 재난안전과,012,시설7급,0,,20240507,2024,2024/05/31 15:13:05.000000000,,1,0,,
4689036021,,도로,군도,,4689000000,,00,,8000.0,20190423,소안면사무소  시설9급,,665.0,,,도로,1423,만조시 해수가 도로로 범람하고 도로침하로 인하여 피해가 예상됨에 따라 사전에 인명 피해를 예방하기 위함,20190423,,,비자지구,,468902019018,,19,도로 침하 및 만조시 해수 도로 범람함,,0,,기타,2,완도군청 안전건설과 시설6급,,,001,343.0,,,,,완도군청,004,완도군청 안전건설과 시설8급,0,,20190423,,2021/11/08 10:44:22.000000000,,3,6,,비서리이장
5011025632,,,지방관리,,5011000000,,02,5011025632008140050059765     ,15351.0,20200103,제주시 안전총괄과 복구지원팀장,143.0,,,2.0,종달,814,내수배제 불량으로 인한 저지대 침수,20200103,,,종달,,501102020051,,019,"- 기존 우수관로의 토사퇴적으로 인한 기능저하
- 저지대에 위치하여 조위영향 및 집중호우 시 내수배제 불량으로 인한 침수",,0,,기타,2,제주시 안전총괄과장,2.0,,001,,,,,,제주시,010,안전총괄과 시설7급,0,,,2020,2024/10/01 12:03:19.000000000,,2,50,,종달리장
4886038031,3.0,,국가하천,,4886000000,,,4886038031101260014045674     ,53000.0,,시설6급,,56.0,Y,2.0,"남강, 명동소하천",126,국가하천 남강 본류 홍수위 상승에 따른 배수위 영향으로 인해 명동천 (소하천) 하류부 홍수소통 불량이 발생 통수단면적 부족에 의한 월류로 인해 주거지 및 농경지 침수피해 ,20220324,,,명동,,488602021018,50000.0,2,남강(경호강) 본류 수위의 영향으로 내수배제 불량에 의하여 주거시설 및 농경지가 상습적인 침수피해가 발생하여 이에 대한 대비가 필요한 지역임.,,0,,낙동강,1,시설6급,,,001,31.0,0.0,5.0,,,산청군,011,시설6급,0,,20141230,,2024/04/11 13:22:55.000000000,자연재해저감종합계획,2,14,,
5183035025,5.0,,소규모어항,,5183000000,,02,4283035025100070008020273     ,29900.0,,양양군 안전교통과 과장,,75.0,Y,1.0,물치 해일위험지구,7,"태풍, 너울성 파도에 의한 인근 상가지역 등 침수 및 월파피해",20220131,,,물치지구,,428302021015,40000.0,19,"태풍, 너울성 파도에 의한 인근 상가지역 등 침수 및 월파피해",,0,,기타,1,양양군 안전교통과 팀장,,,006,30.0,0.0,10.0,,,양양군청,036,양양군 안전교통과 주무관,0,,20171223,2022,2024/04/11 20:30:23.000000000,,2,8,,물치리 어촌계
4311425032,,,,,4311000000,,,,230200.0,,내수읍 시설9급,302.0,,,,비중천,25,"재해발생시 홍수위 상승에 따른 하천의 외수범람 및 내수배제 불량으로 경작지, 건축물 및 기반시설의 침수피해가 발생 ",20230428,,,비중지구,,431102023028,,3,"- 지구내 시설물의 능력검토결과 방재성능규모 미충족
- 배수시설물의 통수단면 부족으로 내수에 의한 침수피해 발생
- 통수단면 부족으로 인한 제방 월류",,0,,금강,1,하천과 시설6급,1.0,,001,,,,,,하천과,-1,하천과 시설8급,0,,,,2024/09/23 14:46:30.000000000,,2,,,이장
4831032028,,,,,4831000000,,,,32245.0,20230701,,,,,,학동(소류지)지구,508,학동소류지 및 학동소하천 제방 등 각종 시설물 노후에 따른 피해발생,20230701,,,학동(소류지)지구,,483102023036,,-1,시설물 노후에 따른 인근지역 침수피해 발생,,0,,,1,,,,003,,,,,,,-1,,0,,,2023,2023/07/24 21:23:38.000000000,,2,,,
5272033021,,,기타,,5272000000,,02,,11930.0,,안전재난과 시설7급 양태석,,25.0,Y,5.66,구량천,645,소하천 제방 여유고 부족에 따른 월류 및 낙차공 하부 세굴에 따른 제방파이핑 현상 발생,20231214,20160930,,하양지,,527202024031,,3,침수위험,,0,,금강,1,안전재난과 시설6급 김학재,,,001,14.0,,,,,진안군,050,안전재난과 시설7급 양태석,0,,19990210,,2024/04/15 16:48:07.000000000,구량천 하천기본계획,2,0,,
5218041022,,,,0.0,5218000000,,02,,2937144.0,20240214,시설8급,,,Y,1.85,내칠천,1200,내칠천의 통수능 부족에 의한 수위 상승으로 저지대에 위치한 주거지 및 농경지 침수 발생이 우려되는 지역임,20240214,,,내칠지구,0.0,521802024015,20.0,8,"내칠천의 통수능 부족으로 인한 수위 상승시 월류발생
주거지 및 농경지 침수 발생
하천수 월류에 따른 저지대에 위치한 주거지 및 농경지 침수 발생",,0,,동진강,1,시설6급,1.0,26.0,001,,,,,,정읍시청,-1,시설8급,0,,,2024,2024/02/19 21:40:19.000000000,,2,0,,
4872037027,,,지방1급하천,,4872000000,,02,4872037027107920000034175     ,19013.0,,안전관리과 시설7급,,110.0,Y,1.29,백야천,792,백야천 통수단면 부족으로 인한 침수 피해 발생,20230531,20161229,,백야지구,,487202024029,66705.0,2,백야천 통수단면 부족으로 인한 침수 피해 발생,,0,,낙동강,1,안전관리과 시설6급,,,001,55.0,,,,,의령군(안전관리과),012,안전관리과 시설7급,0,,20110101,2023,2024/04/15 11:18:21.000000000,백야천하천기본게획,2,0,,
4887032027,,하천범람,지방도,,4887000000,,02,,107325.0,20170131,함양군 휴천면 시설8급,350.0,88.0,Y,1.0,한남지구,771,"임천의 제방여유고가 부족하여, 임천 좌안측에 위치한 한남,동강, 원기 등마을에 하천 월류침수 및 배수불량 등 피해가 발생함.
",20201126,20170319,,한남지구,,488702020014,56000.0,2,"휴천면과 마천면을 연결하는 국지도 60호선이 태풍 및 집중호우시 침수로 인해 상습적으로 단절이 발생.
상류측 새우섬 인근의 큰 만곡도로 인해 임천 좌안측 으로 편수위가 발생하여 침수피해가 가중되고 있음.
임천의 계획하폭 및 제방여유고가 부족하여 제방 월류가 발생하며, 좌안측에 위치한 한남마을 및 원기마을이 홍수시 빈번하게 침수피해 발생.",,0,,낙동강,1,함양군 안전도시과 시설5급,3.0,120.0,001,44.0,,,,,함양군,002,함양군 안전도시과 시설7급,0,,20211126,2020,2024/04/15 09:07:16.000000000,하천기본게획,1,,,한남마을 이장
5013025326,0.0,,지방관리,,5013000000,,02,,66750.0,20200520,서귀포시 안전총괄과 시설7급,277.0,40.0,Y,2.8,"배수로정비 2,457m",1526,집중호우 시 배수로 미설치로 인하여 우수가 도로를 따라 흘러 저지대 비닐하우스 및 주거지 침수가 발생됨에 따라 풍수해저감종합계획상 위험지구로 지정,20200520,20200715,,신흥,,501302020048,771312.0,-1,상류지역의 유출수가 배수시설이 미비한 저지대 지역으로 집중됨에 따라 농경지 및 도로변 주거지 등에 침수가 발생,,0,,,2,서귀포시 안전총괄과 복구지원팀장,1.0,115.0,001,20.0,5.0,0.0,,,서귀포시,010,서귀포시 안전총괄과 시설7급,0,,20200520,2020,2024/09/29 09:39:10.000000000,자연재해저감종합계획,2,1,,
4719012000,,,기타,,4719000000,,,4719012000109750000000001     ,10156.0,,하천과 시설7급,222.0,110.0,,,백곡천,975,계획빈도(50년)를 상회하는 강우 발생으로 통수능력이 부족한 하천시설물에 의해 제방 유실 및 농경지 침수피해 발생,20201211,,,백곡지구,,471902020007,,-1,제방 유실 및 농경지 침수피해,,0,,,2,하천과 시설5급,20.0,34.0,001,36.0,,,,,,050,하천과 시설7급,0,,,,2024/09/20 18:06:51.000000000,,1,0,,
5011031028,5.0,,지방관리,,5011000000,,02,5011031028009520000018077     ,20012.0,,제주시 안전총괄과 복구지원팀장,88.0,150.0,Y,1.48,신창한원,952,집중호우시 세천의 수위상승 및 우수관로 통수단면 부족으로 인한 침수위험,20210428,20200715,,신창·한원,,501102021055,72499.0,19,"집중호우시 세천의 수위상승 및 우수관로 등 통수단면 부족, 해안가 저지대 조위에 의한 배수영향으로 집중호우시 주거지역 상습침수피해 발생",,0,,기타,2,안전총괄과장,1.0,,001,90.0,5.0,10.0,,,안전총괄과,010,안전총괄과 지방시설7급,0,,20180601,,2024/10/01 10:38:24.000000000,하수도정비기본계획(변경),2,0,,신창리장
4824034021,5.0,,지방관리,,4824000000,,,,318920.0,,축동면행정복지센터,211.0,70.0,,,배춘천,537,외수위 상승 및 홍수 시 제방월류와 내수배제 불량에 의한 반복적인 주거지 및 농경지 침수가 발생,20220721,,,구암,,482402021027,,-1,"- 배춘천 하천시설 설계기준 미달 등 홍수소통 능력 부족에 따른 급격한 홍수위 상승
- 제방월류, 하천시설물 유실 등에 따른 제내지 침수피해 발생
- 홍수 시 하천 인근 주거밀집지역의 우수관거 통수능 부족으로 인한 반복적인 침수피해 발생",,0,,,2,재난안전과,1.0,80.0,001,20.0,0.0,10.0,,,,010,재난안전과,0,,,,2024/03/22 12:08:48.000000000,,2,6,,
5183034037,3.0,,지방2급하천,,5183000000,,02,,119000.0,,양양군 재난안전과,,50.0,Y,1.42,입암 침수위험지구,69,하천의 외수범람과 외수위 상승에 따른 내수배제 불량으로 침수,20220411,,,입암지구,,428302021019,40000.0,17,하천의 외수범람과 외수위 상승에 따른 내수배제 불량으로 침수,,0,,양양남대천,1,양양군 재난안전과,,,001,20.0,0.0,10.0,,,양양군,013,양양군 재난안전과,0,,20041231,,2022/04/21 14:27:04.000000000,화상천 하천기본정비계획,2,2,,현남면 입암리장
4775037047,,,기타,,4775000000,,,,47590.0,20201123,건설새마을과,,114.0,,,어무골천 재해위험개선지구,999,"- 어무골천 자연재해위험개선지구는 기 자연재해저감종합계획에 반영된 지구(하천재해 1개소)
- 하천과 인접하여 취락지구가 위치, 인명피해 발생 가능성 높음",20201123,,,어무골(어무골천),,477502022020,,2," - 집중호우시 하폭 및 제방고 부족에 의한 월류침수 발생
 - 주거지 밀집구간 복개시설 및 하폭이 부족하여 집중호우시 하천범람 및 침수 발생",,0,,낙동강,1,,,,001,32.0,,,,,,050,건설새마을과,0,,,2020,2024/04/26 17:48:10.000000000,,1,,,
5277025022,,,지방1급하천,,5277000000,,,4577025022108200005000001     ,77900.0,,안전재난과 시설6급,,,,,"지방하천(경천, 양지천)",820,"집중호우 시 지방하천(경천, 양지천)의 외수위 상승으로 인한 주거지 침수피해 발생",20221210,,,양지1 ,,457702023027,,5,"집중호우 시 지방하천(경천, 양지천)의 외수위 상승으로 인한 주거지 침수피해",,0,,섬진강,1,안전재난과 시설5급,1.0,,001,,,,,,순창군,012,안전재난과 시설6급,0,,,2023,2024/09/30 10:09:52.000000000,,1,5,,
4773041030,,,농도,4.0,4773000000,,02,,330000.0,,단밀면,70.0,100.0,N,1.0,용곡잠수교,886,-용곡교의 여유고 및 경간장 부족에 따른 유송잡물 걸림 및 통수단면 축소로 유실 및 인명피해 발생. - 잠재적 인명피해 우려가 매우 높은 지구임.,20190614,,,용곡2지구,,477302019022,,2,  - 위천은 태풍 및 홍수 발생 시 반복적인 주택 및 농경지 침수와 시설물 유실 발생  - 노후된 용곡교의 지속적인 교통량 증가로 인명피해가 우려  - 유송잡물 상습 걸림현상으로 통수단면 및 형하여유고가 부족,,0,,낙동강,2,안전건설과  과장,1.0,33.0,005,29.0,,,,,의성군청,047,안전건설과 시설7급,0,,20190614,,2024/04/12 14:57:01.000000000,,1,,,용곡1리
4376036031,,,국가하천,,4376000000,,,,151900.0,,안전정책과 시설7,,49.0,Y,,달천,86,하천의 외수범람 및 내수배제 불량으로 주택 및 농경지 침수,20200103,,,중리지구,,437602020022,,-1,하천의 외수범람 및 내수배제 불량으로 주택 및 농경지 침수,,0,,,2,안전정책과장,,,001,28.0,,,,,괴산군청,011,안전정책과 시설7,0,,,,2024/04/09 13:41:27.000000000,,2,7,,이장
5280036022,,,기타,,5280000000,,02,4580036022107880012021418     ,218760.0,,,,328.0,N,,소하천 및 펌프장,788,"? 격포천(소), 반월천(소) 통수단면 부족에 의하여 우천시 주거지 및 농경지 상습 침수 발생
? 격포 배수펌프장 용량 부족에 따른 내수배제불량, 주거지 및 상가 상습 침수 발생",20230330,,,격포,,458002023019,,4,"? 격포천(소), 반월천(소) 통수단면 부족에 의하여 우천시 주거지 및 농경지 상습 침수 발생
? 격포 배수펌프장 용량 부족에 따른 내수배제불량, 주거지 및 상가 상습 침수 발생",,0,,영산강,1,,,,001,125.0,,,,,,050,,0,,,,2024/04/22 23:14:26.000000000,,1,12,,
5183035036,,,지방관리,,5183000000,,,,34381.0,,안전교통과 시설5급,,,,,정암2지구,627,풍수해저감 종합계획 위험지구 지정(자연재해위험개선지구 지정 추진중),20180131,,,정암2지구,,518302024021,,17,세천 수위 상승시 주거지 내수배제 불량,,0,,양양남대천,1,안전교통과 전기운영6급,,,001,,,,,,,010,안전교통과 시설8급,0,,,,2024/04/30 16:19:45.000000000,,3,2,,정암리마을회
5175025029,,,농도,,5175000000,,00,,58853.0,20211115,재난예방팀장,,120.0,Y,7.0,팔흥교,457,하천구조물 노후 및 시설기준 미달로 원활한 유수흐름 저해,20211115,,,팔흥교,,427502020022,4514.0,1,하천구조물 노후 및 시설기준 미달로 원활한 유수흐름 저해,,0,,한강,2,건설과장,,,005,48.0,,,,,영월군청,047,시설7급,0,,20041101,2021,2024/09/22 14:42:47.000000000,한강하천기본계획,1,,,
4874037024,,,지방2급하천,5.0,4874000000,,02,,1512151.0,20220715,계성면 지방행정서기,,1250.0,Y,9.0,계성천,1289,"집중호우로 인한 하천수위 상승 및 내수배제 불량으로 상습적인 침수가 발생하였으며, 주거지 및 상업시설, 농경지의 피해 발생 우려가 매우 높은 지역",20220715,20080529,,계성지구,,487402021031,248000.0,2,계성천 수위상승으로 인한 내수 침수피해,,0,,낙동강,1,,,,001,754.0,,,,,경상남도 창녕군,013,,0,,20230701,2022,2022/07/15 17:00:15.000000000,계성천 하천기본계획,1,1,,계성면 계교마을이장님
4374025021,,,지방2급하천,,4374000000,,02,,593647.0,,시설6급 ,,2750.0,,1.0,삼봉지구,867,"지방하천 및 소하천 통수능 부족에 따른 침수 위험, 내부배제 불량에 따른 시가지 저지대 상습 침수",20210915,,,삼봉지구,,437402021026,,3,"지방하천 및 소하천 통수능 부족, 배수배제 불량",,0,,금강,2,재난안전과 재난예방팀장,,,001,1100.0,,,,,영동군청 재난안전과,013,재난안전과 시설6급,0,,,2021,2023/09/21 17:51:13.000000000,자연재해저감종합계획,1,1,,계산리장 
5115011100,3.0,,지방2급하천,,5115000000,,02,,5770000.0,,지방방재안전주사보,,24.0,Y,3.0,초당포남지구,984,침수 위험,20230321,,,초당,,421502021031,,19,동해 수위상승에 따른 경포천 배수 불량 및 내수 배제 불량,,0,,기타,2,지방시설주사,,,001,8.0,0.0,10.0,,,,013,지방방재안전주사보,0,984,20230321,2023,2024/04/09 11:08:15.000000000,초당포남지구 자연재해위험개선지구 타당성조사 및 기본계획,1,,,
4311325030,,,,,4311000000,,02,,18617.0,,세종시 치수방재과,100.0,20650.0,,,조천,548,호우시 배수 불량 및 노후 호안 유실 등으로 인한 침수 위험지역으로 인명 및 재산피해 발생 우려,20220311,,,신흥지구,,431102022026,,3,"- 대규모 아파트* 단지 개발로 인한 불투수면적 증가로 빗물 유출량이 증가하여 많은 양의 우수가 집중되면서 기존 배수시설의 용량을 초과하여 침수피해 발생
- 집중호우시 노후호안의 유실 및 제방의 붕괴위험 세월교의 노후, 여유고 부족 등으로 수위 상승시 하천(조천) 범람 위험과 인명 및 재산피해 발생",,0,,금강,1,청주시 안전정책과 시설6,,20.0,001,3730.0,,,,,세종시 치수방재과,-1,청주시 안전정책과 시설7,0,,,,2022/03/07 14:47:10.000000000,,2,2,,
4682032028,,,지방2급하천,,4682000000,,02,,891312.0,20220905,안전교통과 지방시설주사보,,588.0,Y,4.46,화산천,480,가옥 및 농경지 침수 방지 및 재해 예방을 위한 지구 지정,20220905,,,화산,,468202022015,,-1,하천 미정비 및 노후된 하천시설물로 인하여 주변 농경지 및 주거지의 상습 침수 피해가 발생함,,0,,,1,안전교통과장,,,001,280.0,,,,,안전교통과,013,안전교통과 지방시설주사보,0,,20220905,,2022/12/18 03:43:43.000000000,,1,20,,
4476033031,,,지방2급하천,0.0,4476000000,,02,,226079.0,20221004,부여군청 안전총괄과,,7.0,Y,1.97,복덕천,286,"2022년 8월 집중호우로 인하여 하천시설물 노후 및 통수단면 부족에 따라 제방호안, 유실붕괴, 시설하우스 및 가옥 침수 발생",20230331,,,복덕,,447602023005,7.0,3,하천시설물 노후 및 통수단면 부족에 따라 침수 발생 위험,,0,,금강,2,안전총괄과장,,,001,4.0,,,,,안전총괄과,013,안전총괄과 시설7급,0,,20071201,2022,2024/08/16 11:34:13.000000000,"지산천, 복덕천 하천기본계획",1,2,,
4812311000,,시가지침수,지방관리,,4812000000,,02,4812311000100450000029136     ,8729.0,20210910,재난대응담당관 시설7급,330.0,150.0,N,7.0,안민지구,45,집중호우 및 태풍 발생 시 우수집중으로 인한 침수피해,20210910,20100701,,안민지구,,481202021004,36000.0,19,집중호우 및 태풍 발생 시 우수집중으로 인한 침수피해,,0,일원,기타,3,재난대응담당과장,1.0,99.0,001,45.0,,,,,창원시청,010,재난대응담당관 시설7급,0,일원,,2021,2024/09/27 14:20:53.000000000,,2,0,,
4380031021,,,기타,,4380000000,,02,,410612.0,,안전건설과 시설8급,,2552.0,,2.0,장림지구 ,10,침수지역,20210312,,,장림지구 ,,438002021018,,1,침수 ,,0,,한강,2,안전건설과 시설6급,,,001,1358.0,,,,,,050,안전건설과 시설8급,0,,,,2024/10/14 20:34:25.000000000,,1,,,장림 이장
4711335021,,유실및침수,지방2급하천,,4711000000,,,,246152.0,,시설5급,,60.0,,,가사천,132,"하천 제방 월류, 유실, 범람 등에 의한 피해 발생",20211028,,,가사지구,,471102021015,,2,"가사지구는 200년 강우빈도를 상회하는 강우로 인해 홍수위 및 유속 증가로 포항시 죽장면 가사리 ~ 입압리 일원의 제방 월류, 유실, 범람, 교량 손실 등의 피해 발생",,0,,낙동강,1,시설6급,,122.0,001,30.0,,,,,포항시,013,시설7급,0,(입암리191),,2021,2022/05/04 09:30:00.000000000,,2,1,,
4623034023,,,기타,1.0,4623000000,,02,,16500.0,,안전과 시설7급,,,Y,,진상 하탄치마을 사면,84,사면붕괴위험에 따른 주거지 및 농경지 유실,20210930,20111228,,진상 탄치,,462302022021,,-1,"매립층 아래 맥암이 형성, 원지반과 매립층 경계부에서 우수가 유출",,0,,,2,안전과 시설6급,,,002,,,,,,광양시청,050,안전과 시설7급,0,,20220929,,2024/09/24 18:59:21.000000000,광양시 자연재해저감 종합계획,1,,,탄치마을 이장
4671031021,,,,,4671000000,,00,,3555376.0,20220816,재난안전과 시설9급,494.0,262.0,Y,,대추와우지구,809,"2020년 집중호우 당시 영산강 외수위 상승으로 내수배제 불량에 따른 저지대 주거지 및 농경지, 시설하우스 등 대규모 침수피해 발생",20220816,,,대추와우지구,,467102023023,,4,침수피해,,0,,영산강,1,재난안전과 시설6급,200.0,169.0,001,132.0,,,,,담양군청,-1,재난안전과 시설9급,0,봉산면 대추리 809-5 일원,,2022,2024/04/11 17:02:17.000000000,자연재해저감종합계획,1,5,,이장
4313032528,,,기타,,4313000000,,02,,20155.0,20230526, 충주시 안전총괄과 시설7급,,129.0,,15.0,"석문동천, 중산천(배수펌프장)",618,"<내수재해>
  - 집중호우시 지방하천 석문동천, 소하천 중산천 외수위 상승으로 내수배제 불량
  - 주거지 관류 구간 우수관거 용량부족으로 내수침수 발생",20230526,20130607,,수회,,431302023017,20.0,1,"집중호우시 지방하천 석문동천, 소하천 중산천 외수위 상승으로 내수배제 불량 및  우수관거 용량부족으로 내수침수 발생",,0,,한강,1, 충주시 안전총괄과 행정5급,,,001,67.0,,,,,충주시,050, 충주시 안전총괄과 시설7급,0,,20230526,2023,2023/06/05 15:32:25.000000000,,1,5,,
5214011700,,,,,5214000000,,02,,44100.0,20240404,시민안전과 시설7급,,235.0,N,,목천소지구,449,우수관로의 통수능 및 배수펌프장 용량부족 등으로 인한 내수배제불량으로 주거지 및 농경지침수 발생,20240404,20070517,,목천소,,521402024025,,-1,우수관로의 통수능 및 배수펌프장 용량부족 등으로 인한 내수배제불량으로 주거지 및 농경지침수 발생,,0,,,1,시민안전과장,,,001,35.0,,,,,익산시청,-1,시민안전과 시설7급,0,,,2024,2024/04/22 16:02:41.000000000,,2,7,,
4315034021,,,기타,0.0,4315000000,,02,,346071.0,20241115,시민안전과 시설7급,,,N,1.28,성천,1776,침수위험,20250214,20061013,,성천지구,0.0,431502025018,16.0,1,침수,,0,,한강,1,시민안전과 시설5급,,,001,,,,,,제천시청,050,시민안전과 시설7급,0,,20250214,2024,2025/02/17 10:04:07.000000000,성천 하천기본계획,1,1,,
5176033023,3.0,,지방2급하천,,5176000000,,02,,3787.0,,건설과 시설8급,70.0,10.0,Y,,개수,1313,홍수시 세월교의 침수로 인한 주민 고립 위험,20190709,20071102,,개수,,427602019023,,1,하천내 설치된 세월교로 인한 유수소통 장애 및 소요 하폭부족으로 세월교를 통하여 진출입하는 주민들의 고립,,0,,한강,2,건설과 시설6급,1.0,30.0,004,5.0,0.0,10.0,,,평창군청,013,건설과 시설8급,0,,20210618,,2023/04/26 21:05:22.000000000,평창강 하천정비기본계획,2,0,,
4672038032,,,국가하천,0.0,4672000000,,00,,88898.0,20210820,"안전건설과, 지방시설서기보",,215.0,Y,0.0,송전지구 ,1,"섬진강 수위상승에 따른 내수가 배출되지 않아 내수침수 피해 발생.
",20210824,,,송전지구,0.0,467202022006,0.0,5,마을 및 농공단지의 지반고가 계획홍수위에 비해 낮아 배수 배제 불량,,0,,섬진강,1,안전건설과 시설6급,,,001,127.0,,,,,곡성군 안전건설과,011,안전건설과 시설9급,0,,20210823,2021,2024/04/15 18:25:16.000000000,,1,306,,송전리(종방마을) 이장
4687037021,,,지방1급하천,,4687000000,,02,4687037021109410002008850     ,2852760.0,20220826,안전관리과 시설6급,,38.0,N,,구암천(지방하천),941,지방하천 구암천의 제방고가 낮아 저빈도의 홍수에도 하천 양안에 위치한 주거지 및 농경지에 제방월류로 인한 피해가 발생하여 인명 및 재산손실 등의 우려 있음,20220826,,,구암지구,,468702022029,,19,하류부 해수위 상승 및 낮은 제방고,,0,,기타,1,안전관리과장 행정5급,2.0,,001,20.0,,,,,영광군청,012,안전관리과 시설7급,0,,,2022,2023/10/05 13:12:07.000000000,,3,2,,
2920014000,,,기타,,2920000000,,02,2920014000106680000008686     ,8200.0,,광주광역시 광산구,259.0,,N,,동곡배수펌프장,1143,방재시설 성능 미달,20221229,,,동곡 자연재해위험개선지구,,292002022013,,4,방재시설 성능 미달,,0,,영산강,1,치수방재과 방재시설관리팀장,2020.0,52.0,003,,,,,,광산구,050,광주광역시 광산구청 치수방재과,0,,,2022,2025/02/25 15:34:28.000000000,,3,0,,
2920014400,,,기타,,2920000000,,,2920014400100130005010721     ,4900.0,,광주광역시 광산구,259.0,,,,송대배수펌프장,13,방재시설 성능 미달,20221229,,,송대 자연재해위험개선지구,,292002022014,,4,방재시설 성능 미달,,0,,영산강,1,치수방재과 방재시설관리팀장,2020.0,52.0,003,,,,,,광산구,050,광주광역시 광산구 치수방재과,0,,,2022,2025/02/25 15:35:32.000000000,,3,5,,
4782035035,,,지방관리,,4782000000,,02,,170668.0,20230324,안전총괄과 지방시설주사보,,38.0,Y,,소진천,1269,운문천(지방하천) 및 소진천(소하천)의 태풍 내습시 외수범람(하천월류)으로 인한 주택침수 및 도로유실 등 재산피해 발생,20230331,20200702,,소진지구,1.0,478202023019,,2,침수위험,,0,,낙동강,1,안전총괄과 과장,,,001,11.0,,,,,,010,안전총괄과 지방시설주사보,0,,20230102,2023,2024/09/23 17:24:05.000000000,소하천종합정비계획,1,,,
4420025028,,,지방2급하천,,4420000000,,02,,717612.0,20210902,안전총괄과 시설6,173.0,666.0,,2.0,음봉천,322,"2020.8.3 피해 : 가옥 78동(이재민 132명), 농경지 163ha 침수 
",20210902,20161215,,곡교석정지구,,442002021015,,7,"국가하천 곡교천 배수영향으로 곡교석정지구로 역류한 하천수가 지방하천(음봉천, 방현천) 제방을 월류하여 광범위한 침수피해 발생",,0,,삽교천,1,안전총괄과 시설6,1.0,,001,355.0,,,,,생태하천과,013,안전총괄과 시설6,0,,,,2024/09/19 14:09:50.000000000,,1,34,,
4812512500,4.0,시가지침수,지방관리,,4812000000,,02,4812512500100680001080186     ,89269.0,20210910,재난대응담당관 시설7급,330.0,1740.0,Y,41.0,신포(척산)지구,68,집중호우 및 태풍 발생 시 우수집중으로 인한 침수피해,20210910,20100701,,신포(척산)지구,,481202021002,345600.0,019,집중호우 및 태풍 발생 시 우수집중으로 인한 침수피해,,0,,기타,1,재난대응담당관,1.0,99.0,001,695.0,0.0,5.0,,,창원시청 재난대응담당관,010,재난대응담당관 시설7급,0,,20131231,,2024/09/19 15:11:07.000000000,장군천 하천기본계획,2,1,,
3171025335,5.0,,국가하천,,3171000000,,02,,12497.0,,지방시설주사보,,77.0,N,0.37,언양 무동 자연재해위험개선지구,60, 외수위 상승시 배수불량에 따른 주거지 등 사유시설 및 공공시설 침수 위험,20230330,,,무동,,317102021009,,11,내수재해에 따른 주택침수,,0,,태화강,1,지방시설주사,,,001,43.0,5.0,10.0,,,울주군,011,지방시설주사보,0,,,,2024/04/15 13:36:28.000000000,,1,1,,이장
4884039031,5.0,,지방2급하천,,4884000000,,01,,444399.0,20220328,재난안전과 지방시설서기보,,303.0,Y,1.0,창선천,103,"하폭, 제방 여유고 부족 및 조위 상승시 배수 불량에 따른 침수위험 높음",20220907,,,창선,,488402021023,73500.0,5,"하폭, 제방 여유고 부족 및 조위 상승시 배수 불량에 따른 침수위험 높음",,0,,섬진강,2,재난안전과 지방시설주사,,,001,101.0,0.0,10.0,,,경상남도,013,재난안전과 지방시설서기,0,,20040101,2022,2024/04/08 19:50:54.000000000,하천정비기본계획,2,1,,
4725032521,,,기타,,4725000000,,,,47176.0,,건설과/시설8 이수현,,,,,삼덕천,761,삼덕천(No.36+60~42+00) 양안 제방고 및 여유고 부족에 따른 월류 위험,20230322,,,사벌(덕담),,472502023021,,2,"삼덕14교 외 2개 교량은 통수능 및 형하여유고 부족
좌안에 가옥 및 상가가 인접하여 위치하고 있으며, 우안 영향범위 내 주거지 위치(인명피해 우려)",,0,,낙동강,1,안전재난실장,,,001,,,,,,건설과,050,안전재난실/시설7,0,,,,2023/04/27 21:32:46.000000000,,1,,,
5272040023,,,기타,,5272000000,,02,,190000.0,,안전재난과 시설7급 양태석,,101.0,Y,3.07,하양명 소하천,427,소하천 제방 여유고 부족에 따른 월류 및 낙차공 하부 세굴에 따른 제방파이핑 현상 발생,20231213,20160930,,양명,,527202024030,,3,침수위험,,0,,금강,1,안전재난과 시설6급 김학재,,,001,53.0,,,,,진안군,050,안전재난과 시설7급 양태석,0,,20180206,,2024/04/15 16:57:25.000000000,진안군 소하천 정비 종합계획,2,5,,
4728034025,,,지방2급하천,,4728000000,,,,182297.0,,,,,,,대하리천,270,대하리천 홍수위보다 제내지 지반고가 낮고 왕새골천의 단면부족에 의한 침수피해 발생가능성이 매우 높아 위험요소 해소와 인명 및 재산을 보호할 수 있도록 침수위험지구로 지정하고자 함,20230421,,,우곡지구,,472802023031,,2,"- 제내지가 대하리천(지방하천) 제방고보다 지대가 낮고, 매년 홍수시 인근 하천 수위 증가로 자연배수가 되지 않고 범람 및 우수유입으로 인한 침수발생 빈번
-왕새골천(소하천) 하류부에 위치한 복개구간이 2련 BOX(2.0x2.0@2, L=160m)로 경간장 및 통수단면적이 부족하고 상류구간 여유고 부족에 따른 침수피해도 발생하고 있음",,0,,낙동강,1,안전재난과 행정5,,,001,,,,,,,013,안전재난과 시설9,0,,,,2023/05/03 10:04:18.000000000,,1,1,,
2920011300,,,,,2920000000,,,2920011300103510014000001     ,185556.0,20221229,시민안전과,,,,,도촌 자연재해위험개선지구,351,풍영정천 제방고 보다 낮은 저지대로 홍수위 상승 시 자연배수 불가하거 강제배수시설 부재,20221229,,,도촌 자연재해위험개선지구,,292002024019,,19,풍영정천 제방고 보다 낮은 저지대로 홍수위 상승 시 자연배수 불가하거 강제배수시설 부재,,0,,기타,1,시민,,,001,,,,,,광산구 시민안전과,-1,시민안전과,0,,,2022,2024/05/07 10:46:40.000000000,,2,14,,
4686035029,,,지방1급하천,,4686000000,,02,,1103565.0,,시설6급,109.0,144.0,Y,,함평천지구,798,지방하천 함평천 통수단면적 부족에 따라 상습 침수피해 발생,20220711,,,함평천지구,,468602024022,,-1,지방하천 함평천 통수단면적 부족에 따라 상습 침수피해 발생,,0,,,2,,2020.0,,001,48.0,,,,,전라남도,012,시설7급,0,,,2023,2024/06/29 23:41:01.000000000,,2,0,,
4313011000,,,기타,,4313000000,,02,4313011000104080002011303     ,140551.0,20241220,안전총괄과 시설6급,,188.0,,1.21,달천(배수펌프장),408,"- 집중호우시 외수위(국가하천 달천) 상승에 따른 내수배제 불량 지역으로 강제배제 시설 미비에 의한 침수 발생
- 주거지 관류 구간 우수관거 용량부족으로 내수침수 발생",,20130607,,풍동,,431302024018,20.0,1,내수침수,,0,,한강,1,안전총괄과장,,,001,94.0,,,,,충주시,050,안전총괄과 시설6급,0,,20241220,2024,2024/12/23 09:30:09.000000000,,1,23,,
4479038021,,,지방2급하천,,4479000000,,00,4479038021102050001008684     ,73125.0,20190717,안전총괄과 시설8급,,,,,산정천,205,농경지 및 주택 침수피해 우려,20210129,20210129,,산정지구,,447902019016,,7,하천범람에 따른 인명 및 재산피해 우려,,0,,삽교천,3,안전총괄과장,,,001,,,,,,청양군,013,자연재난팀,0,,20210129,2019,2024/04/12 14:14:53.000000000,,1,1,,산정1리장
4146125324,,,지방관리,,4146125324,,02,,1335858.0,20230412,,,896.0,N,2.63,일산 자연재해위험개선지구,370,"- 하천 수위 상승에 따른 내수배제 불량
- 관거 및 배수로 통수능 부족에 따른 내수배제 불량으로 침수피해 가중
",20230412,20181214,,일산,,414612023001,20.0,1,"경안천과 오산천 좌·우안에 위치한 하우스 농경지 및 농막, 공업지역, 일부 주거지역이 계획홍수위보다 낮은 저지대를 형성되어 침수위험 상존",,0,,한강,1,하수관로관리과 관로시설2팀,,,001,354.0,,,,,,010,하수관로관리과 관로시설2팀,0,,,2023,2024/04/08 10:56:10.000000000,,1,29,,
5113033027,,,지방2급하천,,5113000000,,,,10685.0,,안전총괄과 시설주사보,,15.0,,,보통지구,663,취약방재시설,20180713,,행정안전부,보통지구,,421302020012,,-1,서곡천 제방 여유고 및 하폭부족으로 주변 주거지 및 농경지 피해우려,,0,,,1,안전총괄과 행정사무관,,,003,7.0,,,,,원주시청,013,안전총괄과 시설주사,0,,,,,,2,,001,
4311332024,,,지방1급하천,,4311000000,,02,4371041024000310027015025     ,227500.0,,옥산면 시설8급,290.0,100.0,,5.0,병천천,29,- 병천천의 외수위 상승시 내수배제가 불가하여 지속적인 침수 피해 발생,20201113,20140701,,환희지구,,431102020022,,3,집중호우에 의한 병천천 외수위 상승 시 내수배제 불량에 의한 침수,,0,,금강,3,친환경농산과 시설6급,3.0,,001,2.0,,,,,친환경농산과,012,친환경농산과 시설8급,0,,,,2024/11/12 20:13:15.000000000,,3,8,,이장
5173036021,1.0,,지방2급하천,,5173000000,,,,40906.0,20241226,재난안전과시설9급,4452.0,14.0,N,9.74,상동2지구,515,집중호우시 하천 범람으로 주거지 및 농경지 침수와 잠수교 월류에 따른 고립위험,20241226,,,상동2지구,,427302021027,0.0,1,고립 및 침수,,0,,한강,1,재난안전과장,2022.0,,004,4.0,0.0,10.0,,,횡성군청,013,재난안전과시설9급,0,,20220603,2024,2024/12/30 09:40:17.000000000,하천기본계획,1,,,
2717010200,5.0,,국가하천,,2717000000,,00,2717010200129690001000127     ,303700.0,20230330,서구 안전총괄과 시설7급,,1889.0,Y,0.0,이현지구,2969,집중호우 시 금호강 외수위 상승 및 빗물펌프장 노후화로 인한 산업단지 침수,20230501,,,이현지구,,271702021002,,2,집중호우 시 금호강 외수위 상승 및 빗물펌프장 노후화로 인한 산업단지 침수,,0,,낙동강,1,대구광역시 자연재난과 시설5급,5.0,,001,861.0,0.0,10.0,,,대구광역시 서구청,011,대구광역시 자연재난과 시설6급,0,,20130810,2023,2024/09/24 09:25:29.000000000,풍수해저감종합계획,1,1,,
4315011800,,,국유림,0.0,4315000000,,02,4315011800100220000030247     ,565084.0,20221107,산림공원과 녹지8급,,115.0,Y,,두학2,22,붕괴위험지역 및 하류부 주거지 및 농경지 매몰우려,20230428,20061013,,두학2,0.0,431502023016,,1,산지붕괴-토석류등,,0,,한강,1,산림공원과 시설5급,,,002,40.0,,,,,제천시청,014,산림공원과 녹지8급,0,,20230428,2022,2024/04/10 20:44:33.000000000,자연재해저감종합계획,1,0,,두학1통장
2723010900,,,국가하천,,2723000000,,,,205306.0,,,,,,,금호강,252,"국가하천 금호강 배수영향으로 지구내 외수범람 및 내수배제 불량, 빗물펌프장 노후화로 시가지 및 산업단지 침수",,,,3공단,,272302024012,,-1,침수위험,,0,,,3,,,,001,,,,,,,011,,0,,,,2024/10/04 14:59:27.000000000,,1,1,,
5181031024,,,소교량,,5181000000,,,,19000.0,,안전교통과 지방시설서기,,,,,우각천,65,고립위험,,,,우각1교,,518102024027,,1,고립위험,,1,,한강,1,안전교통과 지방시설주사,,,004,,,,,,안전교통과,048,안전교통과 지방시설서기,0,,,2024,2024/10/29 09:43:20.000000000,,2,1,,
5182033031,,,기타,,5182000000,,02,,17421.0,,안전교통과 시설8급,205.0,50.0,Y,,용촌2,716,주민들이 상시 사용하는 잠수교로 우기시 유수에 의해 제방이 월류   되어 통행 불가로 주변 가옥 및 공장(축사 포함) 고립 발생,20200820,20200820,,용촌2,,428202020019,,-1,고립피해 발생,,0,,,4,안전교통과 시설5급,1.0,26.0,004,10.0,,,20220930,정비완료에 따른 해제,안전교통과,050,안전교통과 시설8급,0,,,,2023/05/01 13:45:00.000000000,,2,,,
5177025921,,,,,5177000000,,02,,37000.0,20200825,신동읍사무소 시설6급,,474.0,Y,,예미,23,"겨울철 지형적 여건상 제설차량 진입이 어려우며, 안개 및 이슬의 동결로 인한 상습적인 교통사고 및 주민고립피해 발생",20200825,,,예미지구,,427702020019,,-1,"대설, 안개 및 이슬의 동결",,1,,,1,건설과장,,,004,282.0,,,,,건설과,-1,건설과 시설7급,0,,,2017,2024/04/08 16:00:53.000000000,자연재해저감종합계획,1,2,,
4889039033,,,국가하천,,4889000000,,,4889039033100850006020038     ,14214.0,20201207,안전총괄과 방재담당,,82.0,,,가현지구 ,85,농경지 침수,20201207,,,가현 자연재해위험개선지구,,488902021020,,-1,"가현지구는 황강(국가하천) 계획홍수위에 비해 지반고가 낮아 황강 수위상승 시 자연방류가 어려워 도로, 농경지, 주택지역이 매년 우수기 시 내수침수가 반복되는 실정",,0,,,1,안전총괄과장,,,001,41.0,,,,,합천군,011,안전총괄과 시설7급,0,,,,2024/04/08 15:14:28.000000000,,1,7,,청덕면 환경개발담당
4689025621,,,기타,,4689000000,,02,,733694.0,20230327,건설과 지방시설서기,186.0,200.0,N,,주거지및농경지,900,높은 조위와 우수관거 용량 부족으로 인한 침수위험,20230327,20110310,,포전지구,,468902023021,,19,침수위험,,0,,기타,1,건설과 지방시설주사,10.0,255.0,001,100.0,,,,,완도군청,050,건설과 지방시설서기,0,,,2023,2024/05/17 17:40:58.000000000,,1,1,,포전리장
5013025021,,,지방관리,,5013000000,,02,,76538.0,20230426,서귀포시 안전총괄과 시설7급,,,Y,,"관로정비 (신설) L=1.3㎞, (개선) L=0.52㎞, 저류지 1개소(V=72,600㎥)",2536,"집중호우 시 배수암거의 통수능 부족으로 인한 내수배제 불량 및 지구 내 배수체계의 미구축으로 인하여 저지대 도로, 주거지 및 농경지 침수 발생",20230426,,,상하모,,501302024053,,-1,"집중호우 시 배수암거의 통수능 부족으로 인한 내수배제 불량 및 지구 내 배수체계의 미구축으로 인하여 저지대 도로, 주거지 및 농경지 침수 발생",,0,,,1,서귀포시 안전총괄과 복구지원팀장,,,001,,,,,,서귀포시,010,서귀포시 안전총괄과 시설7급,0,,,2023,2024/04/23 14:05:02.000000000,자연재해저감종합계획,2,2,,
5172033026,,,지방관리,,5172000000,,02,,60848.0,20240207,재난안전과 시설8급,,,,6.76,하천,1052,집중호우시 하천범람,20240207,20121108,,쌍둔지지구,,517202024026,,1,집중호우 시 내촌천 외수위 범람으로 통행불가 및 농경지 침수가 발생하는 고립위험,,0,,한강,1,재난안전과장,,,004,,,,,,홍천군,010,재난안전과 시설8급,0,,,2023,2024/05/16 14:36:31.000000000,,2,,,
4377025338,,침수위험,지방2급하천,,4377000000,,02,4377025338104330001000001     ,65230.0,20210715,재난안전과 시설6급,200.0,40.0,Y,,도청천,432,도청천의 통수단면 부족 및 노후호안으로 집중호우시 침수피해 발생,20210715,20061204,,도청,,437702021016,,3,"증가한 홍수량에 따른 충분한 통수단면적을 확보하지 못하고, 노후된 호안(석축 등)과 부족한 제방여유고 및 둑마루로 제방시설물 능력 부족",,0,도청리 432-2,금강,1,재난안전과 시설5급,3.0,,001,20.0,,,,,음성군 재난안전과,013,재난안전과 시설8급,0,도청리 432-2,20190628,2021,2024/09/21 02:30:34.000000000,하천기본계획,2,2,,도청2리 이장
4413110700,,,지방2급하천,,4413110700,,02,4413110700103720011026749     ,128883.0,20230811,안전총괄과 시설7급,,1633.0,Y,1.02,원성천,372,침수발생 및 침수예방을 위한 지구 지정,20220401,20160701,,원성천,,441302022029,,7,"시가지를 관류하는 하천으로 통수능 부족에 따른 침수피해 발생, 도시개발에 따른 유출량 증가, 홍수위보다 낮은 저지대 침수피해 발생, 하천변 주거, 상업시설 밀집으로 확폭 어려움.",,0,,삽교천,1,안전총괄과 과장,3.0,183.0,001,710.0,,,,,천안시 안전총괄과,013,안전총괄과 시설7급,0,,20220710,2023,2024/02/06 12:52:47.000000000,원성천 하천기본계획,1,16,,
5181025022,,,사유림(임도),,5181000000,,,,1800.0,,안전교통과 지방시설서기,,,,,급경사지,114,급경사지 붕괴위험,,,,남북,,518102024029,,-1,급경사지 붕괴위험,,0,,,1,안전교통과 지방시설주사,,,002,,,,,,안전교통과,019,안전교통과 지방시설서기,0,,,,2024/10/29 10:00:19.000000000,,1,,,
4885037021,,,기타,,4885000000,,02,,562725.0,20191018,안전총괄과장,,,Y,,진교지구,486,집중호우시 저지대 시가지 및 농경지 상습적인 침수피해 발생,20191018,,,진교지구,,488502019017,,19,집중호우시 외수위로 인한 내수배제 불량 및 우수배제시설 용량부족,,0,,기타,1,안전총괄과 시설6급,,,001,,,,,,안전총괄과,050,안전총괄과 시설7급,0,,,2017,2023/09/19 16:49:31.000000000,,1,2,,
4374040021,,,지방2급하천,,4374000000,,,,461500.0,,시설8급,,27.0,,,심천지구,432,집중호우 시 왜골소하천 통수단면 부족에 따른 상습적인 하천범람으로 인명과 재산 피해 발생 가능성 높음,20200106,,,심천지구,,437402022029,,3,집중호우 및 금강 홍수위 상승 시 하류부 침수 피해 발생,,0,,금강,1,시설6급,,,001,9.0,,,,,영동군청 안전관리과,013,시설8급,0,,,,2023/04/26 09:35:07.000000000,영동군자연재해저감종합계획,1,3,,
4125011000,,,,,4125000000,,02,,30797.0,20230315,안전총괄과 공업7급,,20.0,Y,1.0,요골지구,301,"- 신천 및 요골천 합류부에 형성된 상업시설, 농경지 등에 침수가  발생, 인명 및 재산피해 발생위험이 매우높음",20230315,20170131,,요골지구,,412502023010,63539.0,1,"- 최근 집중호우 및 태풍으로 인해 발생한 홍수로 소하천(요골천)에 설치된 기성제방은 통수단면이 부족
- 하천설계기준에 미달하는 횡단 구조물(교량, 보 및 낙차공 등)로 인한 배수영향으로 하천의 홍수위가 상승함",,0,,한강,2,안전총괄과 행정5급,5.0,58.0,001,10.0,,,,,안전총괄과,-1,안전총괄과 공업7급,0,,20221231,2023,2024/04/08 19:30:16.000000000,"상패, 요골 자연재해위험개선지구 타당성조사 및 기본계획수립",1,3,,
4683038027,,,지방2급하천,,4683000000,,02,4683039026110140002038768     ,379038.0,20230330,군민안전과 시설7급,,,Y,,망월천,1237,가옥 및 상업시설 침수방지 및 재해예방 기여,20230330,20070222,,독천,,468302024007,,4,하천 범람 및 배수 기능 장애에 따른 침수,,0,,영산강,1,,,,001,,,,20260330,,군민안전과,013,군민안전과 시설7급,0,,20230330,2023,2024/04/02 13:23:24.000000000,독천지구 풍수해생활권 종합정비사업,1,2,,
2920010700,,,,,2920000000,,,,82688.0,20221229,광산구,259.0,,,,선운 자연재해위험개선지구,793,"황룡강 수위상승 시 자연배수 불가, 저류지는 있으나 강제배수 기능이 없어 침수 발생",20221229,,,선운 자연재해위험개선지구,,292002024021,,019,"황룡강 수위상승 시 자연배수 불가, 저류지는 있으나 강제배수 기능이 없어 침수 발생",,0,,기타,1,치수방재과 방재시설관리팀장,2020.0,52.0,001,,,,,,광산구,-1,광주광역시 광산구청 치수방재과,0,,,2022,2025/02/25 15:40:30.000000000,,2,0,,
4782025029,,,면도,,4782000000,,02,,41600.0,,건설과 지방시설주사보,,,,,교량,492,"- 교량의 여유고 부족으로 인한 상습 침수 및 홍수위 상승 가중 
- 최근 우시기 추락 및 실족으로 인한 다수의 인명피해 발생 
- 향후 잠재적 인명피해 우려 매우 높음",20190826,,,고평지구,,478202020014,,2,유실위험지구,,0,,낙동강,3,건설과 지방시설사무관,,,005,,,,,,청도군,045,건설과 지방시설주사보,0,,,,2024/04/12 16:21:42.000000000,,1,,,
5213013700,,,,,5213000000,,,,206423.0,,구암동 세무7급,,,,,구암지구,63,구암소하천으로 방류되는 기존 우수관로의 통수단면 부족에 따른 배수불량으로 인접한 군산제일고 앞 삼성아파트와 구암동 현대아파트의 상습 침수피해 발생,20210115,,,구암,,451302021017,,-1,우수관로의 통수단면 부족에 따른 배수불량으로 상습침수피해,,0,,,2,안전총괄과 시설5급,,,001,,,,,,군산시청,-1,안전총괄과 시설7급,0,,,,2024/05/27 20:34:38.000000000,,1,69,,통장
4161025921,,침수위험,지방2급하천,0.0,4161000000,"453-48번지, 167-8번지 일원",02,4161025621105550036024680     ,11000.0,20131202,곤지암읍 개발팀장,189.0,1100.0,Y,0.0,"곤지암천, 노곡천, 신촌천",555,곤지암천 및 노곡천·신촌천 수위상승에 따라 저지대 내수배제 불가,20131202,20120302,,곤지암지구,0.0,416102013009,0.0,1,집중호우시 곤지암천의 계획홍수위보다 0.5~1.5m 부족한 저지대의 내수배제가 불량함에 따라 주택 및 공장등 침수 피해 발생,,0,,한강,3,재난시설팀장,2.0,50.0,001,280.0,,,,,광주시청 시민안전과,013,지방시설서기,0,,,2013,2024/06/13 09:15:33.000000000,곤지암천 하천정비기본계획,2,36,,곤지암1리장
4180035021,,외수,국가하천,,4180035000,일원,,,,,왕징면 산업담당,250.0,,,,배수펌프장,8,집중호우시 임진강범람에 따른 농경지주택 침수,19980616,,행정안전부,무등리,,418002001003,,18,집중호우시 임진강범람,,0,경기도 연천군 왕징면 왕산로  44    ,임진강,4,재난안전관리과장,3.0,50.0,001,,,,20080514,배수펌프장 준공으로 인한 침수위험 해소,연천군청,011,재난안전관리과 토목7급,,일원,,,2013/04/10 18:27:10.000000000,,2,2,001,왕징면 무등리
4180033021,,내수,국가하천,,4180033000,,,,,,재난관리과 기능8급,250.0,,,,배수펌프장,367,임진강과 사미천의 수위 상승시 내수배제가 불가능 하여 상습침수 지역,20000623,,행정안전부,두일리,,418002001004,,18,집중호우시 임진강과 사미천의 수위 상승으로 내수배제 불가능,,0,경기도 연천군 백학면 청정로  532-1   ,임진강,4,재난관리과장,3.0,50.0,001,,,,20120710,,연천군청,011,재난관리과,, ,,,2012/07/10 14:15:27.000000000,,2,5,001,환경보호과 공업8급
4157035025,,"인공, 토사",사유림,0.0,4157035000,,02,,11419.0,20110411,월곶면 산업담당,0.0,,N,,급경사지,145,급경사지붕괴위험,20110411,20061127,,포내지구,0.0,415702011005,,1, 급경사지 붕괴위험,,0, [지점번호:다사15656979],한강,3,안전총괄과장,0.0,0.0,002,,,,,,김포시청,016,안전총괄과 시설7급,0,,,2011,2022/04/25 18:29:13.000000000,,2,17,,포내2리마을이장
4157031021,,,지방1급하천,,4157031000,,02,,9750.0,20070801,안전총괄과 하천관리계 시설7,311.0,,Y,,향산지구,386,펌프장 용량부족으로 침수피해 발생,20070801,20061127,행정안전부,향산지구,,415702013006,,1,국지성 호우 및 태풍 시 침수,,0, [지점번호:다사33485895],한강,4,안전총괄과장,5.0,58.0,003,,,,,"상위계획에 따른 추가 증설 후 지구 해제 추진
위와 병행하여 현 상태에서 지구해제 가능여부를 우리시에 구성된 사전재해영향성 검토 위원회에 서면 심의(20년실시예정)",김포시청,012,안전총괄과 하천관리계 시설7,0,,20160412,2007,2021/05/26 18:20:26.000000000,김포시 풍수해종합저감계획,2,26,001,
2623010200,,붕괴위험지구,국유림(임도),,2623060000,,,,,,전포3동 행정6급,200.0,,,,전포돌산공원,65,"해빙기 낙석, 호우시 토사유실 우려",20110309,,행정안전부,전포3동 돌산공원,,262302011002,,,해빙기 낙석발생 등으로 인접주택지 인명 및 재산피해 발생,,1,부산광역시 부산진구  진남로305번길  88   (전포동),,4,도시안전과 행정5급,20.0,50.0,002,,,,20120828,정비공사 완료에 따른 해제,부산진구 도시안전과,017,도시안전과 행정6급,, ,,,2013/06/14 10:39:27.000000000,,1,27,001,전포3동 9통장
2635010500,,내수.외수,지방2급하천,0.0,2635051000,,00,,0.0,20151102,건설과 시설7급,100.0,0.0,N,0.0,춘천,178,인근하천(춘천)보다 지대가낮아 만조시 우수유출불량,19960703,,행정안전부,운촌지구,0.0,263501996001,0.0,2,지형적으로 저지대이며 개발이 낙후된 지역으로 도로 미개설로 인한 하수관거 등 내수 처리시설이 부족하여 대부분 자연배수에 의존 하므로서 만조 또는 집중호우시 상습침수,,0,부산광역시 해운대구  우동2로30번가길  10-3  (우동),낙동강,4,안전총괄과 행정5급,3.0,30.0,001,0.0,,,20110421,재해위험지구 정비사업 완료,해운대구청,013,안전총괄과 시설7급,, ,,,2015/11/02 10:10:31.000000000, ,1,4,001,
2635010800,,,지방관리,0.0,2635056000,,02,,430543.0,20160822,건설과 시설7급,260.0,0.0,N,0.0,송정지구,451,"하천수위상승, 내수배제 불량",20100412,20160415,행정안전부,송정재해위험지구,0.0,263502011002,0.0,19,집중호우시 송정천 수위상승 및 내수배제 불량,,0, [지점번호:마라54928901],기타,4,안전총괄과장,5.0,63.0,001,0.0,,,20160822,정비사업 완료에 따른 침수위험 해소,해운대구청,010,안전총괄과 시설6급,0,,,2016,2016/10/04 13:29:58.000000000,,1,,001,송정 자치위원장
4784025030,,외수.침수,지방2급하천,0.0,4784000000,,01,,910000.0,19990904,성주읍사무소 시설7,290.0,112.0,N,0.0,하천정비,835,상습침수지역으로 재해 사전대비,19990904,,,용산지구,0.0,478402011004,0.0,2,미개수로 인한 외수 침수,,0,,낙동강,4,안전건설과 시설6,3.0,0.0,001,28.0,,,20070628,재해위험지구 정비사업 완료(2004.12),성주군청,013,안전건설과 시설7,0,,,,2022/10/24 17:53:07.000000000,,3,1,,
4784037033,,,지방2급하천,0.0,4784037000,,02,,49000.0,20120411,벽진면사무소 시설7,0.0,15.0,N,0.0,장기교,159,유실위험지구,20120411,20151112,행정안전부,수촌,0.0,478402013005,0.0,2,홍수량 증가 교량 유실,,0,,낙동강,4,안전건설과 시설6,0.0,0.0,005,5.0,,,,,성주군,013,안전건설과 시설7,0,,,2012,2019/07/23 17:53:31.000000000,,2,1,001,
4885025023,,붕괴위험,기타,0.0,4885025000,,02,,1000000.0,20160705,하동읍사무소 시설7급,0.0,75.0,N,0.0,축대,23,붕괴위험,20060201,,,배섬,0.0,488502006012,0.0,-1,붕괴위험,,0,,,4,안전총괄과장,0.0,0.0,002,25.0,,,20100520,사업완료에 따른 위험요소 해소,하동군,050,안전총괄과 시설8급,0,,,,2021/12/23 20:57:19.000000000,,2,,,
4784039031,,,소교량,0.0,4784039000,삼봉잠수교,02,,34000.0,20131118,월항면사무소 시설7,0.0,25.0,N,0.0,삼봉잠수교,990,인명및 재산 피해예상됨,20131118,20151112,행정안전부,대산지구,0.0,478402014007,0.0,-1,지방하천(백천) 계획홍수위보다 낮게 설치된 교량으로 인근주택및 농경지 침수피해 예상됨,,0,,,4,안전건설과 시설6,0.0,0.0,005,12.0,,,,,성주군,048,안전건설과 시설7,0,,,2013,2019/07/23 17:53:20.000000000,,2,3,001,
4785031045,,상습침수,지방2급하천,0.0,4785031000,일원,00,,0.0,20160311,지방시설주사보,150.0,0.0,N,0.0,하천,550,상습침수지역,19970930,,행정안전부,영오,0.0,478502013001,0.0,2,상습친수(농경지10ha),,0, ,낙동강,4,지방시설주사,1.0,30.0,001,0.0,,,20060320,,칠곡군,013,지방시설서기보,,,,,2016/03/11 10:15:49.000000000, ,3,2,001,마을리장
4180032021,,내수,국가하천,,4180032000,,,,,,청산면 시설7급,250.0,,,,배수펌프장,1,집중호우로 한탄강의 수위가 상승하면 내수배제가 불량하여 상습침수,20000623,,행정안전부,초성리,,418002001005,,18,집중호우시 한탄강의 수위 상승으로 내수배제 불가능 주택 농경지 침수,,0, [지점번호:다사64259918],임진강,4,재난관리과 행정5급,3.0,50.0,001,,,,20120710,,연천군청,011,재난관리과 시설8급,, ,,,2014/01/27 17:16:50.000000000,,2,,001,이장
4180032025,,내수침수,지방관리,,4180032000,,,,,,재난관리과 공업6급,250.0,,,,배수펌프장,59,"집중호우로 한탄강,영평천의 수위가 상승 내수배제가 불량하여 상습침수",20060302,,행정안전부,백의리,,418002006001,,18,"집중호우시 한탄강, 영평천의 수위 상승으로 내수배제 불가능",,0,경기도 연천군 청산면 청창로  729    ,임진강,4,재난관리과 행정5급,3.0,50.0,001,,,,20120710,,연천군청,010,재난관리과 시설8급,, ,,,2012/07/10 14:16:08.000000000,,2,23,001,
4180031021,,,국가하천,,4180031000,,,,,,맑은물 공업6급,,,,,배수펌프장,499,임진강의 수위 상승,19980607,,행정안전부,진상리,,418002011006,,18,없음,,0, ,임진강,4,재난관리과 행정5급,,,001,,,,20021128,배수펌프장 준공,연천군청,011,재난관리과 시설8급,, ,,,2012/07/03 14:47:40.000000000,,2,1,001,세무회계과 기능8급
4180031025,,,국가하천,,4180031000,,,,,,,,,,,제방,909,임진강의 수위상승,19980607,,행정안전부,선곡리,,418002011007,,18,없음,,0, [지점번호:다아57961197],임진강,4,,,,001,,,,20021125,제방공사 완료,,011,,, ,,,2012/07/03 14:45:16.000000000,,2,,001,
4180036022,,,기타,0.0,4180036000,,02,,40693.0,20130325,신서면사무소,200.0,50.0,N,0.0,"유수지, 고지배수로",90,내수침수,20130329,,행정안전부,도신,0.0,418002013008,0.0,1,내수침수,,0,경기도 연천군 신서면 장거리길  288    ,한강,4,안전행정과장,10.0,0.0,001,20.0,,,20151229,정비사업 완료,연천군청,050,안전행정과 시설7급,, ,,2013,2016/01/04 13:56:15.000000000, ,2,10,001,자율방재단
4180025324,,,농어촌도로,0.0,4180025300,,02,,19950.0,20140324,건설과 시설7급,0.0,0.0,N,0.0,피암터널,35,도로사면 붕괴시 도로이용자 안전사고,20140325,20130507,행정안전부,고능,0.0,418002014009,0.0,1,도로사면 붕괴위험,2014년 신규지정,1, [지점번호:다아61300068],한강,4,안전행정과 행정6급,0.0,0.0,002,0.0,,,20200203,,연천군청,051,안전행정과 시설7급,0,,20200203,2014,2020/06/08 16:17:43.000000000,,1,6,001,
5113033026,,상습고립위험,국가하천,0.0,5113033000,월호(다래) 마을 일원,00,,1.0,20151102,원주시(시설7급)),500.0,95.0,N,0.0,섬강,1,우기철 집중호우 및 횡성댐 방류시 잠수교 월류로 인한 주민 고립,20060131,20061102,국토교통부,월호지구,0.0,421302006001,0.0,1,잠수교 월류시 지역주민의 긴급 상황이 발생할 경우 대처 방안 모색에 어려움이 있음.,,0, [지점번호:라사33343412],한강,4,원주시(시설5급),1.0,0.0,004,42.0,,,20101126,사업완료,원주시 건설방재과,011,원주시(시설6급),,월호(다래) 마을 일원,20060131,2006,2015/11/02 20:17:13.000000000, ,1,,005,월송1리장
5113010300,,,기타,0.0,5113052000,,00,,0.0,20151102,원주시(시설7급),0.0,74.0,N,0.0,급경사지,197,급경사지 붕괴위험지역,20100520,,행정안전부,원동지구,0.0,421302011003,0.0,,붕괴 우려,,0,강원도 원주시  남산고개길  67-4  (원동),,4,원주시(시설5급),0.0,0.0,002,27.0,,,20150522,사업완료,원주시 건설방재과,050,원주시(시설6급),, ,20100520,,2015/11/02 20:17:26.000000000, ,1,122,001,8통장
5113011300,,사면,기타,0.0,5113000000,,00,,24506.0,20151102,원주시(시설7급),263.0,268.0,N,0.0,급경사지,1008,급경사지 붕괴 발생 우려지역,20130322,,,무진지구,0.0,421302013005,0.0,19,급경사 임야지역 내에 자연발생적으로 형성된 주택밀집지역으로 임야 경계부가 완충지대 없이 가옥과 접하고 있어 집중호우 시 지반약화로 인한 붕괴위험 상존,,0,"강원도 원주시  무진길  33   (봉산동, 무진연립)",기타,4,원주시(행정5급),1.0,43.0,002,139.0,,,20230310,,안전총괄과,050,원주시(시설6급),0,,20130322,2015,2024/05/07 14:52:58.000000000,,1,1,,20통장
5113011300,,사면,기타,0.0,5113000000,,00,,29064.0,20151102,안전총괄과,263.0,349.0,N,0.0,급경사지,1001,급경사지 붕괴 발생 우려지역,20130322,,,봉산지구,0.0,421302013006,0.0,19,급경사 임야지역내에 자연발생적으로 형성된 주택밀집지역으로 임야 경계부가 완충지대 없이 가옥과 접하고 있어 집중호우시 지반약화로 인한 붕괴위험 상존,,0,강원도 원주시  봉산4길  27   (봉산동),기타,4,지방행정사무관,1.0,43.0,002,147.0,,,20230310,,안전총괄과,050,지방시설주사,0,,20130322,2015,2024/05/07 14:56:56.000000000,,1,3,,18통장
5113035025,,상습침수위험,지방관리,0.0,5113035000,,00,,0.0,20151102,건설방재과,150.0,0.0,N,0.0,섬강,1079,집중호우시 상습침수,20000428,,행정안전부,노림지구,0.0,421302013007,0.0,1,집중호우시 하천의 상습적인 범람으로 건물(주말농장) 및 토지 침수,,0, [지점번호:라사23171796],한강,4,원주시(시설5급),4.0,30.0,001,0.0,,,20041001,건물철거,건설방재과,010,원주시(시설6급),, ,20100428,2015,2015/11/02 20:05:29.000000000, ,3,78,001,
2920014400,,기타,기타,,2920066000,,,,,,방재관리과 시설7급,0.0,,,,송대배수펌프장,472,배수펌프장 펌프 및 전기설비 노후로 인한 잦은 고장으로 가동차질,20000526,,행정안전부,송대,,292002004004,,4,노후시설,,0,광주광역시 광산구  복호길  42-1  (송대동),영산강,4,방재관리과,0.0,0.0,003,,,,20031022,배수펌프장 정비사업 완료,광산구청,050,방재관리과 시설7급,, ,,,2013/04/03 18:34:14.000000000,,1,,001,
2920010700,,기타,기타,,2920056500,,,,,,방재관리과 시설7급,0.0,,,,운수천,156,미개수 하천으로 집중호우시 하천 단면부족으로 인한 범람,19960617,,행정안전부,선암,,292002004005,,,하천단면 부족,,0, ,,4,방재관리과장,0.0,0.0,001,,,,20031022,정비사업 완료,광산구청방재관리과,050,방재관리과 시설7급,, ,,,2013/04/03 18:32:28.000000000,,3,,001,
2920010900,,저지대,기타,,2920055000,,,,,,방재관리과시설7급,0.0,,,,우산배수펌프장,100,영산강 수위상승시 저지대로 내수처리 불능으로 인한 침수,19960617,,행정안전부,우산,,292002004006,,,저지대 내수배제 불능으로 인한 마을 및 농경지 침수,,0, [지점번호:다라38778326],,4,방재관리과장,0.0,0.0,001,,,,20020408,배수펌프장 설치사업완료,광산구청 방재관리과,050,방재관리과시설7급,, ,,,2013/04/03 18:30:29.000000000,,1,,001,
2920010800,,저지대,기타,,2920056500,,,,,,방재관리과 시설7급,0.0,,,,소촌공단 간선하수도,783,소촌공단 저지대로 상습침수,20000526,,행정안전부,소촌,,292002004007,,4,저지대 상습침수,,0,광주광역시 광산구  송정공원로75번길  19   (소촌동),영산강,4,방재관리과장,0.0,0.0,001,,,,20020408,하수도 정비사업완료,광산구청방재관리과,050,방재관리과 시설7급,, ,,,2013/05/31 10:57:35.000000000,,1,109,001,
2920012000,,내수배제불능,지방관리,,2920063000,,,,,,방재관리과 시설7급,300.0,,,,운남배수펌프장,962,저지대 하천수위 상승시 내수배제 불량,20050106,,국토교통부,운남지구,,292002005001,,4,풍영정천 수위상승시 내수배제 불능으로 인한 저지대 침수,,0, ,영산강,4,방재관리과장,2.0,40.0,001,,,,20120228,정비사업 완료,광산구청방재관리과,010,방재관리과 시설7급,, ,,,2013/04/11 23:09:59.000000000,,3,,005,주민
2920010400,,배수용량부족,기타,,2920055000,,,,,,광산구 방재관리과,200.0,,,,신촌배수장,1177,광주공항 및 인근 농경지등 저지대 침수피해,20060310,,행정안전부,신촌지구,,292002006001,,4,국가하천 영산강 주변에 저지대로 하천수위 상승시 강제배수시설을 설치운영중이나 배수장 용량부족으로 침수,,0, ,영산강,4,광산구청 방재관리과,5.0,30.0,001,,,,20090626,정비사업완료,공군 제1전투비행단,050,광산구청 방재관리과,, ,,,2013/04/03 18:20:21.000000000,,1,,001,
2920015500,,,지방관리,0.0,2920000000,,00,,47386.0,20151103,광산구청 안전관리과,150.0,0.0,N,0.0,연산배수로,76,"하천범람으로 인한 주택8동,하우스16동 침수",20100413,,행정안전부,연산,0.0,292002010010,0.0,19,"토사제방 노후및 하천단면적 부족으로 제방침식,법면유실,하상세굴등 침수피해",,0, [지점번호:다라32258041],기타,4,광산구청 안전관리과,1.0,0.0,001,0.0,,,20171017,,광산구청 안전관리과,010,광산구청 안전관리과,0,,,,2018/01/31 09:28:36.000000000,,3,8,001,주민
2920010800,,,지방관리,0.0,2920056500,,00,,47618.0,20151103,광산구청 안전관리과,200.0,0.0,N,0.0,철도,481,단면부족등 배수불량지역으로 철도로 개수곤란 저지대주택 상습침수,20100413,,행정안전부,소촌 1,0.0,292002010011,0.0,-1,북송정역 일대 저지대로 배수로 구배불량 및 통수단면 부족으로 상습침수,,0, [지점번호:다라35818359],,4,광산구청 안전관리과,1.0,50.0,001,0.0,,,,,광산구청 안전관리과,010,광산구청 안전관리과,0,,,,2021/07/07 17:19:31.000000000,,1,1,001,주민
3111010600,,,기타,,3111058000,,,,,,,0.0,,,,성남배수장,219,노후시설,20050901,,국토교통부,성남,,311102006001,,,노후시설,,0,울산광역시 중구  강북로  87   (성남동),,4,재난안전관리과,0.0,0.0,003,,,,20101216,정비완료,,050,재난안전관리과,, ,,,2013/06/14 09:18:11.000000000,,1,5,005,
3111010500,,,지방관리,,3111057000,,,,,,,0.0,,,,옥교배수장,15,노후시설,20050901,,국토교통부,옥교,,311102006002,,,노후시설,,0,울산광역시 중구  옥교로  50   (옥교동),,4,재난안전관리과,0.0,0.0,003,,,,20091102,정비완료,,010,재난안전관리과,, ,,,2013/06/14 09:18:20.000000000,,2,2,005,
3111010100,,,지방관리,,3111051000,,,,,,안전총괄과,0.0,,,,학성배수장,471,노후시설,20050901,,국토교통부,학성,,311102006003,,,노후시설,,0,울산광역시 중구  옥교로  90   (학성동),,4,안전총괄과,0.0,0.0,003,,,,20150316,배수로 및 배수장 정비완료,,010,안전총괄과,0,,,,2016/11/09 10:26:34.000000000,,2,,005,
3111011800,,,지방관리,,3111052000,,,,,,,0.0,,,,내황배수장,401,노후시설,20050901,,국토교통부,내황,,311102006004,,,노후시설,,0, ,,4,재난안전관리과,0.0,0.0,003,,,,20101216,정비완료,,010,재난안전관리과,, ,,,2013/06/14 09:18:39.000000000,,2,24,005,
3111011800,,,지방관리,,3111052000,,,,,,,0.0,,,,서원배수장,288,노후시설,20050901,,국토교통부,서원,,311102006005,,,노후시설,,0, ,,4,재난안전관리과,0.0,0.0,003,,,,20091102,정비완료,,010,재난안전관리과,, ,,,2013/06/14 09:18:47.000000000,,2,4,005,
3111011300,,,기타,0.0,3111063000,,02,,248.0,20050817,안전총괄과  공업8급,78.0,2100.0,N,0.0,산전배수장,427,시설물 노후 및 펌프용량 부족,20050901,20140428,행정안전부,동동,0.0,311102006006,0.0,,시설물 노후 및 펌프용량 부족,,0,울산광역시 중구  산전2길  20   (동동),,4,안전총괄과 시설5급,2008.0,0.0,003,600.0,,,20180116,,안전총괄과,050,안전총괄과 시설7급,0,,20050901,2005,2018/09/21 10:01:08.000000000,,2,11,001,
3111011800,,,기타,,3111052000,,,,,,,0.0,,,,복개구조물,401,노후시설,20050901,,국토교통부,복산,,311102006007,,,노후시설,,0, [지점번호:마마67662989],,4,안전총괄과,0.0,0.0,003,,,,20150316,노후시설 정비완료,,050,안전총괄과,, ,,,2015/04/06 11:42:14.000000000,,3,26,005,
3111011800,,,지방관리,,3111052000,,,,,,,0.0,,,,배수장설치,100,시가지 침수,20060313,,국토교통부,반구,,311102006008,,,침수위험,,0, ,,4,재난안전관리과,0.0,0.0,001,,,,20101216,,,010,재난안전관리과,, ,,,2013/06/14 09:19:14.000000000,,1,,005,
3111010600,,,국가관리,,3111058000,,,,,,,,,,,성남육갑문,219,취약방재시설,20100506,,문화재청,중구 성남,,311102013009,,11,침수위험,,0,울산광역시 중구  강북로  87   (성남동),태화강,4,,,,003,,,,20120415,정비완료,,009,,0,,,,2016/09/12 15:10:18.000000000,,1,190,015,
4113510700,,,지방2급하천,,4113510700,,,,16080000.0,,,,,,,성남,555,침수위험,19960711,,,성남,,411332013004,,-1,탄천수위 상승으로 인한 침수피해 발생,,0,,,4,재난안전과 시설5,,,001,,,,20011006,정비사업 완료,,013,재난안전과  시설7,0,탄천 일대,,,2023/09/13 10:55:43.000000000,,2,,,
3171025927,,유실위험지구,지방관리,,3171025900,,,,,,도로교통과 시설6급,0.0,,,,구 점촌교,1041,하천 범람으로 유실 위험지구,20060316,,국토교통부,구영,,317102006001,,11,하천범람,,0,,태화강,4,건설방재과 시설6급,1.0,81.0,005,,,,20110421,정비사업완료(교량 재가설),울주군청,010,도로교통과 시설6급,0,,,,2016/07/21 13:41:19.000000000,,1,19,005,범서읍 주민
3171040024,,유실위험지구,군도,,3171040000,,,,,,도로교통과 시설8급,,,,,작동교,924,하천 범람에 의한 교량 유실위험,20080724,,국토교통부,작동,,317102008004,,19,하천 범람,현장관리공무원 : 삼동면사무소 이철형,0, [지점번호:마마52362596],기타,4,건설방재과 시설6급,1.0,46.0,005,,,,20110421,정비사업완료(교량 재가설),울주군청,004,건설방재과 시설7급,0,,,,2016/07/21 13:42:04.000000000,,3,,005,작동마을 이장
3171034025,,,지방2급하천,,3171034000,,,,,,안전건설과,200.0,,,,"곡천천, 덕산천, 싸리골천",315,"내수배제 불량 농경지, 주택 침수위험",20100520,,행정안전부,은현,,317102011005,,11,교량 및 하천 통수단면부족으로 농경지 및 주택침수,,0,울산광역시 울주군 웅촌면 덕산길  3-21   ,태화강,4,안전건설과,2.0,75.0,001,,,,20141023,,울주군청,013,안전건설과,0,,,,2016/07/21 13:42:11.000000000,,2,3,001,덕현이장
3171033027,,,기타,0.0,3171000000,쌍용하나빌리지 공동주택 사면,02,,36583.0,20120112,안전총괄과 시설7급,0.0,5400.0,N,0.0,절토사면,755,사면 붕괴위험(인명 및 재산피해 우려),20120112,,,삼정,0.0,317102013006,0.0,-1,도로 절토사면 붕괴,청량읍 이수민 주무관,0,울산광역시 울주군 청량면 삼정로  92-88   ,,3,안전총괄과 시설6급,0.0,0.0,002,1800.0,,,,,울주군청,050,안전총괄과 시설7급,0,쌍용하나빌리지 공동주택 사면,,2012,2024/06/24 10:19:13.000000000,,1,,,관리사무소장
3171026223,,저지대 침수,기타,0.0,3171000000,,02,,57836.0,20150720,안전총괄과 시설7급,0.0,130.0,N,0.0,자연재해위험개선지구(화창),360,저지대 침수위험,20131107,,,화창,0.0,317102013007,0.0,-1,내수침수 및 외수범람,청량읍 이수민 주무관,0,,,4,안전총괄과 시설6급,0.0,30.0,001,40.0,,,20200206,청량 화창 재해위험개선지구 공사완료,안전총괄과,050,안전건설과 시설7급,0,,,2015,2023/10/10 13:36:08.000000000,,2,2,,화창마을이장
4119510200,,,시도,,4119510200,,,,,,,0.0,,,,심곡복개천,132,5년간 침수현황 참고,20050301,,행정안전부,원마구 심곡복개천 지구,,411952007001,,,침수 우려,,0, ,,4,재난안전관리과장,0.0,0.0,001,,,,20081229,,,003,재난안전관리과 토목9급,, ,,,2013/05/31 13:31:15.000000000,,3,,001,
4119710100,,,지방1급하천,,4119710100,,,,,,소사구건설과 시설7,0.0,,,,우수조정지,150,5년간 침수현황 참고,20050301,,행정안전부,소사구 우수조정지,,411972007001,,,침수 우려,,0,경기도 부천시 소사구  은성로19번길  50   (소사본동),,4,재난안전관리과장,0.0,0.0,001,,,,20120330,,소사구 건설과,012,재난안전관리과 시설,, ,,,2013/05/31 13:31:37.000000000,,3,,001,
4111312700,,침수위험지구,지방관리,0.0,4111355000,경기도 수원시 권선구 평동 35번지 일원,01,,137961.0,20130719,평동장,324.0,0.0,N,0.0,평동 자연재해위험지구(침수위험),35,13,20130719,,행정안전부,평동지구,0.0,411132013003,0.0,6,집중호우시 내수배제 불량 등으로 인한 상습침수지역,,0,,안성천,4,재난관리과장,3.0,57.0,001,0.0,,,20160801,공사완료로 인한 재해위험 해소에 따른 지정 해제,평동주민센터,010,재난관리과 담당자,0,경기도 수원시 권선구 평동 35번지 일원,,2013,2016/10/13 15:07:58.000000000,,2,,001,개발위원장
4111710200,,붕괴침수,국가관리,,4111755000,582,,,,,수원시 팔달구 이의동,300.0,,,,원천(여천)저수지,,집중호우시 제방붕괴로 인한 침수,19990708,,농림축산식품부,원천(여천)저수지,,411151999001,,6,"저수지 하류지역 주민 5200명 (가옥 980동) 공장(삼성전자등 130개소) 이주
정밀안전 진단후 시설 보강",,, ,안성천,4,수원시청 건설과 건설과장,5.0,100.0,003,,,,20030619,위험요소제거,,009,수원시청 건설과 재난관리담당,, ,,,,,3,,002,
4617025027,,내수,국가하천,0.0,4617000000,,02,,680000.0,20060320,지방시설7급,0.0,0.0,N,0.0,지석천,114,호우시 하천수위상승으로 배수불량 상습침수,20060320,20060320,,오계,0.0,461702006001,0.0,-1,"""배수펌프장"" 설치가 필요한 내수 침수 지구",완료,0, [지점번호:다라42636811],,4,지방행정5급,0.0,0.0,001,0.0,,,20220121,자연재해위험개선지구 정비사업 완료로 위험요인 해소,나주시장,011,지방시설7급,0,,20060320,2006,2023/09/21 14:27:50.000000000,,1,26,,
4617040028,,,기타,0.0,4617000000,,02,,3580000.0,20071120,지방시설7급,100.0,0.0,N,0.0,영산강,542,상습침수로 대규모 농경지 피해 발생,20071120,20071120,,내기,0.0,461702009005,0.0,4,침수,재해위험지구해지(2013.04.10.),0, [지점번호:다라35287269],영산강,4,지방시설5급,0.0,30.0,001,0.0,,,20130410,정비사업완료,안전총괄과,050,지방시설7급,0,,20071120,,2023/09/21 14:28:01.000000000,,2,,,
4617038029,,,지방1급하천,0.0,4617000000,,02,,2000000.0,20040429,지방시설7급,150.0,0.0,N,0.0,장성천,2,상습침수,20040429,20040429,,구정,0.0,461702013007,0.0,4,상습침수,,0, [지점번호:다라29647582],영산강,4,지방시설5급,2.0,30.0,003,0.0,,,20051230,정비완료,,012,지방시설7급,0,,20040429,,2023/09/21 14:28:24.000000000,,1,,,
4617025021,,,국가하천,0.0,4617000000,,00,,280000.0,19991106,지방시설7급,150.0,0.0,N,0.0,지석천,236,상습침수,19991106,19991106,,남평,0.0,461702013008,0.0,4,상습침수,위험지구 해지(2003.12.04.),0,전라남도 나주시 남평읍 산남로  181-14   ,영산강,4,지방시설5급,2.0,30.0,001,0.0,,,20031223,정비완료,나주시,011,지방시설7급,0,,19991106,,2023/09/21 14:28:33.000000000,,1,4,,
4617012300,,,국가하천,0.0,4617000000,,02,,450000.0,19991031,지방시설7급,150.0,0.0,N,0.0,영산강,321,제방누수,19991031,19991031,,영산,0.0,461702013009,0.0,4,제방누수,재해위험지구해지(2001.12.22.),0, [지점번호:다라28396801],영산강,4,지방시설5급,2.0,30.0,003,0.0,,,20011224,정비완료,니주시,011,지방시설7급,0,,19991031,,2023/09/21 14:28:43.000000000,,2,,,
5280035024,,,지방2급하천,,5280000000,,,,2800000.0,,안전총괄과,200.0,,,,만화천,335,폭풍이나 강우가 동시에 발생시 배후농경지의 상습적인 침수피해,19991113,,행정안전부,우동,,458001999002,,19,"집중호우시 농경지, 주택 침수",,0, [지점번호:다마21793597],기타,4,안전총괄과,1.0,50.0,001,,,,20030903,"제방축조 및 호안정비 완료 L=4,640m",재난안전과,013,안전총괄과,0,,,,2016/07/20 10:40:46.000000000,,3,4,001,
5280042022,,상습침수,소규모어항,,5280000000,,,,300000.0,,해양수산과,,,,,벌금항,374,"백중사리 및 해일발생시 농경지, 주택 상습 침수",19991113,,행정안전부,벌금,,458001999003,,19,백중사리 및 해일발생시 주택.농경지 상습침수,,0,,기타,4,안전총괄과,,,001,,,,20031201,"방파제 숭상 L=139m 완료
준공블럭 제작 및 거치 L=220m 완료",부안군,036,안전총괄과,0,,,,2016/07/20 10:40:29.000000000,,2,,001,
5280040023,,,지방2급하천,,5280040000,,,,990000.0,,안전총괄과,150.0,,,,영은천,743,"집중호우시 하천 단면협소 및 호안유실, 붕괴로 농경지. 주택 침수피해",20090309,,행정안전부,언독,,458001999004,,19,"집중호우시 하천 단면협소 및 호안유실, 붕괴로 농경지. 주택 침수피해",,0,전라북도 부안군 하서면 석상길  62    ,기타,4,안전총괄과,1.0,50.0,001,,,,20091113,,부안군청,013,안전총괄과,0,,,,2018/10/05 08:20:36.000000000,,3,,001,
5280040024,,,지방2급하천,,5280000000,,,,2000000.0,,안전총괄과,150.0,,,,송림천.금광천,1064,집중호우시 하천 단면협소 및 호안유실 붕괴로 농경지 및 주택 침수피해,19991113,,,백련,,458001999005,,19,집중호우시 하천 단면협소 및 호안유실 붕괴로 농경지 및 주택 침수피해,,0,,기타,4,안전총괄과,1.0,50.0,001,,,,20091113,,부안군청,013,안전총괄과,0,,,,2023/09/13 11:24:07.000000000,,3,19,,
5280037022,,,지방2급하천,,5280037000,,,,1300000.0,,안전총괄과,150.0,,,,"백천,석포천",1000,집중호우시 하천 단면협소 및 호안유실 붕괴로 농경지 상습침수피해,20090309,,행정안전부,석포,,458001999006,,19,집중호우시 하천 단면 협소 및 호안유실 붕괴로 농경지 및 주택 상습 침수피해,,0, [지점번호:다마16783370],기타,4,안전총괄과,1.0,50.0,001,,,,20091113,,부안군청,013,안전총괄과,0,,,,2018/10/05 08:19:30.000000000,,3,1,001,
5280041021,,,기타,,5280041000,,,,330000.0,,안전총괄과,150.0,,,,대포천,775,집중호우시 농경지 및 인접 가옥 침수피해 우려지역,20090309,,행정안전부,우포,,458002006001,,19,"집중호우시 하천단면 협소 및 호안 유실, 제방 붕괴 등으로 농경지 및 주택 침수피해 발생",,0,전라북도 부안군 줄포면 후촌길  118-47   ,기타,4,안전총괄과,1.0,40.0,001,,,,20120630,정비사업 완료,부안군청,050,안전총괄과,0,,,,2018/10/05 08:19:03.000000000,,3,,001,이장
5280037021,,,기타,,5280000000,,,,200000.0,,안전총괄과,150.0,,,,세터천,1217,"호안유실,제방 붕괴 등으로 인한 농경지 및 주택 침수피해 발생",20090921,,행정안전부,세터,,458002008007,,19,제방붕괴 및 하천월류에 의한 인명피해,,0,,기타,4,안전총괄과,1.0,40.0,001,,,,20120630,,재난안전과,050,안전총괄과,0,,,,2018/10/05 08:18:23.000000000,,3,7,001,이장
5280040024,,,기타,,5280040000,,,,100000.0,,안전총괄과,150.0,,,,소광천,981,집중호우에 의한 제방유실로 인한 주택 및 농경지 침수,20090921,,행정안전부,소광,,458002008008,,19,집중호우시 하천월류에 의한 인명피해,,0, [지점번호:다마16344477],기타,4,안전총괄과,1.0,40.0,001,,,,20120630,,부안군청,050,안전총괄과,0,,,,2018/10/05 08:18:02.000000000,,3,1,001,이장
5280025022,,,기타,,5280025000,,,,100000.0,,안전총괄과,100.0,,,,교동천,455,상습침수 피해발생,20110610,,행정안전부,아제,,458002011009,,19,"본 지구는 교동천의 유수단면 부족 및 지형이 낮아 외수범람 및 내수 배제 불량에 의한 우기시 상습 침수 피해가 발생하고 있고, 인접 하류인 신기뜰 해당 지역의 영향으로 침수 피해 발생",,0, [지점번호:다마30214738],기타,4,안전총괄과,1.0,25.0,001,,,,20170703,,안전총괄과,050,안전총괄과,0,,,,2017/07/10 16:36:22.000000000,,1,84,001,아제마을 이장
5280041021,,,기타,,5280041000,,,,980000.0,,줄포면 총무담당자,,,,,줄포저류지,775,상습침수,19931217,,행정안전부,줄포,,458002011010,,19,상습침수,,0,전라북도 부안군 줄포면 후촌길  118-47   ,기타,4,안전총괄과 시설6,,,001,,,,20001231,정비완료,줄포면 총무담당자,050,안전총괄과 시설7,0,,,,2021/10/25 10:19:39.000000000,,2,,001,
5274036024,,하천,지방2급하천,0.0,5274036000,,00,,4000.0,20151030,계북면장,85.0,63.0,N,0.0,계북천,703,미개수하천으로 하천폭 부족,19991112,,행정안전부,어전,0.0,457401999003,0.0,3,제방단면부족으로 하천범람,,0, [지점번호:라마10455447],금강,4,재난안전과 시설5급,10.0,50.0,001,32.0,,,20090522,위험지구 정비완료,안전재난과,013,재난안전과 시설6급,0,,,,2018/10/17 10:36:42.000000000,,1,3,001,계북면 어전리 이장
5274035023,,하천,지방2급하천,0.0,5274035000,,00,,3000.0,20151030,계남면장,85.0,60.0,N,0.0,신전천,1091,미개수하천으로 하천폭 부족,19991112,,행정안전부,신전,0.0,457401999004,0.0,3,하천폭및 제방고부족으로 하천범람,,0, [지점번호:라마05714362],금강,4,안전재난과 시설5급,0.0,55.0,001,25.0,,,20090522,위험지구 정비완료,안전재난과,013,안전재난과 시설6급,0,,,,2018/10/17 10:28:37.000000000,,2,3,001,신전리 양신이장
5274034031,,단면부족,지방2급하천,0.0,5274000000,,00,4574034031102980000008145     ,3500.0,20151030,천천면장,90.0,52.0,N,0.0,와룡천,298,미개수 하천으로 하천폭 부족,20020828,,,와룡,0.0,457402004001,0.0,3,산간부 급류하천으로 통수단면 부족에따라 제방유실등 상습적 피해발생지구이고 제방이 낮음,,0,,금강,4,재난안리과 시설5급,0.0,50.0,001,23.0,,,20100719,정비공사 완료,안전재난과,013,재난안전과 시설6급,0,,,,2023/04/25 11:13:44.000000000,,1,0,,천천면 와룡리 이장
5274033529,,단면부족,지방2급하천,0.0,5274033500,,00,,4000.0,20151030,장계면장,90.0,48.0,N,0.0,장계천,682,미개수하천으로 하천폭 부족,19991112,,행정안전부,오동,0.0,457402004003,0.0,3,"제방단면 부족으로 집중호우시 하천범람, 제방고및 하천폭이 극히 혐소 개수 필요",,0, [지점번호:라마11084655],금강,4,재난안전과 시설5급,10.0,55.0,001,23.0,,,20090522,위험지구정비완료,장수군청,013,재난안전과 시설6급,0,,,,2018/10/17 10:43:44.000000000,,1,,001,장계면 오동리
5274031034,,단면부족,지방2급하천,0.0,5274031000,,00,,25000.0,20151030,산서면장,90.0,59.0,N,0.0,동화천,835,미개수 하천으로 집중호우 발생시 하천폭이 부족하여 재해위험 상존,20010202,,행정안전부,동화,0.0,457402004004,0.0,5,제방단면부족으로 집중호우시 하천이 범람되어 상습침수 피해가 빈발하는 지구이고 제방고 및 하천제방 극히 협소하여 농경지유실 및 인가피해 발생,,0, [지점번호:다마90193202],섬진강,4,재난안전과 시설5급,0.0,55.0,001,29.0,,,20130715,위험지구 정비완료,장수군청,013,재난안전과 시설6급,0,,,,2018/10/17 10:42:03.000000000,,1,,001,장수군 산서면 동화리
5274025030,,단면부족,지방2급하천,0.0,5274025000,,00,,3000.0,20151030,장수읍장,100.0,41.0,N,0.0,용추천,193,미개수하천으로 집중호우 발생시 재해위험 상존,20020828,,행정안전부,용추,0.0,457402004005,0.0,3,산간부 급류하천으로 통수단면 부족에따라 제방유실등 산승적 피해 발생지구이고 제방이낮아 항상 재해위험요인상존,,0, [지점번호:라마00823792],금강,4,재난안전과 시설5급,0.0,60.0,001,19.0,,,20130715,위험지구정비완료,장수군청,013,재난안전과 시설6급,0,,,,2018/10/17 10:45:13.000000000,,2,,001,장수읍 송천리 이장
4777036031,,,지방관리,,4777000000,,00,,3316206.0,20181226,안전재난과 시설8,,1856.0,Y,1.0,배수펌프장,662,자연재해 발생시 재내지측 배수내제가 불량하여 상습적으로 침수 피해가 발생하는 지역임,20181226,,,"괴시,벌영지구",,477702019024,,19,하천 범람,,0,,기타,2,안전재난과 시설6,,,001,928.0,,,,,영덕군청,010,안전재난과 시설8,0,,20181226,2017,2024/04/17 20:07:11.000000000,자연재해위험지구 지정 고시,1,3,,괴시2리 이장
4723032029,,,지방관리,0.0,4723000000,,02,,49611.0,20210609,안전재난하천과 시설6급 ,165.0,1502.0,Y,2.0,지방하천,1068,"하폭협소, 제방고 부족 및 교량통수단면 부족, 우수관로 용량 부족",20210609,20131205,,신양지구,,472302021015,19.0,2,"하폭협소, 제방고 부족 및 교량통수단면 부족, 우수관로 용량 부족",,0,,낙동강,1,안전재난하천과 시설5급,3.0,45.0,001,751.0,,,,,안전재난하천과,010,안전재난하천과 시설6급 ,0,,,,2024/04/09 14:59:12.000000000,하천기본계획,1,,,연정2리장 
5277037036,,,,,5277000000,,00,,27770.0,20201223,안전재난과 시설7급,,,Y,,비석,713,농경지 침수로 인한 재산 피해,20201223,,,비석,,457702021025,,5,소하천 범람에 따른 농경지 침수,,0,,섬진강,2,안전재난과 시설5급,,,001,,,,,,순창군,-1,안전재난과 시설6급,0,,,,2024/04/23 17:17:23.000000000,,3,,,
4689025325,,,기타,,4689000000,,02,,63257.0,20230327,건설과 지방시설서기,127.0,152.0,N,,주거지및농경지,847,높은 조위와 우수관거 용량 부족으로 인한 침수위험,20230327,20110310,,동송지구,,468902023020,,19,침수위험,,0,,기타,1,건설과 지방시설주사,10.0,155.0,001,65.0,,,,,건설과,050,건설과 지방시설서기,0,,,2023,2024/05/02 19:43:44.000000000,,1,0,,금일읍 동송리장
4691036023,,,소규모어항,,4691000000,,02,,29500.0,,안전관리과 지방시설8급,,,,,곤촌항,326,"매년 대조기 및 강풍, 태풍 내습시 인근 도로 및 가옥 침수 발생",20220802,,,곤촌항,,469102023033,,19,대조기 및 태풍내습 시 월파 등에 인한 주택파손 및 침수,,0,,기타,3,안전관리과 지방시설5급,1.0,,006,,,,,,,036,안전관리과 지방시설8급,0,,20220802,,2024/07/08 17:50:37.000000000,,2,7,,
4128710800,,,지방2급하천,,4128710800,,02,,83199.0,,고양시 재난대응담당관 시설7급,,150.0,Y,2.1,대화배수펌프장,740," - 성능이 저하된 엔진펌프 용량 부족에 따른 수위 상승으로 인접 주거지(멱절마을) 및 농경지 침수피해 발생
 - 엔진펌프 교체 및 개선사업을 통하여 방재성능 충족",20230519,20061212,,대화배수펌프장지구,,412832023001,224153.0,1, - 한강 배수위 영향 구간으로 집중호우시 침수피해 발생 및 강제배제 시설의 성능 및 효율이 저하된 상태로 내수배제 해소가 안되므로 펌프 추가 증설 또는 교체 필요,,0,,한강,1,고양시 재난대응담당관 시설5급,5.0,,003,40.0,,,,,고양시 재난대응담당관,013,고양시 재난대응담당관 시설7급,0,,20230615,2023,2024/04/03 10:06:53.000000000,고양시 소하천정비종합계획 수립,2,4,,
5176035028,,,,,5176000000,,02,,105938.0,,건설과 시설8급,,78.0,,,평창7,1649,침수위험,20230327,,,평창7,,517602024029,,1,주변지역이 계획홍수위보다 현저히 낮아 주민 및 관광객들이 상습적인 고립 및 침수,,0,,한강,1,,,,001,41.0,,,,,평창군,-1,건설과 시설8급,0,,,,2024/04/09 10:52:32.000000000,,3,6,,
4482525021,,,기타,,4482500000,,,4482525022107000010007624     ,555468.0,,안전관리과 자연재난팀장(시설6),,1006.0,,9.72, 태안 자연재해위험개선지구,903,? 홍수시 태안천(지방하천)외수위로 인한 내수배제불량으로 반복적인 침수피해가 발생 ? 집중호우 및 태풍내습시 우수관로 통수능력 부족,,,,태안,,448252025005,,-1,내수배제불량,,0,,,1,안전관리과 자연재난팀장(시설6),,,001,352.0,,,,,,050,안전관리과 자연재난팀,0,,,,2025/03/14 11:26:58.000000000,,2,0,,
4418010700,,,시도,,4418000000,,,,95700.0,,보령시 안전총괄과 시설7 ,,,,,내항지구,875,"조수간만에 의한 세월교 잠수에 따른 시민, 차량침수 피해 및 인근지역 침수 피해 우려",20200519,,,내항지구,,441802020010,,019,"조수간만에 의한 세월교 잠수에 따른 시민, 차량침수 피해 및 인근지역 침수 피해 우려",,0,,기타,2,보령시 안전총괄과 행정5 ,,,006,,,,,,보령시,003,보령시 도로과 시설7,0,,,,2024/03/29 16:26:17.000000000,,2,,,
4885035025,,,지방1급하천,,4885000000,,02,,363842.0,20210824,,,,Y,,잔너리,468,침수위험,20210824,,,잔너리,,488502021020,,5,침수위험,,0,,섬진강,1,시설6급,,,001,,,,,,,012,시설7급,0,,,2021,2024/09/26 11:21:34.000000000,,1,5,,
4711132032,,,지방관리,0.0,4711132032,,00,,96039.0,,생태하천과 시설9,225.0,348.0,Y,,상정천,881,"○ 10년 내 피해이력(2회) 있고, 대규모 피해가 발생하였으며 집중호우 및 태풍 내습 시 지속적인 대규모 피해 잠재성이 존재",20230421,,,상정지구,0.0,471112023011,,10,"○ 개발사업에 따른 상류지역 하천정비로 하류지역의 피해가 가중되고 있는 실정임
○ 하폭이 협소하고 체계적인 정비가 이루어지지 않은 하류구간의 피해 가중",,0,,형산강,1,안전총괄과 시설6,1.0,53.0,001,209.0,,,,,포항시,010,안전총괄과 시설7,0,,20150501,2023,2023/09/08 14:12:47.000000000,포항시 소하천종합계획,1,,,
4775034041,,,지방2급하천,0.0,4775000000,,02,,121721.0,20220105,건설새마을과,0.0,135.0,Y,0.0,수락 재해위험개선지구,1,"- 상류부 보다 하류부의 하폭이 좁고, 제방고 및 여유고 부족으로 인한 제방월류로 인한 농경지, 가옥의 유실 위험이 높음",20220105,20070504,,모계,0.0,477502010008,0.0,2,"- 고덕교, 신당교의 형하고와 경간장 부족으로 교량 유실 위험
- 기설제방고가 계획홍수위보다 낮아 집중호우시 하폭 및 제방고 부족에 의한 월류침수 발생",,0,,낙동강,1,,0.0,0.0,005,50.0,,,,,청송군,013,건설새마을과,0,,19960823,2022,2024/05/01 15:42:56.000000000,길안천 하천기본계획,1,,,
4775036035,,,지방2급하천,0.0,4775000000,,02,,191000.0,20201123,건설새마을과,0.0,20.0,N,0.0,신흥 재해위험개선지구,1,"- 신흥 자연재해위험개선지구는 기 자연재해저감종합계획에 반영된 지구(하천재해 1개소)
- 하천과 인접하여 취락지구가 위치, 인명피해 발생 가능성 높음 ",20201123,20070504,,신흥(신흥천),0.0,477502010009,0.0,2, - 기설제방고가 계획홍수위보다 낮아 집중호우시 하폭 및 제방고 부족에 의한 월류침수 발생,,0,,낙동강,1,,0.0,0.0,001,5.0,,,,,청송군,013,건설새마을과,0,,,,2023/04/28 13:11:50.000000000,,2,,,
4775035033,,,지방2급하천,,4775035000,,,,,,건설재난관리과,,,,,"제방, 교량",1,침수위험지구,20101103,,행정안전부,명당(보현천),,477502010010,,2,침수위험,,0, [지점번호:마바32271348],낙동강,4,,,,001,,,,20121231,,청송군청,013,건설재난관리과,, ,,,2013/06/12 16:20:41.000000000,,2,,001,
4775031040,,,지방2급하천,0.0,4775031000,,02,,60000.0,20151103,안전재난건설과,0.0,15.0,Y,0.0,교량,1,고립위험지구,20100528,20070504,행정안전부,항리(가천),0.0,477502010012,0.0,2,고립위험,,0,,낙동강,4,,0.0,0.0,004,5.0,,,20161227, - 정비사업 완료,,013,안전재난건설과,0,,20141201,,2017/02/24 12:07:47.000000000,가천 하천기본계획,3,,001,
4775031038,,,군천,,4775031000,,,,,,건설과 행정8,,,,,교량,1,고립위험지구,20100528,,행정안전부,내룡(내룡천),,477502010013,,2,고립위험,,0, [지점번호:마바54761469],낙동강,4,,,,004,,,,20121231,정비사업 완료,,042,건설과 행정8,, ,,,2013/05/31 09:11:48.000000000,,3,,001,
4775033030,,침수위험,지방2급하천,,4775033000,,,,466000.0,,안전재난건설과,0.0,,,,지방하천,1,재해취약시설,20120404,,행정안전부,눌인(눌인천),,477502012014,,2,재해취약시설지구,,0, [지점번호:마바40850580],낙동강,4,,0.0,0.0,001,,,,20191203,,청송군청,013,,0,,,,2020/06/14 10:50:00.000000000,,2,,001,시설7
4775032034,,,지방2급하천,0.0,4775032000,,02,,222000.0,20120404,안전재난건설과,0.0,112.0,N,0.0,지방하천(노부천),1,침수위험지구,20120404,20070504,행정안전부,노부(노부천),0.0,477502012015,0.0,2,침수위험,,0,,낙동강,4,,0.0,0.0,001,68.0,,,,,,013,안전재난건설과,0,,,2012,2021/06/04 11:56:51.000000000,,2,,001,
4728025334,,침수,지방2급하천,0.0,4728025300,,00,,10000.0,20151105,가은읍 시설5급,250.0,0.0,N,0.0,양산천,1,저지대 상습침수,20010430,,국토교통부,하괴,0.0,472802001003,0.0,-1,침수,,0, [지점번호:라바49635206],,4,안전재난과 시설5급,5.0,100.0,001,0.0,,,20060118,위험지구구간 사업완료로 위험요인 해소,안전재난과,013,안전재난과 시설6급,0,,,,2020/06/08 11:19:56.000000000,,3,,005,
4728036025,,,지방관리,0.0,4728036000,,00,,105000.0,20151105,마성면 행정5급,250.0,0.0,N,0.0,조령천,100,상습침수,19990424,,국토교통부,신현지구,0.0,472802004001,0.0,2,상습침수,,0, [지점번호:라바56255171],낙동강,4,안전재난과 시설5급,5.0,100.0,001,0.0,,,20130814,공사완료,안전재난과,010,안전재난과 시설6급,0,,,,2020/06/08 11:17:57.000000000,,3,,005,
4728010900,,침수위험,기타,0.0,4728060000,,00,,1340000.0,20151105,점촌4동 행정7급,250.0,0.0,N,0.0,공평소하천,1,중부내륙고속도로 및 국도4차선 개통에 따른 홍수도달시간 극대화,20060228,,행정안전부,공평지구,0.0,472802006001,0.0,2,침수- 제방양안 정비,,0, [지점번호:라바61794590],낙동강,4,안전재난과 시설5급,0.0,100.0,001,0.0,,,20130814,정비사업완료로 인한 위험요인해소,안전재난과,050,안전재난과 시설6급,0,,,,2020/06/08 11:14:52.000000000,,3,,001,
4728025021,,,기타,0.0,4728025000,,02,,50000.0,20070420,문경읍 행정5급,0.0,2896.0,Y,0.0,상하리천,1,취약 방재 시설,20070420,20131014,행정안전부,상하리지구,0.0,472802007001,0.0,-1,하천 제방 유실,,0, [지점번호:라바54006173],,3,안전재난과 시설5급,0.0,0.0,003,1116.0,,,,,문경시 안전재난과,050,안전재난과 시설6급,0,,,2007,2021/06/02 17:26:22.000000000,,1,,001,
4728025025,,,기타,0.0,4728025000,,02,,40000.0,20151102,문경읍 행정5급,0.0,0.0,Y,0.0,지곡천,1,취약방재시설,20070420,20131014,행정안전부,지곡지구,0.0,472802007002,0.0,-1,집중호우로 인한 제방 유실,,0, [지점번호:라바56016131],,1,안전재난과 시설5급,0.0,0.0,003,0.0,,,,,안전재난과,050,안전재난과 시설6급,0,,,2007,2020/06/08 11:12:07.000000000,,2,,001,
4728025032,,,기타,0.0,4728025000,,00,,50000.0,20151105,안전재난과 행정5급,0.0,0.0,N,0.0,영산천,1,취약 방재 시설,20070420,,행정안전부,영산지구,0.0,472802007003,0.0,-1,하천 제방 유실,,0, [지점번호:라바57756125],,4,안전재난과 시설5급,0.0,0.0,003,0.0,,,20130814,정비사업완료로 인한 재해위험요인 해소,안전재난과,050,안전재난과 시설6급,0,,,,2020/06/08 11:11:11.000000000,,2,,001,
4728025329,,,기타,0.0,4728025300,,02,,70000.0,20151102,가은읍 시설5급,0.0,0.0,Y,0.0,성유천,100,취약방재시설,20070420,20131014,행정안전부,성유지구,0.0,472802007004,0.0,-1,하천 제방 유실,,0,,,1,안전재난과 시설5급,0.0,0.0,003,0.0,,,,,안전재난과,050,안전재난과 시설6급,0,,,2007,2020/06/08 11:08:18.000000000,,2,1,001,
4728025328,,,기타,0.0,4728025300,,02,,420000.0,20151102,가은읍 시설5급,0.0,0.0,N,0.0,전곡1세월교,1,유실 위험,20070420,,행정안전부,전곡1,0.0,472802007005,0.0,-1,교량 유실 위험,,0,,,4,안전재난과 시설5급,0.0,0.0,005,0.0,,,20130814,정비사업완료로 인한 위험요인해소,안전재난과,050,안전재난과 시설6급,0,,20131014,2007,2020/06/08 11:06:15.000000000,,3,,001,
4728025328,,,소교량,0.0,4728025300,,02,,270000.0,20151102,가은읍 시설5급,0.0,0.0,N,0.0,전곡2세월교,2,유실 위험,20070420,20131014,행정안전부,전곡2,0.0,472802007006,0.0,-1,교량 유실 위험,,0, [지점번호:라바47784657],,4,안전재난과 시설5,0.0,0.0,005,0.0,,,20130814,정비사업완료로 인한 위험요인해소,안전재난과,048,안전재난과 시설6,0,,,2007,2020/06/08 11:04:54.000000000,,3,,001,
4728034023,,,지방2급하천,0.0,4728034000,,00,,600000.0,20151105,안전재난과 행정5급,0.0,0.0,N,0.0,대하리천,100,취약방재시설,20070420,,국토교통부,호암지구,0.0,472802007007,0.0,-1,하천 제방 유실,,0, [지점번호:라바68535292],,4,안전재난과 시설5급,0.0,0.0,003,0.0,,,20130814,정비사업완료로 인한 위험요인해소,안전재난과,013,안전재난과 시설6급,0,,,,2020/06/08 11:02:20.000000000,,1,,005,
4728034036,,,기타,0.0,4728034000,,00,,300000.0,20151105,산북면 행정5급,0.0,0.0,N,0.0,약산천,288,취약방재시설,20070420,,행정안전부,약석,0.0,472802007008,0.0,-1,하천 제방 유실,,0,,,4,안전재난과 시설5급,0.0,0.0,003,0.0,,,20090410,하천정비완료,안전재난과,050,안전재난과 시설6,0,,,,2020/06/08 10:59:54.000000000,,2,1,001,
4728036022,,,기타,0.0,4728036000,,02,,100000.0,20070420,마성면 행정5급,0.0,203.0,Y,0.0,솥골천,371,취약방재시설,20070420,20131014,행정안전부,정리지구,0.0,472802007009,0.0,-1,하천 제방 유실,,0,경상북도 문경시 마성면 정리1길  12    ,,3,안전재난과 시설5급,0.0,0.0,003,102.0,,,,,안전재난과,050,안전재난과 시설6급,0,,,2007,2021/06/02 17:26:07.000000000,,2,0,001,
4728032022,,,기타,0.0,4728032000,,02,,30000.0,20100526,산양면 시설5급,0.0,90.0,Y,0.0,현리교,392,통수단면 부족으로 인한 유실위험,20100526,20131014,행정안전부,현리지구,0.0,472802012024,0.0,-1,통수단면 부족으로 인한 유실위험,,0, [지점번호:라바67474903],,4,안전재난과 시설5급,0.0,0.0,005,51.0,,,20170427,,안전재난과,050,안전재난과 시설6급,0,,,2010,2020/06/08 10:25:04.000000000,,2,6,001,
4713031526,,외수침수,지방2급하천,,4713000000,,,,1.0,,양북면장,300.0,,,,대종천,1,"홍수시 농경지 200ha의 침수, 교통두절등 상습적 침수",20000327,,,구길지구,,471302002001,,19,"· 농경지 200ha, 건물 10동",,0,,기타,4,안전정책과장,2.0,70.0,001,,,,20120213,,경주시청,013,안전정책과 방재팀장,0,,,,2023/04/12 10:50:27.000000000,,2,1,,
4713025921,,내수침수,지방2급하천,,4713025900,,,,1.0,,외동읍장,200.0,,,,입실천,1,지방2급하천 입실천 신기지구는 미개수된 지역으로 홍수시 수위상승,20000327,,행정안전부,신기지구,,471302002003,,11,"농경지 15ha, 건물 25동",,0,,태화강,4,안전정책과장,2.0,50.0,001,,,,20070202,하천개수완료,경주시청,013,안전정책과 방재팀장,0,,,,2018/02/19 14:00:11.000000000,,3,1,001,
4713036027,,내수침수,지방2급하천,,4713036000,,,,1.0,,현곡면장,200.0,,,,소현천 소현지구,496,인근농토 100ha유실피해 및 인가 15동 상습침수지구,20000327,,행정안전부,오류지구,,471302002004,,19,"농경지 100ha, 인가 15동",,0, [지점번호:마마52976524],기타,4,안전정책과장,2.0,50.0,001,,,,20060313,하천개수완료,경주시청,013,안전정책과 방재팀장,0,,,,2018/02/19 14:02:32.000000000,,2,1,001,
4713010800,,외수침수지역,국가하천,,4713055000,,,,1.0,,성건동장,200.0,,,,형산강 성건지구,421,집중호우시 상습침수,20071217,,행정안전부,성건지구,,471302009006,,10,"밀집지구 18.7ha, 건물680동",,0, [지점번호:마마53636229],형산강,4,안전정책과장,2.0,50.0,001,,,,20120213,,경주시청,011,안전정책과 방재팀장,0,,,,2018/02/19 14:02:22.000000000,,1,1,001,
4713011400,,,지방관리,0.0,4713000000,삼정그린뷰경주본가아파트 충효동44-3,00,,35600.0,20151105,선도동장,0.0,0.0,N,0.0,충효천(지방하천),44,충효천 내수불량,20140124,,행정안전부,충효지구,0.0,471302014016,0.0,10,"하천 제방고 부족으로 주거지, 도로 범람 ",,0,"경상북도 경주시  충효1길  22-5, 충효동44-3 (충효동, 삼정그린뷰경주본가아파트)",형산강,1,안전정책과장,0.0,0.0,001,0.0,,,,,경주시청,010,안전정책과 방재팀장,0,삼정그린뷰경주본가아파트 충효동44-3,,,2020/08/27 09:02:12.000000000,,2,3,001,
4713025333,,,지방2급하천,0.0,4713000000,,00,,44800.0,20151105,안강읍장,0.0,0.0,N,0.0,칠평천,819,저지대내수불량,20140124,,,안강지구,0.0,471302014018,0.0,10,"주거지, 농경지침수",,0, [지점번호:마마55927793],형산강,3,안전정책과 자연재난팀장,0.0,0.0,001,0.0,,,,,경주시청,013,안전정책과 주무관,0,,20041125,2015,2024/04/17 11:17:09.000000000,칠평천 하천기본계획,2,1,,안강5리 이장
4713025325,,,지방2급하천,0.0,4713025300,,00,4713025325100210000067153     ,18600.0,20151105,안강읍장,0.0,0.0,N,0.0,칠평천,21,저지대 내수불량,20140124,,행정안전부,근계지구,0.0,471302014019,0.0,10,"주거지, 농경지 침수",,0,,형산강,4,안전정책과장,0.0,0.0,001,0.0,,,20210126,정비사업 완료에 따른 재해위험요인 해소,경주시청,013,안전정책과 방재팀장,0,,20141125,,2021/05/29 13:16:53.000000000,칠평천 하천기본계획,2,0,001,근계3리 이장
4689025621,,해수침수,기타,0.0,4689025600,,02,,30000.0,20030310,노화읍 시설6급,0.0,123.0,N,0.0,노화이포침수지구,120,해수의 범람으로 인한 만조시 물양장 및 주택침수,20000305,20110310,행정안전부,이포지구,0.0,468902000002,0.0,-1,기존시설된 해안도로 및 물양장 일부구간이 저지대로 인하여 백중사리 등 만조시 해수유입으로 침수피해발생,,0,,,4,안전건설과 시설6급,1.0,0.0,001,64.0,,,,,노화읍사무소,050,안전건설과 시설7급,0,,,2003,2019/04/17 14:41:36.000000000,,1,,001,
4689025022,,낙석위험,기타,0.0,4689025000,,02,,10000.0,20030823,완도읍사무소 시설9급,200.0,0.0,N,0.0,공유림,3,균열이 진행으로 붕괴위험,20030823,20110310,,학림지구,0.0,468902004001,0.0,19,"경사각 70도이상, 사면길이 최장 20m 절개지로 돌풀된 암석이 많고 암반 전구간에 균열이 진행되고 있어 도로를 통행하는 차량들의 안전사고 발생 및 아파트에 거주하는 주민들의 재산과 생명에 위험 상존",,0,,기타,4,안전건설과 시설6급,1.0,50.0,002,0.0,,,20141216,사업완료에 따른 위험요소 해소,완도읍사무소,050,안전건설과 시설8급,0,,,2003,2022/02/07 21:16:21.000000000,,2,27,,
4689037022,,낙석,기타,0.0,4689037000,,02,,20000.0,20030823,금당면 시설6급,200.0,125.0,N,0.0,사유림,540,풍화 및 균열이 있으며 붕괴위험,20030823,20110310,행정안전부,육동지구,0.0,468902004002,0.0,19,"암반경사각 70도이상 사면길이 20m 절개지로 돌출된 암석이 많고 암반 전구간에
 균열이 진행되고 있어 도로붕괴 및 도로를 통행하는 차량들의 안전사고 발생 우려 상존",,0, [지점번호:다라58830567],기타,4,안전건설과 시설6급,1.0,50.0,002,41.0,,,,,금당면사무소,050,안전건설과 시설7급,0,,,2003,2019/04/17 14:40:41.000000000,,2,2,001,
4680025332,,유실위험,지방관리,0.0,4680025300,,00,,0.0,20151104,관산읍,0.0,0.0,N,0.0,삼산천,5,호우시 하천이 범람하여 피해발생,20060224,,국토교통부,삼산지구,0.0,468002006002,0.0,,호우시 하천이 범람하여 피해발생,,1, [지점번호:다라49561454],,4,건설과 과장,0.0,0.0,001,0.0,,,20100517,사업시행 완료,장흥군,010,건설과 재난관리담당,, ,,,2015/11/04 17:09:09.000000000, ,3,3,005,삼산1마을 이장
4680025622,,유실위험,지방1급하천,0.0,4680025600,,00,,0.0,20151104,대덕읍,0.0,0.0,N,0.0,대덕천,1,호우시 하천이 범람하여 피해발생,20001026,,국토교통부,연정지구,0.0,468002006004,0.0,,호우시 하천이 범람하여 피해발생,,0, ,,4,건설과 과장,0.0,0.0,001,0.0,,,20060224,,,012,건설과 재난관리담당,, ,,,2015/11/04 17:10:39.000000000, ,3,,005,산정이장
4689037023,,낙석,기타,0.0,4689037000,,02,,20000.0,20030823,금당면사무소 시설6급,200.0,112.0,N,0.0,사유림,890,풍화 및 균열이 있으며 붕괴위험 지역,20030823,20110310,행정안전부,가학지구,0.0,468902004003,0.0,19,"암반 경사각 70도 이상 최장 10m 절개지로 돌출된 암석이 많고 암반 전구간에
 균열이 진행되고 있어 도로붕괴 및 도로를 통행하는 차량들의 안전사고 발생우려 상존",,0,,기타,4,완도군청 안전건설과 시설6급,1.0,50.0,002,35.0,,,,,금당면사무소,050,완도군청 안전건설과 시설7급,0,,,2003,2019/04/17 14:39:30.000000000,,2,,001,
4689025625,,저수지 노후,기타,0.0,4689025600,,02,,30000.0,20030310,노화읍 시설6급,200.0,280.0,N,0.0,저수지 노후,550,노후저수지로 누수발생,20030310,20110310,행정안전부,양하지구,0.0,468902004004,0.0,19,"제당 및 여수토, 방수로, 취약시설 등이 노후되어 주민들의 재산과 생명에 위험 상존",,0,전라남도 완도군 노화읍 노화북로275번길  33-6   ,기타,4,완도군청 안전건설과 시설6급,1.0,50.0,003,102.0,,,20170228,보수공사완료,노화읍사무소,050,완도군청 안전건설과 시설7급,0,,,2003,2020/10/30 09:33:54.000000000,,3,,001,
4689025021,,낙석,기타,0.0,4689025000,,02,,15000.0,20040721,완도읍 시설8급,0.0,0.0,N,0.0,용암축대,881,절개지로 돌출된 암석이 많고 암반 전구간에 균열이 진행되고있음,20040721,20110310,행정안전부,용암지구,0.0,468902004005,0.0,19,암반 경사각이 70도이상이며 사면길이 최장 30m 절개지로 돌출된 암석이 많고 암반 전구간에 균열이 진행되고있어 재해우려 상존,,0, [지점번호:다다31259157],기타,4,완도군청 안전건설과 시설6급,0.0,0.0,002,0.0,,,20130708,,완도읍사무소,050,완도군청 안전건설과 시설7급,0,,,2004,2019/04/17 14:38:49.000000000,,1,5,001,
4713011600,,외수침수지역,지방2급하천,0.0,4713059000,,00,,1.0,20151102,선도동장,200.0,0.0,N,0.0,대천 효현지구,1,홍수시 수위상승으로 상습침수,20060120,,행정안전부,효현지구,0.0,471302009007,0.0,10,농경지 137ha 건물 28동,,0,,형산강,4,안전정책과장 ,2.0,50.0,001,0.0,,,20130910,,경주시청,013,안전정책과 방재팀장,0,,,,2018/02/19 14:02:10.000000000,,3,,001,
4713025933,,외수침수,지방2급하천,,4713025900,,,,1.0,,외동읍장,100.0,,,,원동천 방어지구,1,"주택, 인명, 농경지등이 상습침수",19990906,,행정안전부,방어지구,,471302009008,,19,"주택 185세대, 인명 563명, 농경지 177ha",,0,경상북도 경주시 외동읍 원동2길  48-54   ,기타,4,안전정책과장,2.0,30.0,001,,,,20041108,정비완료,경주시청,013,안전정책과 방재팀장,0,,,,2018/02/19 14:01:53.000000000,,3,,001,방어리 이장
4713033025,,,시도,,4713033000,인천교,,,1120.0,,내남면장,0.0,1027.0,,,인천교,685,노후된 교량 경간장 및 여유고 부족,20110412,,행정안전부,부지지구,,471302011015,,10,"- 교량폭 및 여유고 부족 등 통수단면 부족
 - 교각기초부 세굴로 인한 교각 및 슬래브 침하
 - 통수단면이 부족한 기존교량 철거 및 신설",,0, [지점번호:마마54085368],형산강,4,안전정책과장,0.0,0.0,005,483.0,,,20151120,정비사업 완료에 따른 재해위험 해소,경주시청,003,안전정책과 방재팀장,0,인천교,,,2021/06/03 15:19:59.000000000,,2,2,001,내남면 용장2리장
4713035026,,,지방2급하천,0.0,4713035000,심곡지~대천 합류점,00,,71959.0,20120412,서면장,200.0,0.0,Y,0.0,심곡천,411,하폭이 협소하고 홍수시 외수침수,20110412,,국토교통부,심곡지구,0.0,471302011009,0.0,10,"하폭 및 여유고 부족, 기존교량 통수단면 부족",,0, [지점번호:마마40506917],형산강,4,안전정책과장,3.0,50.0,001,0.0,,,20180918,,경주시청,013,안전정책과 방재팀장,0,심곡지~대천 합류점,20101220,2012,2018/09/27 10:43:20.000000000,하천기본계획,3,2,005,서면 심곡리 이장
4713036028,,,지방2급하천,0.0,4713000000,래태리~무과리(소현천합류점),02,,64118.0,20110412,현곡면장,200.0,0.0,Y,0.0,태암천,1120,하폭이 협소하고 노후된 교량이 유수흐름 저해하여 홍수시 외수침수,20110412,20180731,,태암지구,0.0,471302011011,0.0,10,"하폭 및 여유고 부족, 기존교량 통수단면 부족",,0, [지점번호:마마49596994],형산강,4,안전정책과 자연재난팀장,3.0,50.0,001,0.0,,,,,경주시청,013,안전정책과 주무관,0,래태리~무과리(소현천합류점),20020425,2011,2023/04/21 14:36:11.000000000,자연재해저감종합계획,3,,,무과리 이장
4713025630,,,지방2급하천,0.0,4713000000,,02,,823000.0,20151105,건천읍장,0.0,0.0,N,0.0,대천,72,"지방하천 대천 양안 저지대에 위치하여 하천이 범람하여 주거지, 농경지 상습 침수",20140124,20180731,,대곡금척지구,0.0,471302014020,0.0,10,"주거지, 농경지 침수",,0,경상북도 경주시 건천읍 내서로  1341-44   ,형산강,3,안전정책과 자연재난팀장,0.0,0.0,001,0.0,,,,,경주시청,013,안전정책과 주무관,0,,19910131,2015,2024/07/01 17:04:20.000000000,대천 하천기본계획,2,2,,금척리 이장
4713037028,,,지방2급하천,,4713037000,"강동면 왕신리, 오금리",,,296813.0,,강동면장,200.0,,,,왕신천,220,제방고부족으로 홍수시 외수침수,20110412,,국토교통부,왕신지구,,471302011012,,10,"하폭 및 여유고 부족, 기존교량 통수단면 부족",,1, [지점번호:마마61517380],형산강,4,안전정책과장,3.0,50.0,001,,,,20151120,정비사업 완료에 따른 재해위험 해소,경주시청,013,안전정책과 방재팀장,0,"강동면 왕신리, 오금리",,,2021/06/03 15:06:05.000000000,,3,2,005,왕신2리 이장
4713025933,,,지방2급하천,0.0,4713025900,"괘릉리,활성리,죽동리,연안리,입실리",00,,312519.0,20151104,외동읍장,200.0,632.0,Y,0.0,동천,1318,제방고부족으로 홍수시 외수침수,20110412,,국토교통부,동천지구,0.0,471302011013,0.0,10,"하폭협소 및 여유고 부족, 기존교량 통수단면 부족",,0,,형산강,3,안전정책과장,3.0,50.0,001,312.0,,,,,경주시청,013,안전정책과 방재팀장,0,"괘릉리,활성리,죽동리,연안리,입실리",20040823,2015,2020/08/27 09:02:59.000000000,하천기본계획,3,,005,입실3리 이장
4713033024,,,시도,,4713033000,이조교,,,1600.0,,내남면장,0.0,,,,이조교,604,노후교량 경간장 및 여유고부족,20110412,,행정안전부,이조지구,,471302011014,,10,- 교량폭 및 여유고 부족 등 통수단면 부족으로 집중호우시 주택 및 농경지 등 침수피해발생,,0,경상북도 경주시 내남면 포석로  123    ,형산강,4,안전정책과장,0.0,0.0,005,,,,20151120,,경주시청,003,안전정책과 방재팀장,0,이조교,,,2018/02/19 14:04:38.000000000,,2,3,001,이조3리 이장
4885036022,,상습침수,기타,0.0,4885036000,,00,,125000.0,20160323,금남면,150.0,0.0,N,0.0,대치지구,1,배수로 미정비로 우수기시 농경지 및 가옥침수 우려,20000401,,,대치지구,0.0,488502002004,0.0,19,"배수배제 지연 및 시설미흡으로 농경지,건물,공공시설 침수우려로 배수로 정비와 배수장 1동 신설로 우수기시 배수능력 제고",,0,,기타,4,안전총괄과장,1.0,40.0,001,0.0,,,20060201,정비사업 완료,하동군청 재난관리과,050,안전총괄과,0,,,,2021/12/23 21:12:53.000000000,,1,0,,
4885037021,,상습침수,지방2급하천,0.0,4885037000,,00,,1340000.0,20160323,진교면,150.0,0.0,N,0.0,진교지구,1,재내지가 제외지보다 낮아 우수지 배수불량에 의한 시가지 상습침수,19990101,,,진교지구,0.0,488501998001,0.0,-1,"내수로 인하여 시가지 주택,시장가옥,공공건물 침수위험",,0,,,4,안전총괄과장,1.0,40.0,001,0.0,,,20060201,정비완료,하동군청,013,안전총괄과,0,,,,2021/12/23 21:13:53.000000000,,1,0,,
4885042021,,상습침수,국가하천,0.0,4885042000,,00,,2130000.0,20160323,금성면,150.0,0.0,N,0.0,가덕지구,1,상습침수지역으로 지정관리 필요,20000401,,,가덕지구,0.0,488501998002,0.0,19,"배수로 미정비로 우수기시 농경지,가옥,공공시설 침수우려",,0,,기타,4,안전총괄과장,1.0,40.0,001,0.0,,,20060201,정비사업 완료,하동군청,011,안전총괄과,0,,,,2021/12/23 21:13:36.000000000,,1,0,,
4885033022,,상습침수,지방2급하천,0.0,4885033000,,00,,2820000.0,20160323,적량면사무소,1500.0,0.0,N,0.0,주성지구,1,하천미정비와 배수불량에 의한 인근가옥 및 재래시장 상습침수,19960101,,,주성지구,0.0,488501998003,0.0,5,"상습침수로 인한 농경지 및 인근상가, 주택침수 피해 예상",,0,,섬진강,4,안전총괄과장,1.0,400.0,001,0.0,,,20060201,정비사업 완료,하동군청,013,안전총괄과,0,,,,2021/12/23 21:13:22.000000000,,1,0,,
3120012000,,취약방재시설,지방관리,0.0,3120056000,,00,,0.0,20151026,종합건설본부 시설부 토목6급,0.0,0.0,N,0.0,명촌배수장,10,배수능력 취약 배수장 정비,20060310,,국토교통부,명촌,0.0,312002006001,0.0,11,표고차에 의한 우수유입이 불가피하므로 배수펌프의 정비를 통한 신속한 배수가 요구됨.,,0, ,태화강,4,시설재난관리과,0.0,0.0,001,0.0,,,20110328,정비완료로 인한 재해위험 해소,울산북구청 건설과,010,시설재난관리과,, ,,,2015/10/26 19:33:26.000000000, ,1,,005,
4125010300,,,지방관리,0.0,4125051000,"중앙2,3펌프장 처리유역",02,,44210.0,20120402,안전총괄과 공업9급,675.0,779.0,N,0.0,"중앙2, 중앙3펌프장",827,집중호우 시 주택침수,20120402,,행정안전부,중앙지구,0.0,412502012002,0.0,1,"신천홍수위보다 낮은 저지대(주택 및 상가, 도로)로 2011년 7월에 발생한 집중호우 시 7월26일~28일 3일간 총 강우량 675mm가 내려 인근에 침수피해발생",,0, [지점번호:다사60428982],한강,4,안전총괄과 시설5급,12.0,81.0,001,255.0,,,20160502,정비사업(펌프장 증설)을 통한 침수위험요소 해소,동두천시 안전총괄과,010,안전총괄과 시설7급,0,"중앙2,3펌프장 처리유역",,2012,2018/01/29 16:01:03.000000000,,2,2,001,중앙동 3통장
4125010600,,저지대침수,지방관리,0.0,4125055000,보산1펌프장 일원,02,,12480.0,20120402,안전총괄과 시설7급,675.0,59.0,N,0.0,보산1펌프장,458,집중호우 시 주택침수,20120402,20061106,행정안전부,보산지구,0.0,412502012003,0.0,1,"신천 홍수위보다 낮은 저지대(주택 및 상가, 도로)로 2011년 7월에 발생한 집중호우 시 7월26일~28일 3일간 총강우량
 675mm가 내려 인근에 침수피해 발생",,0, [지점번호:다사61029151],한강,4,안전총괄과 시설5급,12.0,81.0,001,21.0,,,20190121,,동두천시 안전총괄과,010,안전총괄과 시설7급,0,보산1펌프장 일원,,2012,2019/03/12 10:03:20.000000000,,2,3,001,보산동 2통장
4125011200,,저지대침수,지방관리,0.0,4125060000,"상패2,3펌프장 일원",02,,11120.0,20120402,안전총괄과 공업9급,675.0,47.0,N,0.0,"상패2,3펌프장",20,집중호우 시 주택침수,20120402,20061106,행정안전부,상패지구,0.0,412502012004,0.0,1,"신천 홍수위보다 낮은 저지대(주택 및 상가, 도로)로 2011년 7월에 발생한 집중호우 시 7월26일~28일 3일간 총강우량
 675mm가 내려 인근에 침수피해 발생",,0,경기도 동두천시  상패로  112-23  (상패동),한강,4,안전총괄과 시설5급,12.0,81.0,001,20.0,,,20170106,정비사업 완료,동두천시 안전총괄과,010,안전총괄과 시설7급,0,"상패2,3펌프장 일원",,2012,2018/01/29 15:59:46.000000000,,2,1,001,상패동2통장
4125010800,,,지방2급하천,0.0,4125058000,안흥교 일원,02,,190000.0,20151103,안전총괄과 시설7급,300.0,0.0,N,0.0,안흥재해위험지구,41,안흥교 주변 교량 폭 협소,20030909,,행정안전부,안흥지구,0.0,412502013006,0.0,1,안흥교 주변 교량 폭 협소 및 제방 미개수로 하천범람시 침수,,0, [지점번호:다사60349222],한강,4,안전총괄과 시설5급,7.0,55.0,001,0.0,,,20070525,정비사업 완료에 따른 위험요인 해소,동두천시 안전총괄과,013,안전총괄과 시설7급,0,안흥교 일원,,2015,2018/01/29 16:02:56.000000000,,2,18,001,
4125010900,,산사태,사유림,4.0,4125058000,도솔암 일원,02,,7294.0,20120402,농업녹지과 녹지6급,445.0,0.0,N,0.0,도솔암 인접산지,341,`11년7월 인명피해 발생(4명),20120402,,행정안전부,상봉암지구,0.0,412502013007,0.0,,"산지와 인접하여 암자(도솔암)입지
 - 집중호우 시 매몰피해 우려, 사계사방사업 완료",,0,경기도 동두천시  신천로  345   (상봉암동),,4,안전총괄과 시설5급,10.0,81.0,002,0.0,,,20160502,정비사업(수해복구) 완료를 통한 붕괴위험요소 해소,동두천시 공원녹지과,016,안전총괄과 시설7급,0,도솔암 일원,,2012,2018/01/29 15:54:45.000000000,,1,,001,거주주민
4125011000,,산사태,국유림,0.0,4125058000,하봉암동 산60-1번지 일원,02,,344228.0,20140326,녹지6급,85.0,228.0,N,0.0,하봉암(동막골)지구,63,2011. 7. 26~29까지 집중호우,20140326,20061106,행정안전부,하봉암지구,0.0,412502014008,0.0,1,집중호우시 산사태로 인한 침수피해 우려,,1,"경기도 동두천시  평화로3030번길  206 ,  하봉암동 산60-1번지 일원 (하봉암동)",한강,4,시설5급,10.0,445.0,002,79.0,,,20190121,,동두천시 공원녹지과,014,시설7급,0,하봉암동 산60-1번지 일원,,2014,2019/03/12 10:02:53.000000000,,2,0,001,소요15통 통장
4150031029,,유실위험,지방관리,0.0,4150031000,,02,,3200.0,20060228,안전총괄과 시설7급,200.0,76.0,Y,0.0,학암천,120,하폭협소 및 노후제방으로 인한 유실위험을 개선코자함.,20060228,20070104,행정안전부,학암지구,0.0,415002006002,0.0,19,유실위험해소를 위해 하천 정비완료,,0,,기타,4,안전총괄과장,2.0,30.0,003,22.0,,,20161206,정비사업 완료에 따른 재해위험요인 해소,,010,안전총괄과 시설6급,0,,20121211,2006,2018/01/30 10:10:35.000000000,소하천정비법,3,,001,
4150025328,,침수,기타,,4150000000,일원,02,,2008.0,20101004,안전총괄과 시설7급,200.0,23.0,N,,신하리 일원,71,집중호우시 침수피해가 빈번하게 발생,20101004,20150601,행정안전부,신하지구,,415002011003,,1,침수,,0,경기도 이천시 부발읍 중부대로1338번길  51    ,한강,4,안전총괄과장,2.0,60.0,001,13.0,,,20161206,침수대장 지장물 철거 및 주민 이주 완료에 따른 재해위험요인 해소,,050,안전총괄과 시설6급,0,일원,,2010,2018/01/30 10:10:31.000000000,,2,1,001,
4161025021,,침수위험,국가하천,,4161025000,,,,,,재난안전과,0.0,,,,경안천,3,지정지역 저지대 지역으로 경안천 홍수위보다 낮음,20050801,,행정안전부,오포읍 고산지구,,416102006001,,19,침수위험으로 공장및 주민들의 재산피해 발생,,0, [지점번호:다사77293120],기타,4,재난안전과,1.0,0.0,001,,,,20140723,정비사업 완료에 따른 재해위험요소 해소,,011,재난안전과,, ,,,2016/07/12 08:55:58.000000000,,2,3,001,
4161025330,,,국가하천,0.0,4161025300,,02,,106000.0,20070723,안전총괄과,310.0,0.0,N,0.0,경안천,699,내수배제의 불량 및 경안천의 정체로 인한 하천의 역류로 침수피해 발생,20070723,20120302,행정안전부,무갑지구,0.0,416102008002,0.0,," - 무갑리 699번지 일원은 시설작물 재배지역으로 담수능력이 저하되어 내수배제가 불량하며, 팔당댐에서 수문을 열
 기 전까지 경안천의 정체로 인해 하천이 역류, 제방도로옆의 농지 주택에 침수피해가 발생하고 있는 상황으로,
 - 20년 빈도, 24시간 기준 310.4mm가 왓을대의 홍수량 16.62㎥/s을 처리하기 위해서 수중축류펌프 2대(Φ600
 *2대)와 유수지(1,773㎥)의 설치가 필요함",,0, [지점번호:다사82843649],,4,안전총괄과,2.0,0.0,001,0.0,,,20160408,정비사업완료에 따른 재해위험요소 해소,,011,안전총괄과,, ,,2007,2016/07/12 08:57:11.000000000, ,2,,001,
4161025636,,,지방2급하천,,4161025600,,,,,,재난안전과,0.0,,,,곤지암천,125,계획홍수위 이하의 교량으로 인한 통수능 장애 발생,20070723,,국토교통부,삼리지구,,416102008003,,19," - 곤지암천의 하천정비기본계획상 계획홍수위보다 낮게 설치된 세터교와 상류에서 내려오는 부유물로 인해 교각의 
 통수능이 부족 인근 홍수위 이하의 지역내 침수피해 발생 및 교량의 유실 위험
 - 교량을 계획홍수위보다 높게 재가설하며, 교량의 높아짐에 따라서 인근 제방도로의 지반고도 높게 시공하여야 함.",,0,경기도 광주시 곤지암읍 평촌길  24    ,기타,4,재난안전과,0.0,0.0,005,,,,20140723,정비사업 완료에 따른 재해위험요소 해소,,013,재난안전과,, ,,,2016/07/12 09:09:41.000000000,,1,1,005,
4161010100,,침수위험,국가하천,,4161051000,,,,,,재난안전과,0.0,,,,경안천,14,경안천 홍수위 보다 낮음,20120507,,행정안전부,경안지구,,416102013004,,19," ’10, ’11년 계속해서 침수피해를 입었으며, 구 시가지 노후화된 우수관망과 경안천 수위 상승으로 경안배수펌프장을 가동할 수 없어 반지하 건축물등 침수피해가 발생하는 지역임.",,0,경기도 광주시  파발로  51   (경안동),기타,4,재난안전과,0.0,0.0,001,,,,20140723,정비사업 완료에 따른 재해위험요소 해소,,011,재난안전과,, ,,,2016/07/12 09:13:43.000000000,,2,1,001,
4161025027,,,국가하천,,4161025000,,,,,,재난안전과,,,,,경안천,83,경안천 홍수위보다 낮음,20020722,,행정안전부,양벌지구,,416102013005,,,침수위험으로 주민들의 재산피해 발생,,0, [지점번호:다사78093245],,4,재난안전과,,,001,,,,20040214,,,011,재난안전과,, ,,,2013/06/13 11:29:07.000000000,,1,,001,
4161010300,,,국가하천,,4161051000,,,,,,재난안전과,0.0,,,,경안천,93,경안천 홍수위 보다 낮은 지역임.,20120507,,행정안전부,송정지구,,416102013006,,," - 고지유역의 우수가 배수펌프장으로 유입됨에 따라 펌프용량 부족으로 침수 피해가 발생
 - 경안천과 목현천 합류부 수위상승으로 송정소천으로 역류됨에 따라 저지대 및 배수펌프장 침수",,0,경기도 광주시  수하길28번길  7-11  (송정동),,4,재난안전과,0.0,0.0,001,,,,20140723,정비사업 완료에 따른 재해위험요소 해소,,011,재난안전과,, ,,,2016/07/12 09:16:15.000000000,,1,64,001,
4161011200,,,국가하천,,4161051000,,,,,,재난안전과,0.0,,,,경안천,13,집중호우시 주택침수,19960716,,행정안전부,경안지구,,416102013007,,,경안천보다 저지대에 위치하여 집중호우시 주택침수,,0, ,,4,재난안전과,0.0,0.0,001,,,,19980925,,,011,재난안전과,, ,,,2014/06/25 15:25:48.000000000,,2,,001,
4161025329,,,국가하천,,4161025300,,,,,,재난안전과,100.0,,,,경안천,729,집중호우시 인명피해 및 주택침수,20120426,,행정안전부,지월지구,,416102013008,,,경안천보다 낮아 집중호우시 인명피해 및 주택이 침수됨,,0, ,,4,재난안전과,1.0,0.0,001,,,,20140723,정비사업 완료에 따른 재해위험요소 해소,,011,재난안전과,, ,,,2016/07/12 09:39:20.000000000,,1,25,001,
4886037036,,하천재해,지방1급하천,,4886000000,,00,,22156.0,20191203,시설6급,1845.0,100.0,N,2.0,덕천강,566,집중호우시 하천외수범람으로 인한 침수,20191203,,,입덕문,,488602019011,,2,집중호우 시 덕천강의 하천월류로 인한 반복적 침수 발생 ,,0,,낙동강,2,시설6급,1.0,450.0,001,30.0,,,,,산청군,012,시설6급,0,,,2017,2024/04/11 13:23:49.000000000,,2,2,,
4711125325,,,지방2급하천,,4711000000,,00,,8408.0,,하수도과 시설7,204.0,154.0,N,,자명천,474,"자명천 외수위 상승으로 인한 주거지 및 농경지 내수 배제 불량
 ",20201028,,,자명지구,,471102020012,,10,자명천 외수위 상승으로 인한 농경지 내수 배제 불량,,0,,형산강,1,하수도과 시설6,10.0,253.0,001,72.0,,,,,포항시청 하수도과,013,하수도과 시설7,0,,,2020,2024/08/17 22:56:50.000000000,,2,1,,이장
4711335034,,유실및침수,지방2급하천,,4711000000,,,,310056.0,,시설5급,,88.0,,,자호천,251,"하천 제방 월류, 유실, 범람 등에 의한 피해 발생",20211028,,,자호지구,,471102021013,,2,"자호천 개선복구간인 자호천 시점~영천댐은 하상경사가 급한 급류하천으로 대부분 호안 및 제방이 노후되어 미정비 하천의 통수단면 부족(미 준설, 토사퇴적, 하천내 구조물 통수단면 부족 등)과 고유속에 의한 제방의 월류, 침식 및 호안 파괴로 제방, 교량, 보 등 하천시설물 피해가 발생",,0,,낙동강,1,시설6급,,122.0,001,44.0,,,,,포항시,013,시설7급,0,(석계리120),20211028,,2023/04/28 09:13:36.000000000,,2,,,
4372036036,,,기타,,4372000000,,02,,158000.0,,재난안전과 시설6급,,,N,,진골저수지,1,수한면 율산리 일대의 농업용수 확보를 통한 가뭄 피해 예방 등 재해위험지구 지정을 통한 체계적인 관리 필요,20190118,,,율산,,437202021014,,3,상습가뭄으로 인한 농업생산활동 지장,수한면-이천길 주무관,1,,금강,2,재난예방팀장,,,007,,,,,,보은군,050,재난예방,0,,,,2024/09/25 11:26:35.000000000,,3,45,,
4784038032,,,지방관리,,4784000000,,02,4784038032106180006006541     ,538067.0,,성주군 시설7급 박인준,,115.0,N,1.94,초전면소재지,618,내수배제 불량 및 제방고와 교량 통수단면 부족,20210805,,,대장,,478402022016,,2,집중호우 시 내수배제 불량,,0,,낙동강,2,안전과 행정5급,,,001,100.0,,,,,성주군,010,안전과 시설7급,0,,,,2024/04/08 13:26:56.000000000,,1,10,,
4471032030,5.0,,지방도,,4471000000,,00,,8106.0,20220711,건설본부 동부사무소 지방시설주사보,,,N,1.43,저곡,25,계획홍수위 대비 도로고가 평균 1.5m 낮은 여건으로 도로침수위허머 상재,20220711,,,저곡,,447102024015,5.0,3,계획홍수위보다 도로고가 낮아 호우철 고립위험 상존,,1,,금강,1,건설본부 동부사무소 지방시설주사,,,004,,5.0,10.0,,,건설본부 동부사무소,002,건설본부 동부사무소 지방시설서기,0,,,2022,2024/04/28 21:15:44.000000000,,2,16,,
5180033023,,,지방도,,5180000000,,02,,57090.0,20240301,강원도로관리사업소 북보지소 지방시설주사보,,318.0,Y,,금악교,905,교량저면이 계획홍수위보다 낮아 집중호우시 교량 상부구조물 유실로 인한 인명피해 우려,20240320,,,금악2지구,,518002024019,,1,유실로 인한 인명피해 우려,,0,,한강,1,양구군 건설과 방재시설팀장,,,005,165.0,,,,,강원도로관리사업소 북보지소 지방시설주사보,002,양구군 건설과 지방시설주사보,0,,,2024,2024/09/24 17:42:04.000000000,,1,,,금악리 이장
4683025031,,,지방2급하천,,4683000000,,02,,3151231.0,20240514,군민안전과,,,,,영암천,1288,영암천 홍수위 상승에 따른 월류 및 내수배제 불량에 의한 침수피해 발생으로 인명 및 재산피해 위험,20240514,20070222,,개신2지구,,468302024009,,4,하천 범람 및 배수기능 장애에 따른 침수,,0,,영산강,1,,,,001,,,,20270514,,군민안전과,013,군민안전과,0,,20240514,2024,2024/06/17 17:25:19.000000000,개신2지구 자연재해위험개선지구,1,,,
2629010700,,,사유림,,2629000000,,,2629010700200040001000001     ,45239.0,,,,,,,용호동 이기대공원,4,낙석위험,20020603,,산림청,용호동 이기대공원,,262902020013,,019,낙석위험,,1,,기타,4,,,,002,,,,20051202,"위험안반 제거 V=1,151㎥, 옹벽설치(H=2.8~6.5m) L=135m, 석공(석축,자연석쌓기) 163㎡",,016,,0,,,2002,,,3,1,004,
5271025332,,,,0.0,5271000000,,02,,43002.0,20220513,재난안전과 시설7급,2638.0,354.0,N,,고천지구 ,660,배수단면부족 및 만경강 외수위 상승시 내수침수발생,20210322,20120927,,고천지구,0.0,457102022042,,-1,"봉동고천지구는 지방하천 삼례천 유역 상류에 위치하고 있으며
홍수발생시 농어천공사관리의 송정배수로를 통하여 삼례천으로
유입하여 만경강으로 배제되어야 하나 고속도로 및 산업도로에
의해 배수가 원활하지 않아 내수침수에 의한 주거지 및 농경지의
침수피해 발생하여 침수 방지대책이 필요",,0,,,2,재난안전과장,1.0,812.0,001,172.0,,,,,한국농어촌공사,-1,재난안전과 시설7급,0,,,2022,2024/04/22 17:56:10.000000000,,2,4,,이장
4784037031,,,지방관리,,4784000000,,02,,913400.0,,성주군 시설7급 박인준,,45.0,N,1.25,배수로,22,태풍 및 집중호우 내습시 이천(지방) 수위 상승으로 인해 성주군 벽진면 일원의 저지대 내수배제 불량 및 소하천 대흥천의 통수능력 부족으로 상습적 침수 피해가 발생,20230330,,,봉계,,478402023022,,2,내수침수,,0,,낙동강,1,안전과 시설5급,,,001,17.0,,,,,성주군,010,안전과 시설7급,0,,,2023,2023/04/03 09:53:47.000000000,,2,11,,
4183031023,,,지방관리,1.0,4183000000,,02,,95387.0,20231120,양평군청 안전총괄과 지방시설주사보,274.0,64.0,N,1.62,교평배수펌프장,284,"-집중호우시 교평배수펌프장 시설용량 부족으로 인한 내수침수 발생
-신화천 하류부 복개구간 통수능 부족으로 하천 범람발생",20231120,,,교평지구,,418302023003,6.0,1,"신화소하천 하류부 양안 농경지 및 주거지가 위치하며, 교평배수펌프장(펌프 및 유수지) 용량부족으로 침수피해가 발생
교평배수펌프장(Q=300㎥/min, V=4,000㎥) 능력부족으로 농경지 및 주거지 침수피해(방재성능10년빈도) 한강홍수위 EL. 33.70m 이하 저지대 지역",,0,,한강,1,양평군청 안전총괄과장,10.0,66.0,001,32.0,,,,,양평군청,010,양평군청 안전총괄과 지방시설주사보,0,,20231120,2023,2023/11/20 20:37:21.000000000,"교평,양근 자연재해위험개선지구 정비사업 타당성조사 및 기본계획 수립용역",1,2,,교평1리 이장
4681038025,,,지방2급하천,,4681000000,,02,4681038025102630000401533     ,1067707.0,20240314,안전재난교통과 시설7급,,160.0,Y,,병영천,263,"병영천의 하폭 및 제방고 부족, 우수관로 및 배수로 등 우수배제 시설의 통수단면 부족에 따른 인명 및 재산피해 위험",20240329,20131211,,병영지구,,468102024015,,12,"병영천의 하폭 및 제방고 부족, 우수관로 및 배수로 등 우수배제 시설의 통수단면 부족에 따른 인명 및 재산피해 위험",,0,,탐진강,1,안전재난교통과 행정5급,,,001,64.0,,,,,안전재난교통과,013,안전재난교통과 시설7급,0,,20121203,2024,2024/04/19 15:55:55.000000000,탐진강수계(2구간)하천기본계획,1,0,,
5172037029,,,지방관리,0.0,5172000000,,02,4272037029101620001037447     ,46090.0,20230407,재난안전과 시설8급,253.0,243.0,Y,1.8,하천,162,집중호우시 하천범람,20230407,20121108,,중방대지구,0.0,517202024025,,1,집중호우 시 하천제방 월류 및 침수 위험,,0,,한강,1,재난안전과장,20.0,37.0,001,74.0,,,,,홍천군,010,재난안전과 시설8급,0,,20210501,2023,2024/05/16 14:32:26.000000000,홍천강 하류권역하천기본계획,2,2,,
5214012600,,,,,5214000000,,02,,410000.0,,시민안전과 시설7급,,450.0,N,,석탄지구,1016,만경강 외수위 상승에 따른 배수영향(Back-water) 및 기 설치된 유천펌프장의 용량 부족에 따른 내수배제 불량으로 상습침수 발생,20190903,20070517,,석탄지구,,451402020020,,-1,만경강 외수위 상승에 따른 배수영향(Back-water) 및 기 설치된 유천펌프장의 용량 부족에 따른 내수배제 불량으로 상습침수 발생,,0,,,2,시민안전과장,,,001,150.0,,,,,익산시청,-1,시민안전과 시설7급,0,,,2019,2024/04/22 11:39:01.000000000,,1,91,,
4375025031,,,지방관리,,4375000000,,02,4375025031108440003005276     ,95000.0,,안전총괄과 시설7급,,359.0,,,돌팩이 재해위험개선지구,739,집중호우 발생 시 저지대 상습 침수,20221229,,,돌팩이,,437502021012,,3,집중호우 발생시 진천읍 사석리 일원 저지대가 상습침수 되는 지역임,,0,,금강,1,안전총괄과장,,,001,174.0,,,,,진천군,010,안전총괄과 복구지원팀장,0,,,,2024/04/09 16:07:01.000000000,,2,2,,
4423041030,,,,,4423000000,,02,,337570.0,20210820,논산시청 안전총괄과/ 지방공업주사,,110.0,N,1.64,성평 자연재해위험개선지구,658,내수침수,20210820,,,성평지구,,442302022008,14.0,3,논산천 계획홍수위 대비 저지대로 내수침수 위험,,0,,금강,1,논산시청 안전총괄과/ 지방시설주사보,,,001,51.0,,,,,논산시청 안전총괄과,-1,논산시청 안전총괄과/ 지방시설주사보,0,,20210820,2021,2024/04/11 14:44:11.000000000,,2,2,,논산시 은진면 성평3리
4680031032,,침수위험,지방2급하천,0.0,4680031000,,00,,0.0,20151104,용산면,0.0,0.0,N,0.0,원등천,1,하천이 협소하여 호우시 취락지역 피해발생,20060224,,국토교통부,원등지구,0.0,468002006006,0.0,,호우시 하천이 범람하여 피해발생,,0,전라남도 장흥군 용산면 덕암지천길  65    ,,4,건설과 과장,0.0,0.0,001,0.0,,,20101230,재해위험지구 정비사업에 따른 재해위험해소,,013,건설과 재난관리담당,, ,,,2015/11/04 17:11:32.000000000, ,2,,005,덕암이장
4723033024,,,지방2급하천,,4723000000,,02,4723033024107670001061780     ,257301.0,20200724,안전재난하천과 시설7급 ,184.0,102.0,Y,1.0,용호천,768,"하폭 협소하고 제방이 낮음, 교량 및 우수관로 통수단면 부족",20200724,,,효정지구,,472302020014,,2,"하폭 협소하고 제방이 낮음, 교량 및 우수관로 통수단면 부족",,0,마을회관,낙동강,2,안전재난하천과 시설5급,5.0,61.0,001,48.0,,,,,영천시청,013,안전재난하천과 시설7급 ,0,마을회관,,,2024/04/09 15:04:46.000000000,용호천 기본계획,1,3,,
2629010600,,,,0.0,2629000000,,,,35000.0,20100325,,,450.0,N,,대연동 송선마을,1022,"'06.7.10. 태풍 ""에위니아"" 내습 시가지 침수 1.5㏊
'09.7.16. 집중호우(266.5㎜) 시가지 침수 3.5㏊",20100707,,행정안전부,대연동 송선마을 ,,262902020011,,19,침수,,0,,기타,4,,,,001,150.0,,,20160719,"침수해소공사 추진(펌프장 설치1식, 하수암거, 관매설, 저류암거 설치)
송선마을 주택재개발사업 추진
",,-1,,0,,,2010,,,1,,001,
4873034021,5.0,,지방2급하천,0.0,4873000000,,02,,5000.0,,행정6급,,50.0,N,3.0,부목천,991,2022. 7 지정예정,20220511,20110420,,대산,0.0,487302021017,42850.0,2,침수위험,,0,,낙동강,1,시설5급,,,001,30.0,0.0,10.0,,해당없음,함안군 안전총괄과,013,시설7급,0,,20151230,,2021/12/23 18:07:42.000000000,소하천정비 종합계획,2,,,
4480032029,,,기타,,4480000000,,,,1047950.0,,안전관리과 시설7,102.0,88.0,N,,하천정비,675,"하천 수위상승 및 내수배제 불량으로 집중호우 시 지류 소하천의 통수 지체현상이 발생하여 주변 주택, 축사, 농경지 등 시설물 침수피해 위험",20230330,,,장성,,448002024007,,19,"집중호우 시 하천 및 소하천 인접 저지대 주택, 축사, 농경지 등 침수 위험",,0,,기타,1,안전관리과 시설6,1.0,,001,53.0,,,,,홍성군청,050,안전관리과 시설7,0,,,2023,2024/09/12 17:22:18.000000000,,2,36,,마을이장
4413125038,,,지방2급하천,,4413000000,,02,4413125038101130003000002     ,929988.0,20230303,안전총괄과 시설7급,183.0,797.0,Y,1.58,맹곡천,113,집중호우 시 수위상승으로 인해 교량 붕괴 및 하천주변 주거지 및 농경지 침수피해 발생,20211129,20160701,,맹곡천,,441302021028,,7,집중호우 시 수위상승으로 인해 교량 붕괴 및 하천주변 주거지 및 농경지 침수피해 발생,,0,,삽교천,1,안전총괄과 과장,10.0,,001,,,,,,천안시 안전총괄과,013,안전총괄과 시설7급,0,,20191220,2023,2024/02/06 11:29:44.000000000,곡교천하천기본계획수립,2,6,,
4678025021,,,지방2급하천,,4678000000,,02,,215444.0,20220411,안전건설과 시설7급,,,,6.0,봉화,964,"인명보호 세대 1명, 건물 26동[시가지39.02ha(주거지 22.56ha)]",20220411,20180920,,봉화,1.0,467802022013,,5,18년도 태풍 “쁘라삐룬”시 제방월류 및 내수배제 불량으로 인한 시가지 및 농경지 침수,,0,,섬진강,1,안전건설과 행정5급,,,001,,,,,,보성군청,013,안전건설과 시설6급,0,,,2022,2024/09/20 07:59:36.000000000,,1,9,,
4374025024,,,기타,,4374000000,,,4374025024101140001000229     ,340000.0,,시설8급,,,,,화신지구,114,"상습적인 가뭄으로 화신리, 당곡리 일대 농경지 농업용수 부족으로 영농활동 제한에 따른 재산피해 발생 가능성 높음",20200106,,,화신지구,,437402022028,,3,해당지구 내 가뭄시 하천수가 고갈되어 용수공급이 어려움.,,0,,금강,1,시설6급,,,007,,,,,,,050,시설8급,0,,,,2023/04/26 09:35:16.000000000,영동군자연재해저감종합계획,3,1,,
4682033026,,,지방2급하천,0.0,4682000000,,,,44000.0,,해남군 안전교통과  지방시설주사보,,61.0,N,11.0,현산천,536,"노후 잠수교로 인한 홍수소통불량과 홍수위 상승으로 ‘11, ’12, ’15, ‘16년 등 상습적인 주택 및 농경지 침수피해와 선두골마을의 고립피해가 발생하는 지역임",20191015,,,현산천,,468202019010,,-1,"  - 현산천(지방하천) 새마을교로 인한 홍수소통불량 및 월류 위험 상존
  - 경간장 및 여유고가 부족한 노후된 잠수교로써 홍수시 수위 상승을 초래하여 주변 농경지의 자연배제가 곤란하여 침수피해 유발
  - 우안측 농로는 선두골마을(4가구 10명 거주) 진출입을 위한 유일한 도로이나 도로고가 낮아 홍수위 상승시 마을 고립피해 수시 발생",,0,,,3,해남군 안전교통과장,,,005,39.0,,,,,해남군,013,해남군 안전교통과  지방시설주사보,0,,20191015,,2022/10/27 20:16:51.000000000,,2,0,,현산면 읍호리장
4373038027,,,기타,,4373000000,,02,4373038027106940000032971     ,22834.0,20200203,옥천군 안전건설과 시설6급,130.0,59.0,Y,2.0,대청댐,694,"도로고가 낮아 침수위험
상습침수에 따른 시설물 파손 및 부식
침수발생시 우회도로가 없어 고립 발생",20200730,20060821,,보오,,437302020017,,3,"도로고가 낮아 침수위험
상습침수에 따른 시설물 파손 및 부식
침수발생시 우회도로가 없어 고립 발생",,0,,금강,2,옥천군 안전건설과 시설6급,1.0,40.0,004,31.0,,,,,옥천군,050,옥천군 안전건설과 시설6급,0,,20040710,2020,2024/04/08 15:56:55.000000000,옥천군 소하천정비종합계획,1,0,,보오리장
4373025033,,,지방1급하천,,4373000000,,02,,312000.0,20200423,옥천군 안전건설과 시설6급,,,Y,1.12,금구천,341,"상습침수에 따른 시설물 파손 및 부식
통수단면이 부족하여 하천범람의 위협이 있으나, 하천폭 확장이 불가한 지역",20200929,20060821,,금구,,437302020018,,3,"상습침수에 따른 시설물 파손 및 부식
통수단면이 부족하여 하천범람의 위험이 있으나, 하천폭 확장이 불가한 지역",,0,,금강,2,옥천군 안전건설과 시설6급,,,001,,,,,,옥천군,012,옥천군 안전건설과 시설6급,0,,,2020,2023/04/20 14:35:09.000000000,금구천 하천기본계획,1,1,,
4413110800,,,지방2급하천,,4413110800,,02,4413110800102890001034064     ,98041.0,20230811,시설7급,,,,,삼룡천,289,삼룡천 수위 상승시 하천시설 통수능 부족으로 집중호우시 침수피해 발생,20201211,,,삼룡천,,441302021022,,7,삼룡천 수위 상승시 하천시설 통수능 부족으로 집중호우시 침수피해 발생,,0,,삽교천,2,행정5급,,,001,,,,,,천안시 하천과,013,시설7급,0,,20160701,2023,2024/04/08 10:10:53.000000000,,1,1,,
4873025031,,침수위험,기타,0.0,4873000000,,02,,40760.0,,안전총괄과 시설6급 최익준,,20.0,N,1.0,유수지,212,"이곡지구는 함안천(국가하천) 계획홍수위에 비해 지반고가 낮아 함안천 수위상승 시 자연방류가 어려워 도로, 산업지역, 주택지역이 매년 우수기 시 내수침수가 반복되는 실정",20210329,20110420,,이곡지구,,487302021015,0.0,2,계획홍수위에 비해 지반고가 낮아 침수위험이 있음,,0,,낙동강,1,안전총괄과 최익준,10.0,108.0,001,7.0,,,,,함안군,050,안전총괄과 최익준,0,,,2021,2024/10/01 14:11:34.000000000,,1,4,,이곡이장
2771025024,,,국가하천,,2771000000,,02,,112546.0,20211213,화원읍사무소,,1945.0,Y,,화원 설화성산지구 자연재해위험개선지구,1002,침수위험,20211215,20130430,,설화성산지구,,277102021007,,2,"   - 성산소하천 복개구간 및 하도의 통수능력 부족으로 일부구간이 범람되어 주거지 및 농경지 등 침수 발생
   - 복개구간 수위상승으로 우수관거 및 맨홀의 월류 발생
   - 기존 우수관거 및 배수펌프장의 용량 부족에 따른 내수침수 발생",,0,,낙동강,2,안전하천과 시설5급,1.0,,001,778.0,,,,,화원읍사무소,011,안전하천과 시설7급,0,,20150430,2021,2024/11/06 14:00:38.000000000,풍수해저감종합계획,1,,,설화1리이장
4882025032,3.0,,지방관리,,4882000000,,02,,321089.0,20220802,안전관리과장,245.0,160.0,,1.09,상촌소하천,1,"
-상촌소하천 제당 여유고 및 하폭 부족으로 하천 월류에 의한 주거지 및 농경지 침수가 반복적으로 발생
- 매년 배수시설 능력부족으로 내수배제 불량에 따른 침수피해 발생
",20220802,,,상촌,,488202021009,33438.0,019,"상촌천(소하천) 하폭 및 제방고 부족으로 인한 홍수시 하천 범람 및 상촌천 계획홍수위 대비 지반고가 약 1~2m 낮은 저지대로, 외수위 상승시 내수배제 불량으로 침수피해 발생",,0,,기타,1,안전관리과 자연재난담당,1.0,50.0,001,69.0,0.0,5.0,,,고성군청,010,안전관리과 자연재난담당자,0,,,2022,2024/04/12 18:05:07.000000000,,1,19,,평계이장
4784033042,,,지방2급하천,,4784000000,,02,,26992.0,,성주군 시설7급 박인준,,329.0,N,,"윤동교, 사창교",450,"지방하천 대가천 하류구간 내 윤동교, 사창교의 계획홍수량 대비 시설물 능력부족으로 집중호우시 통수단면적 잠식으로 교량의 유실, 파손, 제방 및 호안 등이 유실될 위험 상존",20210927,,,윤동사창,,478402022015,,2,교량 시설물 노후화(D등급),,0,,낙동강,2,안전과 시설5급,,,005,184.0,,,,,성주군,013,안전과 시설7급,0,,,2021,2023/04/27 15:20:35.000000000,,2,2,,
5172025024,,,지방관리,0.0,5172000000,,02,,828750.0,20230406,재난안전과 시설9급,,523.0,N,20.4,우수배제시설 및 우수관로 ,519,홍천강 수위상승으로 인한  하천범람 및 내수배제 불량에 의한 인명피해 및 건축물 침수 위험,20230406,20121108,,갈마지구,0.0,427202023022,9589.0,1,"- 내수배제 불량으로 인한 침수가 발생이 예상되고 토지이용 고밀도 지역으로 재해취약인구 매우 많아 인명 및 재산(건축물 등)의 침수피해가 예상되는 지역
- 우수관거 통수능 부족, 병목구간, 선형불량으로 인한 침수 예상",,0,,한강,1,재난안전과장,4.0,125.0,001,159.0,,,,,홍천군,010,재난안전과 시설8급,0,,20220422,2023,2024/04/21 19:02:33.000000000,,1,4,,
4681038030,,,군천,,4681000000,,,4681038030106170000402309     ,1422739.0,,안전재난교통과 시설7급,,74.0,Y,,발천천,617,"발천소하천, 중고소하천의 하폭 및 제방고 부족 및 내수배제 불량에 따른 상습침수발생지역으로 인명 및 재산피해 위험",20240329,,,발천지구,,468102024014,,019,주거지 및 농경지 침수,,0,발천마을회관,기타,1,안전재난교통과 행정5급,,,001,59.0,,,,,안전재난교통과,042,안전재난교통과 시설7급,0,발천마을회관,20180724,,2024/04/19 15:54:56.000000000,강진군소하천정비종합계획,1,0,,
2723010600,,,기타,0.0,2723000000,,02,,118330.0,20191231,대구광역시 북구 안전총괄과,159.0,2842.0,Y,1.0,침산산격지구,1208,"국가하천 금호강 배수영향으로 지구내 외수범람 및 내수배제 불량, 빗물펌프장 노후화로 시가지 및 산업단지 침수",20191231,20160901,,침산산격지구,,272302020011,0.0,19,"국가하천 금호강 배수영향으로 지구내 외수범람 및 내수배제 불량, 빗물펌프장 노후화로 시가지 및 산업단지 침수",,0,번지,기타,2,대구광역시 자연재난과 시설5급,5.0,71.0,001,1136.0,,,,,대구광역시 북구청,050,대구광역시 자연재난과 시설6급,0,번지,20160901,2019,2024/04/27 18:04:17.000000000,대구광역시풍수해저감종합계획,2,,,
4889025023,,하천범람 및 침수,지방2급하천,,4889000000,,00,,63700.0,,안전총괄과 방재담당,,170.0,N,,합천 풍수해생활권 종합정비,682,"합천천(지방하천)과 황강(국가하천) 합류지점으로 황강 수위상승 시 자연방류가 어려워 도로, 농경지, 주택지역이 매년 우수기 시 내수침수가 반복되는 실정",20191205,,,합천 풍수해생활권,,488902020019,,-1,"황강 수위상승 시 자연방류가 어려워 도로, 농경지, 주택지역이 매년 우수기 시 내수침수가 반복되는 실정",,0,,,1,안전총괄과장,,,001,45.0,,,,,합천군,013,안전총괄과 지방시설주사보,0,,,,2024/04/08 15:15:48.000000000,,1,9,,합천읍 환경개발담당 시설7급
4831031024,,,기타,,4831000000,,02,4831031024107080000031127     ,17098.0,,시민안전과 시설 7급,322.0,,,,항만시설,708,해일위험에 따른 저지대 침수 피해,20191230,,,지세포지구,,483102020017,,-1,해일위험에 따른 저지대 침수 피해,,0,,,1,시민안전과 시설 6급,5.0,103.0,006,,,,,,거제시 시민안전과,050,시민안전과 시설 7급,0,,,,2024/09/20 14:32:17.000000000,,2,0,,지세포마을 이장
5115025021,,내수배제,군천,,5115000000,,,4215025021108290143034300     ,33571.0,20210923,건설과장,,,,,우암천,829,"우암천 통수단면, 제방 여유고 부족에 따른 하천 범람 위험 및 우암천 외수위 영향에 따른 내수 배제불량으로 인한 저지대 침수 위험",20210923,,,우암,,421502021028,,19,"우암천 통수단면, 제방 여유고 부족에 따른 하천 범람 위험 및 우암천 외수위 영향에 따른 내수 배제불량으로 인한 저지대 침수 위험",,0,,기타,2,건설과 하천관리담당,,,001,,,,,,,042,건설과 주무관 ,0,,20210923,2021,2024/04/22 08:49:19.000000000,,1,143,,
4711335035,,유실및침수,지방2급하천,,4711000000,,,,122446.0,,시설5급,,66.0,,,현내천,78,"하천 제방 월류, 유실, 범람 등에 의한 피해 발생",20211028,,,현내지구,,471102021014,,2,"현내지구는 200년 강우빈도를 상회하는 강우로 인해 홍수위 및 유속 증가로 포항시 죽장면 현내리 ~ 봉계리 일원의 제방 월류, 유실, 범람, 교량 손실 등의 피해 발생",,0,,낙동강,1,시설6급,,122.0,001,33.0,,,,,포항시,013,시설7급,0,(봉계리157),,2021,2022/05/04 09:28:52.000000000,,2,,,
4165025027,,,지방관리,,4165000000,,02,4165025027102280002015220     ,1089315.0,,소흘읍 시설7,346.0,1210.0,,,포천지구,228,하천 월류 및 우수관로 통수단면 부족에 따른 인명 및 재산피해 위험,20210917,,,포천지구,,416502022009,,1,하천 월류 및 우수관로 배수불량,,0,,한강,3,건설하천과 하천시설팀장,2.0,52.0,001,486.0,,,,,포천시청,010,건설하천과 시설7,0,,20130417,2021,2024/09/12 09:38:43.000000000,,1,2,,
5218044024,,,,,5218000000,,,,133000.0,,시설8급,,,,,동곡지구,489,침수위험지구,20210622,,,동곡지구,,451802022013,,8,침수위험지구,,0,,동진강,1,시설6급,,,001,,,,,,정읍시청,-1,시설8급,0,,,,2024/04/21 21:37:42.000000000,,1,,,
4680032031,,,군도,0.0,4680032000,,00,,0.0,20151104,안앙면,0.0,0.0,N,0.0,군도,41,"해일(폭풍, 지진)",19960617,,행정안전부,수문지구,0.0,468002009010,0.0,,"해일(폭풍, 지진)",,0,전라남도 장흥군 안양면 수문용곡로  256-11   ,,4,건설과 과장,0.0,0.0,001,0.0,,,20060224,,,004,건설과 재난관리담당,, ,,,2015/11/04 17:13:17.000000000, ,3,,001,수문이장
3020011200,,,기타,0.0,3020000000,,01,3020011200104310030000001     ,5100.0,20230608,건설과 시설7급 윤종선,163.0,2.0,Y,,하수도,431,집중호우 시 납골당(녹야원)에서 유성천으로 유출되는 배수관 통수능 부족으로 침수피해 위험 상존,20230608,20240628,,구암2 자연재해위험개선지구,0.0,302002023001,2.0,-1,"- 집중호우 시 산지부에서 발원된 2개의 계류부가 만나 납골당(녹야원)지점의 우수관로로 연결되어 유출되고 있으나, 우수관로의 통수단면 부족과 토사 및 유송잡물 등이 유입되어 침수피해 발생
- 주민탐문조사시 현재 우수관로 규격이 작아 매년 호우시 우수가 범람하고 있는 상황임(2018, 2020년 침수발생)",,0,,,1,건설과장 시설5급 노재창,2.0,,001,1.0,,,,,유성구청 건설과,050,재난안전과 시설6급 이재춘,0,,20230728,2023,2024/10/30 10:12:07.000000000,대전광역시 자연재해저감 종합계획,2,30,,
4476032024,,,지방2급하천,2.0,4476000000,,02,,508098.0,20221124,부여군 안전총괄과,,181.0,Y,1.9,은산천,161,"2022년 8월 집중호우로 인하여 하천시설물 노후 및 통수단면 부족에 따라 제방호안, 유실붕괴, 시설하우스 및 가옥 침수 발생",20230406,,,은산,0.0,447602023004,20.0,3,하천시설물 노후 및 통수단면 부족에 따라 침수 발생 위험,,0,,금강,2,안전총괄과장,,,001,95.0,,,,,안전총괄과,013,안전총괄과 시설7급,0,,20201201,2022,2024/08/16 11:33:56.000000000,충청남도 지방하천 정비사업 종합계획,1,2,,
4711125333,,,지방관리,,4711125333,,,,60624.0,,생태하천과 시설9,225.0,329.0,Y,,우복천,284,"○ 10년 내 피해이력(4회)이 있고, 대규모 피해가 발생하였으며 집중호우 및 태풍 내습 시 지속적인 대규모 피해 잠재성이 있는 지역",20230421,,,우복지구,,471112023010,,10,"○ 구간 내 14개의 교량이 형하여유고 및 경간장 부족으로 하천범람을 가중시키고 있으며, 교량 하부에 유송잡물 집접에 의한 통수단면 저감이 발생",,0,,형산강,1,안전총괄과 시설6,1.0,53.0,001,155.0,,,,,포항시,010,안전총괄과 시설7,0,,20220708,2023,2024/01/31 15:49:59.000000000,포항시 소하천정비종합계획,1,1,,
5221010300,,,기타,0.0,5221000000,,00,4521010300102440001056204     ,281900.0,20200117,지방시설6급,,,N,5.0,자연재해위험개선지구,246,위험지구정비를 통한 농경지 보호,20200117,20130725,,여수해,,452102020013,,8,외수위 상승으로 내수배제 불량으로 오정동 704-2번지 일원 및 인근 제내지 농경지 상습적인 침수피해 발생,,0,오정동 704-2번지,동진강,1,지방시설6급,,,001,,,,,,김제시청 안전재난과,050,지방시설6급,0,오정동 704-2번지,,,2024/12/02 15:57:26.000000000,,3,0,,
4887040024,5.0,,지방1급하천,,4887000000,,02,4887040024108860001025773     ,481800.0,20211104,함양군 병곡면 시설 7급,250.0,173.0,Y,1.14,가촌,886,"집중호우 및 태풍 내습시 제방고 및 하천하폭 부족으로 하천범람과 우수배제 불량에 따른 주거지 및 농경지 피해 발생 되어 재해위험지구 지정을 통해
체계적인 정비,관리 필요",20220811,20170319,,가촌,,488702021017,86000.0,019,"침수피해 발생
마을주민 고립 위험 등",,0,,기타,1,함양군 안전도시과 시설5급,2.0,,001,72.0,0.0,10.0,20261231,,함양군,012,함양군 안전도시과 시설 7급,0,,20220830,2022,2024/04/15 08:59:17.000000000,위천하천기본계획,1,1,,
4873025021,,,국가관리,,4873000000,,,,440000.0,2005    ,안전총괄과,,70.0,,,말산배수장,1,침수위험,20010130,,행정안전부,가야,,487302021016,,-1,침수위험,,0,,,4,행정5급,,,001,50.0,,,20050115,공사왼료,함안군,009,시설7급,0,,,2001,,,2,,001,
3111011800,,,기타,,3111000000,,02,3111011800104010026025336     ,116343.0,,건설과 시설7급,266.0,17098.0,Y,,내황 자연재해위험개선,401,태풍 및 집중호우 시 저지대 침수로 피해예방,20210809,20140428,,내황지구,,311102021013,,19,하천변 저지대에 위치하여 외수위 상승시 내수배제 불량에 따른 침수피해발생,,0,,기타,1,건설과 시설5급,2016.0,104.0,001,7882.0,,,,,울산광역시 중구청,050,건설과 시설7급,0,,20210615,,2024/09/27 15:46:02.000000000,내황 자연재해위험개선지구 지정 타당성조사 및 기본계획용역,2,26,,
4790040027,,침수위험지구,기타,,4790000000,,02,4790040027103490001017130     ,37960.0,,지보면/지방시설주사,174.0,40.0,Y,2.0,느티바우천,335,미개수 소하천의 통수능력 부족에 의한 시가지 및 농경지 침수 위험,20210923,20160527,,느티바우지구,,479002021019,,2,침수 위험,,0,,낙동강,1,안전재난과장,5.0,47.0,001,11.0,,,,,,050,안전재난과/지방시설서기,0,,20210923,,2024/09/24 15:38:50.000000000,느티바우 재해위험개선지구 정비,1,1,,
5221042025,,,기타,,5221000000,,,,526000.0,,안전재난과 시설7급,,240.0,,,당월천(소하천),601,제방 붕괴 및 침수 우려로 정비사업 필요,20100511,,,당월2,,452102023015,,19,침수위험,,0,,기타,1,,,,001,80.0,,,,,,050,,0,,,,2024/04/17 15:31:29.000000000,,1,19,,
5280038022,,,기타,,5280000000,,02,,881802.0,,재난예방담당,,195.0,Y,,하천 및 펌프장,69,"? 중복천 하도통수단면 부족으로 우천시 월류 위험
? 원천, 대수 배수펌프장 용량 부족에 따른 내수배제불량, 상습 침수 발생",20230330,20181231,,중복,,458002023018,,8,"? 중복천 하도통수단면 부족으로 우천시 월류 위험
? 원천, 대수 배수펌프장 용량 부족에 따른 내수배제불량, 상습 침수 발생",,0,,동진강,1,안전총괄과장,,,001,95.0,,,,,,050,재난예방팀장,0,,20121109,,2024/11/18 13:08:38.000000000,하천기본계획,1,10,,
5175038025,,,지방관리,,5175000000,,,,10944.0,,건설과 시설6급,,,,,두산지구,157,"- 지방하천 주천강에 위치한 잠수교(주천 무명4교)는 2020년, 2021년, 2022년 집중호우시 하천수위 상승으로 침수되어 통행 단절 등 고립 피해 발생",20230412,,,두산지구,,427502023025,,-1,집중호우 시 하천수위상승으로 교량침수,,0,,전체,1,건설과장,,,004,,,,,,,010,건설과 시설7급,0,,,2023,2024/10/11 09:23:32.000000000,,1,1,,
4315025033,,,기타,,4315000000,,02,,112000.0,20220415,안전정책과 시설7급,200.0,222.0,Y,0.19,음마곡천,1350,"하천 미정비 및 제방여유고 부족, 하천시설물 노후 등으로 주거지 및 농경지 침수피해가 발생할 우려가 있는 지역을 체계적으로 정비·관리하기 위함",20220415,20061013,,음마곡,,431502022014,,1,"하천 미정비 및 제방여유고 부족, 하천시설물 노후",,0,,한강,1,안전정책과 시설5급,5.0,40.0,001,104.0,,,,,제천시청,050,안전정책과 시설7급,0,,20181214,2022,2024/09/23 17:24:12.000000000,소하천기본계획,1,8,,마곡리장
4782033033,,,지방2급하천,,4782000000,,02,,421897.0,20230324,안전총괄과 지방시설주사보,,60.0,Y,,청도천,1143,각북지구(청도천) 주변지역 침수위험,20230331,,,각북지구,,478202023017,,2,침수위험,,0,,낙동강,1,안전총괄과 과장,,,001,25.0,,,,,,013,안전총괄과 지방시설주사보,0,,20220602,2023,2024/09/23 17:24:28.000000000,하천기본계획,2,1,,
4420041024,,,지방2급하천,,4420000000,,02,,231707.0,20230518,안전총괄과,253.0,41.0,,1.44,황산지구,410,"지방하천 황산천 및 오목천 미정비로 하폭 및 통수단면 부족
(인명보호 18세대 41명, 건물보호 42동, 시가지 11.1ha, 농경지 23.03ha)",20230518,20161215,,황산지구,,442002023017,205101.0,19,"2020.8.3. 집중호우시 건물3동, 농경지 5.93ha 침수피해 발생",,0,,기타,1,안전총괄과 지방시설주사,20.0,88.0,001,18.0,,,,,생태하천과,013,안전총괄과 지방시설주사보,0,,,2023,2024/09/12 11:07:41.000000000,,2,16,,
5183035039,,,지방지정,,5183000000,,02,4283035039100190007019549     ,433005.0,,안전교통과 시설5급,,211.0,Y,1.0,낙산 침수위험지구,7,"낙산지구 내 침수, 유실 등 재해예방",20230915,,,낙산지구,2.0,518302024020,,17,"집중호우 및 태풍 발생시 지방하천 포월천, 주청천 수위상승에 따른 내수배제 불가, 주거 및 상기 지역 침수위험",,0,,양양남대천,1,안전교통과 전기운영6급,,,001,111.0,,,,,양양군청,034,안전교통과 시설8급,0,,,2023,2024/04/30 16:19:33.000000000,포월천 하천기본계획,2,8,,
4481025024,,지방하천,지방2급하천,,4481000000,,02,,255000.0,20181129,안전관리과 시설7,100.0,1708.0,Y,,예산천,301,하천통수단면 부족,20181129,,,예산천지구,,448102019016,,7,하천단면부족으로 제방월류 및 저지대 침수,,0,,삽교천,2,안전관리과 복구지원팀장,2.0,50.0,001,781.0,,,,,예산군 안전관리과,013,안전관리과 시설6,0,,20130722,,2024/04/13 16:06:57.000000000,지방하천 기본계획,2,,,
2917012800,,우수관거,지방관리,,2917000000,,02,2917012800102980001030088     ,66170.0,,광주광역시 북구청 건설과 지방시설서기,,,,,양산지구 우수관로,298,"집중호우로 인한 재산 및 인명 피해 우려, 우수관거 통수 단면적 부족으로 인한 내수 배제 불량",20190102,20140225,,양산지구,,291702019006,,-1,우수관거,,0,,,4,광주광역시 북구청 안전총괄과 지방행정주사,,,001,,,,,,광주광역시 북구청 건설과,010,광주광역시 북구청 안전총괄과 지방시설서기,0,,,,2022/02/22 15:18:14.000000000,,3,1,,
4887033024,,,지방2급하천,,4887000000,,02,,506113.0,20190131,유림면 시설8급,350.0,75.0,Y,1.82,화촌지구,240,침수위험지구,20230323,20170319,,화촌지구,,488702019013,50000.0,19,국가하천 엄천강 수위상승으로 인하여 지방하천 내수배재 불량으로 장항마을 웃담 및 주변농경지 침수,,0,,기타,2,안전도시과 시설5급,5.0,25.0,001,47.0,,,,,함양군,013,안전도시과 시설7급,0,,20220210,2023,2024/04/15 09:08:15.000000000,화촌천하천기본계획,1,,,화촌마을이장
5274032027,,단면부족,지방2급하천,0.0,5274032000,,00,,2000.0,20151030,번암면장,90.0,49.0,N,0.0,백운천,654,미개수하천으로 집중호우 발생시 재해위험 상존,20010202,,행정안전부,지지,0.0,457402004006,0.0,5,제방단면 부족으로 집중호우시 하천이 범람되어 상습침수 피해가 빈발하는 지구이고 제방고및 하천폭아 협소하여 농경지유실 및 인가피해발생,,0, [지점번호:라마03982658],섬진강,4,안전재난과 시설5급,0.0,55.0,001,28.0,,,20160718,위험지구정비완료,장수군청,013,안전재난과 시설6급,0,,,,2018/10/17 10:37:47.000000000,,2,1,001,장수군 번암면 죽림
5274033523,,하천,지방2급하천,0.0,5274033500,,00,,4600.0,20151030,장계면장,90.0,52.0,N,0.0,라치천,433,"기본하폭 협소로 인한 재해위험요인상존, 집중호우로인한 농경지침수",20060406,,행정안전부,무농,0.0,457402006001,0.0,3,제방단면 부족으로 집중호우시 하천이 범람되어 상습침수 피해가 빈발하는 지구이고 제방고및 하천폭이 혐소하여 농경지유실및 인가피해발생,,0, [지점번호:라마06894922],금강,4,재난안전과 시설5급,3.0,55.0,001,23.0,,,20130715,위험지구 정비완료,장수군청,013,재난안전과 시설6급,0,,,,2018/10/17 10:42:47.000000000,,1,4,001,마을리장
5274025024,,단면부족,지방2급하천,0.0,5274025000,,00,,2000.0,20151030,장수읍장,80.0,58.0,N,0.0,장수천,1934,미개수하천으로 하천폭 부족으로 인한 호우 발생시 재해위험 상존,20080103,,행정안전부,노곡,0.0,457402009007,0.0,3,하천폭의 제방단면부족으로 인한 범람 발생 가능성 상존,,0, [지점번호:라마02983943],금강,4,안전재난과 시설5급,10.0,50.0,001,21.0,,,20160718,위험지구정비완료,안전재난과,013,안전재난과 시설6급,0,,,,2018/10/17 10:44:29.000000000,,1,,001,노곡리 이장
4128112700,,배수펌프장,지방2급하천,0.0,4128161000,,02,,43000.0,20151030,고양시 재난대응담당관 시설7급,127.0,270.0,N,1.0,신평배수펌프장,25,펌프장 능력부족으로 인한 침수,20131105,20061212,,신평배수펌프장지구,0.0,412812013003,224153.0,1,배수펌프장 노후화 및 능력부족으로 인한 하천 수위 상승에 따른 하천변 저지대 농경지 침수위험 상존,,0,경기도 고양시 덕양구  신평길  107   (신평동),한강,4,고양시 재난대응담당관 시설5급,5.0,0.0,001,73.0,,,20240409,정비사업완료에 따른 위험요인 해소,고양시 재난대응담당관,013,고양시 재난대응담당관 시설7급,0,,,,2024/04/17 16:19:48.000000000,고양시 소하천정비종합계획 수립,3,2,,
3117010100,,절개지,시도,,3117051000,,,,,,,0.0,,,,방어진순환도로 절개지,1255,낙석 및 토사유출,20031028,,국토교통부,방어진,,311702006001,,19,낙석 및 토사유출,,0, [지점번호:마마72132630],기타,4,울산광역시 종합건설본부,0.0,0.0,002,,,,20060508,정비완료,종합건설본부,003,울산광역시 종합건설본부,, ,,,2013/06/14 09:37:41.000000000,,3,,005,
3120012400,,,시도,0.0,3120058000,염포로,00,,0.0,20151026,종합건설본부,0.0,0.0,N,0.0,배수로,598,집중호우로 인하여 상습적인 도로침수,20060310,,국토교통부,양정,0.0,312002000001,0.0,,도로침수로 교통사고 발생위험,,0, ,,4,북구청 건설과,0.0,0.0,001,0.0,,,20110328,,시 종합건설본부,003,북구청 건설과,,염포로,,,2015/10/26 19:40:08.000000000, ,1,,005,
4131010600,,내수침수,지방관리,0.0,4131054100,,00,,0.0,20151102,시설7급,0.0,0.0,N,0.0,"펌프장, 유입수로",110,집중호우시 상습침수피해 발생,20010130,,행정안전부,아천지구,0.0,413102011001,0.0,1,집중호우시 펌프장 및 유입수로 시설 협소로 우수배제 어려움 ,,0, [지점번호:다사66755261],한강,4,시설6급,0.0,0.0,001,0.0,,,20050112,침수피해요인 해소,구리시청,010,시설7급,, ,,,2015/11/03 14:17:25.000000000, ,3,4,001,
3120012200,,산사태위험지,사유림,0.0,3120056000,,00,,0.0,20151026,농림수산과 임업7급,0.0,0.0,N,0.0,성은아파트,282,사면슬라이딩 현상이 심각하게 진행되고 있음,20030612,,산림청,성은아파트,0.0,312002004001,0.0,,사면 LAND SILDING발생,,0, ,,4,울산광역시 북구청 건설과,0.0,0.0,002,0.0,,,20060320,정비사업완료에따른 재해위험지구 해제,울산광역시 북구청,016,울산광역시 북구청 건설과,, ,,,2015/10/26 19:38:50.000000000, ,3,1,004,
3120012300,,상습침수위험,국도,0.0,3120056000,,00,,0.0,20151026,울산광역시 종합건설본부,0.0,0.0,N,0.0,효문동일원(7호국도변),1,기존 배수로는 배수처리가 되지 않아 상습침수,20030410,,국토교통부,"효문,연암",0.0,312002004002,0.0,,도로침수 및 교통두절,,0, [지점번호:마마71023213],,4,울산광역시 북구 건설과,0.0,0.0,001,0.0,,,20050801,재해위험지구 해소사업인 배수관부설사업 완료,울산광역시 종합건설본부,001,울산광역시 북구 건설과,, ,,,2015/10/26 19:36:19.000000000, ,2,,005,
4775033033,,,지방2급하천,,4775033000,,,,,,건설재난관리과 시설,,,,,제방,1,침수위험지구,20100528,,행정안전부,창양(눌인천),,477502010007,,2,침수위험,,0, [지점번호:마바36521279],낙동강,4,,,,001,,,,20121231,정비사업완료,,013,건설재난관리과 시설,, ,,,2013/05/31 09:10:14.000000000,,2,,001,
2629010900,,,사유림,0.0,2629000000,,01,2629010900107210000018308     ,202144.0,20220629,남구청 건설과 시설7급,,,N,,문현지구 자연재해위험개선지구,721,동천 외수위 상승에 의한 내수배제 불량으로 상습침수 발생,20220629,,,문현지구,0.0,262902022016,,-1,동천 외수위 상승에 의한 내수배제 불량으로 상습침수 발생,,0,동천변 일원,,2,남구청 안전총괄과 시설6급,2.0,,001,,,,,,건설과,016,남구청 안전총괄과 시설7급,0,동천변 일원,20220629,2022,2024/09/19 14:34:33.000000000,,2,0,,
4713011600,,,지방2급하천,,4713000000,,02,4713011600100700001026430     ,916989.0,20230331,선도동 주무관,245.0,160.0,N,2.28,대천,70,"하천범람, 내수배제불량으로 인한 인명 및 재산피해발생우려",20230331,20180731,,솟티지구,,471302023023,99344.0,10,대천의 외수위 상승으로 인한 내수배제 불량,,0,,형산강,1,안전정책과 자연재난팀장,3.0,17.0,001,64.0,,,,,경주시청,013,안전정책과 주무관,0,,20160121,2023,2023/04/13 10:35:40.000000000,대천 하천기본계획,1,1,,
5221035029,,,지방1급하천,,5221000000,,,,284000.0,,안전재난과 시설7급,,,,,마산천(지방하천),466,침수위험,20230223,,,마산1,,452102023016,,019,침수위험,,0,,기타,1,안전재난과 시설6급,,,001,,,,,,,012,안전재난과 시설7급,0,,,,2024/09/20 17:51:05.000000000,,2,32,,
4711125028,,,지방관리,0.0,4711125028,,00,,106156.0,,생태하천과 시설9,225.0,310.0,Y,,병포천,686,"○ 10년 내 피해이력(3회)이 있고, 대규모 피해발생가 발생하였으며 집중호우 및 태풍 내습 시 지속적인 대규모 피해 잠재성이 있는 지역",20230421,,,병포지구,0.0,471112023012,,19,"○ 하도의 통수단면적 부족 및 호안의 노후화 등으로 제방붕괴와 호안 유실에 의한 주거지, 농경지 및 도로 침수",,0,,기타,1,안전총괄과 시설6,1.0,53.0,001,120.0,,,,,포항시,010,안전총괄과 시설7,0,,20200401,2023,2023/09/08 14:05:33.000000000,소하천정비종합계획 2차,1,9,,
5213013600,,,,,5213000000,,02,4513013600106090117002846     ,206789.0,,,,,,,신풍지구,609,집중호우시 경포천 배수펌프장 노후화 및 능력부족으로 하천범람 발생에 따라 본류 수위상승시 내수배제 불량으로 내수침수 피해발생,20240521,,,신풍,,521302024018,,-1,집중호우시 경포천 배수펌프장 노후화 및 능력부족으로 하천범람 발생에 따라 본류 수위상승시 내수배제 불량으로 내수침수 피해발생,,0,,,1,안전총괄과장,,,001,,,,,,군산시청,-1,안전총괄과시설7급,0,,,,2024/05/28 16:39:03.000000000,,1,117,,
4824032021,5.0,,지방관리,,4824000000,,,,45000.0,,사남면행정복지센터,,,,,사천강,1606,침수위험,20220801,,,화전,,482402021028,,-1,침수위험,,0,,,1,재난안전과,,,001,,0.0,10.0,,,,010,재난안전과,0,,,,2024/03/22 12:12:08.000000000,,2,48,,
3611036026,3.0,,지방관리,,3611000000,,02,,341102.0,20230420,자연재난과,1265.0,78.0,Y,1.02,하천,226,"월하지구는 계획홍수위보다 낮은 저지대 지역(내수 자연배제 불량)및 월류 위험(외수침수), 배수시설 불량(내수침수) 등으로 인한 복합적인 상습침수지역임",20230420,20130107,,월하,,361102023011,,3,"월하지구는 계획홍수위보다 낮은 저지대 지역(내수 자연배제 불량)이거나 월류위험(외수침수), 배수시설 불양(내수침수) 등으로 인한 복합적인 상습침수지역임
 2022년 8월 10일 일강우량 216mm의 집중호우시에도 월하지구는 하폭이 좁고 제방고가 낮아 하천범람으로 인한 피해가 발생하였으므로 인접한 마을주거지(쌍류 보건진료소, 농촌체험 휴양마을 등)
침수 및 주민 인명피해 우려가 매우 높음",,0,,금강,1,재난관리과장,19.0,385.0,001,26.0,0.0,10.0,,,,010,자연재난과,0,,20211124,2023,2023/04/24 15:54:56.000000000,자연재해저감 종합계획,2,2,,
2635010600,,,기타,,2635000000,,02,,50535.0,20240308,,,410.0,N,0.79,중동1지구,591,태풍 등 고파랑 내습 시 도로호안 마루높이 부족으로 월파피해,20240306,20160415,,중동1지구,12.0,263502024008,,19,태풍 등 고파랑 ,,0,,기타,1,재난안전과 점검복구팀장,,,006,39.0,,,,,해운대구청,050,재난안전과 시설7급,0,,20240306,2024,2024/03/07 17:54:03.000000000,,1,15,,
5180033027,,,지방2급하천,,5180000000,,02,,565800.0,20240328,양구군 건설과 방재시설팀,,24.0,Y,2.03,수입3지구,1121,제방고 및 교량저면이 계획홍수위보다 낮아 집중호우시 침수로 인한 재산 및 인명피해 우려,20240328,20110101,,수입3지구,1.0,518002024022,,1,침수로 인한 재산 및 인명피해 우려,,0,,한강,1,양구군 건설과 방재시설팀,,,001,50.0,,,,,,013,양구군 건설과 방재시설팀,0,,20100101,2024,2024/09/24 17:40:41.000000000,하천기본계획,1,,,송현2리 이장
5273033028,,,지방2급하천,,5273000000,,,,309825.0,20230925,환경과 지방시설 7급,,,Y,1.77,상곡 자연재해위험개선지구,522,하천범람 등에 따른 가옥/농경지 침수,20230925,,,상곡,,527302024012,,3,"홍수 시 제방고 및 하폭이 협소하여 통수단면 부족으로 가옥 및 농경지 침수위험
토사퇴적 및 식생활착으로 인한 홍수위 상승 위험
하천급류에 의한 호안 노후화로 유실 및 파손 위험",,0,,금강,1,환경과 지방시설 6급,,,001,,,,,,전라북도 무주군,013,환경과 지방시설 7급,0,,20080620,2023,2024/04/29 14:22:17.000000000,상곡천 하천기본계획,2,,,하조마을 이장
3017010400,,,지방관리,1.0,3017000000,,00,,88490.0,,건설과 시설5급,,,Y,,배수관로,100,기존 배수로 통수단면이 부족하여 내수배제 불량으로 인한 침수피해 발생 ,20200826,,,정림지구,,301702020001,,19,기존 배수로 통수단면이 부족하여 내수배제 불량으로 통수단면 확대 등 개선,,0,,기타,3,재난안전과 시설6급,,,001,,,,,,서구청,010,재난안전과 시설8급,0,,20210728,,2024/04/09 10:59:56.000000000,정림 재해위험개선지구 정비사업,1,8,,정림동 29통장
4777031038,,침수,기타,,4777000000,,00,,53947.0,20201007,안전재난과 시설7,382.0,86.0,Y,1.0,배수시설,744,"태풍 ‘미탁’, 태풍 ‘콩레이’ 내습시 침수피해가 크게 발생하였고, 집중호우 발생 시 상습적 침수가 발생 되는 지역",20201007,,,금호들,,477702020026,,14,"태풍 ‘미탁’, 태풍 ‘콩레이’ 내습시 침수피해가 크게 발생하였고, 집중호우 발생 시 상습적 침수가 발생 되는 지역",,0,,영덕오십천,2,안전재난과 시설6,1.0,39.0,001,60.0,,,,,영덕군,050,안전재난과 시설7,0,,20201007,2020,2024/04/12 10:30:54.000000000,자연재해위험개선지구,3,9,,금호1리 이장
5173032027,5.0,,지방2급하천,,5173000000,,,,11752.0,,재난안전과 임기제다급,,120.0,N,,성산지구,1005,유실위험지역(집중호우시 교량 침수 및 월류에 따른 인근토지 유실위험),20211014,,,성산지구,,427302021025,,1,유실,,0,,한강,1,재난안전과장,,,005,35.0,0.0,10.0,,,강원도도로관리사업소,013,재난안전과 임기제다급,0,,19940502,,2023/04/25 20:47:13.000000000,하천기본계획,2,4,,
4677025324,,,기타,,4677000000,,,4677025324116160004064573     ,78810.0,20220331,재난안전과 시설6급,250.0,408.0,N,,도양읍소재지,1625,집중호우시 침수피해 발생,20220331,,,도양,,467702022028,,4,녹동소하천 외수위 영향에 따라 내수배제 불량 및 우수관거 통수단면이 부족하여 주거 및 상업지역의 상습 침수피해 발생,,0,,영산강,1,재난안전과 시설5급,5.0,100.0,001,204.0,,,,,,050,재난안전과 시설6급,0,,,2022,2024/09/21 14:27:02.000000000,,1,0,,
4713035021,,,지방2급하천,,4713000000,,02,,339019.0,20230331,서면 주무관,265.0,281.0,N,2.16,대천,533,외수범람에 따른 인명피해예상 및 침수피해발생우려,20230331,20180731,,대천8지구,,471302023025,95537.0,10,통수단면부족으로 인한 외수범람 및 내수배제 불량으로 인한 침수,,0,,형산강,1,안전정책과 자연재난팀장,1.0,18.0,001,108.0,,,,,경주시청,013,안전정책과 주무관,0,,20160121,2023,2023/04/13 09:58:35.000000000,대천 하천기본계획,1,1,,
5178025627,,,지방관리,1.0,5178000000,,02,,743773.0,,안전총괄과 시설7급,,846.0,,5.84,지경지구,1002,불당천 수위상승시 제방월류에 의한 외수 침수와 내수배제불량에 따른 저지대 주거지 및 농경지 침수,20240325,,,지경지구,,517802024010,1860709.0,019,불당천 수위상승시 제방월류에 의한 외수 침수와 내수배제불량에 따른 저지대 주거지 및 농경지 침수,,0,,기타,1,안전총괄과 시설6급,,,001,301.0,,,,,철원군청,010,안전총괄과 시설7급,0,,,2024,2024/05/23 14:58:21.000000000,,1,,,지경리
4372038521,,,지방2급하천,0.0,4372000000,,02,4372038521100180002103213     ,52100.0,20191015,재난안전과 시설6급,180.0,213.0,N,4.0,회인천,18,지방하천 계획홍수위보다 지반고가 낮아 하천 수위상승시 배수불량으로 인한 상습 침수,20200828,20061205,,회인,,437202020013,,3,내수배제 불량으로 인한 내수침수,회인면 김창범 주무관,0,,금강,2,재난안전과장,5.0,,001,80.0,,,,,보은군청,013,재난예방팀장,0,,,,2024/09/25 11:32:42.000000000,,1,2,,
5177025030,5.0,,,0.0,5177000000,,02,,17450.0,,정선읍 시설7급,,40.0,Y,15.0,급경사지,244,고립위험 해소를 위한 정비사업 추진,20220315,20070417,,군언2지구,0.0,427702021023,3845.0,-1,고립위험 해소를 위한 정비사업 추진,,1,,,1,건설과장,,,004,20.0,0.0,10.0,,,건설과,-1,건설과 시설7급,0,,20221231,2021,2024/04/08 16:05:48.000000000,,2,0,,
4728025321,,,지방관리,,4728000000,,,,836731.0,,안전재난과 시설주사보,,352.0,,,하천,580,"- 미개수 지방하천, 소하천의 제방고 부족에 의한 주거지, 시설물 및 농경지 월류침수위험
- 우수관로 통수능 부족 및 하천수위 상승에 따른 내수침수위험",20220908,,,양산2지구,,472802022030,,-1,"- 미개수 지방하천, 소하천의 제방고 부족에 의한 주거지, 시설물 및 농경지 월류침수위험
- 우수관로 통수능 부족 및 하천수위 상승에 따른 내수침수위험",,0,,,1,안전재난과 행정사무관,,,003,116.0,,,,,안전재난과,010,안전재난과 시설주사보,0,,,2022,2022/09/15 15:51:16.000000000,,1,,,
5173025035,,,소교량,,5173000000,,02,,152495.0,20230324,재난안전과 임기제다급,,742.0,Y,,전천지구,39,전천교 여유고 및 경간장 부족과 교량노후에 따른 교량유실로 인한 주민 인명피해와 호안유실에 따른 제방붕괴시 주변도로 및 주택 등 침수피해 발생 우려 ,20230324,,,전천지구,,427302023028,,1,"- 전천교 여유고 및 경간장 부족, 세굴발생 및 교량 노후에 따른 교량유실로 
      인한 인명피해 및 주민불편 발생
    - 호안유실에 따른 제방붕괴시 주변도로 및 주택 등 피해발생 우려
   -「섬강 상류권역 하천기본계획(변경)(2021, 원주지방국토관리청)」에 따른 교량규모 부족으로 연장, 여유고 및 경간장 부족",,0,,한강,2,재난안전과장,,,003,371.0,,,,,횡성군청,048, 재난안전과 임기제다급,0,,20220603,2023,2024/02/07 11:47:22.000000000,하천기본계획,1,1,,
4683025029,,,지방2급하천,,4683000000,,02,,2861877.0,20230330,군민안전과 시설7급,,,Y,,"영암천, 사자천",653,가옥 및 상업시설 침수방지 및 재해예방 기여,20230330,20070222,,개신,,468302024008,,4,하천 범람 및 배수기능 장애에 따른 침수,,0,,영산강,1,,,,001,,,,20260330,,군민안전과,013,군민안전과 시설7급,0,,20230330,2023,2024/06/29 23:48:38.000000000,개신지구 재해위험개선지구 정비사업,1,2,,
4374035026,,침수위험,지방1급하천,,4374000000,,02,,40000.0,20180920,시설6급,200.0,30.0,N,,둔전2지구,238,"- 위험지구 내 하폭의 증가와 감소가 혼재된 제방고 부족구간임
- 집중호우 시 통수단면, 교량단면 부족으로 월류 및 침수위험
- 교량형하여유고 부족 3개소",20180920,20061011,,둔전2지구,,437402019020,,3,"- 위험지구 내 하폭의 증가와 감소가 혼재된 제방고 부족구간임
- 집중호우 시 통수단면, 교량단면 부족으로 월류 및 침수위험
- 교량형하여유고 부족 3개소",,0,,금강,2,시설6급,5.0,40.0,001,15.0,,,,,영동군청 재난안전과,012,시설6급,0,,,,2023/09/21 17:59:07.000000000,영동군자연재해저감종합계획,2,,,둔전리장
4677025026,,,지방2급하천,,4677000000,,,4677025026106510003030333     ,222430.0,,지방시설6급,270.0,826.0,,,고흥천,653,침수 및 붕괴위험,20210224,,,고흥2,,467702021027,,-1,고흥천 하천월류와 시가지 내수배제 불량에 따른 침수피해 발생,,0,,,1,지방시설5급,1.0,,001,413.0,,,,,고흥군,013,지방시설6급,0,,,,2024/09/21 14:29:57.000000000,,1,1,,
5013025321,,,지방관리,,5013000000,,02,5013025321107340001000001     ,45695.0,20200520,서귀포시 안전총괄과 시설7급,277.0,,N,,"배수로정비 2,633m, 우수저류지 설치 17,200m2",734,집중호우 시 배수시설 부족으로 우수가 도로를 따라 흘러 저지대 농경지로 유입되어 침수가 발생됨에 따라 풍수해저감종합계획상 위험지구로 지정,20200520,,,남원,,501302020047,,-1,상류지역의 유출수가 배수시설이 미비한 저지대 지역으로 집중됨에 따라 농경지 및 도로변 주거지 등에 침수가 발생,,0,,,2,서귀포시 안전총괄과 복구지원팀장,1.0,115.0,001,,,,,,서귀포시,010,서귀포시 안전총괄과 시설7급,0,,20200520,2020,2024/09/29 09:39:41.000000000,자연재해저감종합계획,3,1,,
5211112700,,,지방관리,0.0,5211000000,,02,,22863.0,,중화산1동장,,102.0,Y,,급경사지,1,붕괴위험,20190405,,,도토리골,,451102020002,,-1,"사면에 별도의 보호공이 없어 낙석 및 파괴의 위험성 상존
사면표면부의 식생으로 인하여 암반부의 균열 확장, 우수 침ㅅ\투시 사면의 장정성 급격한 저하 우려",,1,도토리골 마을 일원,,2,시민안전담당관,,,002,34.0,,,,,전주시청,010,시민안전담당관 재난방재담당,0,도토리골 마을 일원,20150519,2017,2023/05/10 15:35:53.000000000,풍수해 저감종합계획,2,4,,
4374525034,,,지방관리,,4374500000,,02,,980000.0,,증평군청 재난안전과 시설6급,116.0,,,,"보강천,사곡천",1242,집중호우시 보강천 수위상승으로 자연배제 불량에 따른 농경지 및 주거지 침수피해 발생,20201211,20150508,,질벌뜰 자연재해위험개선지구,,437452021005,,3,집중호우시 보강천 수위상승으로 자연배제 불량에 따른 제내지측 농경지 및 주거지 내수배제 불량,,0,,금강,3,증평군청 재난안전과 행정5급,1.0,40.0,001,,,,,,증평군청,010,증평군청 재난안전과 시설6급,0,,,,2025/01/15 09:11:51.000000000,,2,,,
4886038026,,,지방1급하천,,4886000000,,,4886038026105900046010773     ,43985.0,,건설과 시설6급,,181.0,Y,1.0,신등천,590,교량의 통수단면 부족으로 인한 인명 및 재산 피해,20210909,,,신등,,488602021014,75000.0,2,"집중호우시 교량의 통수단면 부족으로 인해 제방 유실 및 범람, 하천시설물 파괴에 따른 인명 재산 피해",,0,,낙동강,2,건설과 시설5급,,,001,99.0,,,,,산청군,012,건설과 시설6급,0,,20141230,,2024/04/11 13:17:14.000000000,자연재해저감종합계획,1,1,,
4415025023,,하천제방,지방2급하천,,4415000000,,02,4415025023104290006001732     ,347375.0,,유구읍 시설8,165.0,307.0,Y,,유구천,429,내수배제 불량 및 우수유출량 증가에 따른 하천범람으로 주거지·농경지 침수피해 발생,20210901,20110915,,유구수촌지구,,441502021018,,3,본류하천 수위증가에 의한 내수배제불량,,0,,금강,2,시민안전과 시설5,,,001,146.0,,,,,시민안전과,013,시민안전과 시설7,0,,,,2024/04/11 16:40:35.000000000,,1,6,,유구2리
2650010100,,,,,2650000000,,02,2650010100102120009018065     ,26121.0,,지방시설주사보,,1909.0,Y,1.12,망미2 자연재해위험개선지구,212,수영강 외수위영향 및 강우시 시가지 침수 예방,20220222,20220502,,망미2지구,,265002021008,103200.0,019,수영강 외수위 상승과 저지대 완경사 지형에 의한 내수배제 불량 및 유출지연으로 상습적인 침수피해 발생,,0,,기타,2,건설과장,1.0,,001,,,,,,수영구청,-1,지방시설주사보,0,,20211231,2022,2024/12/04 10:26:13.000000000,망미2지구 자연재해위험개선지구 정비사업,2,9,,
5176025022,,,,,5176000000,,02,4276025022103090002025647     ,532340.0,20230327,건설과 시설8급,,3250.0,,,중리지구,309,침수위험,20230327,,,중리지구,,517602024027,,1,평창강 외수위 상승으로 인한 내수배제불량 및 지구 내 우수관거의 용량부족 등으로 저지대 도심지 침수 발생,,0,,한강,1,건설과 시설6급,,,001,2200.0,,,,,평창군,-1,건설과 시설8급,0,,,,2024/04/08 17:43:23.000000000,,2,2,,
4686025023,,,,,4686000000,,02,,810532.0,,시설7급,,90.0,,,내교기각,797,침수위험,20240509,,,내교기각,,468602024021,,-1,침수위험,,0,,,2,시설5급,,,001,30.0,,,,,함평군,-1,시설7급,0,,,2022,2024/05/22 17:25:19.000000000,,1,0,,
5213011000,,,,,5213000000,,02,,206789.0,,,,,,,신풍지구,886,"신풍동 일원의 우수관로 통수능력 부족, 경포천 수위 상승 시 배수영향에 따른 내수배제 불량으로 상습 침수피해 발생",20240523,,,신풍,,521302024019,,-1,"신풍동 일원의 우수관로 통수능력 부족, 경포천 수위 상승 시 배수영향에 따른 내수배제 불량으로 상습 침수피해 발생",,0,,,1,안전총괄과장,,,001,,,,,,군산시청,-1,안전총괄과시설7급,0,,,,2024/05/28 16:38:46.000000000,,1,,,
4375034024,,상습가뭄,지방관리,,4375000000,,,4375034024107130000000001     ,135995.0,,복구지원팀 시설7급,,100.0,,,양백1 재해위험지구,713,갈수기 가뭄에 의한 농업 용수 부족으로 농작물 피해,20191218,,,양백1,,437502020009,,3,갈수기 가뭄에 의한 농업 용수 부족으로 농작물 피해,,0,,금강,2,안전총괄과장,,,007,50.0,,,,,진천군,010,복구지원팀장,0,,,,2025/01/16 18:11:19.000000000,,3,0,,
4725037028,,,기타,,4725000000,,00,,16868.0,20220330,건설과/시설8 이재민,,120.0,Y,,개재소하천,873,개재소하천 통수능 부족으로 인한 월류피해 발생,20200901,,,개재,,472502021017,,2,개재소하천 월류피해 및 개재소하천 연접 취락가구 인명피해 발생 가능성 높음,,0,개재소하천 일원,낙동강,2,안전재난실장,,,001,30.0,,,,,건설과,050,안전재난실/시설7,0,개재소하천 일원,20181001,2022,2024/04/11 13:49:54.000000000,소하천정비종합계획,1,,,
4719010300,,,지방2급하천,,4719000000,,,,234501.0,,하천과 시설7급,159.0,1107.0,Y,,봉곡천,792,집중호우 및 태풍 내습 시 제방 여유고 및 하폭 부족 등에 따른 하천 수위 상승으로 인한 침수피해 발생,20211110,,,봉곡천지구,,471902021008,,2,제방유실 및 농경지 침수피해,,0,,낙동강,1,하천과 시설5급,10.0,,001,126.0,,,,,,013,하천과 시설7급,0,,,2021,2024/09/20 18:01:15.000000000,,1,144,,
2641011100,,,,,2641000000,,00,,87000.0,20211202,,,195.0,Y,3.0,금사1 자연재해위험개선지구,154,수영강의 외수위 상승에 의한 내수배제 불량으로 상습침수 발생,20211202,,,금사1,,264102021001,170400.0,-1,"- 수영강 수위상승시 배수불량으로 저지대 침수 발생
- 지형적 저지대 지역으로 집중호우시 침수발생
- 공장시설이 밀집하여 재산피해 우려",,0,,,1,시설6급,6.0,,001,80.0,,,,,금정구청,-1,시설7급,0,,20140516,2021,2024/09/20 09:01:56.000000000,서금사지구 상습침수지 해소 타당성 및 기본계획 수립,2,,,
4182032521,,,기타,0.0,4182000000,,02,4182032521106190019008225     ,15200.0,20220222,안전재난과 시설8급,240.0,650.0,Y,3.39,청평면 내수배제시설,619,국가하천 배수위 영향구간으로 내수배제시설 부족에 따른 침수피해 발생,20220222,20180103,,청평,0.0,418202022003,228000.0,1,"- 북한강 배수영행을 받는 조종천 구간 제내측에 위치함
- 집중호우시 조종천 외수위가 높은 경우 내수배제시설 부족으로 침수피해 발생",,0,,한강,1,안전재난과 시설5급,,51.0,001,260.0,,,,,안전재난과,050,안전재난과 시설8급,0,,20211215,2022,2024/04/01 15:30:51.000000000,청평 자연재해위험개선지구 타당성조사 및 기본계획 수립 용역,1,19,,청평5리 이장
4886033027,,,군천,,4886000000,,,,45827.0,,시설6급,269.0,65.0,,,대포지구,92,남강 본류 수위 영향에 따라 내수배제 불량으로 주거시설 및 농경지 침수로 인명·재산 피해 ,20220324,,,대포지구,,488602022020,,019,집중호우시 남강 본류 수위 상승에 따른 제방 범람 및 내수배제 불량으로 인명 및 재산 피해 발생,,0,,기타,1,시설6급,2012.0,,001,37.0,,,,,산청군청,042,시설6급,0,,,,2024/04/11 13:20:56.000000000,,2,3,,
4375033027,,,지방관리,1.0,4375000000,,,,291460.0,20250203,안전정책과 시설6 이해선,,,Y,,봉죽 자연재해위험개선지구,591,하천의 외수범람 및 내수배제 불량으로 인한 인근 주거지 및 농경지 침수피해 우려,20250203,,,봉죽,,437502025014,,3,하천의 외수범람 및 내수배제 불량으로 인한 인근 주거지 및 농경지 침수피해 우려,,0,,금강,1,안전정책과 시설6 이해선,,,001,,,,,,진천군,010,안전정책과 시설6 이해선,0,,20250203,2025,2025/02/06 09:33:18.000000000,,1,1,,
4889043022,4.0,,,,4889000000,,02,,873297.0,,안전총괄과 방재담당,,21.0,Y,2.01,용흥저수지,1155,- 상습가뭄재해지구를 정비하여 가뭄에 의한 주민들의 재산상의 피해를 예방하기 위함,20220509,20171130,,용흥 상습가뭄재해지구 정비사업,,488902021030,104650.0,-1,- 상습가뭄지역으로 해마다 반복되는 가뭄재해피해 발생,,0,,,1,안전총괄과장,,,007,,0.0,6.0,,,합천군 안전총괄과,-1,안전총괄과 시설7급,0,,20190816,,2024/04/08 14:47:57.000000000,황강하류권역,2,0,,삼가면 환경개발담당
3611037021,5.0,,지방관리,,3600000000,,02,4473035021101010006004134     ,19741.0,,물관리정책과 시설6급,2327.0,274.0,Y,6.41,읍내지구,101,"- 덕현천(지방) 제내지 저지대구간 전의면 시가지가 위치
- 집중호우 시 하천 수위 상승에 따른 배수영향 및 내수배재 불량으로 시가지 내 막대한 인명 및 재산 피해 발생 우려",20220520,,,읍내,,360002022004,,1,내수재해,,0,,한강,1,자연재난과장,16.0,70.0,001,137.0,5.0,10.0,,,세종특별자치시,010,자연재난과 시설7급,0,,20221119,,2024/04/09 16:25:42.000000000,자연재해저감종합계획,1,1,,
4882041022,,,기타,,4882000000,,02,,16599.0,20240105,"안전관리과, 시설7급",231.0,20.0,N,1.69,곤기(낙정)마을,428,"곤기(낙정)지구는 간사지 계획홍수위(EL.2.02m) 보다 낮게 위치한 저지대 지역으로, 마동간사지 외수위 상승시 내수배제 불량",20240105,20130411,,곤기(낙정),,488202023012,,019,"- 곤기지구 낙정마을 지반고는 마동지구 간사지 계획홍수위(EL.2.02m) 보다 비교적 낮게 형성(약 EL.0.80m)
- 비교적 저빈도 강우발생에도 침수피해가 발생한 주요 사유는 해당 호우 발생시 조위가 상승함에 따라 내수배제가 원활하지 않아 침수피해 발생 ",,0,,기타,1,안전관리과 시설5급,1.0,,001,11.0,,,,,고성군청,050,안전관리과 시설6급,0,,,2024,2024/01/10 12:10:22.000000000,,1,6,,
4677025026,,,군천,0.0,4677000000,,00,4677025026109740054029245     ,228942.0,20230412,지방시설6급,300.0,192.0,Y,,송곡천,439,송곡소하천 하폭 및 제방고 부족으로 침수 피해 발생,20230412,,,송곡,0.0,467702023032,,4,하천 월류 및 내수배제 불량,,0,,영산강,1,지방시설5급,1.0,50.0,001,96.0,,,,,고흥군청,042,지방시설7급,0,,20221222,2023,2024/11/13 15:28:06.000000000,소하천정비기본계획,1,4,,
4682043028,,,기타,,4682000000,,02,,683956.0,20230412,안전교통과 지방시설주사보,,116.0,Y,0.91,"월호,부동,섬동,월하1 소하천",762,하천제방 월류 방지 및 침수예방을 위한 지구 지정,20230412,,,월호,,468202024017,,-1,하천 미정비 및 노후된 하천시설물로 인하여 주변 농경지 및 주거지의 상습 침수 피해가 발생함,,0,,,1,안전교통과장,,,001,78.0,,,,,안전교통과,050,안전교통과 지방시설주사보,0,,20230412,,2024/05/02 21:05:25.000000000,,2,0,,
4715035033,,,군도,,4715000000,,01,,69536.0,20211202,시설9급,246.0,200.0,N,1.0,감포교,890,"하천기본계획 상 경간장 등 시설기준미달로  홍수시 유송잡물에 의한 통수능 저하
(2021년 12월 2일 지정(변경))",20190418,,,감포교지구,,471502019010,,2, 좌안에 위치한 마을의 주택 및 농경지는 지반고가 낮아 경간장부족에 따른 홍수위 상승시 내수 침수의 위험요인 증가,,0,,낙동강,2,시설6급,10.0,,005,102.0,,,,,김천시(도로철도과),004,시설9급,0,,20211202,2019,2024/09/20 16:35:06.000000000,,1,95,,
5221010200,,,기타,0.0,5221000000,,02,4521010200100340000059507     ,318600.0,20200117,지방시설8급,261.0,4159.0,Y,5.0,자연재해위험개선지구,34,위험지구정비를 통한 주민의 안전한 생활과 침수피해 최소화,20200117,20130725,,김제역,,452102020012,234843.0,19,하수관거의 단면 부족으로 홍수능의 배제능력이 부족하여 내수배제 불량으로 신풍동 34번지 일원 및 김제역 부근으 제내지 농경지 상습적인 침수피해 발생,,0,,기타,2,지방시설6급,50.0,83.0,001,1982.0,,,,,김제시청 안전재난과,050,지방시설8급,0,,,,2024/09/24 09:44:58.000000000,하수김제시 도정비기본계획,1,0,,
2650010300,,월파,,,2650000000,,00,,63799.0,,안전관리과 시설7급,,100.0,Y,1.0,자연재해위험개선지구,110,태풍 시 해일에 의한 침수 및 해안시설물 유실,20200402,,,민락2지구,51.0,265002020007,60000.0,-1,해일에 의한 침수 우려,,0,,,1,안전관리과장,,,006,,,,,,수영구청,-1,안전관리과 시설7급,0,,20191224,,2024/12/04 10:26:30.000000000,민락2지구 자연재해위험개선지구 정비사업 ,1,19,,
5011025634,,,,,5011000000,,02,5011025634037620000052790     ,54850.0,,제주시 안전총괄과 복구지원팀장,144.0,2806.0,,2.0,김녕,3762,상류지역 오름에서 유입되는 우수처리관거 통수단면적 부족으로 인한 침수위험,20210428,,,김녕,,501102021054,287724.0,19,우수관거 통수단면적 부족 및 지형적 저지대에 위치하여 집중호우시 만조위 시간대와 겹치면서 내수배제 불량으로 침수피해 발생,,0,,기타,2,제주시 안전총괄과장,1.0,,001,1368.0,,,,,안전총괄과,-1,지방시설6급,0,,,,2024/10/07 08:48:07.000000000,,1,0,,김녕리장
4717042026,,,지방관리,0.0,4717000000,,00,4717042026106120000060920     ,440516.0,20230406,,,,,,가송지구,612,"집중호우로 인해 진입도로가 침수되어 마을이 고립되었으며, 낙동강의 수위 상승에 따른 제방 및 교량의 능력 부족으로 인한 하천이 월류하는 등 침수위험과 고립위험이 중첩되어 있음",20230406,,,가송지구,0.0,471702023025,,2,"최근 집중호우로 인해 진입도로가 침수되어 마을이 고립되었으며, 현장조사 및 위험요인 검토 결과 낙동강의 수위 상승에 따른 제방 및 교량의 능력 부족으로 인한 하천이 월류하는 등 침수위험과 고립위험이 충첩되어 취약방재시설 지구로 지정함.",,0,,낙동강,1,안전재난과장,,,003,,,,,,안동시 안전재난과,010,안전재난과 시설8,0,,,2023,2024/04/14 09:53:19.000000000,,2,0,,
5178025630,,,지방관리,,5178000000,,02,4278025630107890000004007     ,108192.0,,시설7급,,70.0,,,동막지구,789,"한탄강수위 상승 시 배수위 영향으로 소하천(동막천, 하리천)의 역류 및 내수배제불량에 의한 주거지, 농경지 상습침수",20230420,,,동막지구,,427802023009,,019,"한탄강수위 상승 시 배수위 영향으로 소하천(동막천, 하리천)의 역류 및 내수배제불량에 의한 주거지, 농경지 상습침수",,0,,기타,1,시설6급,,,001,31.0,,,,,철원군청,010,시설7급,0,,,,2024/04/09 17:24:39.000000000,,1,0,,
4713038028,,,지방2급하천,,4713000000,,,,908725.0,,경주시 천북면 ,,,,,"사방천, 청령천",1199,내수배제 불량 및 하천월류에 의한 주거지 및 농경지 침수피해발생지역,20240509,,,모아3지구,,471302024027,,10,내수배제 불량 및 형산강 수위상승에 따른 하천월류,,0,,형산강,1,경주시 안전정책과,,,001,,,,,,,013,경주시 안전정책과,0,,,,2024/05/16 17:50:30.000000000,,2,,,
4824036028,,,지방1급하천,,4824000000,,,,268152.0,,곤명면,284.0,36.0,,2.0,완사천,432,집중호우 발생 시 제방 월류 및 저지대침수,20200908,,,완사(마곡)지구,,482402020022,,2,집중호우 발생 시 제방 월류 및 저지대침수,,0,경상남도 사천시 곤명면마곡리 432-1,낙동강,2,재난안전과,3.0,60.0,001,28.0,,,,,사천시청,012,재난안전과,0,경상남도 사천시 곤명면마곡리 432-1,20200908,,2024/03/22 12:14:28.000000000,,2,1,,
5178025328,,,지방관리,,5178000000,,02,,77000.0,,안전총괄과 시설7급,,78.0,,,청양지구,270,"삼막골천, 사격장골천 제방고 부족 및 하폭협소에 따른  저지대 농경지 및  주거지 상습 침수",20210902,,,청양지구,,427802021008,,019,상습 침수,,0,,기타,2,,,,001,42.0,,,,,철원군청,010,안전총괄과 시설7급,0,,,,2024/04/09 17:24:48.000000000,,2,71,,
4711335033,,유실및침수,기타,,4711000000,,,,28053.0,,시설5급,,46.0,,,골안천,884,"하천 제방 월류, 유실, 범람 등에 의한 피해 발생",20211028,,,골안지구,,471102021016,,-1,"골안지구는 200년 강우빈도를 상회하는 강우로 인해 홍수위 및 유속 증가로 포항시 죽장면 월평리 일원의 제방 월류, 유실, 범람, 침수 등의 피해 발생",,0,,,3,시설6급,,122.0,001,23.0,,,,,포항시,050,시설7급,0,(243),,,2024/04/09 11:12:25.000000000,,2,,,
4824031026,5.0,,지방관리,,4824000000,,,4824031026106790001028620     ,300000.0,,정동면사무소,,,,,사천강,151,침수위험,20220801,,,대곡,,482402021031,,-1,침수위험,,0,,,1,재난안전과,,,001,,0.0,10.0,,,,010,재난안전과,0,,,,2024/03/22 12:06:50.000000000,,2,2,,
4889043028,,,지방2급하천,,4889000000,,02,4889043028105950000038723     ,198725.0,,안전총괄과 방재담당,186.0,6.0,,2.1,양천,585,두모지구는 양천(지방하천) 우안의 저지대에 위치하며 내수배제불량 등으로 주거지 및 농경지에 침수피해가 발생함.,20230412,,,두모 자연재해위험개선지구,,488902023031,,2,양천 우안의 저지대에 위치하며 내수배제불량으로 인한 침수피해 발생,,0,,낙동강,1,안전총괄과장,1.0,,001,9.0,,,,,합천군 안전총괄과,013,안전총괄과 시설7급,0,,,,2024/04/08 14:32:05.000000000,,2,5,,삼가면 환경개발계장
2920015900,,저수지정비,지방관리,,2920068000,,,,,,방재관리과 시설7급,0.0,,,,오운저수지,180,"정밀안전진단결과 D급 판정되고, 저수지 결함부위가 계속 진전",20030218,,농림축산식품부,오운,,292002004001,,4,저수지 붕괴에 의한 주택 및 농경지 침수,,0, [지점번호:다라26608393],영산강,4,방재관리과장,0.0,0.0,003,,,,20060310,타부처 소관사업으로 노후정비 추진중,광산구청,010,방재관리과 시설7급,, ,,,2013/04/03 18:38:03.000000000,,3,,002,광산구 오운동
2920011900,,저지대,지방관리,,2920063000,,,,,,방재관리과 시설7급,150.0,,,,극락강역 주변,757,"저지대 우수 일시유입으로 시가지 1ha, 농경지10ha 침수",20040427,,행정안전부,신가,,292002004002,,,"저지대 주택(7동) 및 병원1동 침수, 극락강역 진입로 등 시가지 1ha와 농경지 10ha 침수",,0, ,,4,방재관리과장,1.0,30.0,001,,,,20100310,"수해상습지역의 정비사업(배수로1.1km, 펌프실2개소) 완료",광산구청,010,방재관리과 시설7급,, ,,,2013/04/03 18:36:55.000000000,,1,,001,
2920010100,,저지대,국가하천,,2920051500,,,,,,방재관리과 시설7,0.0,,,,송정배수펌프장,169,저지대로 하천수위상승시 내수배제 불능,19960617,,행정안전부,송정,,292002004003,,4,저지대 내수배제 불량,,0, ,영산강,4,방재관리과장,0.0,0.0,001,,,,20020408,배수펌프장 및 간선하수도 정비사업완료,광산구청,011,방재관리과 시설7급,, ,,,2013/04/03 18:35:51.000000000,,1,,001,
4782032033,,,지방2급하천,0.0,4782000000,,02,,497631.0,20100507,풍각면장,120.0,26.0,Y,1.0,풍각천,1,"상습 침수 (덕양지역 2013.03.20 ""다""등급 추가지정)",20100510,20140926,,송서지구,0.0,478202011002,0.0,2,침수,,0,경상북도 청도군 풍각면 송덕길  76-12   ,낙동강,4,안전건설과,1.0,30.0,001,17.0,,,20231018,정비사업 완료,청도군청,013,안전건설과,0,,20051128,2010,2023/12/20 10:27:21.000000000,"풍각천,현리천",1,,,송서1리이장
4782032041,,,지방2급하천,0.0,4782032000,,02,,224675.0,20100507,풍각면장,103.0,15.0,Y,0.0,풍각천,1,하폭 및 제방고 부족으로 인한 상습침수,20100510,20140926,국토교통부,흑석지구,0.0,478202011003,0.0,2,침수,,0,경상북도 청도군 풍각면 청려로  612-19   ,낙동강,4,안전건설과,1.0,25.0,001,5.0,,,20150114,정비사업의 완료,청도군청,013,안전건설과,, ,20051128,2010,2015/11/04 15:46:13.000000000,"풍각천,현리천",1,,005,흑석1리이장
4782025031,,,지방2급하천,0.0,4782025000,,02,,196630.0,20100507,화양읍장,110.0,3.0,N,2.0,청도천,1,소라교의 여유고 부족으로 인한 상습 침수 지역,20100510,20140926,국토교통부,소라지구,0.0,478202011004,0.0,2,유실,,0,경상북도 청도군 화양읍 산성강변길  390    ,낙동강,4,안전건설과,1.0,31.0,005,2.0,,,20151109,,청도군청,013,안전건설과,0,,20120430,2010,2019/03/15 11:24:21.000000000,청도천,2,,005,소라이장
4782031032,,,기타,0.0,4782031000,,02,,10000.0,19960624,각남면장,0.0,0.0,N,0.0,화리지구,98,취약방재,19960624,20140926,행정안전부,화리지구,0.0,478202013007,0.0,,취약방재,,0,경상북도 청도군 각남면 화리길  26    ,,4,안전건설과,0.0,0.0,003,0.0,,,20070517,정비완료,청도군청,050,안전건설과,, ,,1996,2015/11/04 15:54:01.000000000, ,1,,001,화리이장
4777025034,,,지방관리,0.0,4777000000,,00,,17000.0,20111021,안전재난과 시설7,0.0,90.0,N,0.0,대탄 해일위험지구,353,해일위험지구,20111021,,,대탄지구,0.0,477701998002,0.0,19,해일로 인한 인명 및 재산피해,,0,경상북도 영덕군 영덕읍 영덕대게로  1162    ,기타,4,안전재난과 시설6,0.0,0.0,006,53.0,,,,,영덕군,010,안전재난과 시설7,0,,,2011,2024/04/12 11:05:10.000000000,,1,2,,대탄리장
5275031028,,지방하천,지방2급하천,0.0,5275031000,,02,4575031028104830000000002     ,90000.0,20100514,안전관리과 지방시설6급,150.0,25.0,N,0.0,주치천,483,미정비 하천으로 집중호우시 침수위험,20100514,,행정안전부,옥석,0.0,457502011009,0.0,5,제방정비 미비로 집중호우시 피해 우려,,0,,섬진강,4,재난관리과 지방시설5급,3.0,30.0,001,12.0,,,20150423,정비완료,임실군,013,재난관리과 지방시설6급,0,,,2010,2021/06/08 13:14:16.000000000,,2,0,001,청웅면 입석리장
5275033021,,,지방2급하천,0.0,5275033000,,02,4575033021103510005116038     ,470000.0,20100514,안전관리과 지방시설6급,150.0,21.0,N,0.0,임실천,352,미정비 하천 집중호우시 침수피해,20100514,,행정안전부,창인,0.0,457502011010,0.0,5,제방정비 미비로 집중호우시 유실피해 우려,,0,,섬진강,1,안전관리과 지방시설5급,3.0,30.0,001,15.0,,,,,임실군,013,재난관리과 지방시설6급,0,,,2010,2021/06/08 13:14:11.000000000,,3,0,001,창인리장
5275040022,,지방하천,지방2급하천,0.0,5275040000,,02,4575040022102100000106703     ,440000.0,20130331,안전관리과 지방시설6급,300.0,35.0,N,0.0,평지천,210,집중호우시 재해위험상존,20130331,,행정안전부,안하지구,0.0,457502013011,0.0,5,"제방월류 및 내수배제 불량으로, 주택 및 농경지 침수피해위험이 있는 지구",,0,,섬진강,4,안전관리과 지방시설5급,3.0,40.0,001,14.0,,,20181005,정비 완료,임실군청,013,안전관리과 지방시설6급,0,,,2013,2021/06/08 13:14:06.000000000,,2,0,001,양지마을이장
4723038040,,유실위험,지방관리,0.0,4723000000,고촌촌지내,00,,1.0,20151027,안전재난하천과 시설6급 ,0.0,0.0,N,0.0,지방2급하천(고촌천),575,"?수시 통수단면 부족으로 농경지,가옥등 유실위험",20060302,,,가수지구,0.0,472302006001,0.0,2,"집중호우시 농경지,가옥등 유실 및 침수",,0,,낙동강,4,안전재난하천과 시설5급 ,0.0,0.0,001,0.0,,,20140310,,안전재난하천과,010,안전재난하천과 시설6급 ,0,고촌촌지내,,,2024/04/09 15:11:22.000000000,,3,,,
4723033028,,유실위험,지방2급하천,0.0,4723000000,일원,00,,1.0,20150720,안전재난하천과 시설6급 ,0.0,0.0,N,0.0,지방2급하천(삼부천),100,홍수시 통수단면 부족으로 농경지 가옥등 유실위험,20060302,,,대기지구,0.0,472302006002,0.0,2,"집중호우시 농경지, 가옥등 유실 침수",,0, [지점번호:마마26417962],낙동강,4,안전재난하천과 시설5급 ,0.0,0.0,001,0.0,,,20150622,,안전재난하천과,013,안전재난하천과 시설6급 ,0,일원,,,2024/04/09 15:11:05.000000000,,3,,,
4723039038,,상습침수,지방관리,0.0,4723000000,용호천지내,02,,214907.0,20100610,안전재난하천과 시설6급 ,0.0,416.0,Y,3.0,지방2급하천(용호천),254,홍수배제능력 저하,20100607,20131205,,용호지구,3.0,472302011003,90000.0,2,침수우려,,0,경상북도 영천시 북안면 돌할매로  476-17   ,낙동강,4,안전재난하천과 시설5급 ,0.0,0.0,001,181.0,,,,,안전재난하천과,010,안전재난하천과 시설6급 ,0,용호천지내,,2010,2024/04/09 15:10:46.000000000,용호천,3,,,
4723011100,,침수위험,지방관리,0.0,4723000000,621일원,00,,1.0,20151027,안전재난하천과 시설6급 ,0.0,0.0,N,0.0,도동 침수위험,621,홍수배제능력저하,20101202,,,도동지구,0.0,472302011004,0.0,2,침수위험,,0, [지점번호:마마28897215],낙동강,4,안전재난하천과 시설5급 ,0.0,0.0,001,0.0,,,20150227,정비 완료,안전재난하천과,010,안전재난하천과 시설6급 ,0,621일원,,,2024/04/09 15:10:28.000000000,,3,,,
4723034031,,침수위험,지방관리,0.0,4723000000,오산천지내,02,,216907.0,20210609,안전재난하천과 시설6급 ,120.0,216.0,Y,1.0,오산천,28,"하폭 협소, 제방고 부족 및 교량 통수단면 부족",20210609,20131205,,오산지구,3.0,472302011005,90000.0,2,"하폭 협소, 제방고 부족 및 교량 통수단면 부족",,0, [지점번호:마마31079061],낙동강,1,안전재난하천과 시설5급,2.0,0.0,001,103.0,,,,,영천시청,010,안전재난하천과 시설6급 ,0,오산천지내,,2010,2024/04/09 15:08:51.000000000,,1,,,
4723012400,,,기타,,4723000000,,,,1.0,,안전재난하천과 시설6급 ,200.0,,,,서부오수섬,180,홍수시 통수단면 부족으로 농경지,20050301,,,서부오수섬지구,,472302013006,,-1,침수 및 고립,,0,,,4,안전재난하천과 시설5급,,10.0,004,,,,20060116,,안전재난하천과,050,안전재난하천과 시설6급 ,0,,,,2024/04/09 15:10:02.000000000,,3,,,
4723025038,,,군도,0.0,4723000000,,02,,434000.0,20121029,안전재난하천과 시설6급 ,0.0,0.0,Y,0.0,잠수교,383,교량통수단면부족으로 상습침수피해,20121030,20131205,,신대지구(잠수교),0.0,472302013007,0.0,-1,홍수시 잠수교 단면부족으로 월류 우려,,0, [지점번호:마마22547039],,4,안전재난하천과 시설5급,0.0,0.0,005,0.0,,,20200527,정비사업 완료,안전재난하천과,004,안전재난하천과 시설6급 ,0,,20100707,2002,2024/04/09 15:09:37.000000000,금호강하천기본계획,1,23,,
4691036025,,,기타,0.0,4691000000,,00,,500.0,20150819,안전관리과 지방시설8급,0.0,0.0,N,0.0,흑산심리지구,298,사면 붕괴위험,20060228,,,심리,0.0,469102009010,0.0,-1,도로 사면 붕괴,,0, [지점번호:나라07233067],,4,안전관리과 지방시설5급,0.0,0.0,002,0.0,,,20070529,자체사업 완료,,050,안전관리과 지방시설8급,0,,,,2023/09/19 20:56:20.000000000,,2,,,
4723037030,,,기타,0.0,4723000000,일원,02,,350000.0,20131119,안전재난하천과 시설6급 ,200.0,34.0,N,3.0,지방하천(임고천),1173,집중호우시 하폭 및 제방고 부족,20131119,20131105,,임고지구,3.0,472302014011,100000.0,2,주택 및 농경지 침수피해 ,,0, [지점번호:마마44838562],낙동강,4,안전재난하천과 시설5급,1.0,0.0,001,17.0,,,,,영천시,050,안전재난하천과 시설6급 ,0,일원,20011224,2013,2024/04/09 15:05:21.000000000,임고천,2,0,,
4723032031,,,기타,0.0,4723000000,일원,02,,41400.0,20131119,안전재난하천과 시설6급 ,200.0,84.0,N,4.0,소하천(가천천),187,"하폭 및 제방고 부족
타사업 (신양지구 풍수해생활권종합정비사업) 추진중",20131119,20131205,,가천지구,2.0,472302014012,40000.0,2,주택 및 농경지 침수피해 ,,0, [지점번호:마마16268483],낙동강,1,안전재난하천과 시설5급,1.0,0.0,001,42.0,,,,,안전재난하천과,050,안전재난하천과 시설6급 ,0,일원,20011201,2013,2024/04/09 15:01:31.000000000,가천천,2,0,,
4691040042,,,기타,0.0,4691000000,,00,,100.0,20151203,안전관리과 지방시설8급,0.0,0.0,N,0.0,안좌한운지구,218,제방뚝 유실시 농경지 및 주택 침수 우려가 있음,20061002,,,안좌한운지구,0.0,469102006001,0.0,19,"태풍,해일,집중호우시 자연제방 유실 및 침식현상 발생시 농경지 등에 침수 피해",,0, [지점번호:나라70204176],기타,4,안전관리과 지방시설5급,0.0,0.0,005,0.0,,,20090525,,신안군,050,안전관리과 지방시설8급,0,,,,2023/09/19 20:57:42.000000000,,3,14,,
4691025025,,,기타,0.0,4691000000,,00,,4000.0,20151203,안전관리과 지방시설8급,0.0,0.0,N,0.0,지도읍내지구,350,주택 및 해안 유실,20090205,,,읍내지구,0.0,469102009002,0.0,19,"주거지역이 해안보다 낮음
 해안선이 방조제가 구축되지 않음",,0,전라남도 신안군 지도읍 지도증도로  9-5   ,기타,3,안전관리과 지방시설5급,0.0,0.0,005,0.0,,,,,신안군,050,안전관리과 지방시설8급,0,,,,2024/07/08 18:53:24.000000000,,2,5,,
4691041024,,,기타,0.0,4691000000,,00,,1350.0,20151203,안전관리과 지방시설8급,0.0,0.0,N,0.0,팔금읍리지구,118,"집중호우 시 주택, 도로, 농경지 침수",20090205,,,읍리지구,0.0,469102009003,0.0,-1,농경지 배수로가 협소하여 집중호우 시 배수가 원활하지 않아 침수,,0,,,1,안전관리과 지방시설5급,0.0,0.0,001,0.0,,,,,신안군,050,안전관리과 지방시설8급,0,,,,2024/07/08 18:51:29.000000000,,2,3,,
4691034033,,,기타,0.0,4691000000,,00,,8300.0,20151203,안전관리과 지방시설8급,0.0,0.0,N,0.0,비금수치지구,977,주택 및 농경지 침식우려,20090205,,,수치지구,0.0,469102009004,0.0,-1,해안 방조제 시설이 없음,,0, [지점번호:나라64873940],,1,안전관리과 지방시설5급,0.0,0.0,005,0.0,,,,,신안군,050,안전관리과 지방시설8급,0,,,,2023/09/19 20:57:18.000000000,,3,,,
4691036025,,,기타,0.0,4691000000,,00,,5000.0,20150819,안전관리과 지방시설8급,0.0,0.0,N,0.0,흑산심리지구,298,사면 및 도로 붕괴 위험,20090205,,,심리1,0.0,469102009005,0.0,-1,사면붕괴 시 주택 및 인명피해 우려,,0, [지점번호:나라07143087],,3,안전관리과 지방시설5급,0.0,0.0,002,0.0,,,,,신안군,050,안전관리과 지방시설8급,0,,,,2024/07/08 18:53:53.000000000,,2,1,,
4691032024,,,기타,0.0,4691000000,,00,,800.0,20151203,안전관리과 지방시설8급,0.0,0.0,N,0.0,임자재원지구,107,"태풍, 해일 시 자연제방 유실",20090205,,,재원지구,0.0,469102009006,0.0,-1,태풍이나 해일 내습 시 자연제방 유실,,0, [지점번호:나라65937795],,3,안전관리과 지방시설5급,0.0,0.0,006,0.0,,,,,신안군,050,안전관리과 지방시설8급,0,,,,2024/07/08 18:53:40.000000000,,1,2,,
4691035030,,,기타,0.0,4691000000,,00,,1100.0,20151203,안전관리과 지방시설8급,0.0,0.0,N,0.0,매실선착장,1035,주택 침수 및 해안 유실,20090205,,,매실지구,0.0,469102009007,0.0,19,해안가에 방조제 시설이 없음,,0,전라남도 신안군 도초면 라포길  166-4   ,기타,1,안전관리과 지방시설5급,0.0,0.0,005,0.0,,,,,신안군,050,안전관리과 지방시설8급,0,,,,2024/07/08 18:55:55.000000000,,2,3,,
4691025324,,,기타,0.0,4691000000,,00,,1380.0,20151203,안전관리과 지방시설8급,0.0,0.0,N,0.0,압해매화지구,1412,주택 및 농경지 침수,20090205,,,청석지구,0.0,469102009008,0.0,19,해안가에 방조제 시설이 없음,,0,,기타,1,안전관리과 지방시설5급,0.0,0.0,005,0.0,,,,타사업 추진완료,신안군,050,안전관리과 지방시설8급,0,,,,2024/07/08 18:51:59.000000000,,3,1,,
4691041026,,,기타,0.0,4691000000,,00,,2700.0,20151203,안전관리과 지방시설8급,0.0,0.0,N,0.0,팔금거문지구,70,주택 및 농경지 침수,20090205,,,거문지구,0.0,469102009009,0.0,19,해안가에 방조제 시설이 없음,,1,,기타,1,안전관리과 지방시설5급,0.0,0.0,006,0.0,,,,,신안군,050,안전관리과 지방시설8급,0,,,,2024/07/08 18:54:35.000000000,,1,,,
4691037021,,,기타,0.0,4691000000,,00,,6000.0,20151203,안전관리과 지방시설8급,0.0,0.0,N,0.0,하의웅곡지구,374,농경지 침수,20060228,,,웅곡지구,0.0,469102009011,0.0,19,농경지 침수,,0, [지점번호:나라66282367],기타,4,안전관리과 지방시설5급,0.0,0.0,001,0.0,,,20070529,조사후 위험성 없음,,050,안전관리과 지방시설8급,0,,,,2023/09/19 20:56:09.000000000,,2,4,,
4691039021,,,기타,0.0,4691000000,,00,,6000.0,20151203,안전관리과 지방시설8급,0.0,0.0,N,0.0,장산오음지구,627,농경지 침수,20060228,,,오음지구,0.0,469102009013,0.0,19,농경지 침수,,0, [지점번호:나라74602916],기타,4,안전관리과 지방시설5급,0.0,0.0,001,0.0,,,20070529,조사후 위험성 없음,,050,안전관리과 지방시설8급,0,,,,2023/09/19 20:55:59.000000000,,2,1,,
4711132000,,산사태,기타,,4711132000,,,,,,포항시 남구청 농림과,150.0,,,,석리지구,,산 정상부의 함몰과 균열 및 산뒤편의 붕괴진행으로 인하여 집중호우 및 태풍내습시 산사태 발생우려,20010926,,산림청,석리지구,,471112003003,,10,"산사태 발생시 인근 통행차량에 대한 인명피해
농경지(0.5ha)",,, ,형산강,4,남구청 농림과장,1.0,0.0,002,,,,20041029,수해복구사업으로 산사태 붕괴위험요인 해소,,050,남구청 산림자원담당,, ,,,,,3,,004,
4711131027,,유실위험,지방2급하천,,4711131000,,,,,,재난안전과 시설급,200.0,,,,칠성천,1,집중호우시 제방유실 우려,20060227,,국토교통부,대송칠성천지구,,471112006001,,10,"523㏊(주거지163, 농경지360)",,0, ,형산강,4,재난안전과 행정5급,2.0,40.0,003,,,,,,포항시청 재난안전과,013,재난안전과 시설6급,, ,,,2013/06/12 15:43:26.000000000,,1,,005,제내4리장
4711125029,,산사태,지자체소유림,,4711125000,,,,,,남구청 농림과 임업9급,0.0,,,,구룡포 후동지구,1,구룡포항(일제시대) 축조시 절개지가 급경사 지역으로 집중호우시 낙석위험,20060908,,산림청,구룡포 후동지구,,471112006002,,19,태풍 및 집중호우시 산사태 낙석으로 인한 절개지에 연접한 주택5가구 14명 피해우려,,0, ,기타,4,남구청 농림과 지방임업주사,0.0,0.0,002,,,,20090629,지구정비사업완료 위험요인 해소,,015,남구청 농림과 임업9급,, ,,,2016/06/02 17:27:11.000000000,,1,,004,주민
4711111400,,,기타,0.0,4711158000,,00,,136000.0,20151105,하수도과장,100.0,440.0,N,0.0,효자지구,430,형산강수위 상승시 배수위 영향으로 침수발생,20090925,,,효자지구,0.0,471112010006,0.0,10,"형산강수위 상승시 배수위 영향에 의한 우수배제지체 및 노면경사가 완만하여
 배수에 어려움 발생",,0,경상북도 포항시 남구  유동길34번길  3   (효자동),형산강,4,하수도과장,1.0,20.0,001,129.0,,,,,포항시 하수도과,050,하수도과 주무관,0,,,2009,2024/06/24 17:32:47.000000000,,1,,,효곡동9통장
4711125626,,,지방2급하천,0.0,4711125600,,00,,400.0,20131118,안전관리과 시설5급,0.0,400.0,Y,0.0,냉천2지구,418,하천기본계획 경간장 검토 → 경간장 부족발생,20131118,,행정안전부,냉천2지구,0.0,471112014007,0.0,19,하천 범람으로 인한 인접지 주택 및 농경지 유실,,0, [지점번호:마마71517202],기타,4,안전관리과 시설6급,0.0,0.0,005,200.0,,,,,안전관리과,013,안전관리과 시설8급,0,,,2013,2017/01/31 11:59:29.000000000,지방하천 기본계획,2,0,001,문충1리 이장
4711135023,,,지방관리,0.0,4711134000,,00,,40.0,20131118,수산진흥과  수산5급,0.0,411.0,N,0.0,까꾸리포항지구,482,너울성파도로 인한 방파제 월파에 따른 항내 정온부족,20131118,,행정안전부,까꾸리포항지구,0.0,471112014008,800.0,,"너울성파도의 방파제 월파시 주택, 인명, 선박 피해",,0,,,1,수산진흥과  시설6급,0.0,0.0,006,189.0,,,,,수산진흥과,010,수산진흥과  시설7급,0,,,2013,2017/02/02 08:58:50.000000000,,2,,001,
4711311600,,내수침수,기타,,4711364000,죽도동 구.청룡회관 일원,,,,,포항시 기능7급,150.0,,,,죽도2지구,45,내수배제 지연으로 집중호우시 시가지 대규모 침수우려,20030418,,행정안전부,죽도2지구,,471132003001,,,칠성천보다 상대적으로 낮은 저지대로서 내수배제 지연으로 집중호우시 시가지 대규모 침수우려,,0,경상북도 포항시 북구  죽도로  30   (죽도동),,4,하수과장,1.0,0.0,001,,,,,,포항시 하수도과,050,포항시 시설8급,,죽도동 구.청룡회관 일원,,,2013/06/12 15:42:24.000000000,,1,1,001,
4711311600,,저지대침수,,,4711364000,,,,,,,0.0,,,,죽도지구,,저지대 상습침수,19960327,,행정안전부,죽도지구,,471132005001,,19,"가옥 18,000세대, 인명 63,000명",,, ,기타,4,하수과 하수과장,0.0,0.0,001,,,,20030419,침수예방사업 완료(배수펌프장 준공),,050,하수과 하수시설담당 토목주사보,, ,,,2005/04/18 10:08:58.000000000,,3,,001,
4711311700,,,지자체소유림,0.0,4711366500,,00,4711311700100150000136474     ,5000.0,20131118,도시녹지과 녹지5급,0.0,292.0,N,4.0,용흥1지구,105,산사태 발생에 따른 인명피해 우려지역,20131118,,산림청,용흥1지구,0.0,471132014002,0.0,,"산사태 발생시 인근 주택 및 인명피해
 시가지 및 농경지(1ha)",,1,,,4,도시녹지과 시설6급,0.0,0.0,002,92.0,,,,,산림녹지과,015,도시녹지과 시설9급,0,,,2013,2017/02/01 09:45:11.000000000,,2,1,004,
4725010400,,,지방1급하천,0.0,4725055000,,00,,0.0,20151104,상하수도사업소공업8,16.0,0.0,N,0.0,상주시 복룡지구,153,낙동강 수위 상승으로 인한 상습침수,20030831,,행정안전부,상주시 복룡지구,0.0,472502011002,0.0,2,상습침수,,0, [지점번호:라바61832539],낙동강,4,안전총괄과 행정 5,5.0,30.0,001,0.0,,,20090804,빗물펌프장 준공(2009.6.26),상하수도사업소,012,안전총괄과 시설 8,, ,,,2015/11/04 10:56:26.000000000, ,2,3,001,
4725039022,,,지방2급하천,0.0,4725039000,상주시 모서면 도안리341-1,00,,36300.0,20120712,건설과 시설 7,297.0,45.0,Y,1.0,가산교,341,집중호우시 재해위험상존,20120712,,국토교통부,도안지구,0.0,472502013003,0.0,3,삼포리천 내 가산교(잠수교) 통수단면 부족으로 하고 하천부유물이 교량에 걸쳐 강우시 외수가 높아져 인근 주택및 농경지가 침수됨,,0, [지점번호:라바42061620],금강,4,안전총괄과 행정 5,2.0,0.0,001,25.0,,,20151228,,상주시,013,안전총괄과 시설 8,,상주시 모서면 도안리341-1,20041201,2012,2016/03/13 12:26:28.000000000,석천수계하천정비기본계획,3,1,005,도안2리 이장
4725039021,,,지방2급하천,0.0,4725000000,모서면 삼포리81번지,02,,154571.0,20130120,건설과 / 시설7 이재명,297.0,25.0,Y,0.0,금계천,81,침수위험,20121224,20160302,,지산,0.0,472502013004,0.0,3,"호우시 통수단면및 제방여유고 부족으로 호안유실,하천변 주택 시설하우스(포도) 단지 침수위험 상존",,0, [지점번호:라바41661580],금강,4,안전재난실장,2.0,0.0,001,13.0,,,,,상주시,013,안전재난실 시설 7,0,모서면 삼포리81번지,20041201,2013,2024/04/11 15:10:25.000000000,석천수계하천정비기본계획,2,,,삼포2리 리장
4725033028,,,국가관리,0.0,4725033000,,00,,0.0,20151104,건설과 시설 7,0.0,0.0,N,0.0,제방,13,제방 미설치로 인한 외수 침수,19940222,,국토교통부,낙동 신상,0.0,472502013005,0.0,,외수유입으로 인한 농경지 침수,,1, [지점번호:라바66562381],,4,안전총괄과 행정 5,1.0,50.0,001,0.0,,,20040515,제방 설치 및 수문 설치,상주시,009,안전총괄과 시설 8,, ,,,2015/11/04 10:31:01.000000000, ,2,1,005,
4725043030,,,지방관리,0.0,4725043000,,00,,0.0,20151104,건설과 시설 7,0.0,0.0,N,0.0,제방,190,제방하폭협소,19990402,,국토교통부,외서 이안천,0.0,472502013006,0.0,,하폭협소로 외수 침수,,0, [지점번호:라바51063352],,4,안전총괄과 행정 5,1.0,50.0,001,0.0,,,20031220,98년 수해복구사업으로 완료,상주시,010,안전총괄과 시설 8,, ,,,2015/11/04 10:35:09.000000000, ,2,2,005,
4725037022,,,소교량,0.0,4725037000,,02,,86388.0,20131120,안전총괄과 시설 8,0.0,35.0,Y,1.0,고곡지구,620,제방의 여유고 및 하폭이 부족,20131120,20160302,행정안전부,고곡지구,0.0,472502013008,0.0,2,교고가 낮고 교장이 짧음,,0, [지점번호:라바50882408],낙동강,4,안전총괄과 행정 5,0.0,0.0,001,14.0,,,,,상주시,048,안전총괄과 시설 8,0,,20031001,2013,2017/01/24 11:40:53.000000000,소하천정비종합계획,2,10,001,신촌1리 이장
4725045025,,,소교량,0.0,4725000000,,02,,85169.0,20131120,건설과 / 시설8 이재민,0.0,440.0,Y,1.0,공검2지구,886,상습월류지역임,20131120,20160302,,공검2지구,0.0,472502013009,0.0,2,교고가 낮고 교장이 짧아 병목현상발생,,0,경상북도 상주시 공검면 비재로  1288    ,낙동강,4,안전재난실장,0.0,0.0,001,190.0,,,,,상주시,048,안전재난실 시설 7,0,,20031001,2013,2024/04/11 15:09:39.000000000,소하천정비종합계획,2,9,,양정1리 이장
4773040036,,외수침수,지방1급하천,,4773040000,,,4773040036102000000052506     ,10.0,,구천면 시설7급,120.0,,,,용사제방,200,외수유입으로 인한 가옥 및 농경지 침수,19960615,,행정안전부,용사지구,,477301996001,,2,외수유입으로 인한 가옥 및 농경지 보호를 위하여 제방 1200m를 축조함으로서 재해위험 요인 제거,,0,,낙동강,4,안전건설과 시설5급,2.0,30.0,001,,,,20010920,"제방 1,200mm를 축조하여 외유수입으로 인한 농경지를 보호함.",,012,안전건설과 시설9급,0,,,,2021/10/20 17:34:59.000000000,,2,0,001,
4773039036,,외수침수,지방2급하천,0.0,4773039000,,02,4773039036102250001059141     ,460000.0,20151105,비안면 시설6급,120.0,0.0,Y,0.0,박연제방,225,외수유입으로 인한 가옥 및 농경지 침수,19991010,20070521,행정안전부,박연지구,0.0,477301999001,0.0,2,외수유입으로 인한 가옥 및 농경지 및 보호를 위하여 제방 1200m를 축보함으로서 재해위험요인 제거,,0,,낙동강,4,안전건설과 시설 5급,2.0,30.0,001,0.0,,,20010920,"제방 1,200mm를 축보하여 재해위험 요인사항 제거함.",의성군 안전과,013,안전건설과 시설9급,0,,20130516,,2021/10/20 17:32:40.000000000,위천 하천기본계획,3,1,001,
4773036032,,외수침수,지방2급하천,0.0,4773036000,,02,,300000.0,20060228,가음면 시설9급,120.0,0.0,N,0.0,귀천제방,1,외수유입으로 인한 가옥 및 농경지 침수,20060228,20070521,행정안전부,귀천지구,0.0,477302000001,0.0,2,외수유입으로 인한 가옥 및 농경지 보호를 위하여 제방 1800m 를 축조함으로서 재해위험요인 제거,,0,,낙동강,4,안전건설과 시설5급,2.0,30.0,001,0.0,,,20090619,자연재해위험지구 정비공사,의성군청 안전과,013,안전건설과 시설9급,0,,,2006,2021/10/20 13:17:18.000000000,,1,,001,가음면 귀천리장
4773042034,,단면부족,지방1급하천,,4773042000,,,,10.0,,단북면 시설7급,120.0,,,,신하제방,74,단면부족으로인한 가옥 및 농경지 침수,20000330,,행정안전부,신하지구,,477302000003,,2,홍수시 제방 7m중 홍수위 6.8m 까지 상승함으로 인하여 붕괴위험이 많아 1.0m를 숭상함으로서 위험요인 제거,,0,,낙동강,4,안전건설과 시설5급,2.0,30.0,001,,,,20010920,,,012,안전과 시설9급,0,단북면 신하리 1371-5,,,2021/10/20 13:15:45.000000000,,3,,001,
4773031038,,하부세굴,지방2급하천,,4773000000,,,,164000.0,20000330,단촌면 시설7급,120.0,30.0,N,,후평제방,576,하부세굴로 인한 가옥 및 농경지 침수,20000330,,,후평지구,,477302000004,,2,하부세굴로 인한 가옥 및 농경지 보호를 위하여 제방 1200m를 보강함으로서 재해위험요인 제거,,0,,낙동강,4,안전과 과장,2.0,30.0,003,10.0,,,20010920,,안전건설과,013,안전과 시설7급,0,,,2001,2023/05/08 17:12:08.000000000,,3,11,,
4773037049,,,지방2급하천,0.0,4773037000,,02,,600000.0,20000331,금성면 시설7급,120.0,0.0,Y,0.0,산운제방,726,상습침수지구,20000331,20070521,행정안전부,산운지구,0.0,477302004001,0.0,2,홍수시 인가 및 농경지 침수,,0,,낙동강,4,안전건설과 시설 5급,2.0,30.0,001,0.0,,,20051221,산운제 재해위험지구 정비사업이 완료됨에 따라 해제,의성군 안전과,013,안전건설과 시설9급,0,,,,2021/10/20 11:40:53.000000000,쌍계천 하천기본계획,3,22,001,
4773038039,,,지방2급하천,0.0,4773038000,,02,,280000.0,20060228,봉양면 시설7급,0.0,0.0,Y,0.0,도원제방,1,침수위험지구,20060228,20070521,행정안전부,도원지구,0.0,477302006001,0.0,2,하천의 외수유입,,0, [지점번호:라바97791146],낙동강,4,안전건설과 시설5급,0.0,0.0,001,0.0,,,20130121,정비사업완료,의성군청 안전과,013,안전건설과 시설9급,0,,,2006,2021/10/20 10:44:42.000000000,쌍계천 하천기본계획,1,,001,봉양면 도원리장
4773038046,,,지방2급하천,0.0,4773038000,,02,,150000.0,20060228,봉양면 시설7급,0.0,0.0,Y,0.0,안평제방,663,침수위험지구,20060228,20070521,행정안전부,안평지구,0.0,477302006002,0.0,2,하천의 외수유입으로 침수위험,,0, [지점번호:라바94471361],낙동강,4,안전건설과 시설5급,0.0,0.0,001,0.0,,,20170203,,의성군 안전과,013,안전건설과 시설9급,0,,,2006,2021/10/20 10:43:06.000000000,쌍계천 하천기본계획,1,,001,봉양면 안평리장
4773025027,,,지방2급하천,0.0,4773025000,,02,,260000.0,20060228,의성읍 시설8급,0.0,0.0,Y,0.0,오로교,1,통수단면부족,20060228,20070521,행정안전부,오로지구,0.0,477302006004,0.0,2,통수단면 부족으로 교량유실 위험,,0, [지점번호:마바09991478],낙동강,4,안전건설과장 시설5급,0.0,0.0,001,0.0,,,20130121,재해위험지구 정비공사 완료,의성군청 안전과,013,안전과 시설9급,0,,,2006,2021/10/20 10:40:00.000000000,쌍계천 하천기본계획,3,,001,의성읍 오로리장
4773025031,,,지방2급하천,0.0,4773025000,,02,,10.0,20060228,의성읍 시설8급,0.0,0.0,Y,0.0,양지교,1,교량유실위험,20060228,20070521,행정안전부,양지지구,0.0,477302006005,0.0,2,통수단면 부족으로 교량유실위험,,0, [지점번호:마바06871827],낙동강,4,안전건설과장 시설5급,0.0,0.0,001,0.0,,,20130121,재해위험지구 정비공사 완료,의성군청 안전과,013,안전건설과 시설9급,0,,,2006,2021/10/20 10:38:48.000000000,쌍계천 하천기본계획,1,,001,의성읍 원당리장
4773041030,,,지방2급하천,,4773041000,,,,0.0,,단밀면 시설9급,0.0,,,,용곡제방,1,제방붕괴,20060228,,행정안전부,용곡지구,,477302006006,,2,파이핑 현상으로 제방붕괴 위험,,0, [지점번호:라바82251937],낙동강,4,안전과 과장,0.0,0.0,001,,,,20130121,정비사업완료,의성군청 안전과,013,안전과 시설7급,0,,,,2017/01/16 14:04:33.000000000,,1,,001,단밀면 용곡리장
4775034045,,,지방2급하천,,4775034000,,,,,,,,,,,제방,344,침수위험지구,20000324,,국토교통부,덕계,,477502009003,,,침수위험,,0, [지점번호:마바25741099],,4,,,,001,,,,20050506,,,013,,, ,,,2009/06/24 11:44:54.000000000,,,,005,
4773046035,,,지방2급하천,0.0,4773046000,,02,,100000.0,20100513,안평면 시설7급,0.0,0.0,N,1.0,괴산지구,521,하폭 및 여유고와 통수단면 부족,20100513,20070521,행정안전부,괴산지구,0.0,477302010009,0.0,2,부족한 하폭 및 통수단면 확보,,0, [지점번호:라바97772039],낙동강,4,안전건설과장 시설 5급,0.0,0.0,001,0.0,,,20170203,,의성군청 안전과,013,안전건설과 시설9급,0,,,2010,2021/10/20 10:33:43.000000000,괴촌천 하천기본계획,1,,001,안평면 괴산1리장
4773045035,,,지방2급하천,0.0,4773045000,,02,,33000.0,20100513,신평면 시설7급,0.0,0.0,Y,2.0,밤실제방,656,제방여유고 부족으로 인한 주택 및 농경지 침수 우려,20100513,20070521,행정안전부,밤실지구,0.0,477302010013,0.0,2,외수위 상승에 따른 역류현상과 현단면 부족으로 침수피해,,0,경상북도 의성군 신평면 중율길  25    ,낙동강,4,안전건설과장 시설 5급,0.0,0.0,001,0.0,,,,,의성군청 안전과,013,안전과 시설9급,0,,20100222,2010,2021/10/20 10:18:46.000000000,하신천 하천기본계획,1,2,001,신평면 중율2리장
4773046046,,,지방2급하천,0.0,4773046000,,02,,104200.0,20100513,안평면 시설7급,0.0,20.0,Y,1.0,삼춘제방,740,하폭 및 통수단면 부족으로 인한 농경지 침수 우려,20100513,20070521,행정안전부,삼춘지구,0.0,477302010011,0.0,2,하천 하폭 및 통수단면 부족,,0, [지점번호:라바95542515],낙동강,1,안전건설과장 시설5급,0.0,0.0,001,8.0,,,,,의성군청 안전과,013,안전과 시설9,0,,19990807,2010,2021/10/20 10:29:20.000000000,안평천 하천기본계획,1,,001,안평면 삼춘2리장
4773036028,,,군천,0.0,4773036000,,02,,87400.0,20100513,가음면 시설9급,0.0,12.0,Y,6.0,덕천제방,1363,하폭 및 통수단면 부족으로 인한 침수우려,20100513,20070521,행정안전부,덕천지구,0.0,477302010012,0.0,2,하폭 및 통수단면 부족,,0,경상북도 의성군 가음면 금성현서로  447    ,낙동강,1,안전건설과장 시설 5급,0.0,0.0,005,10.0,,,,,의성군청 안전과,042,안전건설과 시설9급,0,,,2010,2021/10/20 10:20:11.000000000,덕천소하천기본계획,1,1,001,가음면 장리이장
4728033022,,,기타,0.0,4728000000,,02,,34000.0,20100526,,0.0,76.0,Y,0.0,별암교,949,통수단면 부족으로 인한 유실위험,20100526,20131014,,별암지구,0.0,472802012023,0.0,-1,통수단면 부족으로 인한 유실위험,,0,,,1,안전재난과 행정5급,0.0,0.0,005,42.0,,,,,안전재난과,050,안전재난과 시설9급,0,,,2010,2023/04/28 17:40:47.000000000,,2,,,
5213031024,,,사립,0.0,5213000000,,02,,1687.0,20060302,옥산면 행정8급,0.0,10.0,N,0.0,절개지,954,붕괴위험,20060330,20060804,,당북,0.0,451302006007,0.0,-1,붕괴위험,,0,전라북도 군산시 옥산면 계산2길  5    ,,1,안전총괄과 시설5급,0.0,0.0,002,3.0,,,,,군산시 옥산면사무소,008,안전총괄과 방재안전9급,0,,20060302,2006,2023/04/24 20:13:31.000000000,,2,2,,이장
4773047021,,,지방2급하천,0.0,4773047000,,02,,46300.0,20100513,안사면 시설6급,0.0,1.0,Y,1.0,중하제방,657,하폭 및 제방여유고 부족으로 인한 농경지 침수우려,20100513,20070521,,중하지구,0.0,477302010014,0.0,2,하폭 및 제방여유고 부족,,0, [지점번호:라바87582536],낙동강,1,안전건설과장 시설 5급,0.0,0.0,001,1.0,,,,,의성군청 안전과,013,안전과 시설9급,0,,20040823,2010,2022/05/12 10:36:20.000000000,신평천 하천기본계획,1,1,,안사면 중하2리장
4728037025,,,지방2급하천,0.0,4728037000,,00,,90000.0,20151105,안전재난과 행정5급,0.0,0.0,N,0.0,영강,1,취약방재시설,20070420,,국토교통부,서당들,0.0,472802007010,0.0,-1,하천 제방 유실,,0,,,4,안전재난과 시설5급,0.0,0.0,003,0.0,,,20130814,정비사업완료로 인한 위험요인 해소,안전재난과,013,안전재난과 시설6급,0,,,,2020/06/08 10:54:35.000000000,,2,,005,
4728037024,,,기타,0.0,4728037000,,02,,1100000.0,20151102,농암면 행정5급,0.0,0.0,N,0.0,고모천,1,취약방재시설,20070420,,행정안전부,고모지구,0.0,472802007011,0.0,-1,하천 제방 유실,,0, [지점번호:라바42214783],,1,안전재난과 시설5,0.0,0.0,003,0.0,,,,,안전재난과,050,안전재난과 시설6,0,,,,2020/06/08 10:52:02.000000000,,1,,001,
4728037026,,,기타,0.0,4728037000,,00,,1200000.0,20151102,농암면 행정5급,0.0,0.0,N,0.0,화산천,1,취약 방재 시설,20070420,,행정안전부,화산지구,0.0,472802007012,0.0,-1,하천 제방 유실,,0, [지점번호:라바44304395],,1,안전재난과 시설5,0.0,0.0,003,0.0,,,,,안전재난과,050,안전재난과 시설6,0,,,,2020/06/08 10:49:20.000000000,,2,,001,
4728010700,,,지방2급하천,0.0,4728060000,,00,,10000.0,20151105,점촌4동 행정7급,0.0,0.0,N,0.0,영강,101,취약방재시설,20070420,,국토교통부,불정,0.0,472802007013,0.0,-1,하천 제방 유실,,0, [지점번호:라바57225120],,4,안전재난과 시설5급,0.0,0.0,003,0.0,,,20130814,정비사업완료로 인한 위험요인해소,안전재난과,013,안전재난과 시설6,0,,,,2020/06/08 10:47:50.000000000,,1,15,005,
4728033030,,,기타,0.0,4728033000,,00,,20000.0,20151105,호계면 행정5급,0.0,0.0,N,0.0,협동교,310,통수단면 부족으로 인한 유실위험,20100526,,행정안전부,막곡지구,0.0,472802012014,0.0,-1,통수단면 부족으로 인한 유실위험,,0, [지점번호:라바62834821],,4,안전재난과 시설5급,0.0,0.0,005,0.0,,,20150406,사업 완료로 인한 위험요인 해소,안전재난과,050,안전재난과 시설6급,0,,,,2020/06/08 10:44:34.000000000,,2,4,001,
4728025328,,,기타,0.0,4728025300,,02,,30000.0,20151102,가은읍 시설5급,0.0,0.0,N,0.0,전곡3교,912,통수단면 부족으로 인한 유실위험,20100526,20131014,행정안전부,전곡지구,0.0,472802012015,0.0,-1,통수단면 부족으로 인한 유실위험,,0, [지점번호:라바47044628],,4,안전재난과 시설5급,0.0,0.0,005,0.0,,,20150406,사업 완료로 인한 위험요인 해소,안전재난과,050,안전재난과 시설6급,0,,,2010,2020/06/08 10:41:44.000000000,,2,,001,
4728034035,,,기타,0.0,4728034000,,02,,30000.0,20100526,산북면 행정5급,0.0,95.0,Y,0.0,내화1교,1309,통수단면 부족으로 인한 유실위험,20100526,20131014,행정안전부,내화지구,0.0,472802012016,0.0,-1,통수단면 부족으로 인한 유실위험,,0, [지점번호:라바69525422],,4,안전재난과 시설6급,0.0,0.0,005,52.0,,,20170427,,안전재난과,050,안전재난과 시설6급,0,,,2010,2020/06/08 10:39:56.000000000,,2,,001,
4728037022,,,기타,0.0,4728037000,,02,,10000.0,20100526,농암면 행정5급,0.0,0.0,Y,0.0,괴정교,536,통수단면 부족으로 인한 유실위험,20100526,20131014,행정안전부,농암지구,0.0,472802012017,0.0,-1,통수단면 부족으로 인한 유실위험,,0, [지점번호:라바44864292],,1,안전재난과 시설5,0.0,0.0,005,0.0,,,,,안전재난과,050,안전재난과 시설6,0,,,2010,2020/06/08 10:38:40.000000000,,2,,001,
4728025024,,,기타,0.0,4728025000,,02,,10000.0,20100526,문경읍 행정5급,0.0,0.0,Y,0.0,구고요교,557,통수단면 부족으로 인한 유실위험,20100526,20131014,행정안전부,고요지구,0.0,472802012018,0.0,-1,통수단면 부족으로 인한 유실위험,,0, [지점번호:라바55525919],,4,안전재난과 행정5급,0.0,0.0,005,0.0,,,20160809,,안전재난과,050,안전재난과 시설6급,0,,,2010,2020/06/08 10:36:10.000000000,,3,1,001,
4728033027,,,기타,0.0,4728033000,,02,,20000.0,20100526,호계면 행정5급,0.0,0.0,Y,0.0,가도3교,556,통수단면 부족으로 인한 유실위험,20100526,20131014,행정안전부,가도지구,0.0,472802012019,0.0,-1,통수단면 부족으로 인한 유실위험,,0, [지점번호:라바65075147],,1,안전재난과 시설5,0.0,0.0,005,0.0,,,,,안전재난과,050,안전재난과 시설6,0,,,2010,2020/06/08 10:34:39.000000000,,3,1,001,
4728034028,,,기타,0.0,4728000000,,02,,20000.0,20100526,산북면 행정5급,0.0,0.0,Y,0.0,거산소교,514,통수단면 부족으로 인한 유실위험,20100526,20131014,,거산지구,0.0,472802012020,0.0,-1,통수단면 부족으로 인한 유실위험,,0, [지점번호:라바66535996],,4,안전재난과 시설5,0.0,0.0,005,0.0,,,20211027,,안전재난과,050,안전재난과 시설6,0,,,2010,2023/02/09 20:21:16.000000000,,3,,,
4728035021,,,기타,0.0,4728035000,,02,,10000.0,20100526,동로면 행정5급,0.0,0.0,Y,0.0,마광교,812,통수단면 부족으로 인한 유실위험,20100526,20131014,행정안전부,마광지구,0.0,472802012021,0.0,-1,통수단면 부족으로 인한 유실위험,,0,,,4,안전재난과 시설5,0.0,0.0,005,0.0,,,20181022,,안전재난과,050,안전재난과 시설6,0,,,2010,2020/06/17 07:44:11.000000000,,2,,001,
4728037025,,,기타,0.0,4728000000,,02,,18000.0,20100526,농암면 행정5급,0.0,13.0,Y,0.0,속리들교,846,통수단면 부족으로 인한 유실위험,20100526,20131014,,내서지구,0.0,472802012022,0.0,-1,통수단면 부족으로 인한 유실위험,,0, [지점번호:라바42744167],,4,안전재난과 시설5,0.0,0.0,005,8.0,,,20211027,,안전재난과,050,안전재난과 시설6,0,,,2010,2023/02/09 20:20:49.000000000,,3,,,
5213039021,,절개지,지방관리,,5213039000,,,,14530.0,20060302,옥도면,0.0,,,,절개지,29,절개지가 급경사로 붕괴위험(토사),20060330,,행정안전부,개야도,,451302004008,,,절개지가 급경사로 붕괴위험(토사),,1,전라북도 군산시 옥도면 개야도1길  9-7   ,,4,안전총괄과 시설5급,1.0,0.0,002,,,,20150615,,옥도면사무소,010,안전총괄과 시설7급,0,,20060302,2006,2016/07/20 09:56:28.000000000,,2,8,001,마을이장
5213014900,,,사립,,5213070300,,,,7933900.0,20001222,미성동 행정8급,0.0,,,,배수펌프장,867,상습침수지역 해소,20001222,,행정안전부,미성동,,451302004009,,,상습침수,,0,전라북도 군산시  신흥길  41   (신관동),,4,안전총괄과 시설5급,1.0,0.0,001,,,,20050118,자연재해대책법 제26조 규정에 의한 재해위험지구 정비완료,미성동주민센터,008,안전총괄과 시설7급,0,,20001222,2001,2016/07/20 09:53:28.000000000,,1,0,001,마을통장
5213014600,,절개지,사립,,5213071000,,,,4820.0,20041006,소룡동,200.0,,,,절개지(은적사입구),1343,절개지 낙석발생 위험,20060330,,행정안전부,"소룡1,2",,451302004010,,,절개지 낙석발생 위험,,0,전라북도 군산시  설림길  44   (소룡동),,4,안전총괄과 시설5급,1.0,20.0,002,,,,20070813,정비완료,소룡동주민센터,008,안전총괄과 시설7급,0,,20041006,2004,2016/07/20 09:50:45.000000000,,2,7,001,마을통장
5213040021,,절개지붕괴,공립,,5213040000,,,,18800.0,20060302,옥서면 행정7급,0.0,,,,절개지,1283,절개지 붕괴위험,20060330,,행정안전부,외성산,,451302006001,,19,절개지 붕괴위험,,0,전라북도 군산시 옥서면 구호촌길  12-1   ,기타,4,안전총괄과 시설5급,0.0,0.0,002,,,,20150615,,군산시 옥서면사무소,007,안전총괄과 시설7급,0,,20060302,2006,2016/07/20 09:38:12.000000000,,2,2,001,마을이장
5213014600,,,사립,,5213071000,,,,8686.0,20060302,소룡동 행정7급,0.0,,,,연안지역 저지대,1019,상습침수,20060330,,행정안전부,소룡동,,451302006002,,19,해일등 해수면상승에 의한 침수,,0,전라북도 군산시  어판장길  5   (소룡동),기타,4,안전총괄과 시설5급,0.0,0.0,001,,,,20191218,,군산시 소룡동사무소,008,안전총괄과 시설7급,0,,20060302,2006,2020/11/26 17:53:44.000000000,,1,111,001,마을통장
5213013600,,,지방관리,,5213066000,,,,1086000.0,19991021,경암동 행정7급,0.0,,,,경포천,674,상습침수,19991021,,행정안전부,경포,,451302006003,,,없음,,0,전라북도 군산시  경암1길  71   (경암동),,4,안전총괄과 시설5급,0.0,0.0,001,,,,20050118,정비완료,경암동주민센터,010,안전총괄과 시설7급,0,,19991021,,2016/07/20 09:31:36.000000000,,1,5,001,마을통장
5213013800,,,사립,,5213067000,,,,1487600.0,20000427,구암동 행정9급,0.0,,,,금강,863,상습침수,20000427,,행정안전부,내흥동,,451302006004,,,없음,,0,전라북도 군산시  내흥1길  19   (내흥동),,4,안전총괄과 시설5급,0.0,0.0,001,,,,20050118,정비완료,구암동주민센터,008,안전총괄과 시설7급,0,,20000427,2001,2016/07/20 09:28:49.000000000,,1,100,001,마을통장
5213010100,,,지방관리,,5213051500,,,,25400.0,20060302,해신동주민센터,0.0,,,,절개지,1008,붕괴위험,20060330,,행정안전부,해망9통,,451302006005,,,붕괴위험 - 8동 잔여,,0, [지점번호:다마27507684],,4,안전총괄과 시설5급,0.0,0.0,002,,,,,,해신동주민센터,010,안전총괄과 시설6급,0,,20060302,2006,2016/07/20 09:24:33.000000000,,2,140,001,해망9통장
5213014900,,,사립,0.0,5213000000,,02,,3212.0,20060302,미성동 행정9급,0.0,21.0,N,0.0,절개지,366,붕괴위험,20060330,20060804,,미창,0.0,451302006006,0.0,-1,붕괴위험,,0,전라북도 군산시  개사길  242   (신관동),,1,안전총괄과 시설5급,0.0,0.0,002,7.0,,,,,군산시 미성동사무소,008,안전총괄과 시설9급,0,,20060302,2006,2023/04/24 19:22:26.000000000,,2,3,,마을통장
4773045037,,,군천,0.0,4773045000,,02,,8000.0,20100513,신평면 시설7급,0.0,12.0,Y,3.0,교안제방,288,교량 형하고 및 하천 통수단면 부족으로 인한 유실 우려,20100513,20070521,,교안지구,0.0,477302010015,0.0,2,교량 형하고 및 하천 통수단면 부족,,0,경상북도 의성군 신평면 봉호로  2412    ,낙동강,1,안전건설과장 시설 5급,0.0,0.0,005,6.0,,,,,의성군청 안전과,042,안전과 시설9급,0,,,2010,2022/05/12 10:36:13.000000000,검정소하천기본계획,1,8,,심평면교안2리 이장
4773033033,,,지방2급하천,0.0,4773033000,,02,,229500.0,20100513,옥산면 시설8급,0.0,0.0,Y,0.0,감계제방,216,하폭 및 제방여유고 부족으로 인한 농경지 침수 우려,20100513,20070521,,감계지구,0.0,477302010016,0.0,2,하폭 및 제방여유고 부족,,0, [지점번호:마바16832028],낙동강,4,안전과장 시설5급,0.0,0.0,001,0.0,,,20170203,,의성군청 안전과,013,안전과 시설9급,0,,20130401,2010,2022/05/12 10:36:07.000000000,미천 하천기본계획,1,4,,옥산면 감계리장
4775032034,,,지방2급하천,0.0,4775032000,,02,,121000.0,20100528,안전재난건설과,0.0,170.0,Y,0.0,교량,1,침수위험지구,20100528,20070504,행정안전부,구천(용전천),0.0,477502010006,0.0,2,침수위험,,0,,낙동강,4,,0.0,0.0,001,50.0,,,,,,013,안전재난건설과,0,,19931228,2010,2021/06/04 16:07:39.000000000,용전천 하천기본계획,2,,001,
4773034034,,,지방2급하천,0.0,4773000000,,02,,120000.0,20100513,사곡면 시설6급,0.0,8.0,Y,1.0,신감제방,1201,하폭 및 제방여유고 부족으로 인한 침수 우려,20100513,20070521,,신감지구,0.0,477302010017,0.0,2,하폭 및 제방여유고 부족,,0, [지점번호:마바13231349],낙동강,4,안전건설과장 시설5급,0.0,0.0,001,4.0,,,,,의성군청 안전과,013,안전건설과 시설8,0,,20120430,2010,2023/04/27 22:27:36.000000000,남대천 하천기본계획,1,10,,사곡면 신감리장
4773031031,,,지방2급하천,0.0,4773000000,,02,,68029.0,20180828,단촌면 시설7급,251.0,200.0,Y,2.0,장터제방,1120,하천통수단면부족으로 인접 주택 및 농경지 침수 우려,20180828,20070521,,장터지구,0.0,477302013018,1634.0,2,하천 통수 단면 부족,,0,경상북도 의성군 단촌면 장터길  48    ,낙동강,4,안전과장 시설5급,2.0,40.0,001,110.0,,,,,의성군 안전과,013,안전과 시설9급,0,,20160317,2013,2023/04/27 22:26:17.000000000,하화천 하천기본계획,1,0,,단촌면 하화리장
4773033040,,,지방2급하천,0.0,4773033000,,02,,151900.0,20131107,옥산면 시설8급,0.0,0.0,Y,1.0,탑들제방,224,제방여유고부족 및 교량형하고 부족으로 농경지 침수 우려,20131107,20070521,,탑들지구,0.0,477302013019,0.0,2,제방여유고부족 및 교량형하고 부족,,0, [지점번호:마바20961857],낙동강,4,안전과장 시설5급,0.0,0.0,001,0.0,,,,,의성군청 안전과,013,안전과 시설9급,0,,20050718,2013,2022/05/12 10:35:47.000000000,달곡천 하천기본계획,1,0,,옥삼면 금학리장
4775035043,,,지방2급하천,,4775035000,,,,,,건설방재과 시설7,0.0,,,,제방,1,침수위험지구,20100528,,행정안전부,덕성(보현천),,477502010011,,2,침수위험,,0, [지점번호:마바31500892],낙동강,4,,0.0,0.0,001,,,,20141210,정비사업 완료로 재해위험요인 해소,,013,건설방재과 시설9,, ,,,2014/12/22 10:17:07.000000000,,2,,001,
4773034032,,,지방2급하천,0.0,4773034000,,02,,543000.0,20131107,사곡면 시설6급,0.0,100.0,Y,1.0,음지제방,830,제방여유고 및 교량형하고 부족으로 농경지 침수우려,20131107,20070521,,음지지구,0.0,477302013020,0.0,2,침수로 인한 재산및인명피해 우려,,0,경상북도 의성군 사곡면 음지길  22    ,낙동강,4,안전과장 시설5급,0.0,0.0,001,50.0,,,,,의성군청 안전과,013,안전과 시설7급,0,,20120430,2013,2022/05/12 10:35:39.000000000,남대천 하천기본계획,1,1,,사곡면 음지리장
5274025030,,단면부족,지방2급하천,0.0,5274025000,,00,,2000.0,20151030,장수읍장,85.0,69.0,N,0.0,송천천,871,미개수하천으로 집중호우 발생시 재해위험 상존,20080103,,행정안전부,송천,0.0,457402009008,0.0,3,하천폭 부족으로 집중호우시 주택 및 농경지 등 침수피해 우려,,0, [지점번호:라마00783796],금강,4,재난안전과 시설5급,10.0,50.0,001,38.0,,,20130715,위험지구 정비완료,안전재난과,013,재난안전과 시설6급,0,,,,2018/10/17 10:45:52.000000000,,2,1,001,송천리 이장
5274031026,,하천,지방2급하천,0.0,5274031000,,00,,4800.0,20151030,산서면장,85.0,0.0,N,0.0,사계천,891,미개수하천으로 집중호우 발생시 재해위험 상존,20080103,,행정안전부,사계,0.0,457402009009,0.0,5,제방단면 부족으로 인하여 하천범람 및 농경지 침수의 가능성 상존,,0, [지점번호:다마87822922],섬진강,4,안전재난과 시설5급,10.0,50.0,001,0.0,,,20160718,,안전재난과,013,안전재난과 시설6급,0,,,,2017/02/27 14:32:21.000000000,,1,,001,사계리 이장
5221010200,,농경지,기타,,5221052000,,,,,,신풍동 담당자,0.0,,,,농경지(김제역주변),12,상습적인 침수피해,20060308,,행정안전부,신풍,,452102006001,,,집중호우시 침수피해,,0, [지점번호:다마46305532],,4,재난안전과 과장,0.0,0.0,001,,,,20130628,새만금사업 및 두월천정비공사로 침수요인 해소,김제시,050,재난안전과 시설6급,0,,,,2016/07/20 09:20:16.000000000,,1,8,001,신풍동 통장
5221041025,,암절개지,기타,0.0,5221000000,,00,,90000.0,20151103,진봉면 담당자,0.0,0.0,N,0.0,암절개지,86,붕괴위험,20060308,,,심포,0.0,452102006002,0.0,-1,암 절개지 붕괴 위험,,1,전라북도 김제시 진봉면 심포5길  133    ,,3,재난안전과 과장,0.0,0.0,002,0.0,,,20121012,,김제시,050,재난안전과 시설6급,0,,,,2024/12/16 18:17:10.000000000,,1,2,,심포리
5221045024,,암절개지,기타,0.0,5221045000,,00,,16000.0,20151103,금산면 부면장,0.0,0.0,N,0.0,절개지,169,붕괴위험,20060308,,행정안전부,중원,0.0,452102006003,0.0,,붕괴위험,,0,,,4,재난안전과 과장,0.0,0.0,002,0.0,,,20121009,,김제시,050,재난안전과 시설6급,0,,,,2016/07/20 09:24:05.000000000,,2,4,001,
5221044026,,절개지,기타,0.0,5221000000,,00,,7500.0,20151103,황산면 사무운영6급,0.0,0.0,N,0.0,절개지,33,붕괴위험,20060308,,,쌍감,0.0,452102006004,0.0,-1,붕괴위험,,1,전라북도 김제시 황산면 높은메길  124    ,,3,안전총괄과장,0.0,0.0,002,0.0,,,,,김제시 안전총괄과,050,안전총괄과 시설6급,0,,,,2024/12/16 18:17:28.000000000,,2,8,,매산 이장
5221045026,,상습침수,지방2급하천,0.0,5221045000,일원,00,,885000.0,20151103,금산면 행정6급,0.0,0.0,N,0.0,하천(원평천),540,제방붕괴 및 침수우려,20100525,,국토교통부,원평지구,0.0,452102012006,0.0,8,집중호우 및 하천급경사로 제방붕괴 위험,,0,전라북도 김제시 금산면 수류로  589    ,동진강,4,재난안전과 시설5급,0.0,0.0,001,0.0,,,20140530,,김제시,013,재난안전과 시설6급,0,일원,,,2016/07/20 09:18:15.000000000,,1,,005,
5221034025,,상습침수,지방2급하천,0.0,5221000000,일원,00,,109260.0,20151103,용지면 행정7급,0.0,0.0,N,0.0,하천(용암천),820,제방붕괴 및 침수우려,20100525,,,용암,0.0,452102012007,0.0,9,집중호우로 제방붕괴및 침수우려,,0,전라북도 김제시 용지면 와룡3길  51    ,만경강,3,안전총괄과장,0.0,0.0,001,0.0,,,,,김제시 안전총괄과,013,안전총괄과 시설6급,0,일원,,,2024/12/16 18:16:52.000000000,,2,,,마교 이장
5221045027,,상습침수,기타,0.0,5221000000,일원,02,,284000.0,20151103,안전재난과 시설8급,261.0,490.0,Y,9.0,마산천(지방하천),561,제방붕괴 및 침수우려,20100525,20130725,,율치,0.0,452102012008,20.0,8,"집중호우 및 급류에 의한 범람, 침수우려",,0,전라북도 김제시 금산면 수류7길  230    ,동진강,2,안전재난과장 시설6급,50.0,83.0,001,245.0,,,,,안전재난과,050,안전재난과 시설8급,0,일원,20091103,,2024/09/24 16:44:36.000000000,김제시 소하천정비종합계획,1,,,당월 이장
5221042025,,상습침수,기타,0.0,5221000000,일원,02,,284000.0,20151103,안전재난과 시설7급,261.0,490.0,Y,9.0,마산천(지방하천),601,제방붕괴 및 침수우려,20100525,20130725,,당월,0.0,452102012009,20.0,19,집중호우시 침수우려,,0, [지점번호:다마57735399],기타,2,안전재난과장 시설6급,50.0,83.0,001,245.0,,,,,안전재난과,050,안전재난과 시설7급,0,일원,,,2023/11/20 17:12:48.000000000,김제시 소하천정비종합계획,1,19,,당월 이장
5221033030,,상습침수,기타,0.0,5221000000,일원,00,,790000.0,20151103,백산면사무소 행정7,0.0,0.0,N,0.0,소하천(석교천),862,제방부괴 및 침수우려,20100525,,,석교지구,0.0,452102012010,0.0,19,집중호우로 침수,,0, [지점번호:다마41855889],기타,3,안전총괄과장,0.0,0.0,001,0.0,,,,,김제시 안전총괄과,050,안전총괄과 시설6급,0,일원,,,2024/12/16 18:16:14.000000000,,2,,,전석 이장
5221045027,,상습침수,지방관리,0.0,5221000000,,00,,100000.0,20151103,안전총괄과 시설6급,0.0,0.0,N,0.0,원평천,1,재해위험지구,19960901,,문화재청,화율지구,0.0,452102013011,0.0,8,침수위험,,0,,동진강,4,안전총괄과장,0.0,0.0,001,0.0,,,20020420,재해위험지구 정비사업 시행으로 재해위험요인 제거,김제시청,010,안전총괄과 시설6급,0,,,,2017/01/05 09:03:20.000000000,,2,,015,
5213025024,,방조제,지방관리,,5213025000,,,,8360360.0,19970826,옥구읍,200.0,,,,수산방조제,572,1987. 9. 17 폭풍 및 해일로 인한 제방유실 피해지역,19970826,,행정안전부,수산,,451302004001,,9,와류현상과 사면 세굴로 붕괴우려 - 폭풍 및 해일대비,,0,전라북도 군산시 옥구읍 남군산로  1157    ,만경강,4,안전총괄과 시설5급,2.0,40.0,003,,,,19990115,제방505m정비공사 98.12.31일준공으로 재해위험요인 해소,군산시 옥구읍사무소,010,안전총괄과 시설7급,0,,19970826,,2016/07/20 10:10:41.000000000,,2,24,001,마을이장
5213010300,,절개지,사유림,0.0,5213051500,,00,,9908.0,20060302,해신동 행정8급,0.0,0.0,N,0.0,절개지,9,절개지가 급경사로 붕괴위험(낙석),20060330,,행정안전부,해망1,0.0,451302004002,0.0,,절개지가 급경사로 붕괴우려(낙석),,0,전라북도 군산시  중앙로  211-2  (금동),,4,안전총괄과 시설5급,1.0,0.0,002,0.0,,,20150615,,군산시 해신동사무소,016,안전총괄과 시설7급,0,,20060302,2006,2016/07/20 10:08:33.000000000,,2,41,001,마을통장
5213010100,,절개지,기타,0.0,5213051500,,00,,52538.0,20060302,해신동 행정8급,0.0,0.0,N,0.0,절개지,998,절개지가 급경사로 붕괴위험 및 고지대 주택붕괴 우려(낙석),20060330,,행정안전부,해망2,0.0,451302004003,0.0,,절개지가 급경사로 붕괴위험(낙석),,0,전라북도 군산시  월명공원1길  26-3  (해망동),,4,안전총괄과 시설5급,1.0,0.0,002,0.0,,,20150615,,군산시 해신동사무소,050,안전총괄과 시설7급,0,,20060302,2006,2016/07/20 10:07:05.000000000,,2,2,001,마을통장
5213010100,,절개지,사유림,0.0,5213000000,,02,,3562.0,20060302,해신동 행정7급,0.0,30.0,N,0.0,절개지,999,절개지가 급경사로 붕괴위험 및 고지대 주택붕괴 우려,20060330,20060804,,해망3,0.0,451302004004,0.0,-1,절개지가 급경사로 붕괴위험 및 고지대 주택붕괴 우려,,0,전라북도 군산시  해망3길  52   (해망동),,1,안전총괄과 시설5급,1.0,0.0,002,10.0,,,,,해신동주민센터,016,안전총괄과 시설6급,0,,20060302,2006,2023/04/24 20:17:48.000000000,,2,58,,마을통장
5213010100,,절개지,사유림,0.0,5213000000,,02,,5199.0,20060302,해신동 행정7급,0.0,15.0,N,0.0,절개지,1001,절개지가 급경사로 붕괴위험이 있음 (낙석),20060330,20060804,,해망4,0.0,451302004005,0.0,-1,절개지가 급경사로 붕괴위험이 있음 (낙석),,0,전라북도 군산시  해망4길  9-1  (해망동),,1,안전총괄과 시설5급,1.0,0.0,002,5.0,,,,,군산시 해신동사무소,016,안전총괄과 방재안전9급,0,,20060302,2006,2023/04/24 20:16:21.000000000,,2,2,,마을통장
5213011200,,석축,지방관리,,5213057000,,,,15140.0,20060302,월명동,0.0,,,,석축,241,노후시설이 고지대에 위치 붕괴위험 (석축),20060330,,행정안전부,선양동,,451302004006,,,노후시설이 고지대에 위치 붕괴위험 (석축) - 8동 잔여,,0,전라북도 군산시  선양3길  12   (선양동),,4,안전총괄과 시설5급,1.0,0.0,002,,,,20170515,,월명동주민센터,010,안전총괄과 시설7급,0,,20060302,2006,2017/08/03 11:43:35.000000000,,2,,001,1통장
5213011400,,석축,시도립,0.0,5213000000,,02,,12029.0,20060302,월명동 행정9급,0.0,100.0,N,0.0,석축,38,노후시설이 고지대에 위치 붕괴위험 (석축),20060330,20060804,,창성동,0.0,451302004007,0.0,-1,노후시설이 고지대에 위치 붕괴위험 (석축,,0,전라북도 군산시  아리랑로  19-1  (창성동),,2,안전총괄과 시설5급,1.0,0.0,002,30.0,,,,,월명동주민센터,035,안전총괄과 시설9급,0,,20060302,2006,2023/04/24 20:14:42.000000000,,2,11,,마을통장
5213039022,,,사립,0.0,5213000000,,02,,504.0,20060302,옥도면 공업9급,0.0,4.0,N,0.0,절개지,4,붕괴위험,20060330,20060804,,연도,0.0,451302006008,0.0,-1,붕괴위험,,1,전라북도 군산시 옥도면 연도1길  8-2   ,,1,안전총괄과 시설5급,0.0,0.0,002,1.0,,,,,군산시 옥도면사무소,008,안전총괄과 방재안전9급,0,,20060302,2006,2023/04/24 20:13:12.000000000,,2,0,,연도이장
5213010100,,,지방관리,,5213051500,,,,37926.0,20060302,해신동 행정8급,0.0,,,,석축,14,붕괴위험,20060330,,행정안전부,신흥동,,451302006009,,,붕괴위험 - `2동 잔여,,0,,,4,안전총괄과 시설5급,0.0,0.0,002,,,,20140602,,군산시 해신동사무소,010,안전총괄과 시설6급,0,,20060302,2006,2016/07/20 09:14:52.000000000,,2,1,001,10통장
5213010400,,,지방관리,,5213000000,,,,28813.0,20060302,월명동 행정7급,0.0,30.0,,,석축,32,붕괴위험,20060330,,,월명동,,451302006010,,-1,붕괴위험 - 10동 잔여,,0,전라북도 군산시  월명1길  29-25  (월명동),,4,안전총괄과 시설5급,0.0,0.0,002,10.0,,,,,군산시 월명동사무소,010,안전총괄과 방재안전9급,0,,20060302,2006,2023/04/24 20:35:11.000000000,,2,27,,7통장
4481039024,,,지방관리,,4481039000,,,,1000000.0,,시설7,200.0,,,,배수펌프장,220,상습침수(내수),19961119,,행정안전부,신종재해위험지구,,448102011007,,7,배수장 설치,,0, [지점번호:다바39246281],삽교천,4,안전관리과 복구지원팀장,5.0,50.0,001,,,,20021119,정비완료,예산군 안전관리과,010,안전관리과 시설7,0,,,,2020/09/03 13:27:51.000000000,,3,,001,
5213010600,,,지방관리,0.0,5213000000,,02,,15887.0,20060302,삼학동 행정7급,0.0,100.0,N,0.0,석축,867,붕괴위험,20060330,20060804,,오룡동,0.0,451302006011,0.0,-1,붕괴위험,,0,전라북도 군산시  기와골2길  5-14  (오룡동),,3,안전총괄과 시설5급,0.0,0.0,002,30.0,,,,,군산시 삼학동사무소,010,안전총괄과 시설6급,0,,20060302,2006,2023/04/24 20:12:29.000000000,,2,3,,삼학2통장
5213011600,5.0,,사립,0.0,5213000000,,02,,9981.0,20060302,월명동 행정9급,0.0,150.0,N,0.0,석축,3,붕괴위험,20060330,,,송창동,0.0,451302006012,0.0,-1,붕괴위험,,0,전라북도 군산시  선양2길  28-15  (송창동),,3,안전총괄과 시설5급,0.0,0.0,002,60.0,,5.0,20230704,정비사업 완료 및 재해위험도 평가를 통한 재해위험 해소 확인,군산시 월명동사무소,008,안전총괄과 시설9급,0,,20060302,2006,2023/09/23 15:44:01.000000000,,2,69,,마을통장
5213013400,,,사립,0.0,5213000000,군산제일중고등학교,02,,9596.0,20060302,군산제일고 행정실장,0.0,0.0,N,0.0,절개지,84,붕괴위험,20060330,20060804,,제일고,0.0,451302006013,0.0,-1,붕괴위험,,0,"전라북도 군산시  경기장로  142 ,  군산제일중고등학교 (조촌동)",,1,안전총괄과 시설5급,0.0,0.0,002,0.0,,,,,군산시 군산시 교육청,008,안전총괄과 시설6급,0,군산제일중고등학교,20060302,2006,2023/04/24 19:16:44.000000000,,2,0,,조촌7통장
5213040021,,절개지,사립,0.0,5213000000,,02,,17900.0,20070816,옥서면,0.0,150.0,N,0.0,절개지,328,절개지붕괴위험,20070816,20060804,,내성산,0.0,451302007001,0.0,-1,절개지붕괴위험,,0,전라북도 군산시 옥서면 남동2길  20-11   ,,2,안전총괄과 시설5급,0.0,0.0,002,50.0,,,,,옥서면사무소,008,안전총괄과 시설9급,0,,20070816,,2023/09/23 15:33:38.000000000,,2,0,,내성산이장
5213013200,,절개지,지방관리,,5213000000,,,,12500.0,20070816,흥남동사무소 행정6급,0.0,4.0,,,절개지,810,절개지 붕괴위험,20070816,,,동흥남,,451302007002,,-1,절개지 붕괴위험(7동 잔여),,0, [지점번호:다마29857580],,4,안전총괄과 시설5급,0.0,0.0,002,1.0,,,20170515,,안전총괄과,010,안전총괄과 시설9급,0,,20070816,2007,2023/04/24 20:10:23.000000000,,2,4,,1통장
5213012000,,,사립,,5213000000,,,,93940.0,20121211,월명동 행정7급,78.0,,Y,,주택 및 상가,1,상습침수지역,20121211,,,내항,,451302012014,,3,강우와 해수위 상승시기가 겹치면서 우수배제 불량에 따른 침수피해 발생,,0,전라북도 군산시  내항1길  12   (장미동),금강,4,안전총괄과 시설5,1.0,0.0,001,,,,20191218,,군산시청,008,안전총괄과 시설6,0,,20121211,2012,2023/04/24 20:10:04.000000000,,2,4,,마을통장
4481036028,,하천,지방2급하천,,4481036000,,,,2250000.0,,시설8,450.0,,,,노곡천,558,통수단면 부족및 저지대로 인한 제방월류시 침수 피해 발생,20000508,,행정안전부,노곡재해위험지구,,448102002002,,7,상류측 둔리저수지의 담수능력 부족으로 하류측 피해위험,위험지구 공사 완료,0, [지점번호:다바23895351],삽교천,4,안전관리과 복구지원팀장,3.0,80.0,001,,,,20100621,하천정비사업으로 위험요인 해소,예산군청,013,안전관리과 시설7,0,,,,2020/09/03 13:21:37.000000000,,2,24,001,
4481025321,,지방2급하천,지방2급하천,0.0,4481025300,,02,,596000.0,20060314,시설8,288.0,0.0,Y,0.0,성리천,923,하천통수단면 부족,20060314,20070227,국토교통부,성리재해위험지구,0.0,448102007001,0.0,7,하천단면부족으로 하천유실 및 농경지 침수,,0, [지점번호:다바33855561],삽교천,3,안전관리과 복구지원팀장,5.0,80.0,005,0.0,,,,,예산군 안전관리과,013,안전관리과 시설7,0,,20071112,2006,2020/09/03 13:21:53.000000000,지방하천 기본계획,2,,005,
4481034022,,,기타,,4481034000,,,,970000.0,,시설8,288.0,,,,"동서리천, 상중1천",272,하천통수단면 부족,20060314,,행정안전부,대흥재해위험지구,,448102007002,,7,"하천 단면부족으로 하천범람, 농경지 침수",,0, [지점번호:다바36674556],삽교천,4,안전관리과 복구지원팀장,5.0,80.0,005,,,,20130630,하천정비 완료로 위험요인 해소,예산군 재난관리과,050,안전관리과 시설7,0,,,,2020/09/03 13:22:16.000000000,,1,1,001,
4481025025,,,기타,,4481025000,,,,657000.0,,시설8,250.0,,Y,,산성천,520,하천통수단면 부족,20060314,,행정안전부,산성재해위험지구,,448102007003,,7,하천단면 부족으로 하천범람 및 시가지 침수,,0,,삽교천,4,안전관리과 복구지원팀장,5.0,80.0,001,,,,20130630,하천정비 완료로 위험요인 해소,예산군 안전관리과,050,안전관리과 시설7,0,,,2006,2020/09/03 13:22:42.000000000,소하천종합정비계획,1,3,001,
4481025028,,,기타,,4481025000,,,,2700000.0,,시설8,450.0,,,,관작천,120,통수단면 부족에 따른 침수피해 발생,19990112,,행정안전부,관작재해위험지구,,448102011004,,-1,하천정비로 재해위험요인 해소,,0, [지점번호:다바41415644],,4,복구지원팀장,3.0,80.0,001,,,,20001229,하천정비 완료로 위험요소 해제,예산군 안전관리과,050,안전관리과 시설7,0,,,,2020/09/03 13:22:57.000000000,,2,,001,
4481035028,,,기타,,4481035000,,,,5000000.0,,시설8,450.0,,,,무한천,455,통수단면 부족에 따른 침수피해 발생,19960130,,행정안전부,무한천재해위험지구,,448102011005,,7,상류에 있는 예당저수지 만수로 최대방류시 제방월류 위험,,0,,삽교천,4,안전관리과 복구지원팀장,3.0,80.0,001,,,,20040427,하천정비로 위험요인 해소,예산군 안전관리과,050,안전관리과 시설7,0,,,,2020/09/03 13:24:04.000000000,,2,,001,
4481038027,,,지방관리,,4481038000,,,,1000000.0,,시설9,200.0,,,,배수펌프장,122,상습침수(내수),19961119,,행정안전부,상장재해위험지구,,448102011006,,7,배수장 설치,,0,,삽교천,4,안전관리과 복구지원팀장,5.0,50.0,001,,,,20001229,정비완료,농어촌공사 예산지사,010,안전관리과 시설7,0,,,,2020/09/03 13:26:26.000000000,,3,,001,
4481038026,,,지방관리,,4481038000,,,,1360000.0,,시설8,450.0,,,,지곡천,34,통수단면 부족에 따른 침수피해 발생,20000422,,국토교통부,지곡재해위험지구,,448102011008,,19,하천정비사업으로 위험요인 해소,,0,,기타,4,안전관리과 복구지원팀장,3.0,80.0,001,,,,20080506,정비완료,예산군청,010,안전관리과 시설7,0,,,,2020/09/03 13:29:03.000000000,,2,,005,
4794031024,,,지방도,0.0,4794000000,,02,,3000.0,20151106,시설8급,0.0,0.0,N,4.0,남양지구,3,기상악화에 따른 낙석 및 산사태 유발,20100512,20151030,,남양지구,0.0,479402010004,4.0,-1,낙석으로 인해 보행자 및 이동차량 피해,,0, [지점번호:바사97644578],,4,시설6급,0.0,0.0,002,0.0,,,,,울릉군청,002,시설8급,0,,20100512,,2023/05/01 20:21:05.000000000,,3,1,,남양리 이장
4794031025,,,지방도,0.0,4794000000,,02,,3000.0,20151106,시설8급,0.0,0.0,N,4.0,구암2지구,100,기상악화에 따른 낙석 및 비탈면 붕괴,20140401,20151030,,구암2지구,0.0,479402014005,4.0,-1,"기상악화(강풍,집중호우 등)에 따른 낙석 및 비탈면 붕괴",,1, [지점번호:바사93834763],,4,시설6,0.0,0.0,002,0.0,,,,,울릉군청,002,시설8급,0,,20140401,2015,2023/05/01 20:20:31.000000000,,1,0,,남서2리 이장
4686031024,,,기타,0.0,4686031000,,00,,410000.0,20100430,"함평군,시설7",0.0,15.0,N,0.0,신기소하천,1820,상습침수지역,20100430,,행정안전부,신기지구,0.0,468602010003,0.0,,서해바다 만조시 소량의 비에도 침수피해 발생,,0, [지점번호:나라99638306],,4,"함평군,시설5",1.0,10.0,001,10.0,,,,,함평군 안전건설과,050,"함평군,시설7",, ,,2010,2015/11/16 17:22:31.000000000, ,3,,001,월천리 이장
4686031021,,,기타,,4686031000,,,,,,,,,,,학산방조제,1280,취약방재,20011008,,농림축산식품부,학산지구,,468602013004,,,방조제,,0, [지점번호:나라97188590],,4,,,,003,,,,20070210,사업완료,,050,,, ,,,2013/06/17 15:44:48.000000000,,3,,002,
4686038023,,,기타,0.0,4686038000,,00,,0.0,20010515,"함평군,시설7급",0.0,0.0,N,0.0,덕령제,37,취약방재,20010515,,농림축산식품부,영월지구,0.0,468602013005,0.0,,저수지,,0, [지점번호:다라22108636],,4,"함평군,시설5급",0.0,0.0,003,0.0,,,20051207,사업완료,함평군 안전건설과,050,"함평군,시설7급",, ,,2001,2015/11/12 18:11:12.000000000, ,3,,002,영월1리 이장
4686036029,,,기타,0.0,4686036000,,00,,0.0,20010515,"함평군,시설7급",0.0,0.0,N,0.0,계동제,813,취약방재,20010515,,농림축산식품부,우치지구,0.0,468602013006,0.0,,저수지,,0, [지점번호:다라17258413],,4,"함평군,시설5급",0.0,0.0,003,0.0,,,20050204,사업완료,함평군청 안전건설과,050,"함평군,시설7급",, ,,2001,2015/11/12 17:45:17.000000000, ,2,,002,우치2리 이장
4686031024,,,기타,0.0,4686031000,,00,,0.0,19971020,"함평군,시설7급",0.0,0.0,N,0.0,월천저수지,1173,취약방재,19971020,,농림축산식품부,손불월천지구,0.0,468602013007,0.0,,저수지,,0, [지점번호:다라00578337],,4,"함평군,시설5급",0.0,0.0,003,0.0,,,19981231,사업완료,함평군 안전건설과,050,"함평군,시설7급",, ,,1997,2015/11/12 17:49:25.000000000, ,2,1,002,월천1리 이장
5274031022,,도로,지방도,0.0,5274031000,지방도751호 일원,00,,1890.0,20151030,산서면장,413.0,0.0,N,0.0,지방도 751호선,78,사면의 굴곡전도현상 발생,20100716,,,쌍계,0.0,457402011010,0.0,19,751호선 사면의 절리발달에 의한 굴곡 전도파괴현상 발생,,1, [지점번호:다마94952985],기타,4,재난안전과 시설5급,10.0,0.0,002,0.0,,,,,전북도로관리사업소,002,재난안전과 시설6급,0,지방도751호 일원,,,2022/05/02 12:02:53.000000000,,3,2,,마평이장
5274035022,,,지방2급하천,0.0,5274035000,유천교 일원,00,,146.0,20151030,계남면장,413.0,55.0,N,0.0,유천,1015,유실위험지구,20100716,,국토교통부,유천,0.0,457402011011,0.0,3,교량연장 부족으로 병목현상 발생,,0, [지점번호:라마06244577],금강,4,재난안전과 시설5급,10.0,0.0,005,20.0,,,20130715,위험지구정비완료,안전재난과,013,재난안전과 시설6급,0,유천교 일원,,,2018/10/17 10:35:54.000000000,,3,1,005,난평이장
5274025028,,하천,지방2급하천,0.0,5274025000,,00,,36000.0,20151030,장수읍장,0.0,39.0,N,0.0,하평천,963,상습침수,19991112,,행정안전부,하평,0.0,457402013012,0.0,3,하천폭부족으로 침수피해우려,,0,전라북도 장수군 장수읍 장수로  1857-6   ,금강,4,재난안전과 시설5급,0.0,0.0,001,19.0,,,20060406,위험지구정비완료,장수군,013,재난안전과 시설6급,0,,,,2018/10/17 10:46:36.000000000,,1,,001,
5221044023,,상습침수,지방2급하천,0.0,5221000000,,02,,500000.0,20151030,김제시황산면,150.0,0.0,N,0.0,하천(두월천),57,집중호우로 시민의 생명과 재산피해가 예상,20000422,20130725,,홍정지구,0.0,452102002001,0.0,8,"집중호우로 배수단면부족으로 상습침수 피해지구.
 하상퇴적물 및 유로폭이 일정하지 않아 급류에 의한 제방유실 예상(하상이 농경지보다 높아 호우시 상습적인 내,외수 침수 지구)",,0,,동진강,3,안전총괄과장,4.0,40.0,001,0.0,,,,,김제시,013,안전총괄과 시설6급,0,,,,2024/12/16 18:17:52.000000000,,1,,,황산면 홍정리
5221040026,,상습침수,지방2급하천,,5221040000,,,,,,김제시 성덕면사무소,195.0,,,,하천(신평천),216,미개수 하천으로 상류부 석교지구 상습침수.,20000722,,행정안전부,남포지구,,452102002002,,8,"신평갑문 상류부가 호안및 하상의 퇴적으로 100mm강우시 하천미배수로 남포,석교지구 상습침수 발생.
 하류부 우안의 축제및 호안이 정비되지 않고 유로가 ㄷ자형으로 형성(집중호우와 해일에 의한 하천의 범람시 제방유실로 인한 피해예상)",,0,,동진강,4,재난안전과 과장,4.0,37.0,001,,,,20121009,하천개수 완료로 침수요인 해소,김제시,013,재난안전과 시설6급,0,,,,2016/07/20 09:23:20.000000000,,1,17,001,성덕면 남포리
5221036025,,상습침수,기타,0.0,5221036000,일원,00,,460000.0,20151103,부량면사무소 행정6,0.0,0.0,N,0.0,집단주거지,137,상습침수피해,20121009,,행정안전부,포교,0.0,452102012005,0.0,8,원평천과 용수로와 인접한 저지대로서 상습침수,,0,,동진강,4,안전총괄과장,0.0,0.0,001,0.0,,,20200117,자연재해위험개선지구 정비사업추진 완료,김제시 안전총괄과,050,안전총괄과 시설6급,0,일원,,,2020/03/05 16:35:32.000000000,,2,,001,포교 이장
5221045031,,상습침수,지방2급하천,0.0,5221045000,,00,,160000.0,20151103,전라북도 김제시 금산면,120.0,0.0,N,0.0,하천(유각천),331,집중호우 및 금평저수지 방류시 침수예상,19991113,,행정안전부,삼봉지구,0.0,452102002003,0.0,,"집중호우 및 금평저수지 방류시 유량 및 유속증가로 하상 세굴 및 붕괴 위험상존으로 시민의 생명과 재산피해가
 예상됨",,0,,,4,안전총괄과장,3.0,35.0,001,0.0,,,20100105,,김제시,013,안전총괄과 시설6급,0,,,,2016/07/20 09:22:57.000000000,,1,165,001,금산면 삼봉리
5221045028,,상습침수,지방2급하천,0.0,5221045000,,00,,150000.0,20151103,금산면,200.0,0.0,N,0.0,하천(주평천),400,집중호우시 유로단면부족으로 상습침수 피해가 예상됨.,20000422,,국토교통부,장흥지구,0.0,452102002004,0.0,8,"일부구간 하천제방이 없어 집중호우시 하천, 범람으로 상습침수 피해지구.
 -하상 토사퇴적 및 하천 미개수로 호우시 제방유실 예상.",,0,전라북도 김제시 금산면 금산사4길  255    ,동진강,4,재난안전과 과장,4.0,40.0,001,0.0,,,20100105,,김제시장,013,재난안전과 시설6급,0,,,,2016/07/20 09:21:53.000000000,,2,1,005,금산면 장흥리
5221010900,,상습침수,기타,0.0,5221056500,,00,,260000.0,20151103,교월동,50.0,0.0,N,0.0,소하천(구산천),480,상습침수로 위험(10세대 30명),20040317,,행정안전부,구산지구,0.0,452102004001,0.0,8,집중호우시 시내일원 상습 침수로 상가 및 주택지 침수 발생,2004. 3. 17 신규지정,0,,동진강,4,재난안전과 과장,1.0,30.0,001,0.0,,,20100105,,김제시,050,재난안전과 시설6급,0,,,,2016/07/20 09:21:25.000000000,,1,,001,교동
4686025032,,,기타,0.0,4686025000,,00,,0.0,19960702,"함평군,시설7급",0.0,0.0,N,0.0,목교저수지,982,취약방재,19960702,,농림축산식품부,목교지구,0.0,468602013008,0.0,,저수지,,0, [지점번호:다라06577936],,4,"함평군,시설5급",0.0,0.0,003,0.0,,,20010201,사업완료,함평군 안전건설과,050,"함평군,시설7급",, ,,1996,2015/11/16 17:19:26.000000000, ,2,4,002,궁산2리 이장
4686032030,,,기타,0.0,4686032000,,00,,0.0,19960702,"함평군,시설7급",0.0,0.0,N,0.0,월암지구,578,침수위험,19960702,,농림축산식품부,월암지구,0.0,468602013009,0.0,,침수위험,,0, ,,4,"함평군,시설5급",0.0,0.0,001,0.0,,,19990927,사업완료,함평군 안전건설과,050,"함평군,시설7급",, ,,1996,2015/11/12 18:01:15.000000000, ,2,,002,월암2리 이장
4686031024,,,기타,0.0,4686031000,,00,,0.0,19960702,"함평군,시설7급",0.0,0.0,N,0.0,월천지구,983,취약방제,19960702,,농림축산식품부,월천지구,0.0,468602013010,0.0,,취약방제,,0, [지점번호:다라00168474],,4,"함평군,시설5급",0.0,0.0,003,0.0,,,20010201,사업완료,함평군 안전건설과,050,"함평군,시설7급",, ,,1996,2015/11/12 17:53:09.000000000, ,2,7,002,월천2리 이장
4686033030,,,기타,0.0,4686033000,,00,,0.0,19960702,"함평군,시설7급",0.0,0.0,N,0.0,청수제,76,취약방재,19960702,,농림축산식품부,청수지구,0.0,468602013011,0.0,,취약방재,,0, [지점번호:다라14297276],,4,"함평군,시설5급",0.0,0.0,003,0.0,,,20010201,사업완료,함평군 안전건설과,050,"함평군,시설7급",, ,,1996,2015/11/12 18:13:32.000000000, ,3,,002,마산1리 이장
4686034026,,,지방2급하천,,4686034000,,,,,,,,,,,엄다천,322,침수위험,19960702,,농림축산식품부,엄다지구,,468602013012,,,침수위험,,0,전라남도 함평군 엄다면 영산로  3416-88   ,,4,,,,001,,,,19981231,사업완료,,013,,, ,,,2013/06/17 17:48:39.000000000,,2,1,002,
4686033021,,,지방2급하천,0.0,4686033000,,00,,0.0,19960702,"함평군,시설7급",0.0,0.0,N,0.0,학교천,1055,침수위험,19960702,,농림축산식품부,학교지구,0.0,468602013013,0.0,,침수위험,,0, [지점번호:다라16927193],,4,"함평군,시설5급",0.0,0.0,001,0.0,,,19981231,사업완료,함평군 안전건설과,013,"함평군,시설7급",, ,,1996,2015/11/12 18:18:02.000000000, ,2,7,002,학교5리 이장
4690025025,,,지방2급하천,,4690025000,,,,,,진도군 진도읍장,100.0,,,,진도천,824,진도천 퇴적토로 인해 호우시 월류 및 내수 배제가 어려워 상습침수,19960729,,국토교통부,조금지구,,469002004001,,19,호우시 하천월류 및 내수 배제가 어려워 농경지 및 주거지 침수,,0, [지점번호:나라85661031],기타,4,진도군 재난건설과,1.0,30.0,001,,,,,,진도군,013,진도군 재난건설과,, ,,,2014/12/30 11:38:20.000000000,,2,,005,진도읍 조금리
4690034033,,,기타,0.0,4690034000,팽목항,00,,0.0,20150831,진도군 임회면장,0.0,0.0,N,0.0,팽목호안도로,85,산사태 및 낙석 위험지구,20060210,,행정안전부,팽목지구,0.0,469002009002,0.0,19,사면경사가 급하고 보호공 시설이 없음,,1, [지점번호:나라78140007],기타,4,진도군 재난건설과,0.0,0.0,002,0.0,,,,,진도군,050,진도군 재난건설과,,팽목항,,,2015/08/31 14:52:48.000000000, ,2,4,001,팽목이장
4719025000,,,국가하천,0.0,4719025000,,00,,0.0,20151110,건설과 시설8급,150.0,0.0,N,0.0,하천,,기존제방이 낮아 감천 수위 상승시 농경지 유실 및 인명피해우려,19980101,,국토교통부,북산,0.0,471901998001,0.0,,1950년대 이전에 축제된 가제방으로서 농경지 유실 및 인명피해우려,,, ,,4,건설과장,3.0,80.0,001,0.0,,,20021211,,,011,건설과 시설8급,, ,,,2015/11/10 09:17:48.000000000, ,3,,005,이장
4719025300,,,국가하천,0.0,4719025300,,00,,0.0,20151110,건설과 시설8급,150.0,0.0,N,0.0,하천,,기존제방이 낮아 감천 수위 상승시 농경지 유실 및 인명피해우려,19980101,,국토교통부,황산,0.0,471901998002,0.0,,1950년대 이전에 축제된 가제방으로서 농경지 유실 및 인명피해우려,,, ,,4,건설과장,3.0,80.0,001,0.0,,,20011230,제방개수 완료,,011,건설과 시설8급,, ,,,2015/11/10 09:20:36.000000000, ,3,,005,이장
4719025000,,,국가하천,0.0,4719025000,,00,,0.0,20151110,건설과 시설8급,150.0,0.0,N,0.0,하천,,기존제방이 낮고 감천수위 상승시 농경지 유실 및 인명피해 우려,19980101,,국토교통부,습례,0.0,471901998003,0.0,,1950년대 이전에 축제된 가제방으로서 농경지 유실우려,,, ,,4,건설과장,3.0,80.0,001,0.0,,,20011230,제방개수 완료,,011,건설과 시설8급,, ,,,2015/11/10 09:22:25.000000000, ,3,,005,이장
4719033023,,,전체,0.0,4719033000,,00,,100.0,20151110,농업6급,0.0,0.0,Y,0.0,하천,100,붕괴로 인한 낙석,20130827,,행정안전부,월림지구,0.0,471902010004,0.0,-1,붕괴로 인한 낙석,,0,,,4,안전재난과,0.0,0.0,002,0.0,,,20130827,,,-1,안전재난과,0,,,,2021/06/17 11:30:37.000000000,,3,,001,이장
5271039021,,침수위험지구,기타,0.0,5271000000,완주군 화산면 종리 328-19,00,4571039021103320002023130     ,7390.0,20150721,재난안전과 시설7급 ,0.0,0.0,N,0.0,화산면소재지,332,"집중호우에 따른 침수피해예상지역 대피소 : 화산중학교",20110310,,행정안전부,화평지구,0.0,457102011022,0.0,-1,침수위험,,0,,,4,재난관리과장,1.0,0.0,001,0.0,,,20170202,,완주군 재난관리과,050,재난안전과 시설7급 ,0,,,,2020/09/01 18:44:52.000000000,,1,2,001,이장
5271038021,,,지방2급하천,0.0,5271038000,,00,,0.0,20150721,운주면장,0.0,0.0,N,0.0,장선지구(교량),1,유실 우려,20091217,,,장선지구,0.0,457102013024,0.0,-1,"호우시 하천 구조물의 통수단면 부족으로 인한 수위 상승 및 유속증가 유발
 인접 친수위험",,0, [지점번호:다마81118785],,4,재난관리과장,3.0,0.0,001,0.0,,,20150312,공사완료에 따른 위험요인 해소,완주군,013,재해대책담당,0,,,,2022/04/29 20:24:52.000000000,,1,,,중촌마을이장
5271035027,,,지방2급하천,,5271035000,,,,,,,,,,,계곡지구,1,침수위험,20000721,,국토교통부,계곡지구,,457102013025,,,침수위험,,0, [지점번호:다마65854511],,4,,,,001,,,,20060224,,,013,,, ,,,2013/05/29 19:28:23.000000000,,1,,005,
5271037023,,,지방2급하천,,5271037000,,,,,,,,,,,내월지구(지방하천),1,침수위험,20000721,,국토교통부,내월지구,,457102013026,,,침수위험,,0, [지점번호:다마68208019],,4,,,,001,,,,20060224,,,013,,, ,,,2013/05/29 19:29:45.000000000,,1,,005,
5271025622,,,소교량,,5271000000,,,4571031024102540000030045     ,600.0,,,,,,,하이지구(교량_,254,붕괴위험,20000721,,,하이지구,,457102013027,,-1,해제,,0,,,4,,,,001,,,,20060224,,,048,,0,,,,2023/04/26 07:37:56.000000000,,1,0,,
5271038026,,,지방2급하천,,5271038000,,,,,,,,,,,장선지구1,1,침수위험,20000721,,국토교통부,장선지구,,457102013028,,,침수위험,,0, [지점번호:다마78108693],,4,,,,001,,,,20060224,,,013,,, ,,,2013/05/29 19:35:06.000000000,,1,,005,
4623010600,,주택침수,기타,0.0,4623053000,,00,,6466.0,20151112,중마동사무소,150.0,0.0,N,0.0,중마 와우,137,해안가 저지대로 여름철 우기시 침수,20060315,20121228,행정안전부,중마 와우,0.0,462302006005,0.0,5,주택침수,,0,,섬진강,4,안전총괄과장,2.0,50.0,001,0.0,,,20170914,,광양시청,050,안전총괄과,0,,20060315,,2017/11/03 12:53:33.000000000,,2,63,001,와우마을통장
4313031000,,붕괴,국도,,4313000000,,,,500000.0,,,12.0,,,,낙석위험,,상습 낙석구간,19950203,,,선당,,431302005001,,1,낙석,,,,한강,4,지역개발과장,0.0,30.0,002,,,,19950807,정비완료,충주국도유지,001,지역개발과 치수방재담당,0,,,,2025/01/14 20:11:42.000000000,,3,,,
4313033000,,침수,지방2급하천,,4313000000,만정리,,,10000.0,,,200.0,,,,요도천,,집중호우시 침수,19950203,,,만정지구,,431302005002,,1,배수가 잘안됨,,,,한강,4,지역개발과장,5.0,50.0,001,,,,19960622,정비완료,,013,지역개발과 치수방재담당,0,,,,2025/01/14 20:01:46.000000000,,3,,,
4313033023,,외수,지방2급하천,,4313000000,,,,620000.0,,이류면 개발담당,200.0,,,,장성보 주변정비,990,"장성보가 주변보다 높아 집중호우시 주변 가옥,농경지 침수발생",20031231,,,장성지구,,431302005003,,1,농업용수 확보를 위한 보가 너무높아 제내지 물이 제외지로 배수가 되지 않아 보개수와 병행 교량및양수장 하천정비가 시급한 실정임,,0,,한강,4,재난관리과장,5.0,30.0,001,,,,20090820,정비사업 준공,,013,재난관리과,0,,,,2025/01/14 20:09:09.000000000,,2,1,,흑평이장
4313041022,,외수,시도,,4313000000,충주시 산척면 영덕리 둔대,,,450000.0,,산척면 개발담당,0.0,,,,둔대소하천 정비,182,소하천범람시 가옥 침수 우려,20060228,,,둔대지구,,431302006001,,1,집중호우시 소하천 범람,,0,충청북도 충주시 산척면 인등로  87    ,한강,4,안전총괄과장,0.0,0.0,001,,,,20130809,소하천 정비사업 완료로 재해위험요인 해소,충주시,003,안전총괄과,0,충주시 산척면 영덕리 둔대,,,2025/01/14 20:10:34.000000000,,2,2,,영덕 이장
4313042025,,내수,지방2급하천,0.0,4313000000,,02,,460000.0,20151103,엄정면 시설6급,0.0,0.0,N,0.0,원곡천,245,내수배제 불능,20100730,,,미내,0.0,431302011004,0.0,1,"하천폭 협소, 하천수위 상승에 따른 내수위 상승으로 내수배제 불능",,0,충청북도 충주시 엄정면 미내장터길  8-1   ,한강,4,안전총괄과 행정5급,0.0,0.0,001,0.0,,,20161014,자연재해위험개선지구 정비사업 완료에 따른 재해 위험 해소 ,충주시 엄정면사무소,013,안전총괄과 시설7급,0,,,,2023/04/28 18:01:07.000000000,,2,,,시장리장
4313011500,,,지방관리,0.0,4313000000,봉방배수펌프장,02,,68000.0,,하수자원화과 기계6,300.0,0.0,N,0.0,봉방배수펌프장,546,침수로 인한 인명·재산피해 우려,20170317,,,봉방,0.0,431302013005,0.0,1," - 배수펌프장 용량부족 (700㎥/분)
 - 펌프장 노후 및 건물 부등침하로 붕괴 우려로 집중호우시 주택 및 농경지 등 침수 
 피해 발생
 - 하방교 높이가 계획홍수위보다 낮아 집중호우시 침수 우려 
 ",,0,충청북도 충주시  하방천변길  292   (봉방동),한강,4,안전총괄과 과장,20.0,80.0,003,0.0,,,20200327,정비사업 완료에 따른 재해위험요인 해소,하수자원화과,010,안전총괄과 시설6급,0,봉방배수펌프장,,2016,2024/11/08 13:28:19.000000000,,2,3,,하방마을 통장
4373025033,,언덕붕괴,기타,0.0,4373000000,,00,,10000.0,20151030,안전총괄과 시설7급,200.0,0.0,N,0.0,송산,27,주택지가 임야를 절취하여 택지를 조성한 지역,19960625,,,송산,0.0,437301998001,0.0,-1,"-집중호우시 언덕붕괴 방지를 위하여 산에서 내려오
 는 우수처리를 위한 배수로 설치(0.5X0.5X8.3m)
 -언덕 뒤 사면의 토질이 마사토로 형성되어 집중호
 우시 언덕붕괴가 우려되어 사면보호를 위한 옹벽시
 공이 요구 됨",,1,,,4,안전총괄과장,10.0,40.0,002,0.0,,,20000823,위험요인이 해소되어 해제,안전총괄과,050,안전총괄과 시설6급,0,,,,2023/08/21 10:47:05.000000000,,3,7,,이장
4373025036,,언덕붕괴,기타,0.0,4373000000,,00,,10000.0,20151030,안전총괄과 시설7급,200.0,0.0,N,0.0,신기1,60,주택지가 저지대로 일우량 200m 이상일 경우 가옥 뒷편 언덕붕괴가 우려 됨,19960625,,,신기,0.0,437301998002,0.0,-1,가옥 뒷편의 언덕붕괴가 우려 됨,,0,,,4,안전총괄과장,10.0,40.0,002,0.0,,,19990628,도시계획도로 시설정비로 인하여 해제,,050,안전총괄과 시설6급,0,,,,2023/08/21 10:47:50.000000000,,3,10,,
4373025000,,하천범람,지방1급하천,0.0,4373000000,,00,,0.0,20151030,안전총괄과 시설7급,120.0,0.0,N,0.0,금구천,,미개수된하천으로단면이부족하여 일우량 120mm 이상시 제방유실,19980410,,,금구,0.0,437301998003,0.0,-1,미개수된 하천으로 단면이 부족하고 하천형상의 굴곡이 심하여 홍수시 하천범람으로 제방 및 농경지피해가 상습적으로 발생,,,,,4,안전총괄과장,2.0,30.0,001,0.0,,,20040130,정비사업지구로 지정 사업 완료되어 해제,,012,안전총괄과 시설6급,0,,,,2025/01/14 16:53:24.000000000,,3,,,
4373033000,,침수,지방1급하천,0.0,4373033000,,00,,0.0,20151030,안전총괄과 시설7급,120.0,0.0,N,0.0,오덕천,,미개수된 하천으로 단면이 부족하여 일우량 200m이상시 제방유실,19970510,,국토교통부,오덕,0.0,437301998004,0.0,,단면이 부족하고 하천형상의 굴곡이 심하여 홍수시 하천범람으로 제방 및 농경지피해가 상습적으로 발생하여 개수사업이 요구 됨,,, ,,4,안전총괄과장,2.0,30.0,001,0.0,,,20040130,정비사업지구로 사업완료되어 해제,,012,안전총괄과 시설6급,, ,,,2015/10/30 10:49:55.000000000, ,3,,005,
4373034022,,침수,지방2급하천,0.0,4373000000,,00,,120000.0,20151030,안전총괄과 시설7급,120.0,0.0,N,0.0,장연천,1,단면이 부족하고 홍수시 제방유실 및 농경지 침수,20060628,,,거포,0.0,437302000001,0.0,3,하천 단면부족 으로 미정비된 제방이 홍수시 농경지 침수가 우려,,0,,금강,4,안전총괄과장,2.0,30.0,001,0.0,,,20090511,하천정비로 재해위험요인 해소,옥천군,013,안전총괄과 시설6급,0,,,,2025/01/14 15:55:32.000000000,,3,1,,
4373034036,,침수,지방2급하천,0.0,4373000000,,00,,90000.0,20151030,안전총괄과 시설7급,120.0,0.0,N,0.0,장연천,261,지방2급 하천으로서 단면이 부족하여 홍수시 제방유실 및 농경지 침수,20000527,,,화성,0.0,437302002001,0.0,3,지방2급 하천으로 단면이 부족하고 제방이 미정비 되어 홍수시 하천범람으로 제방 및 농경지 피해가 상습적으로 발생하여 개수 사업이 요구 됨,,0,,금강,4,안전총괄과장,4.0,30.0,001,0.0,,,20090511,,옥천군,013,안전총괄과 시설6급,0,,,,2023/08/21 10:20:22.000000000,,3,,,
4373035034,,침수,지방2급하천,0.0,4373000000,,00,,90000.0,20151030,안전총괄과 시설7급,120.0,0.0,N,0.0,예곡천,321,단면이 부족하여 일우량 120mm 이상 강우시 제방 유실 및 농경지 침수,20000527,,,삼방,0.0,437302002002,0.0,3,예곡천 상류부로서 하천단면이 부족하고 하천형상이 굴곡이 심하여 홍수시 하천범람으로 제방 및 농경지 피해가 상습적으로 발생하여 개수사업이 요구 됨,,0,,금강,4,안전총괄과장,4.0,30.0,001,0.0,,,20090511,,옥천군,013,안전총괄과 시설6급,0,,,,2023/08/21 10:27:49.000000000,,3,3,,
4376040000,,외수,지방2급하천,,4376040000,,,,,,시설8급,150.0,,,,동진천 아성제,,외수로인한 상습침수,20000530,,국토교통부,아성,,437602000010,,1,외수로인한 농경지침수,,,,한강,4,안전건설과장,5.0,30.0,001,,,,20040108,,안전건설과,013,방재복구팀,0,,,,2016/07/12 15:25:52.000000000,,2,,005,이장
4729031024,,내수침수,국가하천,0.0,4729031000,,00,,0.0,20160104,와촌면사무소 산업경제담당,150.0,0.0,N,0.0,와촌·하양지구,405,상 습 침 수,19990825,,국토교통부,와촌·하양재해위험지구,0.0,472901999005,0.0,,하천 미개수(축제호안공)로 호우시 하천 범람으로 인하여 인근 농경지 및 인가 침수 피해 상존,동서3리 조정호(053-852-8558),0,경상북도 경산시 와촌면 용천길26길  49    ,,4,재난방재과장,2.0,30.0,001,0.0,,,20080509,정비사업 완료,경산시청,011,재난방재과 복구지원담당,, ,,,2016/01/05 10:29:22.000000000, ,2,5,005,용천2리장
4729034022,,내수침수,지방2급하천,,4729034000,,,,,,용성면사무소 산업경제담당,200.0,,,,덕천지구,1,상습침수,20030908,,국토교통부,덕천재해위험지구,,472902004001,,2,하천미개수로 호우시 하천범람으로 인하여 인근농경지 및 임가침수 피해 상존,,0, [지점번호:마마26005738],낙동강,4,재난방재과장,3.0,30.0,001,,,,20080509,정비사업 완료,경산시청,013,재난방재과 복구지원담당,, ,,,2008/06/04 09:40:48.000000000,,2,,005,덕천2리장
4776032044,,,지방2급하천,,4776032000,,,,,,,,,,,제방,1,재해위험지역,20000301,,국토교통부,장평,,477602009009,,,침수위험,,0, [지점번호:마바40566706],,4,,,,001,,,,20060303,정비완료,,013,,, ,,,2009/06/24 14:37:53.000000000,,2,,005,
4729033031,,내수침수,지방2급하천,,4729033000,,,,,,자인면사무소 건설담당,150.0,,,,계남지구,669,상습침수,20060308,,국토교통부,계남재해위험지구,,472902006001,,2,제방노후 및 하천미개수공사로 인한 호우시 하천범람으로 인근 농경지 및 주택침수 위험 상존,,0, ,낙동강,4,재난방재과장,3.0,30.0,001,,,,20110725,피해원인 해소(제방 정비),경산시청,013,재난방재과 복구지원담당,, ,,,2011/08/18 23:48:42.000000000,,2,,005,계남1리장
4729036033,,침수위험,기타,,4729036000,,,,,,압량면사무소,,,,,신월소하천,10,제방범람에 따른 인접 농경지 침수,19990825,,행정안전부,신월지구,,472902011006,,,하천범람,,0, [지점번호:마마16405970],,4,재난방재과장,,,001,,,,20060308,정비완료,경산시,050,재난방재과,, ,,,2011/08/18 23:58:38.000000000,,2,,001,
4729033029,,침수위험,지방2급하천,0.0,4729033000,,00,,0.0,20151102,자인면사무소,0.0,34.0,N,0.0,오목천,1,제방범람에 의한 농경지 침수 위험,19930915,,행정안전부,옥천지구,0.0,472902011007,0.0,2,제방 미정비로 인한 하천 범람에 따른 침수 위험,,0, [지점번호:마마21905819],낙동강,4,재난방재과장,0.0,0.0,001,13.0,,,19990825,정비완료,경산시,013,재난방재과,, ,,,2016/03/09 18:02:35.000000000, ,3,,001,
4729025033,,침수위험,기타,,4729025000,,,,,,하양읍사무소,,,,,남하소하천,1,하천범람에 의한 농경지 침수,19990825,,행정안전부,청천남하지구,,472902011008,,2,제방미정비로 인한 하천범람에 의한 농경지 침수,,0, [지점번호:마마14086891],낙동강,4,재난방재과장,,,001,,,,20060308,정비완료,경산시,050,재난방재과,, ,,,2011/08/19 00:05:22.000000000,,2,,001,
4729025021,,침수위험,기타,0.0,4729025000,,00,,0.0,20151102,하양읍사무소,0.0,0.0,N,0.0,상습침수지역,229,상습침수지역,20100223,,행정안전부,금락지구,0.0,472902011009,0.0,,하천수위 상승에 따른 시가지 침수,,0, [지점번호:마마18406868],,4,건설방재과장,0.0,0.0,001,0.0,,,20150730,사업완료에 따른 해제 고시(제2015-98호),경산시,050,건설방재과,, ,,,2015/11/02 13:37:19.000000000, ,1,1,001,
4729025033,,유실위험,기타,0.0,4729025000,,00,,0.0,20151102,하양읍사무소,0.0,0.0,N,0.0,남하잠수교,777,남하잠수교 유실 위험,20100223,,행정안전부,남하지구,0.0,472902011010,0.0,,금호강 수위 상승에 따른 남하 잠수교 유실 위험,,0,경상북도 경산시 하양읍 사열길  2    ,,4,재난방재과장,0.0,0.0,005,0.0,,,20150730,사업완료에 따른 해제 고시(제2015-98호),경산시,050,재난방재과,, ,,,2015/11/02 13:37:45.000000000, ,2,1,001,
4729033029,,침수위험,지방2급하천,0.0,4729000000,,00,,300000.0,20151102,자인면 건설팀 시설8,0.0,34.0,Y,0.0,오목천,803,하천범람에 따른 농경지 침수,20100223,,,옥천지구,0.0,472902011011,0.0,2,제방미정비로 인한 수위 하천범람에 따른 농경지 침수,,0, [지점번호:마마20435667],낙동강,1,안전총괄과장,0.0,0.0,001,13.0,,,,,경산시,013,안전총괄과 시설6,0,,20240911,2010,2024/09/27 11:22:40.000000000,경산시 자연재해저감 종합계획,2,,,자인자율방재단원
4729025326,,,기타,0.0,4729000000,,00,,73600.0,20151102,진량읍 건설팀 시설7,0.0,1177.0,Y,0.0,상습침수지구,624,상습침수지구,20131114,,,부기지구,0.0,472902013012,0.0,2,하천수위 상승에 따른 시가지 침수,,0, [지점번호:마마19436769],낙동강,4,안전총괄과장,0.0,0.0,001,392.0,,,20210531,정비사업완료에 따른 위험요인 해소,안전총괄과,050,안전총괄과 시설6,0,,20240911,,2024/09/27 11:21:03.000000000,경산시 자연재해저감 종합계획,2,89,,
4729037032,,,기타,0.0,4729000000,,00,,383750.0,20151102,남천면 건설팀 시설7,0.0,273.0,Y,0.0,상습침수지역,810,상습침수지역,20131114,,,남천지구,0.0,472902013013,0.0,2,하천수위 상승에 따른 시가지 침수,,0, [지점번호:마마12364796],낙동강,4,안전총괄과장,0.0,0.0,001,105.0,,,20221124,사업정비 완료,경산시 안전총괄과,050,안전총괄과 시설6,0,,20240911,2013,2024/09/27 11:19:58.000000000,경산시 자연재해저감 종합계획,2,0,,남천자율방재단원
5183025027,,,지방2급하천,,5183025000,송암리 일원,,,,,양양읍사무소,,,,,고립(홍수)위험,1,고립(홍수)위험,19960615,,행정안전부,송암지구,,428302013006,,,고립(홍수)위험,,0, ,,4,,,,004,,,,20050120,토지 및 가옥보상완료 완전이주,,013,건설과 방재담당,,송암리 일원,,,2013/04/10 17:28:30.000000000,,1,,001,송암리
5183035025,,,지방2급하천,,5183035000,강현면 물치리 일원,,,,,강현면사무소,,,,,물치 배수펌프장,1,상습(내수)침수,20040930,,행정안전부,물치지구,,428302013008,,,상습(내수)침수,,0, [지점번호:라아97131837],,4,,,,001,,,,20061010,정비완료,,013,건설과 방재담당,,강현면 물치리 일원,,,2013/04/10 20:56:17.000000000,,2,,001,물치리
5183025036,,,지방관리,,5183025000,"내곡,서문,남문,연창일원",,,,,,,,,,"내곡,서문 침수위험",1,침수위험,20051111,,행정안전부,내곡.서문지구,,428302013009,,,"내곡,서문,남문,연창지역 침수위험",,0, [지점번호:라아97630972],,4,,,,001,,,,20100430,정비사업완료,,010,,,"내곡,서문,남문,연창일원",,,2013/04/10 21:03:10.000000000,,1,,001,
5183035022,,,지방2급하천,0.0,5183000000,,02,,90338.0,20131212,안전교통과 시설8,0.0,487.0,Y,0.0,지방하천 강선천,180,침수로 인한 피해 예상,20131212,20121211,,중복지구,0.0,428302014011,0.0,-1,제방 및 제방고 조절,,0,강원도 양양군 강현면 중복골길  36-14   ,,3,안전교통과 시설6,0.0,0.0,001,223.0,,,,,안전교통과,013,안전교통과 시설8,0,,,2013,2024/10/25 16:58:14.000000000,풍수해저감종합계획(안),1,0,,마을대표
4374525032,,,기타,,4374500000,,,,980000.0,,안전건설과 시설7급,150.0,,,,송산소하천,1,하천 통수단면적 부족으로 하류 주택 및 농경지 침수 우려,20060407,,,송산지구,,437452006001,,3,호우,,0, [지점번호:라바07226776],금강,4,안전건설과 시설5급,6.0,40.0,001,,,,20100129,,증평군청,050,안전건설과 시설6급,0,,,,2025/01/15 09:10:34.000000000,,3,,,이장
4374531027,,,지방2급하천,0.0,4374500000,문방천 일원,00,,720000.0,20150720,시설7급,0.0,0.0,N,0.0,문방천(지방하천),840,침수위험,20100430,,,도당지구,0.0,437452011002,0.0,3,배수로 정비 및 기존 교량 노후로 침수 위험,,0, [지점번호:라바11066694],금강,4,시설5급,0.0,0.0,001,0.0,,,20150710,,증평군,013,시설6급,0,문방천 일원,,,2025/01/15 09:09:26.000000000,,3,1,,도당리
4374531021,,,지방2급하천,0.0,4374500000,문암천 일원,00,,990000.0,20150720,시설7급,150.0,0.0,N,0.0,지방하천(문암천),685,침수위험,20100430,,,화성지구,0.0,437452011003,0.0,3,제방미정비,,0,,금강,4,시설5급,0.0,0.0,001,0.0,,,20150710,,증평군,013,시설6급,0,문암천 일원,,,2025/01/15 09:10:16.000000000,,3,,,화성리
4374525036,,,지방2급하천,,4374500000,보강천 합류부 ~ 충용아파트 부근 삼기천,,,850000.0,,안전건설과 시설7급,,,,,삼기천,1180,침수위험,19980101,,,덕상지구,,437452013004,,3,배수불량 및 기존 제방 노후로 인한 침수,,0,,금강,4,안전건설과 시설5급,,,001,,,,20040116,정비사업 완료,증평군청,013,안전건설과 시설6급,0,보강천 합류부 ~ 충용아파트 부근 삼기천,,,2025/01/15 09:10:54.000000000,,2,,,이장
4423041022,,,지방2급하천,0.0,4423041000,,02,,224000.0,20060228,안전총괄과,270.0,35.0,N,0.0,방축천,220,하천통수단면 및 제방고 부족으로 상습침수,20060228,20070710,행정안전부,방축지구,0.0,442302006001,0.0,3,집중호우로 인한 농경지 및 가옥 침수,,0,,금강,4,안전총괄과,3.0,50.0,001,13.0,,,20170630,재해위험지구 정비사업 완료(재해위험요소해소),논산시,013,안전총괄과,0,,,2006,2017/07/16 16:04:11.000000000,,3,11,001,화산2리
4776031042,,,지방2급하천,0.0,4776031000,,02,,8000.0,20060302,안전재난건설과 7급,0.0,0.0,Y,0.0,제방,475,"인명보호 및 주택침수,농경지침수등 인명과 재산을 보호하기",20060301,20140307,행정안전부,봉감,0.0,477602006001,0.0,2,"집중호우시 하천범람으로 인한 제방붕괴
 현 축제고가 낮고 일부구간은 제방이 없으므로 통수단면을 확보하고 제방을 축조",사업 종료,0, [지점번호:마바40194408],낙동강,4,,0.0,0.0,001,0.0,,,20090821,위험요인 해소,영양군,013,,, ,,2006,2015/11/09 15:20:09.000000000, ,3,,001,
4776025032,,,지방2급하천,,4776025000,,,,,,건설재난관리과 지방시설주사보,250.0,,,,제방,972,"인명보호 및 주택침수, 농경지침수등 인명과 재산을 보호하기",20060301,,국토교통부,옥산,,477602006002,,2,"집중호우시 하천범람으로 인한 제방붕괴
현 교량의 연장이 짧아 통수단면이 부족하여 집중호우시 하천범람 및 제방유실",,0, [지점번호:마바46705241],낙동강,4,,4.0,40.0,001,,,,20120130,,영양군,013,,, ,,,2013/06/13 11:51:43.000000000,,3,3,005,
4776025023,,,지방2급하천,0.0,4776025000,,02,,0.0,20060302,재난관리과 지방시설주사보,200.0,0.0,N,0.0,제방,206,"인명보호 및 주택침수, 농경지침수등 인명과 재산을 보호",20060302,20140307,국토교통부,원주평,0.0,477602006003,0.0,2,집중호수시 하천범람으로 인한 제방붕괴,,0, [지점번호:마바42355051],낙동강,4,,5.0,40.0,001,0.0,,,20120130,,영양군,013,,, ,,2006,2015/11/09 15:23:22.000000000, ,3,,005,
4617012200,,,지방관리,,4617000000,,02,,384967.0,20181227,지방시설7급,,708.0,,,청동 배수펌프장,1402,집중호우시 국가하천(영산강) 수위 상승에 따른 내수배제 불량,20181228,20120302,,나주천,,461702019020,,4,영산강 외수위 상승에 따른 내수배제 불량,,0,,영산강,2,지방시설5급,,,001,354.0,,,,,나주시,010,지방공업9급,0,,,,2024/04/11 10:50:56.000000000,,2,1,,
4776025023,,,지방2급하천,,4776025000,,,,,,,,,,,제방,1,침수위험지역,20000303,,국토교통부,감천,,477602009005,,,상습침수,,0,경상북도 영양군 영양읍 진막골길  2    ,,4,,,,001,,,,20060303,정비완료,,013,,, ,,,2009/06/23 13:32:24.000000000,,2,,005,
4776031039,,,지방2급하천,,4776031000,,,,,,,,,,,제방,1,재해위험지역,19960712,,국토교통부,새골,,477602009006,,,침수위험,,0, [지점번호:마바41224644],,4,,,,001,,,,20060303,정비완료,,013,,, ,,,2009/06/24 14:29:17.000000000,,3,,005,
4776032046,,,지방2급하천,,4776032000,,,,,,,,,,,제방,1,재해위험지역,19960712,,국토교통부,기포,,477602009007,,,침수위험,,0, [지점번호:마바39536207],,4,,,,001,,,,20060303,정비완료,,013,,, ,,,2009/06/24 14:35:24.000000000,,3,,005,
4776033042,,,지방2급하천,,4776033000,,,,,,,,,,,제방,1,재해위험지역,20000320,,국토교통부,가곡,,477602009008,,,침수위험,,0, [지점번호:마바44006130],,4,,,,001,,,,20060303,정비완료,,013,,, ,,,2009/06/24 14:36:30.000000000,,3,,005,
4776025027,,,지방2급하천,0.0,4776025000,,02,,245000.0,20100402,안전재난건설과,0.0,0.0,N,0.0,제방,675,호우시 침수에 따른 생명과재산보호,20100402,20140307,행정안전부,양평,0.0,477602011010,0.0,2,호우시 하천범람으로 인한 침수,,0, ,낙동강,4,안전재난건설과,0.0,0.0,001,0.0,,,20140627,정비사업 완료에 따른 위험요소 해소,영양군,013,안전재난건설과,, ,,2010,2015/11/09 15:54:06.000000000, ,3,11,001,현리 리장
4792035021,,,지방1급하천,,4792000000,,02,,6100.0,20190319,안전건설과/시설6급,180.0,135.0,Y,,"현동교, 암돌교",176,교량 견간장 및 여유고 부족으로 집중호우 시 침수로 인한 고립발생,20190307,20161221,,암돌지구,,479202019021,,2,"교량의 여유고 부족 및 경간장 부족에 의한 통수능 저하로 상습침수가 발생하고, 그로 인한 마을주민의 고립위험 발생",,0,,낙동강,2,안전건설과/시설6급,4.0,,004,55.0,,,,,봉화군청,012,안전건설과/시설6급,0,,20150130,2019,2023/10/13 16:57:20.000000000,봉화군 자연재해저감 종합계획,3,,,
4790038022,,,지방2급하천,0.0,4790038000,,00,,480000.0,20151030,용궁면,150.0,60.0,N,0.0,금천,100,"기존제방의 노후화, 일부 무제부에 따른 침수",20060227,,국토교통부,금남지구,0.0,479002006001,0.0,2,"호우시 하류부 무제부에서의 월류로 농경지침수
 농경지내 4개마을 32세대 60명거주",,0,,낙동강,4,안전재난과장,1.0,20.0,001,32.0,,,,,용궁면사무소,013,자연재난팀,0,,,,2021/06/15 15:38:29.000000000,,3,,005,금남2리 이장
4790036044,,,기타,0.0,4790036000,,00,,0.0,20151030,호명면지방시설주사보,150.0,0.0,N,0.0,오천천,284,침수위험지구,20060227,,행정안전부,오천지구,0.0,479002006002,0.0,2,"기존제방의 노후화, 좌우안 미정비로 호우시 매년 유실의 위험이 있음",,0, ,낙동강,4,안전재난과장,1.0,20.0,001,0.0,,,20120222,정비완료 후 재해없음.,호명면사무소,050,복구지원담당,, ,,,2015/10/30 20:39:06.000000000, ,3,,001,오천리 이장
4790036052,,,기타,0.0,4790036000,,02,,1112162.0,20151030,호명면지방시설주사보,150.0,0.0,N,0.0,왕신천,270,침수위험지구,20060227,,행정안전부,담암지구,0.0,479002006003,0.0,2,제방 및 하천정비 완료로 위험요인 해소,,0, [지점번호:라바83424707],낙동강,4,안전재난과장,1.0,20.0,001,0.0,,,20171016,,호명면사무소,050,복구지원담당,0,,,2015,2018/03/19 16:44:41.000000000,,3,,001,담암리 이장
4678025021,,,기타,,4678000000,,02,,20135.0,20181231,보성군(안전건설과) 지방시설주사보,280.0,425.0,N,2.0,보성읍 시가지 침수,85,우기철 집중호우 및 태풍 내습 시 하천 외수위 상승에 따른 도심지(하천 제내지) 내수배제 불량,20190808,20070205,,보성읍,,467802018012,,5,"① 본류인 봉화천(지방하천) 수위 상승에 따라 보성읍을 관통하는 소하천(동윤천, 평우천)의 통수능력 부족 및 홍수배제 시간 지체 발생
② 해당 지역은 하천 홍수위보다 낮은 저지대로 내수배제가 불가(우수배제시설 미비)하여 주변 주택 및 상가, 농경지 침수 발생
③ 시가지 우수관거의 통수능 부족으로 집중호우 시 상습침수 발생",,0,,섬진강,3,보성군(안전건설과) 재난복구계장,1.0,181.0,001,170.0,,,,2022. 8. 정비사업 완료,보성군청,050,보성군(안전건설과) 지방시설주사보,0,,,2018,2022/10/24 11:10:00.000000000,,1,5,,보성군 보성읍 동윤2동장
4790034049,,,기타,0.0,4790034000,,00,,0.0,20151030,감천면지방시설주사보,0.0,0.0,N,0.0,장산지구,300,침수위험,20000527,,행정안전부,장산지구,0.0,479002009009,0.0,19,침수,,0, [지점번호:라바93285663],기타,4,안전재난과장,0.0,0.0,001,0.0,,,20031229,정비완료,감천면사무소,050,복구지원담당,, ,,,2015/10/30 20:52:21.000000000, ,2,,001,
4790040028,,,기타,0.0,4790040000,,00,,47000.0,20151030,지보면/지방시설서기보,150.0,0.0,N,0.0,어신천,1342,침수위험지구,20060227,,,어신지구,0.0,479002006004,0.0,2,"기존 제방의 노후화, 좌우안 미정비로 호우시 매년 유실의 위험이 있음",,0, [지점번호:라바82134242],낙동강,1,안전재난과장,1.0,20.0,001,0.0,,,,,지보면사무소,050,자연재난팀,0,,,,2022/04/20 10:16:34.000000000,,3,,,
4790038031,,,기타,0.0,4790038000,,00,,41000.0,20151030,용궁면/지방시설서기보,150.0,0.0,N,0.0,덕계천,100,침수위험지구,20060227,,,덕계지구,0.0,479002006005,0.0,2,"전구간 미개수 제방
 제방 부분유실에 따른 통행위험",,0, [지점번호:라바73444946],낙동강,1,안전재난과장,1.0,20.0,001,0.0,,,,,용궁면사무소,050,자연재난팀,0,,,,2022/04/20 10:15:21.000000000,,3,,,덕계리 이장
4790025023,,,기타,0.0,4790025000,,00,,0.0,20151030,예천읍지방시설주사보,0.0,0.0,N,0.0,옹벽,1,붕괴위험,19990130,,행정안전부,예천백전지구,0.0,479002009007,0.0,19,붕괴,,0, ,기타,4,안전재난과장,0.0,0.0,002,0.0,,,20010928,정비완료,예천읍사무소,050,복구지원담당,, ,,,2016/01/29 10:21:00.000000000, ,1,,001,
4790025024,,,기타,0.0,4790025000,,00,,0.0,20151030,예천읍지방시설주사보,0.0,0.0,N,0.0,옹벽,100,붕괴위험,20000527,,행정안전부,동본지구,0.0,479002009008,0.0,,붕괴,,0, [지점번호:라바86765136],,4,안전재난과장,0.0,0.0,002,0.0,,,20031229,정비완료,예천읍사무소,050,복구지원담당,, ,,,2015/10/30 20:51:17.000000000, ,1,,001,
4790036052,,,지방2급하천,0.0,4790036000,,00,,0.0,20151030,호명면지방시설주사보,0.0,0.0,N,0.0,담암지구,400,취약방재,20000527,,행정안전부,호명담암지구,0.0,479002009010,0.0,2,취약방재,,0, [지점번호:라바83304735],낙동강,4,안전재난과장,0.0,0.0,003,0.0,,,20010928,정비완료,호명면사무소,013,복구지원담당,, ,,,2016/01/29 10:21:39.000000000, ,3,,001,
4790025023,,절개지,기타,0.0,4790025000,영남의원~효자각 구간,00,,9175.0,20151030,예천읍/지방시설주사보,300.0,0.0,N,0.0,백전지구,130,낙석 및 산사태 유발,20100601,,,백전지구,0.0,479002010011,0.0,-1,"사면붕괴, 건물 15동 인명피해 30명",2012년 정비완료되었음,0,경상북도 예천군 예천읍 효자로  143    ,,4,안전재난과장,1.0,100.0,002,0.0,,,20150115,정비완료(2012년)로 해제대상지구,예천읍,050,자연재난팀,0,영남의원~효자각 구간,,,2022/04/20 10:14:10.000000000,,1,3,,
4790040029,,,지방2급하천,0.0,4790040000,,00,,1130000.0,20151030,안전재난과 시설주사,300.0,0.0,N,0.0,송평천,30,침수위험,20100601,20160527,,송평지구,0.0,479002011012,0.0,-1,침수위험,,0, [지점번호:라바81804293],,4,안전재난과장,1.0,100.0,001,0.0,,,20190722,사업완료,예천군,013,안전재난과 지방시설주사보,0,,,2010,2022/04/20 10:12:52.000000000,지방하천 하천기본계획,3,1,,"호명면,지보면"
4812312300,,,기타,0.0,4812357000,창원시 성산구 신촌동 1~13번지,02,,68240.0,20060313,시민안전과 시설7급,0.0,960.0,N,0.0,절개지,1,급경사 사면하에 주거밀집지역이 위치하고 있어 붕괴시 대규모 인명피해 예상,20060313,20060313,행정안전부,신촌지구,0.0,481232013001,0.0,-1,붕괴,,0,경상남도 창원시 성산구  양곡길  4    ,,4,시민안전과 행정5급,0.0,0.0,002,133.0,,,20191129,정비사업(이주) 완료 및 전문가 의견 수렴,창원시(시민안전과),050,,0,창원시 성산구 신촌동 1~13번지,20060313,2006,2021/09/14 09:40:19.000000000,,2,,001,
4812511100,,,국가관리,18.0,4812559000,창원시 마산합포구 동서동 일원,02,,59100.0,20070212,안전건설과 방재7급,0.0,0.0,N,0.0,시가지,1,해일위험,20070212,20061227,,구항지구,0.0,481252013002,0.0,-1,해일,,0,경상남도 창원시 마산합포구  복요리로  20-1  (동성동),,3,시민안전과 행정5급,0.0,0.0,006,0.0,,,,,마산합포구청 안전건설과,009,시민안전과 시설7급,0,창원시 마산합포구 동서동 일원,,2007,2022/09/23 14:19:30.000000000,,1,,,통장
4812515800,,,소규모어항,18.0,4812553000,"해안도로, 마산서항 인근",02,,70582.0,20130311,안전건설과 방재7급,0.0,9630.0,Y,0.0,서항,47,해일위험지역으로 침수피해 발생,20130311,20130311,,마산서항지구,0.0,481252013003,0.0,-1,해일로 인한 주택침수,,0,"경상남도 창원시 마산합포구  월영동11길  29   (해운동, 평화리버타운)",,3,시민안전과 행정5급,1.0,50.0,006,3914.0,,,20231213,,마산합포구 안전건설과,036,시민안전과 시설7급,0,"해안도로, 마산서항 인근",20150430,2013,2024/04/09 16:12:47.000000000,마산서항재해위험개선지구정비사업기본및실시설계보고서,1,,,
4825012200,,,기타,,4825060000,,,,190000.0,,하수과시설8,150.0,,,,불암지구,337,- 농경지 침수,20030703,,,불암지구,,482502004003,,-1,- 농경지 침수,,0, [지점번호:마라28899289],,4,재난안전관리과시설6,1.0,60.0,001,,,,20090612,,김해시,050,재난안전관리과시설7,0,,,,2022/05/02 11:26:35.000000000,,3,1,,통장
4825010300,,,기타,,4825053000,,,,120000.0,,재난안전관리과,150.0,,,,"회현,부원지구",18,시가지 침수위험,20060404,,,"회현,부원지구",,482502006001,,-1,도시지역 침수,,0,경상남도 김해시  호계로472번길  39-15  (부원동),,4,재난안전관리과시설6,1.0,60.0,001,,,,20120601,시가지 침수 해소사업 완료,김해시,050,재난안전관리과시설7,0,,,,2022/05/02 11:26:13.000000000,,1,1,,통장
4825012000,,,시도,,4825059000,,,,190000.0,,하수과 시설7급,0.0,,,,안동지구,540,상습침수 지구,20060404,,,안동지구,,482502006002,,2,침수,,0,,낙동강,4,시설6급,0.0,0.0,001,,,,20090612,,김해시,003,시설7급,0,,,,2022/05/02 11:25:17.000000000,,1,,,통장
4825011200,,,지방1급하천,0.0,4825000000,,02,,913000.0,20130215,안전도시과 시설7,0.0,164.0,N,0.0,"명법,내덕지구",872,상습침수,20130215,20071130,,"명법,내덕지구",0.0,482502013004,0.0,2,제방 통수단면 부족 및 제방여유고 부족으로 상습 침수피해 발생,,0, [지점번호:마라21219019],낙동강,4,안전도시과장,0.0,0.0,001,41.0,,,,,김해시청,012,안전도시과 시설7,0,,20130627,2013,2023/10/17 13:11:57.000000000,하천정비기본계획,1,2,,
4872039000,,침수,지방2급하천,0.0,4872039000,,00,,0.0,20151102,의령군 부림면 농업 7,200.0,0.0,N,0.0,수축제,,제내지 수위상승시 내수로 인한 상습침수 위험요인 해소시 까지,19991101,,국토교통부,수축지구,0.0,487201999001,0.0,2,일강우량 100mm이상 집중호우 및 낙동강 수위 상승시 외수로 인하여 상습침수,,, ,낙동강,4,의령군 건설과 건설과장,3.0,20.0,001,0.0,,,20020215,내수 배제 시설인 배수펌프장 설치로 내수침수로 인한 피해요인 해소,,013,의령군 건설과 토목주사보,, ,,,2015/11/02 15:50:33.000000000, ,2,,005,
4872037000,,침수,국가하천,0.0,4872037000,,00,,0.0,20151102,의령군 지정면 복지8,200.0,0.0,N,0.0,다안제,,제방누수로 가옥 및 농경지 침수피해가 발생하며 방치시 피해확산,19991101,,국토교통부,다안지구,0.0,487201999004,0.0,2,배수시설의 노후와 배수능력부족에 따른 가옥 및 농경지 침수,,, ,낙동강,4,의령군 건설과 건설과장,3.0,30.0,001,0.0,,,20020215,배수펌프장 신설 및 제방보강으로 재해위험요인 해소,,011,의령군 건설과 토목주사보,, ,,,2015/11/02 15:54:21.000000000, ,2,,005,
4872034023,,붕괴,지방관리,0.0,4872034000,,00,,0.0,20151102,화정면 시설9급,200.0,0.0,N,0.0,석천소류지,380,제당누수지구로써 제당붕괴시 하류부 농경지 및 인명피해 우려,19991101,,농림축산식품부,석천지구,0.0,487201999005,0.0,2,일강우량이100mm이상집중호우시 제당붕괴 위험,,0, [지점번호:라마64950114],낙동강,4,의령군 건설과 건설과장,4.0,30.0,002,0.0,,,20060411,정비완료,한국농촌공사의령지사,010,의령군 건설과 토목주사보,, ,,,2015/11/02 15:22:35.000000000, ,2,,002,석천이장
4872025025,,붕괴,지방도,0.0,4872025000,,00,,0.0,20151102,건설과 시설7급,100.0,0.0,N,0.0,정암도로절개지,2,도로절개지붕괴위험지구,20060405,,행정안전부,정암지구,0.0,487202006001,0.0,2,붕괴위험,,1,경상남도 의령군 의령읍 남강로  687    ,낙동강,4,재난안전관리과장,1.0,50.0,002,0.0,,,20101231,,의령군,002,재난안전관리과시설8,, ,,,2015/11/02 15:24:52.000000000, ,1,5,001,정암이장
4872039030,,교량유실,군도,0.0,4872039000,,00,,0.0,20151102,부림면 토목6,200.0,0.0,N,0.0,오소교,1392,교량유실위험지구,20060405,,국토교통부,오소지구,0.0,487202006002,0.0,2,교량유실위험지구,,0, [지점번호:라마76982073],낙동강,4,재난안전관리과장,4.0,30.0,005,0.0,,,20160628,,의령군 건설과,004,재난안전관리과시설8,0,,,,2016/06/30 15:49:39.000000000,,1,,005,부림면 대곡리
4872037021,,,지방2급하천,0.0,4872000000,,02,,105000.0,20151102,안전관리과 시설7급,0.0,189.0,N,0.0,봉곡지구,867,취약방재,20131115,,,봉곡지구,0.0,487202014012,0.0,2,제방유실,,0,,낙동강,4,안전관리과장,0.0,0.0,003,102.0,,,,,의령군청,013,안전관리과 시설7급,0,,,2013,2024/04/12 15:27:07.000000000,,1,17,,
4872025028,,소류지,지방관리,0.0,4872025000,,00,,0.0,20151102,의령읍 토목6,200.0,0.0,N,0.0,산다소류지,249,취약방재,20060405,,농림축산식품부,산다지구,0.0,487202006003,0.0,2,소류지 붕괴위험지구,,0, [지점번호:라라69659893],낙동강,4,재난안전관리과장,4.0,30.0,003,0.0,,,20130131,시설정비 완료,건설과,010,재난안전관리과시설8,, ,,,2015/11/02 15:25:51.000000000, ,2,3,002,의령읍 상리
4872041527,,,지방관리,0.0,4872041500,,00,,0.0,20151102,건설과 시설8급,200.0,0.0,N,0.0,지동소류지,1053,취약방재,20060405,,농림축산식품부,지동지구,0.0,487202006004,0.0,2,소류지 붕괴위험지구,,0, ,낙동강,4,재난안전관리과장,1.0,100.0,002,0.0,,,20081231,시설정비 완료,의령군,010,재난안전관리과시설8,, ,,,2016/04/07 15:07:41.000000000, ,2,,002,지동이장
4872025026,,,지방도,0.0,4872025000,"1번지 ,1-3번지",00,,0.0,20151102,재난관리과,200.0,0.0,N,0.0,지방도,3,붕괴위험,20100430,,행정안전부,만천지구,0.0,487202011006,0.0,2,붕괴위험,,1, [지점번호:라마71840196],낙동강,4,재난관리과,50.0,50.0,002,0.0,,,20160628,,,002,재난관리과,0,"1번지 ,1-3번지",,,2016/06/30 15:50:40.000000000,,1,,001,마을이장
4872036021,,,지방2급하천,0.0,4872036000,"석곡리, 성황리 일원",00,,0.0,20151102,안전관리과,50.0,0.0,N,0.0,정곡지구,216,침수위험,20110404,,국토교통부,정곡지구,0.0,487202011007,0.0,,침수위험,,0,경상남도 의령군 정곡면 법정로  937-16   ,,4,,50.0,200.0,001,0.0,,,20160628,,의령군,013,,0,"석곡리, 성황리 일원",,,2016/06/30 15:50:53.000000000,,2,18,005,마을이장
4872039027,,,지방2급하천,0.0,4872039000,,00,,0.0,20151102,재난관리과,0.0,0.0,N,0.0,대곡지구,1161,제방붕괴 인명피해 우려,20110404,,국토교통부,대곡지구,0.0,487202011008,0.0,2,취약방재,,0, [지점번호:라마77512289],낙동강,4,재난관리과,0.0,0.0,003,0.0,,,20160628,,의령군,013,재난관리과,0,,,,2016/06/30 15:51:03.000000000,,1,26,005,마을이장
4872025022,,,지방도,0.0,4872025000,,02,,0.0,20151102,건설도시과,0.0,0.0,N,0.0,의병교,452,장기적인 침수로 인한 시설물 피해,20120328,,행정안전부,중동지구,0.0,487202012009,0.0,2,"100년 빈도 하천계획홍수위 (18.61m)보다 낮아(H=0.85m) 교량상부공이 유속에 
 의해 유실 및 낙교가 우려됨.
 ",,0, [지점번호:라마69250262],낙동강,4,,0.0,0.0,005,0.0,,,20160628,,의령군,002,,0,,,,2016/06/30 15:51:15.000000000,,1,2,001,마을이장
4872025000,,,지방관리,0.0,4872000000,,02,,1738104.0,20151102,건설도시과,0.0,554.0,N,0.0,백야교,411,유실위험지구,20120323,,행정안전부,백야지구,0.0,487202013010,0.0,2,유실위험,,0,,낙동강,4,안전관리과,0.0,0.0,005,237.0,,,20171219,,건설도시과,010,안전관리과,0,,,,2018/10/13 17:13:09.000000000,,1,2,001,마을이장
4872039028,,,지방2급하천,0.0,4872039000,,02,,50000.0,20151102,안전관리과,0.0,0.0,N,0.0,여배지구,62,취약방재,20131115,,국토교통부,여배지구,0.0,487202014011,0.0,-1,제방유실,,0, [지점번호:라마77302296],,4,안전관리과,0.0,0.0,003,0.0,,,20190123,정비사업 완료에 따른 재해위험요소 해소,경상남도,013,안전관리과,0,,,2013,2019/04/16 13:38:09.000000000,,1,8,005,
4872031029,,,지방2급하천,0.0,4872000000,,02,,120000.0,20151102,안전관리과,0.0,375.0,N,0.0,봉두지구,358,취약방재,20131115,,,봉두지구,0.0,487202014013,0.0,2,해당없음,,0,,낙동강,4,안전관리과,0.0,0.0,003,175.0,,,20231220,재해위험요인 해소,경상남도,013,안전관리과,0,,,2013,2024/04/12 14:55:13.000000000,,1,56,,
4872040022,,,지방2급하천,0.0,4872000000,,02,,150000.0,20151102,안전관리과 시설7급,0.0,0.0,N,0.0,서암지구,1074,취약방재,20131115,,,서암지구,0.0,487202014014,0.0,2,제방유실,,0, [지점번호:라마66742085],낙동강,4,안전관리과장,0.0,0.0,003,0.0,,,,,의령군,013,안전관리과 시설7급,0,,,2015,2024/04/12 15:26:01.000000000,,1,0,,
4884037027,,침수위험,지방2급하천,,4884037000,,02,,1.0,20060403,고현면사무소 농업9급,0.0,,,,중앙지구,910,저지대 주택침수,20060405,20151002,국토교통부,중앙지구,,488402006001,,19,저지대 주택침수,,0,경상남도 남해군 고현면 탑동로  65-22   ,기타,4,안전총괄과 행정5급,0.0,0.0,001,,,,20140303,위험지구 정비완료,남해군,013,안전총괄과 시설6급,0,,,2006,2018/02/22 17:33:41.000000000,,2,7,005,중앙마을이장
4884031026,,침수위험,군천,,4884031000,,02,,100000.0,20060403,이동면사무소 행정6급,0.0,,,,화계지구,1555,인근저지대 주택 및 농경지침수피해,20060405,20151002,국토교통부,화계지구,,488402006002,,,인근저지대 주택 및 농경지침수피해,,0,,,4,안전총괄과 행정5급,0.0,0.0,001,,,,20120427,,남해군,042,안전총괄과 시설6급,0,,,2006,2018/02/22 17:31:08.000000000,,3,7,005,마을이장
4884025024,,침수위험,기타,,4884025000,,02,,50000.0,20060403,남해읍사무소 시설8급,0.0,,,,곡내지구,367,마을내 배수로 규격으로 인한 주택침수,20060405,20151002,국토교통부,곡내지구,,488402006003,,,마을내 배수로 규격으로 인한 주택침수,,0, [지점번호:라라37365015],,4,안전총괄과 행정5급,0.0,0.0,001,,,,20120427,,남해군,050,안전총괄과 시설6급,0,,,2006,2018/02/22 17:29:18.000000000,,2,13,005,마을이장
4884037028,,취약방재시설,지방2급하천,,4884037000,,02,,400000.0,20040603,농업9급,0.0,,,,대사지구,1398,호우시 하천제방 범람으로 주택 및 농경지피해,20040603,20151002,국토교통부,대사지구,,488402006004,,19,호우시 하천제방 범람으로 주택 및 농경지피해,,0,,기타,4,안전총괄과 행정5급,0.0,0.0,001,,,,20100715,정비완료,남해군,013,안전총괄과 시설6급,0,,,2004,2018/02/22 17:25:00.000000000,,1,,005,마을이장
4884036022,,붕괴위험,기타,,4884036000,,02,,100000.0,20060403,서면사무소 시설9급,0.0,,,,금곡소류지지구,1536,제방의 누수로 인한 인명피해,20060405,20151002,국토교통부,금곡소류지지구,,488402006005,,,제방의 누수로 인한 인명피해,,0, [지점번호:라라32794588],,4,안전총괄과 행정5급,0.0,0.0,002,,,,20120427,,남해군,050,안전총괄과 시설6급,0,,,2006,2018/02/22 17:39:16.000000000,,2,,005,
4884033026,,해일위험,기타,,4884033000,,02,,400000.0,20060405,미조면사무소 시설8급,0.0,,,,미조외2지구,663,해일로 인한 침수우려,20060405,20151002,행정안전부,미조외2지구,,488402006006,,,해일로 인한 침수우려,,0,경상남도 남해군 삼동면 동부대로942번길  27-1   ,,4,안전총괄과 행정5급,0.0,0.0,004,,,,20140303,위험지구 정비완료,남해군,050,안전총괄과 시설6급,0,,,2006,2018/02/22 17:37:27.000000000,,1,,001,미조마을이장
4884036022,,침수위험,지방2급하천,,4884036000,,02,,400000.0,20060405,서면사무소 시설9급,0.0,,,,연죽지구,634,호우시 하천제방으로 주택 및 농경지 피해,20060405,20151002,국토교통부,연죽지구,,488402006007,,,본지구는 지방2급 하천으로서 하천폭이 협소하고 제방이 낮아 호우 시 잦은 범람으로 인근 주택 및 농경지 침수,,0, [지점번호:라라33524634],,4,안전총괄과 행정5급,0.0,0.0,001,,,,20080306,정비사업완료,남해군,013,안전총괄과 시설6급,0,,,2006,2018/02/22 17:41:13.000000000,,2,,005,연죽마을이장
4884035023,,,소규모어항,,4884035000,,02,,1260000.0,20100715,이동면 사무소 행정6급,0.0,,,,월포항외 8개소(앵강만),9,해일로 인한 피해우려,20100715,20151002,행정안전부,앵강지구,,488402011008,,,해일로 인한 피해우려,,0, [지점번호:라라37493957],,4,안전총괄과 행정5급,0.0,0.0,006,,,,20140303,위험지구 정비완료,남해군,036,안전총괄과 시설6급,0,,,2010,2018/02/22 17:43:00.000000000,,1,4,001,신전마을이장
4884025027,,,기타,0.0,4884025000,,02,,10300.0,20100715,남해읍사무소 시설8급,200.0,0.0,N,0.0,오동저수지,4,취약시설 붕괴로 인한 피해우려,20100715,20151002,환경부,오동지구,0.0,488402011010,0.0,-1,취약시설 붕괴로 인한 피해우려,,1,경상남도 남해군 남해읍 오동로  154-61   ,,4,안전총괄과 행정5급,30.0,50.0,003,0.0,,,20160615,,남해군,050,안전총괄과 시설6급,0,,,2010,2018/10/22 20:43:04.000000000,,2,34,013,오동마을 이장
4165040021,,,기타,0.0,4165040000,,00,,195418.0,20151030,관인면 시설8급,0.0,0.0,N,0.0,계곡,456,고립위험,20060228,,행정안전부,지장산계곡,0.0,416502006001,0.0,19,야영객 고립,,1, [지점번호:다아73171184],기타,4,안전총괄과 해양5급,1.0,20.0,004,0.0,,,20140916,,관인면,050,안전총괄과 시설6급,0,,,,2019/05/07 15:12:31.000000000,,1,,001,중1리장
4165034031,,붕괴위험지구,기타,0.0,4165000000,,00,,3500.0,20121029,신북면사무소 시설7,0.0,0.0,N,0.0,임야,534,산사태 발생지역으로 관리필요,20121029,,,청산농원지구,0.0,416502013003,0.0,19,산사태,,0, [지점번호:다사66249464],기타,4,안전총괄과 시설6,0.0,0.0,002,0.0,,,20140825,,포천시,050,안전총괄과 행정8,0,,,2012,2022/04/27 15:01:48.000000000,,2,4,,금동2리 이장
4165035022,,,기타,0.0,4165000000,,02,,192763.0,20151030,창수면 시설8,195.0,40.0,N,0.0,주원지구,774,영평천 월류로 인한 관리필요,20131108,20130417,,주원지구,0.0,416502013004,0.0,1,폭우 및 태풍으로 인한 영평천 월류,,0, [지점번호:다아69750195],한강,3,건설하천과 하천시설팀장,3.0,42.0,001,10.0,,,,,포천시,050,건설하천과 시설7,0,,,,2024/09/12 11:36:07.000000000,,2,45,,주원5리 이장
4165035024,,,기타,0.0,4165000000,,02,,186000.0,20151030,창수면 시설7,195.0,80.0,N,0.0,"주택, 도로, 농경지",890,영평천 월류에 따른 관리 필요,20131108,20130417,,오가지구,0.0,416502013005,0.0,1,"영평천 월류 및 내수배제능력부족에 따른 주택, 도로, 농경지 침수",,0, [지점번호:다아72580222],한강,4,안전총괄과 시설6,3.0,42.0,001,20.0,,,20220928,재해위험요인 해소,포천시,050,안전총괄과 시설7,0,,,,2024/04/09 13:20:53.000000000,,2,,,오가1리 이장
4165037026,,,기타,0.0,4165000000,~ 영중면 성동리 636-1,02,,738400.0,20151030,일동면 시설7,0.0,280.0,N,0.0,영평지구,240,영평천 월류 지역으로 관리필요,20131108,20130417,,영평지구,0.0,416502013006,0.0,1,"영평천 월류에 따른 주택, 도로, 농경지 침수",,0,,한강,3,건설하천과 하천시설팀장,0.0,0.0,001,70.0,,,,,포천시,050,건설하천과 시설7,0,~ 영중면 성동리 636-1,,,2024/04/09 13:42:29.000000000,,2,4,,수입4리 이장
4165038021,,,기타,0.0,4165000000,,02,,89470.0,20190402,이동면 시설7,157.0,200.0,N,0.0,장암지구,477,영평천 월류 지역으로 관리필요,20131108,20130417,,장암지구,0.0,416502013007,0.0,1,"영평천 월류 및 내수배제능력부족에 따른 주택,도로,농경지 침수
 ",,0,경기도 포천시 이동면 성장로1289번길  63    ,한강,3,건설하천과 하천시설팀장,3.0,44.0,001,50.0,,,,,포천시,050,건설하천과 시설7,0,,,,2024/09/12 11:35:33.000000000,,2,1,,장암4리 이장
4165035022,,,기타,0.0,4165000000,,02,,64600.0,20131108,창수면 시설8,195.0,20.0,N,0.0,주원2지구,670,영평천 월류 지역으로 관리 필요,20131108,20130417,,주원2지구,0.0,416502013008,0.0,1,"영평천 월류 및 내수배제능력부족에 따른 주택,도로,농경지 침수
 ",,0, [지점번호:다아71180196],한강,3,건설하천과 하천시설팀장,3.0,42.0,001,5.0,,,,,포천시,050,건설하천과 시설7,0,,,2013,2024/09/12 11:33:22.000000000,,2,,,주원4리 이장
5117011100,,붕괴위험,기타,0.0,5117063000,,00,,0.0,20151201,안전과 시설8급,200.0,0.0,N,0.0,축대 및 언덕붕괴,1,급경사지의 축대 및 언덕붕괴 위험지역 하단부 가옥 밀집,19960701,,행정안전부,발한,0.0,421701998002,0.0,19,사면보호시설 미설치로 축대 및 언덕붕괴시 가옥붕괴로 인한 인명 및 재산피해 예상,,0, [지점번호:마사42295146],기타,4,복구지원담당,3.0,30.0,002,0.0,,,20120327,사업완료 및 위험요인 해소,동해시청,050,안전과 시설9급,, ,,,2015/12/01 09:03:30.000000000, ,1,,001,10통장(망상)
5117012300,,붕괴위험,기타,0.0,5117059000,,00,,0.0,20151201,안전과 시설8급,200.0,0.0,N,0.0,축대 및 언덕붕괴,64,급경사지의 축대 및 언덕붕괴 위험지역 하단부 가옥 밀집,19970302,,행정안전부,묵호,0.0,421701998003,0.0,19,사면보호시설 미설치로 축대 및 언덕붕괴시 가옥붕괴로 인한 인명 및 재산피해 예상,,1, ,기타,4,복구지원담당,3.0,30.0,002,0.0,,,20120227,사업완료 및 위험요인 해소,동해시청,050,안전과 시설9급,, ,,,2015/12/01 09:04:40.000000000, ,1,1,001,10통장
5117011000,,,기타,0.0,5117054000,,00,,0.0,20151201,안전과 시설8급,0.0,0.0,N,0.0,위험가옥,83,해일위험지구,20100517,,행정안전부,하평,0.0,421702011008,0.0,,해일위험,,0,강원도 동해시  부곡복개로  8-5  (부곡동),,4,복구지원담당,0.0,0.0,006,0.0,,,20120227,사업완료 및 위험요인해소,동해시청,050,안전과 시설9급,0,,,,2016/07/16 09:59:59.000000000,,1,10,001,천곡동 1통
5117011100,,,기타,0.0,5117063000,,00,,0.0,20151201,안전과 시설8급,0.0,0.0,N,0.0,축대및언덕,8,붕괴위험,20100517,,행정안전부,발한시장,0.0,421702011009,0.0,,붕괴위험,정비완료(2013. 02.05),0, [지점번호:마사42215148],,4,복구지원담당,0.0,0.0,002,0.0,,,20150227,사면정비사업 완료에 따른 붕괴위험요인 해소,동해시,050,안전과 시설9급,, ,,,2015/12/01 09:34:26.000000000, ,1,32,001,발한동4통장
5117012300,,,기타,0.0,5117059000,,00,,0.0,20151201,안전과 시설8급,0.0,0.0,N,0.0,토사 사면,2,붕괴위험,20100601,,행정안전부,묵호 14지구,0.0,421702011010,0.0,,붕괴위험,,0,강원도 동해시  등대오름길  19-2  (묵호진동),,4,복구지원담당,0.0,0.0,002,0.0,,,20150227,사면 정비사업 완료에 따른 붕괴위험요인 해소,동해시청,050,안전과 시설9급,0,,,,2016/07/16 09:59:46.000000000,,1,297,001,14통 통장
5117011100,,,시도,0.0,5117000000,,00,,0.0,20151201,안전과 시설8급,59.0,0.0,N,0.0,토사 사면,8,붕괴위험,20120327,,행정안전부,게구석,0.0,421702012011,0.0,19,급경사지 붕괴위험 및 하단부 가옥 밀집 피해예방,,0,강원도 동해시  게구석길  47-3  (발한동),기타,4,복구지원담당,3.0,314.0,002,0.0,,,20150227,사면정비공사 완료에 따른 붕괴위험요인 해소,동해시,003,안전과 시설9급,0,,,,2016/07/16 09:59:35.000000000,,1,102,001,1통 통장
5117012300,,,시도,0.0,5117059000,,00,,30500.0,20151201,시설8급,59.0,0.0,N,0.0,토사사면,42,붕괴위험,20120327,,행정안전부,산제골,0.0,421702012012,0.0,19,급경사지 붕괴위험 및 하단부 가옥 밀집 피해 예방,,1,강원도 동해시  산제골길  48   (묵호진동),기타,4,복구지원담당,2.0,314.0,002,0.0,,,20170220,재해위험개선지구 사업을 통한 재해위험요인 해소,동해시,003,시설9급,0,,,,2017/02/23 09:41:47.000000000,,1,,001,8통장
5117012300,,,기타,0.0,5117059000,,00,,6625.0,20151201,시설8급,59.0,0.0,N,0.0,토사 사면,3,붕괴위험,20120327,,행정안전부,논골,0.0,421702012013,0.0,19,급경사지 붕괴위험 및 하단부 가옥 밀집 피해예방,,0,강원도 동해시  논골길  56   (묵호진동),기타,4,복구지원담당,2.0,314.0,002,0.0,,,20190422,,동해시,050,시설8급,0,,,,2020/11/05 17:14:42.000000000,,1,127,001,12통장
5117012300,,,시도,0.0,5117059000,,00,,31079.0,20151114,시설8급,59.0,0.0,N,0.0,토사사면,2,붕괴위험,20120327,,행정안전부,도째비골,0.0,421702012014,0.0,19,급경사지 붕괴위험 및 하단부 가옥 밀집 피해 예방,,0, [지점번호:마사43065172],기타,4,복구지원담당,2.0,314.0,002,3.0,,,20210210,,동해시,003,시설9급,0,,,2012,2021/09/29 09:14:45.000000000,,1,175,001,14통장
5117011800,,,기타,0.0,5117060000,동해시 이도동412-10,00,,0.0,20151201,안전과 시설8급,0.0,0.0,N,0.0,가옥 및 농지,412,침수위험,19960708,,행정안전부,섬안지구(이도),0.0,421702013015,0.0,,강우,,0,강원도 동해시  전천로  97-12  (이도동),,4,복구지원담당,0.0,0.0,001,0.0,,,20060224,정비사업완료,동해시,050,안전과 시설9급,0,동해시 이도동412-10,,,2016/07/16 09:57:31.000000000,,1,10,001,
5117010400,,,기타,0.0,5117052000,동해시 용정동 24-1,00,,0.0,20151201,안전과 시설8급,0.0,0.0,N,0.0,가옥및농지,24,침수위험,20031206,,행정안전부,용정지구,0.0,421702013016,0.0,19,침수,,0, [지점번호:마사43764667],기타,4,복구지원담당,0.0,0.0,001,0.0,,,20100517,정비완료,동해시,050,안전과 시설9급,,동해시 용정동 24-1,,,2015/12/01 09:35:23.000000000, ,1,1,001,
5117011100,,,기타,0.0,5117063000,동해시 발한동 산5-2,00,,0.0,20151201,안전과 시설8급,0.0,0.0,N,0.0,가옥및농지,5,침수우려,20041016,,행정안전부,향로지구,0.0,421702013017,0.0,,침수,,1,,,4,복구지원담당,0.0,0.0,001,0.0,,,20080114,정비완료,동해시,050,안전과 시설9급,0,동해시 발한동 산5-2,,,2016/07/16 09:57:24.000000000,,1,2,001,
5117011000,,,기타,0.0,5117054000,동해시 부곡동440-8,00,,0.0,20151201,안전과 시설8,0.0,0.0,N,0.0,토사사면,440,침수위험,20041016,,행정안전부,부곡지구,0.0,421702013018,0.0,,침수,,0, [지점번호:마사42594985],,4,복구지원담당,0.0,0.0,001,0.0,,,20100517,정비완료,동해시,050,안전과 시설9급,0,동해시 부곡동440-8,,,2016/07/16 09:57:17.000000000,,1,8,001,
5117012300,,,기타,0.0,5117059000,동해시 묵호진동 2-288,00,,0.0,20151201,안전과 시설8급,0.0,0.0,N,0.0,토사사면,2,붕괴위험,19970302,,행정안전부,묵호18지구,0.0,421702013019,0.0,,붕괴위험,,0,강원도 동해시  일출로  91   (묵호진동),,4,복구지원담당,0.0,0.0,002,0.0,,,20021230,정비완료,동해시,050,안전과 시설9급,0,동해시 묵호진동 2-288,,,2016/07/16 09:57:09.000000000,,1,288,001,
5117010100,,,기타,0.0,5117051000,동해시 천곡동 1-3,00,,0.0,20151201,안전과 시설8급,0.0,0.0,N,0.0,가옥,1,해일위험,20060224,,행정안전부,가세지구,0.0,421702013020,0.0,,해일,,0, [지점번호:마사43184898],,4,복구지원담당,0.0,0.0,006,0.0,,,20100517,정비완료,동해시청,050,안전과 시설9급,0,동해시 천곡동 1-3,,,2016/07/16 09:56:55.000000000,,1,3,001,
5172038033,,,소교량,0.0,5172038000,,02,,315000.0,20100608,시설8급,0.0,80.0,Y,0.0,교량(잠수교),108,집중호우시 교량범람및고립,20100608,20121108,,장항지구,0.0,427202010001,0.0,1,여름철 집중호우시 하천수위상승 교량범람및고립 ,,0, [지점번호:라사25626588],한강,4,건설방재과장,0.0,0.0,004,22.0,,,20160315,,홍천군,048,행정7급,0,,20121012,2010,2022/05/02 17:58:22.000000000,홍천군풍수해저감종합계획,1,,,장항리장
5172037023,,,군도,0.0,5172037000,,02,,10000.0,20100608,시설7급,0.0,75.0,Y,0.0,교량(되룡골교),119,집중호우시 교량범람및고립발생,20100608,20121108,,군도14(2)지구,0.0,427202010002,0.0,19,여름철 집중호우시 하천수위상승 교량범람및고립 ,,0, [지점번호:라사18756559],기타,4,시설5급,1.0,0.0,004,30.0,,,20190121,정비완료에 따른 위험요인 해소,홍천군,004,행정9급,0,,20121012,2010,2022/05/02 17:58:14.000000000,홍천군풍수해종합저감계획,1,1,,팔봉1리장
5172038032,,고립,기타,0.0,5172038000,,02,,176000.0,20100608,시설7급,0.0,80.0,N,0.0,교량(구룡밭교),850,하천수위상승으로 교량범람 및 고립,20100608,20121108,,북노일지구,0.0,427202010003,0.0,1,여름철 집중호우로 인한 하천수위 상승,,0, [지점번호:라사20196484],한강,4,시설5급,1.0,0.0,004,20.0,,,20190121,정비완료에 따른 위험요인 해소,홍천군,050,행정9급,0,,20121012,2010,2022/05/02 17:58:04.000000000,홍천군 풍수해종합저감대책,1,,,노일리 이장
5172039026,,,지방2급하천,0.0,5172039000,,02,,20000.0,20100608,시설7,0.0,200.0,Y,0.0,하천제방(방내천),1334,하천범람으로 인한 침수위험,20100608,20121108,,방내지구,0.0,427202011004,0.0,1,하천범람,,0,강원도 홍천군 내면 여차동길  655-5   ,한강,4,건설방재과장,0.0,0.0,001,60.0,,,20160315,,홍천군,013,행정9급,0,,20121012,2010,2022/05/02 17:58:00.000000000,홍천군풍수해저감 종합계획,1,,,방내1리장
5172034026,,,지방2급하천,0.0,5172034000,1190-60,02,,994.0,20100608,시설7급,0.0,15.0,Y,0.0,하천제방(청량천),1190,집중호우 시 하천범람,20100608,20121108,,청량지구,0.0,427202011005,0.0,1,집중호우 시 하천범람으로 농경지 침수 및 가옥침수 우려,,0,강원도 홍천군 서석면 청량로  570    ,한강,4,건설방재과장,5.0,0.0,001,3.0,,,20160315,,홍천군,013,건설방재과,0,1190-60,20121012,2010,2022/05/02 17:57:55.000000000,홍천군풍수해종합저감대책,1,,,청량1리장
5172038034,1.0,,지방2급하천,0.0,5172000000,,02,,30713.0,20100608,시설7급,0.0,5.0,Y,0.0,하천제방(홍천강),63,집중호우시 하천범람,20100608,20121108,,굴지지구,0.0,427202011006,0.0,1,집중호우시 하천범람,,1, [지점번호:라사25896759],한강,1,건설방재과장,0.0,0.0,001,2.0,,1.0,,,홍천군,013,건설방재과,0,,20121012,2010,2024/05/16 11:44:12.000000000,홍천군 풍수해저감종합계획,1,,,굴지리장
5172037031,1.0,,지방2급하천,0.0,5172000000,,02,,11444.0,20100608,건설방재과 시설7급,0.0,150.0,Y,0.0,하천제방(홍천강),93,집중호우시 하천범람,20100608,20121108,,개야지구,0.0,427202011007,0.0,1,집중호우시 하천범람,,1, [지점번호:라사12056650],한강,1,건설방재과장,0.0,0.0,001,40.0,0.0,1.0,,,홍천군,013,건설방재과 행정9급,0,,20121012,2010,2024/05/16 11:44:02.000000000,홍천군풍수해저감종합계획,1,,,개야리장
5173036022,,취약방재,지방2급하천,,5173036000,,,,,,,,,,,금계천,644,하천범람으로 침수발생,20000302,,국토교통부,부창,,427302013014,,1,해소,,0, [지점번호:라사44555521],한강,4,,,,003,,,,20061127,정비완료,,013,,, ,,,2013/04/11 14:30:47.000000000,,3,,005,
5173037021,,침수위험,지방관리,,5173037000,,,,,,,,,,,소하천,806,내외수 침수 발생,20080604,,행정안전부,창촌,,427302013015,,1,해소,,0,강원도 횡성군 서원면 서원로  156    ,한강,4,,,,001,,,,20101217,정비사업 완료,,010,,, ,,,2013/04/11 14:35:55.000000000,,2,,001,
5179033000,,,지방2급하천,0.0,5179033000,,02,,0.0,20151202,건설방재과 청원경찰,0.0,45.0,N,0.0,제방,,상습침수,20000323,20121012,행정안전부,산양지구,0.0,427902006001,0.0,,집중호우시 범람으로 인한 가옥 침수,,,강원도 화천군 상서면 영서로  7740-2   ,,4,재난안전관리과,0.0,0.0,001,10.0,,,20001214,정비완료 제방쌓기 L=134m,화천군청,013,재난안전관리과,, ,,,2015/12/02 15:07:41.000000000, ,2,,001,
5179033030,,,지방1급하천,0.0,5179033000,,02,,0.0,20151202,건설방재과 청원경찰,0.0,26.0,N,0.0,제방,1,제방노후로 침수 위험,19961017,20121012,행정안전부,다목지구,0.0,427902006002,0.0,,제방노후로 인한 주택 및 농경지 침수 우려,,0, ,,4,재난안전관리과,0.0,0.0,003,10.0,,,19980205,정비완료,화천군,012,재난안전관리과,,하천,,,2015/12/02 15:11:00.000000000, ,3,1,001,
5183035024,,,지방2급하천,,5183035000,강선리 물치천일원,,,,,강현면사무소,,,,,강선리 일원 상습(외수)침수,1,상습(외수)침수,20000410,,행정안전부,강선지구,,428302013007,,,상습(외수)침수,,0, ,,4,,,,001,,,,20030429,재해위험지구 정비사업 완료,,013,건설과 방재담당,,강선리 물치천일원,,,2013/04/10 20:52:01.000000000,,2,,001,강선리
5183033034,,d,지방관리,0.0,5183033000,법수치리 산126번지일원,02,,0.0,20100518,안전건설과 시설7,0.0,66.0,N,0.0,재해위험지구 정비사업,126,급경사지 붕괴위험지역 D급,20100518,20120511,행정안전부,법수치지구,0.0,428302013003,0.0,,급경사지 붕괴위험지역D급,,1, ,,4,,1.0,0.0,002,33.0,,,20150701,,양양군청,010,안전건설과 시설7,,법수치리 산126번지일원,20100518,2010,2015/11/30 20:15:05.000000000, ,1,,001,법수치리 리장
5183035036,0.0,D,사유림,0.0,5183000000,정암리162-2번지 일원,02,,4692.0,20100518,안전교통과 시설8,0.0,160.0,Y,0.0,급경사지 붕괴위험지구,162,급경사지붕괴위험지역,20100518,20121211,,정암지구,0.0,428302013004,0.0,-1,급경사지붕괴위험지역,,0,강원도 양양군 강현면 정암1길  13-24   ,,3,안전교통과 시설6,0.0,0.0,002,120.0,0.0,0.0,,급경사지 붕괴위험지역으로 관리,양양군,016,안전교통과 시설8,0,정암리162-2번지 일원,,2010,2024/04/11 22:16:23.000000000,풍수해저감계획(안),1,6,,마을이장
5183034038,,,면도,,5183034000,남애1리 일원,,,,,현남면사무소,,,,,상습(해일)침수,1,상습(해일)침수,19991016,,행정안전부,남애해안지구,,428302013005,,,가옥침수,,0,강원도 양양군 현남면 안남애길  41    ,,4,,,,006,,,,20050120,위험요인해소,,045,건설방재담당,,남애1리 일원,,,2013/04/10 20:45:00.000000000,,2,,001,남애1리
5275038028,,,지방2급하천,0.0,5275038000,,02,4575038028104740007000238     ,460000.0,19960823,안전관리과 지방시설6급,399.0,24.0,N,0.0,상월천,474,하천범람으로 인한 하천유실,19960823,,행정안전부,상월지구,0.0,457502013012,0.0,5,토사 구간인 축제 및 제방 유실로 인한 농경지 침수피해,,0,,섬진강,4,안전관리과 지방시설5급,5.0,40.0,005,11.0,,,20150423,정비완료,안전관리과,013,안전관리과 지방시설6급,0,,,,2021/06/08 13:13:58.000000000,,3,7,001,상월마을이장
5275037023,,소하천,군천,0.0,5275037000,,02,4575037023109950001112771     ,200000.0,20060313,안전관리과 지방시설7급,400.0,12.0,N,0.0,택승천,995,하천폭 및 여유고 부족,20060313,,행정안전부,세심지구,0.0,457502013013,0.0,5,하천폭 및 여유고 부족 및 기존교량의 통수단면적 부족,,0,,섬진강,4,안전관리과 지방시설5급,4.0,45.0,005,5.0,,,20150423,정비완료,임실군,042,안전관리과 지방시설6급,0,,,2006,2021/06/08 13:13:52.000000000,,3,1,001,세심마을이장
5275034022,,지방하천,지방2급하천,0.0,5275000000,,02,4575034022111770003000346     ,160000.0,19960823,안전관리과 지방시설7급,390.0,27.0,N,0.0,삼봉천,1177,하천유실로 인한 주택 및 농경지 피해 우려,19960823,,,삼봉지구,0.0,457502013014,0.0,-1,하천폭 및 여유고 부족,,0,,,3,안전관리과 지방시설5급,4.0,39.0,005,12.0,,,,,안전관리과,013,안전관리과 지방시설6급,0,,,,2024/11/07 16:07:53.000000000,,3,1,,삼봉마을이장
5275036021,,지방하천,지방2급하천,0.0,5275000000,,02,4575036021105750001105923     ,210000.0,19960823,안전관리과 지방시설6급,400.0,45.0,N,0.0,제목천,575,하천폭 및 여유고 부족,19960823,,행정안전부,수천지구,0.0,457502013015,0.0,-1,"하천폭, 여유고 부족 및 기존교량 통수단면 부족",,0,,,4,안전관리과 지방시설5급,4.0,39.0,005,25.0,,,20150423,정비완료,임실군청,013,안전관리과 지방시설6급,0,,,,2021/06/08 13:13:35.000000000,,1,1,001,수천이장
5275025025,,지방하천,지방2급하천,0.0,5275025000,,02,4575025025103700001123562     ,200000.0,19960823,안전관리과 지방시설6급,400.0,37.0,N,0.0,대덕천,369,하천폭 및 여유고 부족,19960823,,행정안전부,대곡지구,0.0,457502013016,0.0,5,하천폭 및 여유고 부족등으로 집중호우시 주택 및 농경지 피해,,0,,섬진강,4,안전관리과 지방시설5급,3.0,45.0,005,12.0,,,20181005,,임실군,013,안전관리과 지방시설6급,0,,,,2021/06/08 13:13:28.000000000,,3,2,001,갈마마을이장
4611016000,,내수,지방관리,0.0,4611078000,"석현동, 옥암동 일대",00,,1000000.0,20081103,안전총괄과 시설8급,150.0,0.0,N,0.0,하당(석현뜰),1128,집중호우시 석현들 농경지 및 하당지역 저지대의 침수피해,20000110,,행정안전부,하당,0.0,461102000001,0.0,19,매년 침수피해로인한 석현뜰 농경지와 하당지역 저지대와 바닷물 만조시 집중호우에 따른 농경지 침수피해 매년2~3회 발생하여 배수펌프 용량을 확대 2006까지 해소,,0, [지점번호:다라01624788],기타,4,안전총괄과장,1.0,30.0,001,0.0,,,,,목포시청,010,안전총괄과 방재팀장,0,"석현동, 옥암동 일대",,2008,2021/05/28 21:23:32.000000000,,2,,001,하당동
4611015700,,내수침수,기타,0.0,4611000000,,00,,130000.0,20051101,안전총괄과 시설7급,150.0,0.0,N,0.0,죽교(북항저지대),620,집중호우시 저지대 주택 침수,20020416,,,북항,0.0,461102002001,0.0,19,"북항저지대 주택침수와 기존 북항배수펌프장 노후로 비상시 정상가동이 어려워 재해피해가 우려되며, 북항배수펌프장을 증개축 2008년까지 배수펌프장 이설 공사 완료",,0, [지점번호:나라96044548],기타,4,안전총괄과장,1.0,30.0,001,0.0,,,,,목포시청,050,안전총괄과 방재팀장,0,,,2008,2022/10/20 15:16:28.000000000,,1,,,북항동
4611016300,,내수침수,지방관리,0.0,4611054500,,02,,932800.0,20040823,안전총괄과 시설7급,150.0,160.0,N,0.0,백련(농경지),797,농경지 대부분이 저지대이고 집중호우시 침수피해 발생,20040823,20120611,,백련,0.0,461102004001,1.0,19,도시개발에 따른 생활용수 증가와 집중호우시 배수지연으로 농경지 침수피해 발생되어 배수펌프장 용량을 확대해 2017년까지 해소,,0,,기타,4,안전총괄과장,1.0,30.0,001,60.0,,,,,목포시,010,안전총괄과 방재팀장,0,,20040823,2004,2022/10/20 15:12:36.000000000,,3,6,,연산동
4677025321,,,군천,0.0,4677000000,,00,,3000.0,20100514,도양읍사무소 읍장,0.0,26.0,N,0.0,장수 소하천,950,침수위험,20100514,,,장수,0.0,467702013018,0.0,-1,침수위험,,0,전라남도 고흥군 도양읍 도양해안로  618    ,,4,안전총괄과장,0.0,0.0,001,12.0,,,,,고흥군청,042,복구지원담당,0,,,2010,2024/11/14 10:30:21.000000000,,1,,,장계리 장수이장
4611010100,,내수침수,지방도,0.0,4611053500,,00,,640000.0,20151112,안전총괄과 시설9급,150.0,0.0,N,0.0,용당(저지대),961,경계구역으로 지정하였으나 매년 반복침수로 인하여 지정,20040823,,,용당,0.0,461102004002,0.0,-1,2.3호광장 일대가 해수면만조위 보다 낮아 용당동 저지대 매년 주택(70동) 및 도로등이 반복침수되어 배수 펌프 시설용량을 확대 2008까지 침수피해 해소.,,0, [지점번호:나라99014607],,4,안전총괄과,1.0,30.0,001,0.0,,,,,목포시,002,안전총괄과 방재팀장,0,,,2013,2022/10/20 15:08:54.000000000,,1,3,,용당1동
4611015800,,절개지 붕괴,지방관리,0.0,4611075600,,00,,20000.0,20150819,안전총괄과 시설 9급,150.0,0.0,N,0.0,신흥동 절개지,1090,집중호우로 인한 절개지 붕괴가 우려되어 지정하였음,20070212,,,신흥,0.0,461102007001,0.0,19,"집중호우시 절개지 붕괴로 인한 인명, 차량피해",,0, [지점번호:다라01314533],기타,4,안전총괄과장,1.0,30.0,002,0.0,,,,,목포시,010,안전총괄과 방재팀장,0,,,2014,2022/10/20 15:10:21.000000000,,2,0,,신흥동
4623033024,,,지방2급하천,0.0,4623000000,,02,4623033024112790004027404     ,117011.0,20151112,안전과 시설7급,150.0,516.0,Y,15.0,정토천,1507,하천범람으로 인한 주택 및 농경지 침수,20060315,20111228,,옥곡 신금,0.0,462301999006,0.0,5,"0. 기존 하천단면 부족구간 경전선 이설(20m)등 하천폭 확대조치
 0. 하천 단면부족구간 하천폭 확대 및 제방보수",,0,,섬진강,2,안전과 시설6급,2.0,50.0,001,170.0,,,,,광양시청,013,안전과 시설7급,0,,20220929,,2024/09/24 18:58:17.000000000,광양시 자연재해저감 종합계획,1,11,,신기마을 이장
4623035029,,저지대,기타,0.0,4623035000,,00,,320671.0,20151112,진월면사무소,150.0,0.0,N,0.0,진월 월길,278,섬진강 제방내지 여름철 집중호우시 농경지 침수,20060315,20111228,농림축산식품부,진월 월길,0.0,462302006002,0.0,5,농경지 침수,,0, [지점번호:라라23077250],섬진강,4,안전총괄과장,2.0,50.0,001,0.0,,,20200528,정비사업 완료에 따른 재해위험요소 해소,광양시청,050,안전총괄과,0,,20060315,,2020/09/04 09:24:41.000000000,,3,,002,가길마을 이장
4623025033,,침수,지방2급하천,0.0,4623025000,,00,,855861.0,20151112,광양읍사무소,200.0,0.0,N,0.0,광양 도월,1028,농경지 및 주택 침수,20141105,20111228,행정안전부,광양 도월,0.0,462302006003,0.0,19,농경지침수,,0,전라남도 광양시 광양읍 신도길  77    ,기타,4,안전총괄과장,1.0,50.0,001,0.0,,,20180426,,광양시청,013,안전총괄과,0,,20060315,,2018/10/31 21:02:52.000000000,,2,2,001,도청마을 이장
4623025027,,침수,지방2급하천,0.0,4623025000,,00,,181727.0,20151112,광양읍사무소,300.0,0.0,N,0.0,광양 익신,637,제방노후및 저지대주택3채 우기 침수,20060315,20111228,행정안전부,광양 익신,0.0,462302006004,0.0,19,주택침수및 농경지 유실위험,,0, [지점번호:라라09556244],기타,4,안전총괄과장,2.0,50.0,001,0.0,,,20200528,정비사업 완료에 따른 재해위험요소 해소,광양시청,013,안전총괄과,0,,20060315,,2020/09/04 09:23:03.000000000,,2,,001,익신마을이장
4623010800,,,지방관리,0.0,4623054000,,00,,0.0,20151112,광영동,0.0,0.0,N,0.0,광영 도촌,613,집중호우시 만조와 겹쳐 주택침수,19990630,,행정안전부,광영 도촌,0.0,462302013016,0.0,19,저지대 22세대 집중호우시 만조와 겹쳐 주택침수,,0,전라남도 광양시  강변로  31   (광영동),기타,4,건설방재과장,2.0,0.0,001,0.0,,,20060315,재해위험지구 정비사업 완료,광양시 시설관리과,010,건설방재과,, ,,,2015/12/11 13:52:07.000000000, ,1,15,001,도촌마을 이장
4677025324,,소하천,군천,0.0,4677025300,,00,,0.0,20151104,고흥군 도양읍,260.0,0.0,N,0.0,녹동소하천,1905,해수산만의 차가 적을때 집중호우시 시가지 및 농경지 침수,19970820,,행정안전부,봉암,0.0,467701997001,0.0,,도양 시가지 중심을 흐르는 녹동천으로써 해수간만의 차가 적을때 침수가 발생되며 침수 방지를 위하여 배수장을 설치하였으나 근본 해결을 위해 배수장 2대 증설 요망,,0,전라남도 고흥군 도양읍 신정중앙길  14-4   ,,4,고흥군청 안전총괄과,2.0,30.0,001,0.0,,,20100515,,고흥군청,042,고흥군청 안전총괄과,, ,,,2015/12/08 08:58:16.000000000, ,1,1,001,
4677034027,,하천,지방2급하천,0.0,4677034000,,00,,0.0,20151104,시설서기보,240.0,0.0,N,0.0,도화천,525,하천제방 유실 및 붕괴로 농경지와 가옥침수 피해,20090218,,행정안전부,도화,0.0,467701997003,0.0,,". 하폭이 협소하고 호안에 구조물이 있어 제방유실 및 붕괴 
 . 하폭 5m- 7m로 확장하고 사면부는 호안브럭 붙임시공 정비",,0,전라남도 고흥군 도화면 당오천변1길  25   (),,4,고흥군청 안전총괄과,2.0,40.0,001,0.0,,,,,고흥군청,013,고흥군청 안전총괄과,, ,,,2015/12/11 10:42:30.000000000, ,2,1,001,
4677035031,,하천,지방2급하천,0.0,4677035000,,00,,0.0,20151104,고흥군 포두면,250.0,0.0,N,0.0,송산천,251,하폭 협소및 호안 비정비로 집중호우시 유실 붕괴 발생,19970820,,국토교통부,송산,0.0,467701997004,0.0,,"하폭 협소 및 병목현상 구간이 많아 세굴 및 붕괴 수시 발생
 호안브럭으로 1500m 정비코자함",,0,전라남도 고흥군 포두면 동촌3길  10    ,,4,고흥군청 안전총괄과,2.0,30.0,003,0.0,,,20080829,,고흥군청,013,고흥군청 안전총괄과,, ,,,2015/11/12 15:12:04.000000000, ,3,0,005,
4677025028,,외수,지방2급하천,0.0,4677025000,,00,,0.0,20151112,고흥읍 읍장,100.0,0.0,N,0.0,고흥천,219,하천외수 주택침수 우려,19970820,,국토교통부,남계,0.0,467702002001,0.0,,집중호우시 하천범람,,0,전라남도 고흥군 고흥읍 서문여산길  62   (),,4,안전총괄과,3.0,20.0,001,0.0,,,20100515,,고흥군청,013,복구지원 계장,, ,,,2015/11/12 15:03:58.000000000, ,1,47,005,
4677036024,,내수,군천,0.0,4677036000,,00,,0.0,20151112,봉래면 주사보,160.0,0.0,N,0.0,시가지,1264,미개수하천으로 제방고가 낮아 일우량 140mm이상시 상습침수,19970820,,국토교통부,신금2,0.0,467702002002,0.0,,"·하천미개수로 집중호우시 하천 범람으로 농경지 및 주택침수등 시가지 상습침수
 -기존 하폭 및 제방고를 기본계획에 맞추어 정비 및 배수펌프장을 신설하여 주민오랜숙원사업 해결",,0,전라남도 고흥군 봉래면 진터길  39    ,,4,안전총괄과장,3.0,25.0,001,0.0,,,20080829,,고흥군청,042,복구지원담당,, ,,,2015/11/12 15:12:41.000000000, ,1,1,005,
4677031029,,,기타,0.0,4677000000,,00,,93568.0,20220331,지방시설6급,250.0,60.0,N,0.0,풍남 남당,1206,침수위험,20220331,,,풍남남당,0.0,467702013012,0.0,-1,조위상승시 천등소하천 배수영향에 따라 저지대 남당마을 및 농경지 내수배제 불량과 우수관거 통수단면 부족으로 상습 침수피해 발생,,0,전라남도 고흥군 풍양면 천마로  1423    ,,1,지방시설5급,5.0,100.0,001,30.0,,,,,고흥군청,050,지방시설6급,0,,,2022,2024/09/27 14:49:53.000000000,,1,4,,남당마을 이장
4677039028,,저수지,기타,0.0,4677039000,,00,,0.0,20151112,남양면 지방토목 9급,0.0,0.0,N,0.0,아평저수지,136,2001 정밀안전진단결과 시설물 상태평가 D등급판정으로 정비필요,20021118,,농림축산식품부,아평,0.0,467702004001,0.0,,". 제체 상류부 사석고가 낮고 여수토,방수로 균열 및 석축이완,여유고부족,제당 누수등 시설노후",,0,전라남도 고흥군 남양면 화담2길  38    ,,4,안전총괄과장,0.0,0.0,003,0.0,,,20100515,,고흥군,050,복구지원 담당,, ,,,2015/11/12 15:08:48.000000000, ,2,0,002,
4677039022,,저수지,기타,0.0,4677039000,,00,,0.0,20151112,남양면 지방토목 9급,0.0,0.0,N,0.0,운교저수지,914,2000 정밀안전진단결과 시설물 상태평가 D등급판정으로 정비필요,20021118,,농림축산식품부,운교,0.0,467702004003,0.0,,"제체 다짐불량으로 누수발생,상류사면 사석유실,여수토 방수로 균열,세굴 및 취수시설 노후",,0,전라남도 고흥군 남양면 남양로  353-40   ,,4,안전총괄과장,0.0,0.0,003,0.0,,,20100515,,고흥군,050,농업기반담당,, ,,,2015/11/12 15:14:51.000000000, ,2,12,002,
4677025024,,저수지,기타,0.0,4677025000,,00,,0.0,20151112,고흥읍 지방시설주사,0.0,0.0,N,0.0,갓점저수지,845,제방누수,20021118,,농림축산식품부,갓점,0.0,467702004004,0.0,,제당 누수로 제체가 과포화상태로 호우시 제당붕괴 위험,,0,전라남도 고흥군 고흥읍 장전신전길  164-9   ,,4,안전총괄과장,0.0,0.0,003,0.0,,,20070322,,농업기반공사 고흥지사장,050,농업기반,, ,,,2015/11/12 15:18:04.000000000, ,3,0,002,관리원
4677038027,,저수지,기타,0.0,4677038000,,00,,0.0,20151112,과역면지방시설주사,0.0,0.0,N,0.0,노일방조제,850,배수갑문 노후로 인한 부식,20021118,,농림축산식품부,노일,0.0,467702004005,0.0,,배수갑문 콘크리트 및 문비 노후로 인한 기능저하로 염해피해 및 침수피해 우려,,0,전라남도 고흥군 과역면 내로음짝길  47    ,,4,안전총괄과장,0.0,0.0,003,0.0,,,20070322,,농업기반공사 고흥지사,050,농업기반공사,, ,,,2015/11/12 15:20:49.000000000, ,1,1,002,관리원
4677031030,,저수지,기타,0.0,4677031000,,00,,0.0,20151112,지방시설서기,0.0,0.0,N,0.0,풍도저수지,635,제당누수,20021118,,농림축산식품부,풍도,0.0,467702004006,0.0,,제당누수로 제체가 과포화상태로 호우시 제당 붕괴 위험,,0,전라남도 고흥군 풍양면 천등길  30    ,,4,안전총괄과,0.0,0.0,003,0.0,,,20070322,,고흥군청,050,농업기반,, ,,,2015/11/12 15:24:09.000000000, ,3,0,002,관리원
4677042032,,,지방2급하천,0.0,4677042000,,00,,68000.0,20100514,두원면사무소 면장,0.0,0.0,N,0.0,두원천,1459,침수위험,20100514,,행정안전부,동촌,0.0,467702013011,0.0,-1,침수위험,,0,전라남도 고흥군 두원면 두원동촌2길  35    ,,4,,0.0,0.0,001,0.0,,,,,고흥군청,013,,0,,,2010,2021/08/22 12:45:56.000000000,,3,2,001,용반리 이장
4677025026,,외수,지방2급하천,0.0,4677000000,남계주공아파트,00,,23694.0,20041013,고흥읍사무소 읍장,240.0,330.0,N,0.0,봉황산,647,봉황산 배수로 미정비로 강우시 주택 상습침수 우려,20041013,,,봉황,0.0,467702004007,0.0,-1,봉황산 유역에서 집수된 배수로 미정비로 강우시 매년 반복되는 재래시장과 봉동마을 주택 상습 침수,,0,전라남도 고흥군 고흥읍 봉동주공길  37-5  (남계주공아파트),,4,안전총괄과장,2.0,40.0,001,120.0,,,,,고흥군,013,복구지원담당,0,남계주공아파트,,2004,2024/04/29 18:51:14.000000000,,1,4,,이장
4677031022,,,기타,0.0,4677031000,소매점,00,,0.0,20151112,풍양면,0.0,0.0,N,0.0,야막,515,침수위험,19970820,,행정안전부,야막,0.0,467702013008,0.0,,침수위험,,0,"전라남도 고흥군 풍양면 죽시장터길  19 , 소매점  ",,4,안전총괄과장,0.0,0.0,001,0.0,,,20041013,,,050,복구지원담당,,소매점,,,2015/11/12 15:25:01.000000000, ,1,7,001,
4677031022,,,지방2급하천,0.0,4677031000,,00,,0.0,20101014,풍양면사무소 면장,0.0,67.0,N,0.0,고읍천,505,침수위험,20100514,,행정안전부,죽시,0.0,467702013009,4.0,,침수위험,,0,전라남도 고흥군 풍양면 풍양로  12    ,,1,지방토목 5급,0.0,0.0,001,30.0,,,,,고흥군,013,지방토목 6급,, ,,2010,2015/11/12 10:59:26.000000000, ,2,4,001,야막리 이장
4677035031,,,기타,0.0,4677000000,,00,,100.0,20100514,포두면사무소 면장,0.0,0.0,N,0.0,해창만,1371,유실위험,20100514,,,해창만(포두),0.0,467702013010,0.0,-1,유실위험,,0,,,4,안전총괄과장,0.0,0.0,005,0.0,,,,,고흥군청,050,복구지원담당,0,,,2010,2024/04/29 18:38:16.000000000,,3,,,상오이장
4677036024,,,기타,0.0,4677000000,,00,,12782.0,20100514,봉래면사무소 면장,0.0,34.0,N,0.0,축정 급경사지,1000,붕괴위험,20100514,,,축정,0.0,467702013013,0.0,-1,붕괴위험,,0,전라남도 고흥군 봉래면 축정2길  109    ,,4,안전총괄과장,0.0,0.0,002,17.0,,,,,고흥군청,050,복구지원담당,0,,,2010,2024/04/29 18:37:13.000000000,,1,15,,신금리 이장
4677037022,,,군천,0.0,4677000000,,00,,10227.0,20100514,점암면 면장,0.0,38.0,N,0.0,시목 소하천,281,침수위험,20100514,,,시목,0.0,467702013014,0.0,-1,침수위험,,0,전라남도 고흥군 점암면 시목길  13-47   ,,4,안전총괄과장,0.0,0.0,001,19.0,,,,,고흥군청,042,복구지원담당,0,,,2010,2024/04/29 19:46:03.000000000,,1,,,장남리 이장
4677033024,,,기타,0.0,4677000000,,00,,12829.0,20100514,금산면 면장,0.0,65.0,N,0.0,금산 급경사지,1405,붕괴위험,20100514,,,금산,0.0,467702013015,0.0,-1,붕괴위험,,0,전라남도 고흥군 금산면 배천길  88    ,,4,,0.0,0.0,002,31.0,,,,,고흥군청,050,재난관리팀장,0,,,2010,2024/11/04 11:33:53.000000000,,1,,,배천이장
4677037031,,,군천,0.0,4677037000,,00,,0.0,20151112,점암면 시설,0.0,0.0,N,0.0,신촌 상신천,357,침수위험,20080829,,행정안전부,신촌,0.0,467702013016,0.0,,침수위험,,0, [지점번호:다라84892922],,4,안전총괄과장,0.0,0.0,001,0.0,,,20140218,,고흥군청,042,복구지원담당,0,,,,2016/07/15 08:45:59.000000000,,3,1,001,
4677044024,,,군천,0.0,4677000000,,00,,51386.0,20100514,영남면 면장,0.0,14.0,N,0.0,신성 소하천,1156,침수위험,20100514,,,신성,0.0,467702013017,0.0,-1,침수위험,,0,전라남도 고흥군 영남면 팔영로  1388    ,,4,안전총괄과장,0.0,0.0,001,7.0,,,,,고흥군청,042,복구지원담당,0,,,2010,2024/04/29 19:44:19.000000000,,1,1,,우천리 신성 이장
4677039022,,,기타,0.0,4677039000,,00,,0.0,20151112,남양면 시설,0.0,0.0,N,0.0,덕동 급경사지,303,붕괴위험,20100514,,행정안전부,덕동,0.0,467702013019,0.0,,붕괴위험,,0,전라남도 고흥군 남양면 덕동길  79    ,,4,안전총괄과,0.0,0.0,002,0.0,,,20140218,,고흥군청,050,복구지원,, ,,,2015/11/12 15:27:07.000000000, ,1,,001,
4677036024,,,기타,0.0,4677036000,,00,,0.0,20151112,봉래면 시설,0.0,0.0,N,0.0,신금 배수펌프,1264,해일위험,20100514,,행정안전부,신금1,0.0,467702013020,0.0,,해일위험,,0,전라남도 고흥군 봉래면 진터길  39    ,,4,안전총괄과,0.0,0.0,006,0.0,,,20140218,,고흥군청,050,복구지원,, ,,,2015/11/12 15:28:03.000000000, ,1,1,001,
4677033026,,지방하천,지방2급하천,0.0,4677033000,,00,,273392.0,20140327,금산면 면장,314.0,14.0,N,0.0,신평천,870,하천단면 협소및 노후교량,20140327,,국토교통부,신평,0.0,467702014022,0.0,4,하천단면 협소로 인한 집중호우시 호안유실로 주택 및 농경지 침수피해발생 ,,0,전라남도 고흥군 금산면 홍연길  181-3   ,영산강,4,안전총괄과 과장,2.0,58.0,001,8.0,,,,,고흥군청,013,복구지원담당 계장,0,,,2014,2020/09/04 07:52:33.000000000,,2,0,005,금산면 이장
4677035026,,,지방2급하천,0.0,4677000000,,00,,48000.0,20140327,포두면 면장,266.0,25.0,N,0.0,포두천,127,통수단면협소,20140327,,국토교통부,포두,0.0,467702014023,0.0,4,하천호안 노후 및 통수단면 협소로 집중호우시 유역농경지 및 주택침수피해 위험노출,,0,전라남도 고흥군 포두면 우주로  624    ,영산강,4,안전총괄과,2.0,32.0,001,19.0,,,,,고흥군청,013,안전총괄과,0,,,2014,2021/08/22 12:44:04.000000000,,2,1,005,포두면 원상대마을
4681036024,,외수,지방2급하천,,4681036000,,,,37600.0,,안전건설과 시설6급,200.0,,,,월평천,1,"미개수 하천으로 하천폭이 부족, 일우량 200mm이상시 상습침",19970812,,행정안전부,월평,,468101998001,,12,"- 하천이 미개수된 지역으로 집중호우시 하천이 범람 시가지가 상습 침수되는 지구로 미개수 구간이 학교시설앞을
통과하므로 하천범람으로 인한 인명피해가 우려됨
- 하천기본계획에",2011.9.9 해제,0, [지점번호:다라27813361],탐진강,4,안전건설과 시설6급,2.0,40.0,003,,,,20110909,사업완료,안전건설과,013,안전건설과 시설6급,0,,,,2018/03/22 13:01:12.000000000,,1,,001,
4681036026,,외수,지방2급하천,,4681036000,,,,175.0,,안전건설과 시설6급,200.0,,,,금강천,1,- 미개수 하천으로 하천폭이 부족 200mm이상시 상습침수,19970812,,행정안전부,명산,,468101998002,,12,"- 하천이 미개수된 병목현상 지역으로 집중호우시 하천이 범람 농경지가 상습침수되는 지구로써 
제방 붕괴위험이 상존하여 하천개수가 시급함
- 하천기본 계획에 의한 하폭은 25m이나 현하폭은7.0m임",2007.5.10 해제,0,,탐진강,4,안전건설과 시설6급,2.0,40.0,003,,,,20070518,하천정비 완료,안전건설과,013,안전건설과 시설6급,0,,,,2018/03/22 13:00:33.000000000,,1,,001,
4681038032,,외수,지방2급하천,,4681038000,,,,46100.0,,안전건설과 시설6급,200.0,,,,금강천,1,하천내 병목현상으로 인한 침수로 지구내 세월교 통행으로 인한,19970812,,행정안전부,삭양,,468101998003,,12,- 하천이 미개수된 병목지역으로 계획하폭은 60m이나 현하폭은 40m임,2007.5.10해제,0, [지점번호:다라40883260],탐진강,4,안전건설과 시설6급,3.0,40.0,001,,,,20070518,하천정비 완료,안전건설과,013,안전건설과 시설6급,0,,,,2018/03/22 12:59:44.000000000,,1,,001,
4681037032,,,지방2급하천,,4681037000,,,,13000.0,,안전건설과 시설6급,0.0,,,,금강천,1,침수위험,20060228,,행정안전부,평리,,468102007001,,12,침수,2011.9.9 해제,0,,탐진강,4,안전건설과 시설6급,0.0,0.0,001,,,,20110909,사업완료,안전건설과,013,안전건설과 시설6급,0,,,,2018/03/22 12:58:46.000000000,,2,,001,
4681038030,,,기타,,4681000000,,,,13000.0,,안전건설과 시설6급,,,,,발천천,232,침수위험,20100527,,,발천지구,,468102011004,,-1,침수,2011.9.9 해제,0,,,3,안전건설과 시설6급,,,001,,,,20110909,사업완료,안전건설과,050,안전건설과 시설6급,0,,,,2024/04/17 09:18:35.000000000,,2,,,
4686025022,,,기타,0.0,4686025000,,00,,150000.0,20060403,"함평군,시설7급",0.0,160.0,N,0.0,남교소하천,163,-하천수위 상승으로 시가지 주택 및 농경지 침수,20060403,,행정안전부,신촌지구,0.0,468602006001,0.0,,상습침수,,0,전라남도 함평군 함평읍 함평천좌길  2-7   ,,4,"함평군,시설5급",0.0,0.0,001,56.0,,,20110530,,함평군 안전건설과,050,"함평군,시설7급",, ,,2006,2015/11/12 18:21:02.000000000, ,1,6,001,향교2리 이장
4686034025,,,지방2급하천,,4686034000,,,,1000000.0,,한국농어촌공사함평지,0.0,,,,영흥들,10,-집중호우시 영산강 수위 상승으로 농경지 및 건축물 상습 침수,20060302,,행정안전부,영흥지구,,468602006002,,-1,상습침수,,0,,,3,재난안전관리과장,0.0,0.0,001,,,,,,농어촌공사함평지사,013,재난안전관리과 지방토목 9급,0,,,,2021/08/22 13:17:22.000000000,,3,,001,
5271032021,,침수위험지구,기타,0.0,5271000000,완주군 상관면 신리 150-3,02,,73064.0,20160331,재난안전과 시설8급,0.0,0.0,N,0.0,신리소하천,150,"집중호우시 침수피해가예상되는지역 대피소 : 상관면사무소",20110310,20120927,,신리지구,0.0,457102011021,0.0,9,침수위험 ,,0,,만경강,1,재난관리과장,1.0,0.0,001,0.0,,,,,재난안전과 ,050,재난안전과 시설8급,0,,,,2023/04/24 19:23:27.000000000,,3,3,,이장
4687037022,,해일위험지구,,,4687000000,,,4687037022112290001000001     ,43000.0,,"안전관리과, 시설6급",,350.0,,,법성지구(해일),1229,해수면 상승에 따른 대조기 및 강풍으로 해수범람 위험에 노출되어 인명 및 재산손실 등의 우려가 있어 정비를 통해 재해요인을 해소코자 함.,20191223,,,법성지구(해일),,468702019027,,019,해수면 상승(매년 3mm 상승)과 대조기 현상 및 태풍 간섭에 따른 해수월류 위험 및 하수도 미정비로 인한 해수 역류 위험,,0,,기타,1,"안전관리과장, 행정5급",,,006,120.0,,,,,영광군청,-1,"안전관리과, 시설7급",0,,,,2022/10/26 09:03:11.000000000,,2,1,,
4373034036,,침수,지방2급하천,0.0,4373000000,,02,,100000.0,20151030,안전총괄과시설7급,120.0,0.0,N,0.0,장연천,190,호우시 제방유실및농경지침수,20100510,20060821,,화동,0.0,437302011006,0.0,3,"ㆍ지방하천으로 하천단면이 부족하고 하천형상의 굴곡이 심하여 홍수시 하천범람으로 제방 및 농경지피해가
 상습적으로 발생하여 개수사업이 요구됨.
 ㆍ계획단면을 현재하폭 4m를 6m로, 높이를 1.5m에서 4m로 정비해야 함.",,0,,금강,4,안전총괄과 시설5급,3.0,30.0,001,0.0,,,20160910,사업완료에 따른 재해위험요소 해소로 인한 지정 해제,옥천군청,013,안전총괄과 시설6급,0,,,,2023/08/21 10:23:07.000000000,,3,1,,이장
4373036031,,침수,지방2급하천,0.0,4373000000,,02,,100000.0,20151030,안전총괄과 시설7급,120.0,0.0,N,0.0,이원천,660,하천단면이 부족하여 홍수시 제방유실 및 농경지 침수,20100510,20060821,,이원,0.0,437302011007,0.0,3," ㆍ지방하천으로 하천단면이 부족하고 제방이 미정비되어 홍수시 하천범람으로 제방 및 농경지피해가
 상습적으로 발생하여 개수사업이 요구됨
 ㆍ계획단면을 현재하폭 17m를 20m로, 높이를 2.5m에서 4m로 정비해야 함.",,0, [지점번호:라바11740487],금강,4,안건총괄과 시설5급,5.0,30.0,001,0.0,,,20170220,사업완료에 따른 재해위험요소 해소로 인한 지정 해제,옥천군청,013,안전총괄과 시설6급,0,,,2010,2023/04/23 11:33:01.000000000,,3,0,,이장
4373035033,,,지방2급하천,0.0,4373035000,,02,,80000.0,20150101,안전총괄과 시설7,220.0,450.0,Y,0.0,예곡,360,"하천수 역류, 내수배제 불량으로 상습침수",20131014,20060821,행정안전부,예곡,0.0,437302013008,0.0,3,지방하천으로 하천단면이 부족하여 홍수시 하천범람으로 주택침수 및 농경지 피해가 상습적으로 발생하여 개수사업이 요구됨,,0, [지점번호:라바28831744],금강,4,안전총괄과 시설5,3.0,75.0,001,150.0,,,20181109,예곡재해위험지구정비사업 완료로 재해위험요인 해소,옥천군,013,안전총괄과 시설6,0,,,2015,2021/06/05 16:27:54.000000000,예곡천하천정비기본계획,3,,001,이장
4376034023,,침수,지방2급하천,,4376034000,,,,150000.0,,안전건설과 시설7급,200.0,,,,쌍천,425,침수 위험,19950728,,행정안전부,비도,,437601998001,,1,하천부지내 양어장과 건물 1동이 있어 매년 우기시 2~3회 정도씩 고립되고 하천 범람시 인명 및 재산피해가 우려되고 있슴,,0, [지점번호:라바33956583],한강,4,안전건설과장,5.0,40.0,001,,,,20000530,정비완료,괴산군청,013,방재복구팀,0,,,,2017/03/29 11:38:48.000000000,,1,1,001,이장
4376025021,,,지방2급하천,,4376025000,,,,,,시설8급,200.0,,,,동진천,1,미개수 하천으로 하천폭이 부족하여 200m 이상시 상습침수,19980203,,행정안전부,동부,,437601998003,,1,제방단면 부족으로 집중호우시 하천이 범람하여 상습피해가 빈발,,0, [지점번호:라바27156891],한강,4,안전건설과장,5.0,40.0,001,,,,20000530,하천개수로 재해위험요인 해소,괴산군청,013,방재복구팀,0,,,,2016/07/12 15:37:08.000000000,,1,,001,이장
4376025025,,외수,지방2급하천,,4376025000,,,,,,시설8급,240.0,,,,신항천 신항제,1,외수로인한 농경지 및 인명피해우려,20000530,,행정안전부,신항,,437602000003,,1,외수로인한 가옥침수및 농경지 침수,,0, [지점번호:라바25997225],한강,4,안전건설과장,5.0,40.0,001,,,,20040108,,괴산군청,013,방재복구팀,0,,,,2016/07/12 15:37:41.000000000,,1,,001,이장
4376025031,,외수,지방2급하천,,4376025000,,,,,,시설8급,150.0,,,,달천,1,미개수 하천으로 제방이 없어 일우량 200mm 이상시 상습침수,20000530,,행정안전부,검승,,437602000004,,1,제방단면 부족으로 집중호우시 하천이 범람되어 상습침수 피해가 빈발하는 등 하천개수가 시급함,,0, [지점번호:라바30457042],한강,4,안전건설과장,2.0,30.0,001,,,,20040108,,괴산군청,013,방재복구팀,0,,,,2016/07/12 15:36:00.000000000,,1,,001,이장
4376031022,,외수,지방2급하천,,4376031000,,,,,,시설8급,200.0,,,,달천 오창제,1,외수로인한 상습침수,20000530,,국토교통부,오창,,437602000005,,1,외수로 인한 농경지및 인명피해우려,,0,,한강,4,안전건설과장,5.0,40.0,001,,,,20040108,,안전건설과,013,방재복구팀,0,,,,2016/07/12 15:22:25.000000000,,1,,005,이장
4376031000,,외수,지방2급하천,,4376031000,,,,,,시설8급,200.0,,,,달천 오성제,,외수로인한 상습침수,20000530,,행정안전부,오성,,437602000006,,1,외수로인한 상습침수 및 인명피해우려,,,,한강,4,안전건설과장,5.0,40.0,001,,,,20061204,,괴산군청,013,방재복구팀,0,,,,2016/07/12 15:23:55.000000000,,3,,001,이장
4376034030,,외수,지방2급하천,,4376034000,,,,,,시설8급,200.0,,,,쌍천 두천제,1,외수로 인한 상습침수,20000530,,국토교통부,두천,,437602000007,,1,외수로인한 가옥침수 및 인명피해예상,,0,,한강,4,안전건설과장,5.0,40.0,004,,,,20040108,,괴산군청,013,방재복구팀,0,,,,2016/07/12 15:35:38.000000000,,2,,005,이장
4376036000,,외수,지방2급하천,,4376036000,,,,,,시설8급,200.0,,,,황암천 부성제,,외수로인한 상습침수,20000530,,국토교통부,부성,,437602000008,,1,외수로인한 가옥및 농경지 침수,,,,한강,4,안전건설과장,5.0,40.0,001,,,,20040108,,괴산군청,013,방재복구팀,0,,,,2016/07/12 15:31:23.000000000,,2,,005,이장
4376036024,,외수,지방2급하천,,4376036000,,,,,,안전건설과,200.0,,,,달천 강평제,1,외수로인한 상습침수,20000530,,행정안전부,강평,,437602000009,,1,외수로인한 가옥및 농경지침수,,0, [지점번호:라바21715058],한강,4,안전건설과장,5.0,40.0,001,,,,20080116,,괴산군청,013,방재복구팀,0,,,,2016/07/12 15:30:20.000000000,,3,,001,이장
4376035021,,외수,지방2급하천,,4376035000,,,,,,시설8급,240.0,,,,성황천 광덕제,1,외수로인한 상습침수,20000530,,행정안전부,광덕,,437602000011,,1,외수로인한 가옥및 농경지침수,,0, [지점번호:라바27326633],한강,4,안전건설과장,5.0,40.0,001,,,,20050204,,괴산군청,013,방재복구팀,0,,,,2016/07/12 15:46:43.000000000,,2,,001,이장
4376036051,,,지방관리,,4376036000,,,,,,시설8급,150.0,,,,화양천,1,하폭이 좁고 기존교량이 낮아 주변지역이 월류,20060228,,행정안전부,삼송,,437602006001,,1,"- 무재부로 마을과 연접하여 저지대로 월류로 인한 침수 및 유실
피해가 있는 지구",,0, [지점번호:라바37275141],한강,4,안전건설과장,3.0,30.0,005,,,,20100730,,괴산군청,010,방재복구팀장,0,,,,2016/07/12 15:45:18.000000000,,2,,001,이장
4376032022,,,지방2급하천,0.0,4376000000,,00,,0.0,20151109,시설8급,150.0,0.0,N,0.0,오가천,775,미개수 하천으로 집중호우시 재해위험,20100730,,국토교통부,추점지구,0.0,437602011012,0.0,1,미개수하천,,0,,한강,4,안전건설과장,3.0,50.0,005,0.0,,,20150629,정비사업 완료에 따른 위험요소 해소,괴산군,013,방재복구팀장,0,,,,2016/07/12 15:44:03.000000000,,2,700,005,이장
4376037031,,,지방2급하천,,4376000000,,,,500000.0,,안전건설과 시설7,150.0,,,,황암천,210,미개수하천,20100730,,,장암지구(일부미개수),,437602011013,,1,미개수하천으로 집중호우시 재해위험,,0,,한강,4,안전건설과 과장,3.0,50.0,005,,,,20150529,위험해소,괴산군,013,안전건설과 시설7,0,,,,2024/11/19 10:57:41.000000000,,2,3,,청안 장암4 이장
4376036025,,,지방2급하천,0.0,4376000000,,00,,52700.0,20151109,안전건설과 시설7급,0.0,52.0,N,0.0,신월천,264,침수위험,20130705,,,귀만지구,0.0,437602013014,0.0,1,"제방고 및 둑마루폭 기준 미달, 제방상태 노후",,0,,한강,4,안전건설과장,0.0,0.0,001,20.0,,,20191004,재해위험 해소,괴산군,013,방재복구팀,0,,,,2024/11/11 09:41:08.000000000,,2,2,,이장
4376036047,,,지방2급하천,0.0,4376000000,,02,,150000.0,20151109,시설6급,0.0,0.0,N,0.0,관평천,134,침수위험,20131115,,,관평지구,0.0,437602013015,0.0,1,"하천범람, 제방 및 호안 유실, 횡단구조물에 의한 유수 흐름방해에 따른 월류 및 구조물파괴 등의 피해가 발생되었고 추후 예상되는 구간으로 하천재해에 다소 취약한 구간임",,0, [지점번호:라바32335282],한강,4,안전건설과장,2.0,0.0,001,0.0,,,20210702,재해위험 해소,,013,시설6급,0,,,2015,2024/11/11 09:40:31.000000000,,2,,,이장
4376025029,,,지방2급하천,0.0,4376000000,,02,,245000.0,20151109,안전건설과,0.0,0.0,N,0.0,동진천,79,유실위험,20131115,,,동진지구,0.0,437602013016,0.0,1,"하천범람, 제방 및 호안 유실, 횡단구조물에 의한 유수 흐름방해에 따른 월류 및 구조물파괴 등의 피해가 발생되었고 추후 예상되는 구간으로 하천재해에 다소 취약한 구간임",,0, [지점번호:라바28446785],한강,4,안전건설과장,2.0,0.0,005,0.0,,,20191004,재해위험 해소,괴산군청,013,방재복구팀,0,,,,2024/11/11 09:39:54.000000000,,2,4,,이장
4376035024,,,지방2급하천,0.0,4376000000,,02,,290000.0,20151109,안전건설과 시설6급,0.0,52.0,N,0.0,성황천,506,침수위험,20131115,,,성황지구,0.0,437602013017,0.0,-1,"하천범람, 제방 및 호안 유실, 횡단구조물에 의한 유수 흐름방해에 따른 월류 및 구조물파괴 등의 피해가 발생되었고 추후 예상되는 구간으로 하천재해에 다소 취약한 구간임",,0, [지점번호:라바21976617],,4,안전건설과장,0.0,0.0,001,20.0,,,20210702,재해위험 해소,,013,안전건설과 시설6급,0,,,2015,2024/11/11 09:39:15.000000000,,2,3,,이장
4376036047,,,지방2급하천,0.0,4376000000,,02,,675900.0,20151109,안전정책과 시설7,0.0,40.0,N,0.0,화양천,183,유실위험,20131115,,,화양지구,0.0,437602013018,0.0,-1,"하천범람, 제방 및 호안 유실, 횡단구조물에 의한 유수 흐름방해에 따른 월류 및 구조물파괴 등의 피해가 발생되었고 추후 예상되는 구간으로 하천재해에 다소 취약한 구간임",,0,충청북도 괴산군 청천면 문장로  3094    ,,1,안전정책과장,0.0,0.0,005,31.0,,,,,,013,안전정책과 시설7,0,,,,2024/04/09 13:53:12.000000000,,2,,,이장
4376036036,,,지방2급하천,0.0,4376036000,,02,,150000.0,20151109,시설8급,100.0,68.0,N,0.0,황암천,110,침수위험,20131115,,행정안전부,황암지구,0.0,437602013019,0.0,,"하천범람, 제방 및 호안 유실, 횡단구조물에 의한 유수 흐름방해에 따른 월류 및 구조물파괴 등의 피해가 발생되었고 추후 예상되는 구간으로 하천재해에 다소 취약한 구간임",,0, [지점번호:라바21135937],,1,안전건설과장,2.0,40.0,001,30.0,,,,,,013,방재복구팀,0,,,2015,2016/07/20 10:51:17.000000000,,2,1,001,이장
4420040033,,외수침수,지방2급하천,0.0,4420040000,,00,,0.0,20151109,도고면사무소 시설7,200.0,0.0,N,0.0,봉산지구 재해위험지구,160,집중호우시 상습적인 외수침수,20021204,,행정안전부,봉산지구 재해위험지구,0.0,442002005002,0.0,,일강우량 200mm이상시 제방이 없는 구간과 제방이 낮은 구간으로 외수가 범람하여 상습침수 피해발생,,0,충청남도 아산시 도고면 온천대로511번길  22-5   ,,4,재난안전과 행정5,2.0,50.0,001,0.0,,,20091231,사업완료,재난안전과,013,재난안전과 시설7,, ,,,2015/11/09 13:32:22.000000000, ,1,,001,
4420025025,,,지방2급하천,,4420025000,,,,4300000.0,,염치읍사무소 시설7,100.0,,,,염치지구,266,집중호우시 상습적인 내수침수,20060314,,행정안전부,염치,,442002007004,,,"· 대부분 주거지와 논경작지로 이루어 져있음.
 · 배수시설물의 노후화, 용량부족 및 배수불량
 ",,0,충청남도 아산시 염치읍 염성길  107    ,,4,안전총괄담당관 행정5,1.0,30.0,001,,,,20170721,정비사업완료에 따른 위험요인 해소,안전총괄담당관,013,안전총괄담당관 시설7,0,,,,2018/09/25 07:54:38.000000000,,1,3,001,
4420011300,,,국가하천,0.0,4420000000,,02,,3020000.0,20060314,온양3동 행정6,215.0,90.0,N,0.0,권곡.모종지구,315,저지대 위치로 하천수위 상승시 상습배수 불량으로 주텍 및 농경지 침수,20060314,20161215,,권곡.모종 재해위험지구,0.0,442002007001,0.0,-1,침수위험지구,,0,충청남도 아산시  모종북로76번길  2-10  (모종동),,4,안전총괄과 행정5,10.0,50.0,001,30.0,,,20191122,,안전총괄과,011,안전총괄과 시설6,0,,,2006,2023/09/22 19:14:22.000000000,,1,,,
4420032032,,,국가하천,,4420032000,,,,7900000.0,,배방읍사무소 시설7,200.0,,,,배방지구,218,집중호우시 상습적인 내수침수,20060314,,행정안전부,배방 재해위험지구,,442002007002,,7,하천하류에 배수문의 설치로 배수위 상승 및 통· 배수불량으로 상습침수,,0,충청남도 아산시 배방읍 구령길  36    ,삽교천,4,안전총괄담당관 행정5,2.0,50.0,001,,,,20170721,정비사업완료에 따른 위험요인 해소,안전총괄담당관,011,안전총괄담당관 시설7,0,,,,2018/09/25 07:55:09.000000000,,1,,001,
4420037021,,,기타,0.0,4420000000,,02,,330000.0,20060314,영인면사무소 시설8,180.0,60.0,N,0.0,영인지구,391,하천시설물의 단면부족으로 주택 및 농경지 침수,20060314,20161215,,영인 재해위험 지구,0.0,442002007003,0.0,-1,하천하류에 배수문의 설치로 배수위 상승 및 통· 배수불량으로 상습침수,,0,충청남도 아산시 영인면 아산리길6번길  13-14   ,,1,안전총괄과 시설6,10.0,50.0,001,20.0,,,,,안전총괄과,050,안전총괄과 시설6,0,,,2006,2024/04/14 09:42:51.000000000,,1,2,,
4420038030,,,지방관리,,4420038000,,,,,,인주면사무소 시설7,,,,,도흥지구,123,집중호우시 상습적인 내수침수,19961114,,행정안전부,도흥지구,,442002009005,,,없음,,0, ,,4,재난안전과 행정5,,,001,,,,20010114,사업완료,재난안전과,010,재난안전과 시설7,, ,,,2013/04/11 10:45:03.000000000,,1,,001,
4420036021,,,지방2급하천,,4420036000,,,,,,둔포면사무소 시설7,,,,,둔포지구,123,집중호우시 상습적인 내수침수,19950908,,행정안전부,둔포지구,,442002009006,,,없음,,0, ,,4,재난안전과 행정5,,,001,,,,20000508,사업완료,재난안전과,013,재난안전과 시설7,, ,,,2013/04/11 10:47:55.000000000,,1,,001,
4420040022,,,국가하천,,4420040000,,,,,,도고면사무소 시설7,,,,,봉농지구,123,집중호우시 상습적인 내수침수,19981030,,행정안전부,봉농지구,,442002009007,,,없음,,0, ,,4,재난안전과 행정5,,,001,,,,20011207,사업완료,재난안전과,011,재난안전과 시설7,, ,,,2013/04/11 10:49:27.000000000,,1,,001,
4420032025,,,국가하천,,4420032000,,,,,,배방읍사무소 시설7,,,,,북수,123,집중호우시 상습적인 내수침수,19961104,,행정안전부,북수,,442002009008,,,없음,,0, [지점번호:다바62036226],,4,재난안전과 행정5,,,001,,,,20021118,사업완료,재난안전과,011,재난안전과 시설7,, ,,,2013/04/11 10:51:26.000000000,,1,,001,
4420041031,,,지방2급하천,,4420041000,,,,,,신창면사무소 시설7,,,,,신곡지구,123,집중호우시 상습적인 내수침수,19961010,,행정안전부,신곡지구,,442002009009,,,없음,,0, ,,4,재난안전과 행정5,,,001,,,,20020407,사업완료,재난안전과,013,재난안전과 시설7,, ,,,2013/04/11 10:53:07.000000000,,2,,001,
4420041027,,,국가하천,,4420041000,,,,,,신창면사무소 시설7,,,,,신달지구,123,집중호우시 상습적인 내수침수,19990506,,행정안전부,신달지구,,442002009010,,,없음,,0, ,,4,재난안전과 행정5,,,001,,,,20030608,사업완료,재난안전과,011,재난안전과 시설7,, ,,,2013/04/11 10:54:12.000000000,,1,,001,
4420039023,,,국가하천,,4420039000,,,,,,선장면사무소 시설7,,,,,신덕지구,123,집중호우시 상습적인 내수침수,19970908,,행정안전부,신덕지구,,442002009011,,,없음,,0, ,,4,재난안전과 행정5,,,001,,,,19990508,사업완료,재난안전과,011,재난안전과 시설7,, ,,,2013/04/11 10:55:25.000000000,,1,,001,
4471033021,,,지방2급하천,0.0,4471033000,,00,,0.0,20151104,지방시설주사보,150.0,0.0,N,0.0,봉황천,754,집중호우시 농경지 침수,19980416,,행정안전부,봉황천,0.0,447101998001,0.0,,"외수침수
 하천이 미개수된 지역으로 강우시 제방을 범람
 통수단면 부족으로 집중호우시 인근 주택 및 농경지 피해",,0, ,,4,지방시설주사,3.0,30.0,001,0.0,,,20021105,,금산 안전총괄과,013,지방시설주사보,, ,,,2015/11/04 13:53:57.000000000, ,2,,001,
4471032023,,,지방2급하천,0.0,4471032000,,00,,0.0,20151104,지방시설주사보,150.0,0.0,N,0.0,기사천,965,집중호우시 농경지 침수,19980416,,행정안전부,기사천,0.0,447101998002,0.0,,"하천이 미개수된지역으로 강우시 제방을 범람
 통수단면 부족으로 집중호우시 상습피해 발생",,0, [지점번호:라마02259003],,4,지방시설주사,2.0,30.0,001,0.0,,,20021119,,,013,지방시설주사보,, ,,,2015/11/04 13:59:41.000000000, ,1,1,001,
4471025025,,외수침수,지방관리,0.0,4471025000,,00,,0.0,20151104,지방시설주사보,200.0,0.0,N,0.0,후곤천,246,집중호우시 주택및 농경지 침수,19991126,,행정안전부,아인,0.0,447102002001,0.0,,"- 하천이 미개수된지역으로 강우시 제방을 범람
 - 통수단면 부족으로 집중호우시 인근 주택 및 농경지 피해",,0, ,,4,지방시설주사,2.0,30.0,001,0.0,,,20130731,자연재해위험지구개선지구 사업완료,금산군 안전총괄과,010,지방시설주사보,, ,,,2015/11/04 14:27:47.000000000, ,1,3,001,
4471038022,,,지방2급하천,,4471038000,,,,,,지방시설주사보,,,,,금성천,411,하폭협소 및 교량 협소로 인한 재해시 유실위험,20070727,,행정안전부,금성,,447102008003,,3,"하폭협소, 교량등 구조물 협소",,0, ,금강,4,지방시설주사,,,005,,,,20130731,자연재해위험개선지구 사업완료,금산군,013,지방시설주사보,, ,,,2013/06/04 15:29:19.000000000,,3,11,001,
4471035022,,,지방2급하천,0.0,4471035000,,02,,62551.0,20151104,지방시설주사보,0.0,0.0,N,0.0,관천,731,하폭협소 및 교량협소로 인한 재해시 유실위험,20070727,,행정안전부,관천,0.0,447102008004,0.0,3,"하폭협소, 교량등 구조물 협소",,0,,금강,4,지방시설주사,0.0,0.0,005,0.0,,,20200315,정비사업완료에따른 재해위험해소,금산군 안전총괄과,013,지방시설주사보,0,,,,2020/03/13 09:24:09.000000000,,3,,001,
4471025026,,,지방관리,0.0,4471025000,,00,,0.0,20151202,금산군 재난관리과,0.0,0.0,N,0.0,상옥,193,법면 급경사로 인한 붕괴위험,20110502,,행정안전부,상옥,0.0,447102011005,0.0,,급경사 붕괴위험,,0, [지점번호:다마98888907],,4,금산군 재난관리과,0.0,0.0,002,0.0,,,20151201,,금산군,010,금산군 재난관리과,, ,,,2015/12/02 09:06:08.000000000, ,3,21,001,금산군 지역주민
4471036021,,,지방2급하천,0.0,4471036000,,02,,106156.0,20151106,금산군 안전총괄과,0.0,0.0,Y,0.0,궁동천,257,"제방유실,주거지 및 농경지침수",20200416,,,궁동지구,0.0,447102013006,0.0,3,"하폭협소, 교량등 구조물협소",,0,,금강,4,금산군 안전총괄과,0.0,0.0,001,0.0,,,,,금산군,013,금산군 안전총괄과,0,,20151210,2013,2022/10/04 10:02:51.000000000,궁동천 기본계획,2,2,,
4480025330,,,기타,0.0,4480025300,,02,4480025330104600004011694     ,137211.0,20131108,안전관리과 시설7,138.0,87.0,N,0.0,배수펌프장,460,광천천 수위상승에 따른 배수배제 불량으로 침수피해 발생 ,20131108,20140818,,옹암,0.0,448002013004,0.0,19,광천천 수위상승에 따른 상옹천 하류부 내수배제 능력 부족으로 인한 내수침수,,0,,기타,4,안전관리과 시설6,1.0,54.0,001,35.0,,,,,홍성군청,050,안전관리과 시설7,0,,,2013,2022/04/19 14:34:42.000000000,,2,1,,마을이장
5211113700,,,지방2급하천,0.0,5211170100,,02,,20800.0,20100101,삼천1동장,74.0,516.0,N,1.0,하천 및 건물,415,침수위험,20100401,20121030,행정안전부,덕적,0.0,451112011001,0.0,9,홍수시 외수위 상승 및 내수범람으로 인근마을 및 농경지 침수,,0,전라북도 전주시 완산구  난전들로  245-34   ,만경강,4,재난안전과장,5.0,35.0,001,215.0,,,20140903,,전주시,013,안전총괄과,0,,,2010,2021/06/07 09:29:57.000000000,,1,11,001,통장
5211310200,,,지방관리,0.0,5211352500,,02,,41690.0,,진북동장,0.0,1500.0,Y,1.0,도로 및 건물,1124,침수위험,20100226,20121030,행정안전부,어은,0.0,451132011002,0.0,19,"매년 상습적인 침수발생으로 주민피해가 크고 전주천 수위 상승시 제방범람 및 
 내수배제 불량으로 침수발생 및 피해 예상",,0,,기타,4,전주시 시민안전담당관,3.0,45.0,001,580.0,,,20200626,정비사업 완료에 따른 재해위험요소 해소,전주시,010,전주시 시민안전담당관,0,,20150619,2010,2021/06/07 09:14:11.000000000,풍수해저감종합계획,1,154,001,통장
5211313300,,,국가하천,0.0,5211360000,,02,,1560000.0,,팔복동장,0.0,2222.0,Y,1.0,하천 및 건물,999,침수위험,20100226,20121030,,야전,0.0,451132011003,0.0,9,"상습적인 침수발생으로 주민피해가 크고 전주천 수위 상승시 금학천범람 
 및 내수배제 불량으로 침수발생 및 피해 예상",,0, [지점번호:다마63716387],만경강,4,전주시 시민안전담당관,3.0,45.0,001,951.0,,,20200626,정비사업 완료에 따른 재해위험요소 해소,전주시,011,전주시 시민안전담당관,0,,20150619,2010,2023/09/21 20:11:57.000000000,풍수해저감종합계획,1,25,,통장
5211312000,,,지방관리,0.0,5211364200,,02,,36334.0,,송천2동장,0.0,590.0,Y,1.0,배수로,1337,침수위험,20100226,20121030,,진기들,0.0,451132011004,0.0,9,"진기 및 월평배수로 하폭부족 및 통수능력부족으로 제방유실 및 하천범람으로 
 침수발생",,0,,만경강,4,전주시 시민안전담당관,3.0,45.0,001,210.0,,,,,전주시,010,전주시 시민안전담당관,0,,20150619,2010,2023/03/29 14:18:31.000000000,풍수해저감종합계획,1,7,,통장
5211310800,,침수위험,지방관리,0.0,5211360000,,02,,15000.0,,팔복동장,0.0,0.0,N,0.0,배수펌프장1식,1,침수피해,19960830,20121030,행정안전부,야전2,0.0,451132013005,0.0,19,공사완료(배수펌프)로 위험요소 제거,,0,,기타,4,전주시시민안전담당관,0.0,0.0,001,0.0,,,20020630,공사완료(기간:1999∼2001),덕진구청 건설과,010,전주시 시민안전담당관,0,,,,2021/06/07 09:11:29.000000000,,2,,001,
5219038000,,하천범람,지방2급하천,,5219038000,사매면 관풍리,,,2000000.0,,사매면사무소,280.0,,,,하천시설(매내천),,축제및 호안이 토제로 되어있어 집중호우시 호안붕괴 우려,20000724,,국토교통부,관풍지구,,451902002001,,5,"강우량 60mm 이상 홍수위 1.5m이상시 침수
축제 및 호안이 토제로 형성되어 집중호우시 호안쇄굴
토사퇴적 및 무제부로 하천범람과 농경지 침수
기존하폭(25m)및 제방고(2-5m)를 기본계획에 맞추어 하폭(40m),제방고(5m)로 개수필요",,,,섬진강,4,안전재난과,1.0,28.0,001,,,,20051018,,남원시 안전재난과,013,안전재난과,0,,,,2016/07/20 11:20:30.000000000,,1,,005,
5219037000,,하천범람,지방2급하천,,5219037000,대산면 계수리,,,600000.0,,안전재난과 시설7급,250.0,,,,하천시설(계수천),,하천폭이 좁고 제방고가 낮아 집중호우시 하천범람과 농경지 침수우려,19991224,,국토교통부,계수지구,,451902002002,,5,"강우량60mm이상 홍수위1.5m이상시 침수,  토사퇴적및 무제부로 하천범람과농경지 침수
축제 및 호안이 토제로 형성되어 집중호우시 호안쇄굴, 기존하폭(15m)및 제방고(3m)를 기본계획에 맞추어 하폭(30m), 제방고(3m)로 개수필요",,,,섬진강,4,안전재난과 시설7급,2.0,30.0,001,,,,20060102,정비완료,남원시청,013,안전재난과 시설7급,0,,,,2016/07/20 14:57:05.000000000,,2,,005,
5219033000,,하천범람,지방2급하천,,5219033000,송동면 흑송리,,,500000.0,,송동면사무소,260.0,,,,하천시설(장구천),,하천폭이 좁고 제방고가 낮아 집중호우시 하천범람과 농경지 침수우려,20000724,,국토교통부,흑송지구,,451902002003,,5,"강우량60mm이상 홍수위1.5m이상시 침수,  토사퇴적및 무제부로 하천범람과농경지 침수
축제 및 호안이 토제로 형성되어 집중호우시 호안쇄굴, 기존하폭(23m)및 제방고(3m)를 기본계획에 맞추어 하폭(30m), 제방고(3m)로 개수필요",,,,섬진강,4,시설6급,2.0,25.0,001,,,,20051018,,남원시,013,시설7급,0,,,,2016/07/20 11:28:08.000000000,,2,,005,
5219040000,,제방유실,지방2급하천,,5219040000,보절면 성시리,,,500000.0,,안전재난과 시설7급,250.0,,,,하천시설(율천),,토사퇴적 및 무제부로 집중호우시 제방붕괴와 하천범람에 의한 농경지 및 농가침수 빈번,19991224,,국토교통부,하율지구,,451902002004,,5,"강우량60mm이상 홍수위1.5m이상시 침수,  토사퇴적및 무제부로 하천범람과농경지 침수
축제 및 호안이 토제로 형성되어 집중호우시 호안쇄굴, 기존하폭(30m)및 제방고(3m)를 기본계획에 맞추어 하폭(40m), 제방고(4m)로 개수필요",,,,섬진강,4,안전재난과 시설6급,1.0,30.0,001,,,,20051018,,남원시안전재난과,013,안전재난과 시설7급,0,,,,2016/07/20 13:49:30.000000000,,1,,005,
5219038000,,제방유실,지방2급하천,,5219038000,사매면 월평리,,,600000.0,,남원시사매면사무소,280.0,,,,하천시설(월평천),,토사퇴적 및 무제부로 집중호우시 제방붕괴와 하천범람으로 농경지 및 농가침수 빈번,20000705,,국토교통부,월평지구,,451902002005,,5,"강우량60mm이상 홍수위1.5m이상시 침수,  토사퇴적및 무제부로 하천범람과농경지 침수
축제 및 호안이 토제로 형성되어 집중호우시 호안쇄굴, 기존하폭(20m)및 제방고(1-3m)를 기본계획에 맞추어 하폭(30m), 제방고(3m)로 개수필요",,,,섬진강,4,남원시청안전재난과,1.0,25.0,001,,,,20051018,,남원시,013,남원시청안전재난과,0,,,,2016/07/20 11:23:27.000000000,,1,,005,
5219037000,,제방유실,지방2급하천,,5219037000,대산면 수덕리,,,1060000.0,,남원시대산면사무소,250.0,,,,하천시설(옥율천),,하폭이 좁고 제방이 낮아 집중호우시 잦은 하천범람과 농경지 침수,19991224,,국토교통부,수덕지구,,451902002006,,5,"강우량60mm이상 홍수위1.5m이상시 침수,  토사퇴적및 무제부로 하천범람과농경지 침수
축제 및 호안이 토제로 형성되어 집중호우시 호안쇄굴, 기존하폭(15m)및 제방고(3m)를 기본계획에 맞추어 하폭(30m), 제방고(3m)로 개수필요",,,,섬진강,4,남원시청안전재난과,2.0,30.0,001,,,,20040423,정비사업 완료,남원시 안전재난과,013,남원시청안전재난과,0,,,,2016/07/20 09:18:27.000000000,,2,,005,
5219036026,,,지방2급하천,,5219036000,,,,600000.0,,안전재난과 시설7급,200.0,,,,하천시설(송대천),804,노후 및 단면부족 하천시설 정비,20040510,,국토교통부,송대지구,,451902005001,,5,"강우량60mm이상 홍수위1.5m이상시 침수, 토사퇴적및 무제부로 하천범람과농경지 침수
축제 및 호안이 토제로 형성되어 집중호우시 호안쇄굴, 기존하폭(15m)및 제방고(3m)를",,0,,섬진강,4,안전재난과 시설6급,1.0,30.0,001,,,,20080917,,남원시,013,안전재난과시설7급,0,,,,2016/07/20 11:40:23.000000000,,2,,005,대강면 대치마을 이장
5219032025,,,지방2급하천,,5219032000,,,,360000.0,,안전재난과 시설7급,250.0,,,,소하천(외호곡천),1159,기존제방(석축) 노후로 일부구간 유실 및 범람,20040423,,행정안전부,호곡지구,,451902005002,,5,석축 노후로 일부구간 유실 및 범람,,0, [지점번호:다마87880458],섬진강,4,안전재난과 시설6급,2.0,35.0,001,,,,20080917,,남원시,013,안전재난과 시설7급,0,,,,2016/07/20 13:39:31.000000000,,2,,001,수지면 호곡마을 리장
5219046000,,,기타,,5219046000,,,,50000.0,,안전재난과 시설7급,250.0,,,,산사태.언덕,,집중호우시 산사태 빈번 및 소하천 범람,20040510,,행정안전부,원천지구,,451902005003,,2,"강우량60mm이상 홍수위1.5m이상시 침수,  토사퇴적및 무제부로 하천범람과농경지 침수
축제 및 호안이 토제로 형성되어 집중호우시 호안쇄굴, 기존하폭(15m)및 제방고(3m)를",,,,낙동강,4,안전재난과 시설6급,2.0,30.0,002,,,,20051018,,남원시,050,안전재난과 시설7급,0,,,,2016/07/20 11:53:16.000000000,,1,,001,
5219025000,,,기타,,5219025000,화수리,,,300000.0,,안전재난과 시설7급,280.0,,,,주거지역,,하천(람천) 홍수위고보다 저지대로 상습침수 빈번,20040510,,행정안전부,비전지구,,451902005004,,2,"강우량60mm이상 홍수위1.5m이상시 침수,  토사퇴적및 무제부로 하천범람과농경지 침수
축제 및 호안이 토제로 형성되어 집중호우시 호안쇄굴, 기존하폭(15m)및 제방고(3m)를",,,,낙동강,4,안전재난과 시설6급,2.0,35.0,001,,,,20051018,,남원시,050,안전재난과 시설7급,0,,,,2016/07/20 13:44:43.000000000,,2,,001,
4423010400,,,국가하천,,4423052000,,,,,,안전총괄과,150.0,,,,등화지구,477,배수불량(내수)으로 논산시가지 상습 침수,19981027,,행정안전부,등화지구,,442302004004,,3,"논산천의 수위가 상승될 경우 논산시가지를 흐르는 중교천이 배수가 불량(내수)하여 시가지내 주택 및 상가 상습침수(가옥220동)
=>원활한 배수소통을 위한 배수장 설치 필요",,0, ,금강,4,건설방재과장,0.0,30.0,001,,,,20011121,정비완료,논산시,011,건설방재과,, ,,,2013/10/29 20:32:54.000000000,,1,5,001,
5219039000,,,지방2급하천,,5219039000,고정리,,,300000.0,,안전재난과 시설7급,270.0,,,,하천(지방2급수외천),,하천 미정비로 홍수시 하천범람 및 제방 유실,20040510,,국토교통부,고정지구,,451902005005,,5,"강우량60mm이상 홍수위1.5m이상시 침수,  토사퇴적및 무제부로 하천범람과농경지 침수
축제 및 호안이 토제로 형성되어 집중호우시 호안쇄굴, 기존하폭(15m)및 제방고(3m)를",,,,섬진강,4,안전재난과 시설6급,1.0,36.0,001,,,,20051018,,남원시,013,안전재난과 시설7급,0,,,,2016/07/20 11:48:21.000000000,,2,,005,
5219036028,,,군천,,5219036000,,,,30000.0,,안전재난과 시설7급,0.0,,,,석촌천,1854,"침수위험
사업효과 - 인명보호 25세대 75명, 건물 30동 농경지 2ha",20051018,,행정안전부,석촌지구,,451902006001,,5,태풍 및 집중호우로 의한 침수위험,,0, [지점번호:다마75660517],섬진강,4,안전재난과 시설6급,0.0,0.0,001,,,,20090219,재해위험지구 정비사업 시행으로 재해위험요인 해소,남원시,042,안전재난과 시설7급,0,,,,2016/07/20 11:44:10.000000000,,1,148,001,대강면 석촌마을 이장
5219032023,,,군천,,5219032000,,,,2000000.0,,안전재난과 시설7급,200.0,,,,등동천,139,"침수위험
사업효과 - 인명보호 23세대 69명, 건물 27동, 농경지 35ha",20060303,,행정안전부,산정지구,,451902006002,,5,태풍 및 집중호우,,0, [지점번호:다마87140316],섬진강,4,안전재난과 시설6급,2.0,80.0,001,,,,20121019,축제 및 호안 정비로 인하여 침수위험요인 완전 해소,남원시,042,안전재난과 시설7급,0,,,,2016/07/20 13:41:33.000000000,,2,,001,수지면 등동마을 이장
5219045025,,,군천,,5219045000,,,,150000.0,,안전재난과 시설7급,100.0,,,,청계천,77,"침수위험
사업효과 - 인명보호 20세대 60명, 건물 24동,",20060303,,행정안전부,청계지구,,451902006003,,2,태풍 및 집중호우로 의한 침수 위험,,0, [지점번호:라마10082344],낙동강,4,안전재난과 시설6급,2.0,80.0,001,,,,20130809,재해위험해소,남원시,042,안전재난과 시설7급,0,,,,2016/07/20 14:17:07.000000000,,2,,001,아영면 청계마을 이장
5219041026,,,소교량,,5219041000,,,,1200000.0,,안전재난과 시설7급,,,,,월석교,35,하천교량경간협소 제방병목현상,20081107,,국토교통부,월석지구,,451902008007,,5,3등교,,0, [지점번호:라마01912193],섬진강,4,안전재난과 시설6급,,,003,,,,20121019,교량 재가설로 인한 재해위험요소 해소,남원시,048,안전재난과 시설7급,0,,,,2016/07/20 14:20:51.000000000,,2,,005,
5219040028,,,지방2급하천,,5219040000,,,,170000.0,,안전재난과 시설7급,250.0,,,,소하천,233,집중호우시 제방월류로 침수위험,20081107,,행정안전부,사촌지구,,451902008008,,5,농가 및 농경지 침수,,0,,섬진강,4,안전재난과 시설6급,1.0,30.0,001,,,,20121019,마을내 하천정비를 통하여 침수위험요인 해소,남원시,013,안전재난과 시설7급,0,,,,2016/07/20 13:52:26.000000000,,2,,001,이장
,,,지방2급하천,,5219057000,,,,40000.0,,안전재난과 시설7급,,,,,소하천,,집중호우시 하천월류,20081107,,행정안전부,산곡지구,,451902008009,,5,주택 및 농경지 침수,,,,섬진강,4,안전재난과 시설7급,,,001,,,,20121019,하천정비를 통하여 위험요인 해소,남원시청,013,안전재난과 시설7급,0,,,,2016/07/20 14:53:35.000000000,,2,,001,향교동
5219040023,,,기타,,5219040000,,,,50000.0,,안전재난과 시설7급,,,,,저수지(구라제),255,주요부재결함 붕괴위험우려,20081107,,농림축산식품부,진기지구,,451902008010,,5,붕괴우려,,0,,섬진강,4,안전재난과 시설6급,,,003,,,,20090219,구라제 정비로 재해위험요인 해소,남원시청,050,안전재난과 시설7급,0,,,,2016/07/20 13:51:21.000000000,,2,,002,
5219010600,,침수,기타,,5219055000,,,,150000.0,,안전재난과 시설7급,0.0,,,,배수로,581,"내수배제불량, 가옥및농경지 침수",20120329,,행정안전부,조산지구,,451902013028,,5,집중호우시 저지대 마을 과 농경지 역류하여 침수,,0, [지점번호:다마88911196],섬진강,4,안전재난과 시설6급,0.0,0.0,001,,,,20150424,공사완료에 따른 위험요인 해소,남원시,050,안전재난과 시설7급,0,,,,2016/07/20 14:41:17.000000000,,2,,001,이장
5219040021,,,기타,,5219040000,,,,50000.0,,안전재난과 시설7급,,,,,저수지(서치제),580,주요부재의결함 붕괴우려,20081107,,농림축산식품부,서치지구,,451902008011,,5,붕괴우려,,0, [지점번호:다마90961966],섬진강,4,안전재난과 시설6급,,,003,,,,20121019,서치제 정비를 통하여 위험요인 해소,남원시청,050,안전재난과 시설7급,0,,,,2016/07/20 13:53:59.000000000,,2,,002,보절면
5219046028,,,지방도,,5219046000,,,,7000.0,,안전재난과 시설7급,250.0,,,,덕동지구,200,급경사지로 토사붕괴위험 지역,20101210,,행정안전부,덕동지구,,451902010024,,,"낙석으로 인하여 지리산일주도로 통행 두절(지방도737호선)
호우특보 발령시 차량통행 제한 검토",,0,,,4,안전재난과 시설7급,3.0,30.0,002,,,,20121019,급경사지 정비로 인한 위험요인 해소,재난관리과,002,안전재난과 시설7급,0,,,,2016/07/20 13:29:44.000000000,,1,1,001,덕동리 이장
5219036026,,소하천,지방2급하천,,5219000000,,,,12000.0,,안전재난과 시설7급,171.0,,,,하천시설(송대천),161,침수위험,20100506,,행정안전부,송대지구,,451902012025,,5,하천 미개수,,0, [지점번호:다마75860791],섬진강,4,안전재난과 시설6급,2.0,60.0,001,,,,20130809,재해위험해소,남원시,013,안전재난과 시설6급,0,,,,2016/07/20 11:42:24.000000000,,2,3,001,송대리 이장
5219042025,,침수,기타,0.0,5219000000,,02,,227000.0,20151103,안전재난과 시설7급,0.0,200.0,N,0.0,배수로,903,통수단면부족 내수배제 불량 가옥침수,20120329,20131111,행정안전부,남계지구,0.0,451902013029,0.0,5,통수단면 부족으로 집중호우시 가옥 상습침수,,0,전라북도 남원시 이백면 닭뫼안길  27-2   ,섬진강,4,안전재난과 시설6급,0.0,0.0,001,190.0,,,20170224,정비사업 완료에 따른 위험요인 해소,남원시,050,안전재난과 시설7급,0,,,2012,2017/02/28 13:47:19.000000000,,2,4,001,이장
5273025023,,상습침수,지방1급하천,0.0,5273025000,,00,,110000.0,,안전재난과 시설6급,270.0,0.0,N,0.0,하천(남대천),1075,미개수하천의 제방고 부족으로 일강우량 270mm이상시 침수,19971027,,국토교통부,오산2,0.0,457301998003,0.0,,"- 제방단면 부족으로 집중호우시 하천이 범람하여 상습침수 피해발생
 - 미정비된 제방의 토사유실등으로 붕괴위험 상존",,0,,,4,안전재난과 행정5급,3.0,40.0,001,0.0,,,20040824,,무주군,012,안전재난과 시설6급,0,,,,2016/07/19 22:09:47.000000000,,1,,005,오산마을이장
5273031000,,상습침수,지방2급하천,,5273031000,철목리,,,80000.0,,안전재난과 시설6급,250.0,,,,남대천,,미개처수하천의 제방고  부족으로 일강우량 250mm 이상시 침수,20000110,,행정안전부,철목,,457302000002,,3,"- 제방단면 부족으로 집중호우시  하천이 범람하여 상습 침수 피해 발생
 - 미정비된 제방의 토사유실등으로 붕괴 위험 상존",,,,금강,4,안전재난과 행정5급,3.0,40.0,001,,,,20040824,,무주군,013,안전재난과 시설6급,0,,,,2016/07/19 22:08:03.000000000,,1,,001,철목마을이장
5273035000,,상습 침수,지방1급,,5273000000,대소리,,,1000000.0,,안전재난과 시설6급,287.0,,,,안창천,,미개수하천의 제방고 부족으로 일강우량 287mm 이상 강우시 침수,19960831,,행정안전부,유평,,457302000003,,3,"- 제방단면 부족으로 집중 호우시 하천이 범함되어 상습 침수 발생
 - 미정비된 제방의 토사유실등으로 붕괴위험 상존",,,,금강,4,안전재난과 행정5급,3.0,50.0,001,,,,20070212,,무주군청,013,안전재난과 시설6급,0,,,,2016/07/19 22:05:53.000000000,,1,,001,유평마을이장
5214031026,,,기타,0.0,5214000000,,00,,1077652.0,20150901,시민안전과 시설 7급,0.0,0.0,N,0.0,배수로,73,상습침수지역 해소,20100528,,,신지지구,0.0,451402011003,0.0,9,집중호우시 마을내 하천 만수로 주변농경지 및 주택침수,,0, [지점번호:다마44986940],만경강,4,시민안전과 행정 5급,0.0,0.0,001,0.0,,,,,익산시청,050,시민안전과 시설 7급,0,,,,2023/05/11 17:19:45.000000000,,2,12,,
4423025031,,,국가하천,,4423025000,,,,,,안전총괄과,150.0,,,,낭청지구,516,금강수위상승시 상습침수(내수)로 재해발생 우려,19960802,,국토교통부,낭청지구,,442302004002,,3,"금강수위가 상승될 경우 배수(내수)불량으로 강경읍 저지대 지역 상습침수
=>원활한 배수소통이 디도록 배수장 설치공사 시행중",,0,충청남도 논산시 강경읍 계백로  7    ,금강,4,건설방재과장,0.0,30.0,001,,,,20000121,정비완료,논산시,011,건설방재과,, ,,,2013/10/29 20:29:48.000000000,,1,4,005,
4423025030,,,국가하천,,4423025000,,,,,,안전총괄과,150.0,,,,서창지구,6,금강수위 상승시 인근가옥 상습침수(외수 범람),19960802,,국토교통부,서창지구,,442302004003,,3,"강경읍 금강 둔치에 위치한 주택이 상습침수되어 인명 및 재산피해 우려 - 주택 35동 및 주민 131명
=>현지 주민의 재해위험을 근원적으로 해소하기 위하여 주택보상 및 철거 시행 중",,0,충청남도 논산시 강경읍 금백로  101-9   ,금강,4,건설방재과장,1.0,30.0,001,,,,20011121,정비완료,논산시,011,건설방재과,, ,,,2013/10/29 20:30:44.000000000,,1,4,005,
4423039036,,,,,4423039000,석서소류지,,,,,건설과,0.0,,,,석서소류지,388,정밀안전진단결과 기능 및 안정성의 문제로 긴급히 보수보강이 필요,20060228,,농림축산식품부,석서지구,,442302006002,,19,"제체의 홍수배제시 여유고부족,상류사면보호사석 홍수시 사석고 부족, 하류사면 다량의 침투수 및 과포화대형성,여수로 방수로와 취수시설의 열화손상등으로 시설물의 기능성및안전성에 문제발생",,0, [지점번호:다마73579268],기타,4,건설과 기반조성 지방토목6급,0.0,0.0,003,,,,20070607,저수지 제당 공사완공,논산시,010,건설과 기반조성 지방토목9급,,석서소류지,,,2013/10/29 20:31:23.000000000,,3,1,002,
4423036029,,,지방2급하천,0.0,4423036000,,02,,100000.0,20070507,안전총괄과,270.0,0.0,N,0.0,연산천,184,하천통수단면 부족으로 인한 상습침수,20070607,20070710,행정안전부,연산지구,0.0,442302008005,0.0,3,집중호우시 농경지 및 가옥 침수,,0,,금강,4,안전총괄과,5.0,0.0,001,0.0,,,20180830,재해위험지구 정비사업 완료(재해위험요소 해소),논산시청,013,안전총괄과,0,,,2007,2018/09/10 10:08:54.000000000,,3,,001,연산면
4477040023,,내수,지방2급하천,0.0,4477040000,,02,,0.0,20151030,안전총괄과,300.0,0.0,N,0.0,하천,583,일우량 300mm 이상 강우시 농가 및 농경지 침수,19990506,,국토교통부,비인,0.0,447702000001,0.0,,내수 침수에 의한 농가 및 농경지 침수,,0, [지점번호:다마17599403],,4,안전총괄과,1.0,50.0,001,0.0,,,20040402,비인지구 재해위험 정비사업 실시로 침수피해 최소,서천군청,013,안전총괄과,, ,,,2015/10/30 11:21:03.000000000, ,1,63,005,
4477037022,,내수,지방2급하천,0.0,4477037000,,02,,0.0,20151030,안전총괄과,300.0,0.0,N,0.0,하천,559,일우량 300mm 시우량 50mm 3시간 이상 강우시 농경지 침수,19980509,,국토교통부,문장,0.0,447702000004,0.0,,농경지 침수,,0, ,,4,안전총괄과,1.0,50.0,001,0.0,,,20130904,하도정비사업 실시로 침수피해 해소(2013.09.04 해제예정),서천군청,013,안전총괄과,, ,,,2015/10/30 11:23:30.000000000, ,1,,005,
4477034034,,내수,지방관리,0.0,4477034000,,02,,0.0,20151030,안전총괄과,230.0,0.0,N,0.0,하천,405,하천 제외지의 단면부족으로 상습침수 발생,20030909,,국토교통부,단상,0.0,447702004001,0.0,3,내수 침수에 의한 농가 및 농경지 침수,,0, ,금강,4,안전총괄과,0.0,50.0,001,0.0,,,20130904,하천 단면확보에 따른 위험요인해소(2013.09.04해제예정),서천군청,010,안전총괄과,, ,,,2015/10/30 11:25:26.000000000, ,3,,005,주 민
4477036021,,,지방2급하천,0.0,4477000000,,02,,1401940.0,20151030,안전관리과,250.0,13.0,N,0.0,하천,31,하천폭이 좁고 제방고가 낮아 참수피해 발생,20060227,,,도마,0.0,447702006001,0.0,3,"농경지 침수250ha, 가옥5세대 13명 인명피해",,0,,금강,2,안전관리과,3.0,50.0,001,5.0,,,,,서천군,013,안전관리과,0,,20160129,2014,2023/09/26 16:44:46.000000000,도마천 하천기본계획 재수립,3,,,주민
4477040024,,,지방관리,0.0,4477040000,,02,,0.0,20151030,안전총괄과,300.0,0.0,N,0.0,지방하천,189,매년 상습침수,19990506,,국토교통부,비인천,0.0,447702011005,0.0,19,마을과 농경지를 관통하는 시설물로 주변지역의 지대가 상대적으로 낮아 인명피해 우려,"하천시설물 해당마을 : 칠지리, 성북리지내",0, [지점번호:다마17859480],기타,4,안전총괄과,1.0,50.0,001,0.0,,,20040402,재해위험정비사업 완료,서천군청,010,안전총괄과,, ,,,2015/10/30 11:32:55.000000000, ,1,5,005,주민
4482525321,,,지방관리,,4482525300,,,,,,,0.0,,,,붓드기지구,12,침수위험지구,19981029,,행정안전부,붓드기,,448252011003,,,침수위험지구,,0,충청남도 태안군 안면읍 그물목길  124    ,,4,,0.0,0.0,001,,,,20030504,침수위험지구해제,,010,,, ,,,2015/03/17 20:21:05.000000000,,,,001,
4482534023,,내수침수,기타,0.0,4482534000,신덕리 166-16번지외 313필지,02,,232000.0,20130425,소원면 시설8급,300.0,142.0,N,0.0,신덕 재해위험개선지구,166,폭우시 상습적인 침수피해 발생,20130425,20131129,,신덕재해위험개선지구,0.0,448252013004,299349.0,19,폭우시 주택침수50동 공공건물침수5동 이재민142명,신규지정(2013.4.25),0, [지점번호:나바83436279],기타,4,안전총괄과 5급,1.0,50.0,001,50.0,,,20180828,자연재해위험개선지구로 지정된 신덕지구에 대하여 정비사업이 완료되어 지구지정을 해제하고자 함.,태안군 안전총괄과,050,안전총괄과 시설7급,0,신덕리 166-16번지외 313필지,,2013,2022/05/04 13:45:41.000000000,,2,16,,신덕1리 이장
4413136025,,하천재해,지방2급하천,0.0,4413136025,,02,4413136025104030001000001     ,840000.0,20150422,안전총괄과 시설8급,136.0,146.0,Y,1.0,광기천,403,외수범람 및 내수배제 불량에 의한 주택 및 농경지 침수피해 우려,20150422,20150422,,광기,0.0,441302015009,0.0,3,"홍수위에 비하여 제방고 및 제내지가 낮게 형성되어 인근지역에 침수피해 발생 가능
 ",,0,,금강,2,안전총괄과 행정5급,4.0,40.0,001,56.0,,,,,천안시 안전총괄과,013,안전총괄과 시설7급,0,,20150422,2015,2024/02/06 11:26:09.000000000,광기천하천기본계획,3,1,,
4688037022,,,지방2급하천,0.0,4688037000,,00,,4239.0,20150415,서삼면 총무담당,193.0,18.0,N,0.0,개천,522,"법면유실 및 농경지, 교량침수 발생",20150415,,국토교통부,초곡지구,0.0,468802015009,0.0,-1,미개수구간 기존 제방고가 계획홍수위보다 낮아 범람위험 및 호안 노후화로 제방 침하 및 유실 위험,,0,,,4,재난안전실장,0.0,58.0,001,10.0,,,,,장성군청,013,재난안전실 방재담당,0,,20150415,2015,2021/08/22 13:13:13.000000000,,3,3,005,이장
5214025021,,,기타,0.0,5214000000,,02,,284818.0,20100528,시민안전과 시설 7급,0.0,5.0,N,0.0,배수로,1480,상습침수지역해소,20100528,,,삼양지구,0.0,451402011005,0.0,9,집중호우시 마을내 하천 만수로 주변농경지 및 주택침수,,0, [지점번호:다마50708828],만경강,4,시민안전과 행정 5급,0.0,0.0,001,2.0,,,20190212,상습침수지역해소,익산시청,050,시민안전과 시설 7급,0,,,2010,2023/05/11 17:19:22.000000000,,3,1,,
5214025021,,,기타,0.0,5214000000,,02,,83000.0,20100528,시민안전과 시설 7급,0.0,1170.0,N,0.0,배수로,1329,상습침수지역해소,20100528,,,와리1지구,0.0,451402011006,0.0,9,집중호우시 마을내 하천 만수로 주변농경지 및 주택침수,,0, [지점번호:다마50368701],만경강,4,시민안전과 행정 5급,0.0,0.0,001,390.0,,,20190212,상습침수지역해소,익산시청,050,시민안전과 시설 7급,0,,,2010,2023/05/11 17:19:00.000000000,,1,,,
5214012600,,,지방1급하천,0.0,5214000000,,02,,67000.0,20100528,시민안전과 시설 7급,0.0,1350.0,N,0.0,유수지,1006,상습침수지역해소,20100528,,,유천지구,0.0,451402011008,0.0,9,집중호우시 마을내 하천 만수로 주변농경지 및 주택침수,,0,전라북도 익산시  중문천길  311   (석탄동),만경강,4,시민안전과 행정 5급,0.0,0.0,001,450.0,,,,,익산시청,012,시민안전과 시설 7급,0,,,2010,2023/05/11 17:18:34.000000000,,1,1,,
5214041031,,,지방1급하천,0.0,5214000000,,02,,3900.0,20101230,시민안전과 시설 7급,0.0,320.0,N,0.0,지방하천,344,상습침수지역해소,20101224,,,왕궁지구,0.0,451402011009,0.0,9,집중호우시 마을내 하천 만수로 주변농경지 및 주택침수,,0, [지점번호:다마64928087],만경강,4,시민안전과 행정 5급,0.0,0.0,001,80.0,,,20190212,상습침수지역해소,익산시청,012,시민안전과 시설 7급,0,,,2010,2023/05/11 17:18:04.000000000,,3,,,
5214034022,,,기타,0.0,5214000000,,02,,80.0,20100528,시민안전과 시설 7급,0.0,6.0,N,0.0,산사태,122,붕괴위험지역해소,20100528,,,웅포3지구,0.0,451402011010,0.0,-1,취락지역주변 붕괴위험으로 인한 시민의 생명과 재산보호,,1, [지점번호:다마42848446],,4,시민안전과 행정 5급,0.0,0.0,002,2.0,,,20190212,붕괴위험지역해소,익산시청,050,시민안전과 시설 7급,0,,,2010,2023/05/11 17:17:38.000000000,,2,7,,
5214034025,,,기타,0.0,5214000000,,02,,30.0,20100528,시민안전과 시설 7급,0.0,6.0,N,0.0,산사태,507,붕괴위험지역해소,20100528,,,맹산2지구,0.0,451402011011,0.0,-1,취락지역주변 붕괴위험으로 인한 시민의 생명과 재산보호,,0,전라북도 익산시 웅포면 소맹길  37-1   ,,1,시민안전과 행정 5급,0.0,0.0,002,2.0,,,,,익산시청,050,시민안전과 시설 7급,0,,,2010,2023/05/11 17:31:29.000000000,,2,,,
5214034022,,,기타,0.0,5214000000,,02,,13000.0,20100528,시민안전과 시설 7급,0.0,68.0,N,0.0,농경지 및 하천,1136,상습침수지역 해소,20100528,,,판포1지구,0.0,451402013014,0.0,-1,집중호우시 배수로 범람으로 인한 주변 농경지 및 주택침수,,0, [지점번호:다마44148591],,4,시민안전과 행정 5급,0.0,0.0,001,23.0,,,20120920,공사완료,익산시청,050,시민안전과 시설 7급,0,,,2010,2023/05/11 17:16:37.000000000,,3,,,
5214025023,,,기타,0.0,5214000000,,02,,18000.0,20100528,시민안전과 시설 7급,0.0,23.0,N,0.0,농경지 및 하천,25,상습침수지역 해소,20100528,,,장등지구,0.0,451402013015,0.0,-1,집중호우시 배수로 범람으로 인한 주변농경지 및 주택침수,,0,,,4,시민안전과 행정 5급,0.0,0.0,001,8.0,,,20120920,공사완료,익산시청,050,시민안전과 시설 7급,0,,,2010,2023/05/11 17:15:58.000000000,,3,17,,
5271040022,,단면부족,지방관리,0.0,5271040000,,00,,0.0,20150721,재난관리과 시설7급,200.0,0.0,N,0.0,하천(만경강),565,．하천단면 부족으로 집중호우시 하천이 범람하고 상습침수지구임.,20000721,,국토교통부,사봉지구,0.0,457102000003,0.0,,"．하천단면 부족으로 집중호우시 하천이 범람하여 상습침수피해가 빈발하는 지구이고 가옥 및 농경지가 침수될 우려가 있는 지역임.
 ．하천이 미개수된 지역으로서 현 하폭이 60m이나 계",,0,전라북도 완주군 동상면 동상로  902-10   ,,4,완주군 재난관리과장,1.0,40.0,001,0.0,,,20150312,공사완료에 따른 위험요인 해소,완주군,010,재난관리과/시설7급,, ,,,2015/07/21 19:31:46.000000000, ,3,,005,
5271041021,,구수소하천,기타,0.0,5271000000,완주군 경천면 용복리 55-9,00,,46500.0,20150721,재난안전과 시설6급 ,0.0,0.0,N,0.0,구수소하천,55,집중호우시 침수피해가 예상되는 지역,20110310,,,구수지구,0.0,457102011011,0.0,9,침수위험,,0, [지점번호:다마78598336],만경강,4,재난안전과장 ,1.0,0.0,001,0.0,,,20180222,,완주군 재난안전과 ,050,재난안전과 시설6급 ,0,완주군 경천면 용복리 55-9,,,2022/10/12 23:31:39.000000000,,3,9,,이장
5271037024,,,지방2급하천,0.0,5271037000,,00,,0.0,20150721,비봉면사무/농업6급,0.0,0.0,N,0.0,대치천,685,"상습침수로 인한 농경지,건물 및 인명피해 예상",20060228,,국토교통부,대치지구,0.0,457102006001,0.0,9,제방범람 및 유실,,0,전라북도 완주군 비봉면 대치로  505-5   ,만경강,4,재난관리과/시설5급,0.0,0.0,001,0.0,,,20150312,공사완료에 따른 위험요인 해소,완주군,013,재난관리과/시설7급,, ,,,2015/07/21 19:25:41.000000000, ,3,,005,대상 이장
5271025322,,산사태,사유림,,5271000000,,,,25000.0,,산림녹지과 ,0.0,,,,경사지,200,절개지 붕괴 위험,20070531,,,장구지구,,457102007001,,-1,절개지 붕괴,,1,,,2,재난안전과장 ,0.0,0.0,002,,,,,,완주군 재난안전과 ,016,재난관리과/시설8급,0,,,,2023/04/24 19:34:28.000000000,,1,,,이장
5271032024,,계월천,기타,0.0,5271000000,상관면 의암리 275,02,,97000.0,20160331,재난안전과 시설8급 ,0.0,0.0,N,0.0,계월소하천,163,집중호우시 침수피해가 예상되는 지역,20110310,20120927,,계월지구,0.0,457102011004,0.0,9,침수위험,,0,,만경강,4,재난안전과장 ,1.0,0.0,001,0.0,,,,해제 예정(2023. 6월),완주군 재난관리과,050,재난안전과 시설8급 ,0,,,,2023/04/24 19:33:48.000000000,,3,7,,이장
5271034026,,다리소하천,기타,0.0,5271034000,완주군 소양면 해월리 일원,00,,97000.0,20150721,재난안전과 시설7급 ,0.0,0.0,N,0.0,다리소하천,164,집중호우시 침수피해가 예상됨,20110310,,행정안전부,다리지구,0.0,457102011005,0.0,9,침수위험,,0,전라북도 완주군 소양면 원암로  308    ,만경강,4,재난안전과장 ,1.0,0.0,001,0.0,,,20150312,공사완료에 따른 위험요인 해소,완주군 재난안전과 ,050,재난안전과 시설7급 ,0,완주군 소양면 해월리 일원,,,2020/09/02 14:09:54.000000000,,3,,001,이장
5271041021,,만수소하천,기타,0.0,5271041000,완주군 경천면 용복리 790-1,00,,252000.0,20150721,재난안전과 시설7급 ,0.0,0.0,N,0.0,만수소하천,790,"집중호우시 침수가 예상되는 지역 대피소 : 원용복지회관",20110310,,행정안전부,만수지구,0.0,457102011006,0.0,9,침수위험,,0,,만경강,4,재난안전과장,1.0,0.0,001,0.0,,,20150312,공사완료에 따른 위험요인 해소,완주군 재난안전과 ,050,재난안전과 시설7급 ,0,완주군 경천면 용복리 790-1,,,2020/09/02 14:07:27.000000000,,3,1,001,이장
5271039026,,밀파소하천,기타,0.0,5271000000,완주군 화산면 운산리 산 142,00,4571039026101060001020425     ,26849.0,20160331,재난안전과 시설8급 ,0.0,0.0,N,0.0,밀파소하천,106,"집중호우시 침수가 예상되는 지역 대피소 : 세인고등학교",20110310,20120927,,밀파지구,0.0,457102011007,0.0,9,침수위험,,0,,만경강,4,재난안전과장 ,1.0,0.0,001,0.0,,,,해제 예정(2023년 6월),완주군 재난안전과 ,050,재난안전과 시설8급 ,0,,,,2023/04/24 19:29:34.000000000,,3,1,,이장
5271025627,,봉계소하천,기타,0.0,5271000000,완주군 용진면 운곡리 1515,00,,162300.0,20150721,재난안전과 시설8급 ,0.0,0.0,N,0.0,봉계소하천,1151,"집중호우시 침수가 예상되는 지역 대피소 : 용봉초등학교",20110310,,,봉계지구,0.0,457102011008,0.0,9,침수위험,,0,,만경강,4,재난안전과장 ,1.0,0.0,001,0.0,,,20170831,,완주군 재난안전과 ,050,재난안전과 시설8급  ,0,,,,2023/04/24 19:32:43.000000000,,3,5,,이장
5219034026,,,국가하천,,5219034000,일원,,,99000.0,,안전재난과 시설7급,250.0,,,,우수 관로,1,가옥 및농경지 침수 발생,20100506,,행정안전부,제천지구,,451902010015,,5,"집중호우시 대곡천의 수의상승으로 인하여 마을 저지대 및 농경지로 역류, 범람 발생
마을내 배수로 단면의 통수능 부족으로 인하여 침수발생",,0,,섬진강,4,안전재난과 시설6급,3.0,30.0,001,,,,20121019,배수로 정비를 통하여 위험요인 해소,남원시,011,안전재난과 시설7급,0,일원,,,2016/07/20 14:31:30.000000000,,2,,001,제천리 이장
5219010800,,,국가하천,,5219056000,,,,47000.0,,안전재난과 시설7급,250.0,,,,하수도,211,가옥및 농경지 침수 발생,20100506,,행정안전부,왕정지구,,451902010016,,5,"집중호우시 광치천의 수위상승으로 인하여 마을 저지대 및 농경지로 역류, 범람 발생
왕정지구내 배수로 통수능력 부족으로 인하여 침수발생",,0,전라북도 남원시  광천남길  496-16  (왕정동),섬진강,4,안전재난과 시설7급,3.0,30.0,001,,,,20121019,왕정지구내 배수관로 정비를 통하여 정비 완료,남원시,011,안전재난과 시설7급,0,,,,2016/07/20 14:50:06.000000000,,2,8,001,왕정동
5219040025,,,국가하천,,5219000000,,,,3000.0,,안전재난과 시설7급,250.0,,,,하신천,961,토사유출로 일부축대가붕괴,20100506,,행정안전부,신파지구,,451902010017,,5,"시간최대 강우도가 60mm/h 초과,하천수위 h=2m이상 시 축대붕괴 및 하천 월류로 주택밀집과 인근 농경지 침수
 축대 배면부에 토사유출방지를 의한 시설이 없고 축대하단부로 지하수가 용출되고 있어 수위 상승시 축대 붕괴 위험",,0,전라북도 남원시 보절면 신흥2길  62-6   ,섬진강,4,안전재난과 시설6급,3.0,30.0,002,,,,20150424,공사완료에 따른 위험요인 해소,안전재난과,011,안전재난과 시설7급,0,,,,2016/07/20 13:55:22.000000000,,1,,001,보절 하신리장
5219038024,,,국가하천,,5219038000,,,,3000.0,,시설7급,250.0,,,,절개지,36,급경사지로 토사붕괴 위험 지역,20100506,,행정안전부,화정지구,,451902010018,,,"인공비탈면으로 붕괴위험 절개지 하단부에 주택 등 4동이 위험 상태에 노출되어 있고 화강풍화토의 침식이 진행되어 
 자중과 강우시 물의 무게가 가중되어 하부토사이탈 발생",,1,전라북도 남원시 사매면 꽃정이길  21-5   ,,4,시설6급,3.0,30.0,002,,,,20150116,,남원시,011,시설7급,0,,,,2016/07/20 11:26:10.000000000,,1,,001,화정리장
5219012100,,,국가하천,,5219000000,,,,15000.0,,안전재난과 시설7급,250.0,,,,비안천,826,하루부 하천단면이 부족하여 침수우려,20100506,,,노암지구,,451902010019,,5,노암 농공 단지 조성에 따른 가웅시 유출계수 증가로 하천단면 부족으로 범람에 의한 농경지 침수피해,,0,,섬진강,4,안전재난과 시설6급,3.0,30.0,001,,,,20150116,,,011,안전재난과 시설7급,0,,,,2023/09/22 09:43:43.000000000,,1,28,,노암 1통장
5219025021,,,국가하천,,5219025000,,,,12000.0,,안전재난과 시설7급,250.0,,,,교량,852,급류로돌발성 인명피해우려,20100506,,행정안전부,주촌지구,,451902010020,,2,"세월교량이 낮고,장마철인근 산,계곡에서 유입되는 급류로 돌발성 인명 피해 우려",,0,전라북도 남원시 운봉읍 주촌3길  22-8   ,낙동강,4,안전재난과 시설6급,3.0,30.0,005,,,,20130809,재해위험해소,남원시,011,안전재난과 시설7급,0,,,,2016/07/20 13:46:03.000000000,,1,,001,주촌리장
5219031028,,,지방도,,5219031000,,,,20000.0,,전북도로관리사업소,250.0,,,,급경사지,40,급경사지로 토사붕괴위험지역,20100623,,행정안전부,호경지구,,451902010021,,19,"해빙기 및 호우시 낙석으로 인하여 지리산 일주도로 통행 두절
일부 암괴는 절 리가 비탈방향으로 형성되어 풍화진행시 사면붕괴 위험 존재",,1, [지점번호:다마97490953],기타,4,안전재난과 시설7급,3.0,30.0,002,,,,20121019,급경사지 정비로 위험요인 해소,전북도로관리사업소,002,안전재난과 시설7급,0,,,,2016/07/20 14:33:32.000000000,,1,,001,호경이장
5219046026,,,지방도,,5219046000,,,,6000.0,,안전재난과 시설7급,250.0,,,,내령지구,513,급경사지로 토사붕괴위험 지역,20100623,,행정안전부,내령지구,,451902010022,,19,"낙석으로 인하여 지리산 일주도로 통행 두절(지방도861호선)
호우특보발령시 차량통행 제한 검토",,0, [지점번호:라마08801060],기타,4,안전재난과 시설6급,3.0,30.0,002,,,,20121019,급경사지 정비로 위험요인 해소,남원시,002,안전재난과 시설7급,0,,,,2016/07/20 11:55:07.000000000,,1,1,001,내령리 이장
5219046027,,급경사지,지방도,,5219046000,,,,3000.0,,안전재난과 시설7급,250.0,,,,부운지구,119,급경사지로 토사붕괴위험 지역,20100610,,행정안전부,부운지구,,451902010023,,,"낙석으로 인하여 지리산 일주도로 통행 두절(지방도861호선)
호우특보 발령시 차량통행 제한 검토",,0,,,4,안전재난과 시설6급,3.0,30.0,002,,,,20121019,급경사지 정비로 위험요인 해소,재난관리과,002,안전재난과 시설7급,0,,,,2016/07/20 13:34:18.000000000,,1,3,001,부운리 이장
5271034026,,신왕소하천,기타,0.0,5271000000,완주군 소양면 해월리 856-3,02,,117263.0,20160331,재난안전과 시설8급 ,0.0,0.0,N,0.0,신왕소하천,856,"집중호우시 침수피해가 예상되는 지역 대피소 : 전북체육고등학교",20110310,20120927,,신왕지구,0.0,457102011009,0.0,9,침수위험,,0,전라북도 완주군 소양면 해월신왕길  36-13   ,만경강,1,재난안전과장 ,1.0,0.0,001,0.0,,,,,완주군 재난안전과 ,050,재난안전과 시설8급 ,0,완주군 소양면 해월리 856-3,,,2023/04/24 19:28:47.000000000,,3,3,,이장
5271036031,,소향소하천,기타,0.0,5271036000,완주군 고산면 소향리 811-1,00,,93000.0,20150721,재난안전과 시설7급 ,0.0,0.0,N,0.0,소향소하천,811,"집중호우시 침수피해가 예상되는 지역 대피소 : 고산동초등학교",20110310,,행정안전부,소향지구,0.0,457102011010,0.0,9,침수위험,,0,전라북도 완주군 고산면 가새기길  30    ,만경강,4,재난안전과장 ,1.0,0.0,001,0.0,,,20150312,공사완료에 따른 위험요인 해소,완주군 재난관리과,050,재난안전과 시설7급 ,0,완주군 고산면 소향리 811-1,,,2020/09/02 14:01:34.000000000,,3,1,001,이장
5271034022,,마월소하천,기타,0.0,5271000000,완주군 소양면 명덕리 1403,02,,173438.0,20160331,재난안전과 시설8급 ,0.0,0.0,N,0.0,마월소하천,1403,집중호우시 침수피해가 예상되는 지역,20110310,20120927,,마월지구,0.0,457102011012,0.0,9,침수위험,,0, [지점번호:다마72816307],만경강,1,재난안전과장 ,1.0,0.0,001,0.0,,,,,완주군 재난안전과 ,050,재난안전과 시설8급 ,0,완주군 소양면 명덕리 1403,,,2023/04/24 19:28:01.000000000,,3,,,이장
5271037023,,미곡소하천,기타,0.0,5271037000,완주군 비봉면 내월리 57-2,02,,2860.0,20150721,재난안전과 시설7급 ,0.0,0.0,N,0.0,미곡소하천,57,"집중호우발생시 침수가 예상되는 지역 대피소 : 비봉초등학교",20110310,20120927,행정안전부,미곡지구,0.0,457102011013,0.0,-1,침수위험 ,,0,전라북도 완주군 비봉면 내월길  143    ,,4,재난안전과장 ,1.0,0.0,001,0.0,,,20170202,,재난안전과 시설7급 ,050,재난안전과 시설7급 ,0,완주군 비봉면 내월리 57-2,,,2020/09/02 13:58:00.000000000,,3,2,001,이장
5271037025,,백도소하천,기타,0.0,5271037000,완주군 비봉면 백도리 816-22,00,,86000.0,20150721,재난안전과 시설7급 ,0.0,0.0,N,0.0,백도소하천,816,"집중호우시 침수가 예상되는 지역 대피소 : 수선초등학교",20110310,,행정안전부,백도지구,0.0,457102011014,0.0,-1,침수위험,,0,,,4,재난안전과장 ,1.0,0.0,001,0.0,,,20150312,공사완료에 따른 위험요인 해소,완주군 재난안전과 ,050,재난안전과 시설7급 ,0,완주군 비봉면 백도리 816-22,,,2020/09/02 13:56:31.000000000,,3,22,001,이장
5271036029,,,국가하천,,5271036000,,,,,,,,,,,오산지구,1,침수위험,20000721,,국토교통부,오산지구,,457102013029,,,침수위험,,0, [지점번호:다마77077632],,4,,,,001,,,,20060224,,,011,,, ,,,2013/05/29 19:36:14.000000000,,1,,005,
5271039024,,선대소하천,기타,0.0,5271039000,완주군 화산면 운곡리 816,00,,753.0,20150721,재난안전과 시설7급 ,0.0,0.0,N,0.0,선대소하천,816,집중호우시 침수가 예상되는 지역,20110310,,행정안전부,선대지구,0.0,457102011015,0.0,9,침수위험,,0, [지점번호:다마71058665],만경강,4,재난안전과장 ,1.0,0.0,001,0.0,,,20150312,공사완료에 따른 위험요인 해소,완주군 재난관리과,050,재난안전과 시설7급 ,0,완주군 화산면 운곡리 816,,,2020/09/02 13:55:05.000000000,,3,,001,이장
5271033031,,갈동소하천,기타,0.0,5271033000,완주군 이서면 반교리 7-3,00,,128000.0,20150721,재난안전과 시설7급,0.0,0.0,N,0.0,갈동소하천,7,"집중호우시 침수예상 지역 대피소 : 원동초등학교",20110310,,행정안전부,갈동지구,0.0,457102011016,0.0,9,침수위험,,0, [지점번호:다마59006145],만경강,4,재난안전과장 ,1.0,0.0,001,0.0,,,20150312,공사완료에 따른 위험요인 해소,완주군 재난안전과 ,050,재난안전과 시설7급 ,0,완주군 이서면 반교리 7-3,,,2020/09/02 13:53:56.000000000,,3,3,001,이장
5271035026,,붕괴위험지구,기타,0.0,5271035000,완주군 구이면 항가리 285-1,00,,35400.0,20150721,재난안전과 시설7급 ,0.0,0.0,N,0.0,신전소하천,285,"집중호우에 따른 붕괴예상지역  대피소 : 구이면사무소",20110310,,,신전지구,0.0,457102011017,0.0,9,붕괴위험,,0, [지점번호:다마65314780],만경강,4,재난안전과장 ,1.0,0.0,001,0.0,,,20150312,공사완료에 따른 위험요인 해소,완주군청 재난관리과,050,재난안전과 시설7급 ,0,완주군 구이면 항가리 285-1,,,2022/04/29 20:30:59.000000000,,1,1,,이장
5271038023,,침수위험지구,기타,0.0,5271000000,완주군 운주면 산북리 산 15-1,00,,162000.0,20150721,재난안전과 시설8급 ,0.0,0.0,N,0.0,기당소하천,15,"집중호우에 따른 침수피해예상지역 대피소 : 산북수련원",20110310,,,기당지구,0.0,457102011018,0.0,9,침수위험,,1, [지점번호:다마83858967],만경강,4,재난안전과장,1.0,0.0,001,0.0,,,20181115,,완주군 재난관리과,050,재난안전과 시설8급 ,0,완주군 운주면 산북리 산 15-1,,,2023/04/24 19:26:39.000000000,,3,1,,이장
5271039029,,침수위험지구,기타,,5271039000,완주군 화산면 승치리 산 15,,,114200.0,,재난안전과 시설7급,0.0,,,,미남소하천,15,"집중호우에 따른 침수피해예상지역 대피소:화산초교승치",20110310,,행정안전부,미남지구,,457102011019,,9,침수위험,,1, [지점번호:다마76068558],만경강,4,재난안전과장 ,1.0,0.0,001,,,,20170831,,완주군 재난관리과,050,재난안전과 시설7급 ,0,완주군 화산면 승치리 산 15,,,2020/09/02 13:49:21.000000000,,3,,001,이장
5271035028,,침수위험지역,기타,0.0,5271035000,완주군 구이면 백여리 1098-4,00,,1430.0,20150721,재난안전과 시설7급 ,0.0,0.0,N,0.0,백여소하천,1098,"집중호우시 침수피해가 예상되는지역 대피소 : 대덕초등학교",20110310,,행정안전부,백여지구,0.0,457102011020,0.0,9,침수위험,,0, [지점번호:다마63424035],만경강,4,완주군 재난안전과 ,1.0,0.0,001,0.0,,,20170202,,완주군 재난안전과 ,050,완주군 재난안전과 ,0,완주군 구이면 백여리 1098-4,,,2020/09/02 13:47:29.000000000,,3,4,001,이장
4374038021,,외수침수,지방2급하천,,4374000000,,02,,400000.0,,시설8급,200.0,,,,학산천,1,제방단변 부족으로 집중호우시 하천이 범람되어 상습침수피해가 빈발,20000530,20061011,,서산지구,,437402002003,,3,"제방단면부족으로 집중호우시 하천이 범람되어 상습침수 피해가 빈발하는지구로 하천개수가 시급
하천이 미개수된 지역으로 현 하폭이 25m , 현 제방고는 2.0m",,0, [지점번호:라마18498881],금강,4,시설6급,10.0,40.0,001,,,,20051124,,,013,시설8급,0,,,,2023/04/26 10:45:27.000000000,,3,,,
4374040022,,외수침수,지방1급하천,,4374000000,,02,,560000.0,,안전관리과 시설8급,200.0,,,,초강천,1,제방단변 부족으로 집중호우시 하천이 범람되어 상습침수피해가 빈발,20000530,20061011,,단전지구,,437402002004,,3,"제방단면부족으로 집중호우시 하천이 범람되어 상습침수 피해가 빈발하는지구로 하천개수가 시급
하천이 미개수된 지역으로 현 하폭이 100m이며 계획하폭은 160m , 현 제방고는 5.0m이며 계획 제방고는 7.6m",,0,,금강,4,안전관리과 시설6급 ,2.0,40.0,001,,,,20051124,,,012,안전관리과 시설8급,0,,,,2023/04/26 10:44:53.000000000,,1,,,
4374033522,,외수,지방2급하천,,4374000000,,02,,2240000.0,,안전관리과,200.0,,,,추풍령천,1,제방단변 부족으로 집중호우시 하천이 범람되어 상습침수피해가 빈발,20000530,20061011,,사부지구,,437402002005,,3,"제방단면부족으로 집중호우시 하천이 범람되어 상습침수 피해가 빈발하는지구로 하천개수가 시급
하천이 미개수된 지역으로 현 하폭이 18m , 현 제방고는 3.5m",,0, [지점번호:라바43770510],금강,4,안전관리과 시설6급,3.0,40.0,001,,,,20051124,,,013,안전관리과 시설8급,0,,,,2023/04/26 10:43:16.000000000,,2,,,
4374025032,,외수침수,지방1급하천,,4374000000,,02,,320000.0,,시설8급,200.0,,,,초강천,1,제방단변 부족으로 집중호우시 하천이 범람되어 상습침수피해가 빈발,20000530,20061011,,예전지구,,437402002006,,3,"제방단면부족으로 집중호우시 하천이 범람되어 상습침수 피해가 빈발하는지구로 하천개수가 시급
하천이 미개수된 지역으로 현 하폭이 70m이며 계획하폭은 110m , 현 제방고는 5.5m이며 계획 제방고는 8.7m",,0, [지점번호:라바30670271],금강,4,시설6급,2.0,40.0,001,,,,20040129,,,012,시설8급,0,,,,2023/04/26 10:42:43.000000000,,1,,,
4374031026,,침수위험지구,지방2급하천,,4374000000,,02,,20000.0,,시설8급,0.0,,,,한석지구,1,여름철 집중호우시 하천범람의 우려가 있음,20070615,20061011,,한석지구,,437402007001,,3,여름철 집중호우시 하천범람의 우려가 있음,,0, [지점번호:라바25590655],금강,4,재난관리과 시설6급,0.0,0.0,001,,,,20130704,,영동군청 안전관리과,013,재난관리과 시설8급,0,,,2010,2023/04/26 09:46:50.000000000,,1,,,한석리 이장
4374035021,,침수,지방2급하천,,4374000000,,02,,20000.0,,시설8급,150.0,,,,초강천,384,호우시 하천범람으로 저지대 주택지구 침수에 따른 주민의 생명과 재산보호,20060303,20061011,,임산지구,,437402006001,,3,"본 지구는 상촌면 소재지로서, 중앙으로 관통하는 국지도 제49호를 중앙으로 하천쪽 방향은 저지대로서, 하천월류시 주택침수는 물론 도로침수로 통행이 불가한 지역임",,0, [지점번호:라마37339491],금강,4,시설6급,2.0,40.0,001,,,,20101026,,,013,시설8급,0,,,,2023/04/26 10:41:52.000000000,,1,1,,임산리주민
4374039027,,침수,지방2급하천,,4374000000,양산면 호탄리 724-1,02,,30000.0,,시설8급,120.0,,,,호탄천,724,- 하천월류로 매년 인근 농경지가 침수,20060303,20061011,,호탄지구,,437402006002,,3,"- 본 하천은 지방2등급 호탄천으로 마을(자연부락)50여세대가 위치하여 있음
- 하천변을 따라 지방도 제501호가 위치하고 있음",,0,,금강,4,시설6급,2.0,40.0,001,,,,20130704,,,013,시설8급,0,양산면 호탄리 724-1,,,2023/04/26 10:41:12.000000000,,3,1,,호탄리주민
4374040028,,유실,지방도,0.0,4374000000,영동군 심천면 506,02,,20000.0,20160316,시설8급,120.0,0.0,N,0.0,교량(금호교),506,호우시 교량 침수 및유실 위험,20060303,20061011,,기호지구,0.0,437402006003,0.0,3,"- 금강상류에 위치한 교량(지방도505호선과 군도10호선연결)으로 기호리, 금정리, 명천리 3개마을이 있음
 - 상.하류부 금강천은 영동 식수원인 상수도구역, 영동취수장소재",,0,,금강,4,안전관리과 시설6급,2.0,40.0,002,0.0,,,20160912,,영동군 건설교통과,002,안전관리과 시설8급,0,영동군 심천면 506,,,2023/04/26 10:40:21.000000000,,2,,,기호리이장
4374025028,,침수,지방관리,,4374000000,영동읍 부용리 340-12,02,,40000.0,,시설8급,120.0,,,,배수로,340,- 기존 배수로 통수면적 부족으로 가옥 및 상가 침수,20060303,20061011,,부용지구,,437402006004,,3,"- 본 지구는 영동읍 소재지로 기존 배수로(2.0x1.5m)가 있으나, 우천시 배수구배가 원활치 않고 단면적이 작아 월류로 인하여 매년 침수되는 지역임",,0,,금강,4,시설6급,2.0,40.0,001,,,,20090925,,재난관리과,010,시설8급,0,영동읍 부용리 340-12,,,2023/04/26 09:49:11.000000000,,1,12,,부용리 이장
4374040033,,농경지침수위,지방관리,0.0,4374000000,하천개수공사 현장사무실,02,,300000.0,20160316,시설8급,140.0,0.0,N,0.0,초강지구,1042,농경지침수,20101020,20061011,,초강지구,0.0,437402013007,0.0,3,배수불량 침수위험,,0,"충청북도 영동군 심천면 초강제방길  98 , 하천개수공사 현장사무실  ",금강,4,영동군청 시설6급,2.0,30.0,001,0.0,,,20171127,정비완료로 위험요소 제거,옥천영동농어촌공사,010,영동군청 시설8급,0,하천개수공사 현장사무실,,,2023/04/26 09:47:47.000000000,,3,1,,초강리이장
4374031021,,침수위험,지방관리,0.0,4374000000,용산면 구촌리 202-1번지 일원,02,,130000.0,20101020,시설8급,140.0,0.0,N,0.0,구촌지구,202,하천범람에 의한 농경지 침수,20101020,20061011,,구촌지구,0.0,437402013008,0.0,3,하천범람에 의한 농경지 침수,,0, [지점번호:라바29550676],금강,4,영동군청 시설6급,2.0,30.0,001,0.0,,,20230825,정비사업 완료에 따른 재해위험 해소,영동군 안전관리과,010,영동군청 시설8급,0,용산면 구촌리 202-1번지 일원,,2010,2024/11/11 11:36:15.000000000,영동군풍수해저감계획,3,1,,구촌2리이장
4374025021,,침수위험,지방1급하천,0.0,4374000000,영동군 영동읍 게산리 605,02,,97000.0,20131107,시설8급,200.0,380.0,N,0.0,계산2지구,605,배수펌프장 용량부족 및 내수배제 불량으로 시가지 내 침수위험,20131107,20061011,,계산2지구,0.0,437402013009,0.0,3,배수펌프장 용량부족 및 내수배제 불량으로 시가지 내 침수위험,,0,충청북도 영동군 영동읍 영산로  11    ,금강,4,시설6급,5.0,40.0,001,150.0,,,20230825,정비사업 완료에 따른 재해위험 해소,영동군 안전관리과,012,시설8급,0,영동군 영동읍 게산리 605,,2013,2024/11/11 11:37:05.000000000,영동군자연재해저감종합계획,1,,,금리이장
4374032028,,침수위험,지방1급하천,0.0,4374000000,황간면 용암리 410-1,02,,113000.0,20131107,시설8급,100.0,0.0,Y,1.0,용암지구,410,집중호우시 내수배재 불량으로 침수,20160825,20061011,,용암지구,0.0,437402013010,40000.0,3,집중호우시 내수배재 불량으로 침수,,0, [지점번호:라바32170636],금강,4,시설6급,3.0,30.0,001,0.0,,,20181126,용암지구 재해위험개선지구 정비사업 완료,영동군 안전관리과,012,시설8급,0,황간면 용암리 410-1,20160825,2013,2023/04/26 09:41:55.000000000,영동군풍수해저감종합계획,2,1,,용암2리이장
4374032033,,침수위험,지방2급하천,0.0,4374000000,황간면 서송원리 687,02,,150000.0,20150807,시설8급,100.0,0.0,Y,1.0,서송원지구,687,제방단면부족으로 침수피해,20131107,20061011,,서송원지구,0.0,437402013013,50000.0,3,제방단면부족으로 침수피해,,0,,금강,4,시설6급,3.0,30.0,001,0.0,,,20171127,정비완료로 위험요소 제거,영동군 안전관리과,013,시설8급,0,황간면 서송원리 687,20130913,,2023/04/26 09:41:07.000000000,영동군풍수해저감계획,2,,,서송원리이장
4315010500,,언덕붕괴,기타,0.0,4315051000,,00,,0.0,20151104,안전총괄과장,200.0,0.0,N,0.0,교동지구,71,도시의 절개지로 언덕붕괴의 위험으로 건물2동의 피해가 예상됨,19960705,,행정안전부,교동,0.0,431501998001,0.0,1,절개지의 상단에서 우기시 물이 흘러 절개지 사면의 유실이 예상됨,,0,충청북도 제천시  명륜로24길  8   (교동),한강,4,안전총괄과장,0.0,40.0,002,0.0,,,20001208,,제천시청 안전총괄과,050,안전총괄과 시설8급,, ,,,2015/11/04 14:58:01.000000000, ,3,0,001,교통통장
4315034000,,상습지구(외),지방2급하천,0.0,4315000000,,00,,2000.0,20151104,제천시 안전총괄과장,200.0,0.0,N,0.0,선고지구,,제방 미개수로 인하여 상습침수(외수)지역으로 농경지가 매몰됨,19980123,,,선고,0.0,431501998003,0.0,1,우기시 하천범람에 의한 제방의 유실로 농경지 매몰에 대한 피해발생,,,충청북도 제천시 덕산면 월악로  2608-85   ,한강,4,제천시 안전총괄과장,2.0,50.0,001,0.0,,,19990624,제방축조 L=450m H=4.6m 사업비 450백만원,제천시 안전총괄과,013,안전총괄과 시설8급,0,,,,2025/01/14 16:57:36.000000000,,3,,,덕산면 선고리장
4315034025,,외수,지방2급하천,0.0,4315000000,,00,,13000.0,20151104,제천시 안전총괄과장,250.0,0.0,N,0.0,광천,875,지방2급하천(광천)의 제방 미개수로 인한 상습침수(외수),19991021,,,광천,0.0,431501999001,0.0,1,제방 미개수로 우기시 하천 범람에 의한 제방의 유실로 가옥 및 농경지 매몰에 대한 피해방지를 위하여 제방축조와 호안 보호공 설치,,0,충청북도 제천시 덕산면 월악산로  591    ,한강,4,제천시 안전총괄과장,4.0,40.0,001,0.0,,,20030117,"정비완료 : 축제호안 2,500m(h3∼5.0)",제천시 안전총괄과,013,안전총괄과 시설8급,0,,,,2025/01/14 16:58:29.000000000,,3,,,월악리장
4315032045,,낙석위험,지방도,0.0,4315000000,지방도,00,,20000.0,20151104,제천시 안전총괄과장,0.0,0.0,N,0.0,도화,215,낙석으로 도로 파손 및 차량통행시 교통사고 우려,20000530,,,도화,0.0,431502002001,0.0,1,절개지 낙석으로 도로 파손 및 차량통행시 교통사고 우려지역에 대하여 암석 제거 및 보호시설 설치,,0, [지점번호:라바60768951],한강,4,제천시 안전총괄과장,0.0,0.0,002,0.0,,,20050205,정비완료,제천시 안전총괄과,002,안전총괄과 시설8급,0,지방도,,,2025/01/14 17:03:46.000000000,,2,28,,도화리장
4689025321,,해수침수,기타,0.0,4689025300,,02,,10000.0,20041213,금일읍 시설7급,200.0,270.0,N,0.0,기타,480,여름철 태풍과 해일 등으로 인한 가옥침수와 인명피해가 우려됨.,20041213,20110310,행정안전부,화목지구,0.0,468902005001,0.0,19,주택 및 공장이 해안가와 인접하여 여름철 태풍과 해일 등으로 인한 가옥침수와 인명피해가 우려됨.,,0, [지점번호:다다56519600],기타,4,완도군청 안전건설과 시설6급,3.0,50.0,001,300.0,,,20130708,사업완료에 따른 위험요인 해소,금일읍사무소,050,완도군청 안전건설과 시설7급,0,,,2004,2019/04/17 14:38:04.000000000,,1,,001,
4689025321,,,지방관리,0.0,4689025300,,02,,50000.0,20000320,금일읍 시설7급,200.0,0.0,N,0.0,침수위험,910,국지성 호우로 인한 상습침수지역,20060330,20110310,행정안전부,금일화목지구,0.0,468902006001,0.0,19,- 여름철 기상이변등으로 인한 국지성 호우로 인한 상습침수지역으로 주택및 농경지 피해발생,,0, [지점번호:다다55279598],기타,4,완도군청 안전건설과 시설6급,3.0,50.0,001,0.0,,,20130708,사업완료에 따른 재해위험요인 해소,금일읍사무소,010,완도군청 안전건설과 시설7급,0,,,,2019/04/17 14:37:21.000000000,,3,,001,
4689025321,,침수위험,기타,0.0,4689025300,,00,,72800.0,20151029,금일읍 지방시설7급,0.0,0.0,N,0.0,감목 배수펌프장,1016,만조시 해안가 저지대 침수 발생,20000320,,행정안전부,감목,0.0,468902013006,0.0,19,만조시 해안가 저지대 침수피해,,0, [지점번호:다다56449510],기타,4,완도군청 지방시설6급,0.0,0.0,001,0.0,,,20021204,감목 배수펌프장 완료로 해제,완도군,050,완도군청 지방시설7급,0,,,,2019/04/17 14:36:48.000000000,,1,3,001,
4689025028,,경사지붕괴,기타,0.0,4689025000,,02,,15000.0,19991124,완도군 지방시설6급,0.0,0.0,N,0.0,정도,136,경사지 붕괴로 인한 주택 파손 우려,19991124,20110310,행정안전부,정도,0.0,468902013007,0.0,19,경사지 낙석 발생,,1,전라남도 완도군 완도읍 화흥포길  215    ,기타,4,완도군청 지방시설6급,0.0,0.0,002,0.0,,,20021204,경사지 옹벽시공 완료에 따른 해제,완도군,050,완도군청 지방시설7급,0,,,,2021/08/22 13:09:31.000000000,,1,,001,
4684025023,,지반침하,기타,,4684025000,,,,,,재난안전관리 시설8,0.0,,,,성남지반침하,240,무안읍 소재지 윤형량 소유 건물 부근에서 3회붕괴로 지정,20000530,,행정안전부,성남3,,468402002001,,,지하층이 물에 융해가 빠른 석회암으로 형성되어 지방공동화 발생,,0,전라남도 무안군 무안읍 면성2길  67    ,,4,재난안전관리 시설6,0.0,0.0,002,,,,20060419,정비완료,무안군,050,재난안전관리 시설8,, ,,,2013/06/14 09:17:00.000000000,,1,,001,이장
4684025021,,지반침하,지방관리,,4684025000,,,,,,재난안전관리 시설8,0.0,,,,성내지반침하,184,연약지반이 발견되어 지반보강으로 지반침하 방지,20030203,,행정안전부,성내,,468402004001,,4,지하층이 물에 융해가 빠른 석회암으로 형성되어 지방공동화 발생,,0,전라남도 무안군 무안읍 성내1길  16-12   ,영산강,4,재난안전관리 시설6,0.0,0.0,002,,,,20080429,,무안군,010,재난안전관리 시설8,, ,,,2010/05/12 12:58:18.000000000,,1,,001,이장
4684025024,,지반붕괴,기타,,4684025000,,,,,,재난안전관리 시설8,0.0,,,,교촌지반침하,198,지반 공동에 따른 붕괴및 함몰로 주민의 싱명 및 재산보호,20060224,,행정안전부,교촌,,468402006001,,,지반붕괴,,0, [지점번호:다라05886637],,4,재난안전관리 시설6,0.0,0.0,002,,,,20100504,재해위험지구 정비사업 완료,무안군,050,재난안전관리 시설8,, ,,,2010/05/12 18:32:19.000000000,,1,2,001,이장
4684025023,,지반침하,기타,,4684025000,,,,,,재난안전관리 시설8,,,,,성남1지반침하,53,대형건물이 있어 추가 지정하여 정비,20080418,,행정안전부,성남1지구,,468402008003,,,지하층이 물에 융해가 빠른 석회암으로 형성되어 지방공동화 발생,,0,전라남도 무안군 무안읍 무안중앙로  34-2   ,,4,재난안전관리 시설6,,,002,,,,20120727,,무안군,050,재난안전관리 시설8,, ,,,2012/07/26 14:10:28.000000000,,1,,001,
4684025023,,지반침하,기타,,4684025000,,,,,,재난안전관리/시설8,,,,,성남2지구,336,지반침하,20090305,,행정안전부,성남2지구,,468402009004,,,지반침하,,0,전라남도 무안군 무안읍 무안로  397-11   ,,4,,,,002,,,,20120727,,무안군,050,,, ,,,2012/07/26 14:10:40.000000000,,1,1,001,
4680025324,,,지방1급하천,0.0,4680025300,,00,,0.0,20151102,관산읍,0.0,0.0,N,0.0,고읍천,1,호우시 하천이 범람하여 피해발생,20060224,,국토교통부,농안지구,0.0,468002006003,0.0,19,호우시 하천이 범람하여 피해발생,,0, ,기타,4,건설과 과장,0.0,0.0,005,0.0,,,,,장흥군 건설과,012,건설과 재난관리담당,, ,,,2015/11/04 17:09:33.000000000, ,3,,005,농안리 이장
4684025023,,시가지침수,기타,0.0,4684025000,"성남리,교촌리 일대",00,,0.0,20090727,상하수도사업/시설7,237.0,0.0,N,0.0,시가지 침수,96,"무안읍(성남리,교촌리)시가지 침수",20090731,,행정안전부,무안지구,0.0,468402009005,0.0,19,"집중호우시 무안읍(성남리,교촌리)시가지 침수",,0, [지점번호:다라06206614],기타,4,재난안전관리/시설6,1.0,77.0,001,0.0,,,20150113,정비완료,무안군청,050,재난안전관리/시설8,,"성남리,교촌리 일대",,2009,2015/07/09 13:58:48.000000000, ,1,,001,와동마을이장
4684035023,,침수피해,기타,0.0,4684035000,,02,,144.0,20150316,안전총괄과,0.0,204.0,Y,6.0,망운 창포재해위험지구,998,침수위험,20150316,20110713,행정안전부,망운 창포재해위험,70.0,468402010006,2.0,19,시가지 복개구간 및 배수로 하류부 통수능력 부족에 따른 내수배제 불량 ,,0, [지점번호:나라99686847],기타,4,안전총괄과,1.0,0.0,001,85.0,,,,,안전총괄과,050,안전총괄과,0,,20050926,2015,2018/10/19 21:09:00.000000000,소하천정비종합계획,1,1,001,
4684025023,,,기타,,4684025000,,,,,,지방시설주사보,,,,,하수도,123,침수위험,20000530,,행정안전부,성남4,,468402013007,,,침수위험,,0, ,,4,지방시설사무관,,,001,,,,20060419,,건설교통과,050,지방시설서기보,, ,,,2013/06/15 15:15:12.000000000,,3,,001,임점남
4680025028,,침수위험,국가하천,0.0,4680025000,,00,,0.0,20151103,장흥읍,300.0,0.0,N,0.0,탐진강,1,하천내 고수부지에 위치하여 집중호우시 유수소통 불량등으로 침수위,19960617,,국토교통부,순지지구,0.0,468001998004,0.0,,탐진강내 고수부지(하상에서3m)에 위치하여 집중호우시 침수-가옥8동,,0, [지점번호:다라44763021],,4,건설과 과장,3.0,60.0,001,0.0,,,20100517,재해위험지구 정비사업시행으로 재해위험 해소,,011,건설과 재난관리담당,, ,,,2015/11/05 08:41:11.000000000, ,2,,005,순지리
4680032024,,외수,지방2급하천,0.0,4680032000,,00,,1.0,20151104,안양면,200.0,0.0,N,0.0,홍거천,1,"하천좌안 제방축조,하천 미개수지역으로 홍수시마다 범람",20030108,,국토교통부,홍거지구,0.0,468002004001,0.0,,우안 제방이 없어 홍수시마다 범람으로 농경지 피해가 심함,,0, [지점번호:다라52782948],,4,안전건설과 건설과장,1.0,50.0,001,0.0,,,20101230,재해위험지구 정비사업에 따른 재해위험 해소,,013,건설과 재난관리담당,, ,,,2015/11/04 17:06:19.000000000, ,3,,005,안양면 운흥리
4680033023,,외수,지방1급하천,0.0,4680033000,일원,00,,380000.0,20151102,장동면사무소 면장,80.0,0.0,N,0.0,배산천,1,매년 홍수시 제방범람으로 농경지 침관수 및 인근주택 침수,20040401,,국토교통부,배산지구,0.0,468002004002,0.0,-1,제방범람으로 농경지 및 주택침수,,0,,,4,건설과 건설과장,1.0,50.0,005,0.0,,,,,건설과,012,건설과 재난관리담당,0,일원,,,2021/08/22 13:15:15.000000000,,3,,005,장동면 배산리 이장
4680036026,,,지방1급하천,0.0,4680036000,일원,00,,0.0,20151104,부산면,200.0,0.0,N,0.0,금자천,1,하천범람,20060220,,행정안전부,금자지구,0.0,468002013020,0.0,12,"-하천폭이 협소하고 제방고가 낮아 집중호우시 주택 및 농경지 등 침수피해 발생
 -기존 구조물의 통수능력이 부족하여 병목현상으로 인한 수위 상승",,0, [지점번호:다라47854120],탐진강,4,건설과 과장,3.0,50.0,001,0.0,,,,,건설과,012,건설과 재난관리담당,,일원,,,2015/11/04 17:14:01.000000000, ,2,,001,부산면금장리 이장
4680025035,,,지방1급하천,0.0,4680025000,일원,00,,664000.0,20151104,장흥읍,200.0,0.0,N,0.0,평화천,160,하천범람,20100216,,행정안전부,평화지구,0.0,468002013021,0.0,12,"-하천폭이 협소하고 제방고가 낮아 집중호우시 농경지 등 침수피해 발생
 -기존 구조물의 통수능력이 부족하여 병목현상으로 인한 수위 상승",,0, [지점번호:다라45453019],탐진강,3,건설과 과장,2.0,50.0,001,0.0,,,,,건설과,012,건설과 재난관리담당,0,일원,,,2021/08/22 13:15:52.000000000,,2,54,001,평화리 이장
4680025622,,,지방1급하천,0.0,4680025600,평촌리,02,,340000.0,20151102,대덕읍사무소,250.0,31.0,Y,2.0,평촌천,1,하천범람으로 침수피해 상존,20060224,20110217,행정안전부,평촌지구,0.0,468002013023,250000.0,12,"-평촌천은 지방하천임에도 상류부 하폭이 5m내외이며,산정마을을 관통하고 있어매년수해로 인한 상습 침수피해 발생
 -교량이 노후되고 통수단면이 부족하여 병목 현상으로 인한 수위 상승",,0,,탐진강,4,건설과 과장,3.0,60.0,005,12.0,,,,,건설과,012,건설과 재난관리담당,0,평촌리,20151222,2014,2021/08/22 13:14:44.000000000,평촌천지방하천,3,,001,평촌리 이장
4680025321,,,지방1급하천,0.0,4680025300,일원,00,,0.0,20151104,대덕읍사무소,250.0,0.0,N,0.0,석남천,1,하천범람으로 침수피해 상존,19960617,,행정안전부,남송지구,0.0,468002013024,0.0,12,"-하천폭이 협소하고 제방고가 낮아 집중호우시 주택 및 농경지 등 침수피해 발생
 -기존 구조물의 통수 능력이 부족하여 병목현상으로 인한 수위 상승",,0, [지점번호:다라48561949],탐진강,4,건설과 과장,3.0,60.0,001,0.0,,,20060224,,건설과,012,건설과 재난관리담당,,일원,,,2015/11/04 17:15:19.000000000, ,3,,001,연지리 이장
4680025333,,,지방2급하천,0.0,4680025300,일원,00,,0.0,20151102,관산읍사무소,200.0,0.0,N,0.0,어은천,1,하천범람으로 침수피해 상존,20060224,,행정안전부,어은지구,0.0,468002013026,0.0,12,"-어은천은 외동마을을 관통하여 흐르고 있으나 하폭이 협소하고 제방고가 낮아 주택및 농경지 상습 침수피해 발생
 -기존 구조물의 통수 능력이 부족하여 병목현상으로 인한 수위 상승",,0, ,탐진강,4,건설과 과장,2.0,50.0,005,0.0,,,,,건설과,013,건설과 재난관리담당,,일원,,,2015/11/04 17:15:52.000000000, ,3,,001,어은이 이장
4680035034,,,지방1급하천,0.0,4680035000,일원,00,,0.0,20151104,유치면사무소,200.0,0.0,Y,0.0,운월천,1,하천범람으로 침수피해 상존,20060204,,행정안전부,운월지구,0.0,468002013027,0.0,12,"-하천폭이 협소하고 제방고가 낮아 집중호우시 주택 및 농경지 등 침수피해 발생
 -기존 구조물의 통수 능력이 부족하여 병목현상으로 인한 수위 상승",,0, [지점번호:다라43555332],탐진강,1,건설과 과장,2.0,50.0,005,0.0,,,,,건설과,012,건설과 재난관리담당,,일원,20130118,,2015/11/04 17:21:58.000000000, ,3,,001,운월리 이장
4680033025,,,지방관리,0.0,4680033000,,00,,0.0,20151104,장동면,0.0,0.0,N,0.0,-,1,-,19981210,,행정안전부,석교지구,0.0,468002013028,0.0,,-,,0,전라남도 장흥군 장동면 흥성로  1563    ,,4,건설과 과장,0.0,0.0,003,0.0,,,20011218,-,건설과,010,건설과 재난관리담당,, ,,,2015/11/04 17:18:04.000000000, ,3,,001,북교이장
4673025026,,내수배제곤란,지방관리,0.0,4673025000,,00,,0.0,20151112,구례읍사무소,200.0,0.0,N,0.0,양정지구,9,집중호우시 내수배제곤란으로 상습 침수피해지구,20000704,,행정안전부,양정지구,0.0,467302000001,0.0,5,집중호우시 섬진강 수위상승으로 인한 내수배제 곤란,,0, [지점번호:다라98408979],섬진강,4,구례군청 건설방재과,3.0,40.0,001,0.0,,,20121230,,구례군,010,구례군청 건설방재과,0,,,,2016/07/13 10:52:29.000000000,,2,70,001,양정리장
4673034026,,,지방관리,0.0,4673034000,,00,,0.0,20151112,마산면,0.0,0.0,N,0.0,냉천재해위험지구,12,침수위험,20000704,,행정안전부,냉천지구,0.0,467302009002,0.0,5,침수,,0, [지점번호:다라98869153],섬진강,4,건설방재과,0.0,0.0,001,0.0,,,20041231,정비완료,,010,건설방재과,0,,,,2016/07/13 10:52:24.000000000,,2,,001,
4673035021,,,지방관리,0.0,4673035000,,00,,0.0,20151112,광의면,0.0,0.0,N,0.0,천은재해위험지구,844,침수위험,19990201,,행정안전부,천은지구,0.0,467302009003,0.0,5,침수,,0,전라남도 구례군 광의면 구만제로  341    ,섬진강,4,건설방재과,0.0,0.0,001,0.0,,,19991231,,,010,건설방재과,0,,,,2016/07/13 10:52:17.000000000,,2,,001,
4617025034,,내수,국가하천,0.0,4617000000,,02,,560000.0,20040429,지방시설7급,150.0,285.0,Y,0.0,지석천,715,호우로 인한 지석천 수위상승시 제내지측 지반고가 낮아 내수배제 불가,20040429,,,수청,0.0,461702000001,0.0,4,""" 배수펌프장 ""설치가 필요한 내수침수지구 
 강우량 70mm 이상시 침수",정비완료,0, [지점번호:다라40387302],영산강,4,지방시설5급,2.0,35.0,001,120.0,,,20220121,자연재해위험개선지구 정비사업 완료로 위험요인 해소,나주시장,011,지방시설7급,0,,20040429,2004,2023/09/21 14:27:09.000000000,재해위험지구,1,1,,
4617038022,,외내수,지방2급하천,0.0,4617000000,,02,,2000000.0,20000101,지방시설7급,100.0,0.0,N,0.0,장성천,543,"장성천 제방보다 낮은 교량으로 집중호우시 영산강 수위상승,하천외",20000101,20000101,,장림,0.0,461702000002,0.0,19,"- 교량개축 및 제방숭상이 필요한 외수 내수침수 지구 
 - 침수판단지구 : 강우량 100mm이상 홍수위 12m 이상",재해위험지구 해제(2010.07.16.),0, [지점번호:다라30467457],기타,4,지방시설5급,1.0,30.0,003,0.0,,,20100716,정비사업 완료,나주시장,013,지방시설7급,0,,20000101,,2023/09/21 14:27:19.000000000,,1,2,,
4617010100,,,국가하천,0.0,4617000000,,02,4617010200110710000014040     ,680000.0,20100601,지방시설7급,150.0,0.0,N,0.0,영산강,671,상습침수,20100601,20100601,,삼도,0.0,461702013006,0.0,4,내수배제불량,,0,,영산강,4,지방시설5급,2.0,30.0,001,0.0,,,,,나주시청,011,지방공업9급,0,,20100601,2015,2024/04/11 15:07:27.000000000,,1,22,,
4617040029,,내수,국가하천,0.0,4617000000,,02,,1250000.0,20000101,지방시설7급,100.0,0.0,N,0.0,지석천,873,하상고(EL10m)와 제내지측 지반고(EL 12m)의 경사차가,20000101,20000101,,덕례,0.0,461702000003,0.0,-1,배수펌프장 설치가 필요한 내수침수지구,재해위험지구 해지(2010.05.13.),0, [지점번호:다라35227314],,4,지방시설5급,2.0,50.0,001,0.0,,,20100513,정비완료,나주시장,011,지방시설7급,0,,20000101,,2023/09/21 14:27:30.000000000,,2,12,,
4617010300,,국가하천,국가하천,0.0,4617000000,,02,,200000.0,20031105,지방시설7급,100.0,170.0,Y,0.0,영산강,521,상습침수,20031105,20031105,,안창,0.0,461702004001,0.0,4,"배수펌프장 설치 1식
 배수관로 ㅣ=1.5km",,0, [지점번호:다라26176777],영산강,4,지방시설5급,2.0,50.0,001,67.0,,,,,나주시장,011,지방시설7급,0,,20031105,2003,2023/09/21 14:27:40.000000000,,1,,,
2644010100,,,기타,,2644051000,"신덕마을, 대저2동 등구마을",,,,,도시관리과,,,,,"대저1동 신덕마을, 대저2동 등구마을",13,상습침수,19960715,,행정안전부,대저1지구,,264402009009,,2,일부 농경지와 유수가 공항확공사와 우주사업본부 공장건설 등 주변여건 변화와 농경지 대단위 시설사업편입에 따른 형질변경(지반고상승)으로 인근 잔여 농경지 유수지 역할로 침수피해. 이로인하여 집중호우시 유량이 일시에 증가되고 본지구내 원예작물과 비닐하우스 경작지 침수피해가 빈발한 실정임.,,0, ,낙동강,4,도시관리과,,,001,,,,20060324,정비사업완료,강서구청 도시관리과,050,도시관리과,,"신덕마을, 대저2동 등구마을",,,2011/09/21 11:01:24.000000000,,1,,001,
2729012000,,,국가하천,,2729060100,,,,,,재난안전관리과,210.0,,,,월성배수펌프장증설,590,"배수처리능력 한계로 증설요구(내수원인), 배수펌프장 증설 완료(2005.12)",20011029,,국토교통부,성서지구,,272901998001,,,"-하천시설기준10,000m/sec이상 뚝마루 7.0m제방여유고 2.0m이상 되어야 하나 성서제방 일부구간 (금호강 합류점~유수지)연장 1,014m가 홍수여유고(H=2.0m)보다 약",,0, ,,4,재난안전관리과장,0.0,40.0,001,,,,20101221,"재해위험지구 정비사업 완료(배수펌프장 증설, 하천제방 보강)",시설안전관리사업소,011,지방토목주사,, ,,,2011/07/20 12:07:40.000000000,,1,3,005,
2714010500,,내수,국가하천,0.0,2714062000,,00,,0.0,20151029,안전총괄과 시설7급,0.0,0.0,N,0.0,봉무빗물펌프장,1,집중호우 시 침수우려,20050711,,행정안전부,봉무지구,0.0,271402005001,0.0,2,홍수위 보다 낮아 집중호우시 가옥과 농경지 침수,,0,대구광역시 동구  팔공로23길  105   (불로동),낙동강,4,안전총괄과 행정5급,2.0,0.0,001,0.0,,,20090220,"빗물펌프장 설치 1500m/m 7대, 침수위험요인 해소",동구청 안전총괄과,011,안전총괄과 통신8급,, ,,,2015/10/30 11:02:55.000000000, ,1,,001,위남수문관리자
2714010100,,내수,지방관리,0.0,2714051000,,00,,0.0,20151029,안전총괄과 시설7급,0.0,0.0,N,0.0,신암배수펌프장,1,금호강 홍수위보다 낮아 수위상승시 내수배제 불가로 침수우려,20060310,,행정안전부,신암지구,0.0,271402006001,0.0,2,홍수위 보다 낮아 집중호우시 아양중학교주변 가옥.상가 침수,,0, ,낙동강,4,안전총괄과 행정5급,4.0,0.0,001,0.0,,,20110520,"배수펌프장 설치 1800m/m 5대, 유수지 10,300m3",동구청 안전총괄과,010,안전총괄과 통신8급,, ,,,2015/10/29 13:23:37.000000000, ,1,,001,신암5동
2771038034,,침수,국가하천,0.0,2771038000,,00,,278443.0,20060227,달성군 구지면장,0.0,15.0,N,0.0,낙동강제방축조(이주보상),515,상습침수지구,19960709,,국토교통부,구지징리지구,0.0,277101996002,0.0,2,"상습침수로 인한 가옥 및 농경지 침수- 8가구(9명)* 부산청 오설제 개수공사를 추진하며 이주보상 완료
 (사업완료)",,0, ,낙동강,4,달성군 치수방재과장,0.0,0.0,001,8.0,,,20091231,재해위험지구 정비사업 완료로 위험요소 해소,부산지방국토관리청,011,달성군 복구지원담당,, ,,2006,2015/11/03 08:54:17.000000000, ,3,1,005,
2771033029,,,국가하천,0.0,2771033000,,00,,906345.0,20060227,달성군 하빈면장,210.0,62.0,N,0.0,낙동강하빈제제외지(이주보상),100,낙동강 수위상승으로 침수,19960709,,국토교통부,하빈봉촌지구,0.0,277101998002,0.0,,"-하빈제 제외지 고수부지에 위치한 축산농가 및 농경지 침수,고립-인명: 34명(12세대),건물(12동),농경지 30ha-미보상 토지보상후 축산농가 제내지로 이주조치",재해위험지구 해제(2009. 6.10),0, ,,4,달성군 재난방재과장,10.0,0.0,001,18.0,,,20090610,"상습 침수피해지역의 주택 이주, 철거완료로 재해위험 해소",부산지방국토관리청,011,달성군 재난방재과,, ,,2006,2015/11/03 09:49:05.000000000, ,3,10,005,
2771038035,,,지방관리,0.0,2771038000,,00,,11203.0,20070410,달성군 구지면장,150.0,45.0,N,0.0,자연재해위험지구,500,낙동강 수위상승시 내수배제가 불가능하여 침수피해가 상습적으로 발생,20070410,,행정안전부,구지도동지구,0.0,277102007001,0.0,2,낙동강 수위상승시 침수 (재해위험지구 정비사업중),,0,대구광역시 달성군 구지면 도동절골길  16    ,낙동강,4,달성군 재난뱅재과,1.0,30.0,001,15.0,,,20120614,사업완료,달성군,010,달성군 재난방재과,, ,,2007,2015/11/03 08:22:21.000000000, ,2,,001,
2771026528,,,국가하천,0.0,2771000000,,00,,443144.0,20070612,달성군 현풍읍장,0.0,348.0,N,0.0,자연재해위험지구,34,"낙동강 수위상승 시 내수배제가 불가능하여 침수,고립피해",20070612,,,현풍오산자모지구,0.0,277102007002,0.0,2,낙동강 수위상승 시 침수 및 고립피해 발생(정비사업중),,0,,낙동강,4,달성군 안전총괄과,0.0,0.0,004,151.0,,,20120614,고립위험 해소로 지정 해제,달성군,011,달성군 안전총괄과,0,,,2007,2023/05/01 16:26:27.000000000,,2,,,이장
2771026226,,저수지,지방관리,0.0,2771000000,옥연지,00,,1000000.0,19960615,한국농어촌공사,200.0,2125.0,N,0.0,옥연지,311,정밀안전진단결과 보수보강 필요,19960615,,,옥연지,0.0,277102009003,0.0,2,제체누수로 인한 붕괴 위험,,0,,낙동강,4,,1.0,40.0,003,645.0,,,20001219,정비공사 완료로 위험요인 해소,농어촌공사,010,,0,,,,2023/05/01 16:25:35.000000000,,3,,,
,,낙석위험,,,2818563000,청량산,,,,,,0.0,,,,청량산위험암반지구,,낙석위험,19991206,,산림청,청량산,,281852004001,,,낙석,,, ,,4,연수구청건설과 토목6급,0.0,0.0,002,,,,20001211,낙석위험요소 제거(위험암반보강공사 실시)완료,,016,연수구청건설과 건축9급,, ,,,2009/05/14 20:08:50.000000000,,2,,004,
2771026525,,붕괴,지자체소유림,0.0,2771000000,,00,2771036025104450000017908     ,12092.0,20090727,현풍면장,0.0,70.0,N,0.0,현풍성하재해위험지구,445,붕괴위험지역,20090727,,,현풍성하지구,0.0,277102010004,0.0,2,붕괴위험,,0,,낙동강,4,달성군 안전총괄과,0.0,0.0,002,32.0,,,20120614,재해위험지구 정비사업 완료로 붕괴위험 해소,달성군,015,달성군 안전총괄과,0,,,2009,2023/05/01 16:26:39.000000000,,2,0,,현풍면 성하리
2771025625,,내수침수,기타,0.0,2771025600,,02,,15775.0,20110810,다사읍장,0.0,174.0,N,0.0,다사 서재 재해위험지구,52,상습적으로 침수피해가 발생함,20110810,20130430,행정안전부,다사 서재지구,0.0,277102012005,0.0,2,도심지 저지대 지반고가 금호강 계획홍수위보다 낮아 배수장 및 관거능력부족으로 내수배재 불량,,0,대구광역시 달성군 다사읍 서재로  167    ,낙동강,4,안전방재과 시설6급,0.0,0.0,001,38.0,,,20161220,,달성군청,050,안전방재과 시설6급,0,,,2011,2017/02/27 12:58:50.000000000,,2,,001,마을이장
2811014600,,유실위험지구,기타,0.0,2811062000,,00,,333.0,20160405,기반시설과 시설7급,200.0,0.0,N,0.0,전소천,324,전소천 우수 유입량 증가로 홍수시 주변 유실우려,20060310,,행정안전부,전소천,0.0,281102006001,0.0,19,통수단면 부족으로 전소천 범람 및 주변 농경지 유실위험,,0,인천광역시 중구  운남로82번길  47   (운남동),기타,4,안전관리과 행정6급,1.0,67.0,005,0.0,,,20170630,2016년 6월 전소천 정비공사 완료로 인하여 위험요소가 정비됨 ,중구청,050,안전관리과 시설6급,0,,,,2018/04/23 19:54:42.000000000,,3,4,001,지역자율방재단
2826011200,,저지대,기타,,2826058000,,,,,,시설7급,100.0,,,,가정여중 일원,350,저지대 상습침수,20040210,,행정안전부,가정여중,,282602004001,,19,지하세대 하수역류,,0,인천광역시 서구  고래울로37번길  13   (가좌동),기타,4,,4.0,40.0,001,,,,20140128,주변지역 하수관거 정비공사 완료,서구청 재난관리과,050,,, ,,,2016/04/01 17:26:16.000000000,,1,,001,통장
2871025022,,,사유림,,2871025000,,,,,,,,,,,견자산 위험지구,20,우기로 인한 산사태 발생,20060808,,행정안전부,견자산,,287102013003,,,해당없음,,1,,,4,강화군 안전행정과 행정6급,,,002,,,,20090529,견자산 산사태발생 복구사업 완료,,016,강화군 안전행정과 공업7급,0,,,,2016/07/13 17:38:18.000000000,,2,1,001,
2915512200,,내수,국가관리,0.0,2915573000,,00,,2500.0,20030501,광주광역시 남구청,245.0,0.0,N,,승촌화장지구,1006,상습침수 지역,19960705,,행정안전부,승촌화장지구,,291552002001,,4,일 강우량 245mm이상 또는 시간당 30mm로 3시간 연속시 외수위가 12.79m이고 지구내 지반고가 8.4m로 배수본천에서 역류,,0, [지점번호:다라34817538],영산강,4,광주광역시 남구청,20.0,30.0,001,10.0,,,20060320,배수개선사업 실시완료,광주광역시 남구청(재난관리과),009,광주광역시 남구청,0,,,2003,2018/04/14 16:49:03.000000000,,3,7,001,남구 승촌동 79-1
2915511400,,붕괴위험,기타,0.0,2915551000,,00,,2573.0,20070101,도시안전과 시설7급,100.0,40.0,N,,방림지구,1,시우량 30㎜이상시 토사유출에 따른 산사태 발생,20060228,,행정안전부,방림지구,,291552006001,,,"급경사지산비탈아래 장방향으로 대부분이 무허가주택으로형성되어 있고, 임야및전으로 구성되어 있는 산1-1번지 일대는 무분별한 산림훼손 및 계단식경작으로 되어있어 산사태 위험",,0,광주광역시 남구  천변좌로  548-4  (방림동),,4,도시안전과장,1.0,30.0,002,15.0,,,20130626,붕괴위험요서 제거 완료,광주광역시 남구청 재난관리과,050,도시안전과 시설6급,0,,,2007,2018/04/14 16:48:54.000000000,,1,1,001,방림2동 26-47번지
2915512500,,상습침수위험,기타,0.0,2915573000,,02,,14000.0,20070703,재난관리과 지방공업8급,245.0,102.0,N,,대촌천,117,- 대촌천과 지석천이 합류된 저지대로 자연배수가 되지않아 상습침수 발생,20070703,20070107,행정안전부,오산·신장지구,,291552007001,,4,"- 대촌천과 지석천이 합류지점으로 장기간 하천수가 정체되고 수량이 급증한 지역이며
- 오산 신장 마을 34가구의 지반이 대촌천 홍수위보다 약 2m 정도 낮아 자연배수가 불가능함",,0,광주광역시 남구  신장2길  55   (신장동),영산강,4,재난관리과 지방시설5급,0.0,30.0,001,34.0,,,20110627,- 재해위험지구정비사업 추진 완료로 재해위험요소 해소,광주광역시 남구청 재난관리과,050,재난관리과 지방시설6급,0,,,2007,2018/04/14 16:48:44.000000000,,2,,001,신장동 37통장
2820010200,,상습침수지역,기타,,2820053000,,,,,,7급,0.0,,,,인천교매립지(석정여고주변),617,해수면 만조시 및 집중호우시 내수위 상승으로 상습 침수,20040226,,행정안전부,간석617번지일원,,282002004001,,19,"침수지역면적 48,584m2 , 건물 451동(1,761세대/5,283명)",공사완료,0, ,기타,4,남동구청 안전관리과,1.0,0.0,001,,,,20140124,정비사업 완료,인천남동구청,050,남동구청 안전관리과,, ,,,2014/02/03 17:09:50.000000000,,1,,001,22통장
2820010200,,,기타,,2820053000,,,,29514.0,,지방시설주사보,,,,,부평농장 절개지,34,낙석 및 붕괴위험,20100705,,국토교통부,부평농장 절개지,,282002011002,,-1,낙석으로 인한 인근 공장 및 주차된 차량의 피해가 우려되는 지역,,1, [지점번호:다사30984190],,4,지방행정사무관,,,002,,,,20140124,정비사업 완료,부평농장,050,지방시설주사보,0,,,,2020/10/20 11:45:51.000000000,,2,9,005,통장
2814010600,,,기타,0.0,2814000000,,00,,30.0,20160125,금창동 행정6급,0.0,0.0,N,0.0,배다리중앙시장,10,상습침수,19931008,,,배다리중앙시장,0.0,281401998001,0.0,19,-인근 주변이 고지대로 형성되어 우기철 집중호우시 빠른 우수 유입-하수암거 단면 부족으로 통수 능력이 현저히 부족함-95~97 종합건설본부에서 암거 증설공사 추진중 인근 주민의 반대로 유보된 상태이며 향후 재개발사업시 병행하여 추진,,0,인천광역시 동구  송림로 지하 4   (금곡동),기타,3,안전관리과 행정6급,3.0,48.0,001,0.0,,,,,동구청,050,안전관리과 행정7급 ,0,,,,2024/11/01 17:15:01.000000000,,1,1,,통장
2817710400,,침수,지방도,,2817760000,,,,,,공업6급,0.0,,,,경인전철 주택가,399,집중호우시 침수피해,20040213,,행정안전부,경인전철주변,,281702004001,,19,집중호우,,0,인천광역시 남구  석바위로1번길  17   (도화동),기타,4,,0.0,0.0,001,,,,20140113,,인천광역시 남구청,002,시설9급,, ,,,2014/02/03 17:09:34.000000000,,1,3,001,
2817710500,,침수,지방도,,2817762000,,,,,,공업6급,0.0,,,,간석역 주택지,49,집중호우시 침수피해,20040213,,행정안전부,간석역 주변,,281702004002,,19,집중호우,,0, ,기타,4,,0.0,0.0,001,,,,20140113,,인천광역시 남구청,002,시설9급,, ,,,2014/02/03 17:09:47.000000000,,1,,001,
2817710300,,,기타,,2817758000,인천광역시 남구 학익동 723번지 유수지 일원,,,,,,,,,,갯골유수지 방조제,723,.,20030620,,행정안전부,갯골유수지 방조제,,281702014004,,,간만의차가 심한지역에 위치하여 방조제 석축의 유실로 인한 붕괴파손바생 위험 내제 및 주변에 저지대가 위치하고 있음,,0, [지점번호:다사23203811],,4,,1.0,,003,,,,20090921,.,,050,,,인천광역시 남구 학익동 723번지 유수지 일원,,,2014/03/25 10:55:54.000000000,,1,0,001,
2823710200,,침수,지방도,,2823753000,,,,,,인천광역시 소방방재본부,0.0,,,,인천교매립지 주변,360,해수면 만조시 내수위 상승으로 하수배제 불량으로 상습 침수,20040126,,행정안전부,십정동360번지일원 침수지역,,282372004001,,1,ㆍ해수면 만조시 내수위 상승으로 인한 하수배제 불량을 상습침수 위험 내재ㆍ배수구역에 의한 집중호우시 오ㆍ우수 집중으로 인한 침수 위험 내재,,0,인천광역시 부평구  백범로529번길  9-4  (십정동),한강,4,자치행정과 행정5급,1.0,0.0,001,,,,20140221,,,002,자치행정과 공업9급,, ,,,2014/02/24 11:08:05.000000000,,1,,001,
2823710100,,절개지,,,2823700000,,,,13200.0,,인천시 사회복지과 지방행정주사,0.0,,,,부평묘지공원절개지,51,급경사 암절개지의 암반이 심한 풍화로 낙석의 우려가 상당히 높아 인명 및 재산의 피해가 예상됨,20011103,,,부평묘지공원절개지,,282372004003,,1,암석 채취로 형성된 급경사 절개지 상단의 암반이 풍화로 인한 균열로 이탈.탈락하여 낙석의 위험내제,,1,,한강,4,인천시 부평구청 건설행정과장,0.0,0.0,002,,,,20041102,낙석 및 붕괴위험요인 해소,부평구청,-1,인천시 부평구청 건설행정과 지방토목서기보,0,,,,2022/11/01 11:18:57.000000000,,2,1,,부평2동 18통장
2823710600,,취약방재시설,기타,,2823764100,,,,,,재난안전과 기능6급,0.0,,,,갈산펌프장,403,"기계, 전기 및 계장의 시설 전반에 걸쳐 내구년한 도래",20060303,,행정안전부,갈산펌프장,,282372006001,,,"-빗물펌프 엔진구동 방식, 효율적인 유지관리 어려움-조목용제진기 작동불능, 협잡물 제거상황-세목스크린은 수동, 협잡물 제거 어려움-설비들의 내구년한 도래 시설개선 시급",,0,인천광역시 부평구  장제로  267   (갈산동),,4,재난안전과장,0.0,0.0,003,,,,20090713,위험요소 제거,,050,재난안전과 전산9급,, ,,,2009/11/24 14:05:07.000000000,,2,,001,
2911011900,,풍수해,지방2급하천,0.0,2911000000,,00,,50000.0,20151106,시설8급,0.0,0.0,N,0.0,소태지구,686,침수우려지역,20101125,,,소태지구,0.0,291102008001,0.0,19,집중호우시 침수우려,,0,광주광역시 동구  남문로  564   (소태동),기타,4,,30.0,150.0,001,0.0,,,,,동구청 주민안전과,013,,0,,,,2024/04/29 10:17:23.000000000,,2,,,
2911012500,,풍수해,지방2급하천,,2911074000,,,,1155.0,,시설9급,0.0,,,,남계부락,236,침수우려지역,20101125,,행정안전부,남계마을,,291102011002,,19,집중호우시 침수우려,,0,광주광역시 동구  남계길  68-1  (내남동),기타,4,,30.0,0.0,001,,,,20140724,정비사업 완료로 재해위험요인 해소,동구청 안전담당관,013,,0,,,,2016/07/20 14:09:34.000000000,,2,,001,
2872034021,,,군도,0.0,2872034000,,00,,0.0,20151104,행정7,0.0,0.0,N,0.0,군도8호선(296) 절개지,296,재해위험지구,20060315,,행정안전부,자연재난위험지구,0.0,287202006001,0.0,,낙석위험지역으로 상부에 대형 암반이 있어 낙석우려,,1, [지점번호:가사53248228],,4,,0.0,0.0,002,0.0,,,20090528,정비사업 완료에 따른 재해위험요소 해소,옹진군,004,공업7,, ,,,2015/11/04 16:49:26.000000000, ,2,,001,
2872034021,,,군도,0.0,2872034000,,00,,0.0,20151104,시설9,0.0,0.0,N,0.0,군도8호선 300번지,300,2,20071023,,행정안전부,자연재난위험지구,0.0,287202008001,0.0,,낙석 우려,,0, [지점번호:가사55058378],,4,지방행정주사,0.0,0.0,002,0.0,,,20090805,,대청면사무소,004,지방시설주사보,, ,,,2015/11/04 16:40:07.000000000, ,2,,001,
2872034022,,,기타,0.0,2872034000,,00,,0.0,20151104,행정9,0.0,0.0,N,0.0,예동항,322,해일위험 방지,20080402,,행정안전부,대청면 예동항,0.0,287202008002,0.0,,해일 방생시 침수 위험,,0,인천광역시 옹진군 대청면 소청동로  88-40   ,,4,,0.0,0.0,006,0.0,,,20090805,,옹진군청,050,지방공업주사보,, ,,,2015/11/04 16:37:42.000000000, ,1,,001,
2917012400,,저수지,지방관리,0.0,2917068500,광주 북구 장등동 979주변,02,,0.0,20151102,지방시설9,0.0,0.0,N,0.0,장등저수지,979,저수지 제방 노후,20101125,20140225,농림축산식품부,장등지구,0.0,291702011003,0.0,,"제방, 여수토, 취수시설",,0, [지점번호:다라47399121],,4,지방시설6,0.0,0.0,003,0.0,,,,,광주북구청경제정책과,010,지방시설9,0,광주 북구 장등동 979주변,,,2016/09/27 08:44:30.000000000,,2,,002,통장
2917010800,,,국가관리,,2917061500,,,,,,,,,,,영산강,124,상습침수,19960603,,국토교통부,구산동교,,291702011004,,4,"인명피해 39세대, 가옥침수 35동, 농경지 침수 4ha",,0,광주광역시 북구  운용로  9-1  (운암동),영산강,4,시설6급,,,001,,,,20031210,"정비사업 완료(15,194백만원)",,009,시설9급,0,,,,2016/07/13 09:28:03.000000000,,3,12,005,
2917010800,,,지방관리,,2917061500,,,,,,,,,,,동림3지구,897,상습침수,20050525,,국토교통부,동림3,,291702011005,,19,"가옥침수 5동, 농경지침수 4ha",,0,광주광역시 북구  서강로67번길  43-2  (운암동),기타,4,시설6급,,,001,,,,20090420,정비완료(사업비 640백만원),,010,시설9급,0,,,,2016/07/13 09:27:50.000000000,,3,,005,
2920016900,,내수침수,지방1급하천,0.0,2920069000,,00,,0.0,20151103,방재관리과 시설7급,200.0,0.0,N,0.0,배수펌프장2개소설치(산수.죽산),583,산수동 지역이 황룡강에 인접한 저지대 상습침수,19960617,,행정안전부,산수,0.0,292001010002,0.0,4,"-하상고와(EL17.36m)와 제내지측 지반고(EL20.15m)의 경사차가 2.79m로 낮아 호우 및 태풍으로 하천수위 상승시 자 연 배수가 되지 않아 상습침수피해 발생 -강우량 200mm 이상, 외수위 20.15m 이상시 침수",,0, ,영산강,4,방재관리과장,2.0,40.0,001,0.0,,,20060310,,광산구청,012,방재관리과 시설7급,, ,,,2015/11/03 10:04:53.000000000, ,1,,001,
2920014000,,상습침수,국가하천,,2920066000,,,,,,방재관리과 시설7급,150.0,,,,동곡배수펌프장,173,유역내 개발 및 시설노후,20000526,,행정안전부,동곡,,292001010004,,4,-75년에 설치된 본덕배수문 노후화로 작동시 부분적 결함요인 발생-본덕배수문 가동 불능시 농경지 및 가옥 침수 피해발생,,0, [지점번호:다라34967677],영산강,4,방재관리과장,2.0,40.0,001,,,,20090626,정비사업완료,광산구청,011,방재관리과 시설7급,, ,,,2013/04/03 18:49:09.000000000,,3,1,001,
2920013500,,내수침수,지방2급하천,,2920065000,,,,,,방재관리과시설7급,150.0,,,,하천정비,791,상습침수,20000526,,행정안전부,평동,,292001010005,,,강우량 150mm이상 홍수위 2.5m이상일때 침수 발생,,0, ,,4,방재관리과장,2.0,40.0,001,,,,20060310,-하천정비 완료,광산구청방재관리과,013,방재관리과시설7급,, ,,,2013/04/03 18:47:59.000000000,,1,,001,
2920014100,,내수침수,국가하천,,2920066000,,,,,,방재관리과 시설7급,150.0,,,,용봉배수펌프장 설치,380,용봉지구 저지대는 집중호우시 영산강 하천역류로 침수,20000526,,행정안전부,용봉,,292001010006,,4,"-하상고와(EL25.0m)와 제내지측 지반고(EL26.1m)의 경사차가 1.10m로 낮아 호우 및 태풍으로 하천수위 상승시 자 연배수가 되지 않아 상습침수피해 발생 -강우량 150mm 이상, 외수위 26.1m 이상시 침수",,0,광주광역시 광산구  용봉길  92   (용봉동),영산강,4,방재관리과장,2.0,40.0,001,,,,20100310,수해상습지 해소를 위한 정비사업(배수펌프장 신설) 완료,광산구청,011,방재관리과 시설7급,, ,,,2013/04/03 18:45:29.000000000,,3,10,001,
2920013400,,소하천정비,군천,,2920065000,,,,,,방재관리과 시설7급,200.0,,,,"하천정비,소하천(가정천)",259,"소하천의 노후시설, 하천 홍수단면적 부족, 제방침식, 법면유실",20020408,,행정안전부,가정,,292001010007,,4,-76년도 경지정리시 축조된 노후제방으로 법면호안 및 제방유실이 진행되고 중.하류부 단면부족으로 월류피해 발생 -강우량 200mm이상 홍수위2.5m이상일 때 침수발생,,0, ,영산강,4,방재관리과,2.0,30.0,003,,,,20060310,하천정비 완료,광산구청,042,방재관리과 시설7급,, ,,,2013/04/03 18:44:19.000000000,,1,,001,
2920016600,,소하천정비,군천,,2920068000,,,,,,방재관리과 시설7급,200.0,,,,"하천정비,소하천(삼암천)",402,"하천 홍수단면적 부족, 제방침식, 법면유실",20020408,,행정안전부,칠성,,292001010008,,4,-76년도 경지정리시 축조된 노후제방으로 법면호안 및 제방유실이 진행되고 중.하류부 단면부족으로 월류피해 발생-강우량 200mm이상 홍수위2.5m 이상일 때 침수발생,,0, ,영산강,4,방재관리과장,2.0,30.0,003,,,,20120228,정비사업 완료,광산구청,042,방재관리과 시설7급,, ,,,2013/04/03 18:40:38.000000000,,2,,001,삼도동
2920013000,,소하천정비,군천,,2920065000,,,,,,방재관리과시설7급,240.0,,,,"하천정비,소하천(고룡천)",303,"하천 홍수단면적 부족, 제방침식, 법면유실",20020408,,행정안전부,고룡,,292001010009,,4,-76년도 경지정리시 축조된 노후제방으로 법면호안 및 제방유실이 진행되고 중.하류부 단면부족으로 월류피해 발생 -강우량 200mm이상 홍수위2.5m 이상일 때 침수발생,"공사완료, 해제절차진행중(예정7.10)",0, [지점번호:다라33298949],영산강,4,방재관리과장,2.0,30.0,003,,,,20130719,정비공사 완료,광산구청,042,방재관리과시설7급,, ,,,2013/07/19 17:55:03.000000000,,3,23,001,산막동
4777031031,,절개지 붕괴,기타,0.0,4777000000,,00,,30000.0,19990711,안전재난과 시설7,200.0,26.0,N,0.0,강구4지구,1,기타 조성사업으로 인해 발생된 절개지에서 낙석이 우려되는 지역,19990711,,,강구4지구,0.0,477702002001,0.0,-1,"경사각70도이상 직고 15m의 절개지로 돌출된 암석이 풍화되어 집중호우 및 태풍시 토사 및 암석이 슬라이딩되어 하단부에 위치한 9세대 26명이 가옥피해, 인명피해 발생이 우려됨",,0,경상북도 영덕군 강구면 영덕대게로  103-47   ,,4,안전재난과 시설6,0.0,30.0,002,9.0,,,,,영덕군,050,안전재난과 시설7,0,,,,2024/04/12 11:04:37.000000000,,1,,,강구4리 리장
4777031038,,상습침수지구,리천,0.0,4777000000,,00,,900000.0,20001118,안전재난과 시설7,200.0,4.0,N,0.0,금호배수로,1,배수로의 구배가 완만하여 토사의 퇴적 또는 단면부족 등,20001118,,,금호지구,0.0,477702002002,0.0,-1,배수로의 토사구배가 완만하여 호우시 토사의 퇴적이 진행되어 현재는 배수로의 통수단면이 부족한 관계로 금호들에서 오십천으로 자연배수가 되지 않아 상습침수됨,,0, [지점번호:마바69842274],,4,안전재난과 시설6,3.0,30.0,001,2.0,,,20020615,자연재해위험개선지구 정비사업 완료(배수로 확장 L=3.7㎞),영덕군청,044,안전재난과 시설7,0,,,,2024/04/12 11:04:14.000000000,,2,,,강구면 금호1리장
4777032050,,제방노후시설,지방2급하천,0.0,4777000000,,00,,500000.0,20001118,안전재난과 시설7,200.0,56.0,N,0.0,장사천 부흥지구,2,하천 제방의 단면부족등으로 홍수나 해수면 조위상승시 월류피해예상,20001118,,,남정부흥지구,0.0,477702002003,0.0,19,"하천제방 시설물이 단면부족등으로 해수면의 조위사승시 수위의 영향으로 피해가 우려되는 지역
 제방의 하폭 약25~30m를 해수면의 조위상승시 영향이 없도록재방 곡선구간법면을 약 10m가량 확장하여 제방의 수층작용을 제거하여 하폭유지 개선",,0,경상북도 영덕군 남정면 진불길  91-7   ,기타,4,안전재난과 시설6,3.0,40.0,001,23.0,,,20151108,"자연재해위험개선지구 정비사업 완료(하천정비 700m, 주택이주)",영덕군청,013,안전재난과 시설7,0,,,,2024/04/11 17:24:43.000000000,,1,,,부흥2리장
4777031032,,,기타,,4777000000,,,4777031032100490002000001     ,111520.0,,안전재난과 시설7,200.0,,,,배수펌프장,49,오십천 하류 수위상승으로 인한 내수불능으로 상습침수,20030929,,,강구오포지구,,477702004001,,19,"집중호우로 오십천 하류수위가 상승되고, 화전소하천의 유량이 오십천으로 배수 불능시 상습침수지역인 강구면 오포리 주거지역 90세대 280명의 인명 및 가옥의 피해가 우려되므로 근본적",,0,,기타,4,안전재난과 시설6,3.0,30.0,001,,,,20040720,배수펌프장 설치완료로 상습침수 해소,영덕군청,050,안전재난과 시설7,0,,,,2024/04/12 11:03:22.000000000,,1,8,,강구면 오포2리장
4777034052,,,지방2급하천,0.0,4777000000,,00,,30000.0,20100430,안전재난과 시설7,200.0,64.0,N,0.0,신안천 신안지구,1,태풍 래습이나 집중호우시 하천범람 등으로 도로 및 가옥 상습침수,20040916,,,신안지구,0.0,477702005001,0.0,14,신안천(지방2급)과 속곡천(소하천)의 합류지점으로 집중호우시 기존 하폭협소로 하천범람 등으로 도로 및 가옥 상습침수,,0,경상북도 영덕군 지품면 속곡길  4    ,영덕오십천,4,안전재난과 시설6,0.0,30.0,001,28.0,,,20100430,자연재해위험개선지구정비사업 완료(하천정비 1600m),영덕군청,013,안전재난과 시설7,0,,,2004,2024/04/12 11:46:36.000000000,,1,,,지품면 신안리장
4777031031,,,기타,0.0,4777000000,,00,,30000.0,20100430,안전재난과 시설7,200.0,320.0,N,0.0,방파옹벽 및 도로,584,태풍등으로 인한 해일 발생시 가옥 및 도로침수로 인명피해우려.,20040916,,,삼사지구,0.0,477702005002,0.0,-1,"태풍 래습에 따른 잦은 해일 및 파도로 해안도로 및 가옥침수 우려가 있으며 침수발생시 가옥1,396세대 및 3,818명의 인명피해우려",,0,경상북도 영덕군 강구면 강구해안길  92    ,,4,안전재난과 시설6,0.0,30.0,001,140.0,,,20100430,자연재해위험개선지구 정비사업(방파시설 950m)완료.,영덕군청,050,안전재난과 시설7,0,,,2004,2024/04/12 11:01:58.000000000,,1,,,삼사리장
4777037044,,,지방2급하천,0.0,4777000000,,00,,500000.0,20060224,안전재난과 시설7,0.0,300.0,N,0.0,각리천,1,집중호우 및 태풍래습시 유수소통에 장애로 인한 침수 및 유실위험,20141024,,,각리 지구,0.0,477702006001,0.0,19,"집중호우 및 태풍래습시 교량폭 협소로 인해 수해위험교량(5개소)으로 유수의 소통에 장애를 주어 제방붕괴유실, 하천범람으로 인한 주변지역의 농경지, 가옥등의 침수 및 유실 피해위험지",,0,경상북도 영덕군 병곡면 각리2길  66-6   ,기타,4,안전재난과 시설6,0.0,0.0,005,110.0,,,,,영덕군청,013,안전재난과 시설7,0,,,2006,2024/04/17 17:07:42.000000000,,2,,,병곡면 각리1이장
2772032027,,급경사지,기타,0.0,2772000000,,00,,5000.0,20150720,안전건설과,0.0,12.0,N,0.0,주택,8,낙석발생 등으로 집중 호우시 인명피해 우려,20100511,,국토교통부,중구지구,0.0,477202010009,0.0,19,산비탈의 급경사,,1,대구광역시 군위군 효령면 치산효령로  2414    ,기타,4,안전건설과,0.0,0.0,002,6.0,,,20191017,사업완료로 인함,안전건설과,050,안전건설과,0,,,,2019/10/28 11:06:50.000000000,,2,4,005,중구리장
2772025037,,,기타,0.0,2772025000,,00,,0.0,20150720,안전건설과,0.0,51.0,N,0.0,농암천,221,배수 불량으로 인한 침수발생,20060228,,행정안전부,대흥지구,0.0,477202013010,0.0,,배수 불량으로 인한 침수발생,,0, [지점번호:라바93640875],,4,안전건설과,0.0,0.0,001,18.0,,,20100426,,안전건설과,050,안전건설과,0,,,,2016/07/20 16:25:44.000000000,,3,3,001,
2772025026,,,지방2급하천,0.0,2772025000,,00,,130000.0,20150720,안전건설과,0.0,10.0,N,0.0,위천,1,배수불량으로인한 침수위험,20060228,,국토교통부,사직지구,0.0,477202013012,0.0,,배수불량으로인한 침수위험,,0,대구광역시 군위군 군위읍 사직1길  21-30   ,,4,안전건설과,0.0,0.0,001,4.0,,,20100426,,안전건설과,013,안전건설과,0,,,,2016/07/20 16:25:20.000000000,,3,,005,
2772025028,,,지방2급하천,0.0,2772025000,,00,,0.0,20150720,안전건설과,0.0,0.0,N,0.0,위천,1,노후된 제방으로인한 침수위험,20001009,,국토교통부,외량지구,0.0,477202013013,0.0,,노후된 제방으로인한 침수위험,,0, [지점번호:라바94320819],,4,안전건설과,0.0,0.0,001,0.0,,,20030630,,안전건설과,013,안전건설과,0,,,,2016/07/20 16:25:08.000000000,,1,,005,
2772032027,,,지방2급하천,0.0,2772032000,,00,,0.0,20150720,안전건설과,0.0,0.0,N,0.0,남천,1,노후된 제방으로인한 침수위험,19970925,,국토교통부,중구1지구,0.0,477202013014,0.0,,노후된 제방으로인한 침수위험,,0, [지점번호:라마98299657],,4,안전건설과,0.0,0.0,001,0.0,,,20010427,,안전건설과,013,안전건설과,0,,,,2016/07/20 16:24:54.000000000,,1,,005,
2772032027,,,지방2급하천,0.0,2772032000,,00,,0.0,20150720,안전건설과,0.0,0.0,N,0.0,위천,2,노후된 제방으로인한 침수위험,20071004,,국토교통부,중구2,0.0,477202013015,0.0,,노후된 제방으로인한 침수위험,,0, [지점번호:라마98199654],,4,안전건설과,0.0,0.0,001,0.0,,,20100426,,안전건설과,013,안전건설과,0,,,,2016/07/20 16:24:39.000000000,,2,,005,
2772025027,,,지방2급하천,0.0,2772025000,,00,,35000.0,20150720,안전건설과,0.0,200.0,Y,0.0,위천,732,"교량 연장, 경간장 및 형하여유고 부족",20131120,,국토교통부,내량지구,0.0,477202013016,0.0,2, 범람 발생 우려,,0,대구광역시 군위군 군위읍 양천길  207    ,낙동강,4,안전건설과,0.0,0.0,005,80.0,,,20191017,사업완료로 인함,안전건설과,013,안전건설과,0,,20140630,,2019/10/28 11:07:24.000000000,위천 하천기본계획,2,,005,내량2리 리장
2772033024,,,지방2급하천,0.0,2772033000,,00,,208000.0,20150724,안전관리과,189.0,360.0,Y,1.0,남천,673,"제방 및 호안 불량, 제방여유고 부족",20131120,,,대율지구,5.0,477202013017,50000.0,2,주거지 및 좌안 농경지 범람 발생 우려,,0,대구광역시 군위군 부계면 한티로  2146-1   ,낙동강,4,안전관리과,30.0,0.0,001,120.0,,,20220208,재해위험요인 해소 따른 해제,안전관리과,013,안전관리과,0,,20140731,,2022/02/18 09:24:38.000000000,남천정비기본계획,2,2,,대율1리 리장
4775033034,,,지방2급하천,,4775033000,,,,,,,,,,,제방,695,침수위험지구,20000324,,국토교통부,인지,,477502009001,,,침수위험,,0, [지점번호:마바34031382],,4,,,,001,,,,20001110,,,013,,, ,,,2009/06/24 11:39:40.000000000,,,,005,
4775032030,,,지방2급하천,,4775032000,,,,,,,,,,,제방,1205,침수위험지구,19981013,,국토교통부,옥동,,477502009002,,,침수위험,,0, [지점번호:마바40071899],,4,,,,001,,,,20050506,,,013,,, ,,,2009/06/24 11:45:14.000000000,,,2,005,
4775031032,,,기타,,4775031000,,,,,,,,,,,제방,567,침수위험지구,19960624,,행정안전부,지리,,477502009004,,,침수위험,,0, [지점번호:마바42702033],,4,,,,001,,,,20001231,,,050,,, ,,,2010/03/30 12:55:40.000000000,,,154,001,
4775025025,,,지방2급하천,,4775025000,,,,,,건설방재과 시설7,0.0,,,,제방,1,"태풍, 호우시 침수위험",20100528,,행정안전부,송생(주방천),,477502010005,,2,제방,,0, ,낙동강,4,,0.0,0.0,001,,,,20141210,정비사업 완료로 재해위험요인 해소,청송군,013,건설방재과 시설9,, ,,,2014/12/22 10:21:20.000000000,,2,,001,
4623025022,,,지방2급하천,0.0,4623025000,,00,,49700.0,20151112,광양읍사무소,150.0,0.0,N,0.0,광양 마산,425,집중호우시 하천범람으로 인한 인근 주택 및 농경지 침수 피해,20090520,20111228,행정안전부,광양 마산,0.0,462302010007,0.0,,상습침수,,0, [지점번호:라라06556462],,4,안전총괄과장,2.0,50.0,001,0.0,,,20170914,,광양시청,013,안전총괄과,0,,20090520,,2017/11/03 12:53:13.000000000,,2,,001,마산마을이장
4623033024,,,사유림,0.0,4623033000,,00,,2921.0,20151112,옥곡면사무소,150.0,0.0,N,0.0,옥곡 명주,1280,붕괴위험,20100514,20111228,행정안전부,옥곡 명주,0.0,462302010008,0.0,,붕괴위험,,0,전라남도 광양시 옥곡면 명주1길  27    ,,4,안전총괄과장,2.0,50.0,002,0.0,,,20170914,,광양시청,016,안전총괄과,0,,20100514,,2017/11/03 12:52:57.000000000,,1,1,001,명주마을이장
4623036021,,,사유림,0.0,4623036000,,00,,8224.0,20151112,다압면사무소,0.0,0.0,N,0.0,다압 신원2,538,붕괴위험,20100514,20111228,행정안전부,다압 신원2,0.0,462302010009,0.0,-1,붕괴위험,,0,전라남도 광양시 다압면 섬진강매화로  1251    ,,4,안전총괄과장,0.0,0.0,002,0.0,,,20181101,,,016,안전총괄과,0,,20100524,,2018/10/31 21:08:44.000000000,,1,5,001,원동마을이장
4623010800,,,지방도,0.0,4623054000,,00,,0.0,20151112,광영동사무소,0.0,0.0,N,0.0,광영 하광,752,광영하광지역 도로 및 택지 침수,20110425,,행정안전부,광영 하광,0.0,462302011011,0.0,,"광양만 수위 상승시 해수에 의한 지방도 861호선 전폭(4차선)침수
 택지 침하로 인한 기존 설치 우수관로 이탈및 용량부족 등으로 내수배제 불량
 우수관로 재정비 및 강제배수시설 설치",,0, [지점번호:라라20616283],,4,건설방재과장,0.0,0.0,001,0.0,,,20141029,재해위험지구 정비사업 완료,광양시청,002,건설방재과,, ,,,2015/12/11 13:51:39.000000000, ,1,,001,하광마을 통장
4623035024,,,사유림,0.0,4623035000,무접섬 일원,00,,20494.0,20151106,진월면사무소,0.0,0.0,N,0.0,진월 선소1,258,급경사지 붕괴위험,20120801,20111228,행정안전부,진월 선소1,0.0,462302012012,0.0,19,"급경사지 붕괴로 인한 주택,인명 피해 우려",,0,전라남도 광양시 진월면 선소중앙길  70    ,기타,4,안전총괄과장,0.0,0.0,002,0.0,,,20170914,,광양시,016,안전총괄과,0,무접섬 일원,20080801,,2017/11/03 12:52:14.000000000,,1,10,001,선소마을이장
4623010800,,,기타,0.0,4623054000,,00,,0.0,20151112,시설관리과,150.0,0.0,N,0.0,태인 장내,305,태인장내지역 주택침수,20060315,,행정안전부,태인 장내,0.0,462302013013,0.0,,"해면 매립으로 인한 기존 설치 우수관 이탈로 우수배제불량
 광양만 수위상승시 집중호우로 인한 내수배제 불량
 우수관 재정비 및 배수펌프장 설치",,0, ,,4,건설방재과장,2.0,50.0,001,0.0,,,20121226,,시설관리과,050,건설방재과,, ,,,2015/12/11 13:51:50.000000000, ,1,35,001,광영동 8통이장
4623036021,,,지방관리,0.0,4623036000,,00,,0.0,20151112,시설관리과,0.0,0.0,N,0.0,다압 신원,542,주택 및 농경지 침수,20060315,,행정안전부,다압 신원,0.0,462302013014,0.0,5,집중호우시 우수배제 불량으로 주택 및 농경지 침수,,0, [지점번호:라라21587431],섬진강,4,건설방재과장,0.0,0.0,001,0.0,,,20121226,재해위험지구 정비사업 완료,광양시청 시설관리과,010,건설방재과,, ,,,2015/12/11 13:51:54.000000000, ,2,4,001,신기마을이장
4623034027,,,지방관리,0.0,4623034000,,00,,0.0,20151112,진상면,0.0,0.0,N,0.0,진상 청암,1603,농경지 침수위험 지구,19990624,,행정안전부,진상 청암,0.0,462302013015,0.0,19,외수위가 농경지보다 높야 자연배수 불량에 따른 농경지 침수,,0,전라남도 광양시 진상면 삼정길  1    ,기타,4,건설방재과장,2.0,0.0,001,0.0,,,20101015,재해위험지구 정비사업 완료,광양시,010,건설방재과,, ,,,2015/12/11 13:52:01.000000000, ,3,,001,
4723011300,,,기타,,4723000000,,,,1.0,,안전재난하천과 시설6급 ,,,,,배수로,10,홍수시 배수로 침수,19960712,,,완산지구,,472302013008,,-1,홍수시 배수로 침수,,0, [지점번호:마마32387521],,4,안전재난하천과 시설5급,,,001,,,,20060116,,안전재난하천과,050,안전재난하천과 시설6급 ,0,,,,2024/04/09 15:13:55.000000000,,3,,,
4723011500,,,지방2급하천,,4723000000,,,,1.0,,안전재난하천과 시설6급 ,,,,,제방,100,홍수시 제방월유 및 유실,19960712,,,작산지구,,472302013009,,2,제방유실,,0, [지점번호:마마30877354],낙동강,4,안전재난하천과 시설5급,,,001,,,,20060116,,안전재난하천과,013,안전재난하천과 시설6급 ,0,,,,2024/04/09 15:13:12.000000000,,3,,,
4723039022,,,기타,0.0,4723000000,일원,02,,1800.0,20131119,안전재난하천과 시설6급 ,200.0,0.0,Y,1.0,소하천(원곡천),728,하폭 및 제방고 부족,20131119,20131205,,원곡지구,0.0,472302014010,0.0,2,침수 및 농경지 피해,,0, [지점번호:마마34736357],낙동강,4,안전재난하천과 시설6급,1.0,0.0,001,0.0,,,20180131,,안전재난하천과,050,안전재난하천과 시설7급 ,0,일원,20030115,2013,2024/04/09 15:06:06.000000000,소하천기본계획,2,1,,
5275036025,,지방하천,지방2급하천,0.0,5275036000,,02,4575036025105990000104526     ,1230000.0,19960823,안전관리과 지방시설6급,200.0,28.0,N,0.0,옥녀동천,599,미 개수 하천으로 일우량 200mm 이상시 상습침수 지역임.,19960823,,행정안전부,조월,0.0,457501998001,0.0,5,제방 통수단면 부족으로 집중호우시 하천 범람으로 상습침수피해 발생,,0,,섬진강,4,안전관리과 지방시설5급,5.0,30.0,005,13.0,,,20150423,정비완료,임실군,013,안전관리과 지방시설6급,0,,,,2021/06/08 13:15:09.000000000,,3,0,001,임실군 신덕면 조월리장
5275039023,,유실위험,지방2급하천,0.0,5275000000,,02,4575039023101150000104878     ,730000.0,19960823,안전관리과 지방시설6급,180.0,24.0,N,0.0,갈담천,115,미개수 하천으로 일우량 180mm 이상시 상습침수 지역임.,19960823,,행정안전부,회진,0.0,457501998002,0.0,5,"미개수 하천으로 제방단면이 부족하여 집중호우시 하천이 범람되어 상습침수피해가 빈발하는 지구이며 자체제빙누수로 인한 제방붕괴 위험이 상존하여 하천개수가 요구됨.
 하천정비기본계획에 의하여 현하폭 40m를 계획하폭 60m로 확장정비.",,0,,섬진강,4,안전관리과 지방시설5급,3.0,30.0,005,13.0,,,20181005,정비완료,임실군,013,안전관리과 지방시설6급,0,,,,2021/06/08 13:15:01.000000000,,2,0,001,강진면 갈담이장
5275036029,,소하천,군천,0.0,5275036000,,02,4575036029108870004111719     ,110000.0,20060313,안전관리과 지방시설6급,150.0,26.0,N,0.0,시목천,515,미개수 하천으로 하천폭이 부족하고 교량 여유고 부족,20060313,,행정안전부,오궁,0.0,457502006001,0.0,5,통수단면 부족으로 집중호우시 하천 범람으로 침수및 유실 피해 우려,,0,축사,섬진강,3,안전관리과 지방시설5급,3.0,30.0,005,14.0,,,,,임실군,042,안전관리과 지방시설6급,0,축사,,2006,2021/06/08 13:14:55.000000000,,2,0,001,오궁리 중촌리장
5275033024,,국가하천,국가하천,0.0,5275033000,,02,4575033024102260005111101     ,200000.0,20060313,안전관리과 지방시설6급,150.0,54.0,N,0.0,섬진강,226,하천제방의 여유고 부족으로 재해위험상존,20060313,,행정안전부,원천,0.0,457502006003,0.0,5,하천 제방의 여유고 부족 및 무제부 구간으로 인한 하천 범람,,0,,섬진강,4,안전관리과 지방시설5급,3.0,30.0,001,27.0,,,20150423,정비완료,안전관리과,011,안전관리과 지방시설6급,0,,,2006,2021/06/08 13:14:48.000000000,,2,5,001,원천리 이장
5275034027,,지방하천,지방1급하천,0.0,5275034000,,02,4575034027105960000131970     ,80000.0,20060313,안전관리과 지방시설6급,150.0,37.0,N,0.0,둔남천,596,"하천폭 및 여유고 부족, 세월교 등 으로 재해위험상존",20060313,,행정안전부,오봉,0.0,457502006004,0.0,5,하천폭이 협소하고 통수단면 부족구조물 등에 의한 하천의 제방 및 농경지 유실 피해 발생,,0,,섬진강,4,안전관리과 지방시설5급,3.0,30.0,005,12.0,,,20150423,정비완료,임실군,012,안전관리과 지방시설6급,0,,,2006,2021/06/08 13:14:42.000000000,,3,1,001,오봉리 이장
5275038032,,지방하천,지방1급하천,0.0,5275038000,,02,4575038032106540001120233     ,310000.0,20060313,안전관리과 지방시설6급,150.0,25.0,N,0.0,섬진강천,654,하천폭 및 여유고 부족으로 재해위험상존,20060313,,행정안전부,방수,0.0,457502006005,0.0,5,하천 제방의 여유고 부족 및 부적절한 하천 부속시설물,,0,,섬진강,4,안전관리과 지방시설5급,3.0,30.0,005,14.0,,,20150423,정비완료,임실군,012,안전관리과 지방시설6급,0,,,2006,2021/06/08 13:14:37.000000000,,3,1,001,방동리 이장
5275025021,,절개지,사유림,0.0,5275000000,,02,4575025021104530000117998     ,11000.0,20150514,안전관리과 지방시설6급,200.0,13.0,N,0.0,성가 사면,453,붕괴위험,20100514,,,성가지구,0.0,457502011006,0.0,-1,우기시 추가붕괴 가능성이 있으며 사면 상하부에 인가가 위치하여 인명피해 및 재산피해가 예상됨,,0,,,1,안전관리과 지방시설5급,3.0,30.0,002,7.0,,,,,임실군,016,안전관리과 지방시설6급,0,,,2010,2024/11/26 10:10:47.000000000,,2,0,,임실읍 상성리장
5275032027,,지방도 인공사면,지방도,0.0,5275000000,,02,,9000.0,20100514,안전관리과 지방시설9급,150.0,0.0,Y,0.0,급경사지,32,집중호우시 토사사면 추가 붕괴우려,20100514,,,입석,0.0,457502011007,0.0,-1,우기시 추가붕괴 가능성이 있으며 상단 거암들의 형태가 불안정적으로 낙석피해 예상,,1,,,4,안전관리과 지방시설5급,3.0,30.0,002,0.0,,,20240226,공사완료,임실군,002,안전관리과 지방시설6급,0,,,,2024/11/07 15:50:25.000000000,,2,1,,입석리장
5275034030,,,지방1급하천,0.0,5275034000,,02,4575034030110050011127364     ,199000.0,20150514,안전관리과 지방시설6급,150.0,8.0,N,0.0,둔남천,1005,미개수하천으로 집중호우 시 위험,20100514,,행정안전부,오류,0.0,457502011008,0.0,5,하천폭 및 여유고 부족으로 집중호우시 주택 및 농경지등 침수피해,,0,,섬진강,1,재난관리과 지방시설5급,3.0,30.0,001,2.0,,,,,임실군,012,재난관리과 지방시설6급,0,,,,2021/06/08 13:14:22.000000000,,3,11,001,오류리장
2920010700,,,,,2920000000,,,,172384.0,20221229,광산구,259.0,,,,송정 자연재해위험개선지구,41,하천 옆 저지대 및 인근 지역 개발로 불투수층 증가에 따라 황룡강 수위상승 시 내수배제 불가,20221229,,,송정 자연재해위험개선지구,,292002024018,,019,황룡강 수위상승 시 내수배제 불가,,0,,기타,1,치수방재과 방재시설관리팀장,2020.0,52.0,001,,,,,,광산구,-1,광주광역시 광산구청 치수방재과,0,,,2022,2025/02/25 15:39:04.000000000,,2,2,,
3171034029,,,기타,,3171000000,,02,3171034029106680006022377     ,125899.0,20240101,울주군청 안전총괄과 지방시설주사보,,,N,,웅촌 오복 자연재해위험개선지구,668,"대복천 월류 위험 및 내수배제 불량에 따른 침수피해 발생 지역에 제방정비, 우수관로 개선, 펌프장 신설 등으로 군민의 생명과 재산 보호",20240523,20111129,,오복,,317102024011,,19,대복천 월류 위험 및 내수배제 불량에 따른 침수피해,,0,오복마을 일원,기타,1,울산광역시 자연재난과 지방시설주사,,,001,,,,,,울주군청,050,울주군청 안전총괄과 지방시설주사보,0,오복마을 일원,,2024,2024/05/27 09:45:26.000000000,,2,6,,웅촌 오복마을 이장
4686032030,,,지방관리,,4686000000,,,4686032030110210020016642     ,104125.0,,지방시설서기,,40.0,,,신광 자연재해위험개선지구,202,면소재지 침수위험 대비,20181022,,,신광지구,,468602019016,,4,하폭 및 제방여유고 미확보로 호우시 통수단면이 부족하여 하천구조물 설치구간 병목현상 발생으로 하천범람에 따른 침수피해,,0,,영산강,2,시설5급,,,001,15.0,,,,,함평군,010,시설7급,0,,,2017,2024/04/13 17:49:49.000000000,,1,0,,
4687035030,,침수위험지구,지방관리,0.0,4687000000,,02,4687035030106310000014680     ,23355.0,,안전관리과 시설6급,,12.0,Y,,지방하천,631,우기철 집중호우 및 태풍 내습 시 하천범람 및 하천 외수위 상승시 내수배제 불량으로 상습적으로 침수가 발생하여 인명 및 재산손실 등의 우려가 있음,20190726,20110711,,남창지구,0.0,468702019025,,019,"교량 3개소, 경간장 부족으로 홍수위 상승 가중, 호안 미설치로 제방 포락발생 및 도로 유실위험, 제내지측 주거지 침수 피해 위험",,0,,기타,1,안전관리과장 행정5급,,,001,7.0,,,,,영광군청,010,안전관리과 시설7급,0,,19920101,,2023/05/09 17:49:09.000000000,남창천(지방하천),2,0,,
4833010600,,,기타,,4833000000,,02,4833010600104120001058565     ,38085.0,,지방시설주사보,267.0,318.0,,3.38,북부지구,412,집중호우 발생시 교량부 월류 및 저지대 침수,20200814,,,북부지구,,483302020019,,2,저지대 및 교량형하고 부족,,0,,낙동강,2,지방시설주사,3.0,78.0,001,159.0,,,,,양산시청,050,지방시설주사보,0,,,2020,2024/03/22 10:42:11.000000000,,2,1,,
4824035023,5.0,,지방2급하천,,4824000000,,,,330000.0,,곤양면행정복지센터,,,,,곤양천,75,우기시 침수로 인한 지역주민의 재산 및 인명피해 발생 우려(지정 예정),20210831,,,서정,,482402021026,,-1,우기시 내수배제 불량으로 침수현상 발생,,0,,,1,재난안전과,,,001,,0.0,10.0,,,사천시청,013,재난안전과,0,,,,2024/03/22 12:09:14.000000000,,2,2,,
4677035025,,,군도,,4677000000,,,,100422.0,,재난안전과 시설6급,,,N,,신흥교,3152,교량 노후로 안전사고 위험,20210831,,,해창만3,,467702022029,,-1,"하천 횡단교량이 노후와 통수단면 부족으로 유수 소통에 지장을 초래하고 있어 홍수시 주변 주택, 농경지 침수위험 상존",,0,,,2,재난안전과 시설5급,,,003,,,,,,고흥군,004,재난안전과 시설6급,0,,,,2024/09/29 16:45:00.000000000,,1,1,,
4785033041,,,지방2급하천,,4785000000,,00,4785033041104560001025983     ,224239.0,20230510,건설과 시설7,,,Y,,한천,456,침수위험지구,20230428,,,심곡,,478502023006,,2,- 태풍 및 집중호우 등 강우 발생시 한천(지방하천) 외수위 상승에 기인하여 저지대에 위치한 심곡지구 내 발생 유출수의 원활한 내수배제가 이루어지지 못함,,0,,낙동강,1,건설과 시설6,,,001,,,,,,칠곡군,013,건설과 시설7,0,,20230428,,2024/04/08 16:10:52.000000000,하천기본계획,2,1,,심곡리장
2920014600,,,,,2920000000,,,,1185903.0,20221229,광산구,259.0,,,,평동 자연재해위험개선지구,1267,"하천 옆 저지대에 위치하며, 저류지의 강제배수시설 및 하수관로의 역류방지 시설이 없어 황룡강 수위 상승 시 배수불능 및 역류로 침수",20221229,,,평동 자연재해위험개선지구,,292002024022,,4,"하천 옆 저지대에 위치하며, 저류지의 강제배수시설 및 하수관로의 역류방지 시설이 없어 황룡강 수위 상승 시 배수불능 및 역류로 침수",,0,,영산강,1,치수방재과 방재시설관리팀장,2020.0,52.0,001,,,,,,광산구,-1,광주광역시 광산구청 치수방재과,0,,,2022,2025/02/25 15:41:18.000000000,,2,0,,
4479036025,,상습침수,지방2급하천,0.0,4479000000,,00,,400000.0,20151202,장평면 지방시설9급,150.0,0.0,N,0.0,낙지천,1,상습위험,20080922,,,낙지지구,0.0,447902008012,0.0,3,상습침수,,0,,금강,4,안전총괄과장,10.0,30.0,001,0.0,,,20091231,,장평면,013,청양군 지방시설8급,0,,,,2023/04/24 09:49:28.000000000,,2,,,
5211311200,5.0,,기타,0.0,5211361200,,02,,41200.0,20150303,우아2동장,222.0,64.0,Y,0.0,금상천,1280,침수위험,20150904,20121030,,금상지구,0.0,451132015006,0.0,9,"집중호우시 일부 제방 구간의 제방 여유고 부족, 통수능 부족, 만곡부 세굴, 하천범람 등",,0, [지점번호:다마71466121],만경강,3,안전정책과장,4.0,0.0,001,25.0,,3.0,,,안전정책과,050,안전정책과 자연재난팀장,0,,20161130,2015,2023/10/08 19:23:59.000000000,전주시 소하천 기본계획,2,4,,
5211312200,,,기타,0.0,5211364100,,02,,213200.0,20150303,송천2동장,68.0,1440.0,Y,1.0,송천1지구,1217,침수위험,20150904,20121030,,송천1지구,0.0,451132015007,0.0,-1,집중호우시 전주천의 수위상승 및 도심개발에 따른 투수면적 감소 및 도달시간 단축으로 기존 배수로의 통수능 부족에 따른 침수피해 발생 우려,,0, [지점번호:다마64906361],,3,시민안전담당관,2.0,30.0,001,411.0,,,,,시민안전담당관,050,시민안전담당관 담당,0,,20150619,2015,2023/05/10 15:35:09.000000000,풍수해저감종합계획,2,0,,
2772031034,,,지방도,0.0,2772031000,,00,,1800.0,20150724,안전건설과,155.0,0.0,N,1.0,국지도 68호선(도로사면),4,사면약화 및 사면붕괴 위험,20150413,,국토교통부,봉소2,0.0,477202015020,0.0,-1,사면붕괴 및 낙석,,1,,,4,안전건설과,10.0,0.0,002,0.0,,,20191017,사업완료로 인함,군위군,002,안전건설과,0,,,,2019/10/28 11:07:44.000000000,,3,2,005,이장
4687025322,,,지방관리,0.0,4687000000,,02,4687025322107730005018378     ,115400.0,20150817,안전관리과 시설6급,0.0,80.0,Y,0.0,지방하천,773,제방고가 낮고 하폭 협소,20150817,20110711,,길용지구,0.0,468702015022,0.0,19,"제방고가 낮고, 하폭 협소 등",,0,,기타,4,안전관리과장 행정5급,0.0,0.0,001,38.0,,,,,영광군청,010,안전관리과 시설7급,0,,20081119,2015,2023/05/08 08:44:30.000000000,길용천 하천기본계획,3,5,,길용1리 이장
4687034027,,,지방관리,0.0,4687000000,,00,4687034027110060000017394     ,183500.0,20150625,안전관리과 시설6급,0.0,13.0,N,0.0,지방하천,1006,우수배제불량 및 배수펌프장 용량부족,20150817,,,만금지구,0.0,468702015023,0.0,19,"우수배제불량, 통수단면부족, 배수펌프장 용량 부족",,0,,기타,4,안전관리과장 행정5급,0.0,0.0,001,5.0,,,20240527,,영광군,010,안전관리과 시설7급,0,,20150817,2015,2024/06/07 11:16:23.000000000,,3,0,,
5173036034,,,지방2급하천,0.0,5173036000,일원,02,,63233.0,20150730,시설7급,0.0,0.0,N,0.0,금계천,535,침수피해 예방.,20150403,20120515,행정안전부,매곡지구,0.0,427302015018,0.0,1,집중호우에 따른 교량범람으로 침수피해,,0,"강원도 횡성군 공근면 공근남로  10-3, 일원  ",한강,3,시설5급,0.0,0.0,001,0.0,,,,,횡성군,013,시설7급,0,,,,2021/07/15 15:06:43.000000000,,2,4,001,매곡리장
4471025028,,,지방2급하천,0.0,4471000000,청정인삼,02,,71800.0,20150821,군민안전과 시설7,200.0,46.0,Y,1.0,금산천,330,"집중호우시 가옥, 농경지 침수 우려",20150706,20160601,,양지지구,0.0,447102015008,4305.0,3,"하천 미개수로 인한 집중호우시 가옥, 농경지 침수우려",,0,"충청남도 금산군 금산읍 와정길  58 , 청정인삼  ",금강,3,군민안전과장,3.0,50.0,001,33.0,,,,,금산군청,013,군민안전과 시설7,0,,20161010,2015,2024/04/04 09:34:04.000000000,금산천 하천정비 기본계획,2,1,,양지리 이장
4425010100,,,지방관리,0.0,4425051000,,02,,5000.0,20110112,시설7급,0.0,0.0,N,0.0,천마산 등산로,15,수해로 인한 산사태붕괴우려,20110809,20131108,산림청,금암지구,0.0,442502011003,0.0,,산사태붕괴,,1, [지점번호:다바77870802],,4,시설6급,0.0,0.0,002,0.0,,,20130628,자연재해 위험지구 정비사업 완료,,010,시설7급,0,,20110809,2011,2017/01/20 14:42:32.000000000,,1,1,004,
4476042026,,상습침수,지방2급하천,0.0,4476042000,,00,,352000.0,20160404,장암면사무소,200.0,0.0,N,0.0,원문천,1,지방 2급 하천으로 일일 강우량 200mm이상시 하천 범람 발생,20020223,,행정안전부,장암,0.0,447600002001,0.0,3,장암면 소재지를 관통하는 하천으로 범람시 소재지 주택 및 농경지 침수 발생,,0,충청남도 부여군 장암면 장암로  113-41   ,금강,4,안전총괄과장,3.0,50.0,001,0.0,,,20070209,장암재해위험지구 정비사업 완료로 재해위험요소 해소,안전총괄과,013,지방시설주사보,0,,,,2021/06/14 16:00:49.000000000,,2,,001,
4476039027,,상습침수,지방2급하천,0.0,4476039000,,00,,781000.0,20160404,충화면사무소,200.0,0.0,N,0.0,칠산천,1,일일 강우량 200mm이상시 농경지 침수 발생,20020223,,행정안전부,충화,0.0,447600003001,0.0,-1,복금저수지 상류지역으로 일일 강우량 200mm이상시 인근 농경지 83ha 침수 피해 발생,,0,,,4,안전총괄과장,3.0,50.0,001,0.0,,,20130820,정비사업 완료로 재해위험요소 해소,건설과,013,지방시설주사보,0,,,,2021/06/14 16:00:16.000000000,,2,,001,
4782031031,,,지방2급하천,0.0,4782000000,,02,,166164.0,20150403,각남면장,120.0,30.0,Y,1.0,청도천,1268,상습 침수,20150403,20140926,,질매끝지구,0.0,478202015009,0.0,2,침수,,0,,낙동강,4,안전건설과,1.0,25.0,001,23.0,,,20231018,정비사업 완료,청도군청,013,안전건설과,0,,20120430,2015,2023/12/20 10:26:57.000000000,청도천 하천기본계획(변경),2,1,,칠성1리장
4782025338,5.0,,지방2급하천,0.0,4782025300,,02,,291879.0,20150403,청도읍장,120.0,210.0,Y,1.0,청도천,611,상습 침수,20150403,20140926,국토교통부,유호지구,0.0,478202015010,0.0,2,침수,,0,,낙동강,4,안전건설과,1.0,26.0,001,100.0,0.0,5.0,,,청도군청,013,안전건설과,0,,20120430,2015,2021/06/04 17:25:10.000000000,청도천 하천기본계획(변경),1,9,005,유호2리장
4688040025,,,소교량,0.0,4688040000,,02,,0.0,20100517,북하면 총무담당,200.0,47.0,N,0.0,북두교,593,유수소통에 장애,20100517,,국토교통부,약수지구,0.0,468802011004,0.0,4," ·통수단면이 부족한 기존교량 철거 및 신설
 ·기존 교량 및 호안 노후로 집중호우시 제방의 유실 위험
 ",,0, [지점번호:다마43581399],영산강,4,재난안전실장,5.0,150.0,005,20.0,,,,,,048,재난안전실 방재담당,0,,20100517,2010,2016/07/13 11:56:54.000000000,,3,1,005,약수리 이장
4683025030,,외수,지방2급하천,0.0,4683025000,,00,,0.0,20151201,영암읍사무소,90.0,0.0,N,0.0,"영암천,망호천",834,하천미개수로 외수침수에 의한 농경지 상습침수,19971011,,행정안전부,망호,0.0,468302000005,0.0,4,하천이 미개수된 지역으로 현 하폭이 140m이나 제방이 축조되지 않아 인근 농경지 침수,,0, [지점번호:다라24974655],영산강,4,영암군청 건설재난과,2.0,20.0,001,0.0,,,20130927,정비사업 완료,영암군청 건설방재과,013,영암군청 건설재난과,, ,,,2015/12/01 16:28:41.000000000, ,3,8,001,
4683037027,,외수,지방2급하천,0.0,4683037000,,00,,0.0,20151201,서호면사무소,80.0,0.0,N,0.0,학산천,1001,제방단면부족으로 농경지 침수 및 상습침수,19941025,,행정안전부,학파,0.0,468302000006,0.0,4,하천제방이 축조되지 않은 지역으로 현 하폭이 160m이나 하천의 범람으로 인근 농경지 침수,,0, [지점번호:다라16484402],영산강,4,영암군청 건설재난과,1.0,20.0,001,0.0,,,20130927,정비사업 완료,영암군청 건설방재과,013,영암군청 건설재난과,, ,,,2015/12/01 16:26:15.000000000, ,3,17,001,
4688025024,,산사태,사유림,0.0,4688025000,,00,,0.0,20150629,장성읍 개발담당,200.0,0.0,N,0.0,오동산,1,토사유출로 인한 가옥붕괴 우려,19960724,,산림청,영천지구,0.0,468802000001,0.0,,사방정비 사업 완료로 뚜렷한 위험요인은 없으나 주요 구조물 및 배수상태 수시 점검 ,,0, [지점번호:다마37300133],,4,안전건설과장,5.0,50.0,002,0.0,,,20150629,정비완료로 재해위험요소 해소,,016,안전건설과 방재담당,, ,,,2015/06/29 12:30:50.000000000, ,3,,004,이장
4688034025,,내수침수,지방2급하천,0.0,4688034000,,00,,0.0,20150629,삼서면 총무담당,150.0,0.0,N,0.0,대도천,1,미개수 하천으로 일우량 150mm 이상시 상습침수피해 빈발,19960724,,국토교통부,대도지구,0.0,468802000002,0.0,,미개수 하천으로 하천급구배 및 제방노후로 인해 제방유실 및 상습침수등의 피해가 빈발하는 지구로 하천개수가 시급함,,0, [지점번호:다라19939418],,4,안전건설과장,2.0,50.0,001,0.0,,,20150629,정비완료로 재해위험요소 해소,,013,안전건설과 총무담당,, ,,,2015/06/29 12:31:39.000000000, ,2,,005,이장
4687034026,,,기타,0.0,4687000000,,02,,1363000000.0,20100101,건설도시과 시설8급,0.0,29.0,N,0.0,가사배수펌프장,820,상습침수,20100430,20110711,,가사지구,0.0,468702010006,0.0,-1,불갑천 수위상승 시 농경지가 낮아 상습적으로 침수되어 농작물 수확량 감소로 이어져 농민들에게 막대한 손실,,0, [지점번호:다라07599533],,4,건설도시과장,0.0,0.0,001,10.0,,,,,영광군청,050,건설도시과 시설7급,0,,,2010,2023/01/18 11:41:42.000000000,,3,13,,군서면 가사리 이장
4688039025,,제방노후,지방2급하천,0.0,4688039000,,00,,0.0,20150629,북이면 총무담당,150.0,0.0,N,0.0,북이천,1,제방노후로 침수피해 발생,20060406,,국토교통부,백암지구,0.0,468802007002,0.0,4,하천급구배 및 제방노후로 일우량 150mm 이상시 제방유실 및 침수,,0,전라남도 장성군 북이면 궁동길  51    ,영산강,4,안전건설과장,5.0,50.0,001,0.0,,,20150629,정비사업 완료로 재해위험요소 해소,,013,안전건설과 방재담당,, ,,,2015/06/29 12:32:21.000000000, ,2,,005,백암리 이장
4688025034,,,지방2급하천,0.0,4688025000,,00,,126575.0,20120102,장성읍 시설,200.0,1760.0,N,0.0,덕진천,878,집중호우 발생시 재해위험 상존,20100517,,국토교통부,덕진지구,0.0,468802011003,0.0,4," ·계획하폭보다 짤고, 계획홍수위 보다 낮아 유수소통에 장애
 ·통수단면이 부족한 기존교량 철거 및 신설",,0,,영산강,4,재난안전실장,5.0,150.0,001,709.0,,,,,,013,재난안전실 방재담당,0,,20100517,2010,2017/08/24 10:19:06.000000000,,2,19,005,상오2리 이장
4688036027,,,지방관리,0.0,4688036000,,00,,0.0,20100517,황룡면 총무담당,200.0,68.0,N,0.0,필암2교,795,유수소통에 장애 등,20100517,,국토교통부,필암지구,0.0,468802011005,0.0,4," ·통수단면이 부족한 기존교량 철거 및 신설
 ·기존 교량 및 호안 노후로 집중호우시 제방의 유실 위험",,0, [지점번호:다마32850118],영산강,3,재난안전실장,5.0,150.0,005,28.0,,,,,,010,재난안전실 방재담당,0,,20100517,2010,2016/07/13 13:14:20.000000000,,3,1,005,필암리 이장
4688040027,,,지방관리,0.0,4688000000,,00,,12450.0,20110526,북하면 행정,100.0,25.0,N,0.0,북하천,1362,홍수범람 위험 상존,20110526,,,성암지구,0.0,468802011006,0.0,4,"북하천 홍수위(EL 108.66m)보다 제방고(EL 107.16m)가 낮고 현재 하폭이 
 기본계획에서 제시된 계획하폭 37m을 확보하지 못해 유수소통 장애로 
 홍수범람 위험이 있음.",,0, [지점번호:다마45591215],영산강,4,재난안전실장,1.0,50.0,001,10.0,,,,,,010,재난안전실 방재담당,0,,20110526,2011,2023/05/23 21:32:46.000000000,,2,1,,성암리 이장
4687032024,,외수,지방2급하천,0.0,4687032000,,02,,190000.0,20100101,안전관리과 시설6급,150.0,61.0,N,0.0,묘량천,1299,- 통수단면 부족으로 집중호우시 주택 및 농경지 상습침수 발생,20011120,20110711,국토교통부,묘량천,0.0,468700001001,0.0,,통수단면이 부족하여 제방유실 및 범람으로 인한 주택 및 농경지 침수피해발생,,0, [지점번호:다라14379728],,4,안전관리과장,2.0,50.0,001,27.0,,,,,전라남도,013,안전관리과 시설6급,0,,19920518,2010,2017/06/13 14:15:40.000000000,묘량천,3,1,005,묘량면 영양1리
4687031026,,외수,지방2급하천,0.0,4687031000,,02,,390000.0,20151102,안전관리과 시설6급,150.0,414.0,N,0.0,와탄천,843,"서해안 만조시 홍수량 배제 불가로 매년 반복, 복구필요",20000420,20110711,국토교통부,와탄천,0.0,468701998001,0.0,,서해안 만조시 홍수량 배제 불가로 내술 에 의한 농경지 침수등 매년 반복 피해로 항구복구가 시급함,,0, [지점번호:다마17840306],,4,안전관리과장,2.0,50.0,001,153.0,,,20090928,침수 피해 해제,영광군,013,안전관리과 시설7급,0,,19920518,2010,2017/06/13 14:15:52.000000000,와탄천,3,2,005,영광읍 우평리 이장
4687033029,,외수,지방2급하천,0.0,4687033000,,02,,165000.0,20011120,안전관리과 시설6급,150.0,30.0,N,0.0,건무천,157,통수단면이 부족하여 월류 및 제방유실요인이 상존하여 복구 필요,20011120,20110711,국토교통부,건무천,0.0,468702001001,0.0,,통수단면이 부족하여 월류 및 제방유실과 붕괴위험 요인이 상존하여 항구복구가 시급함,,0, [지점번호:다라08658983],,4,안전관리과장,2.0,50.0,001,12.0,,,20160225,,영광군청,013,안전관리과 시설7급,0,,19930712,2001,2017/06/13 14:15:07.000000000,건무천,3,1,005,불갑면 생곡리
4687035030,,,기타,0.0,4687000000,,02,,1024200.0,20170512,안전관리과 시설6급,150.0,174.0,N,0.0,군남천,1133,월류 및 제방유실과 붕괴위험 요인이 상존,20000420,20110711,,군남지구,0.0,468702004001,0.0,19,제방고가 낮아 월류 및 제방유실과 붕괴위험요인이 상존하여 항구복구가 시급함,,0, [지점번호:다라03399190],기타,4,안전관리과장 행정5급,2.0,50.0,001,58.0,,,20240527,,영광군청,050,안전관리과 시설7급,0,,20141010,2017,2024/06/07 13:57:12.000000000,군남천,2,1,,군남면 용암리
4687037021,,,지방관리,,4687037000,,,,0.0,,건설도시과 6급,0.0,,,,법성항,1141,해일로 인한 인명및 재산피해,20070525,,행정안전부,법성항,,468702008002,,,해일피해,,0,,,4,건설도시과장,0.0,0.0,006,,,,20100514,,영광군,010,건설도시과 7급,0,,,,2017/06/13 15:23:28.000000000,,1,28,001,
4687025035,,,기타,,4687000000,,02,,93400.0,20100430,안전관리과 시설6급,0.0,414.0,,,와탄천,1107,집중호우시 제방유실 및 월류,20100430,20110711,,와탄지구,,468702010004,,-1,전북구간의 제방고가 높아 개수 완료시 우천으로 인한 수위증가로 인근 농경지 상습 침수 우려,,0,,,4,안전관리과장 행정5급,0.0,0.0,001,153.0,,,20240527,,영광군청,050,안전관리과 시설7급,0,,19920518,2010,2024/06/07 11:14:58.000000000,와탄천,3,,,
4687036027,,,기타,0.0,4687036000,,00,,602000.0,20151102,건설도시과 시설6급,0.0,209.0,N,0.0,두우배수펌프장,585,해수역류로 인한 염해피해,20100430,,행정안전부,두우지구,0.0,468702010005,0.0,,기상악화시 해수역류로 인하여 인근농경지 염해피해 발생 ,,0,전라남도 영광군 염산면 창우로  255    ,,4,건설도시과장,0.0,0.0,001,100.0,,,20160225,정비완료,영광군청,050,건설도시과 시설7급,, ,,,2016/03/31 08:48:58.000000000, ,1,,001,
4679039533,,,지방2급하천,0.0,4679000000,,02,4679039033105800001011196     ,15902.0,20150507,건설교통실 시설6급,0.0,116.0,Y,2.0,내북천,580,상습침수,20150507,20100927,,다곡지구,0.0,467902015016,2638.0,5,제방이 낮고 호안이 일부 서?되지 않아 홍수시 침수 및 유실위험,,0,,섬진강,4,건설교통실 시설4급,0.0,0.0,001,60.0,,,,,화순군청,013,건설교통실 시설6급,0,,20140501,2015,2024/04/14 22:12:45.000000000,내북천 하천정비기본계획,2,1,,다곡마을이장
4831010400,,붕괴위험,국도,0.0,4831054000,,02,,56160.0,20150911,"아주동, 시설9급",150.0,0.0,N,0.0,아주국도,5,집중호우시 법면붕괴로 인한 도로유실 및 인명피해 발생 우려,20010308,20101001,행정안전부,동문지구,0.0,483102002005,0.0,19,도로법면이 급경사 지형으로 암석이 많고 풍화가 진행되고 있어 낙석위험또는 슬라이딩 발생시 통행차량및 인명피해 발생위험 상존,,1, [지점번호:마라11155333],기타,4,"안전총괄과,시설6급",2.0,35.0,002,0.0,,,20180828,,거제시,001,"안전총괄과,시설8급",0,,20101001,,2019/11/05 11:43:44.000000000,,3,8,001,
4831034026,,,기타,0.0,4831000000,,00,,0.0,20151201,거제면 시설9급,150.0,0.0,N,0.0,취락지구,856,내수배제 불량으로 인한 농경지 및 취락지구 침수,20100722,,행정안전부,서정지구,0.0,483102010006,0.0,,"본 지역은 간덕천 하류부에 위치하고 있으며, 또한 거제만내에 위치하여 만조위가 2.1m로 비교적 높고 해일발생의
 우려가 상존함.
 홍수시 만조위와 겹쳐 내수배제가 원활치 못하여 지속적인 취락지역 및 농경지 침수발생",,0, [지점번호:라라98775173],,4,안전총괄과 시설6급,3.0,30.0,001,0.0,,,20150330,,거제시,050,안전총괄과 시설7급,0,,,,2016/07/18 14:21:50.000000000,,2,17,001,
4831037023,,,기타,0.0,4831000000,"외 고현동, 수월동 일원",02,,220000.0,20151116,"수양동, 시설8급",0.0,128.0,N,0.0,취락지구,1373,저지대 농경지 및 건축물 상습침수,20130212,20101001,행정안전부,수월지구,0.0,483102013007,0.0,19,"본 지구는 해수면 만조위(EL 2.28m)시 해수역류 방지를 위해 배수문을 차단하는 지역으로
 호우 시 내수배제가 어려워 주거지(GL 1.8m)등 침수위험 상존","반도한(연초면), 김영희(고현동)",0, [지점번호:마라04235649],기타,4,"안전총괄과,시설6급",0.0,0.0,001,45.0,,,20161130,"배수펌프장, 유수지 건설 등 본사업 완료",거제시,050,"안전총괄과,시설7급",0,"외 고현동, 수월동 일원",20101001,2013,2018/06/25 15:09:43.000000000,,2,72,001,
4831037030,,,지방2급하천,0.0,4831037000,,00,,0.0,20151201,연초면 시설8급,0.0,0.0,N,0.0,송정천,1,침수위험,20010308,,행정안전부,송정지구,0.0,483102013008,0.0,,침수위험,,0, [지점번호:마라08345898],,4,안전총괄과 시설6급,0.0,0.0,001,0.0,,,20110705,정비완료,,013,안전총괄과 시설8급,0,,,,2016/07/18 14:21:17.000000000,,3,,001,
4831010200,,,국도,0.0,4831051000,국도14호선,00,,0.0,20151201,장승포동 시설 9급,0.0,0.0,N,0.0,마전국도,1,붕괴위험,19991105,,행정안전부,마전지구,0.0,483102013009,0.0,,붕괴위험,,0, [지점번호:마라13265317],,4,안전총괄과 시설 6급,0.0,0.0,002,0.0,,,20110705,정비완료,,001,안전총괄과 시설 8급,0,국도14호선,,,2016/07/18 14:21:11.000000000,,3,,001,
4831037023,,,기타,0.0,4831037000,임전마을,00,,0.0,20151201,연초면 시설 8급,0.0,0.0,N,0.0,임전마을,1,침수위험,20010308,,행정안전부,임전지구,0.0,483102013010,0.0,,침수위험,,0, [지점번호:마라05965719],,4,안전총괄과 시설 6급,0.0,0.0,001,0.0,,,20060228,정비완료,,050,안전총괄과 시설 8급,0,임전마을,,,2016/07/18 14:20:56.000000000,,1,,001,
4831037023,,,기타,0.0,4831037000,연사마을,00,,0.0,20151201,연초면 시설 8급,0.0,0.0,N,0.0,연사마을,100,침수위험,19960712,,행정안전부,연사지구,0.0,483102013011,0.0,,침수위험,,0,,,4,안전총괄과 시설 6급,0.0,0.0,001,0.0,,,20060228,정비완료,,050,안전총괄과 시설 8급,0,연사마을,,,2016/07/18 14:20:46.000000000,,1,,001,
4831025027,,,지방2급하천,0.0,4831025000,수월천,00,,0.0,20151201,수양동 시설 8급,0.0,0.0,N,0.0,수월천,1,침수위험,19991105,,행정안전부,수월지구,0.0,483102013013,0.0,,침수위험,,0, [지점번호:마라07165626],,4,안전총괄과 시설 6급,0.0,0.0,001,0.0,,,20110705,정비완료,거제시,013,안전총괄과 시설 8급,0,수월천,,,2016/07/18 14:20:25.000000000,,2,,001,
4833032022,,,지방관리,,4833032000,,,,10000.0,,원동면 토목9,0.0,,,,당곡천,883,신곡제방을 정비하여 마을 주택및 농경지 침수 등 재해예방,20060511,,국토교통부,신곡지구,,483302006001,,-1,"신곡천은 낙동강 배수위 영향을 받는 하천으로 제방정비가 되지 않아 신곡마을 일부가 태풍 및 집중호우등
 낙동강 홍수시 상습 침수 피해 발생",,0,,,4,재난관리과 토목6,0.0,0.0,001,,,,20141203,정비사업 완료로 위험요소 해소,양산시청(건설과),010,재난관리과 토목7,0,,,,2021/06/21 20:03:15.000000000,,2,2,005,신곡이장
4833033021,,,시도,,4833033000,,,4833033021100320001015462     ,10000.0,,전기9급,0.0,,,,내수침수,32,우수기 상북석계지구 일대 침수예방,20060511,,환경부,상북지구,,483302006002,,-1,우수기시 상북면 석계리 32번지 인근지역 상습 침수,,0,,,4,재난관리과 토목6,0.0,0.0,001,,,,20120503,,양산시청(하수과),003,재난관리과 토목7,0,,,,2021/06/21 19:54:49.000000000,,1,1,013,주민
4833010700,,,기타,,4833052000,,,4833010700102900000063543     ,480000.0,,농업 8급,0.0,,,,내수침수,290,우수기시 부성주유소 인근지역 상습 침수,20060511,,행정안전부,북정지구,,483302006003,,-1,펌프장 산설로 내수배제,,0,,,4,재난관리과 토목6,0.0,30.0,001,,,,20120503,,삼성동사무소,050,재난관리과 토목7,0,,,,2021/06/21 19:49:28.000000000,,1,0,001,통장
4833025321,,,지방도,,4833025300,,,,20000.0,,물금읍(총무과) 토목9급,0.0,,,,1022호,26,물금읍 서부마을 일대에 호우시 야산으로부터 빗물과 토사의 유입,20060511,,국토교통부,서부지구,,483302006004,,-1,호우시 우수배제의 미흡으로 인한 사면붕괴로 대량의 인명피해 발생가능성 존재,,1, [지점번호:마마34650280],,4,재난관리과 토목6,0.0,0.0,002,,,,20120503,정비사업 완료에 따른 위험요인 해소,양산시청(물금읍),002,재난관리과 토목7,0,,,,2021/06/21 19:40:16.000000000,,2,6,005,주민
4833032021,,,기타,,4833032000,,,,,,,,,,,배수펌프장,857,저지대로 강우시 침수위험,19900601,,행정안전부,원리지구,,483302013014,,19,침수위험 해소,,0, [지점번호:마마28780884],기타,4,,,,001,,,,20030629,배수펌프장 설치로 침수위험해소,,050,,, ,,,2013/06/05 17:13:28.000000000,,2,28,001,
4833032026,,,지방관리,,4833032000,,,,150.0,,원동면 토목9,0.0,,,,단장천,118,관광유원지 및 주택이 있어 집중호우 등 강우시 재해위험이있음,20060511,,국토교통부,태봉지구,,483302006005,,-1,본 하천은 세월교를 건너 농경지 및 주택이 있어 집중호우 등 강우시 수해의 위험성이 있어 정비 필요,,0, [지점번호:마마36692614],,4,재난관리과 토목6,0.0,0.0,004,,,,20120503,정비사업 완료로 위험요인 해소,양산시청(건설과),010,재난관리과 토목7,0,,,,2021/06/21 19:57:35.000000000,,2,6,005,장선이장
4833031000,,,지방관리,0.0,4833031000,,00,,89000.0,20151103,토목8급,0.0,0.0,N,0.0,수영강,,동면 법기리 수영강 일대에 폭우시 하천이 범람,20060511,,국토교통부,수영강지구,0.0,483302006008,0.0,-1,수영강과 인접 농경지및 주택 침수,,,,,4,재난관리과 토목6,0.0,0.0,001,0.0,,,20180718,,양산시청(건설과),010,재난관리과 토목7,0,,,,2021/06/21 19:36:26.000000000,,2,,005,창기이장
4833032026,,,지방관리,,4833032000,,,,200.0,,원동면 토목9,0.0,,,,단장천,573,관광유원지가 있어 집중호우 등 강우시 재해 위험이 있음,20060511,,국토교통부,장선지구,,483302006009,,-1,관광유원지 진입시 세월교로 통행하므로 집중호우 등 가우시 재해위험,,0, [지점번호:마마35782430],,4,재난관리과 토목6,0.0,0.0,004,,,,20120503,정비사업 완료에 따른 위험요인 해소,양산시청(건설과),010,재난관리과 토목7,0,,,,2021/06/21 19:58:40.000000000,,2,,005,장선이장
4833025324,,,지방도,,4833025300,,,,320000.0,,지방시설주사,,,,,도로법면,2271,인장균열로 붕괴 우려,20100416,,국토교통부,범어지구,,483302011010,,-1,인장균영로 붕괴 우려,,0, [지점번호:마마38490624],,4,지방시설주사,,,002,,,,20130310,정비사업 완료로 재해위험요소 해소,양산시,002,지방시설주사보,0,,,,2021/06/21 19:44:46.000000000,,2,29,005,마을이장
4833032022,,,지방관리,,4833032000,,,,310000.0,,,0.0,,,,당곡천,376,지방도로 침수,20130308,,국토교통부,당곡지구,,483302013011,,-1,"낙동강홍수시 배수위 영향으로 농경지, 건물 및 지방도로 침수
 ",,0, [지점번호:마마27660940],,4,,0.0,0.0,001,,,,20180718,,,010,,0,,,,2021/06/21 20:04:01.000000000,,2,,005,
4833031025,,,지방1급하천,,4833031000,,,,60000.0,,,,,,,다방천 세월교,761,다방천세월교로 강우시 고립위험,20060511,,행정안전부,내송지구,,483302013012,,-1,강우시 고립위험 해소,,0, [지점번호:마마41450442],,4,,,,004,,,,20090819,교량 재가설로 위험요인 해소,,012,,0,,,,2021/06/21 19:34:25.000000000,,1,3,001,
4833032025,,,지방1급하천,,4833032000,금천교,,,150.0,,,,,,,단장천 금천교,102,단장천세월교 강우시 고립위험,20060511,,국토교통부,대리지구,,483302013013,,19,고립위험 해소,,0, [지점번호:마마34392148],기타,4,,,,004,,,,20090819,교량재가설로 고립해제,,012,,0,금천교,,,2021/06/21 19:56:31.000000000,,1,2,005,
4792034021,,상습침수지역,지방지정,0.0,4792034000,,02,,160000.0,20051006,춘양면장,250.0,38.0,N,0.0,내운곡지구,1,집중호우시 하천월류로 저지대등의 주거지역이 상습침수됨,20051006,20061221,행정안전부,내운곡,0.0,479202006001,0.0,2,"하천폭협소, 제방고가 낮으며 집중호우시 유량증가로 유수소통이 원활치 못하여 하천이 월류함",,0, [지점번호:마바27458490],낙동강,4,안전건설과장,5.0,0.0,001,18.0,,,,,봉화군,034,방재복구담당,0,,,2005,2021/04/27 10:08:55.000000000,,1,,001,이장
4792037021,,상습침수지역,지방2급하천,,4792037000,,,,,,명호면사무소,250.0,,,,도천지구,1,제방역할을 하는 국도35호선이 너무낮아 상습침수됨.,20051006,,국토교통부,도천,,479202006002,,2,제방역할을 하는 국도35호선이 낮아 집중호우시 상습침수되는 지구임. 주로 명호면소재지 일대가 침수,,0, [지점번호:마바26037727],낙동강,4,건설방재과장,5.0,0.0,001,,,,20121105,국도35호선 숭상,봉화군,013,방재복구담당,, ,,,2013/04/10 15:36:41.000000000,,1,,005,이장
4792025022,,붕괴위험,기타,,4792025000,,,,,,봉화읍장,175.0,,,,큰골지구,1,급경사지 붕괴로 인한 인명피해 우려 지구,20051006,,행정안전부,큰골,,479202006003,,,"경사도 1:0.5, 사면표면의 식생상태 및 배수상태가 불량하여 집중호우로 급경사지가 붕괴될경우 인명피해 발생이 우려됨",,0, ,,4,건설방재과장,5.0,0.0,002,,,,20111013,자연재해위험지구 정비사업완료에 따른 지구·지정 해제,봉화군,050,방재복구담당,, ,,,2011/11/07 11:31:16.000000000,,3,,001,"삼계1,2리이장"
4792025031,,붕괴위험,기타,,4792025000,,,,,,봉화읍장,0.0,,,,내성지구,1,급경사지 붕괴위험지구로 인명피해우려지구,20051006,,행정안전부,내성,,479202006004,,,집중호우시 토사가 흘러내려 가옥침수 및 토사유실로 인명 및 재산피해가 우려됨,,0, [지점번호:마바11367821],,4,건설방재과장,0.0,0.0,002,,,,20111013,자연재해위험지구 정비사업완료에 따른 지구·지정 해제,봉화군,050,방재복구담당,, ,,,2011/11/07 11:26:15.000000000,,3,,001,내성1리이장
4792036021,,상습유실,지방2급하천,,4792036000,,,,,,재산면장,150.0,,,,현동지구,1,집중호우시 외수범람으로 인명 및 재산피해가 우려되는 지구,20051006,,국토교통부,현동,,479202006005,,2,"하천호안고가 계획홍수위 보다 낮아 집중호우시 상습침수가 발생. 상부저판높이가 낮은 노후 소교량으로 인해 
유수의 흐름진행을 방해하여 침수 유발",,0, [지점번호:마바33037058],낙동강,4,건설방재과장,3.0,0.0,001,,,,20111013,자연재해위험지구 정비사업완료에 따른 지구·지정 해제,봉화군,013,방재복구담당,, ,,,2011/11/07 11:28:19.000000000,,3,,005,현동1리이장
4792032021,,,지방2급하천,,4792032000,,,,,,행정사무관,250.0,,,,"도로,토일천",11,재해 상습(침수)발생지역,20100511,,행정안전부,봉성지구,,479202011009,,,지방하천인 통일천이 정비가 안되어 협소하고 주변 주택들이 연접하여 침수 위험이 있어 재해위험지구 지정,,0, ,,4,시설사무관,5.0,,001,,,,20111013,자연재해위험지구 정비사업완료에 따른 지구·지정 해제,,013,시설주사,, ,,,2015/04/01 17:41:35.000000000,,1,,001,봉성이장
4792036021,,상습침수지역,지방2급하천,0.0,4792000000,,02,,35000.0,20100511,안전건설과 방재복구팀,250.0,50.0,N,0.0,대내골소하천,11,집중호우시 통수단면 부족으로 하천범람 발생 예상,20100511,20061221,,평기,0.0,479202011010,0.0,2,"소하천인 대내골천 하류부에 재산면 시가지가 협소하여 주차장을 활용하고자 복개를 하여 
 집중호우시 하천범람으로 시가지 침수피해 우려",,0, [지점번호:마바32377025],낙동강,2,안전건설과 방재복구팀장,5.0,0.0,001,20.0,,,,,봉화군,013,안전건설과 방재복구팀,0,,,2010,2024/04/11 11:14:18.000000000,,1,,,
4792039021,,주택및 공공시설 침수,지방2급하천,0.0,4792039000,,02,,40000.0,20100511,안전건설과 하천팀장 / 시설6,250.0,20.0,N,0.0,석개소하천,11,집중호우 발생시 통수단면 부족으로 하천범람 예상,20100511,20061221,행정안전부,석개,0.0,479202011011,0.0,19,소하천인 석개천 하류에 주차장을 위하여 복개를 설치하여 집중호우시 유송잡물 등으로 하천범람 위험이 있음,,0, [지점번호:마바46589543],기타,2,안전건설과 하천팀장 / 시설6,5.0,0.0,001,10.0,,,,,봉화군,013,안전건설과 하천팀 / 시설7,0,,,2010,2021/06/15 15:56:24.000000000,,1,,001,이장
4792033021,,상습침수지역,지방지정,0.0,4792033000,,02,,17000.0,20100511,법전면장,250.0,15.0,N,0.0,법전지구,11,집중호우시 하천범람으로 주거지역의 침수 우려,20100511,20061221,행정안전부,법전,0.0,479202011012,0.0,2,"지방하천인 법전천의 기존 제방이 협소하여 집중호우시 법전면사무소 주변 주택들이 침수위험이 있어 
 주택이주 및 하천정비를 실시하여 해소",,0,,낙동강,4,안전건설과장,5.0,0.0,001,8.0,,,,,봉화군,034,방재복구담당,0,,,2010,2020/11/26 09:58:47.000000000,,1,,001,이장
4792039021,,,기타,0.0,4792039000,,00,,0.0,20151030,석포면장,100.0,0.0,N,0.0,급경사지,1,급경사지로서 낙석등 재해발생 우려,20100511,,행정안전부,반야지구,0.0,479202011014,0.0,,"급경사지를 형성하여 낙석이 자주 발생하고 불합리한 절리 방향성에 대한 구조적 불안정성으로 평면 및 쐐기파괴 가능성이 높으며, 돌출형 종단현상으로 지하수가 유입되어 절미면의 결합력이 약화되어 낙석발생 위험성이 높은 지역임",,0, [지점번호:마바47189673],,4,안전건설과장,1.0,30.0,002,0.0,,,20150924,기타사업(도로확포장사업)으로 재해위험요인 해소,봉화군,050,방재복구담당,0,,,,2016/09/22 08:45:35.000000000,,3,,001,이장
4792039021,,,기타,0.0,4792039000,,00,,0.0,20151030,석포면장,100.0,0.0,N,0.0,급경사지,1,급경사지로서 낙석등 재해발생 우려,20100511,,행정안전부,승부지구,0.0,479202011015,0.0,,"암반사면의 식생상태가 불량하고 풍화가 심사여 암반의 절리 발달이 많아 평면 및 쐐기 파괴가 발생하여 
 도로를 통행하는 주민의 인명피해 발생이 예상됨 ",,0, [지점번호:마바47189673],,4,안전건설과장,1.0,30.0,002,0.0,,,20150924,급경사지붕괴위험지역정비사업으로 재해위험요인 해소,봉화군,050,방재복구담당,0,,,,2016/09/22 08:45:22.000000000,,3,,001,이장
4687037030,,,기타,0.0,4687000000,,02,,192500.0,20100430,건설도시과 시설6급,0.0,60.0,N,0.0,칠암천,629,농경지 및 주택 상습침수,20100430,20110711,,발막지구,0.0,468702010007,0.0,-1,매년 집중호우 시 하천 수위상승 및 배수불량으로 침수,,0, [지점번호:다마07520867],,4,건설도시과장,0.0,0.0,001,30.0,,,20240527,,영광군청,050,건설도시과 시설8급,0,,,2010,2024/06/07 11:14:00.000000000,,3,1,,법성면 용덕리 이장
4687025032,,,기타,,4687025000,,,,,,건설방재과 시설7급,,,,,용산교,168,우천시 붕괴위험,20100430,,행정안전부,와룡지구,,468702010008,,,"정밀안전진단 결과 D급 위험시설, 우천으로 인한 수위상승 시 붕괴위험으로 차량진입 제한과 교량붕괴 위험에 따른 주민불안감 증가",,0, [지점번호:다마10620292],,4,건설방재과장,,,005,,,,20130715,,영광군청,050,건설방재과 시설6급,, ,,,2014/01/03 15:52:44.000000000,,1,,001,
4687025031,,,기타,0.0,4687025000,,02,,456000.0,20100430,건설도시과 6급,0.0,87.0,N,0.0,양평배수펌프장,139,상습침수,20100430,20110711,,양평지구,0.0,468702010009,0.0,-1,침수지역이 지방하천인 영광천과 인접하여 하천 수위 상승으로 침수피해 발생,,0, [지점번호:다마10320235],,4,건설도시과장,0.0,0.0,001,49.0,,,,,영광군청,050,건설도시과 7급,0,,,2010,2022/09/02 18:26:12.000000000,,3,2,,영광읍 양평리 이장
4687025031,,,기타,,4687025000,,,,0.0,,건설도시과 시설6급,0.0,,,,평일교,143,교량붕괴위험,20100430,,행정안전부,평일지구,,468702010010,,,우천으로 인한 하천 수위상승시 붕괴위험으로 차량진입 제한과 교량붕괴 위힘,,0, [지점번호:다마10200226],,4,건설도시과장,0.0,0.0,005,,,,20130715,,영광군청,050,건설방재과 시설9급,0,,,,2017/06/13 15:21:39.000000000,,1,1,001,
4687033021,,,기타,0.0,4687033000,,02,,3000.0,20100430,건설도시과 시설6급,0.0,5.0,N,0.0,도장교,818,붕괴위험,20100430,20110711,,순용지구,0.0,468702010011,0.0,-1,"우천으로 인한 하천수위상승 시 붕괴위험, 차량진입통제 등 주민불편 증가",,0, [지점번호:다라07339350],,4,건설도시과장,0.0,0.0,005,1.0,,,,,영광군청,050,건설도시과 시설8급,0,,,2010,2022/09/02 18:26:31.000000000,,1,2,,
4687033022,,,지방도,0.0,4687033000,,00,,4000.0,20150826,건설방재과 시설6급,0.0,21.0,N,0.0,불갑수변도로급경사지,85,급경사지 붕괴 위험,20100430,,행정안전부,불갑녹산,0.0,468702010012,0.0,-1,"집중호우 시 절개지 붕괴로 인한 차량통행 두절, 인명피해 우려",,0,,,3,건설도시과,0.0,0.0,002,9.0,,,,,영광군청,002,건설방재과 시설9급,0,,,,2021/08/22 13:07:12.000000000,,1,6,001,
4687025336,,,지방관리,,4687025300,,,,0.0,,건설도시과 시설6급,150.0,,,,영광방조제,11,제방유실 및 침수피해 우려,20020112,,농림축산식품부,영광,,468702013013,,,집중호우시제방유실및해수침수피해 우려,,0,전라남도 영광군 백수읍 하사길4길  72-51   ,,4,건설도시과장,2.0,50.0,001,,,,20060221,,영광군,010,건설도시과 시설7급,0,,,,2017/06/13 15:24:26.000000000,,3,11,002,백수읍 길용리
4687033030,,,지방관리,,4687033000,,,,0.0,,안전관리과 시설6급,150.0,,,,불갑천,11,주택및농경지 상습침수발생,19990210,,국토교통부,불갑지구,,468702013014,,,통수단면이 부족하여 제방유실 및 범람으로 인한 주택 및 농경지 침수피해발생,,0,,,4,안전관리과장,2.0,50.0,001,,,,20001210,,영광군,010,안전관리과 시설7급,0,,,,2017/06/13 15:18:18.000000000,,3,,005,불갑면 부춘리
4682025036,,외수,지방2급하천,0.0,4682025000,,00,,0.0,20151113,해남읍사무소,200.0,0.0,N,0.0,해남천,1,미개수하천으로 하천폭이 협소하여 일우량 100mm이상시 상습침수지구,19960828,,행정안전부,학동,0.0,468201998001,0.0,,"미개수하천으로써 단면이 협소하여 매년 약간의 호우시에도 상습 침수피해가 빈발하는 지구로 하천개수가 시급함
 . 현하폭이 15-20m이나 계획하폭은 60m임 . 현재제방고는 2m이나 하천정비기본계획상의 제방고는 4m임",,0, [지점번호:다라17432115],,4,안전건설과장,1.0,30.0,001,0.0,,,20140915,,,013,안전건설과,, ,,,2015/11/13 17:17:40.000000000, ,1,,001,
4682037027,,외수,지방2급하천,0.0,4682037000,,00,,0.0,20151113,옥천면사무소,200.0,0.0,N,0.0,옥천천,1,미개수하천으로 하천폭이 협소하여 일우량 100mm이상시 상습침수지구,19960828,,행정안전부,용산,0.0,468201998002,0.0,,"미개수하천으로써 단면이 협소하여 매년 약간의 호우시에도 상습 침수피해가 빈발하는 지구로 하천개수가 시급함.
 . 현하폭이 15-20m이나 계획하폭은 60m임 . 현재 제방고는 2m이나 하천 정비기본계획상의 제방고는 3m임",,0, [지점번호:다라23762204],,4,건설방재과장,2.0,40.0,001,0.0,,,20100422,하천정비완료,,013,건설방재과,, ,,,2015/11/13 17:18:43.000000000, ,1,,001,
4682038022,,외수,지방2급하천,0.0,4682038000,,00,,0.0,20151113,계곡면사무소,200.0,0.0,N,0.0,계곡천,1,미개수하천으로 하천폭이 협소하여 일우량 100mm이상시 상습침수지구,19960828,,행정안전부,법곡,0.0,468201998003,0.0,,"미개수하천으로써 단면이 협소하여 매년 약간의 호우시에도 상습 침수피해가 빈발하는 지구로 하천개수가 시급함.
 . 현하폭이 15-20m이나 계획하폭은 40m임 . 현재 제방고는 2m이나 하천 정비기본계획상의 제방고는 3m임",,0, [지점번호:다라25413066],,4,안전건설과장,2.0,40.0,001,0.0,,,,,,013,안전건설과,, ,,,2015/11/13 17:18:50.000000000, ,3,,001,
4682034027,,외수,지방2급하천,0.0,4682034000,,00,,0.0,20151113,송지면사무소,200.0,0.0,N,0.0,산정천,1,미개수하천으로 하천폭이 협소하여 일우량 100mm이상시 상습침수지구,19960826,,행정안전부,산정,0.0,468201998004,0.0,,"미개수하천으로써 단면이 협소하여 매년 약간의 호우시에도 상습 침수피해가 빈발하는 지구로 하천개수가 시급함.
 . 현하폭이 15-20m이나 계획하폭은 40m임 . 현재 제방고는 2m이나 하천 정비기본계획상의 제방고는 3m임",,0, [지점번호:다다11209847],,4,건설방재과장,1.0,30.0,001,0.0,,,,,,013,건설방재과,, ,,,2016/04/19 13:19:58.000000000, ,2,,001,
4682025029,,외수,지방2급하천,0.0,4682025000,,00,,73616.0,2011    ,해남읍사무소,200.0,0.0,N,0.0,남송천,1,미개수하천으로 하천폭이 협소하여 일우량 100mm이상시 상습침수지구,19960828,,행정안전부,남송,0.0,468201998005,0.0,-1,"미개수하천으로써 단면이 협소하여 매년 약간의 호우시에도 상습 침수피해가 빈발하는 지구로 하천개수가 시급함.
 . 현하폭이 5-10m이나 계획하폭은 25m임 . 현재 제방고는 1.5m이나 하천 정비기본계획상의 제방고는 3m임",,0, [지점번호:다라19231798],,4,안전건설과장,1.0,30.0,001,0.0,,,,,,013,안전건설과,0,,,2012,2021/06/09 15:11:48.000000000,,3,,001,
4682025034,,외수,지방2급하천,0.0,4682025000,,00,,0.0,20151113,해남읍사무소,200.0,0.0,N,0.0,고수천,1,미개수하천으로 하천폭이 협소하여 일우량 100mm이상시 상습침수지구,19960826,,행정안전부,고수,0.0,468201998006,0.0,,"미개수하천으로써 단면이 협소하여 매년 약간의 호우시에도 상습 침수피해가 빈발하는 지구로 하천개수가 시급함.
 . 현하폭이 5-10m이나 계획하폭은 25m임 . 현재 제방고는 1.5m이나 하천 정비기본계획상의 제방고는 3m임.",,0, ,,4,건설방재과장,1.0,30.0,001,0.0,,,20100422,,,013,건설방재과,, ,,,2015/11/13 17:19:17.000000000, ,1,,001,
4682039022,,,지방2급하천,0.0,4682039000,,00,,0.0,20151113,마산면사무소,200.0,0.0,N,0.0,산막천,1,미개수하천으로 하천폭이 협소,20060228,,행정안전부,장촌,0.0,468202009007,0.0,,미개수하천으로 단면이 협소하여 매년 약간의 호우시에도 상습 침수피해가 빈발하는 지구로 하천개수가 시급함,,0, [지점번호:다라17722375],,4,안전건설과장,1.0,30.0,001,0.0,,,20140915,,,013,안전건설과,, ,,,2015/11/13 17:19:21.000000000, ,1,,001,마산면 장춘리장
4678033021,,외수침수,국가관리,0.0,4678000000,겸백면 평호리 석호리,00,,1000.0,20151112,보성군 겸백면,500.0,0.0,N,0.0,보성강,100,홍수시 하천수 범람으로 농경지 및 주택 침수 우려,19960718,,,보성지구,0.0,467801996001,0.0,5,외수침수,,0, [지점번호:다라68984906],섬진강,1,보성군 안전건설과,5.0,80.0,001,0.0,,,,,보성군,009,보성군 안전건설과,0,겸백면 평호리 석호리,,,2024/11/08 09:45:22.000000000,,3,,,리장
4678040022,,외수침수,지방2급하천,0.0,4678000000,강산리,00,,40000.0,20151112,보성군 웅치면,500.0,0.0,N,0.0,구암천,100,홍수시 하천수 범람으로 농경지 및 주택 침수 우려,19960718,,,강산지구,0.0,467801996002,0.0,5,외수침수,,0,,섬진강,3,보성군 안전건설과,10.0,80.0,001,0.0,,,,,보성군,013,보성군 안전건설과,0,강산리,,,2023/05/03 10:30:45.000000000,,3,,,리장
4678038025,,내수,국가관리,0.0,4678038000,해평리,00,,100000.0,20150924,득량면,300.0,0.0,N,0.0,저지대,100,집중호우시 해안 조고 영향으로 농경지 및 주택 침수,19980101,,농림축산식품부,안심촌,0.0,467801998001,0.0,19,해수 만조일 경우 집중호우시 자연배수가 되지않아 침수피해 발생,,0, [지점번호:다라73203758],기타,3,보성군 안전건설과,3.0,40.0,001,0.0,,,,,보성군,009,보성군 안전건설과,0,해평리,,,2021/08/22 13:00:37.000000000,,3,,002,리장
4671032027,,,지방관리,,4671032000,,,,,,,,,,,주산교,1,홍수위보다낮은교량,20061018,,행정안전부,주산지구,,467102008007,,4,침스위험,,1, ,영산강,1,,,,005,,,,,,담양군,010,,, ,,,2013/06/26 14:43:31.000000000,,2,,001,
4678025321,,산사태,지방관리,0.0,4678025300,벌교리,00,,0.0,20151102,보성군 벌교읍,300.0,0.0,N,0.0,산사태,506,경사각70도 이상 절개지로 집중호우시 낙석 및 토사 붕괴 우려,20010729,,산림청,세망,0.0,467802000002,0.0,19,낙석 및 토사 붕괴시 하단부 밀집 주거지역 인명 피해 우려,,0, ,기타,4,보성군 안전건설과,3.0,30.0,002,0.0,,,20120416,,보성군,010,보성군 안전건설과,,벌교리,,,2015/11/12 13:48:20.000000000, ,3,,004,리장
4678025021,,,기타,0.0,4678025000,,00,,4278.0,20151102,보성군 안전건설과,300.0,51.0,N,0.0,신흥 재해위험지구,904,사면붕괴 위험지역,20110325,,행정안전부,신흥지구,0.0,467802013006,0.0,19,절개지로 돌출된 암석의 풍화가 진행되고있어 붕괴 발생시 하단부 밀집 거주지역 인명피해 발생 우려상존,,1, ,기타,4,보성군 안전건설과,2.0,40.0,002,27.0,,,20150810,,보성군청 안전방재건,050,보성군 안전건설과,, ,,,2015/11/12 13:49:39.000000000, ,1,11,001,
4678025321,,사면붕괴,기타,1.0,4678000000,,00,,30000.0,20151102,보성군 안전건설과,300.0,80.0,N,0.0,선근 재해위험지구,751,사면붕괴 위험지역,20130326,,,선근지구,0.0,467802013007,0.0,19,절개지로 돌출된 암석의 풍화가 진해되고있어 붕괴 또는 슬라이딩 발생시 하단부 밀집 거주지역 인명피해 발생우려,,0,전라남도 보성군 벌교읍 채동선로  193    ,기타,4,보성군 안전건설과,3.0,40.0,002,45.0,,,20190213,사업완료 및 붕괴위험 등 재해위험요소 해소,보성군청,050,보성군 안전건설과,0,,,2013,2024/09/11 10:05:49.000000000,,1,4,,
4671039024,,,지방2급하천,,4671000000,,,,490000.0,,재난관리과,200.0,,,,북하천,11,통수단면부족에의한제방유실위험,20061018,,,용흥지구,,467102007001,,4,제방유실위험,,0,,영산강,1,재난관리과 시설6급,0.0,100.0,005,,,,,,,013,재난관리과 시설7급,0,,,,2024/11/21 16:18:22.000000000,,1,,,
4671038026,,,지방2급하천,,4671038000,,,,,,재난관리과 토목 7급,200.0,,,,복리하천,1,통수단면부족에 의한 제방유실 위험,20061018,,행정안전부,월계지구,,467102007002,,4,제방유실,,0, [지점번호:다마55461190],영산강,4,재난관리과 토목6급,0.0,100.0,005,,,,20130118,소하천위험지구정비사업 완료로 상습침수 해소,,013,재난관리과 토목7급,, ,,,2013/06/17 11:31:04.000000000,,2,,001,
4671038028,,,국가관리,,4671038000,,,,,,재난관리과 토목7급,200.0,,,,용지천,11,통수단면부족에 의한 제방유실위험,20061018,,행정안전부,용치지구,,467102007003,,4,제방유실,,0, ,영산강,4,재난관리과 토목6급,0.0,100.0,005,,,,20110722,,,009,재난관리과 토목7급,, ,,,2013/06/17 11:31:16.000000000,,3,,001,
4671025028,,,국가관리,0.0,4671000000,,00,,100000.0,20150720,안전건설과 시설7급,0.0,0.0,N,0.0,만성교,12,홍수위보다낮은교량으로 침수위험,20061018,,,만성지구,0.0,467102008004,0.0,4,다리침수,,0, [지점번호:다마52880377],영산강,1,,0.0,0.0,001,0.0,,,,,담양군청,009,,0,,,,2024/11/21 16:16:10.000000000,,1,,,
4671031021,,,지방관리,,4671000000,12,00,,1500.0,20061002,담양군 안전건설과 시설7급 ,,,N,,마항교,1178,홍수위보다 낮은교량으로 침수위험,20061018,,,마항지구,,467102008005,,4,범람위험,,0,,영산강,1,담양군 안전건설과장,,,005,,,,,,담양군,010,담양군 안전건설과 시설7급,0,,20061018,2006,2024/11/21 16:17:25.000000000,,1,,,
4671031028,,,지방관리,0.0,4671000000,,02,,590.0,,시설7급 김영택,,,N,,와우교,1,홍수위보다낮은교량,20061018,,,와우지구,,467102008006,,4,침수위험,,1,,영산강,1,담양군 재난안전과 행정5급,,,005,,,,,,담양군,010,담양군 재난안전과 시설9급,0,,,,2024/11/21 16:17:34.000000000,,1,,,대추리 이장
4671032029,,,지방관리,,4671032000,,,,,,,,,,,동운교,1,홍수위보다낮은교량,20061018,,행정안전부,동운지구,,467102008008,,4,침수위험,,0,,영산강,4,,,,005,,,,20130118,하천정비사업(2011~2012년도) 완료로 상습침수 해소,담양군,010,,0,,,,2016/07/13 09:22:09.000000000,,1,,001,
4671032023,,,지방관리,,4671000000,,,,140000.0,,,,,,,증암교,12,홍수위보다낮은교량,20061018,,,분향지구,,467102008009,,4,침수위험,,0,,영산강,1,,,,005,,,,,,담양군,010,,0,,,,2024/11/08 16:31:39.000000000,,2,,,
4671036024,,,지방관리,0.0,4671000000,,00,,260000.0,20150720,,0.0,0.0,N,0.0,봉서교,12,홍수위보다낮은교량,20061018,,,봉서지구,0.0,467102008010,0.0,4,침수위험,,0, [지점번호:다라54369890],영산강,4,,0.0,0.0,005,0.0,,,20190108,사업완료,담양군,010,,0,,,,2024/11/08 16:16:07.000000000,,1,,,
4671037023,,,지방관리,0.0,4671037000,,00,,0.0,20150720,,0.0,0.0,N,0.0,대성교,12,홍수위보다낮은교량,20061018,,행정안전부,대성지구,0.0,467102008011,0.0,4,침수위험,,0,,영산강,4,,0.0,0.0,005,0.0,,,20140919,교량재가설 및 정비 완료,담양군,010,,0,,,,2016/07/13 09:21:46.000000000,,2,,001,
4671034021,,,지방1급하천,,4671034000,,,,,,,,,,,창평천,1,침수위험구역,19960624,,행정안전부,창평지구,,467102013013,,4,"농경지 0.3km2, 하천연장 4.52km, 하천개수사업 완료로 상습침수 해소(02~05)",,0,,영산강,4,,,,001,,,,20061018,,,012,,0,,,,2016/07/13 09:21:35.000000000,,3,,001,
4613032021,,내수침수,지방2급하천,0.0,4613032000,,02,,5600.0,20150701,율촌면 팀장,200.0,0.0,N,0.0,율촌천,854,저지대 배수불량으로 집중호우시 일시적 주택 및 농경지 침수,19960725,20130814,행정안전부,조화,0.0,461301998001,0.0,,저지대 불량한 배수로를 암거설치 단면확보하여 유수 흐름을 원할히 하고 하천 하류 하상을 준설 실시,,0, [지점번호:라라07745421],,3,건설방재과장,1.0,40.0,001,0.0,,,,,여수시,013,건설방재과 시설6급,0,,,,2017/11/09 18:00:02.000000000,,1,,001,여흥3구 이장
5277037037,,,지방2급하천,,5277037000,,,,700.0,,복흥면사무소,0.0,,,,추령천,400,취약방재,20000403,,,석보,,457702013010,,5,석보교 침수,,0, [지점번호:다마53411908],섬진강,4,안전재난과장,0.0,0.0,003,,,,20020716,공사완료,복흥면사무소,013,자연재난계장,0,,,,2021/11/24 15:45:24.000000000,,2,,,이장
5277037033,,외수침수,지방2급하천,,5277037000,,,,10.0,,복흥면사무소,120.0,,,,추령천,137,미개수하천으로 하천폭이 부족하여 일우량120mm이상시 농경지 상습침수,19970927,,,주평,,457701997004,,5,"하천단면 부족으로 집중호우시 하천이 범람하여 상습 침수피해가 빈발하고 재해 위험이 
 상존하고있는 지역으로 하천개수가 시급함",,0, [지점번호:다마50511605],섬진강,4,안전재난과장,3.0,30.0,001,,,,20110214,정비사업 완료로 재해위험 해소,복흥면사무소,013,자연재난계장,0,,,,2021/11/24 15:59:01.000000000,,2,,,복흥면 주평리
5277038021,,외수침수,지방2급하천,,5277038000,,,,150.0,,적성면사무소,104.0,,,,심초천,534,"미 개수하천으로 하천폭이 부족하여 일우량104mm이상시  상습침수",19970927,,,대산,,457701997005,,5,"하천단면 부족으로 집중호우시 하천이 범람하여 상습 침수피해가 
 빈발하고 재해위험이 상존하고있는 지역으로 하천개수가 시급함
 -재해위험지구 정비계획에 의하여 현 하폭 25m를40",,0, [지점번호:다마71861238],섬진강,4,안전재난과장,3.0,31.0,001,,,,20100531,정비사업 완료로 재해위험요소 해소,적성면사무소,013,자연재난계장,0,,,,2021/11/24 15:57:57.000000000,,3,1,,적성면 지북리
5277037028,,외수침수,지방2급하천,,5277037000,,,,150.0,,복흥면사무소,102.0,,,,갈월천,1,미개수하천으로 하천폭이부족하여120mm이상시농경지상습침수,20000403,,,갈원,,457702002002,,5,"-하천단면 부족으로 집중호우시 하천이 범람하여 상습 침수피해가 빈발하고 재해 위험이 
 상존하고 있는 지역으로 하천개수가 시급함",,0,,섬진강,4,안전재난과장,3.0,25.0,001,,,,20110214,정비사업 완료로 재해위험요소 해소,복흥면사무소,013,자연재난계장,0,,,,2021/11/24 15:56:53.000000000,,2,,,복흥면 대방리384
5277036030,,외수침수,지방2급하천,,5277036000,,,,320.0,,쌍치면사무소,100.0,,,,추령천,1,미개수 하천으로 하천폭이 부족하여100mm이상시 농경지 상습침수,20030430,,,석현,,457702005001,,5,"하천단면 부족으로 집중호우시 하천이 범람하여 상습 침수피해가 빈발하고 재해위험이 
 상존하고있는 지역으로 하천개수가 시급함",,0, [지점번호:다마53322749],섬진강,4,안전재난과장,1.0,30.0,001,,,,20110214,정비사업 완료로 재해위험요소 해소,쌍치면사무소,013,자연재난계장,0,,,,2021/11/24 15:54:58.000000000,,2,,,쌍치면 석현리 157
5277040029,,외수침수,지방2급하천,,5277040000,,,,90.0,,구림면사무소,104.0,,,,문치천,1,미개수 하천으로하천폭이 부족하여104mm이상시 농경지상습침수,20060313,,,방화,,457702006001,,5,"하천단면 부족으로 집중호우시 하천이 범람하여 상습 침수피해가 빈발하고 재해 우험이 상존하고있는
 지역으로 하천개수가 시급함",,0, [지점번호:다마63201848],섬진강,4,안전재난과장,3.0,31.0,001,,,,20130111,정비사업 완료로 재해위험요소 해소,구림면사무소,013,자연재난계장,0,,,,2021/11/24 15:53:26.000000000,,1,,,구림면 방화리
5277040021,,외수침수,지방관리,,5277040000,,,,800.0,,구림면사무소,200.0,,,,각안천,1,하천단변 부족으로 침수피해 발생,19970927,,,미금,,457702013016,,5,하천단변 부족으로 내재배수 불가로 침수피해 발생,,0,,섬진강,4,안전재난과장,3.0,50.0,001,,,,20000403,사업완료,구림면사무소,010,자연재난계장,0,,,,2021/11/24 15:40:03.000000000,,3,1,,
5272040022,,,지방2급하천,0.0,5272040000,대불리 내처사~대화,00,,900000.0,20040608,안전재난과 시설7,0.0,0.0,N,0.0,주자천,125,하폭부족으로 인한 침수위험,20040608,,행정안전부,대불지구,0.0,457202004002,0.0,3,제방고 및 하천폭 부족,,0,,금강,4,안전재난과 시설6,0.0,0.0,001,0.0,,,20071115,하천정비 완료,진안군청,013,,0,대불리 내처사~대화,,,2021/06/07 18:38:49.000000000,,2,,001,
5272036025,,유실위험,지방2급하천,0.0,5272036000,,00,,600000.0,20060224,안전재난과 시설7,0.0,0.0,N,0.0,섬진강,37,하폭부족으로 인한 침수위험,20060224,,행정안전부,포동지구,0.0,457202006002,0.0,5,제방고 및 하천폭 부족,,0, [지점번호:다마82874605],섬진강,4,안전재난과 시설6,0.0,0.0,005,0.0,,,20160602,위험지구 정비완료,진안군청,013,,0,,,,2021/06/07 18:38:26.000000000,,3,,001,
5272037025,,유실위험,지방2급하천,0.0,5272000000,,00,,1200000.0,20060224,안전재난과 시설7,0.0,0.0,N,0.0,은천천,123,하폭부족으로 인한 유실위험,20060224,,행정안전부,강정지구,0.0,457202006003,0.0,5,제방고 및 하천폭 부족,,0,,섬진강,4,안전재난과 시설6,0.0,0.0,005,0.0,,,20130619,위험지구 정비완료,진안군청,013,,0,,,,2021/06/07 18:38:16.000000000,,2,,001,
5272037023,,유실위험,지방2급하천,0.0,5272037000,,00,,1200000.0,20060224,안전재난과 시설7,0.0,0.0,N,0.0,섬진강,58,하폭부족으로 인한 침수위험,20060224,,행정안전부,마령 석교지구,0.0,457202006004,0.0,5,제방고 및 하천폭 부족,,0,,섬진강,4,안전재난과 시설6,0.0,0.0,005,0.0,,,20130619,위험지구 정비완료,진안군청,013,,0,,,,2021/06/07 18:38:09.000000000,,2,,001,
5272038021,,침수위험,지방2급하천,0.0,5272000000,,00,,300000.0,20060224,안전재난과 시설7,30.0,0.0,N,0.0,정자천,119,상습침수로 인한 재해위험 상존,20060224,,행정안전부,거석지구,0.0,457202006005,0.0,3,2세대 3명 건물(가옥)2동 농경지 20ha,,0,,금강,4,안전재난과 시설6,5.0,120.0,001,0.0,,,20160602,위험지구 정비완료,진안군,013,,0,,,,2021/06/07 18:38:00.000000000,,2,,001,
5273025023,,,지방2급하천,0.0,5273000000,,02,,95390.0,,시설8급,,130.0,Y,,왕정 자연재해위험개선지구,1089,집중호우시 가옥/농경지 침수,20180903,20180903,,왕정,,457302018008,,3,집중호우시 가옥/농경지 침수,,0,,금강,2,시설6급,,,001,50.0,,,,,무주군,013,시설8급,0,,20210709,2018,2024/09/24 09:43:19.000000000,대왕천기본계획,2,,,마을이장
4373034036,,상습가뭄,기타,,4373000000,,02,,616000.0,,옥천군 안전건설과 시설6급,,350.0,,,농경지,358,"상습가뭄 피해예방을 위한 체계적인 관리가 필요한 지구
",20180920,20060821,,화동,,437302018015,,19,상습가뭄피해,,0,,기타,2,옥천군 안전건설과 시설6급,1.0,,007,150.0,,,,,옥천군,050,옥천군 안전건설과 시설6급,0,,,2017,2025/01/14 16:08:40.000000000,,1,,,청성면 화동리장
5172037029,5.0,,지방1급하천,0.0,5172000000,,02,,88565.0,20170418,시설9급,100.0,20.0,N,2.0,교량,151,집중호우시 교량 범람 및 고립발생,20170418,20121108,,중방대지구,0.0,427202017019,,19,여름철 집중호우시 하천수위 상승 및 교량범람 및 고립,,0,고루개마을 일원,기타,4,시설6급,1.0,,004,16.0,,10.0,20210226,고립위험 해제,홍천군,012,시설9급,0,고루개마을 일원,,2017,2022/05/02 17:56:43.000000000,풍수해저감종합계획,1,1,,
5181025024,,고립위험,소교량,,5181000000,,,,10000.0,,지방시설주사보,200.0,,,,덕산지구소교량,263,고립위험,20180306,,,덕산지구,,428102018010,,1,고립위험,,0,,한강,4,지방시설주사,100.0,100.0,004,,,,20240117,,인제군 안전교통과,048,지방방재안전서기,0,,,,2024/01/18 09:11:18.000000000,,1,1,,덕산리 이장
4688031000,,,지방2급하천,,4688000000,,02,,300000.0,,재난안전실 시설7,322.0,15.0,Y,2.0,학림천,141,통수단면이 부족하여 제방유실 및 석축붕괴로 인한 침수피해 우려,20170531,,,학림지구,,468802017012,,4,하천 하폭 및 제방고 부족으로 월류피해 발생,,0,141-1,영산강,2,재난안전실 시설5,2004.0,52.0,001,7.0,,,,,,013,재난안전실 시설7,0,141-1,,2017,2024/09/24 20:27:43.000000000,,2,1,,
4777031031,,,군도,,4777000000,,00,,6797.0,20170321,안전재난과 시설7,,3933.0,Y,,강구(구)교지구,575,자연재해로부터 인명과 재산을 보호하기 위함,20170321,,,강구구(교)지구,,477702017016,,14,태풍시 교량 유실 및 범람으로 인근 지역 피해우려,,0,,영덕오십천,2,안전재난과 시설6,,,005,2003.0,,,,,영덕군청,004,안전재난과 시설7,0,,20170321,2017,2024/12/12 11:09:42.000000000,자연재해위험지구 지정 고시,2,1,,
5115036025,,,,0.0,5115000000,,02,,35000.0,20180227,재난안전과장,,250.0,,,뒷불지구,266,"뒷불지구는 너울성 고파랑이 예고 없이 내습하는 지역으로 매년 해빈유실, 해안침식 및 월파로 침수피해 발생",20180227,,,뒷불지구,,421502018026,,-1,"너울성 고파랑으로 해빈유실, 해안침식 및 주거지 침수",,0,,,3,재난안전과,,,006,50.0,,,,,,-1,재난안전과,0,,20180227,2018,2024/10/25 16:37:35.000000000,,2,2,,
5121011200,,상습가뭄재해지구,지방2급하천,,5121000000,,,,765900.0,20180813,재난대응과 주무관,,,,,취수원,705,갈수기 시 주 취수원의 수원고갈로 인해 발생되는 식수원 부족 등 가뭄피해 예방을 위해 재해위험지구 지정을 통한 체계적인 관리 필요,20180813,,,쌍천,,422102018057,,19,식수원부족(주취수원 수원고갈 및 강수량 부족,,0,,기타,4,,,,007,,,,,,속초시,013,안전방재과 시설 7급,0,,20180813,,2024/03/05 09:32:45.000000000,,2,19,,
5280042000,5.0,,소규모어항,,5280000000,,02,,75869.0,,건설교통과 시설6급,144.0,206.0,N,5.0,치도항,234,"최근 기후 변화의 원인으로 태풍으로 인한 월파와 백중사리 등 해수면 최대상승 시 해일로 인해 치도항에 잦은 해수범람이 발생하고 있음
",20170628,20130923,,치도항,,458002017015,,19,해일 및  월파로 인한 인명 및 재산피해,,0,,기타,4,안전총괄과 시설6급,3.0,43.0,006,116.0,,8.0,,,부안군,036,안전총괄과 시설7급,0,,,2017,2023/11/10 16:22:25.000000000,,3,7,,
4167036000,,,지방관리,,4167000000,,,,,,안전총괄과 시설7급,,,,,하천,189,하천범람,19980101,,국토교통부,금당지구,,416702016006,,1,우수범람,,0,,한강,4,안전총괄과 시설6급,,,003,,,,20021127,보수.보강 공사 완료,여주시 안전총괄과,010,안전총괄과 시설7급,0,,,,,,3,2,005,
4882025032,,,기타,0.0,4882000000,,00,4882025032103660211001328     ,317533.0,20170920,안전관리과 시설7급,,70.0,N,0.0,외우산천,366,- 하천의 외수범람으로 인한 주택 및 농경지 침수위험,20180103,,,우산지구,0.0,488202018004,0.0,19,침수위험,,0,,기타,2,안전건설과 시설5급,,,001,23.0,,,,,고성군,050,안전건설과 시설6급,0,,,2017,2024/04/11 14:16:28.000000000,소하천기본계획,3,211,,
5176025021,,교량 및 하천,지방2급하천,,5176000000,,02,,56189.0,,건설과 시설6급,100.0,95.0,Y,,아랫상리,237,"침수위험 및 고립에 따른 인명 및 재산보호
",20180315,20160219,,아랫상리 ,,427602018022,,1,하천내 설치된 세월교로 인한 유수소통 장애 및 소요하폭 및 제방고 부족과 세월교를 통하여 진출입하는 주민들의 고립,,0,일원,한강,2,건설과 시설6급,3.0,30.0,003,37.0,,,,,평창군청,013,건설과 시설6급,0,일원,20090703,,2022/09/02 17:01:09.000000000,고길천 하천기본계획,2,1,,
4167010700,,,지방관리,,4167000000,,,,,,안전총괄과 시설7급,,,,,하천,45,하천범람,20060224,,국토교통부,하리 지구,,416702016007,,1,,,0,,한강,4,안전총괄과 시설6급,,,001,,,,20130104,보수.보강 공사 완료,여주시 안전총괄과,010,안전총괄과 시설7급,0,,,,,,1,1,005,
4688036021,,,기타,,4688000000,,02,,16900.0,,장성군청 재난안전실,,18.0,Y,1.0,제2황룡교,171,경간장 부족 및 하부 기초세굴 등으로 홍수시 유실위험,20170531,,행정안전부,제2황룡교,,468802017011,0.0,4,"기초하단부 세굴에 따른 집중호우시 교량 유실위험
경간장 부족으로 집중호우시 유송잡물 걸림으로 유수소통 저해",,0,,영산강,4,,,,005,8.0,,,,,장성군청,050,장성군청 재난안전실,0,,,2017,2021/06/09 19:51:34.000000000,,1,1,001,
5277031023,5.0,,지방2급하천,,5277000000,,02,,71800.0,20160331,인계면사무소,150.0,,Y,2.0,양지천,868,"농경지 침수로 인한 인명·재산피해 우려
",20160331,20091228,,도룡,,457702017023,,5,"양지천 상류부 쌍암지 하류부에 위치한 지방하천 양지천 인근 비닐하우스 및 대단위 농경지 위치하며, 노후된 교량의 경간장 및 형하여유고 부족으로 인한 월류 피해 발생",,0,,섬진강,4,안전재난과장,3.0,30.0,001,,,10.0,20220126,정지 완료,안전건설과,013,자연재난계장,0,,20100901,2016,2022/10/31 12:22:10.000000000,양지천기본계획,3,,,쌍암마을이장
4122011500,,,국가하천,,4122000000,,02,,1655000.0,,안전총괄과 시설7급,375.0,216.0,,1.0,안성천,254,저지대로써 안성천 수위상승시 자연배수가 불가능하고 기존 펌프장 처리용량부족으로 빈번한 침수피해가 발생되는 지역으로 재해위험이 있음,20180205,20070223,,유천2지구,,412202018005,,6,저지대로써 안성천 수위상승시 자연배수가 불가능하고 기존 펌프장 처리용량부족으로 빈번한 침수피해가 발생되는 지역으로 재해위험이 있음,,0,,안성천,3,안전총괄과,5.0,92.0,001,73.0,,,,,평택시청,011,안전총괄과 시설7급,0,,20111229,2017,2024/10/16 13:33:35.000000000,풍수해저감종합계획,2,2,,통장
4313041000,,침수 및 고립 위험지역 ,군도,,4313000000,,02,,90000.0,,충주시 안전총괄과 시설8급 ,,45.0,,,군도 26호(명암지구),491, 집중 호우시 교량 및 제방도로가 낮게 있어 하천 범람으로 이한 피해 발생 ,20170317,,,명암,,431302017009,,1, 집중 호우시 교량 및 제방도로가 낮게 있어 하천 범람으로 이한 피해 발생 ,,0,,한강,1,충주시 안전총괄과 행정5급,,,004,,,,,,충주시 도로과 ,004,충주시 안전총괄과 시설7급,0,,,2016,2025/01/14 20:24:55.000000000,,1,,,
4167011200,,,기타,,4167000000,,,,,,안전총괄과 시설7급,,,,,소하천,327,하천범람,20060224,,행정안전부,상거지구,,416702016008,,19,,,0,,기타,4,안전총괄과 시설6급,,,005,,,,20130104,보수.보강공사 완료,여주시 안전총괄과,050,안전총괄과 시설7급,0,,,,,,3,,001,
4688031028,,,지방2급하천,,4688000000,,02,,32000.0,,장성군청 재난안전실,191.0,46.0,Y,2.0,용산천,575,통수단면 부족 및 제방유실에 의한 침수피해가 우려,20170531,,행정안전부,양유지구,,468802017014,,4,하천 하폭 및 제방고 부족으로 월류피해 발생,,0,,영산강,1,,2010.0,58.0,001,23.0,,,,,,013,장성군청 재난안전실,0,,,2017,2018/04/18 16:43:04.000000000,,2,1,001,
2726011500,,,기타,,2726000000,,,,116623.0,,건설과 시설7급,100.0,,,,매호1지구 빗물펌프장,29,금호강 계획홍수위보다 낮은 저지대로 수위 상승시 내수배제 불량으로 인한 침수피해 발생,20180430,,,매호1지구,,272602018002,,19,금호강 계획홍수위보다 낮은 저지대로 집중호우로 인한 수위 상승시 내수배제 불량으로 인한 농경지 침수 피해 발생,,0,,기타,4,안전총괄과 시설6급,1.0,60.0,001,,,,20241118,매호1지구 자연재해위험개선지구 정비사업 완료에 따라 침수요인 해소되어 지구지정 해제함,대구광역시 수성구 건설과,050,안전총괄과 시설8급,0,,,,2024/11/18 14:32:23.000000000,,3,1,,
4167010200,,,기타,,4167000000,,,,,,건설과 시설7급,,,,,도로,290,도로침수,20060224,,행정안전부,홍문지구,,416702016009,,19,,,0,,기타,4,안전총괄과 시설6급,,,001,,,,20091030,보수.보강공사 완료,여주시 안전총괄과,050,안전총괄과 시설7급,0,,,,,,1,,001,
4313035000,,침수위험지구,기타,,4313000000,,02,,18000.0,, 충주시 안전총괄과 시설7급,,145.0,,,견학 지구 배수로 ,955, 기존 배수로 통수단면 부족으로 인한 집중호우 시 인근 농경지 침수 ,20170317,,,견학,,431302017010,,1, 기존 배수로 통수단면 부족으로 인한 집중호우 시 인근 농경지 침수 ,,0,,한강,4, 충주시 안전총괄과 행정5급,,,001,58.0,,,,,충주시,050, 충주시 안전총괄과 시설7급,0,,,2016,2024/10/02 13:42:44.000000000,,1,,,
5180025021,,,기타,,5180000000,,02,,58000.0,20170116,건설과 9급,150.0,,N,,직곡천,280,제방단면 부족 및 구조물 노후화,20170116,20170116,,직곡지구,,428002017011,,1,"-상류뷰 호안 구조물 노후로 호안유실 및 토사유출에 따른 중,하류 주거지역에 토사퇴적으로 인한 침수 발생
-기존 구조물(교량 등) 단면 부족, 통수 능력부족으로 침수 발생 ",,0,,한강,4,건설과 6급,,30.0,001,,,,20240418,,양구군청,050,건설과 시설 6급,0,,,2017,2024/09/24 17:47:34.000000000,,2,65,,상 5리 이장 
5277032030,,외부침수,지방2급하천,,5277032000,,,,30.0,,동계면사무소,104.0,,,,수정천,609,미개수 하천으로하천폭이부족하여104mm 이상시농경지상습침수,20060313,,,석산,,457702006002,,5,"집중호우시 인접한 오수천 수위 상승으로 하천이 범람하여 주택 침수피해가 빈발하고
 재해위험이 상존하고 있는 지역으로 하천개수가 시급함.",,0,전라북도 순창군 동계면 수정1길  3-20   ,섬진강,4,안전재난과장,3.0,31.0,001,,,,20140206,정비사업 완료로 재해위험요소 해소,동계면사무소,013,자연재난계장,0,,,,2021/11/24 15:52:33.000000000,,1,5,,동계면 수정리
5277033028,,붕괴위험,지방2급하천,,5277033000,,,,10.0,,풍산면사무소,104.0,,,,향가절개지,1,급경사지하천으로해빙기및집중강우시붕괴위험이내재되어있음,20060313,,,향가,,457702006003,,19,법면 녹화 작업으로 안정화를 도모하고 가능하면 사면 경사 개선,,0, [지점번호:다마72120488],기타,4,안전재난과장,1.0,31.0,002,,,,20130111,정비사업 완료로 재해위험 해소,풍산면사무소,013,자연재난계장,0,,,,2021/11/24 15:51:39.000000000,,2,,,풍산면 대가리
5277032031,,고립위험,지방2급하천,,5277032000,,,,10.0,,동계면사무소,104.0,,,,오수천,92,하천내설치된세월교량으로일우량128mm를140mm교량으로재가설,20060313,,,주월,,457702006004,,5,"-재해위험지구 정비계획에 의하여 현 세월교 128m를 140m 교량으로 재가설로 고립피해를 완전해소
 -교량 설치가 불가할 경우 우회 도로 개설 필요",,0,,섬진강,4,안전재난과장,1.0,31.0,004,,,,20140206,정비사업 완료로 재해위험요소 해소,동계면사무소,013,자연재난계장,0,,,,2021/11/24 15:50:23.000000000,,1,,,동계면 주월리
5277036021,,,지방관리,0.0,5277036000,,02,,762900.0,20151107,쌍치면사무소,180.0,0.0,N,0.0,방산천,12,하천단면 부족으로 인한 침수피해 우려,20090402,,,방산,0.0,457702009006,0.0,5,하천단면 부족으로 집중호우시 침수피해가 빈발하여 하천개수가 시급,,0, [지점번호:다마50442549],섬진강,4,안전재난과장,3.0,30.0,005,0.0,,,20171228,정비사업 완료에 따른 재해위험요소 해소(사업완료일: 2017. 11. 08.),쌍치면사무소,010,자연재난계장,0,,,2009,2021/11/24 15:49:26.000000000,,3,,,쌍치면 탕곡리
5277036033,,,지방2급하천,0.0,5277036000,,02,,16610.0,20151107,쌍치면사무소,180.0,0.0,N,0.0,추령천,190,침수로 인한 인명· 재산피해 우려,20130515,,,반계,0.0,457702013007,0.0,5,"배수관로 통수단면 부족 및 추령천 수위상승에 따른 내수배재 불가
 ",,0,전라북도 순창군 쌍치면 쌍계로  59-3   ,섬진강,4,안전재난과장,3.0,31.0,001,0.0,,,20171228,정비사업 완료에 따른 재해위험요소 해소(사업완료일: 2017. 09. 30.),순창군,013,자연재난계장,0,,,,2021/11/24 15:48:21.000000000,,2,1,,반계마을이장
5277036029,,외수침수,지방2급하천,,5277036000,,,,90.0,,쌍치면사무소,200.0,,,,지방하천,483,침수위험,20000403,,,종암,,457702013008,,5,침수위험,,0, [지점번호:다마52302501],섬진강,4,안전재난과장,3.0,50.0,001,,,,20071018,정비사업 완료로 재해위험요소 해소,쌍치면사무소,013,자연재난계장,0,,,,2021/11/24 15:47:25.000000000,,3,1,,이장
5272025021,,침수위험,지방2급하천,0.0,5272025000,,00,,200000.0,20060224,안전재난과 시설7,0.0,0.0,N,0.0,군상지구,97,하폭부족으로 인한 침수위험,20060224,,행정안전부,군상지구,0.0,457202006001,0.0,3,제방고 및 하천폭 부족,,0, [지점번호:다마94195566],금강,4,안전재난과 시설6,0.0,0.0,001,0.0,,,20130619,위험지구 정비완료,진안군청,013,,0,,,,2021/06/07 18:38:41.000000000,,1,4,001,
5277038026,,외수침수,지방2급하천,,5277038000,,,,600.0,,적성면사무소,200.0,,,,오수천,228,침수위험,20000322,,,평남,,457702013009,,5,침수위험,,0,,섬진강,4,안전재난과장,5.0,50.0,001,,,,20071018,정비사업 완료로 재해위험요소 해소,적성면사무소,013,자연재난계장,0,,,,2021/11/24 15:46:21.000000000,,3,,,평남마을이장
5277025024,,외수침수,지방2급하천,,5277025000,,,,3800.0,,순창읍 시설7급,200.0,,,,양지천,990,침수피해,19970927,,,복실,,457702013011,,5,침수피해,,0, [지점번호:다마67341123],섬진강,4,안전재난과장,3.0,50.0,001,,,,20060202,정비사업 완료로 재해위험요소 해소,순창읍사무소,013,자연재난계장,0,,,,2021/11/24 15:44:40.000000000,,2,,,복실마을 이장
5277034021,,외수침수,지방2급하천,,5277034000,,,,3200.0,,금과면사무소,200.0,,,,사천,1,침수위험,19970927,,,수양,,457702013012,,5,침수위험,,0, [지점번호:다마65050377],섬진강,4,안전재난과장,5.0,50.0,001,,,,20000403,정비사업 완료로 재해위험요소 해소,금과면사무소,013,자연재난계장,0,,,,2021/11/24 15:44:01.000000000,,3,1,,이장
5277025025,,,지방관리,,5277025000,,,,3800.0,,순창읍사무소,200.0,,,,경천,1,하천단변 부족으로 침수피해 발생,19970927,,,백산,,457702013013,,-1,하천단변 부족으로 내재배수 불가로 침수피해 발생,,0,,,4,안전재난과장,3.0,50.0,001,,,,20000403,정비사업 완료로 재해위험요소 해소,순창읍,010,자연재난계장,0,,,,2021/11/24 15:42:43.000000000,,3,,,복실마을이장
5277036026,,외수침수,지방2급하천,,5277036000,,,,3200.0,,쌍치면사무소,200.0,,,,추령천,1,침수위험,19970927,,,둔전,,457702013015,,5,침수위험,,0,,섬진강,4,안전재난과장,5.0,50.0,001,,,,20000403,공사완료,쌍치면사무소,013,자연재난계장,0,,,,2021/11/24 15:41:23.000000000,,2,1,,둔전마을이장
4313037000,,침수위험지구,기타,,4313000000,,02,,123000.0,,충주시 안전총괄과 시설7급,,,,,강천 배수펌프장 ,70,침수 위험 지역 ,20170317,,,강천,,431302017011,,1,본류인 한강 계획 홍수위와 제내지 지반고 차이가 커 내수배제 불량 ,,0,,한강,1,충주시 안전총괄과 행정5급,,,001,,,,,,충주시 하수과,050,충주시 안전총괄과 시설7급,0,,,2016,2024/10/11 14:44:15.000000000,,3,2,,
4313037000,,침수위험지구 ,기타,,4313000000,,02,,106000.0,,충주시 안전총괄과 시설7급,,,,,능암 배수펌프장 ,658,침수위험지구 ,20170317,,,능암,,431302017012,,1,본류인 한강 계획 홍수위와 제내지 지반고 차이가 커 내수부제 불량으로 인한 침수 ,,0,,한강,1,충주시 안전총괄과 행정5급 ,,,001,,,,,,충주시,050,충주시 안전총괄과 시설7급,0,,,2016,2024/04/23 17:49:58.000000000,,3,2,,
4315025028,,침수·고립위험,지방2급하천,0.0,4315000000,,02,4315025028102220000015982     ,643286.0,20151224,안전정책과 시설7급,205.0,194.0,Y,3.0,제천천,222,제방 및 교량형하 여유고 부족 및 상류측 재해예방사업 시행에 따른 침수·고립 피해 발생 위험 높음,20160603,20061013,,봉양지구,0.0,431502016008,,1,"제방여유고 부족(최대3.27m) 및 교량형하 여유고 부족(최대2.83m)
상류측 재해예방사업 시행으로 재해위험 위험성 증가 (유달시간 감소)",,0,,한강,4,안전정책과 시설5급,2.0,,004,51.0,,,20240726,정비사업 완료에 따른 재해위험요인 해소,제천시청,013,안전정책과 시설7급,0,,19970203,2015,2024/09/23 15:18:01.000000000,하천기본계획,1,0,,학산리장
4311425300,,용두천,지방2급하천,,4311000000,,,,230000.0,,안전정책과 시설8급,,75.0,,,용두천,216,침수위험으로 인한 재해위험지구 지정,20100525,,국토교통부,장남지구,,431102016002,,3,침수위험,,0,,금강,4,,,,001,43.0,,,20140808,정비완료로 인한 재해위험지구 해제,하천방재과,013,안전정책과 시설8급,0,,,,2019/10/11 18:27:40.000000000,,1,,005,
4311132000,,미원천,지방2급하천,,4311000000,,,,680000.0,,안전정책과 시설8급,,178.0,,,미원천,636,"재해로 인한 인명 및 재산피해 방지, 하천단면 확보로 홍수 및 농경지 보호",20060228,,국토교통부,내산지구,,431102016008,,3,침수위험,,0,,금강,4,,,,001,58.0,,,20080221,재해위험지구 정비사업 완료에 따른 재해위험 해소,하천방재과,013,안전정책과 시설8급,0,,,,2019/10/11 18:24:52.000000000,,1,,005,
4376031022,,,지방2급하천,,4376000000,,,,115700.0,,안전정책과 시설7,,162.0,Y,,안민천,39,"집중호우로 인한 하천구조물 및 제방 유실로 인한 농경지, 도심지 침수피해발생",20160627,,,안민지구,,437602016020,,1,"-  제방고 및 둑마루폭 기준 미달, 제방상태 노후화 및 불량으로 농경지 및 주거지 침수 매몰위험이 있으며, 구간내 홍수관리구역으로 지정된 농경지가 있음.
-  감물면 소재지 및 감물초교는 지반고가 제방고보다 낮고 하천하상고와 차이가 없어 홍수시 우수 역류로 인한 침수 위험이 있음. 
-  남양교 등 9개 교량 여유고 및 경간장 부족으로 인한 홍수 소통능력 저하로 침수피해 발생 위험이 있음. ",,0,,한강,4,안전정책과장,,,001,48.0,,,20231117,재해위험 해소,괴산군청,013,안전정책과 시설7,0,,,2016,2024/11/18 11:15:02.000000000,,1,5,,이장
4374032022,,나등급,군도,,4374000000,,,,40000.0,20131107,시설6급,,,,,월류교,403,유실위험,20131107,,,신흥지구,,437402017017,,3,유실,,0,,금강,4,시설6급,5.0,,005,,,,20230825,정비사업 완료에 따른 재해위험 해소,영동군,004,시설6급,0,,,2013,2024/11/11 11:38:33.000000000,,2,31,,
4373031024,,,국가하천,,4373000000,,02,,134000.0,20161026,옥천군 안전건설과 시설6급,120.0,153.0,Y,1.24,금강,106,"ㆍ주거지 침수지역
ㆍ소하천정비병행
ㆍ침수해소 펌프, 저류지등 정비
",20170410,20060821,,금암,,437302017012,,3, - 금강 수위 상승에 따른 내수에 의한 침수 발생,,0,,금강,2,옥천군 안전건설과 시설6,3.0,,001,56.0,,,,,옥천군 안전건설과,011,옥천군 안전건설과 시설6급,0,,,2016,2024/04/08 17:37:31.000000000,금강하천정비기본계획,1,1,,금암리 이장
4311112400,,낙가소하천,지방관리,,4311000000,,,,90000.0,,안전정책과 시설8,,107.0,,,낙가소하천,80,"낙가천 홍수위 상승으로 제방붕괴, 저지대 침수 발생",20060303,,행정안전부,용암지구,,431102016012,,3,홍수위보다 제방고가 낮아 제방붕괴에 따른 저지대 침수,,0,,금강,4,,,,001,10.0,,,20121123,재해위험지구 정비사업 완료에 따른 재해위험 해소,하천방재과,010,안전정책과 시설8급,0,,,,2019/10/11 18:23:23.000000000,,1,3,001,
4311314100,,서촌소하천,지방관리,,4311000000,,,,800000.0,,안전정책과 시설8급,,547.0,,,서촌소하천,255,"서촌천 홍수위 상승으로 제방붕괴, 저지대 침수 발생",20060303,,행정안전부,서촌지구,,431102016014,,3,홍수위보다 제방고가 낮아 제방붕괴에 따른 저지대 침수,,0,,금강,4,,,,001,20.0,,,20121123,재해위험지구 정비사업 완료에 따른 재해위험 해소,하천방재과,010,안전정책과 시설8급,0,,,,2019/10/11 18:22:25.000000000,,1,1,001,
4831036025,,침수위험지구,기타,0.0,4831000000,,02,4831036025103880016001529     ,20727.0,20140101,시민안전과 공업 7급,174.0,59.0,N,,들막지구,388,내수배제불량 및 조위상승,20170707,20100930,,들막지구,0.0,483102017016,4814.0,19,들막마을이 저지대로 조위상승 및 호우동반에 의한 농경지 침수피해,,0,,기타,4,시민안전과 시설 6급,1.0,82.0,001,35.0,,,20221104,정비사업 완료(2022. 05. 04.),거제시청,050,시민안전과 시설7급,0,,,2014,2022/11/22 09:37:57.000000000,,1,15,,들막이장
4825013300,,,기타,,4825000000,,,,77243.0,,안전도시과 시설7급,186.0,,,,응달지구,292,제방유실 및 월류로 침수피해,20180323,,,응달지구,,482502018006,,2,율하천 미정비 제방으로 인한 집중호우시 제방월류,,0,,낙동강,4,안전도시과 시설6급,1.0,153.0,001,,,,20240416,정비완료,하천과,050,안전도시과 시설9급,0,,,,2024/11/21 15:49:20.000000000,,3,1,,
4725035022,,,지방1급하천,,4725000000,,02,4725035022109420001076809     ,215300.0,20180322,건설과 / 시설7 이재명,125.0,30.0,Y,6.0,병성천,942,"하폭이 협소하고 제방이 낮음. 
교량 통수단면 부족
",20180626,20160318,,병성3지구,,472502018011,,2,"하폭이 협소하고 제방이 낮음. 
교량 통수단면 부족",,0,,낙동강,4,안전재난실장,5.0,,001,10.0,,,,,상주시,012,안전재난실 시설7,0,,20111212,2018,2024/04/11 15:08:43.000000000,병성천 하천기본계획(변경),2,1,,옥산1리이장
4373035032,,,지방지정,,4373000000,,02,,200000.0,20161026,옥천군 안전건설과 시설6급,100.0,200.0,Y,,"의지천, 덕천",151,"ㆍ주거지 침수지역
ㆍ소하천정비병행
ㆍ침수해소 펌프, 저류지등 정비
",20170410,20060821,,의지,,437302017011,,3,"- 2개소하천 합류에 따른 침수 발생
- 제방고 기준 미달, 제방상태 노후화로 농경지 및 주거지 침수",,0,,금강,2,옥천군 안전건설과 시설6급,3.0,,001,110.0,,,,,옥천군,034,옥천군 안전건설과 시설6급,0,,20040710,2016,2023/04/25 16:57:54.000000000,소하천정비종합계획,1,,,의동리장
5115011400,1.0,,,0.0,5115000000,,02,,304000.0,20180227,재난안전과,,75.0,Y,,송정동지구,1038,송정동지구는 강릉남대천 하류부에 인접한 저지대로 홍수 발생시 주택 및 농경지의 침수로 많은 피해가 우려됨,20180227,,,송정동지구,,421502018027,,-1,홍수발생시 주택 및 농경지의 침수 피해가 우려됨,,0,,,1,재난안전과,,,001,30.0,0.0,10.0,,,,-1,재난안전과,0,,20221227,2018,2024/04/22 08:50:01.000000000,,2,,,
5181035023,,,기타,,5181000000,,,4281035023005110001000481     ,10000.0,,인제군 안전교통과 지방시설주사보,200.0,,,,시설없음,511,고립위험,20180306,,,속사동지구,,428102018011,,1,고립위험,,0,,한강,4,인제군 안전교통과 지방시설주사,100.0,100.0,004,,,,20240117,,,050,인제군 안전교통과 지방방재안전8급,0,,,,2024/01/18 09:11:01.000000000,,1,1,,미산2리 이장
4376033025,,,지방2급하천,,4376000000,,,,20810.0,,안전정책과 시설9,,138.0,Y,,원풍천,189,"집중호우로 인한 하천구조물 및 제방 유실로 인한 농경지, 도심지 침수피해발생",20160627,,,원풍지구,,437602016021,,1,"-  집중호우 시 우수관로 단면 부족으로 인한 내수재해 위험
-  제방고 및 둑마루폭 기준 미달, 제방상태 노후화 및 불량으로 농경지 및 주거지 침수 매몰위험
-  행촌교 등 8개 교량 여유고 및 경간장 부족으로 인한 홍수 소통능력 저하로 침수피해 발생 위험",,0,충청북도 괴산군 연풍면원풍리 189-1,한강,2,안전정책과장,,,001,46.0,,,,,안전정책과,013,안전정책과 시설9,0,충청북도 괴산군 연풍면원풍리 189-1,,2016,2024/04/09 13:57:07.000000000,,1,1,,이장
5180031522,5.0,,소교량,0.0,5180000000,,02,,550000.0,20161201,건설과 시설9급,135.0,52.0,Y,2.0,가오작지구,972,외수범람에 의한 농경지 침수와 양지교 훼손지역으로 도로개선과 교량개축에 의한 재해예방대책을 수립할 필요가 있는 지역이라고 판단됨.,20161201,,,가오작지구,0.0,428002017012,50000.0,-1,"하천을 횡단하다는 양지교 및 경간장이 하천기본계획의 시설기준에 미달되고 유수소통에 장애를 주어 양지교의 시설피해가 발생하여 주변 주택,농경지 침수피해 발생 및 침수피해 예상",,0,,,4,,3.0,405.0,005,13.0,0.0,10.0,20210108,,양구군,048,건설과 시설9급,0,,20170410,2016,2024/09/24 17:44:36.000000000,실시설계반영,3,5,,
4793040021,,침수및 유실,소교량,,4793000000,,02,,2160.0,,안전재난건설과 시설7급,,,Y,,남수교,585,노후교량으로 교량여유고 및 경간장 부족 등 (재난위험시설 D긍급),20161017,20060818,행정안전부,매화2-3지구,,479302016012,,-1,"여유고 및 경간장 부족, 슬래브 횡균열 및 침하 교각침식 등",,0,,,4,안전재난건설과 과장,,,005,,,,20201015,,울진군,048,안전재난건설과 시설6급,0,,,2016,2020/10/26 09:38:00.000000000,하천기본계획(지방2급),3,3,001,
4776025029,,,,,4776000000,,02,,47035.0,20190531,건설안전과,,48.0,,,제방,927,교량 여유고 부족 등에 의한 통수능력 저하와 소하천 합류부 유수방해로 인한 제방유실 및 침수피해 우려,20190531,,,상원,,477602019016,,2,침수위험,,0,,낙동강,2,건설안전과 재난방재팀장,,,001,2.0,,,,,건설안전과,-1,건설안전과 재난방재팀,0,,20190531,2019,2024/05/08 15:20:10.000000000,,2,,,
4728025322,,,,,4728000000,,,,115737.0,,,213.0,,,,갈저교,71,집중호우시 유수흐름 지장 및 유송잡물 걸림 등에 의해 교량 상류구간의 수위 상승으로 주거지 및 농경지 침수피해발생 ,20190619,,,갈저지구,,472802019027,,-1,"집중호우시 유수흐름 지장 및 유송잡물 걸림 등에 의해 교량 상류구간의 수위상승으로 주거지 및 농경지 침수피해 발생
소하천인 갈전천 합류지점에 갈저교가 위치하여 주거지 및 농경지(11.57ha) 침수피해 가중",,0,,,1,안전재난과 행정5급,10.0,63.0,005,,,,,,안전재난과,-1,안전재난과 시설9급,0,,,,2023/04/28 17:55:14.000000000,,1,,,
4728025333,,,,,4728000000,,,,67224.0,,가은읍 시설5급,213.0,,,,죽문교,909,"?교량의 여유고 및 경간장 부족으로 홍수 시 유송잡물 걸림에 의한 홍수위 상승으로 주거지 및 농경지 침수위험
?교량지점에서 월류된 하천수가 도로를 따라 이동하여 주거지 및 농경지 침수피해 가중",20190619,,행정안전부,죽문지구,,472802019026,,-1,"- 양산천 교량(죽문교)의 여유고 0.6m(기준 0.6m, 월류 피해발생) 및 경간장 2.5m(기준 15.0m)가 부족하여 집중호우시 유송잡물에 걸림에 의한 수위상승으로 주거지 및 농경지 월류침수 발생
- 교량지점에서 월류된 하천수가 도로를 따라 유하하여 주거지(71개동) 및 농경지(4.41ha) 침수피해 가중",,0,,,1,안전재난과 시설5급,10.0,63.0,005,,,,,,안전재난과,-1,안전재난과 시설6급,0,,,,2020/06/08 10:24:37.000000000,,1,,001,
4784031047,,,지방2급하천,,4784000000,,02,,40726.0,,성주군 시설7급 박인준,,6.0,N,,봉암천세월교,58,봉암천내 세월교 2개소에 의한 수위상승으로 제방유실 위험 및 침수발생,20190620,,,명포,,478402019012,,2,봉암천내 세월교 2개소에 의한 수위상승으로 제방유실 위험 및 침수발생,,0,,낙동강,4,안전과 행정5급,,,005,2.0,,,,,성주군,013,안전과 시설7급,0,,20190620,2019,2024/11/25 09:03:03.000000000,,2,,,
5011010800,,,지방1급하천,4.0,5011000000,,02,,46556.0,20190911,제주시 안전총괄과 하천관리팀장,,990.0,,1.0,하천(한천),2581,하천 월류로 인한 피해를 체계적으로 정비관리하여 재해을 예방하기 위함,20190911,,,한천,,501102019050,,019,"하천 복개구간의 하부 지지구조물에 의한 구조적 통수단면 감소와 하천내 유송잡물 걸림 현상 등에 의한 하천 월류로 복개구조물 파손 및 인명피해,  재산피해 발생 우려가 있음",,0,제주특별자치도 제주시 용담일동 2581-4(한천 복개구간),기타,2,제주시 안전총괄과장,,,005,450.0,,,,,제주시 안전총괄과,012,제주시 안전총괄과 지방시설8급,0,제주특별자치도 제주시 용담일동 2581-4(한천 복개구간),,2019,2024/10/01 11:08:24.000000000,,1,4,,
4377025025,,상습가뭄지구,기타,,4377000000,,,4377025025108690000000001     ,150000.0,,"균형개발과, 시설7급",,,,,한벌지구,869,농업용수 부족에 따른 가뭄으로 인명·재산피해 우려,20190116,,,한벌지구,,437702019012,,1,농업용수 부족에 따른 가뭄으로 인명·재산피해 우려,,0,,한강,1,균형개발과 기반조성팀장,,,007,,,,,,균형개발과,050,균형개발과 시설7급,0,,,,2024/04/09 18:12:50.000000000,,3,0,,
4377036030,,상습가뭄지구,기타,,4377000000,,,,380000.0,,"균형개발과, 시설7급",,,,,차곡지구,137,농업용수 부족에 따른 가뭄으로 인명·재산피해 우려,20190116,,,차곡지구,,437702019014,,1,농업용수 부족에 따른 가뭄으로 인명·재산피해 우려,,0,,한강,1,균형개발과 기반조성팀장,,,007,,,,,,균형개발과,050,"균형개발과, 시설7급 ",0,,,,2024/04/09 17:12:40.000000000,,3,,,
3611025031,5.0,,지방1급하천,0.0,3600000000,,02,,94202.0,20190930,물관리정책과 시설6급,100.0,20650.0,Y,1.0,신흥,54,"호우시 배수 불량 및 노후 호안 유실 등으로 인한 침수 위험지역으로 인명 및 재산피해 발생 우려
(지정변경일 2022.2.3.)",20190930,20130107,,신흥,,360002019001,,3,"   - 대규모 아파트단지 개발로 인한 불투수면적 증가로 빗물 유출량이 증가하여 많은 양의 우수가 집중되면서 기존 배수시설의 용량을 초과하여 침수피해 발생
   - 집중호우시 노후호안의 유실 및 제방의 붕괴위험 세월교의 노후, 여유고 부족 등으로 수위 상승시 하천(조천) 범람 위험과 인명 및 재산피해 발생",,0,,금강,3,자연재난과장,2.0,20.0,001,3730.0,0.0,10.0,,,세종특별자치시청,012,자연재난과 시설7급,0,,,2019,2024/04/09 16:26:41.000000000,,2,0,,
4374032032,,침수위험,지방2급하천,,4374000000,,,4374032032107710001003277     ,30000.0,20191007,재난안전과 시설7급,200.0,10.0,,,노근지구,771,"집중호우시 서송원천 통수단면 부족으로 상습적인 하천범람 피해가 발생하였으며, 우안측 세굴발생으로 제방도로의 붕괴 가능성 높음",20191007,,,노근지구,,437402019021,,3,"집중호우시 서송원천 통수단면 부족으로 상습적인 하천범람 피해가 발생하였으며, 우안측 세굴발생으로 제방도로의 붕괴 가능성 높음",,0,,금강,2,재난안전과 시설6급,3.0,40.0,001,5.0,,,,,영동군청 재난안전과,013,재난안전과 시설7급,0,,,2019,2024/04/16 21:13:53.000000000,,1,1,,
4374039022,,,국가하천,,4374000000,,02,,686000.0,20191007,시설7급,,15.0,N,,송호지구,6,집중호우에 의한 금강 및 학산천 홍수위 상승시 통행량이 많은 송호로에 위치한 원당잠수교 침수시 인명 및 차량피해 가능성 높음,20191007,20061011,,송호지구,,437402019022,,3,원당잠수교 침수시 인명 및 차량피해 가능성 및 통행불가,,0,,금강,2,시설6급,,,001,6.0,,,,,영동군청 재난안전과,011,시설7급,0,,,,2024/04/16 21:35:18.000000000,영동군자연재해저감종합계획,1,4,,원당리이장
4374034027,,침수위험,지방1급하천,,4374000000,,,,179000.0,20191007,시설6급,,6.0,,,수원지구,841,"초강천 수위 상승시 내수배제 불량으로 농경지 침수 발생, 농경지 배수로의 통수단면 부족으로 시설재배지 상습침수",20191007,,,수원지구,,437402019023,,3,"초강천 수위 상승시 내수배제 불량으로 농경지 침수 발생, 농경지 배수로의 통수단면 부족으로 시설재배지 상습침수, 집중호우시 서측 산지에서 다량의 유출수가 시설지배지가 밀집한 대상지구로 유입되어 침수피해",,0,,금강,2,시설6급,,,001,3.0,,,,,영동군 재난안전과,012,시설7급,0,,,2019,2024/04/16 21:26:44.000000000,,3,,,
4889037027,,하천범람 및 침수,지방2급하천,,4889000000,,02,,137000.0,,안전총괄과 방재담당,189.0,280.0,,,성산 자연재해위험개선지구,272,"집중호우 시 하천의 월류 및 내수배제 불량으로 도로, 농경지 및 저지대 주택구역 침수로 인한 인명 및 재산피해 발생우려지구",20190918,20070108,,성산 자연재해위험개선지구,,488902019018,,19,하천의 통수단면적 부족 및 하천 제방고가 낮아 매년 우수기 시 강우로 인한 내수침수 와 하천범람으로 인명피해 및 작물피해 발생 ,,0,,기타,1,안전총괄과장,2.0,30.0,001,153.0,,,,,합천군,013,안전총괄과 지방시설주사보,0,,,,2024/04/08 15:17:40.000000000,,1,,,쌍책면 환경개발담당 시설8급
2714014200,,,지방1급하천,,2714000000,,,,41000.0,,건설과 시설8급,104.0,,,,중대지구,328,"현 제방 여유고 부족 및 노후된 낙차공으로 인해 하도 내 토사 퇴적으로 인한 수위상승이 가중되고, 하류부의 경우 빠른 유속으로 하상세굴 및 호안파손이 발생하고 있음.",20190920,,,중대지구,,271402019003,,2,"근처 음식점과 휴양시설 및 주거시설이 위치, 집중호우시 제방 유실 및 제방도로 침수로 인한 관광객 피해 우려",,0,,낙동강,4,안전총괄과 시설6급,,,001,,,,20221212,,동구청 건설과,012,안전총괄과 시설8급,0,,,,2023/04/20 11:04:54.000000000,,3,,,
4418041024,,외수,군천,0.0,4418000000,,02,,61433.0,20210901,안전총괄과 시설7급 ,,65.0,N,,송학소하천,405,"만조시 수문 폐쇄로 인하여 내수배재 불량, 저지대 주거지 및 농경지 침수 발생",20210901,20130430,,송학지구,,441802019007,,19,평상시 배수문을 통하여 서해로 유입되지만 서해바다 만조시 배수문 폐쇄로 하도저류가 되므로 주변 농경지 및 주거지의 침수피해 발생,,0,,기타,2,안전총괄과 행정5급,2.0,195.0,001,35.0,,,,,보령시청,042,안전총괄과 시설7급,0,,20181019,2021,2024/04/12 16:37:05.000000000,송학소하천기본계획,2,,,
4421039021,,,지방2급하천,,4421000000,,,4421039021104260000065561     ,179128.0,,지방시설사무관,100.0,156.0,,1.0,반양지구(반양천),426,침수위험지역 및 하류부 제내지 저지대 침수피해 발생,20191218,,,반양지구,,442102019004,,19,제내지 저지대 농경지 및 주택 상습 침수,,0,,기타,3,건설과 지방시설주사,2.0,,001,49.0,,,,,서산시청(건설과),013,건설과 지방시설주사보,0,,,,2024/09/20 11:51:30.000000000,,1,0,,
2635010500,,,지방관리,,2635000000,,02,,171100.0,,해운항만과,,17000.0,N,1.0,수영만지구,1410,"태풍 및 폭풍내습시 월파로 인한 인명, 재산 피해 우려",20161201,20160415,,수영만지구,2.0,263502016004,36000.0,19,"태풍 등 내습시 외해에서 전파되는 파랑을 효율적으로 차단하지 못하여 월파로 인한 도로 및 건물 파손이 
지속적으로 발생하고 있으며, 대상지역의 노인인구 비율이 높아 인명피해 우려가 매우 높음",,0,,기타,3,점검복구팀장,4.0,,006,5300.0,,,,,해운대구청,010,안전총괄과 행정7급,0,,20161201,2016,2024/04/04 12:54:31.000000000,,1,,,
4777036032,,해안재해,기타,,4777000000,,,,3627.0,20170321,안전재난과 시설7,,126.0,,,대진3지구,471,자연재해로부터 인명과 재산피해를 예방하기위함,20170321,,,대진3지구,,477702017015,,19,해일위험,,0,,기타,4,안전재난과 시설6,,,006,52.0,,,,,안전재난과,050,안전재난과 시설7,0,,,2015,2024/04/11 17:11:16.000000000,,2,1,,
5115025021,,,,0.0,5115000000,,02,,25000.0,20180227,재난안전과,,40.0,,,주문7리지구,122,주문7리 지구는 기후변화로 인한 너울성 고파랑에 의한 파도내습으로 인명피해 및 해안도로 파손이 우려 됨,20180227,,,주문7리지구,,421502018025,,-1,너울성 고파랑으로 인명피해 및 해안도로 파손 위험 있음.,,0,,,4,재난안전과,,,006,15.0,,,20220314,사업 완료에 따른 해제,,-1,재난안전과,0,,20180227,,2024/04/09 11:09:58.000000000,,1,35,,
3117010600,,,,,3117000000,,,,16522.0,,울산 동구청 안전관리과 시설9급,,,,,급경사지,173,"C등급 중 재해위험도 평가점수가 51점 이상이고, 붕괴 시 인명피해우려가 있어 지속적인 점검 등이 필요한 지역.
낙석 및 하부암이탈 손상 발생, 추가적인 붕괴우려가 있음.",20160504,,행정안전부,동해안로지구 붕괴위험지역 정비 사업,,311702018002,,-1,"낙석 및 하부암이탈 손상 발생, 추가적인 붕괴우려가 있음",,1,동해안로지구(8-1),,4,,,,002,,,,20190415,붕괴위험지역 정비사업 완료,,-1,,0,동해안로지구(8-1),,,2019/05/03 10:29:09.000000000,,3,1,001,주민
3114010500,,,국가하천,,3114000000,,,3114010500113200001007487     ,8084000.0,20030312,,,,,,태화강여천천,1320,기존 하수관거의 경사가 불량하고 태화강으로 배출되는 BOX의 일부가 태화강 수위보다 낮아 집중호우 시 내수침수로 인한 재해위험요인 ,20030312,,,삼산여천재해위험지구,,311402016002,,11,해당없음,,0,,태화강,4,,,,001,,,,20130611,"배수펌프장(Q=150㎥/min), 우수관로정비, 유수지 준설 후 침수피해 없음
",,011,,0,,20030312,2003,2022/10/24 10:37:46.000000000,,1,1,,
4688034021,,,지방2급하천,,4688000000,,02,,370000.0,,재난안전과 시설7,1175.0,30.0,Y,,삼서천,930,하폭 및 제방고 부족으로 침수위험 법면과 하상에 퇴적 영향으로 홍수시 수위 상승 발생,20180131,,,삼서지구,,468802018016,,4,하폭 및 제방고 부족으로 침수위험 법면과 하상에 퇴적 영향으로 홍수시 수위 상승 발생,,0,,영산강,4,재난안전과 시설5,2012.0,452.0,001,17.0,,,,,장성군,013,재난안전과 시설7,0,,,,2024/09/24 20:22:52.000000000,,2,1,,
4688034022,,,지방2급하천,,4688000000,,02,,407000.0,,재난안전과 시설7,3225.0,8.0,Y,,유평천,463,"하폭 및 제방고 부족으로 침수위험 호안 없고, 하상경사가 급하여 법면 및 기초부 유실, 구조물 노후화로 침수위험",20180131,,,유평지구,,468802018017,,4,"하폭 및 제방고 부족으로 침수위험 호안 없고, 하상경사가 급하여 법면 및 기초부 유실, 구조물 노후화로 침수위험",,0,,영산강,2,재난안전과 시설5,2004.0,515.0,001,4.0,,,,,,013,재난안전과 시설7,0,,,,2024/09/24 20:20:25.000000000,,2,7,,
2714014500,,,지방1급하천,,2714000000,,,,6927.0,20170712,동구청 건설과 시설8급,168.0,,,,지묘지구,731,"하천변으로 주거지 및 농경지가 위치하며, 통수단면적이 부족하여 하천범람으로 인한 침수피해가 발생하였고 향후 집중호우 등으로 인명 및 재산 피해가 예상 됨",20170712,,행정안전부,지묘지구,,271402017002,,2,하천범람,,0,,낙동강,4,동구청 안전총괄과 시설6급,2011.0,,001,,,,20200527,지묘 자연재해위험개선지구의 정비사업 완료로 재해위험요인 해소,동구청 건설과,012,동구청 안전총괄과 시설9급,0,,,2017,2021/01/25 17:43:53.000000000,,3,,001,
5211312000,,,기타,,5211000000,,02,,743765.0,,송천2동장,,40.0,Y,1.0,월평,1475,"본 유역은 국가하천 전주천 우안에 접한 저지대 상습 침수구역으로, 전주천 수위상승시 자연배수가 불가능하여 침수피해가 발생되는 지역",20170728,20121030,,월평,,451102018001,,9,집중호우시 지구내 배수체계 미확보 및 전주천 수위상승에 따른 내수배제 불량으로 침수피해 상습 발생 우려,,0,,만경강,1,재난안전과장,,,001,15.0,,,,,재난안전과,050,재난안전과 자연재난팀장,0,,20230914,2017,2024/09/20 13:56:27.000000000,자연재해저감종합계획,1,,,
3114010600,,,기타,,3114000000,,,3114010600116380010006668     ,150000.0,20030312,,,,,,태화강여천천,1638,기존 하수관거의 경사가 불량하고 태화강으로 배출되는 BOX의 일부가 태화강 수위보다 낮아 집중호우 시 내수침수로 인한 재해위험요인 ,20030312,,,(구)울산역광장지구,,311402016001,,11,침수위험,,0,,태화강,4,,,,001,,,,20130611,"배수펌프장(Q=260㎥/min) 및 토출관로(D1,650mm, 870m) 설치 후 침수 피해 없음
",,050,,0,,20030312,2003,2022/10/24 10:41:17.000000000,,1,10,,
4777031031,,자연비탈면 또는 산지,사유림,,4777000000,,00,,1600.0,20191224,안전재난과 시설 7,,24.0,Y,,자연비탈면,75,자연비탈면으로 낙석사고 발생시 인면피해 및 재산피해 발생,20191224,,,강구4-A,,477702017017,,-1,자연비탈면 낙석,,1,,,2,안전재난과 시설6,,,002,14.0,,,,,안전재난건설과,016,안전재난과 시설7,0,,20191224,2017,2024/04/17 16:47:17.000000000,풍수해저감종합계획,2,1,,강구4리 마을이장
5275031023,,,지방2급하천,,5275000000,,02,,66000.0,,안전관리과 시설6급,,30.0,Y,,백이천,240,하천 미정비에 따른 침수피해 발생,20180207,,,암포지구,,457502018020,,5,"미정비된 백이천(지방) 상류 좌·우안 저지대로 집중호우시 외수위 상승에 따른 배수영향, 하천시설기준 미달 구조물(낙차공, 교량) 및 하폭 부족, 하도 퇴적에 따른 통수능 부족으로 인한 범람 우려가 있으며, 기존 우수관로가 저지대 방류구로 집중되어 배제시간 지연에 따른 침수 피해 발생",,0,,섬진강,4,안전관리과 시설5급,,,001,12.0,,,,,임실군청,013,안전관리과 시설6급,0,,20180207,2017,2023/04/24 09:42:05.000000000,백이천 하천기본계획,2,,,암포마을이장
5279034023,,,지방2급하천,,5279000000,,02,,183000.0,,공음면장,103.0,52.0,Y,,장동천,881,내수배제 불량,20180116,20100319,,장동지구,,457902018018,,19,"장동천의 유로선형 불량에 의한 유수흐름 방해, 하천의 통수단면 및 제방여유고 부족으로 재수배제 불량으로 장동마을 시가지 저지대 상습적인 침수피해 발생",,0,,기타,3,안전총괄과장,1.0,35.0,001,22.0,,,,,고창군 안전총괄과,013,복구지원팀 시설7급,0,,,,2024/04/15 20:40:28.000000000,장동천 기본계획,1,1,,
4884038027,,,소규모어항,1.0,4884000000,,02,,48000.0,20171220,해양수산과 시설8급,198.0,80.0,,,감암지구,558,해일 및 고파랑 내습시 주택 및 어항시설 침수피해 발생,20180504,20151002,,감암지구,,488402018017,,5,"태풍 및 고파랑 내습시 주거지 및 도로, 어항시설 상습 해일범람 및 월파피해",,0,,섬진강,4,재난안전과 시설5급,1.0,,006,15.0,,,20240308,,남해군 설천면사무소,036,재난안전과 시설6급,0,,,2017,2024/03/18 11:02:38.000000000,,1,17,,감암이장
5013025327,5.0,,소규모어항,,5013000000,,00,,920.0,20170125,서귀포시 안전총괄과 시설7급,,15.0,Y,2.3,호안정비 L=100m,811,"태풍 발생시 월파로 인한 어항도로시설 및 주거지, 상가시설 구조물 파손 및 침수피해 발생, 인명피해 우려로 풍수해저감종합계획상 위험지구로 지정",20170125,20091125,,위미1,,501302017042,141734.0,19,"피해주기 0.5년(지반고 EL 400.0cm, 최대해일고 100.6cm, 유의파고 620.0cm)
매년 태풍 발생시 월파로 인한 해안시설물 파손 및 침수피해 발생되며, 해안저지대 지역으로 해일 및 월파에 대한 방지시설 부족",,0,,기타,4,서귀포시 안전총괄과 복구지원팀장,,,006,5.0,5.0,0.0,,,서귀포시,036,서귀포시 안전총괄과 시설7급,0,,20170125,2017,2024/09/29 11:10:47.000000000,지정고시,2,1,,
5173035024,,,지방2급하천,,5173000000,,02,,163000.0,,재난안전과 임기제다급,,35.0,N,,유동지구,1314,고립,20191024,20120515,,유동지구,,427302018022,,1,고립,,0,,한강,4,재난안전과장,,,004,15.0,,,20240424,정비사업 완료에 따른 재해위험요소 해소,횡성군청,013,재난안전과 임기제다급,0,,,,2024/11/05 13:08:34.000000000,,1,1,,
4380031021,,자연비탈면,지자체소유림,,4380000000,,00,,20000.0,20100531,단양군 안전건설과 시설8급,,55.0,N,,장림 급경사지 붕괴위험지구,8,-자연비탈면 붕괴로 인한 인명 및 재산 피해 우려,20100531,,행정안전부,장림지구,,438002017016,,-1,"- 집중호우에 따른 자연비탈면 붕괴
- 배수 불안정",,1,,,4,,,,002,11.0,,,20190228,,단양군,015,,0,,,2010,2020/06/16 15:48:43.000000000,,1,8,001,장림리장
5218044021,,,,,5218000000,,02,,40951.0,20180302,시설6급,420.0,126.0,,,정량천,399,"상습침수피해
(하천구역 인근 주택 및 농경지 침수발생)",20180302,,,정량지구,,451802018012,,8,"형하여유고 및 경간장 부족, 제방고 및 여유고 부족",,0,,동진강,4,안전총괄과 시설6급,2.0,64.0,001,42.0,,,20230330,정비사업 완료,정읍시,-1,안전총괄과 시설7급,0,,,,2025/01/02 13:24:05.000000000,,2,2,,원정마을 이장
5173038021,,,지방2급하천,0.0,5173000000,,02,,80825.0,,재난안전과 임기제다급,100.0,10.0,,,예버등지구,389,고립위험지구(집중호우시 잠수교 월류에 따른 고립),20200228,,,예버등지구,,427302018021,,1,고립,,0,,한강,2,재난안전과장,1.0,20.0,004,5.0,,,,,횡성군청,013,재난안전과 임기제다급,0,,,,2023/06/16 18:28:10.000000000,,1,,,
5013025324,2.0,,농로,,5013000000,,02,,20540.0,20170125,서귀포시 안전총괄과 시설7급,162.0,,Y,7.0,"배수로정비 L=1,386m배수로정비 L=900m",501, 집중호우시 배수시설 부족으로 우수가 도로를 따라 흘러 저지대 농경지로 유입되어 침수가 발생됨에 따라 풍수해저감종합계획상 위험지구로 지정,20170125,20091125,,수망3,,501302017039,,19,상류지역의 유출수가 배수시설이 미비한 저지대 지역으로 집중됨에 따라 농경지 및 도로변 주거지 등에 침수가 발생,,0,,기타,4,서귀포시 안전총괄과 복구지원팀장,2.0,42.0,001,,2.0,3.0,,,서귀포시,049,서귀포시 안전총괄과 시설7급,0,,20140324,2017,2024/09/29 11:10:29.000000000,풍수해저감종합계획,3,,,
5013032026,1.0,,지방관리,,5013000000,,02,,1150.0,20170125,서귀포시 안전총괄과 시설7급,,,Y,8.0,도로정비 및 호안신설 L=120m,423," 태풍 발생시 월파로 인한 어항도로시설 및 주거지, 상가시설 구조물 파손 및 침수피해 발생, 인명피해 우려로 풍수해저감종합계획상 위험지구로 지정",20170125,20091125,,토산,,501302017044,,19,"0.5년(지반고 EL.400.0cm, 최대해일고 141.0cm, 유의파고 400.0cm)
매년 태풍 발생시 월파로 인한 해안시설물 파손 및 침수피해 발생되며, 해안저지대 지역으로 해일 및 월파에 대한 방지시설 부족",,0,,기타,4,서귀포시 안전총괄과 복구지원팀장,,,006,,1.0,2.0,,,서귀포시,010,서귀포시 안전총괄과 시설7급,0,,20140324,2017,2024/09/29 11:11:00.000000000,풍수해저감종합계획,2,10,,
5181033022,,,기타,,5181000000,,02,,10000.0,,인제군 안전건설과 시설7급 한민호,,6.0,N,,서리교,1396,"고립위험에 따른 인명 및 재산보호
* 교량설치",20180306,,,서리지구,,428102018007,0.0,1,고립위험,,0,,한강,4,인제군 안전건설과 시설7급 한민호,,,004,3.0,,,,,인제군,050,인제군 안전건설과 방재안전9급 윤선호,0,,,,2023/04/27 13:16:06.000000000,,1,,,기린면 북리 이장 신성철
5181034023,,급경사지,지방도,,5100000000,,,,1.0,,도로관리사업소 북부지소 지방시설주사보 선동호,,,,,서화3지구,21,급경사지 붕괴위험 지역,20160613,,,서화3지구,,420002018006,,-1,낙석,,1,,,4,,,,002,,,,,,,002,,0,,,,2024/11/19 17:23:11.000000000,,3,,,
5180025032,,,,,5180000000,,02,,7460.0,,건설과 시설 9급,280.0,10.0,N,,부지성토,164,급격한 호우 시 우수 배제 시설이 제대로 되어있지않아 주택침수가 발생함,20180130,20170116,,정림지구,,428002018013,,-1,도로보다 주택 및 농경지가 낮은 저지대로 내수배제 불량으로 침수피해가 발생 ,,0,,,4,건설과 시설 6급,9.0,,001,3.0,,,20240418,,양구군청,-1,건설과 시설 9급,0,,20100101,,2024/09/24 17:44:52.000000000,,2,17,,
5182025022,,,기타,,5182000000,,,4282025022101230009001695     ,45830.0,,고성군청 안전교통과 시설8급,,40.0,,,신안,123,남천 계획홍수위보다 낮은 저지대로 외수위 상승시 내수배제 불량으로 인한 침수피해 발생 우려,20180816,,,신안지구,,428202018018,,19,남천 및 금수천 수위 상승시 강제배수시설 부재와 우수관거의 경사 불량 등 배수체계의 불량,,0,주택,기타,4,고성군청 안전교통과 행정5급,2.0,,001,20.0,,,20210402,정비사업완료(2021. 1),고성군청 안전교통과,050,고성군청 안전교통과 시설8급,0,주택,,,2023/01/09 09:11:04.000000000,,1,9,,
4833033023,5.0,잠수교,지방1급하천,1.0,4833000000,,02,,1719.0,20170316,지방시설주사보,56.0,2.0,Y,2.0,공암잠수교,1070,2016.12.22.(1일 강우량 56.5mm) 공암잠수교를 통행하던 차량이 급류에 휩쓸려 인명(사망 1명) 및 재산(차량침수)피해 발생함,20170316,20110107,,공암삼거리,,483302017017,1000000.0,2,적은 강우량에도 양산천 급류 발생함으로 안전사고 발생 우려가 예상됨,,0,,낙동강,4,지방시설주사,2016.0,,005,1.0,0.0,10.0,20211217,정비사업 완료로 재해위험요인 해소,양산시,012,지방지설주사,0,,20170317,2017,2021/12/17 17:36:01.000000000,양산천 하천기본계획,1,,,
5181034022,,,소교량,,5181000000,,02,,10000.0,,안전건설과 지방시설7급 ,,12.0,,,위탕소세월교,1147,"고립에 따른 인명 및 재산보호
* 교량설치",20180306,20070109,,위탕소지구,,428102018008,0.0,1,고립 위험,,0,,한강,4,안전건설과 지방시설사무관,,,004,3.0,,,20240117,,인제군,048,안전건설과 지방시설7급 ,0,,20150403,,2024/01/18 09:11:43.000000000,,1,1,,서흥1리 이장
4684036026,,,기타,0.0,4684000000,,02,,76600.0,20160128,안전총괄과 시설7급,114.0,76.0,Y,1.0,해제 자연재해위험개선지구,187,시설물 및 군민의 생명과 재산보호,20160128,20110713,,해제,0.0,468402016008,0.0,-1,시가지 복개구간 및 하천 하폭 통수능력 부족에 따른 내수배제불량,,0,전라남도 무안군 해제면 양간천길  30    ,,4,안전총괄과 시설6급,2.0,63.0,001,38.0,,,,,무안군청,050,안전총괄과 시설7급,0,,20050926,2016,2021/11/17 15:56:06.000000000,소하천정비종합계획,1,2,,
4686037024,,침수위험,지방관리,0.0,4686000000,,02,,469870.0,20160315,지방시설서기,196.0,58.0,Y,4.0,구계 자연재해위험개선지구,822,면소재지 침수위험 대비,20160315,,,구계지구,0.0,468602016014,36491.0,4,시가지 복개구간 및 하천 통수단면이 부족하고 제방이 낮아 하천범람으로 인한 침수피해를 방지코자함.,,0,,영산강,2,지방시설6급,1.0,70.0,001,29.0,,,,,함평군,010,지방시설8급,0,,,2016,2022/10/30 10:52:51.000000000,구계 자연재해위험개선지구,1,37,,
4686036021,,침수위험지구,기타,0.0,4686000000,,02,,127000.0,20160315,지방시설8급,196.0,24.0,N,0.0,나산1지구,268,내수배제 불량에 의한 침수피해,20160315,,,나산1지구,0.0,468602016015,2870.0,4,저지대 내수배제 불량에 의한 면소재지 침수피해,,0,전라남도 함평군 나산면 나산길  56-13   ,영산강,3,지방시설6급,2.0,70.0,001,12.0,,,,,함평군청,050,지방시설8급,0,,,,2022/10/30 10:40:18.000000000,,1,0,,
4793025024,,,군도,0.0,4793025000,,02,,8820.0,20160316,안전재난건설과 시설6급,0.0,12.0,N,2.0,해안시설,86,태풍 및 너울성 파도상습 피해지역,20160118,,행정안전부,온양2-1,0.0,479302016010,0.0,-1,태풍 및 너울성 파도로 인한 도로시설 파손 및 인접주택 피해,,0,경상북도 울진군 울진읍 울진북로  967    ,,4,안전재난건설과 과장,0.0,0.0,006,5.0,,,20201015,,울진군,004,안전재난건설과 시설6급,0,,,,2020/10/26 09:37:23.000000000,,2,0,001,
4793025327,,,군도,0.0,4793025300,,02,,7740.0,20160316,안전재난건설과 시설6급,0.0,6.0,N,2.0,해안시설,299,태풍 및 너울성파도 상습발생 지역,20160118,,행정안전부,거일2-4,0.0,479302016011,0.0,-1,태풍및 너울성 파도로 인한 도로시설 파손 및 인접주택 피해,,0,경상북도 울진군 평해읍 울진대게로  497-1   ,,4,안전재난건설과 과장,0.0,0.0,006,3.0,,,20201015,,울진군,004,안전재난건설과 시설6급,0,,,2016,2020/10/26 09:37:41.000000000,,2,0,001,
4680034023,,,지방2급하천,1.0,4680034000,전라남도 장흥군 장평면 양촌리 588,02,,351350.0,20160317,재난안전과/시설7급,452.0,60.0,Y,1.0,용강천,588,35.1ha 침수피해 예방,20160317,20110217,행정안전부,용강지구,2.0,468002016030,480000.0,19,하천통수단면 부족 침수피해 발생,,0,,기타,2,재난안전과/시설5급,3.0,70.0,001,29.0,,,,,장흥군청,013,재난안전과/시설7급,0,,20141010,2016,2020/11/26 18:44:47.000000000,용강천기본계획,1,0,001,리장
4680036021,,,지방2급하천,2.0,4680036000,전라남도 장흥군 부산면 내안리 457,02,,130980.0,20160317,재난안전과/시설7급,415.0,20.0,Y,2.0,내안천,457,13.1ha 침수피해 예방,20160309,20110217,행정안전부,내안지구,0.0,468002016029,284000.0,12,하천 통수단면 부족 침수피해 우려,,0,"전라남도 장흥군 부산면 안곡1길  25 , 전라남도 장흥군 부산면 내안리 457  ",탐진강,3,재난안전과/시설5급,3.0,76.0,001,9.0,,,,,장흥군청,013,재난안전과/시설7급,0,,20130118,2016,2020/11/27 10:05:10.000000000,내안천정비사업,1,0,001,리장
4374040032,,내수침수,지방1급하천,0.0,4374000000,,02,,200000.0,20160415,시설6급,100.0,52.0,N,5.0,영동천,669,산이천수위 상승으로 인한 내수배제 불량,20160415,20061011,,각계지구,0.0,437402016015,1000.0,3,영동천 수위상승으로 인한 산이소하천 내수 배제 불량으로 도로 고립피해 발생,,0,,금강,2,시설6급,3.0,0.0,004,20.0,,,,,안전관리과,012,시설6급,0,,19991217,2016,2023/04/26 09:40:21.000000000,영동군자연재해저감종합계획,1,1,,지계리장
4374037024,,고립침수위험,지방1급하천,0.0,4374000000,,02,,200000.0,20160317,시설8급,100.0,239.0,N,5.0,용화천,368,제방 미정비 및 통수단면적 부족으로 인한 피해,20160415,20061011,,월전지구,0.0,437402016016,1000.0,3,"하천기본계획 미정비로 인한 통수단면적 부족 및 제방 미정비로 집중호우 시 하천 범람으로 인한 침수,고립피해 발생",,0,,금강,1,시설6급,10.0,0.0,004,114.0,,,,,안전관리과,012,시설8급,0,,20140523,2016,2023/04/26 09:40:08.000000000,용화천 하천기본계획,1,0,,월전리장
4680035029,,,지방2급하천,0.0,4680035000,전라남도 장흥군 유치면 반월리 14-,02,,27490.0,20160317,재난안전과/시설7급,415.0,10.0,Y,1.0,반월천,14,2.75ha 침수피해 예방,20160317,20110217,,반월지구,0.0,468002016031,284000.0,12,하천 통수단면부족 침수피해 발생,,0,,탐진강,1,재난안전과과/시설5급,3.0,76.0,001,6.0,,,,,장흥군청,013,재난안전과/시설7급,0,,20130118,2016,2022/10/13 13:09:51.000000000,반월천,1,2,,리장
4373035025,,,지방관리,0.0,4373000000,,02,,287000.0,20160320,옥천군 안전건설과 시설6급,51.0,153.0,Y,0.0,신매지구,297,"통수단면 및 제방여유고 부족으로 호안유실, 가옥침수",20160630,20060821,,신매,0.0,437302016009,0.0,3,보청천 수위 상승에 따른 내수에 의한 침수 발생,,0,,금강,2,옥천군 안전건설과 시설6급,3.0,0.0,001,56.0,,,,,안전건설과,010,옥천군 안전건설과 시설6급,0,,20040320,2016,2024/04/08 15:43:27.000000000,소하천종비종합계획,1,0,,신매이장
4313037024,,,지방관리,0.0,4313000000,,00,,35000.0,20160322,안전총괄과 시설7,0.0,356.0,N,0.0,단암배수펌프장,172,침수 및 고립,20160518,,,단암,0.0,431302016007,0.0,1,집중호우시 남한강 본류 수위 상승으로 인한 내수배제 불량으로 주거지역 및 농경지 침수위험 상존,,0,,한강,4,안전총괄과장,0.0,0.0,001,179.0,,,20230908,정비사업 완료에 따른 재해위험요인 해소,충주시,010,안전총괄과 시설7,0,,,2016,2025/01/14 20:16:44.000000000,,1,0,,
4313031033,,,지방관리,0.0,4313000000,,02,,32000.0,20160322,안전총괄과 시설7,150.0,43.0,N,0.0,토계배수펌프장,447,침수 및 고립,20160518,,,토계,0.0,431302016006,0.0,1,집중호우시 충주댐의 방류로 인한 탄금호 수위상승 및 괴산댐의 방류수가 달천의 수위를 상승시켜 내수배제 불량으로 인한 침수 및 고립발생,,0,,한강,4,안전총괄과장,0.0,0.0,001,23.0,,,,,충주시 하수과,010,안전총괄과 시설7,0,,,2016,2025/01/14 20:19:24.000000000,,1,0,,
4311132000,,구룡천,지방2급하천,,4311000000,,,,1500000.0,,안전정책과 시설8급,,135.0,,,구룡천,298,"구룡천 홍수위 상승으로 제방붕괴, 저지대 침수",20060228,,국토교통부,기암지구,,431102016020,,3,홍수위보다 제방고가 낮아 제방붕괴에 따른 저지대 침수,,0,,금강,4,,,,001,48.0,,,20140205,재해위험지구 정비사업 완료에 따른 재해위험 해소,하천방재과,013,안전정책과 시설8급,0,,,,2019/10/11 18:19:08.000000000,,2,,005,
3171025322,,,,1.0,3171000000,,02,3171025322110230051014972     ,297729.0,20220406,안전총괄과 시설7급,319.0,2900.0,N,,언양 반천 자연재해위험개선지구,1023,태화강 외수위 상승에 따른 배수불량과 반천천 미정비로 침수피해 발생,20221006,,,반천,,317102018008,,11,"태화강 외수위 상승시 내수배제 불량, 반천천 하폭 및 제방여유고 부족, 반천천 하류부 수로암거 통수단면 부족",언양읍 서기혁주무관,0,,태화강,3,안전총괄과 시설6급,1.0,131.0,001,1020.0,,,,,안전총괄과,-1,안전총괄과 시설7급,0,,20221006,2022,2024/04/15 10:30:37.000000000,,1,51,,미연2리 이장
4311425300,,후기소하천,지방관리,,4311000000,,,,1360000.0,,안전정책과 시설8급,,670.0,,,후기소하천,420,"재해로 인한 인명 및 재산피해 방지, 하천단면 확보로 홍수 및 농경지 보호",20060228,,행정안전부,후기지구,,431102016009,,3,침수위험,,0,,금강,4,,,,001,95.0,,,20100428,재해위험지구 정비사업 완료에 따른 재해위험 해소,하천방재과,010,안전정책과 시설8급,0,,,,2019/10/11 18:24:25.000000000,,2,,001,
4311312000,,양택이소하천,지방관리,,4311000000,,,,260000.0,,안전정책과 시설8급,,274.0,,,양택이소하천,125,"양택이천 홍수위 상승으로 제방붕괴, 저지대 침수발생",20060303,,행정안전부,신전지구,,431102016017,,3,홍수위보다 제방고가 낮아 제방붕괴에 따른 저지대 침수 ,,0,,금강,4,,,,001,10.0,,,20130614,재해위험지구 정비사업 완료에 따른 재해위험 해소,하천방재과,010,안전정책과 시설8급,0,,,,2019/10/11 18:20:48.000000000,,1,4,001,
5013025931,2.0,,군도,,5013000000,,02,,133900.0,20170125,서귀포시 안전총괄과 시설7급,171.0,,Y,4.0,"배수로정비 L=1,443m",2509,집중호우시 배수시설 부족으로 우수가 도로를 따라 흘러 저지대 농경지로 유입되어 침수가 발생됨에 따라 풍수해저감종합계획상 위험지구로 지정,20170125,20091125,,난산1,,501302017040,,19,상류지역의 유출수가 배수시설이 미비한 저지대 지역으로 집중됨에 따라 농경지 및 도로변 주거지 등에 침수가 발생,,0,,기타,4,서귀포시 안전총괄과 복구지원팀장,2.0,52.0,001,,2.0,5.0,,,서귀포시,004,서귀포시 안전총괄과 시설7급,0,,20140324,2017,2024/09/29 11:10:35.000000000,풍수해저감종합계획,3,2,,
4373031023,,침수위험지구,국가하천,,4373000000,,02,,350000.0,,옥천군 안전건설과 시설6급,150.0,250.0,Y,,금강,245,"금강수위 상승에 따른 내수배제 불량으로 농경지 및 주택 침수피해 우려
",20180320,20060821,,적하,,437302018014,,3,금강수위 상승에 따른 내수배제 불량,,0,,금강,2,옥천군 안전건설과 시설6급,3.0,50.0,001,55.0,,,,,옥천군,011,옥천군 안전건설과 시설6급,0,,,2017,2023/04/23 11:32:02.000000000,금강기본계획,1,0,,동이면 용죽리장
4311312100,,현암소하천,지방관리,,4311000000,,,,350000.0,,안전정책과 시설8급,,329.0,,,현암소하천,155,"현암천 홍수위상승으로 제방붕괴, 저지대 침수 발생",20060303,,행정안전부,현암지구,,431102016015,,3,홍수위보다 제방고가 낮아 제방붕괴에 따른 저지대 침수 발생,,0,,금강,4,,,,001,10.0,,,20121123,재해위험지구 정비사업 완료에 따른 재해위험 해소,하천방재과,010,안전정책과 시설8급,0,,,,2019/10/11 18:21:58.000000000,,1,,001,
4793037024,,해일위험,군도,,4793000000,,02,,10090.0,20161017,안전재난건설과 시설7급,,,,,군도20호선,59,태풍및 너울성파도로 인한 해안도로 유실 우려,20161017,20060818,행정안전부,봉평지구,,479302016014,,-1,태풍 및 너울성 파도로 인한 해안침식으로 해안도로 옹벽 전도,,0,,,4,안전재난건설과 과장,,,006,,,,,,울진군,004,안전재난건설과 시설6급,0,,,2016,2021/10/27 17:15:09.000000000,,2,9,001,
4311312000,,휴암소하천,지방관리,,4311000000,,,4311312000101400002065717     ,300000.0,,안전정책과 시설8급,,107.0,,,휴암소하천,140,"휴암천 홍수위 상승으로 제방붕괴, 저지대 침수 발생",20060303,,행정안전부,휴암지구,,431102016018,,3,홍수위보다 제방고가 낮아 제방붕괴에 따른 저지대 침수,,0,,금강,4,,,,001,10.0,,,20130614,재해위험지구 정비사업 완료에 따른 재해위험 해소,하천방재과,010,안전정책과 시설8급,0,,,,2019/10/11 18:20:08.000000000,,1,2,001,
4313038527,,상습 가뭄지구,기타,,4313000000,,02,,894247.0,,농정과 시설7급,,,N,,소일 상습가뭄 지구,294,"중앙탑면 루암리, 창동리 일원의 농업용수 부족으로 인해 발생하는 가뭄 피해 예방 ",20180720,,,소일,,431302018013,,19,농업 용수 부족으로 인한 가뭄 피해 ,,0,,기타,2,안전총괄과 행정5급,,,007,,,,,,충주시,050,안전총괄과 시설7급,0,,,2017,2025/01/14 20:23:24.000000000,,3,1,,루암리 두련마을 이장 
4311313900,,수석소하천,지방관리,,4311000000,,,,291174.0,,안전정책과 시설8급,,120.0,,,수석소하천,239,"재해로 인한 인명 및 재산피해 방지, 하천단면 확보로 홍수 및 농경지 보호 ",20060303,,,강서1지구,,431102016013,,3,침수위험,,0,,금강,4,,,,001,30.0,,,20070220,재해위험지구 정비사업 완료에 따른 재해위험 해소,하천방재과,010,안전정책과 시설8급,0,,,,2025/01/14 17:35:16.000000000,,1,8,,
4311312200,,오동소하천,지방관리,,4311000000,,,,200000.0,,안전정책과 시설8급,,212.0,,,오동소하천,113,"오동천 홍수위 상승으로 제방붕괴, 저지대 침수 발생",20060303,,행정안전부,동막지구,,431102016016,,3,홍수위보다 제방고가 낮아 제방붕괴에 따른 저지대 침수,,0,,금강,4,,,,001,8.0,,,20121123,재해위험지구 정비사업 완료에 따른 재해위험 해소,하천방재과,010,안전정책과 시설8급,0,,,,2019/10/11 18:21:14.000000000,,1,5,001,
5177035028,,,,1.0,5177000000,,02,,177000.0,20190617,임계면사무소 시설6급,100.0,19.0,Y,,월탄,380,"하천수위 상승 시 잠수교 침수에 따른 고립위험
변경지정 : 2019. 6. 17.",20180213,20070417,,월탄,,427702018018,,1,잠수교 침수에 따른 급류휩쓸림 및 고립위험,,0,,한강,4,건설과 과장,1.0,,004,6.0,,,20210810,정비사업 완료에 따른 고립위험 해소,건설과,-1,건설과 시설6급,0,,,2017,2021/12/20 13:04:59.000000000,골지천 하천기본계획획,1,2,,용산2리장
4373035034,,상습가뭄,기타,,4373000000,,02,4373035034103940000000571     ,82000.0,,옥천군 안전건설과 시설6급,,80.0,N,,농경지,394,"상습가뭄 피해예방을 위한 체계적인 관리가 필요한 지구
",20180920,20060821,,명티,,437302018016,,3,상습가뭄피해,,0,,금강,2,옥천군 안전건설과 시설6급,1.0,,007,25.0,,,,,옥천군,050,옥천군 안전건설과 시설6급,0,,20040710,2017,2025/01/14 16:07:31.000000000,,1,0,,청산면 명티리장
4889039033,,,지방2급하천,0.0,4889000000,,02,,115000.0,20181101,안전총괄과 방재담당,188.0,293.0,Y,12.0,질매지구,80,"집중호우 시 하천의 월류 및 내수 배제 불량으로 도로, 농경지 및 저지대 주택구역 침수로 인한 인명 및 재산피해 발생우려지구 ",20181101,20171130,,질매 풍수해생활권 종합정비사업,0.0,488902018017,,-1,태풍 및 집중호우,,0,,전체,1,안전총괄과장,2.0,,001,114.0,,,,,합천군,013,안전총괄과 시설7급,0,,20100129,2017,2024/04/08 15:19:03.000000000,하회천기본계획,1,3,,청덕면 환경개발담당
4311325000,,조천천,지방2급하천,,4311000000,,,,390000.0,,안전정책과 시설8급,,,,,조천천,547,침수위험으로 인한 재해위험지구 지정,19970510,,국토교통부,서평지구,,431102016003,,3,침수위험,,0,,금강,4,,,,001,,,,20030107,정비사업으로 인한 재해위험지구 해제,하천방재과,013,안전정책과 시설8급,0,,,,2019/10/11 18:27:12.000000000,,1,,005,
4311231040,,외천천,지방2급하천,,4311000000,,,4371038025011180000031739     ,54300.0,,서원구 건설과 시설7급,,511.0,,,외천천,624,"재해로 인한 인명 및 재산피해 방지, 하천단면 확보로 홍수 및 농경지 보호",20131105,,,외천지구,,431102016010,,3,제방노후 및 저지대 배수관로 통수능력 부족,,0,,금강,1,하천과 지방하천팀장,,,001,254.0,,,,,하천과,013,하천과 지방하천팀,0,,,,2025/01/14 17:59:42.000000000,,2,0,,이장
4373034023,,,지방1급하천,,4373000000,,02,,127000.0,20161026,옥천군 안전건설과 시설6급,60.0,153.0,Y,,보청천,351,"ㆍ호우시 마을생활권 분리(고립)
ㆍ세월교와 연계 하도정비
",20170410,20060821,,점동,,437302017010,,3," - 집중호우시 마을생활권 분리(고립) 및 노후 세월교 유실 위험
 - 제방고 기준 미달, 제방상태 노후화로 농경지 및 주거지 침수",,0,,금강,2,옥천군 안전건설과 시설6급,3.0,,005,56.0,,,,,옥천군청 안전총괄과,012,옥천군 안전건설과 시설6급,0,,,2016,2024/04/08 18:02:43.000000000,보청천하천기본계획,2,,,무회리 이장
4311332000,,사정소하천,지방관리,,4311000000,,02,,648000.0,20060228,하천방재과 시설7급,,74.0,Y,,사정소하천,512,"재해로 인한 인명 및 재산피해방지
하천단면 확보로 홍수 및 농경지보호",20060228,20140701,,사정지구 ,,431102016001,,3,제방유실 및 농경지침수,,0,옥산면 사정리 512번지,금강,4,하천방재과장,,,001,30.0,,,20211217,정비사업 완료로 재해위험 해소,하천방재과,010,하천방재과 지방하천팀장,0,옥산면 사정리 512번지,20160304,2006,2021/12/14 11:34:57.000000000,소하천정비종합계획,3,,,이장
4427033027,,,,,4427000000,,,,2200000.0,,,,,,,마중천,26,침수위험,19961119,,,마중천,,442702016005,,-1,침수 위험,,0,,,4,,,,001,,,,20021230,제방2.2km정비완료,,-1,,0,,,,2022/10/24 10:59:30.000000000,,1,,,
4427038026,,,,,4427000000,,,,3200000.0,,,,,,,남원천,25,침수위험,20000724,,,남원천,,442702016007,,-1,침수,,0,,,4,,,,001,,,,20051204,제방2.5km 정비완료,,-1,,0,,,,2022/10/24 10:57:27.000000000,,1,,,
4427010200,,,,,4427000000,,,,2000000.0,,,,,,,당진천,233,침수위험,19961119,,,당진천,,442702016004,,-1,침수위험,,0,,,4,,,,001,,,,20021101,제방4.5km정비완료,,-1,,0,,,,2022/10/24 10:59:58.000000000,,1,,,
4427034031,,,,,4427000000,,,,5000000.0,,,,,,,염솔천,1,침수위험,19961119,,,염솔천,,442702016008,,-1,침수,,0,,,4,,,,001,,,,19991230,제방0.5km정비완료,,-1,,0,,,,2022/10/24 10:56:30.000000000,,1,,,
4427010200,,,,,4427000000,,,4483025022101000000000001     ,1000000.0,,,,,,,농경지,100,침수위험,19961119,,,채운,,442702016009,,-1,침수,,0,,,4,,,,001,,,,20021101,배수장1 정비완료,,-1,,0,,,,2022/10/24 10:56:40.000000000,,1,0,,
4427025031,,,,,4427000000,,,,5700000.0,,,,,,,석우제,799,침수위험,19961119,,,석우제,,442702016010,,-1,농경지 침수,,0,,,4,,,,005,,,,20081231,"제방5.95km, 교량1개소",,-1,,0,,,,2023/04/27 17:18:31.000000000,,2,,,
5279025021,,,지방2급하천,,5279000000,,02,,247000.0,,고창읍장,105.0,15000.0,Y,,고창천,615,내수배제 불량,20180116,20100319,,고창지구,,457902018017,,19,하천의 통수단면 및 제방여유고 부족으로 인한 내수배제 불량으로 고창시가지 저지대 상습적인 침수피해 발생,,0,,기타,3,안전총괄과장,1.0,35.0,001,3000.0,,,,,고창군청,013,복구지원팀,0,,,,2024/04/15 20:37:22.000000000,고창천 기본계획,1,9,,월암리장
5275025021,,,지방2급하천,,5275000000,,02,,72000.0,,안전관리과  시설5급,,85.0,Y,,임실천,42,하천 미정비에 따른 침수피해 발생,20181214,20080311,,임실지구,,457502018019,,5,"임실천 좌,우안 저지대부 집중호우시 외수위 상승에 따른 배수영향으로 내수배제 불량하여 상습침수 발생",,0,,섬진강,3,안전관리과 시설6급,,,001,35.0,,,,,임실군청,013,안전관리과 시설7급,0,,,2017,2024/04/15 13:25:19.000000000,임실천 하천기본계획,2,2,,하성마을이장
4427010300,,,,,4427000000,,,,5700000.0,,,,,,,역천천,355,침수위험,19961119,,,역천,,442702016003,,-1,침수위험,,0,,,4,,,,001,,,,20021101,제방4.5km정비완료,,-1,,0,,,,2022/10/24 11:00:55.000000000,,1,,,
4793025325,,,기타,,4793000000,,00,,799000.0,,안전재난과 시설7급,,24.0,N,,배수펌프장,1369,하천 및 해수면 상승으로 인한 침수피해,20180423,,,월송지구,,479302018015,,019,"하천 및 해수면 상승으로 인한 월류, 제방고 부족",,0,,기타,3,안전재난과 시설6급,,,001,10.0,,,,,울진군청,050,안전재난과 시설7급,0,,,,2023/04/28 08:20:25.000000000,,2,,,리장
5173037023,,,지방2급하천,,5173000000,,02,,160000.0,,시설7급,,13.0,,,대산지구,1005,고립,20180814,20120515,,대산지구,,427302018019,,1,고립,,0,,한강,4,시설5급,,,004,5.0,,,20240424,정비사업 완료에 따른 재해위험요소 해소,횡성군청,013,시설7급,0,,,,2024/11/05 13:09:18.000000000,,1,2,,
5173036022,,,지방2급하천,,5173000000,,02,,85000.0,,재난안전과 임기제다급,,30.0,,,부창지구,419,고립위험지구(집중호우시 세월교 침수에 따른 고립위험 발생),20180814,20120515,,부창지구,,427302018023,,1,고립,,0,,한강,4,재난안전과장,,,004,15.0,,,20220907,,횡성군청,013,재난안전과 임기제다급,0,,,,2023/08/07 11:04:50.000000000,,1,,,
4167031000,,,기타,,4167000000,,,,,,안전총괄과 시설7급,,,,,소하천,585,하천범람,20060224,,행정안전부,덕평지구,,416702016011,,19,,,0,,기타,4,안전총괄과 시설6급 ,,,005,,,,20130104,보수.보강공사 완료,여주시 안전총괄과,050,안전총괄과 시설7급,0,,,,,,3,,001,
5119010900,,붕괴위험,국도,,5119000000,,,,8500.0,20070529,건설교통과,,,N,,삼수지구,19,도로 사면 붕괴 위험,20070529,,국토교통부,삼수지구,,421902016017,,2,,,1,,낙동강,4,시설6급,,,002,,,,20100928,공사 완료,태백시,001,행정7급,0,,,2007,,,1,18,005,시설7급
4792039023,,,지방2급하천,,4792000000,,02,4792039023101430000019143     ,1500.0,20180419,안전건설과/시설6급,,50.0,Y,,결둔2교,143,교량 경간장 및 여유고 부족으로 집중호우 시 침수로 인한 고립발생,20180419,,,결둔지구,,479202018016,,2,"교량의 여유고 부족, 토석, 유송잡물 또는 경간장 부족에 의한 통수능 저하로 제방도로를 포함하여 상습침수가 발생되고, 그로 인한 마을주민의 고립발생",,0,,낙동강,4,안전건설과/시설6급,4.0,,004,25.0,,,20220217,정비사업 완료에 따른 위험요인 해소,봉화군,013,안전건설과/시설6급,0,,20140701,,2022/02/21 14:00:23.000000000,하천종합기본계획,3,0,,
4167035000,,,지방관리,,4167000000,,,,,,안전총괄과 시설7급,,,,,하천,215,집중호우시 유실위험,20060224,,국토교통부,천서,,416702016002,,1,우수범람,,0,,한강,4,안전총괄과 시설6급,,,005,,,,20090630,보수.보강공사 완료,여주시 안전총괄과,010,안전총괄과 시설7급,0,,,,,,3,,005,
4167036000,,,지방관리,,4167000000,,,,,,안전총괄과 시설7급,,,,,소하천,333,우수범람,20060224,,행정안전부,서원지구,,416702016005,,19,,,0,,기타,4,안전총괄과 시설6급,,,005,,,,20130104,보수.보강공사 완료,여주시 안전총괄과,010,안전총괄과 시설7급,0,,,,,,3,1,001,
4715035026,,,지방2급하천,0.0,4715000000,,00,4715035026106660000043813     ,21400.0,20161117,김천시 안전재난과 시설주사보,202.0,50.0,Y,,문무지구,666,하천의 하폭과 여유고 부족으로 호우 시 호안 유실로 인명피해 우려,20161117,,,문무지구,,471502016008,0.0,2,하천의 하폭 및 여유고 부족,,0,,낙동강,4,김천시 안전재난과 시설사무관,10.0,,005,17.0,,,,,김천시,013,김천시 안전재난과 시설주사보,0,,20131219,2016,2022/05/03 16:07:57.000000000,풍수해저감종합계획,2,0,,문무리장
4773041034,,,리도,,4773000000,,02,,3400.0,20170905,단밀면 시설6급,70.0,,Y,2.0,팔등잠수교,43,"- 낙단보설치에 따른 평수위 상승과 상시월류 및 인명피해 발생
- 팔등잠수교는 여유고 및 경간장이 설계기준에 통수단면 부족",20171120,20171120,,팔등지구,,477302017021,,2,"  - 본 교량은 본류의 배수영향구간 내에 있고 위천의 하류부에 위치하므로 우기시 급한 수위상승이 발생할 수 있어 인명피해 가능성이 높음
  - 기존 팔등잠수교는 설계기준에 부합하지 않는 여유고 및 경간장 부족
  - 홍수 시 상습 유송잡물 걸림으로 인한 홍수위 상승 및 유속 증가에 따른 교량 파손과 인명피해 발생 우려가 높음
  - 본류인 낙동강 내 낙단보 설치에 평수위 상승으로 상시 잠재적 월류 위험성이 높아져 지역주민들의 교량 횡단시 인명피해 가능성이 높음",,0,,낙동강,2,안전건설과 과장,1.0,33.0,005,,,,,,의성군청,046,안전건설과 시설7급,0,,20171120,2017,2024/04/12 14:36:10.000000000,위천,1,3,,단밀면 이장
4167012000,,소하천,지방관리,,4167000000,,00,,4500.0,,시민안전과 시설7급 ,90.0,2600.0,Y,,소하천,595,집중호우시 유실위험,20060624,,,오학지구,,416702016001,,1,우수범람,,0,,한강,3,시민안전과 시설6급,80.0,,005,1000.0,,,,,여주시청 시민안전과,010,시민안전과 시설7급,0,,,,2023/04/27 08:45:09.000000000,여주시 소하천종합정비계획,3,,,오학2통장
4167035000,,,지방관리,,4167000000,,,,,,안전총괄과 시설7급,,,,,하천,112,우수범람,20000408,,국토교통부,장풍지구,,416702016003,,1,,,0,,한강,4,안전총괄과 시설6급,,,001,,,,20011231,보수.보강 공사 완료,여주시 안전총괄과,010,안전총괄과 시설7급,0,,,,,,2,1,005,
4167031000,,,기타,,4167000000,,,,,,안전총괄과 시설7급,,,,,소하천,653,하천범람,20060224,,행정안전부,장안지구,,416702016012,,19,,,0,,기타,4,안전총괄과 시설6급,,,005,,,,20090630,보수.보강공사 완료,여주시 안전총괄과,050,안전총괄과 시설7급,0,,,,,,3,1,001,
4792035027,,,,,4792000000,,02,,10000.0,,안전건설과 방재복구팀,113.0,20.0,Y,,"비동1교, 비동2교",1037,교량 경간장 및 여유고 부족으로 집중호우 시 침수로 인한 고립발생,20180419,20161221,,비동지구,,479202018019,,2,"교량의 여유고 부족, 토석, 유송잡물 또는 경간장 부족에 의한 통수능 저하로 제방도로를 포함하여 상습침수가 발생되고, 그로 인한 마을주민의 고립발생",,0,,낙동강,2,안전건설과 방재복구팀장,6.0,60.0,004,10.0,,,,,봉화군,-1,안전건설과 방재복구팀,0,,20140701,,2024/04/11 11:12:57.000000000,하천종합기본계획,3,3,,
4167036000,,,기타,,4167000000,,,,,,안전총괄과 시설7급,,,,,소하천,173,우수범람,20060624,,행정안전부,상교지구,,416702016004,,19,보수.보강공사 완료,,0,,기타,4,안전총괄과 시설6급,,,005,,,,20130104,,여주시 안전총괄과,050,안전총괄과 시설7급,0,,,,,,3,1,001,
4167010100,,,기타,,4167000000,,,4173025021103250004057846     ,,,건설과 시설7급,,,,,도로,325,도로침수,20060224,,행정안전부,상리지구,,416702016010,,1,,,0,,한강,4,안전총괄과 시설6급,,,001,,,,20090630,보수.보강 공사 완료,여주시 안전총괄과,050,안전총갈과 시설7급,0,,,,,,1,4,001,
4792037027,,,,,4792000000,,02,,35338.0,,안전건설과 방재복구팀,,80.0,Y,,북곡 ,1322,교량 경간장 및 여유고 부족으로 집중호우 시 침수로 인한 고립발생,20220303,20161221,,북곡지구,,479202018017,,2,"교량의 여유고 부족, 토석, 유송잡물 또는 경간장 부족에 의한 통수능 저하로 제방도로를 포함하여 상습침수가 발생되고, 그로 인한 마을주민의 고립발생",,0,,낙동강,2,안전건설과 방재복구팀장,4.0,,004,33.0,,,,,봉화군,-1,안전건설과 방재복구팀,0,,20220303,,2024/04/11 11:18:28.000000000,하천종합기본계획,3,,,
4792038021,,,,,4792000000,,02,4792038021103950000016482     ,15000.0,,안전건설과/시설7급,,12.0,Y,,구천,395,사행이 심한 만곡부에서 홍수소통 불량 및 수충부 미비로 인한 하천이 범람하여 주거지역 침수피해 발생,20180419,20161221,행정안전부,가곡지구,,479202018020,,19,"사행이 심한 만곡부에서 홍수소통 불량, 수충부 미비 및 제방고 부족 등으로 인한 하천범람으로 주거지역 및 농경지이 침수피해 발생",,0,,기타,1,안전건설과/시설6급,6.0,,001,5.0,,,,,봉화군,-1,안전건설과/시설7급,0,,20140717,,2021/06/15 15:55:18.000000000,하천종합기본계획,3,0,001,
4374032021,,,지방2급하천,,4374000000,,,,40000.0,20131107,시설8급,,,,,배수펌프시설,636,침수,20131107,,,남성지구,,437402017018,,3,침수,,0,,금강,4,시설6급,5.0,,001,,,,20230825,정비사업 완료에 따른 재해위험 해소,영동군,013,시설8급,0,,,2013,2024/11/11 11:38:08.000000000,,2,5,,
5115025025,,,기타,0.0,5115000000,,02,4215025025100780048034017     ,79000.0,,재난안전과,,50000.0,,,향호리지구,78,향호리 지구는 연중 너울성 고파랑 내습으로 매년 해빈유실 및 해안침식으로 인해 배후 주거지 침식 및 해안도로가 침식 됨.,20180227,,,향호리지구,,421502018024,,-1,너울성 고파랑으로 해안도로 및 배후 주거지가 침식 됨.,,0,,,2,재난안전과,1.0,,006,7.0,,,,"2021년 정비완료, 지구 해제 추진 예정",,050,재난안전과,0,,20180227,,2024/10/25 16:38:28.000000000,,2,47,,
4824037026,,,소규모어항,,4824000000,,02,,10945.0,,서포면사무소,,30.0,,,중촌 지방어항,908,"고조위시 자연배수가 곤란하고, 고파랑 내습시 저지대 해안도로 월파와 해일에 의한 침수피해 발생",20180524,20100715,,중촌,,482402018015,,-1,"고조위시 자연배수가 곤란하고, 고파랑 내습시 저지대 해안 도로 월파와 해일에 의한 침수피해가 발생",,0,,,4,재난안전과 지방시설주사,,,006,10.0,,,20230302,,사천시,036,재난안전과 지방시설주사보,0,,,,2023/09/01 16:13:17.000000000,,2,21,,중촌이장
2635010800,,,지방관리,,2635000000,,02,,14543.0,20170317,건설과 시설8급,,172.0,N,1.0,구덕포지구,799,태풍 및 폭풍 내습시 월파로 인해 재해 발생할 우려가 있는 지역을 체계적으로 정비 관리하여 자연재해를 사전 예방하거나 재해를 경감하기 위하여 지정,20170317,20160415,,구덕포지구,3.0,263502017005,17000.0,19,"구덕포 일원 태풍 및 폭풍 내습시 월파로 인한 인명 및 재산피해 발생이 우려되므로 기존의 월파 피해 저감 시설이 있는 구간(562M)은 정비를 하고, 없는 구간(143M)은 방제시설을 신설할 예정임",,0,,기타,4,안전총괄과 시설6급,,,006,119.0,,,20230125,,해운대구청,010,안전총괄과 행정7급,0,,20170317,2017,2023/05/01 09:49:03.000000000,,1,22,,
4315011800,,상습가뭄재해지구,기타,,4315000000,,02,,14664.0,,농촌상생과 시설9급,,,,,안간지,436,"두학동 일원의 농업용수 부족으로 인해 발생하는 가뭄피해 예방
",20180921,20061013,,안간지구,,431502018009,,19,가뭄으로 인한 농업용수 부족으로 작물 재배 등 피해 발생,,0,,기타,4,농촌상생과 농업5급,1.0,,007,,,,20240223,정비사업 완료에 따른 재해위험요인 해소,제천시청,050,농촌상생과 시설9급,0,,,2018,2025/01/14 17:05:59.000000000,,3,1,,두학4통장
4427038028,,,국가하천,7.0,4427000000,,02,,7730.0,20100724,안전총괄과 지방시설주사보,,100.0,Y,,배수갑문,185,삽교호 수위상승으로 인한 상류하천제방 교량 월류에 의한 피해,20000724,20130930,,삽교천,,442702016001,,7,삽교호 수위상승으로 인한 상류하천제방 교량 월류에 의한 피해,,0,,삽교천,4,지방행정사무관,,,001,50.0,,,20220615,준공 완료(농어촌공사),한국농어촌공사,011,지방시설주사보,0,,20141201,2010,2022/10/24 11:01:31.000000000,삽교천배수갑문확장사업,2,4,,
5181031033,,침수위험,소교량,,5181000000,,,,10000.0,,시설9급,,,,,소치리소교량,105,침수위험,20180306,,,소치리지구,,428102018009,,1,침수위험,,0,,한강,4,,,,001,,,,20240117,,,048,시설9급,0,,,,2024/01/18 09:11:30.000000000,,1,,,
4672039000,,,지방관리,,4672000000,,,,128.0,,안전건설과 시설8급,,195.0,Y,,현정저수지,619,"풍수해저감종합계획 내 재해위험 지역으로 선정되어 재해위험성이 높고 인명피해 우려가 있어 위험저수지로 지정, 고시하고 관리하기 위함",20140905,,농림축산식품부,현정재해위험저수지정비사업,,467202016005,,5,긴급정밀점검결과 D등급으로 판정,,0,,섬진강,4,시설6급,,,002,111.0,,,20161110,재해위험저수지 정비사업 완료로 재해위험요인 해소,곡성군,010,시설8급,0,,,,2017/11/23 18:48:01.000000000,,3,,002,지리마을
4311425000,,묵방천,지방2급하천,,4311000000,,,,80000.0,,안전정책과 시설8급,,300.0,,,묵방천,759,침수위험으로 인한 재해위험지구 지정,20000529,,국토교통부,묵방지구,,431102016004,,3,침수위험,,0,,금강,4,,,,001,83.0,,,20060223,정비사업으로 인한 재해위험지구 해제,하천방재과,013,안전정책과 시설8급,0,,,,2019/10/11 18:26:40.000000000,,1,,005,
4311425000,,덕암천,지방2급하천,,4311000000,,,,140000.0,,안전정책과 시설8급,,,,,덕암천,328,침수위험으로 인한 재해위험지구 지정,19980420,,국토교통부,덕암지구,,431102016005,,3,침수위험,,0,,금강,4,,,,001,,,,20011203,정비완료로 인한 재해위험지구 해제,하천방재과,013,안전정책과 시설8급,0,,,,2019/10/11 18:26:10.000000000,,1,2,005,
4311133000,,무심천,지방1급하천,,4311000000,,,,1230000.0,,안전정책과 시설8급,,165.0,,,무심천,452,"재해로 인한 인명 및 재산피해 방지, 하천단면 확보로 홍수 및 농경지 보호",20060228,,국토교통부,인차지구,,431102016007,,3,침수위험,,0,,금강,4,,,,001,57.0,,,20061231,재해위험지구 정비사업 완료에 따른 재해위험 해소,하천방재과,012,안전정책과 시설8급,0,,,,2019/10/11 18:25:15.000000000,,1,5,005,
4311311800,,석남천,지방2급하천,,4311000000,,,,1350000.0,,안전정책과 시설8급,,60.0,,,석남천,349,"석남천 홍수위 상승으로 제방붕괴, 저지대 침수",20060228,,,석실지구,,431102016021,,3,홍수위보다 제방고가 낮아 제방붕괴에 따른 저지대 침수,,0,,금강,4,,,,001,20.0,,,20130220,재해위험지구 정비사업 완료에 따른 재해위험 해소,하천방재과,013,안전정책과 시설8급,0,,,,2021/12/10 13:08:39.000000000,,3,9,,
4822031021,,침수,지방관리,,4822000000,,02,4822031021100040002030598     ,65860.0,,용남면사무소 시설8급,,36.0,N,1.0,화포,4,해수위 고조 기간에 집중호우나 태풍해일 시 침수피해 위험,20170508,20170328,,화포,,482202017016,,-1,해안저지대 상습침수구간으로서 도로 및 상가건물 침수피해예상,,0,,,2,시민안전과 과장,,,001,9.0,,10.0,,,통영시청,010,시민안전과 시설8급,0,,,2017,2024/04/12 16:50:17.000000000,,2,1,,화포이장
4885035000,,침수,기타,,4885000000,,02,,80183.0,20170313,안전교통과장,325.0,30.0,Y,,"시가지,농경지",701,집중호우 시 하천 수위상승으로 내부 배제 불량에 따른 주택 및 농경지 침수 피해,20190705,,,고하지구,,488502017015,7200.0,5," - 유역 하류부 주거지역 및 농경지 대부분이 저지대로 주교천 계획홍수위 보다 낮아 집중호우 발생시 침수피해 발생
 - 유역내 강제내수배제(배수펌프장) 시설 없음
 - 고하천 미개수로 인한 홍수시 재해위험 산재",,0,"701, 713",섬진강,3,안전총괄과 시설6급,1.0,71.0,001,15.0,,,,,하동군청 안전총괄과,050,안전총괄과 시설7급,0,"701, 713",,2017,2023/10/16 15:53:55.000000000,,1,,,
5121010700,,,시도,0.0,5121000000,,,,5000.0,,안전총괄과 주무관,,,N,15.0,자활교,1006,집중호우시 유실우려 및 교량 노후화에 따른 인명피해 위험 / 편입 추가 면적이 발생됨에 따라 체계적인 정비?관리를 위해 자활1 자연재해위험개선지구 지정(변경),20180725,,,자활1,,422102018056,0.0,-1,"집중호우로 인한 급류발생시 토사호안이 세굴되어 교량이 유실될 우려가 있고, 교대 지점부 벽체가 파손되어 토사가 교량   하부의 받침까지 밀려 나오는 등 노후된 상태로 재가설 필요",,0,,,4,속초시청 시설5급,,,005,,,,20210517,정비사업 완료에 따른 재해위험요인 해소,속초시,003,속초시청 시설7급,0,,20200407,,2022/10/27 14:30:13.000000000,,1,146,,
4373037030,,,군도,,4373000000,,02,4373037030100020000020459     ,50000.0,20161026,옥천군 안전건설과 시설6급,100.0,16.0,Y,,서화천,2,"ㆍ도로하천 연계 유실
ㆍ유실시 마을간 생활권 분리
",20170410,20060821,,월전2,,437302017013,,3," - 도로, 하천의 연계 유실 구간으로 중복 재해 위험
 - 제방고 기준 미달, 제방상태 노후화로 유실 위험",,0,,금강,2,옥천군 안전건설과 시설6급,5.0,,005,6.0,,,,,안전건설과,004,옥천군 안전건설과 시설6급,0,,,2016,2024/04/08 15:21:59.000000000,서화천 하천정비기본계획,3,0,,월전리 이장
5274031031,,하천재해,지방관리,,5274000000,,02,4574031031101990001015674     ,20173.0,,안전재난과 7급,200.0,131.0,,,원흥,199,집중호우로 인한 원흥천의 수위상승으로 제방고가 부족하여 월류되어 제방유실,20150430,20070716,,원흥,,457402017016,,5,집중호우로 인한 원흥천의 수위상승으로 제방고가 부족하여 월류되어 제방유실,,0,,섬진강,4,안전재난과장,2010.0,,001,69.0,,,20230703,,장수군청,010,안전재난과 7급,0,,20170703,2017,2023/09/19 10:45:19.000000000,소하천기본계획,1,1,,
3111010800,,,기타,,3111000000,,02,3111010800102850001007133     ,27332.0,20170227,건설과 시설8급,266.0,4500.0,Y,,우정 자연재해위험개선지구,285,태풍 및 집중호우 시 저지대 침수로 인한 피해예방 ,20170227,20140428,,우정지구,,311102017011,,19,하천변 저지대에 위치하여 외수위 상승시 내수배제 불량에 따른 침수피해 발생,,0,우정시장,기타,1,건설과장 시설5급,2016.0,103.0,001,650.0,,,,,울산광역시 중구,050,건설과 시설8급,0,우정시장,20170227,,2023/04/27 10:24:19.000000000,,2,1,,
4887032023,,침수,지방2급하천,0.0,4887000000,,02,4887032023108240000016419     ,191000.0,20180131,함양군 휴천면 시설8급,302.0,120.0,Y,2.0,태관지구 ,401,"집중호우 발생시 재방월류에 의한 침수로 지구지정,
현장여건, 주민의견 등으로 인해 지구(변경) 지정필요",20180131,20180319,,태관지구,,488702018011,18000.0,19,"""제방단면부족 및 배수불량으로
침수위험""",,0,,기타,2,함양군 안전도시과 시설5급,5.0,135.0,001,57.0,,,,,함양군,013,함양군 안전도시과 시설7급 ,0,,20131128,2018,2024/04/15 09:10:46.000000000,태관천 하천기본계획,2,0,,
4793025027,,침수및유실,면도,,4793000000,,02,,8000.0,,안전재난건설과 시설7급,,,,,올미골교,911,"경작을 위한 주민이동이 빈번하며, 노후교량으로 인명피해 우려",20161017,20060818,행정안전부,정림3지구,,479302016013,,2,경간장 및 통수단면 부족,,0,,낙동강,1,안전재난건설과 과장,,,005,,,,,,울진군,045,안전재난건설과 시설6급,0,,,2016,2018/03/14 10:11:55.000000000,,3,4,001,
4380033027,,자연비탈면,사유림,,4380000000,,00,,20000.0,20100531,단양군청 안전건설과 시설8급,,25.0,N,,용진급경사지붕괴위험지구,262,자연비탈면 붕괴로 인한 인명 및 재산피해 우려,20100531,,행정안전부,용진지구,,438002017015,,-1,"- 집중호우 시 자연비탈면 지반 약화로 인한 붕괴
- 배수 불안정",,0,,,4,,,,002,6.0,,,20190228,,단양군청 안전건설과,016,,0,,,2010,2020/06/16 15:49:08.000000000,,1,2,001,용진리 이장
5013025925,2.0,,지방도,,5013000000,,02,,91000.0,20170125,서귀포시 안전총괄과 시설7급,171.0,,Y,4.0,"배수로정비 L=1,624m",1948,집중호우시 배수시설 부족으로 우수가 도로를 따라 흘러 저지대 농경지로 유입되어 침수가 발생됨에 따라 풍수해저감종합계획상 위험지구로 지정,20170125,20091125,,서성,,501302017041,,19,상류지역의 유출수가 배수시설이 미비한 저지대 지역으로 집중됨에 따라 농경지 및 도로변 주거지 등에 침수가 발생,,0,,기타,4,서귀포시 안전총괄과 복구지원팀장,2.0,52.0,001,,2.0,3.0,,,서귀포시,002,서귀포시 안전총괄과 시설7급,0,,20140324,2017,2024/09/29 11:10:41.000000000,풍수해저감종합계획,3,2,,
4833011700,,,기타,,4833000000,,,4833011700101330011039142     ,10129.0,,지방공업주사,,117.0,,,배수펌프장,133,집중호우 시 상습적인 침수피해 발생,20180110,,환경부,소남지구,,483302018018,,19,내수배제 불량 및 인근하천 외수범람,,0,,기타,4,지방시설주사,,,001,39.0,,,20201105,재해예방사업 완료로 해제,양산시,050,지방시설주사,0,,,,2021/06/22 10:30:14.000000000,,1,11,013,
3114010300,,,기타,,3114000000,,02,3114010300104600001016564     ,71018.0,20180531,안전총괄과장,,,,,두왕 자연재해위험개선지구,460,운천 외수위 상승에 따른 내수배제 불량      * 지구 지정(변경) 고시일자 : 2021.07.30.,20180531,,,두왕자연재해위험개선지구,,311402018003,,19,운천 외수위 상승에 따른 내수배제 불량,,0,,기타,2,안전총괄과 시설6급 ,,,001,,,,,,남구 안전총괄과,050,안전총괄과 시설7급,0,,,2018,2024/04/12 11:35:53.000000000,,1,1,,
5173031023,,,지방2급하천,,5173000000,,02,,45000.0,,재난안전과 임기제다급,,15.0,,,산전지구,70,고립,20191024,20120515,,산전지구,,427302018020,,1,고립,,0,,한강,4,재난안전과장,,,004,6.0,,,20220907,,횡성군청,013,재난안전과 임기제다급,0,,,,2023/08/07 11:05:11.000000000,,1,,,
4427032026,,,,,4427000000,,,,300000.0,,,,,,,서해바다,1,침수위험,19980609,,,난지,,442702016006,,-1,침수,,0,,,4,,,,001,,,,20021101,방조제0.3km정비완료,,-1,,0,,,,2022/10/24 10:58:19.000000000,,1,,,
5013025326,1.0,,지방관리,,5013000000,,02,,1310.0,20170125,서귀포시 안전총괄과 시설7급,,,Y,6.0,호안보강 L=235m,107,"태풍 발생시 월파로 인한 어항도로시설 및 주거지, 상가시설 구조물 파손 및 침수피해 발생, 인명피해 우려로 풍수해저감종합계획상 위험지구로 지정",20170125,20091125,,신흥1,,501302017043,,19,"피해주기 : 0.5년(지반고 EL.400cm, 최대해일고 140.0cm, 유의파고 390.0cm)
매년 태풍 발생시 월파로 인한 해안시설물 파손 및 침수피해 발생되며, 해안저지대 지역으로 해일 및 월파에 대한 방지시설 부족",,0,,기타,4,서귀포시 안전총괄과 복구지원팀장,,,006,,1.0,2.0,,,서귀포시,010,서귀포시 안전총괄과 시설7급,0,,20140324,2017,2024/09/29 11:10:53.000000000,풍수해저감종합계획,2,2,,
4817012300,,저지대 내수배제 불량,지방관리,0.0,4817000000,,02,4817012300104170002098231     ,403162.0,20171229,시민안전과 시설7급,203.0,176.0,N,,장재ㆍ장흥지구,417,집중호우시 외수위로 인한 내수배제 불량,20180115,20061110,,장재ㆍ장흥지구,0.0,481702017014,0.0,2,계획홍수위 이하 저지대 ,,0,,낙동강,2,시민안전과 시설6급,3.0,43.0,001,80.0,,,,,진주시청,010,시민안전과 시설7급,0,,,2017,2024/04/12 16:30:02.000000000,,3,2,,마을이장
5178025329,,,지방2급하천,,5178000000,,00,4278025329102790000007147     ,140593.0,20180501,안전총괄과 시설7급,,7.0,Y,,광산골천(도창)지구,212,화강 배수위 영향으로 재수부제 불량 및 통수단면 부족으로 침수,20180501,,,광산골천(도창),,427802019005,,-1,통수단면 부족 침수,,0,일원,,4,,,,004,22.0,,,20220228,정비사업 완료에 따른 재해위험요인 해소,철원군,013,안전총괄과 시설7급 ,0,일원,,,2022/02/25 14:42:33.000000000,,2,0,,
5183032025,,,지방1급하천,,5183000000,,02,,3363.0,,재난안전과 시설8급,,30.0,,,동명 재해위험개선지구 정비사업,84,침수위험,20180306,,,동명지구,,428302019013,,17,하천범람,,0,,양양남대천,4,재난안전과 시설6급,,,001,10.0,,,20220530,정비사업 완료,양양군청,012,재난안전과 시설8급,0,,,,2023/05/02 11:27:25.000000000,,2,7,,
4776031044,,,지방2급하천,,4776000000,,02,,280562.0,,건설안전과장,,45.0,,,제방,680,교량 여유고 부족 등에 의한 통수능력 저하와 화매천 합류부 내수배제 불량으로 인한 제방유실 및 침수피해 우려,20190531,20140307,,방전,,477602019015,,2,침수위험,,0,,낙동강,2,지방시설주사,,,001,30.0,,,,,영양군청,013,지방시설주사,0,,,,2023/04/26 11:00:25.000000000,,2,1,,
4682036025,,,지방2급하천,,4682000000,,,,598000.0,20191224,안전교통과 지방시설주사보,,52.0,Y,,운전천,1396,"하천 미정비로 인하여 하폭이 협소하고 제방고가 낮아 홍수 발생 시 피해가 우려됨.
하천 내에 노후된 교량 및 보, 낙착공 등으로 인하여 홍수 소통 불량으로 피해 발생 우려가 큼.",20191224,,,운전,,468202020013,,-1,하천 미정비 및 노후된 하천시설물로 인하여 주변 농경지 및 주거지의 상습 침수 피해가 발생함,,0,,,2,안전교통과장,2.0,,001,20.0,,,,,안전교통과,013,안전교통과 지방시설주사보,0,,20191224,,2024/04/21 17:02:10.000000000,,2,0,,북일면 운전리장
4471038026,,,군천,,4471000000,,02,,33955.0,20200416,군민안전과시설7,130.0,48.0,Y,1.0,개티천,484,"양안 제방고 낮음, 하폭협소한 수로형 하천, 개수상태 미비, 제내지에 주거지 밀집지역",20200416,20160601,,백암3지구,,447102020011,21630.0,3,"-양안 제방고 낮음
-하폭이 3~4m로 협소한 수로형 하천, 개수상태 미비
-제내지에 주거지밀집지역 위치",,0,,금강,1,군민안전과장,1.0,40.0,001,16.0,,,,,,042,군민안전과시설7,0,,20181231,2020,2024/04/04 09:32:54.000000000,금산군 소하천기본계획,2,1,,
4415038024,,하천제방,지방2급하천,0.0,4415000000,,02,,125400.0,,우성면 시설8,196.0,23.0,N,,가느니천,303,"제방고 부족에 의한 하천범람 위험이 높고, 홍수위 영향으로 배수가 원활 하지 못하여 침수피해 발생",20200803,,,가느니지구,,441502020015,,3,"제방고 부족에 의한 하천범람 위험이 높고, 홍수위 영향으로 배수가 원활 하지 못하여 침수피해 발생",,0,,금강,1,시민안전과 시설5,5.0,,001,7.0,,,,,시민안전과,013,시민안전과 시설7,0,,,,2024/04/11 16:40:24.000000000,,2,,,상서1리장
4888040029,,,지방관리,,4888000000,,,4888040029106860002056184     ,434211.0,,안전총괄과 지방시설7급,,135.0,,,고견천,1370,"고견천 좌안측 농경지는 제방이 설치되지 않아 월류피해가 발생하며, 상수월마을 내 우수관거 용량부족으로 인한 주거지 내수침수 발생",20210906,,,고견,,488802021007,,2,"고견천 좌안측 농경지는 제방이 설치되지 않아 월류피해가 발생하며, 상수월마을 내 우수관거 용량부족으로 인한 주거지 내수침수 발생.",,0,고견천,낙동강,2,안전총괄과 지방시설6급,,,001,72.0,,,,,거창군,010,안전총괄과 지방시설7급,0,고견천,,,2025/02/06 14:05:23.000000000,,1,0,,마을이장
4715038026,,,기타,,4715000000,,,,346116.0,,대항면행정복지센터,,212.0,,,재해위험(정골)지구,893, 저수지 노후화로 인한 붕괴로 하류지역의 자연 재해에 대한 위험성이 높고 인명피해 및 재산피해 발생가능성이 높은 지역으로 조속한 정비사업 필요,20210624,,,정골지구,,471502021012,,19,"정골저수지 노후화(D등급)로 인한 붕괴로 하류지역 침수
용복천, 세송천 외수위 상승으로 인한 농경지, 주거지 침수",,0,,기타,1,김천시 건설도시과,,,003,152.0,,,,,김천시청,050,김천시 건설도시과,0,,20210624,,2024/09/20 16:51:49.000000000,,1,14,,대항면 덕전리장
4715011400,,,기타,,4715000000,,00,4715011400104790001000001     ,54154.0,,안전재난과,,3441.0,N,,재해위험(대곡)지구,479,"히천 시설물(제방, 교량 등)의 기준 미흡 및 저지대에 위치한 시가지 밀집지역으로 배수펌프장 및 우수관거 용량부족으로 집중호우 및 태풍내습시 주거지 및 농경지 침수피해 우려",20210909,,,대곡지구,,471502021013,,-1," ○ 계획빈도 이하의 강우에도 침수피해가 발생하였고, 최근 강우량이 증가하는 추세로 치수적 안전성 확보 필요
 ○ 하천변으로 도심지가 발달되어 있어, 계획빈도 홍수 발생시 많은 재산피해가 발생할 것으로 예상 되고, 지속적인 피해 발생 위험 노출",,0,,전체,1,안전재난과,,,001,1358.0,,,,,김천시청,050,안전재난과,0,,20210909,2021,2024/09/20 16:24:13.000000000,,1,2,,부곡동 통장
5183025028,,,기타,,5183000000,,02,4283025028101310000015866     ,59500.0,,양양군 안전교통과 과장,,300.0,,4.3,월리 자연재해위험개선지구,131,침수위험 ,20210908,,,월리지구,,428302021014,,17,집중호우시 내수배제가 원활하지 않아 침수피해 발생,,0,,양양남대천,2,양양군 안전교통과 팀장,,,001,100.0,,,,,양양군청,050,양양군 안전교통과 주무관,0,,,2021,2024/04/11 20:38:40.000000000,,2,0,,월리 마을회
4792034025,,,지방2급하천,,4792000000,,02,,80506.0,20220421,시설6급,120.0,84.0,N,,운곡지구,353,"-집중호우로 홍수 통수단면 부족에 따라 가옥 및 농경지가 침수되었으며, 하상경사가 급하여 급유속 발생에 의한 호안 유실, 수리시설물(보) 파괴 등이 발생하고 있음.",20220421,,,운곡지구,,479202022024,,019,"- 운곡천은 홍수시 통수단면 및 제방여유고가 부족하며, 하천 인근 제내지측에 주거지 및 농경지가 산재하여 침수 위험이 상존함.
- 교량의 노후화 및 여유고 부족으로 홍수시 수위 상승으로 범람 및 유실위험이 있음.",,0,,기타,1,시설6급,2.0,,001,43.0,,,,,봉화군청,013,시설6급,0,,,2022,2023/05/09 17:20:11.000000000,,1,,,
5011010600,,,기타,,5011000000,,02,5011010600111640007037783     ,12300.0,20181227,제주시 안전총괄과 복구지원팀장,,,,1.0,삼도2동,1164,해수면 조위에 따른 우수 배출 어려움으로 인한 상습침수지역,20181227,,,삼도2동 ,,501102018049,,19,"삼도2동의 우수관거는 남해바다로 직방류하고 있어, 조위에 의한 배수영향을 받는 지역으로 이에 대한 대책이 필요하며, 태풍""차바""시 동 시간대
(10월 5일 4~5시경)에 최대강우 및 조위(고극조위)가 발생하여 남해와 인접한 저지대 침수피해가 가중되었음.",,0,,기타,4,제주시 안전총괄과장,,,001,,,,20241217,정비사업 완료,제주시 안전총괄과,050,"제주시 안전총괄과, 지방시설7급",0,,,,2025/02/21 17:44:07.000000000,,2,7,,
4882032024,3.0,,전체,,4882000000,,02,,25272.0,,고성군 안전관리과 시설7급,,,,3.0,지포항,146,해일위험지구 지정 관리 및 정비을 통한 주민의 생명과 재산 보호,20210924,,,지포지구,,488202021006,6000.0,-1,"태풍 내습시 상습 해안침수  피해가 발생하는 해안저지대 지구로 지포항 방파제 연장 및 호안시설 천단고 부족에 따른 어항, 도로시설 및 배후지역 주거지, 작업장(굴박산장) 해안침수 피해 발생",,0,,,1,고성군 안전관리과 시설5급,5.0,,006,,0.0,6.0,,,고성군 해양수산과,-1,고성군 안전관리과 시설6급,0,,20210924,,2024/04/11 13:09:37.000000000,,1,8,,지포마을 어촌계장
4777036035,,,기타,,4777000000,,00,4777036035104790001003186     ,73800.0,20100430,안전재난과 자연재난팀 시설7,200.0,885.0,Y,,배수로,479,침수위험,20200430,,,벌영지구,,477702021027,,19,침수위험,,0,,기타,4,안전재난과 자연재난팀 시설6,1.0,,001,475.0,,,,,영덕군,050,안전재난과 자연재난팀 시설7,0,,20100430,2010,2024/04/12 13:31:04.000000000,소하천정비계획,3,1,,벌영이장
4723035029,,,지방관리,,4723000000,,,,1342383.0,20220615,안전재난하천과 시설7급 ,109.0,300.0,,,지방하천(안천),1703,"하폭협소, 제공 여유고 부족, 수위상승 시 내수배제 불량으로 인한 반복적인 주거지 및 농경지 침수 발생",20220615,,,안천지구,,472302022016,,2,"하폭협소, 제공 여유고 부족, 수위상승 시 내수배제 불량으로 인한 반복적인 주거지 및 농경지 침수 발생",,0,,낙동강,1,안전재난하천과 시설5급,3.0,31.0,001,150.0,,,,,,010,안전재난하천과 시설7급 ,0,일원,,2022,2024/04/09 14:35:44.000000000,,2,,,
4311311400,,석남천,지방2급하천,,4311000000,,,,900000.0,,안전정책과 시설8급,,300.0,,,석남천,626,"석남천 홍수위 상승으로 제방붕괴, 저지대 침수",20000530,,국토교통부,복대1지구,,431102016019,,3,홍수위보다 제방고가 낮아 제방붕괴에 따른 저지대 침수,,0,,금강,4,,,,001,50.0,,,20050520,재해위험지구 정비사업 완료에 따른 재해위험 해소,하천방재과,013,안전정책과 시설8급,0,,,,2019/10/11 18:19:39.000000000,,1,95,005,
4313010900,,침수 및 고립위험 지구 ,면도,0.0,4313000000,,02,,30000.0,,충주시 도로과 시설7급,150.0,570.0,N,,농어촌도로 102호(단월지구),61,집중 호우 시 국가하천인 달천 우안에 위치한 제방도로가 월류되어 제방도로 침수,20170317,,,단월  ,,431302017008,0.0,1,집중 호우 시 국가하천인 달천 우안에 위치한 제방도로가 월류되어 제방도로 침수,,1,,한강,1,충주시 안전총괄과 행정5급,,,001,,,,,,충주시 안전총괄과,045,충주시 안전총괄과 시설7급,0,,,2016,2024/04/16 16:25:18.000000000,,1,,,
4886039022,,하천재해,지방1급하천,,4886000000,,00,,94802.0,20170501,시설6급,200.0,32.0,N,,양천,1102,집중호우 발생시 저지대 침수,20180129,,,봉두지구,,488602017010,,2,지방하천협소와 저지대 침수,,0,,낙동강,4,시설6급,5.0,50.0,001,16.0,,,,정비사업 완료로 해제 검토 중,산청군,012,시설6급,0,,,2017,2024/04/12 13:56:16.000000000,,2,3,,
4725032535,,,지방1급하천,,4725000000,,02,,53700.0,20220330,건설과 / 시설7,103.0,20.0,Y,2.0,삼덕1지구,751,"하폭이 협소하고
경간장 부족교량들로 인한 월류로 재해 우려
",20180626,20160318,,삼덕1지구,,472502018012,,2,"하폭이 협소하고
경간장 부족교량들로 인한 월류로 재해 우려",,0,,낙동강,2,안전재난실장,7.0,,001,6.0,,,,,상주시,012,안전재난실 시설7,0,,20110714,2022,2024/04/11 14:12:43.000000000,지방하천 하천기본계획 수립,2,,,삼덕리 이장
4885036024,,침수,기타,,4885000000,,02,,27000.0,20180705,안전총괄과장,383.0,622.0,Y,,방파제,829,"노량리 일대 대부분이 저지대로 고파랑 및 태풍 내습시 월파, 해수범람에 의한 침수피해 발생",20180705,20160302,,노량1지구,,488502018016,,19,배후지 해안도로 대부분이 저지대로 고파랑 및 태풍 내습시 월파·해수범람에 의한 침수피해 발생,,0,829,기타,1,안전총괄과 시설6급,,82.0,006,313.0,,,,,하동군,050,안전총괄과 시설8급,0,829,,,2021/12/23 20:31:47.000000000,,2,,,
4311431000,,석화천,지방2급하천,,4311000000,,,,280000.0,,안전정책과 시설8급,,,,,석화천,727,침수위험,19990713,,국토교통부,석화지구,,431102016006,,3,침수위험,,0,,금강,4,,,,001,,,,20011203,재해위험지구 정비사업 완료에 따른 재해위험 해소,하천방재과,013,안전정책과 시설8급,0,,,,2019/10/11 18:25:44.000000000,,1,,005,
4886039024,,,지방1급하천,1.0,4886000000,,00,4886039024111670000042515     ,23727.0,,안전총괄과 시설6급,388.0,90.0,,1.0,양천,1167,"집중호우시 교량(2개소)형 및 경간장 부족으로 교량,제방유실로 침수 
변경사유 : 신설 법평교 접속도로 계획 및 신설 송계교 가설 위치 변경 등 사업계획 변경에 따른 변경 지정",20210715,,,법평,,488602019012,,2,"집중호우 시 교량 형하고 및 경간장 부족으로 반복적 침수 발생
교량 재가설 : 2개소(법평고 123m, 송계교 160m, 연결 및 접속도로 973m, 호안복구 175m, 교량철거 1식 등)",,0,,낙동강,2,안전총괄과 시설5급,3.0,,005,45.0,,,,,산청군,012,안전총괄과 시설6급,0,,,2017,2024/04/12 10:30:02.000000000,,1,0,,
4161034030,,,국가하천,0.0,4161000000,,02,,767600.0,,시민안전과,414.0,,Y,1.0,경안천,645,"집중호우 시 주거지, 농경지 등의 침수로 인한 인명 및 재산피해 발생 위험",20200325,20150924,,정지지구,,416102020010,,1,"외수위(EL.28.81m)에 의한 저지대(EL.26.5m) 내수배제 불량, 배수로 용량 부족",,0,,한강,3,시민안전과,5.0,56.0,001,,,,,,시민안전과,011,시민안전과,0,,20190524,2019,2023/09/25 13:35:50.000000000,광주시 자연재해저감종합계획,1,,,
4427032025,,,전체,0.0,4427000000,,02,,54412.0,20200330,당진시 항만수산과 해수6급,,120.0,Y,1.0,서해바다,135,호안 천단고 부족 및 낮은 표고로  인한 풍랑 및 해일로 주택과 농경지 등 침수 피해 발생 예방을 위한 정비사업 시행,20200330,20130930,,장고항,,442702020011,500000.0,19,호안의 천단고 부족 및 낮은 표고로 월파에 의한 바닷물 침수와 상가건물 침수 위험,,0,,기타,3,안전총괄과 시설6급 재난대응팀장,5.0,50.0,006,75.0,,,,,당진시 ,-1,안전총괄과 시설7급 주무관,0,,20151005,,2024/04/15 09:10:57.000000000,당진시 풍수해저감종합계획,2,4,,교로2리장
4427010900,,,시도,,4427000000,,,,24100.0,20200406,당진시  도로과  시설7급,,,Y,2.0,대덕1지구(도로),58,.경사지 사면 붕괴 및 토사 유출로 시설물 전도에 의한 도로 교통  사고의 인명?물적 피해 예방을 위한 정비사업 시행,20200330,,,대덕1,,442702020012,,-1,".슬라이딩으로 인한 사면붕괴가 발생될 위험성이 있으며, 사면이 높아 토사유출 발생시 도로로 유실될 가능성이 있음",,0,,,1,당진시 안전총괄과  행정6급,,,002,,,,,,당진시 도로과,003,당진시  안전총괄과 시설6급,0,,20151005,,2023/04/26 16:08:23.000000000,당진시 풍수해저감종합계획,3,3,,
4817035029,,하천 및 내수재해,지방2급하천,0.0,4817000000,,02,,166333.0,20200331,건설하천과/시설7급,318.0,135.0,N,2.0,중촌천,911,집중호우 발생시 미정비된 제방 및 교량의 시설능력 부족으로 인한 침수피해와 내수배제 불량으로 인한 내수 침수 ,20200331,20061110,,중촌,0.0,481702020015,0.0,2,"반성천 배수영향으로 수위가 상승하여 미정비된 제방 및 교량의 시설능력 부족으로 침수로 인한 재산피해가 반복적으로 발생
중촌지구 제방정비에 따라 중촌지구 좌안 제내지의 주거지 및 농경지 내수배제 불량으로 인하여 내수침수발생 예상 ",,0,,낙동강,2,건설과/시설6급,6.0,,001,45.0,,,,,진주시청,013,건설하천과/시설7급,0,,,,2024/09/27 11:14:29.000000000,,2,11,,이장
4471036024,,,군천,,4471000000,,02,4471036024102590000025530     ,18675.0,20200416,군민안전과시설7,130.0,63.0,Y,2.0,중역평천,259,"제방고 부족 및 하폭협소, 복개구간 통수능 부족, 제내지에 주거밀집지역",20200416,20160601,,역평2지구,,447102020009,25524.0,3,"제방고부족 및 하폭협소, No.4 상류 마을통과구간 약70m 1련박스로 복개되어 통수능 부족, 제내지에 주거밀집지역, 일부가옥 담장이 홍수방어벽 역할",,0,,금강,1,군민안전과장,1.0,40.0,001,21.0,,,,,균민안전과,042,군민안전과시설7,0,,20181231,2020,2024/04/11 14:36:29.000000000,금산군 소하천기본계획,2,0,,
4420036021,,침수위험지구,시도,,4420000000,,02,4420036021104960007070951     ,13762.0,,안전총괄과 시설6,233.0,1170.0,,1.0,둔포2지구,496,우수관거 용량 부족 및 하천의 외수위 상승에 따른 내수배제 불량으로 가옥 및 농경지 침수,20200525,20200525,,둔포2지구,,442002020012,469800.0,6,"1. 시가지 구간의 우수관거 단면부족에 의한 일부 위험요인 존재, 
2. 둔포천 및 군계천 홍수위에 의한 배수위 영향으로 관거내 홍수위 급격상승으로 월류된 우수배재 불량",,0,,안성천,1,안전총괄과 시설6,10.0,69.0,001,391.0,,,,,아산시 안전총괄과,003,안전총괄과 시설6,0,,,2020,2024/09/19 14:14:55.000000000,,2,7,,
4420025032,,침수위험지구,시도,,4420000000,,02,,3864.0,,안전총괄과 시설6,233.0,260.0,,3.0,송곡지구,112,하천의 외수위 상승에 따른 내수배제 불량으로 가옥 및 농경지 침수,20200525,20161215,,송곡지구,,442002020013,147600.0,7,"1. 국가하천인 곡교천의 홍수위보다 지반고가 낮은 저지대 지역
2. 홍수위 영향으로 배수배제가 불량",,0,,삽교천,1,안전총괄과 시설6,10.0,69.0,001,120.0,,,,,안전총괄과,003,안전총괄과 시설6,0,,,,2024/09/19 14:12:04.000000000,,2,148,,
4374025035,,,기타,,4374000000,,02,,150000.0,20181205,건설교통과 시설7급,,,N,,가리지구,273,농업용수 공급부족으로 매년 영농활동에 제한이 발생하여 재산피해 우려가 있음,20181205,20061011,,가리지구,,437402020024,,3,상습가뭄 발생에 따른 농작물 등 피해발생,,0,,금강,2,건설교통과 시설6급,,,007,,,,,,영동군청 건설교통과,050,건설교통과 시설7급,0,,,,2025/01/14 13:52:34.000000000,영동군자연재해저감종합계획,3,,,상가리이장
4375032030,,,지방관리,,4375000000,,02,4375032030102340004001524     ,60865.0,,복구지원팀 시설6급,,180.0,,,양화 재해위험지구,234,집중호우 발생 시 저지대 상습 침수 발생,20191218,,,양화,,437502020007,,3,집중호우 발생시 초평면 은암리 일원 저지대가 상습침수되는 지역임,,0,,금강,2,안전총괄과장,,,001,86.0,,,,,진천군,010,복구지원팀장,0,,,,2024/04/09 16:08:34.000000000,,2,4,,
4375034024,,,지방관리,,4375000000,,02,4375034024106210001012359     ,117717.0,,복구지원팀 시설7급,,105.0,,,양백2 재해위험지구,621,집중호우 발생 시 저지대 상습 침수,20191218,,,양백2,,437502020008,,3,집중호우 발생시 백곡면 양백리 일원 저지대가 상습침수 되는 지역임,,0,,금강,2,안전총괄과장,,,001,70.0,,,,,진천군,010,복구지원팀장,0,,,,2024/09/23 19:39:34.000000000,,2,1,,
4691035028,,상습가뭄,기타,,4691000000,,,,1070000.0,,안전총괄과 지방시설8급,,,Y,,저수지,1693,상습가뭄재해지구,20171113,20171113,,조진,,469102020032,,-1,가뭄,,0,,,2,안전총괄과 지방시설8급,,,003,,,,,,신안군청,050,안전총괄과 지방시설8급,0,,20171113,,2024/09/10 10:10:34.000000000,,1,13,,
4376031024,,상습가뭄,기타,,4376000000,,,,178598.0,,안전건설과 시설6,,90.0,,,구월저수지,21,상습적인 농작물 가뭄 피해 발생,20200103,,행정안전부,구월지구,,437602020023,,-1,상습적인 농작물 가뭄 피해 발생,,0,,,2,안전건설과장,,,001,34.0,,,,,괴산군청,050,안전건설과 시설6,0,,,,2021/05/31 20:33:24.000000000,,1,,001,이장
4418025025,,,지방2급하천,,4418000000,,,,499362.0,20210101,보령시 안전총괄과 시설7 ,,,,,두룡지구,195,"하폭 협소, 홍수시 월류위험 예상,
 주거지 관류하는 하천으로 확폭 및 축제계획 어려움",20200510,,,두룡지구,,441802020008,,19,"하폭 협소, 홍수시 월류위험 예상,
 주거지 관류하는 하천으로 확폭 및 축제계획 어려움",,0,,기타,2,보령시 안전총괄과 행정5 ,,,001,,,,,,보령시청,013,보령시 안전총괄과 시설7,0,,,2020,2024/04/12 16:40:10.000000000,,2,2,,
2653010500,,침수위험,,,2653000000,,,2653010500101430012010036     ,539553.0,20200101,건설과 시설7급,264.0,11430.0,Y,1.0,자연재해위험개선지구,143,"- 지방하천 감전천 외수위 상승에 의한 내수배제가 불량하여 상습적인 침수피해 우려
- 일부구간 우수관거 통수단면적 부족으로 인한 홍수소통 불량",20231025,,,"학장2, 감전2지구",,265302020002,,19,지방하천 감전천 외수위 상승에 의한 내수배제가 불량하여 상습적인 침수피해 우려,,0,,기타,1,,3.0,85.0,001,4136.0,,,,,사상구청,-1,건설과 시설7급,0,,20231025,,2024/09/19 12:35:35.000000000,"학장2지구,감전2지구 자연재해위험개선지구 지정 타당성검토 및 기본계획",2,16,,
4418032021,,,소규모어항,,4418000000,,,,205529.0,,보령시 안전총괄과 시설6,,,,,소성지구,811,"만조시에 침수피해 있음, 침수피해 가능성→범람취약 지역
직립형호안(석축)→해안도로연접
간척농지→방조제 없고 지대 낮음",20200510,,,소성지구,,441802020009,,19,"만조시에 침수피해 있음, 침수피해 가능성→범람취약 지역
직립형호안(석축)→해안도로연접
간척농지→방조제 없고 지대 낮음",,0,,기타,2,보령시 안전총괄과 행정5 ,,,006,,,,,,보령시청,036,보령시 안전총괄과 시설7,0,,,,2024/04/12 16:42:27.000000000,,2,29,,
4777025021,,침수유형,기타,,4777000000,,00,,10873.0,,안전재난과 시설9,139.0,119.0,Y,1.0,소하천,182,태풍 콩레이 태풍 미탁으로 중상곡지의 제체 일부가 붕괴되어 쓸려내려온 토사 및 유송 작물로 인하여 하천 범람 발생 ,20200417,,,구미지구,,477702020025,,14,태풍 콩레이 태풍 미탁으로 중상곡지의 제체 일부가 붕괴되어 쓸려내려온 토사 및 유송 작물로 인하여 하천 범람 발생 ,,0,,영덕오십천,2,안전재난과 시설6,3.0,19.0,001,67.0,,,,,영덕군청,050,안전재난과 시설9,0,,20200417,,2024/04/17 20:04:39.000000000,자연재해위험지구 지정 고시,2,36,,구미리장
5113033021,,,기타,0.0,5113000000,,,,70359.0,,안전총괄과 시설서기,,20.0,N,,점말마을,1102,고립위험지구,20180713,,,점말마을지구,0.0,421302020011,,019,우기철 하천수위 상승으로 인한 주민고립 및 안전사고 우려,,0,,기타,1,안전총괄과 행정사무관,,,004,12.0,,,,-,원주시청,050,안전총괄과 시설주사,0,,,2020,2022/10/12 16:05:09.000000000,,1,1,,
4793039026,,,군도,,4793000000,,00,,530.0,,건설과 시설7급,,15.0,N,,교량,286,교각 및 교대 경간장 협소로 집중호우시 유수소통에 지장 초래,20180321,,,전곡지구,,479302020016,,19,교각 및 교대 경간장 협소로 집중호우시 유수소통에 지장 초래,,0,,기타,3,건설과 시설6급,,,005,7.0,,,,,울진군,004,건설과 시설7급,0,,,2017,2024/12/20 09:27:55.000000000,,3,2,,
4723033027,,,지방관리,,4723000000,,02,,591474.0,,안전재난하천과 시설6급 ,128.0,150.0,Y,,지방하천,1128,지형적인 여건 및 풍수해 영향에 의하여 재해가 발생하였거나 우려가 있는 지역,20201219,,,삼부지구,,472302020013,,2,미개수 지방하천,,0,,낙동강,2,안전재난하천과 시설5급,3.0,52.0,001,65.0,,,,,영천시청,010,안전재난하천과 시설6급 ,0,,20110617,,2024/04/09 15:00:27.000000000,삼부천,1,1,,
4415038031,,하천제방,지방2급하천,0.0,4415000000,,02,,336545.0,20200803,우성면 시설8,166.0,30.0,N,1.0,반촌천,195,"제방고 부족에 의한 하천범람 위험이 높고, 홍수위 영향으로 배수가 원활 하지 못하여 침수피해 발생",20200803,20110915,,반촌지구,,441502020014,,3,"제방고 부족에 의한 하천범람 위험이 높고, 홍수위 영향으로 배수가 원활 하지 못하여 침수피해 발생",,0,,금강,2,시민안전과 행정5,7.0,50.0,001,15.0,,,,,시민안전과,013,시민안전과 시설7,0,,20060830,,2024/04/11 16:41:45.000000000,반촌천 하천기본계획,2,6,,반촌리장
4872042024,,,지방2급하천,,4872000000,,02,,11349.0,20200227,의령군 안전관리과,237.0,44.0,Y,2.0,상곡천,219,「자연재해대책법」 제12조제1항에 따라 자연재해위험개선지구 지정 고시,20200728,,,상곡(신촌)지구,,487202020018,,2,"집중호우 시 제방불량, 하폭부족, 교량형하고 부족 등으로 하천월류로 인한 반복적인 침수로 인명 및 재산피해 발생",,0,,낙동강,2,의령군 안전관리과,5.0,47.0,001,22.0,,,,,의령군 안전관리과,013,의령군 안전관리과,0,,20211231,,2024/09/30 15:06:57.000000000,상곡천하천기본계획,1,,,
4886033021,,,지방1급하천,,4886000000,,,,48105.0,,안전총괄과 시설6급,180.0,727.0,,,"남강,초곡천,계남천",255,집중호우 시 수위상승에 따른 하천 범람으로 인한 주거지 및 상가 침수로 인명·재산 피해,20200805,,,생초,,488602020013,,2,집중호우 시 수위상승에 따른 하천 범람으로 인한 주거지 및 상가 침수로 인명·재산 피해,,0,,낙동강,2,안전총괄과 시설6급,1.0,44.0,001,381.0,,,,,안전총괄과,012,안전총괄과 시설6급,0,,,,2024/04/12 10:56:11.000000000,,1,1,,
5180032022,,,,,5180000000,,02,,137688.0,,건설과 시설9급,358.0,24.0,Y,2.0,"교량,제방",451,"제방의 여유고 부족에 의한 외수범람, 교량의 노후화 및 통수단면 부족",20200218,20100101,,지석지구,,428002020015,,-1,"제방의 여유고 부족에 의한 외수범람, 교량의 노후화 및 통수단면 부족",,0,,,3,건설과 시설6급,80.0,,005,8.0,,,,,양구군,-1,건설과 시설9급,0,,,2020,2024/10/25 15:29:26.000000000,하천기본계획,3,,,
4421033022,,,지방2급하천,,4421000000,,,4421033022104840000018063     ,207090.0,,건설과 지방시설사무관,100.0,,,,방길지구(방길천),484,침수 및 해일위험지역,20200828,,,방길지구,,442102020006,,19,"하천 범람 및 저지대 농경지 상습침수, 해일위험",,0,,기타,3,건설과 지방시설주사,2.0,,001,,,,,,,013,건설과 지방시설주사보,0,,,,2024/09/20 11:50:59.000000000,,2,0,,
3111011100,,,기타,,3111000000,,02,3111011100100370010001853     ,62323.0,20170227,건설과 시설7급,266.0,,Y,,태화 재해위험개선지구,37,태풍 및 집중호우 시 저지대 침수로 인한 피해예방,20170227,20140428,,태화지구,,311102020012,,19,하천변 저지대에 위치하여 외수위 상승시 내수배제 불량에 따른 침수피해 발생,,0,,기타,3,건설과 시설5급,2016.0,103.0,001,,,,,,울산광역시 중구,050,건설과 시설7급,0,,20170227,2017,2024/09/27 15:43:02.000000000,,1,10,,
4783034036,,,기타,,4783000000,,00,,125049.0,,군민안전과 시설7급,,,,,고방지구,1072,"본류하천인 원당천의 수위영향으로 집중호우시 주거지 및 농경지 침수피해 발생
고방천 및 원당천 통수능 부족 및 제방유실에 따른 침수피해 발생",20220110,,,고방지구,,478302020009,,2,내수배제 불량을 침수피해 발생,,0,,낙동강,2,군민안전과 행정5급,,,001,,,,,,고령군,050,군민안전과 시설7급,0,,,,2024/04/11 17:57:52.000000000,,1,1,,
4783035039,,,,,4783000000,,00,,106578.0,,군민안전과 시설7,,,,,소하천 및 배수장,18,"낙동강 수위상승시 치산소하천 주변 저지대 침수피해 발생
현재 기존 옥산배수펌프장 용량부족으로 강제배제 불가능",20200827,,,치산지구,,478302020010,,2,배수펌프장 용량부족 및 내수배제 불량으로 침수발생,,0,일원,낙동강,1,군민안전과 행정5,,,003,,,,,,고령군,-1,군민안전과 시설7,0,일원,,,2024/04/11 18:05:22.000000000,,1,,,
5214039021,,침수위험,기타,,5214000000,,02,4514039021104120004034017     ,108100.0,20200219,시민안전과 시설7급,,520.0,N,,여산지구,412,"강경천(지방) 우안 저지대로 집중호우 시 외수위 상승에 따른 소하천(유성천, 닭작골천) 및 농배수로의 제방 월류가 발생하여 순차적으로 하류 지점의 침수 피해 발생",20200821,20070517,,여산지구,,451402020021,,-1,"강경천(지방) 우안 저지대로 집중호우 시 외수위 상승에 따른 소하천(유성천, 닭작골천) 및 농배수로의 제방 월류가 발생하여 순차적으로 하류 지점의 침수 피해 발생",,0,,,1,시민안전과장,,,001,204.0,,,,,익산시청,050,시민안전과 시설7급,0,,,2020,2024/04/22 11:40:10.000000000,,1,4,,
5219037024,,,지방2급하천,0.0,5219000000,,00,,202905.0,20200828,대산면,102.0,385.0,N,0.0,풍촌천,873,하천범람 및 내수배제 불량,20200828,,,풍촌지구,,451902020033,0.0,5,지방하천 풍촌천의 하폭이 협소하고 하천내 시설물의 설계기준에 미달되어 집중호우시 제방월류에 의한 주거지 및 농경지 피해 발생,,0,,섬진강,2,지방시설6급,1.0,36.0,001,150.0,,,,,남원시청,013,지방시설9급,0,,,,2024/04/18 17:10:28.000000000,,2,,,마을이장
5214042031,,,기타,,5214000000,,02,,263200.0,20200327,시민안전과 시설7급,,148.0,N,,판문지구,529,"만경강 외수위 상승에 따른 저지대 내수배제 불량으로 자연유하를 통한 유출량 처리가 불가하며, 하상 경사가 완만하여 유수 흐름이 지체되어 월류가 발생",20200821,20070517,,판문지구,,451402020022,,-1,"만경강 외수위 상승에 따른 저지대 내수배제 불량으로 자연유하를 통한 유출량 처리가 불가하며, 하상 경사가 완만하여 유수 흐름이 지체되어 월류가 발생",,0,전라북도 익산시 춘포면용연리 529-5,,2,시민안전과장,,,001,75.0,,,,,익산시청,050,시민안전과 시설7급,0,전라북도 익산시 춘포면용연리 529-5,,2020,2024/04/22 11:36:55.000000000,,2,5,,
2629010900,,,지방도,,2629000000,,,,10092.0,,,,,,,문현지구,801,"태풍, 집중호우 시 하천범람 및 내수불량으로 인한 저지대 침수 발생지역",20080812,,행정안전부,문현동 문현지구,,262902020012,,19,"태풍, 집중호우 시 하천범람 및 내수불량으로 인한 저지대 침수",,0,,기타,4,,,,001,,,,20100325,"정비사업완료(펌프장1개소, 하수정비 L=1,058m",,002,,0,,,2008,2020/09/03 15:09:47.000000000,,1,,001,
2629011000,,,지방도,,2629000000,,,,20106.0,,,,,,,우암동 석천아파트,129,언덕붕괴,20030124,,행정안전부,우암동 석천아파트,,262902020014,,019,언덕붕괴,,0,,기타,4,,,,002,,,,20051202,"위험언덕 보강 A=2,009㎡, 화단Con`c(H=0.6m) 620m, Soil-Nailing(L=6-10m) 406공",,002,,0,,,2003,,,2,318,001,
3011013800,,,지방2급하천,,3011000000,,,3011013800103610000034420     ,125458.0,,건설과,,,,,절암천,361,"소하천 정비사업이 미시행 되어 통수단면적 부족, 수충부에서의 소류력 증대로 인한 제방 및 호안 유실 피해",20200903,,,절암천,,301102020001,,3,"소하천 정비사업이 미시행 되어 통수단면적 부족, 수충부에서의 소류력 증대로 인한 제방 및 호안 유실 피해",,0,,금강,3,안전총괄과 재난관리팀장,,,001,,,,,,,013,안전총괄과,0,,,,2024/04/09 21:25:05.000000000,,1,0,,
2671025931,,제방,지방2급하천,,2671000000,,,,2500000.0,,,,20.0,,,일광천,181,노후제방 보수,19990930,,,이천,,267102020007,,19,노후제방,,0,,기타,4,,,,003,12.0,,,20120618,정비 완료,,013,시설8급,0,,,,2023/03/14 11:30:11.000000000,,3,27,,
2671025625,,제방,지방1급하천,,2671000000,,,,2400000.0,,,,30.0,,,좌광천,939,노후제방,19990930,,국토교통부,원리,,267102020008,,019,노후제방,,0,좌광천,기타,4,,,,003,20.0,,,20120618,정비완료,,012,시설8,0,좌광천,,,,,3,1,005,
2671025625,,도로 비탈면,군도,,2671000000,,,,1000.0,,,,,,,19호군도 비탈면,1037,도로 비탈면 유실,19981130,,국토교통부,19호군도,,267102020010,,-1,도로 비탈면 유실,,0,달산리 일원,,4,,,,002,,,,20010929,정비완료,,004,시설8급,0,달산리 일원,,,,,2,2,005,
2650010300,,,,,2650000000,,00,2650010300101430032000001     ,57957.0,,건설과 시설7급,,181.0,,,민락1 자연재해위험개선지구,143,수영강 외수위영향 및 강우시 시가지 침수,20200402,,,민락1지구,,265002020006,,19, 침수피해 우려,,0,,기타,2,건설과장,,,001,50.0,,,,,수영구청,-1,건설과 시설7급,0,,,,2024/12/04 10:28:12.000000000,,2,32,,
5013025922,,,지방관리,,5013000000,,02,5013025922101270001000002     ,22000.0,20201014,서귀포시 안전총괄과 시설7급,110.0,,N,,"배수로정비 1.0km, 배수펌프장 1식",127,"저평지 주거지역의 지리적·지형적 여건으로 인하여 일주도로를 경계로 발생하는 우수가 골 지형으로 유입되어 배수시설(우수관로, 기존 배수펌프장 등) 통수능력이 부족하여 침수발생",20201014,,,오조,,501302020046,,-1,저지대 주거지의 경우 완만한 경사와 낮은 지반고로 인하여 유역 외측의 조위 상승시 자연배수가 불가한 실정,,0,,,2,서귀포시 안전총괄과 복구지원팀장,1.0,40.0,001,,,,,,서귀포시,010,서귀포시 안전총괄과 시설7급,0,,20201014,2020,2024/09/29 09:40:13.000000000,자연재해저감종합계획,2,1,,
4782037048,,,지방관리,,4782000000,,02,,964239.0,20190820,건설과 지방시설주사보,,39.0,Y,,동창천 금천지구,105,"하천기본계획이 수립되었으나, 이후 취약한 방재시설의 정비사업 미시행
계획빈도 홍수 발생시 많은 재산피해가 발생하였고, 지속적인 피해 발생 위험 노출",20190820,,,금천지구,,478202019012,,2,침수,,0,,낙동강,1,건설과 지방시설사무관,,,003,13.0,,,,,안전건설과,010,건설과 지방시설주사보,0,,,2019,2024/04/12 16:22:32.000000000,지방하천정비종합계획,1,,,
4413111400,,내수재해,지방2급하천,,4413000000,,02,4413111400100260001031764     ,37062.0,20191231,안전총괄과 시설8급,,1113.0,Y,3.0,원성천,26,원성천 수위상승 시 우수관로 통수능 부족으로 집중호우 시 침수피해 발생,20191231,20160701,,일봉중앙,,441302019021,,7,"도심지 하천인 원성천 계획홍수위 이하 지역으로 원성천 수위 상승 시 자연배제가 불가능하고 우수관로 방재성능도 계획빈도 이하로 설치되어 있어 집중호우 시 주택, 상가 및 도로침수 발생",,0,,삽교천,2,안전총괄과 행정5급,30.0,103.0,001,838.0,,,,,천안시 안전총괄과,013,안전총괄과 시설7급,0,,20191231,2019,2024/02/06 11:27:16.000000000,원성천기본계획,1,1,,
4793025030,,,지방2급하천,,4793000000,,02,,23030.0,,안전재난과,,20.0,N,,교량,447,교각 및 교대 경간장 협소로 집중호우시 유수소통에 지장 초래,20180321,,,호월3-1지구,,479302020017,,19,교각 및 교대 경간장 협소로 집중호우시 유수소통에 지장 초래,,0,,기타,4,안전재난과장,,,001,10.0,,,,,안전재난과,013,안전재난과,0,,,,2024/12/20 09:32:10.000000000,,2,3,,
4790043021,,,기타,,4790000000,,02,4790033031106350007034942     ,705332.0,,은풍면/지방시설주사보,211.0,130.0,,1.0,"지방하천,소하천",635,"-미개수 지방하천 한천 및 소하천의 통수능력 부족에 의한 은풍면, 효자면 주택 및 농경지 침수위험
-교량의 통수능력 부족 및 하천 수위 상승으로 내수 침수 위험",20201008,20160527,,오류지구,,479002020014,,19,"-미개수 지방하천 한천 및 소하천의 통수능력 부족에 의한 은풍면, 효자면 주택 및 농경지 침수위험
-교량의 통수능력 부족 및 하천 수위 상승으로 내수 침수 위험",,0,은풍면 오류리 ~효자면 보곡리,기타,2,안전재난과장,5.0,55.0,001,50.0,,,,,예천군청,050,안전재난과/지방시설주사보,0,은풍면 오류리 ~효자면 보곡리,20201008,2020,2024/06/04 15:28:10.000000000,,1,7,,
4790040031,,,기타,,4790000000,,02,,106149.0,,지보면/지방시설주사,248.0,164.0,,1.0,"배수펌프장, 소하천",568,"-본류(내성천)외수위가 높아 내수배제 불량 제내지(농경지) 침수
-지류 내수배제 불량 및 소하천의 하천시설물의 농후, 여유고 부족 등에 의한 수위상승으로 범람위험으로 보강 필요",20201008,20160527,,상월지구,,479002020015,,19,"-본류*내성천 외수위가 높아 내수배제 불량 제내지(농경지) 침수
-지류 내수배제 불량 및 소하천의 하천시설물의 농후, 여유고 부족 등에 의한 수위상승으로 범람위험으로 보강 필요",,0,상월리~만화리,기타,2,안전재난과장,3.0,70.0,001,30.0,,,,,예천군청,050,안전재난과/지방시설주사보,0,상월리~만화리,20201008,2020,2024/09/24 15:14:22.000000000,,1,,,
4792031023,,,,,4792000000,,02,,239700.0,,안전건설과 방재복구팀,,48.0,N,,숫골,1020,하천 및 교량 통수단면 부족,20201112,,,숫골지구,,479202020022,,2," - 하폭 및 제방여유고 부족에 따른 월류 발생 및 호안 유실
 - 교량 여유고 및 경간장 부족으로 홍수소통단면 부족",,0,,낙동강,2,안전건설과 하천팀장,,,001,28.0,,,,,봉화군,-1,안전건설과 하천팀,0,,,,2024/04/11 11:49:21.000000000,,2,,,
4376036027,,침수위험,지방1급하천,,4376000000,,02,,251600.0,,안전정책과 시설8,143.0,232.0,Y,,신월천,267,하천의 외수범람 및 내수배제 불량으로 주택 및 농경지 침수,20201204,20061229,,신월지구,,437602020025,,1,하천의 외수범람 및 내수배제 불량으로 주택 및 농경지 침수,,0,,한강,2,안전정책과장,1.0,,001,116.0,,,,,괴산군청,012,안전정책과 시설8,0,,20120405,,2024/04/09 13:55:41.000000000,신월천지방하천기본계획,2,,,
4376036021,,침수위험,,,4376000000,,02,,137000.0,,안전정책과 시설8,301.0,116.0,Y,4.0,구룡천,188,하천의 외수범람 및 내수배제 불량으로 주택 및 농경지 침수,20201204,20061229,,구룡지구,,437602020026,,1,하천의 외수범람 및 내수배제 불량으로 주택 및 농경지 침수,,0,,한강,2,안전정책과장,1.0,,001,55.0,,,,,괴산군청,-1,안전정책과 시설8,0,,20120405,,2024/04/09 13:59:12.000000000,구룡지방하천기본계획,2,2,,
4719036022,,,지방2급하천,,4719000000,,,,1547048.0,,하천과 시설7급,143.0,70.0,,,한천,905,집중호우 및 태풍 내습시 제방 여유고 부족 및 하폭 부족 등에 따른 하천 수위 상승으로 인한 침수피해 발생,20201211,,,한천지구,,471902020005,,2,제방유실 및 농경지 침수피해,,0,,낙동강,2,하천과 시설5급,10.0,24.0,001,26.0,,,,,,013,하천과 시설7급,0,,,,2024/09/20 17:53:27.000000000,,1,,,
4719025624,,,지방2급하천,,4719000000,,,,622777.0,,하천과 시설7급,143.0,120.0,,,성수천,430,계획빈도(80년) 이하의 강우시에도 하천시설물의 통수능력 부족으로 제방 유실 및 농경지 침수피해 발생,20201211,,,성수지구,,471902020006,,2,제방유실 및 농경지 침수피해,,0,,낙동강,2,하천과 시설5급,10.0,24.0,001,44.0,,,,,,013,하천과 시설7급,0,,,,2024/09/20 18:05:27.000000000,,1,4,,
4415031022,,"제방,교량",지방2급하천,,4415000000,,,4415031022103370005005570     ,6420.0,,도로과 시설6급,,,N,,용성천,337,"만수교 여유고 및 경간장 부족, 계획홍수위보다 교좌장치 하단이 낮음
시도 16호선의 제방고가 홍수위보다 낮아 제방월류에 따른 침수 예상",20210104,,,만수지구,,441502021016,,3,유실위험,,0,,금강,1,시민안전과 시설5급,,,005,,,,,,건설과,013,시민안전과 시설7급,0,,,,2022/01/02 09:44:29.000000000,,3,5,,만수리장
2617010400,,,,,2617000000,,02,2617010400108250043022357     ,12838.0,,부산 동구청 안전예방과 시설7급,,,,,범일2 자연재해위험개선지구,825,"· 하천재해 : 만조시 동천 수위상승에 따른 침수피해 우려 
· 내수재해 : 동천의 외수위 상승에 의한 내수배제가 불량하여 상습침수 발생",20210120,20221209,,범일2지구,,261702021001,,-1,"· 하천재해 : 만조시 동천 수위상승에 따른 침수피해 우려 
· 내수재해 : 동천의 외수위 상승에 의한 내수배제가 불량하여 상습침수 발생",,0,A동,,1,부산 동구청 안전예방과 행정5급,,,001,,,,,,부산 동구청,-1,부산 동구청 안전예방과 시설7급,0,A동,20210120,,2024/10/15 18:04:56.000000000,,2,43,,
4374036031,,침수위험,국가하천,,4374000000,,02,4374036031103250003000409     ,470000.0,20180920,시설8급,200.0,60.0,N,,두평지구,325,"-집중호우 시 외수위 상승으로 내수배제 불량에 의한 침수피해 발생
-제내지 배수시설 미정비로 자연배수 지연",20180920,20061011,,두평지구,,437402019019,,3,제내지 배수시설 미정비로 자연배수 지연,,0,,금강,2,시설6급,5.0,40.0,001,20.0,,,,,영동군청 재난안전과 재난예방팀,011,시설8급,0,,,,2023/09/21 18:00:15.000000000,영동군자연재해저감종합계획,3,3,,두평리장
5275039030,,,지방2급하천,,5275000000,,02,,65000.0,20190726,안전관리과 지방시설6급,126.0,28.0,,1.0,이윤천,303,이윤천의 외수위 상승에 따른 제방 월류 및 여유고 부족으로 농경지 및 용동마을 주거지 상습 침수,20190614,,,이윤지구,,457502019021,,5,이윤천의 외수위 상승에 따른 제방 월류 및 여유고 부족 ,,0,,섬진강,2,안전과리과 지방시설5급,3.0,40.0,001,18.0,,,,,임실군청,013,안전관리과 지방시설6급,0,,20190614,,2024/09/24 16:38:31.000000000,,2,1,,이장
4611016000,,내수침수,기타,0.0,4611000000,,02,,206288.0,20201007,재난안전과 시설 7급,,9940.0,Y,3.0,임성지구,1155,우기 철 집중호우 및 태풍 내습 시 하천범람 및 내수배제 불량으로 상습적으로 침수 발생,20201007,,,임성지구,0.0,461102020003,6.0,-1,우기 철 집중호우 및 태풍 내습 시 하천범람 및 내수배제 불량으로 상습적으로 침수 발생,,0,,,1,재난안전과 과장,,,001,5000.0,,,,,목포시,050,재난안전과 자연재난팀장,0,,20201007,2022,2024/09/23 09:46:58.000000000,,1,1,,
5113025021,,,국가하천,,5113000000,,,,79211.0,,시설주사보,,,,,교량,1071,"섬강을 횡단하는 교량으로 경간장 부족으로 하천기본계획 시설기준에 미달되고, 유수소통에 장애 발생 하여 시설물 또는 주변 주택·농경지 등에 피해가 예상",20201113,,,문막교지구,,421302020013,,19,"섬강을 횡단하는 교량으로 경간장 부족으로 하천기본계획 시설기준에 미달되고, 유수소통에 장애 발생 하여 시설물 또는 주변 주택·농경지 등에 피해가 예상",,0,,기타,2,시설사무관,,,005,,,,,,원주시청,011,시설주사,0,,,2022,2024/09/24 19:32:02.000000000,,1,18,,
4377035021,,,군천,,4377000000,,,4377035021105190015176067     ,55720.0,,재난안전과 재난예방팀장,200.0,,,,모래내천,1052,"모래내 소하천의 외수범람 및 내수배재 불량으로 시가지 및 농경지 침수
변경지정: 침수피해예방을 위한 사업계획변경 및 수해발생지역 추가 지정",20220325,,,모래내,,437702019011,,3,지방하천 미호천 배수영향으로 모래내 소하천의 외수범람 및 내수배재 불량으로 하류 복개구간이 월류되어 시가지 및 농경지 침수,실무담당자(재난안전과) 043-871-3284,0,,금강,2,재난안전과 과장 ,2.0,60.0,001,,,,,,음성군 재난안전과,042,재난안전과 시설8급,0,,,,2024/09/21 02:42:09.000000000,,2,0,,덕정5리
4887033022,,,지방1급하천,,4887000000,,02,,126393.0,20210218,함양군 수동면 시설8급,,225.0,Y,2.0,서주지구,93,"- 집중호우 및 태풍 내습시 제방고 및 하천하폭 부족으로 인한 서주천, 회동소하천 범람과 우수배제 불량으로 인한 주거지 및 농경지 침수피해 발생으로 재해위험지구 지정 필요 ",20210218,20170319,,서주지구,,488702021015,83000.0,19," - 대상지구는 지방하천 서주천의 계획하폭 및 제방여유고가 부족하여 제방 월류가 발생하며, 집중호우시 좌안측에 위치한 화암 및 옥산마을이 빈번하게 침수피해 발생
 - 집중호우시 서주천과 임천 합류부 인근 서주마을 침수피해 발생 및 서주교 범람으로 인한 서주마을 진입로 통행이 제한되어 마을주민 고립 위험
 - 회동저수지의 누수 및 붕괴 위험으로 직하류에 위치한 회동마을의 침수피해 가중 
 - 배수유역 내 강제배제(배수펌프장)시설이 위치하지 않으며, 제내지 농경지가 서주천 계획 홍수위 보다 낮아 집중호우시 자연배제가 불가능함",,0,,기타,1,함양군 안전도시과 시설5급,2.0,60.0,001,109.0,,,,,함양군,012,함양군 안전도시과 7급,0,,20211216,2021,2024/04/15 09:03:53.000000000,서주천 기본계획,1,3,,
4477039024,,,지방2급하천,0.0,4477000000,,02,4477039024106150000015013     ,207579.0,,안전관리과,2805.0,42.0,N,,하천,615,조위 상승으로 홍수의 하도지자체에 의한 침수피해 발생,20201221,,,종천,,447702021006,,3,조위 상승으로 홍수의 하도지자체에 의한 제내지 및 종천천 통수단면 부족으로 침수피해 발생,,0,,금강,1,안전관리과,2.0,22.0,001,21.0,,,,,서천군,013,안전관리과,0,,,,2024/04/10 18:51:49.000000000,종천천 하천기본,2,0,,주민
5178025628,,,,,5178000000,,02,4278025628105650005003945     ,156030.0,,안전총괄과 시설7급,,,,,토성지구,550,불당천 수위상승에 따른 배수위 영향과 내수배제 불량으로 저지대 농경지 및 주거지가 상습 침수,20210315,,,토성지구 ,,427802021007,,-1,상습 침수,,0,,,2,,,,001,,,,,,철원군청,-1,안전총괄과 시설7급,0,,,,2024/04/09 17:25:35.000000000,,2,2,,
4872039029,5.0,,지방2급하천,,4872000000,,02,,133866.0,20201217,의령군 안전관리과 시설7급,284.0,84.0,Y,2.0,익구천,197,집중호우 발생시 하천의 하폭 및 교량형하고 부족에 따른 월류 및 저지대 침수,20201217,,,익구2지구,,487202021020,7892.0,2,"  - 하천 하폭 및 제방고 부족으로 하천범람 피해 
  - 교량 6개소 연장 및 형하고 부족으로 인한 하천수위 증가
  - 제내지측 가옥, 창고, 농경지로 하천 월류 시 침수피해 예상",,0,,낙동강,1,의령군 안전관리과 시설5급 ,30.0,,001,60.0,0.0,10.0,,,의령군 안전관리과,013,의령군 안전관리과 시설7급,0,,20131128,2020,2024/04/12 15:19:25.000000000,익구천하천기본계획,2,,,
5181034023,,유실위험,소교량,,5181000000,,02,,11700.0,20210329,인제군 안전교통과 지방시설9급,100.0,,,,반월촌교,1691," 반월촌교는 교량형하고 및 경간장이 하천기본계획  시설기준에 미달되는 노후 시설물로 국지성 집중호우 시 
 통수단면적 부족으로 교량구조물 및 주변 농경지 등에 지속적인 피해 예상",20210329,20210329,,반월촌교지구,,428102021012,,1,집중호우 시 유실위험으로 인한 주변 농경지 등에 큰 피해 예상,,0,일원,한강,2,인제군 안전교통과 지방시설6급,100.0,30.0,005,,,,,,033-460-2162,048,인제군 안전교통과 지방방재안전8급,0,일원,20210329,,2023/04/27 13:15:30.000000000,,1,11,,
4792039023,,,,,4792000000,,02,,113433.0,20210401,안전건설과 방재복구팀,199.0,59.0,N,,굴현,1,하부암 이탈 및 쐐기  파괴 발생에 의한 낙석 발생,20210401,,,굴현지구,,479202021023,,2,하부암 이탈 및 쐐기  파괴 발생에 의한 낙석 발생,,1,일원,낙동강,2,안전건설과 방재복구팀장,1.0,38.0,002,58.0,,,,,봉화군청,-1,안전건설과 방재복구팀,0,일원,,,2024/04/11 11:20:09.000000000,,2,68,,
3611037023,5.0,,지방1급하천,,3600000000,,02,,177100.0,,물관리정책과 시설7급,75.0,55.0,Y,,덕현지구,419,- 호우 시 배수 불량 및 노후 호안 유실 등으로 인한 침수 위험지역으로 인명 및 재산피해 발생 우려,20210430,20130107,,덕현,,360002021003,,3,"- 덕현천 수이 상승에 따른 배수 영향으로 통수단면이 부족하고 제방이 낮아 집중 호우 시 하천 범람으로 인한 저지대 농경지 침수피해가 발생하였으며, 2020년 집중호우에 의해 제방 붕괴 및 호안유실이 발생하였음",,0,,금강,3,자연재난과장,4.0,32.0,001,25.0,5.0,10.0,,,세종특별자치시,012,자연재난과 시설7급,0,,20181220,2021,2024/04/09 16:26:13.000000000,미호천 하류권역 하천기본계획,2,,,
4713011300,,,기타,,4713000000,,02,,670000.0,20181231,지방시설주사보,,,N,,남천 재해위험개선지구,87,상습가뭄재해지구로 인한 지정,20181231,20180731,,남천 지구,,471302019022,,10,상습가뭄재해지구,,0,,형산강,3,지방시설주사,,,007,,,,,,경주시청,050,지방시설주사보,0,,,2017,2024/04/19 14:54:02.000000000,,2,8,,
4872042021,5.0,,지방2급하천,,4872000000,,02,,54019.0,20200227,의령군 안전관리과 시설7급,237.0,26.0,Y,2.0,상촌천,30,「자연재해대책법」 제12조제1항에 따라 자연재해위험개선지구 지정 고시,20200728,,,상촌지구,,487202020017,6011.0,2,"집중호우 시 제방불량, 하폭부족, 교량형하고 부족 등으로 하천월류로 인한 반복적인 침수로 인명 및 재산피해 발생",,0,,낙동강,1,안전관리과장,5.0,47.0,001,13.0,0.0,10.0,,,의령군 안전관리과,013,의령군 안전관리과 시설7급,0,,20100729,,2024/04/12 15:24:22.000000000,상촌천하천기본계획,1,2,,이장
5211311200,,,기타,,5211000000,,02,,412000.0,20150303,우아2동장,222.0,,Y,,금상천,1280,침수위험,20150904,20121030,,금상2,,451102021003,,9,"집중호우시 일부 제방 구간의 제방 여유고 부족, 통수능 부족, 만곡부 세굴, 하천범람 등",,0,,만경강,3,재난안전과장,4.0,,001,,,,,,시민안전담당관,050,재난안전과 자연재난팀장,0,,20161130,2015,2024/11/16 09:47:25.000000000,전주시 소하천정비종합계획,2,4,,
4180025021,,,지방1급하천,,4180000000,,02,,53700.0,,건설과 시설7급,,33.0,,,동막1천,127, - 침수위험,20201020,,,동막,,418002021010,,1,집중호우로 인한 지방하천 차탄천 외수위 상승 및 소하천 동막 1천   통수능 부족으로 월류 등 저지대 구간에 침수발생.,,0,,한강,2,건설과 시설6급 ,,,001,14.0,,,,,건설과,012,건설과 시설7급,0,,20201020,2020,2024/04/16 10:44:14.000000000,,2,6,,
4375025330,,,지방관리,,4375000000,,02,4375031030105870001032971     ,227544.0,,안전정책과 시설6급,,1977.0,,,용몽 재해위험개선지구,587,지방하천 수위 상승 시 배수위 영향 구간으로 소하천 제방 여유고 부족 및 우수관거 통수능 부족의 의해 상습 침수 피해 발생,20210514,,,용몽,,437502021010,,3,집중호우 발생시 덕산읍 용몽리 일원의 내수배제 불량 및 하천 배수위 영향에 의한 상습 침수 지역,,0,,금강,2,안전정책과장,,,001,1060.0,,,,,진천군,010,안전정책과 복구지원팀장,0,,,,2024/12/03 15:42:00.000000000,,1,1,,
4374031026,,고립위험,지방2급하천,,4374000000,,,,100000.0,,시설7급,,,,,한석지구,47,집중호우시 하천수위 상승에 따른 고립위험,20200106,,,한석지구,,437402021025,,3,집중호우시 하천수위 상승에 따른 고립우려,,1,,금강,2,시설6급,,,004,,,,,,재난안전과,013,시설7급,0,,,,2024/04/16 21:46:52.000000000,영동군자연재해저감종합계획,1,6,,한석리장
4686032021,,,,,4686000000,,,,337000.0,,지방시설서기,,,,,구봉지구,573,농업용수가 부족한 상습가뭄재해지역의 안정적인 농업용수 공급으로 가뭄피해 예방 및 농업생산성 향상 도모,20200325,,,구봉지구,,468602021019,,-1,농업용수가 부족한 상습가뭄재해지역의 안정적인 농업용수 공급으로 가뭄피해 예방 및 농업생산성 향상 도모,,0,,,4,,,,003,,,,20240926,해제완료,함평군청,-1,,0,,,,2024/10/13 11:24:06.000000000,,3,1,,
4782025036,,침수위험지구,지방2급하천,,4782000000,,02,,271158.0,,안전총괄과 지방시설주사보,,148.0,Y,1.0,청도천,1607,"? 하천기본계획이 수립되었으나, 이후 취약한 방재시설의 정비사업 미시행
? 계획빈도 홍수 발생시 많은 재산피해가 발생하였고, 지속적인 피해 발생 위험 노출",20220829,,,가금예리지구,,478202021015,,2,"  - 청도천 우안에 위치한 양배수장 펌프용량 부족으로 인한 주변 농경지구간 내수배제 불량 발생, 청도천 제방고 부족에 따른 침수위험
  - 칠성소하천 청도천 합류지점 부근 하폭부족으로 인한 주거지 구간 침수피해 우려지역
  - 뒤뜰2천 합류부 지점부터 상류부까지 소하천구간 정비가 완료(하폭B=10~12m)되었으나, 하류부 예산부족 및 주거지 구간(하폭B=8~14m)으로 상류부보다 하폭이 협소함",,0,,낙동강,1,안전총괄과 지방행정사무관,3.0,,001,65.0,,,,,청도군청,013,안전총괄과 지방시설주사보,0,,,2021,2024/09/23 17:23:42.000000000,지방하천정비종합계획,2,,,
5013010900,,,지방관리,,5013000000,,02,5013010900111680010002991     ,27400.0,20210630,서귀포시 안전총괄과 시설7급,,,Y,,배수로 정비 16km,1168,상류지역인 월라봉 및 농경지에서 발생하는 우수로 인해 통수단면적 부족구간 및 배수체계 미연결 구간에서 범람하여 도로를 따라 저지대 농경지 및 주거밀집지역으로 유입하여 침수피해 발생,20210630,,,신효,,501302021050,,-1,방재성능목표(1hr 90mm)에 상당하는 호우 발생시 효돈순환로 등 도로 및 주변 주거밀집지역으로 유입하여 침수피해 발생,,0,,,2,서귀포시 안전총괄과 복구지원팀장,,,001,,,,,,서귀포시,010,서귀포시 안전총괄과 시설7급,0,,,2021,2024/06/10 11:34:04.000000000,자연재해저감종합계획,1,10,,
4677035025,,,군도,,4677000000,,,,3900.0,,지방시설6급,995.0,51.0,,,주거지,2624,교량 통수단면 부족 농경지 침수 및 노후화로 유실 위험,20100514,,,해창만2,,467702021024,,19,교량 통수단면 부족 및 노후화,,0,,기타,2,지방시설5급,1.0,,005,17.0,,,,,고흥군청,004,지방시설7급,0,,,,2024/04/29 22:26:38.000000000,,2,,,
4677044022,,,기타,,4677000000,,,4677044022107320019039553     ,3900.0,,지방시설6급,995.0,51.0,,,주거지,732,"주거지, 수산창고가 해안에 노출되어 대조기 고조시 폭풍해일 내습, 조위 상승으로 피해 발생",20210224,,,사도,,467702021025,,-1,"대조기 고조시 폭풍해일 내습, 조위 상승으로 피해 발생",,0,,,1,지방시설5급,1.0,,006,17.0,,,,,고흥군청,050,지방시설7급,0,,,,2024/04/29 18:04:15.000000000,,2,44,,
4717012300,,,기타,,4717000000,,,4717012300100130005000001     ,1.0,,,,,,,급경사지,13,급경사지 붕괴위험,20060306,,행정안전부,명륜지구,,471702021024,,019,붕괴위험,,0,,기타,4,안전재난과 시설5,,,002,,,,20080916,공사완료,,050,안전재난과 시설6,0,,,,,,3,5,001,
4725031023,,,군도,2.0,4725000000,,00,,36000.0,20220330,건설과 / 시설7 신영민,,1506.0,Y,,강창교,1446,"낙동강 계획홍수위 이하 교량으로 매년 호우 및 태풍 발생시 침수위험
경간장 기준 미달로 인해 홍수시 유송잡물에 의한 통수능 저하",20210408,,,강창교,5.0,472502021015,,2,"중동면 주민 약 1,500여 명의 주요 통행로로 교통량이 많으며, 잦은 침수와 더불어 교량 노후화로 인한 유실위험 상존(인명피해 우려)
강창교 침수 및 유실에 따른 교량 통행불가시 약 16km이상 우회 필요(비상시 일시적 고립 발생가능)",,0,강창교 일원,낙동강,2,안전재난실장,,,005,771.0,,,,,상주시 건설과,004,안전재난실 / 시설7,0,강창교 일원,20130315,2022,2024/04/11 13:51:53.000000000,하천기본계획,1,,,
4725035021,,,기타,,4725000000,,00,4725035021101490001076999     ,74993.0,20220330,건설과 / 시설8 이재민,,400.0,Y,,산현소하천,149,"공성면 소재지 일대 우수관거 용량부족으로 침수피해 발생
소하천 하폭 및 제방고 부족으로 월류피해 발생",20200901,,,공성(옥산),,472502021016,,2,"시가지 우수관거 용량부족으로 침수피해 발생
산현소하천 월류 피해 발생",,0,,낙동강,2,안전재난실장,,,001,200.0,,,,,상주시 건설과,050,안전재난실 / 시설7,0,,20181001,2022,2024/04/11 13:50:14.000000000,소하천정비종합계획,1,1,,
5175036025,,하천재해,군도,,5175000000,,00,,3440.0,,영월군 시설7급,248.0,110.0,Y,25.0,금마지구,198,하천시설 노후 및 시설기준 미달로 홍수기 원활한 유수흐름 저해,20190430,,,금마지구,,427502019021,,1,"집중호우시 주천강,결운천 범람에 의한 도로 침수로 농경지 피해 및 차량통제",,0,자작결운길 396-2,한강,4,건설과장,2006.0,39.0,001,50.0,,,20220207,"사업완료 : 2021.08.13.
지구지정해제 : 2022.02.07.",영월군청,004,영월군청 건설과 재난예방,0,자작결운길 396-2,,,2024/04/09 11:16:06.000000000,주천강하천기본계획,3,1,,금마4리장
4687025038,,침수위험지구,지방관리,0.0,4687000000,,02,4687025038104260000024510     ,21307.0,,안전관리과 시설6급,,5.0,,,지방하천,426,우기철 및 집중호우 시 인명 및 재산손실 등의 우려가 있어 정비를 통해 재해요인을 해소코자 함.,20190726,20110711,,덕호지구,0.0,468702019026,,019,"덕호교 주변 하폭협소(국도22호선 고가도로) 및 상류 제방고 낮아 월류 피해, 덕호1무명교(box)로 인하여 통수단면 부족으로 월류 위험, 상류로부터 유입된 토석류로 인해 하도 퇴적 등",,0,,기타,2,안전관리과장 행정5급,,,001,2.0,,,,,영광군청,010,안전관리과 시설7급 ,0,,20150101,,2023/05/09 17:48:59.000000000,덕호천 하천기본계획,2,0,,
5011025321,,,지방관리,,5011000000,,,5011025321014760000026343     ,98785.0,20200205,제주시 안전총괄과 지방시설6급,,,,,광령리,1476,내수배제 불량으로 인한 저지대 침수,20200205,,,광령리,,501102020053,,019,광령리 일대 우수처리 불량 및 말단부 통수단면 부족으로 저지대 침수피해 발생,,0,,기타,4,제주시 안전총괄과장,,,001,,,,20230510,정비사업 완료에 따른 저지대 침수 등 위험요인 해소,제주시청,010,제주시 안전총괄과 지방시설8급,0,,,,2023/06/07 16:07:02.000000000,,2,0,,광령1리장
2671033022,,,기타,,2671000000,,,,10000.0,,,,30.0,,,장전리 침수,583,침수위험,19990930,,국토교통부,장전,,267102020011,,-1,침수위험,,0,장전리 일원,,4,,,,001,20.0,,,20010929,제방정비완료,,050,시설8급,0,장전리 일원,,,,,3,100,005,
4889033028,,상습가뭄재해지구,지방2급하천,,4889000000,,,,42000.0,20200916,안전총괄과 방재담당,,,,,청현,495,"집중호우시하류지역 주거지 수해피해 위험과 산불 등 긴급상황 발생 시 담수구역이 협소 등 담수량이 적어 농업용수 공급에 애로로
재해위험요인을 사전에 해소위함",20220404,,,청현 상습가뭄재해지구,,488902021023,,-1,가뭄 발생시 유역내 별도의 저류시설이 존재하지 않아 하천수 고갈로 인해 농업용수 공급이 부족하여 영농에 어려움,,0,,,1,안전총괄과장,,,003,,,,,,합천군,013,안전총괄과 시설7급,0,,,,2024/04/08 15:05:45.000000000,,3,,,가야면 환경개발담당
4180033025,,,지방1급하천,,4180000000,,02,,53600.0,,건설과 7급,,478.0,Y,,노곡,1658,- 침수위험,20201020,,,노곡,,418002021011,,18,집중호우로 인한 지방하천 차탄천 외수위 상승 및 소하천 동막 1천   통수능 부족으로 월류 등 저지대 구간에 침수발생,,0,,임진강,1,건설과 6급,,,001,228.0,,,,,연천군 건설과,012,건설과 7급,0,,20201020,2020,2024/04/16 10:47:21.000000000,소하천기본계획,2,,,
4833033021,,도로사면,시도,,4833000000,,02,4833033021111280003000002     ,32345.0,,도로정비과 시설7급,279.0,30.0,N,,석계지구,1128,2020.8.31(1일 강수량 278.5mm)시 도로 사면이 붕괴되고 옹벽의 배부름 현상 및 상부 사면 인장균열 발생 등으로 붕괴위험이 높고 인근 공장(대동정밀)에 인근피해 우려,20210601,20110107,,석계지구,,483302021020,52.0,-1,2020.8.31(1일 강수량 278.5mm)시 도로 사면이 붕괴되고 옹벽의 배부름 현상 및 상부 사면 인장균열 발생 등으로 붕괴위험이 높고 인근 공장(대동정밀)에 인근피해 우려,,0,,,2,도로정비과 시설6급,2020.0,,002,3.0,,,,,양산시,003,시민안전과 시설7급,0,,,2021,2024/04/08 20:26:44.000000000,,1,3,,위천마을이장
4717038027,,,지방2급하천,,4717000000,,,4717038027111100079005612     ,117000.0,,,,,,,지방하천,1110,취약방재시설,20200320,,,오대1지구,,471702021023,,2,취약방재시설,,0,,낙동강,1,안전재난과 시설5,,,003,,,,,,,013,안전재난과 시설8,0,,,,2024/04/14 09:56:46.000000000,,2,79,,
4824010400,5.0,,지방2급하천,,4824000000,,,,50000.0,,동서금동행정복지센터,,,,,삼천포천,296,우기시 침수로 지역주민의 재산 및 인명피해 발생 우려(지정 예정),20210831,,,팔포,,482402021025,,-1,우기시 내수배제 불량으로 침수현상 발생,,0,,,1,재난안전과,,,001,,0.0,10.0,,,사천시청,013,재난안전과,0,,,,2024/03/22 12:13:03.000000000,,2,7,,
4833033021,,,기타,,4833000000,,02,,152886.0,,시민안전과 시설7급,273.0,205.0,,,모래불지구,1089,양산천 홍수위보다 낮은 저지대 마을로 상습 침수구역,20220111,,,모래불지구,,483302021021,,2,양산천 홍수위보다 낮은 저지대 마을로 상습 침수구역,,0,,낙동강,1,시민안전과 시설6급,4.0,,001,70.0,,,,,시민안전과,050,시민안전과 시설7급,0,,20220111,2021,2024/09/25 17:13:12.000000000,,1,14,,모래불마을 이장
4831036026,,,기타,,4831000000,,02,4831036026106400000018776     ,4320.0,20210101,시민안전과 시설7급,1745.0,226.0,N,2.0,후포지구,644,해일 및 고파랑에 의한 월파,20211224,20211224,,후포지구,,483102021020,,019,해일 위험,,0,,기타,1,시민안전과 시설6급,3.0,415.0,006,104.0,,,,,거제시청 시민안전과,050,시민안전과 시설7급,0,,,2021,2024/09/20 14:28:55.000000000,,2,1,,신계마을 이장
4831035029,,,기타,,4831000000,,02,4831035029102290000000795     ,33636.0,,시민안전과 시설7급  ,1745.0,350.0,N,,학산지구,229,하천 범람 및 조위상승에 따른 내수배제불량,20211224,20211224,,학산지구,,483102021022,,19,해일 및 침수,,0,,기타,1,시민안전과 시설6급,3.0,415.0,001,166.0,,,,,거제시청,050,시민안전과 시설7급  ,0,,20211224,2021,2024/09/20 14:28:03.000000000,,2,0,,학산마을 이장
4831010700,,,지방관리,,4831000000,,02,,6021.0,,해양항만과 시설 7급,,200.0,N,,덕포지구,81,고파랑으로 인한 해안가 건축물 파손 등 해일피해 증가,20210909,,,덕포지구,,483102021024,,19,해일위험,,0,,기타,1,시민안전과 시설 6급,,,006,70.0,,,,,거제시 해양항만과,010,시민안전과 시설7급,0,덕포해수욕장 일원,,,2024/04/05 15:30:07.000000000,,2,5,,
5176036021,,풍수해생활권,,,5176000000,,02,4276036021100620001015048     ,801000.0,,건설과 시설8급,,,,,하진부지구,62,침수위험,20201106,,,하진부지구,,427602021025,,1,저지대 우수배제불량으로 인한 주택 및 농경지 침수,,0,,한강,2,건설과 시설6급,,,001,,,,,,평창군,-1,건설과 시설8급,0,,,,2023/04/26 21:04:59.000000000,,2,1,,
4887032025,5.0,,지방1급하천,,4887000000,,02,,221827.0,,함양군 시설7급,,261.0,Y,12.0,서주천,873,"서주천 하천폭이 협소하여 통수단면을 확보하고 하천 범람에 따른 산두마을 등의 상습적인 침수 피해와 제방, 보 및 교량 등 노후 시설물의 유실 피해 해소를 목적으로 지정함.",20220905,,,목현지구,,488702021020,449645.0,2,"주거지 및 농경지 구간 하천 범람에 의한 침수피해, 인명 및 재산피해 우려가 높은 지역으로 방재 대책 시급",,0,,낙동강,1,하천담당,2.0,60.0,001,87.0,0.0,10.0,20261231,,함양군,012,함양군 시설7급,0,,20221231,2021,2024/04/08 21:22:01.000000000,서주천 하천기본계획,2,,,마을대표
2614012400,,,기타,0.0,2614000000,,02,2614012400101350005000003     ,65000.0,20230419,부산광역시 서구 건설과 지방시설서기,,,Y,,암남5 자연재해위험개선지구,135,태풍에 따른 시설물 파손 및 침수로 인한 인명피해 우려 ,20230419,20230419,,암남5지구,,261402023026,13.0,-1,태풍에 따른 시설물 파손 및 침수로 인한 인명피해 우려 ,,0,,,1,부산광역시 서구 건설과 지방시설주사,,,006,,,,,,부산광역시 서구청,050,부산광역시 서구 건설과 지방시설서기,0,,20230419,2023,2024/12/04 10:27:58.000000000,,2,5,,
4784031039,,,지방관리,,4784000000,,02,4784031039107390000022644     ,61600.0,,성주군 시설7급 김동일,,,N,,배수로,739,내수침수 위험해소를 위한 지정 및 정비,20200924,,,동암성원,,478402021014,,2,내수침수,,0,동암들,낙동강,2,건설과 시설5급,,,001,,,,,,성주군,010,건설과 시설7급,0,동암들,,2020,2024/04/10 14:54:35.000000000,,2,0,,
4673036026,,침수,기타,,4673000000,,,,413982.0,20190918,구례군청 건설과 지방시설7급,180.0,35.0,,,선월지구,240,집중호우시 주거지 및 농경지 침수,20200916,,,선월,,467302021004,,5,집중호우,,0,,섬진강,1,,1.0,200.0,001,42.0,,,,,구례군청 건설과,050,,0,,20200916,2017,2023/05/22 10:08:54.000000000,선월자연해재해위험개선지구,2,4,,
4887035023,,,지방1급하천,,4887000000,,02,4887035023101450002024124     ,21410.0,20211104,함양군 지곡면 시설8급,230.0,123.0,Y,2.7,덕암,145,"집중호우 및 태풍 내습시 제방고 및 하천하폭 부족으로 덕암천 제방월류에 따른 주거지 및 농경지 침수피해가 발생되어 재해위험지구 지정을 통해 체계적인 정비,관리 필요",20220811,20170319,,덕암,,488702021018,86000.0,019,"농경지 및 침수피해 발생
마을주민 고립 위험 등",,0,,기타,1,함양군 안전도시과 시설5급,2.0,,001,41.0,,,20261231,,함양군,012,함양군 안전도시과 시설7급,0,,20101230,2021,2024/04/15 08:57:06.000000000,덕암하천기본계획,2,2,,
4831035026,,,기타,,4831000000,,02,,31735.0,,시민안전과 시설 7급,,130.0,N,,하둔지구,363,"하수도, 구거, 사방시설, 배수펌프장 등 복합적인 재해 예방사업 필요",20210909,,,하둔지구,,483102021023,,19,침수위험,,0,,기타,1,시민안전과 시설 6급,,,001,65.0,,,,,거제시 시민안전과,050,시민안전과 시설7급 ,0,,,2021,2024/09/20 15:08:11.000000000,,2,7,,
4825036022,,,지방2급하천,,4825000000,,02,,249088.0,,김해시청 시민안전과 시설7,,200.0,Y,1.0,"지방하천, 국지도69호선",233,하천범람 및 도로침수,20210910,20071130,,매리지구,,482502021008,,2,낙동강 배수위 영향에 따른 지방하천 대포천 범람 및 국지도 69호선 상습침수,,0,,낙동강,3,시민안전과 시설6,,,001,118.0,,,,,김해시청,013,시민안전과  시설7,0,,20140717,,2024/04/16 10:54:05.000000000,하천기본계획,1,,,
4690025025,,,지방2급하천,,4690000000,,,,1664966.0,20200422,진도군청 건설과,,,,,진도천,848,"우기 철 집중호우 및 태풍 내습 시 하천범람으로 상습적으로
침수가 발생하여 인명 및 재산손실 등의 우려",19960729,,,해창지구,,469002021006,,19,"우기 철 집중호우 및 태풍 내습 시 하천범람으로 상습적으로
침수가 발생하여 인명 및 재산손실 등의 우려",,0,~ 포산리 2433,기타,1,,,,001,,,,,,진도군청,013,진도군청 건설과,0,~ 포산리 2433,,,2023/05/04 14:30:28.000000000,,1,,,
4690025026,,,지방2급하천,,4690000000,,02,,2887353.0,20200422,진도군청 건설과,,,,,염대천,2657,"우기 철 집중호우 및 태풍 내습 시 하천범람으로 상습적으로
침수가 발생하여 인명 및 재산손실 등의 우려",19960729,,,염대지구,,469002021007,,-1,"우기 철 집중호우 및 태풍 내습 시 하천범람으로 상습적으로
침수가 발생하여 인명 및 재산손실 등의 우려",,0,~ 칠전리 2153-13,,1,,,,001,,,,,,진도군청,013,진도군청 건설과,0,~ 칠전리 2153-13,,,2023/05/04 14:29:35.000000000,,1,,,
4827025027,,,지방관리,,4827000000,,02,,116347.0,20210805,밀양시 지방시설주사,,1206.0,N,,배수로,633,우곡천 최심하상고보다 낮은 천청하천의 형태로 저지대에 위치하여 낙동강 수위상승 시 내수배제 불량 및 검세 배수펌프장의 배수용량 부족으로 우곡천 월류피해 발생,20210805,20120920,,삼랑진지구,,482702021026,,2,낙동강 만수위시 우곡천 수위상승으로 검세지구 내수배제 불량,,0,,낙동강,3,밀양시 지방시설사무관,,,001,640.0,,,,미해제,밀양시청,010,밀양시 지방시설주사,0,,,2021,2024/04/09 11:29:46.000000000,,1,7,,검세마을 이장
4681031033,,,,,4681031033,,,,47900000.0,,,,,,,지방하천,1473,침수위험,20150423,,행정안전부,삼신,,111102021013,,-1,침수위험,,0,,,3,,,,001,,,,,,,-1,,0,,,,,,1,5,001,
5176032023,,상습가뭄재해지구,기타,,5176000000,,00,4276032023107290000021602     ,59231.0,,건설과 시설8급,,58.0,N,,대미,729,상습적인 가뭄발생으로 인한  용수 부족으로 인명 ·재산피해  ,20190709,,,대미,,427602019024,,19,상습적인 가뭄발생으로 인한  용수 부족으로 인명 ·재산피해  ,,0,,기타,2,건설과 시설6급,1.0,,007,29.0,,,,,평창군,050,건설과 시설8급,0,,,,2023/04/26 21:05:52.000000000,,1,0,,
4782036038,,,지방2급하천,,4782000000,,,4782036038103970003021651     ,1356421.0,,건설과 지방시설주사보,,75.0,,,동창천 운문지구,397,"하천기본계획이 수립되었으나, 이후 취약한 방재시설의 정비사업 미시행
계획빈도 홍수 발생시 많은 재산피해가 발생하였고, 지속적인 피해 발생 위험 노출",20190820,,,운문지구,,478202019013,,2,침수,,0,,낙동강,1,건설과 지방시설사무관,,,003,25.0,,,,,청도군청,013,건설과 지방시설주사보,0,,,,2024/04/12 16:22:24.000000000,,1,3,,
4677035032,,,기타,,4677000000,,,,3900.0,,고흥군 시설6급,275.0,60.0,,,해안마을,415,"주거지, 수산창고가 해안에 노출되어 피해 우려",20210224,,,오취,,467702021026,,4,"대조기 고조시 폭풍해일 내습, 조위상승으로 인한 피해 발생",,0,,영산강,4,고흥군 시설5급,1.0,,003,20.0,,,,,고흥군 재난안전과,050,고흥군 시설6급,0,,,,2024/09/21 14:37:33.000000000,,2,1,,
5011025633,,,,,5011000000,,02,5011025633102710001000001     ,52473.0,,제주시 안전총괄과 복구지원팀장,241.0,28.0,,2.0,평대,271,집중호우 및 태풍 발생 시 우수집중으로 인한 침수피해,20210825,,,평대,,501102021056,,19,집중호우 발생 시 평대 마을 상류에 위치한 침투형 저류지 월류 및 우수관 용량 부족 등으로 인한 반복적인 침수로 인명 및 재산피해 발생,,0,,기타,2,제주시 안전총괄과장,1.0,,001,14.0,,,,,,-1,제주시 안전총괄과 시설8급,0,,,,2024/10/01 10:36:33.000000000,,2,1,,평대리장
5011033021,5.0,,,,5011000000,,02,5011033021007810005046806     ,58456.0,,제주시 안전총괄과 복구지원팀장,218.0,150.0,Y,2.93,우도1,781,"집중호우 및 태풍 발생 시 우수 집중으로 인한 반복적인 침수피해발생
지정(변경) 고시 제주시 고시 제2024-208호(2024.5.24.)",20210825,,,우도1 ,,501102021057,84274.0,019,"집중호우 및 태풍 내습 시 호우에 의한 동일지역에 침수피해가 반복적으로 발생하고, 우수 집중으로 인해 하류부 저지대 마을 침수 피해 발생",,0,,기타,2,제주시 안전총괄과장,4.0,,001,50.0,5.0,0.0,,,제주시 안전총괄과,-1,제주시 안전총괄과 시설9급,0,,20180601,,2024/10/01 10:33:51.000000000,하수도정비기본계획(변경),2,2,,우도면 오봉리장
4886040021,,,지방1급하천,,4886000000,,,,16657.0,,안전총괄과 시설6급,,372.0,Y,1.0,단계천,753,교량의 통수단면 부족으로 인한 인명 및 재산 피해,20210909,,,단계,,488602021015,76000.0,2,"집중호우 시 교량의 통수단면 부족으로 인한 제방 유실 및 범람, 하천시설물 파괴에 따른 인명 및 재산 피해",,0,,낙동강,2,안전총괄과 시설6급,,,005,205.0,,,,,산청군,012,안전총괄과 시설6급,0,,20141230,,2024/04/11 13:19:56.000000000,자연재해저감종합계획,1,,,
4677034030,,,,,4677000000,,,,660.0,,지방시설6급,,,,,도화 지죽방파제,78,"자연재해위험개선지구 정비
- 시설 노후화 및 누수중인 방파제를 정비하여 사전재해 예방",20220330,,,도화 지죽방파제,,467702023031,,-1,시설노후화에 따른 방파제 누수,,0,,,1,지방시설5급,,,001,,,,,,,-1,지방시설7급,0,,,,2024/04/29 17:51:22.000000000,,2,14,,
4728025321,,,전체,,4728000000,,,,155946.0,,,213.0,335.0,,,"왕능교, 인도교",308,"-교량의 여유고 및 경간장 부족으로 홍수 시 유송잡물 걸림에 의한 홍수위 상승으로 주거지 및 농경지 침수위험
-상하류 하폭보다 협소한 병목구간을 형성하여 수위 상승 위험 ",20190619,,,양산지구,,472802019025,,19,"-양산천 교량(인도교)의 여유고 0.73m(기준 1.0m) 및 경간장 12m(기준 23m) 부족으로 홍수시 유송잡물 걸림에 의한 홍수위 상승으로 주거지 및 농경지 월류침수 위험
 철교 좌안측 교대가 제외측으로 돌출되어 상·하류 하폭(73m 내외)보다 협소한 병목구간(60m)을 형성하여 수위 상승 위험
-왕릉교의 여유고 0.87m(기준 1.0m) 및 경간장12.7m(기준 23.1m) 부족으로 홍수 시 유송잡물 걸림에 의한 홍수위 상승으로 주거지 및 농경지 월류침수 위험이 높은  취약방재시설로 교량지점 월류로 인한 주거지(287 개동) 및 농경지 9.08ha 침수 위험",,0,,기타,1,안전재난과 행정5급,5.0,63.0,005,197.0,,,,,안전재난과,-1,안전재난과 시설9급,0,,,,2023/04/28 17:52:12.000000000,,1,2,,
4687025328,,내수침수,지방관리,0.0,4687000000,,02,4687025328107550012000001     ,222355.0,,안전관리과 시설6급,,75.0,N,0.0,지방하천,755,우기철 집중호우 및 태풍 내습 시 하천범람 및 하천 외수위 상승시 내수배제 불량으로 상습적으로 침수가 발생하여 정비를 통해 재해요인을 해소코자 함.,20190726,20110711,,학산지구,0.0,468702019024,0.0,019,"학산천 홍쉬위 상승시 농경지 배수불량, 농경지 배수로 통수단면 부족, 황곡2천 및 송남천 합류지점 내수배제 불량, 저지대 상습 침수피해 지역",,0,,기타,1,안전관리과장 행정5급,,,001,35.0,,,,,영광군청,010,안전관리과 시설7급,0,,20190726,,2023/05/09 17:48:47.000000000,,3,14,,
4885036023,,해일위험,,0.0,4885000000,,02,4885036023100700021000001     ,390000.0,,건설과 시설7,122.0,40.0,Y,1.0,대치2지구,70,"해안가 저지대에 위치한 지리적 특성상 외수(남해)의 영향으로 내수배제가 원활하지 못하여 태풍 및 집중호우시 
상습침수에 따른 농경지, 양식장, 원예작물 수출단지 등의 침수피해 발생",20200514,,,대치2,0.0,488502020018,,019,"- 1차위험요인: 남해 조위 상승 시 내수배제 불량에 의한 침수 피해
- 2차위험요인: 대치2방조제 마루고 부족에 의한 해수 월류 피해",농장주 강영미 010-6390-0486,0,,기타,1,건설과 시설6,1.0,48.0,001,3.0,,,,-,안전총괄과,-1,건설과 시설7,0,,,,2024/09/26 11:41:02.000000000,대치2 자연재해개선지구 정비사업 기본계획,3,21,,대치이장
4831039024,,해일위험지구,지방관리,,4831000000,,02,,43183.0,,해양항만과 시설7급,174.0,296.0,,2.0,어항 및 해수욕장,44,태풍 내습시 폭풍해일로 인한 주택파손 및 침수피해 발생,20210121,,,농소지구,,483102021018,,019,해일 및 고파랑에 의한 내습으로 월파에 의한 침수,,0,,기타,1,시민안전과 시설 6급,3.0,41.0,006,80.0,,,,,거제시 해양항만과,010,시민안전과 시설7급,0,,,,2024/09/25 11:17:44.000000000,,2,1,,
4872034024,5.0,,지방2급하천,,4872000000,,02,,62889.0,20201217,의령군 안전관리과 시설7급,209.0,59.0,Y,2.0,석천천,1545,집중호우 발생시 하천의 하폭 및 교량형하고 부족에 따른 월류 및 저지대 침수,20201217,,,석천지구,,487202021019,10715.0,2," - 하천 하폭 및 제방고 부족으로 하천범람 피해 
 - 교량 3개소 연장 및 형하고 부족으로 인한 하천수위 증가
 - 제내지측 가옥, 창고, 농경지로 하천 월류 시 침수피해가 예상",,0,,낙동강,1,의령군 안전관리과 시설5급,30.0,,001,28.0,0.0,10.0,,,의령군 안전관리과,013,의령군 안전관리과 시설7급,0,,20130131,,2024/04/12 15:01:27.000000000,석천천하천기본계획,2,91,,
4784031045,,,지방관리,,4784000000,,02,4784031045104420001041910     ,17485.0,,성주군 시설7급 박인준,,230.0,N,,배수로,442,내수침수 배제를 위한 지정 및 정비,20200924,,,관화,,478402021013,,2,내수침수,,0,관화들,낙동강,2,안전과 행정5급,,,001,100.0,,,,,성주군,010,안전과 시설7급,0,관화들,,2020,2024/04/08 13:23:28.000000000,,1,1,,
4684034023,,,기타,,4684000000,,,,451467.0,,안전총괄과 시설9급,,,,1.0,현경 자연재해위험개선지구,743,시설물 및 군민의 생명과 재산보호,20200217,,,현경,,468402021010,0.0,-1,배수갑문 및 하천 하폭 통수능력 부족에 따른 내수배제 불량,,0,,,2,안전총괄과 시설6급,,,001,,,,,,무안군청,050,안전총괄과 시설9급,0,,20200217,,2024/04/24 13:45:44.000000000,,1,1,,
4725025021,,,기타,,4725000000,,00,,116384.0,20220330,건설과/시설7 정해창,100.0,750.0,Y,3.0,배수펌프장,123,"우수관거 용량부족으로 인한 시가지 침수 및 이안천 외수위 영향으로 인한 농경지 내수배제 불량
과거 태풍 및 집중호우로 인한 시가지 및 농경지 침수 등 피해 발생",20201003,,,함창(구향),,472502021013,,2,시가지에 위치한 우수관거 용량부족으로 인한 과거 침수피해발생지역으로 인명피해 발생 우려,,0,,낙동강,2,안전재난실장,2004.0,,001,400.0,,,,,건설과,050,안전재난실 / 시설7,0,,20160321,2022,2024/04/11 14:00:38.000000000,자연재해저감종합계획,1,1,,
4874035027,,,지방2급하천,,4874000000,,02,,425255.0,20210908,유어면 지방시설서기보,87.0,329.0,Y,12.0,창녕천,435,집중호우로 인한 하천수위 상승 및 내수배제 불량으로 상습적인 침수발생,20210908,20080529,,광산지구 ,,487402021028,480135.0,2," -  저지대에 위치한 농경지의 내수배제 불량에 의한 침수 피해발생
    - 본류 창녕천의 높은 외수위 및 낮은 제내지 지반고로 인해 내수배제 불량 발생
    - 집중호우시 발생 유량을 최종 처리하는 창녕천 우안측 광산배수장의 펌프용량 부족 등으로 인한 인근 시설하우스 및 농경지 침수발생
    - 산지부 아래 소규모 마을이 존재하여 침수시 마을고립등 위험요인이 가중되었으며, 아울러 저지대의 내수배제 계획 추진이 필요한 지역임",,0,경상남도 창녕군 유어면진창리 435-2,낙동강,2,창녕군 건설교통과장,1.0,,001,202.0,,,,,창녕군청,013,창녕군 건설교통과 농업기반팀,0,경상남도 창녕군 유어면진창리 435-2,20200514,2021,2024/04/06 21:32:37.000000000,창녕천 하천기본계획,3,2,,유어면 광산이장
4874025022,,,지방2급하천,2.0,4874000000,,02,4874025022102540000002197     ,76558.0,20210908,창녕읍 지방시설주사보,,5568.0,Y,12.0,구미천,254,집중호우로 인한 창녕천 수위 상승 시 저재대 침수로 주거 밀집지역 및 농경지 상습적인 침수발생,20210908,20080529,,교리지구,,487402021029,36364.0,2,"지방하천인 구미천과 소하천인 교리천, 대동천, 술정천의 통수단면 부족에 의한 월류 피해 발생 및 명덕수변 생태공원 등 저수지 누수 및 사면경사 부족으로 저수지 붕괴의 위험이 있음.",,0,,낙동강,2,창녕군 안전치수과 지방시설사무관,5.0,,001,2640.0,,,,,창녕군 안전치수과,013,창녕군 안전치수과 지방시설주사보,0,,20200514,2021,2024/09/26 11:42:30.000000000,창녕천 하천기본계획,1,0,,교리이장
4812312400,3.0,시가지침수,지방관리,,4812000000,,02,,85028.0,20210910,시민안전과 시설7급,330.0,918.0,N,24.0,반지지구,509,집중호우 및 태풍 발생 시 우수집중으로 인한 침수피해,20210910,20100701,,반지지구,,481202021003,183600.0,19,집중호우 및 태풍 발생 시 우수집중으로 인한 침수피해,,0,,기타,1,재난대응담당관,1.0,99.0,001,317.0,0.0,6.0,,,창원시청,010,시민안전과 시설7급,0,반지사거리 일원,,,2024/09/19 15:23:55.000000000,,2,1,,
4311410400,,,,,4311000000,,02,4311410400100660001000001     ,152487.0,,청원구청 시설8급,87.0,80.0,,5.0,발산천,66,"- 2017년 7월 집중호우시 소하천 범람 및 내수배제 불량으로 재산피해가 크게 발생하였으며, 우기 시 상습침수 발생으로 대책 시급",20210917,,,발산지구,,431102021023,,3,- 집중호우에 따른 외수위 상승 시 내수배제 불량에 의한 침수,,0,,금강,1,하천과 시설6급,1.0,,001,20.0,,,,,하천과,-1,하천과 시설7급,0,,,,2024/09/23 14:51:19.000000000,,2,1,,자율방재단
4146135021,,,지방관리,0.0,4146000000,,02,,251952.0,20210916,,,554.0,N,1.13,백암 자연재해위험개선지구,641,청미천 수위 상승시 배수로 내수배제 불량 및 강제배제시설 미설치로 도심지 침수위험 상존,20210916,20181214,,백암,0.0,414602021001,20.0,1,청미천 수위 상승시 배수로 내수배제 불량 및 강제배제시설 미설치로 도심지 침수위험 상존,,0,,한강,1,시민안전관 자연재난팀,,,001,227.0,,,,,,010,시민안전관 자연재난팀,0,,,2021,2024/09/11 17:48:07.000000000,,2,19,,
4825011300,,,지방2급하천,,4825000000,,02,,107221.0,,시민안전과 시설7,120.0,279.0,Y,,이동지구,737,"침수위험, 유실위험",20201021,20071130,,이동지구,,482502020007,,2,하천범람(조만강) 및 도로침수(지방도1020호선),,0,,낙동강,2,시민안전과 시설6급,1.0,35.0,001,159.0,,,,,하천과/도로과,013,시민안전과 시설7급,0,,20130627,2023,2024/04/16 10:46:53.000000000,하천기본계획,2,,,
3611039023,,,지방1급하천,,3600000000,,02,,108600.0,,물관리정책과 시설7급,159.0,74.0,Y,,맹곡,599,"- 호우 시 통수단면 및 제방 여유고 부족으로 호안유실, 하천변 가옥.시설하우스 등의 침수피해 발생으로 인명 및 재산피해 발생 우려",20210430,20130107,,맹곡,,360002021002,,3,"- 맹곡천 수위 상승에 따른 배수 영향으로 홍수 시 통수단면이 부족하고 제방이 낮아 집중호우 시 하천범람으로 인한 저지대 농경지 침수피해 발생, '20년도 태풍 ""하구핏"". 집중호우에 의해 대곡교 붕괴",,0,,금강,3,자연재난과장,8.0,52.0,001,49.0,,,,,세종특별자치시,012,자연재난과 시설7급,0,,20191220,2021,2024/10/16 11:30:06.000000000,곡교천권역 하천기본계획,1,1,,
4617036031,,,지방관리,,4617000000,,02,,105552.0,20200724,지방시설7급,,,N,0.0,남구,400,내수배제 불량,20200724,20200724,,호장,,461702021021,0.0,19,고막원천 외수위 상승으로 내수배제 불량,,0,전라남도 나주시 다시면송촌리 400-12,기타,2,지방시설5급,,,001,,,,,,나주시,010,지방공업9급,0,전라남도 나주시 다시면송촌리 400-12,20200724,,2024/04/11 10:50:40.000000000,,1,12,,
5272036027,,,지방2급하천,,5272000000,,02,4572036027112130002025667     ,117000.0,20130704,안전재난과 9급,195.0,75.0,Y,,달길천,1213,"달길천(지방)의 양안 저지대에 위치한 주거지 및 농경지침수, 내수배제 불량과 산지부 토사 유입에 따른 통수단면 부족 ",20210720,20130520,,양화,,457202021026,,5,"달길천(지방)의 양안 저지대에 위치한 주거지 및 농경지로 집중호우 시 하천의 외수위 상승, 배수영향에 따른 마을 중앙 배수로의 내수배제 불량과 산지부 토사 유입에 따른 통수단면 부족 ",,0,,섬진강,1,안전재난과 6급,3.0,50.0,001,30.0,,,,,진안군,013,안전재난과 9급,0,,20010501,2021,2024/04/25 17:15:33.000000000,달길천 하천기본계획,1,2,,
4790034036,,침수위험지구,기타,,4790000000,,02,,53552.0,,감천면/지방시설서기,174.0,55.0,Y,1.0,포리천,730,미개수 소하천의 통수능력 부족에 의한 시가지 및 농경지 침수 위험,20210923,20160527,,포리지구,,479002021018,,19,침수위험,,0,,기타,2,안전재난과장,5.0,47.0,001,25.0,,,,,예천군청,050,안전재난과/지방시설서기,0,,20210923,2022,2024/09/24 15:38:41.000000000,포리 재해위험지구 정비,1,1,,
4415011400,,하천제방,지방2급하천,0.0,4415000000,,02,,29406.0,,금학동 행정7,166.0,46.0,Y,,오곡천,784,내수배제 불량으로 주거지 및 농경지 침수 발생,20210802,20210802,,오곡2지구,,441502021017,,3,수위상승으로 인한 자연내수배제 불량,,0,,금강,1,시민안전과 시설5,,,001,23.0,,,,,시민안전과,013,시민안전과 시설7,0,,,,2022/05/02 15:49:57.000000000,,2,,,오곡통
4884035022,,,소규모어항,0.0,4884000000,,01,,46500.0,,해양수산과 시설6급,,68.0,Y,1.3,"월포항, 월포해변, 두곡항",149,"해안시설의 지반고가 낮아 태풍 발생시
해일범람 및 월파에 의한 도로 시설 및
주거지 침수 등 재산 피해 우려가 있음",20211005,,,월포,0.0,488402021019,56400.0,-1,"해안시설의 지반고가 낮아 태풍 발생시
해일범람 및 월파에 의한 도로 시설 및
주거지 침수 등 재산 피해 우려가 있음",,0,,,1,재난안전과 시설6급,,,006,34.0,,,,,해양수산과,036,재난안전과 시설8급,0,,20200603,2022,2024/09/23 16:23:42.000000000,연안정비기본계획,2,5,,
4315011800,,,지방2급하천,,4315000000,,02,,391056.0,,제천시 시민안전과 시설6급,200.0,,Y,,장평천,1133,"재해 발생 우려가 높은 지역으로, 재해위험지구 지정을 통해 체계적인 정비와 관리로 선제적 자연재해 예방을 위함",20210910,,,두학지구,,431502021012,,-1,"하천 미정비 및 제방 여유 부족, 하천 시설물 노후 등에 따른 주거지 및 농경지 침수피해 우려 ",,0,,,1,제천시 시민안전과 시설5급,5.0,70.0,001,,,,,,제천시청,013,제천시 시민안전과 시설6급,0,,,,2025/01/14 16:46:57.000000000,,2,12,,신백28통장
4380036021,,,지방2급하천,,4380000000,,00,4380036021100690005003322     ,14565.0,20201224,안전건설과 시설5급,,44.0,N,,북상 침수위험지구,237,하천 제방고 및 단면부족으로 주거지 침수위험,20210210,,,북상지구,,438002021017,,-1,"북상천(소)의 하폭 및 제방고가 부족하나 주거지 밀집지역으로 단면확장이 어려움
-교량의 여유고 및 경간장 부족으로 홍수시 제방월류, 유송잡물에 의한 주거지 침수위험",,0,,,1,안전건설과 시설6급,,,001,22.0,,,,,단양군 안전건설과,013,안전건설과 시설9급,0,,,2020,2024/04/15 14:34:54.000000000,,2,1,,북상리장
4873025028,,,군천,0.0,4873025000,,02,,420000.0,20120224,행정6급,202.0,66.0,N,2.0,계티소하천,1,내외수 수위차에 의한 내수배제 불량,20120224,20110420,행정안전부,가야1지구,0.0,487302013012,0.0,19,신음천 외수위 상승으로 인한 계티소하천 내수 배제불량으로 인한 저지대 침수,,0, [지점번호:라라80469761],기타,4,행정5급,1.0,14.0,001,17.0,,,20161222,정비완료로 인한 침수위험해소,함안군(안전총괄과),042,시설7급,0,,,2012,2021/06/22 14:01:30.000000000,,2,16,001,이장
4873033000,,,군천,0.0,4873033000,,02,,220000.0,20120224,행정6급,248.0,193.0,N,4.0,윤외소하천,140,내외수 수위차에 의한 내수배제 불량,20120224,20110420,행정안전부,석무지구,0.0,487302013013,0.0,19,윤외소하천 하천미개수로 인한 윤외소하천 내수 배제불량으로 인한 저지대 침수,,0,,기타,3,행정5급,0.0,13.0,001,67.0,,,,,함안군(안전총괄과),042,시설7급,0,,,2012,2021/06/22 16:01:44.000000000,,2,1,001,이장
4873025300,,,지방관리,0.0,4873000000,,02,,140000.0,20120224,행정6급,175.0,83.0,Y,3.0,운곡천,611,배수로 미정비 및 단면협소로 인한 배수불량,20120224,20110420,행정안전부,구성지구,0.0,487302013014,0.0,2,도시개발사업에 따른 배수로 미정비 및 배수단면 협소로 인한 시가지 침수,,0,,낙동강,4,시설5급,5.0,13.0,001,27.0,,,20161018,사업완료로 인한 침수위험해소,함안군(안전총괄과),010,시설7급,0,,20150409,2012,2021/06/22 16:11:05.000000000,운곡천 하천기본계획(변경) 수립,2,2,001,이장
4827033025,,취약방재시설,지방2급하천,,4827033000,,02,,400000.0,,재난관리과 방재담당,150.0,661.0,,,엄남천,1096,노후시설,20030509,20120920,국토교통부,남기지구,,482702004005,,2,"- 기존제방의 단면부족과 시설노후로 우수기 수위상승시 붕괴 및 범람 우려
- 하천정비 기본계획을 수립하여 기본계획에 의한 제방보강 L=1,200m",정비완료(해제),0,,낙동강,4,재난관리과장,1.0,30.0,003,236.0,,,20100219,,경상남도,013,재난관리과,0,,,,2016/07/18 11:29:38.000000000,,1,,005,남기이장
4827032024,,침수위험지구,지방2급하천,,4827032000,,,,50000.0,,지방시설서기보,100.0,65.0,N,,동창천,884,- 낙동강 수위상승에 따른 자연배수가 되지 않아 상습침수발생,20060504,20120920,국토교통부,옥산지구,,482702006002,,2,- 집중호우시 내수배제가 어려워 주민자체 양수기 동원 배수작업,정비완료(해제),0,경상남도 밀양시 상동면 여수길  27-1   ,낙동강,4,지방시설주사,1.0,40.0,001,26.0,,,20130626,재해위험개선지구 정비사업 완료에 따라 재해위험요소 해소,밀양시,013,지방시설주사보,0,,,2006,2016/07/18 11:21:12.000000000,,3,15,005,옥산리장
4827010200,,침수위험지구,지방2급하천,,4827052000,,,,70000.0,,지방행정서기보,100.0,80.0,,,밀양강,403,도시화에 따른 내이배수장 유수지 확보를 위한 배수로 정비필요,20060504,20120920,국토교통부,내이지구,,482702006003,,2,- 토사배수로로 인한 유수흐름 지장초래 및 주변지역 도시화에 따른 유수지를 확보하여 가옥침수 및 인명피해 예방,정비완료(해제),0,,낙동강,4,지방시설주사,1.0,40.0,001,30.0,,,20110324,정비사업 완료로 침수위험지구 재해 위험해소,경상남도,013,지방시설주사보,0,,,,2016/07/18 11:26:29.000000000,,2,8,005,내이1통장
4827010800,,,국가하천,,4827054000,남포마을 일원,02,,13285.0,20081208,안전재난관리과 방재담당,150.0,63.0,Y,,밀양강,202,남포마을 침수,20081208,20120920,국토교통부,남포지구,,482702009009,,2,낙동강 및 밀양강 외수위 상승시 무제부 구간에 위치한 남포마을 침수발생,정비완료(해제),0,경상남도 밀양시  멍에실로2길  53-8  (가곡동),낙동강,4,안전재난관리과장,1.0,30.0,001,30.0,,,20110623,정비사업 완료로 침수위험지구 재해 위험해소,부산지방국토관리청,011,안전재난관리과,0,남포마을 일원,,2008,2016/07/18 11:24:08.000000000,밀양강하천기본계획,1,,005,남포이장
4827025027,,,지방1급하천,,4827000000,,02,,550000.0,,지방시설주사보,,,N,,검세배수장,634,하천범람및 내수배재불가,20000324,20120920,국토교통부,검세지구,,482702013010,,2,낙동강수위 상승에 따른침수,정비완료(해제),0, [지점번호:마마23651286],낙동강,4,지방시설주사,,,001,,,,20060504,제방보강 및 배수장 2개소 증설,밀양시청,012,지방시설주사보,0,,,,2016/07/18 11:36:05.000000000,,1,23,005,
4827032028,,산사태,사유림,4.0,4827032000,,02,,356811.0,20120420,상동면장,150.0,55.0,N,,산사태,223,주민의 생명과 재산피해 예방,20120420,20120920,산림청,양지지구,4.0,482702013011,,19,집중호우시 산사태 위험,정비완료(해제),1, [지점번호:마마19993404],기타,4,밀양시청,2.0,30.0,002,40.0,,,20130626,사면복구. 세천정비 완료에 따라   재해위험요소 해소,밀양시청,016,밀양시청,0,,,2012,2016/07/18 11:16:50.000000000,,1,,004,신곡이장
4476025034,,상습침수,국가하천,0.0,4476025000,일원,00,,57000.0,20150729,부여읍사무소,250.0,0.0,N,0.0,금강,57,금강 하천부지내로 일일강우량 200이상시 하천범람으로 인명피해,19960726,,행정안전부,왕포,0.0,447601998001,0.0,3,"제방고가 낮아  하천통수단면 부족
배수펌프장 용량 부족으로인한 범람위험 및 상습침수",,0,"충청남도 부여군 부여읍 금성로  283 , 일원  ",금강,4,안전총괄과장,3.0,50.0,001,0.0,,,20200902,,부여군 안전총괄과,011,지방시설주사보,0,,,,2021/06/14 15:59:47.000000000,,3,3,001,
4476031029,,,국가하천,0.0,4476031000,,00,,473000.0,20160404,규암면사무소,250.0,0.0,N,0.0,금강,1,금강 하천부지내로 일일 강우량 200mm이상시 하천범람 우려,19960726,,행정안전부,신리,0.0,447601998002,0.0,3,"금강하류지역으로서 제방이 없는 지역으로서 규암수위(백제교) 7.0M이상 주민대피계획, 위험홍수위 9.0M이상
 주민대피",,0,,금강,4,안전총괄과장,3.0,50.0,001,0.0,,,20130820,정비사업 완료로 재해위험요소 해소,안전총괄과,011,지방시설주사보,0,,,,2019/03/12 17:24:16.000000000,,3,,001,
4831010600,,,국도,0.0,4831055000,국도14호선,00,,0.0,20151201,옥포1동 시설 9급,0.0,0.0,N,0.0,옥포국도,1,붕괴위험,20010308,,행정안전부,옥포지구,0.0,483102013012,0.0,,붕괴위험,,0, [지점번호:마라10835713],,4,안전총괄과 시설 6급,0.0,0.0,002,0.0,,,20110705,정비완료,,001,안전총괄과 시설 8급,0,국도14호선,,,2016/07/18 14:18:59.000000000,,3,,001,
4827037030,,,지방1급하천,,4827037000,,02,,4500000.0,,재난관리과,,,N,,초동제,368,기존제방 단면부족,20000324,20120920,국토교통부,신월지구,,482702013012,,2,붕괴및 범람,정비완료(해제),0, [지점번호:마마07521392],낙동강,4,재난관리과,,,003,,,,20060504,초동제 축제보강,밀양시청,012,재난관리과,0,,,,2016/07/18 11:37:11.000000000,,1,1,005,
4827025021,,,지방1급하천,,4827025000,,02,,100000.0,,지방시설주사보,,,N,,죽곡배수장,677,상습침수,20020207,20120920,국토교통부,죽곡지구,,482702013013,,19,상습침수지,정비완료(해제),0,경상남도 밀양시 삼랑진읍 송지1길  61    ,기타,4,지방시설주사,,,001,,,,20060504,배수장신설 침수지구해제,밀양시청,012,지방시설주사보,0,,,,2016/07/18 11:34:35.000000000,,1,2,005,
4827033026,,,기타,,4827033000,,02,,800000.0,,건설과,,,N,,소류지,352,제체의 홍수위 여유고 부족,20030213,20120920,농림축산식품부,엄광지구,,482702013014,,19,붕괴위험,정비완료(해제),0, [지점번호:마마18812734],기타,4,안전재난관리과,,,003,,,,20060504,제체밍 여수토 방수로 보강,밀양시청,050,안전재난관리과,0,,,,2016/07/18 11:41:07.000000000,,1,1,002,
4827033024,,붕괴,지방1급하천,,4827033000,,02,,400000.0,,안전재난관리과,,,N,,금천제방,1300,단면부족으로 범람우려,20030509,20120920,국토교통부,금천지구,,482702013015,,19,붕괴,정비완료(해제),0,,기타,4,안전재난관리과,,,003,,,,20060504,축제보강 정비완료,밀양시청,012,안전재난관리과,0,,,,2016/07/18 11:39:27.000000000,,1,1,005,
4827035023,,,지방1급하천,,4827035000,,02,,200000.0,,재난관리과,,,N,,미촌제,940,단면부족으로 범람우려,20030509,20120920,국토교통부,미촌지구,,482702013016,,19,붕괴,정비완료(해제),0, [지점번호:마마19312233],기타,4,재난관리과,,,003,,,,20060505,축제보강 완료,밀양시청,012,재난관리과,0,,,,2016/07/18 11:38:13.000000000,,1,54,005,
4794032025,,,,,4794000000,,,,58807.0,,시설8급,,,,,북면지구,201,"태풍 미탁 등 피해, 집중호우 시 침수우려",20220919,,,북면지구,,479402022006,,019,"집중호우 및 태풍
펌프장 1개소, 유수지 42,000㎥, 우수개거 1.50km, 배수개거 및  관로 0.69km ,예경보시설 및 CCTV 설치 3개소",,0,,기타,1,시설6급,,,001,,,,,,건설과,-1,시설8급,0,,,2022,2024/09/29 16:39:36.000000000,,3,0,,
2920010900,,,기타,,2920000000,,,2920010900102080036003695     ,7100.0,,광주광역시 광산구,259.0,,,,우산배수펌프장,208,방재시설 성능 미달,20221229,,,우산 자연재해위험개선지구,,292002022015,,4,방재시설 성능 미달,,0,,영산강,1,치수방재과 방재시설관리팀장,2020.0,52.0,003,,,,,,광산구,050,광주광역시 광산구 치수방재과,0,,,2020,2025/02/25 15:36:31.000000000,,3,33,,
2920015700,,,기타,,2920000000,,02,,18400.0,,광주광역시 광산구,259.0,,,,죽산 배수펌프장,255,방재시설 성능 미달,20221229,,,죽산 자연재해위험개선지구,,292002022017,,4,방재시설 성능 미달,,0,,영산강,1,치수방재과 방재시설관리팀장,2020.0,52.0,003,,,,,,광산구청,050,광주광역시 광산구청 치수방재과,0,,,2022,2025/02/25 15:37:58.000000000,,3,9,,
5211311200,,,기타,,5211311200,,02,,146156.0,20230330,우아2동장,,,N,1.14,공덕세천,582,"본 지구는 주변 소양천 및 공덕세천의 수위 상승시 자연배수가 불가능하여 배수로의 범람으로 인한 침수피해가 발생하였고, 향후에도 집중호우로 인한 인명 및 재산피해가 예상되는 지역임",20230330,,,공덕(전주)지구,,451132023009,,9,"집중호우 시 제방구간의 여유고 부족 및 제방유실로 인한 침수, 만곡부 구간에 세굴 및 수층에 취약하여 하천범람
공덕세천은 전주시와 완주군의 행정경계에 위치하고 있고, 본류는 지방하천인 소양천으로 국도 26번을 관류하여 소양천으로 합류됨. 국도 통과구간 및 세천, 배수로의 통수능력 부족이 원인이 되어 발생되는 공덕세천의 홍수위 상승으로 인한 내수배제 불량으로 주거지 및 농경지 침수 발생.",,0,,만경강,1,재난안전과장,4.0,50.0,001,,,,20291231,,전주시청,050,재난안전과 시설8급,0,,,2023,2024/09/20 14:20:56.000000000,,1,1,,
4827025321,,,지방2급하천,,4827000000,,02,,154083.0,,밀양시 지방시설주사,,520.0,Y,12.0,수산천,843,낙동강 배수영향으로 수산지구내 수산천의 위수범람 및 내수배제 불량,20211005,20120720,,수산지구,,482702021025,8500.0,2,수산천 범람 및 내수배제 불량의 항구적인 해결을 위하여 22년 기본및실시설계용역을 시행중에 있음,,0,,낙동강,3,밀양시 지방시설사무관,,,001,350.0,,,,미해제,밀양시,013,밀양시 지방시설주사,0,,,,2024/04/09 11:32:33.000000000,,1,3,,
4790035038,,침수위험지구,소교량,,4790000000,,02,,100851.0,,건설교통과/지방시설주사,119.0,60.0,Y,1.0,"지방하천, 소교량",261,교량의 통수능력 부족 및 하천 수위 상승으로 내수침수 위험,20210923,20160527,,독양지구,,479002021020,,19,침수 위험,,0,,기타,1,안전재난과장,2.0,34.0,001,20.0,,,,,예천군청,048,안전재난과시설서기,0,,20210923,2022,2024/09/24 15:51:24.000000000,독양 자연재해위험개선지구,1,3,,
5211311900,,,기타,,5211000000,,02,,3632196.0,20220215,재난안전과 시설8급,279.0,450.0,Y,,미산지구,817,침수위험,20220331,20151230,,미산지구,,451102022005,,9,"주변 하천(만경강, 전주천, 소양천)의 계획홍수위보다 낮아 배수배제 불량으로 인한 홍수피해 발생",,0,,만경강,1,재난안전과장,1.0,138.0,001,457.0,,,,,재난안전과,050,재난안전과 안전총괄팀장,0,,20230913,2022,2024/09/20 15:31:22.000000000,전주시 자연재해저감종합계획,1,,,
4793025325,,,군도,,4793000000,,00,,4500.0,20220331,건설과 시설7급,,15.0,,,군도11호선,422,홍수 시 제방도로 및 호안시설 유실 피해 발생,20220331,,,월송지구(군무교),,479302022024,,-1,태풍 및 국지성 집중호우로 인한 노후교량의 경간장 부족으로 하천 호안시설 및 구조물(교량)의 유실위험피해,,0,,,3,건설과 시설6급,,,005,6.0,,,,,울진군청,004,건설과 시설7급,0,,20220331,2022,2024/12/20 09:28:14.000000000,,2,3,,
5181033023,,,국가하천,,5181000000,,02,,29390.0,20230331,안전교통과 지방시설8급,100.0,,Y,,내린지구,17,"구조안전 위험시설물로 지정되어 재해위험 가능성이 증가하여 재해발생시 건축물(주택,공공건축물)의 피해가 발생하였거나 발생할 우려가 있는 지역에 해당",20230331,,,내린지구,,428102023019,,19,침수,,0,,기타,1,안전교통과 지방시설8급,50.0,30.0,001,,,,,,인제군,011,안전교통과 지방방재안전8급,0,,,2023,2023/04/27 13:11:26.000000000,,2,8,,
5214044024,,,,,5214000000,,,,1839000.0,,익산시 건설과 시설7급,,103.0,Y,,대조천,1320,산북천(지방하천)외수위 상승에 따른 내수배제 불량과 대조천 하천정비 미시행에 따른 제방 월류로 인해 하천 주변 저지대 마을 및 농경지 침수,20231229,,,대조천,,451402024024,,-1,침수,,0,,,1,익산시 건설과 시설5급,,,001,45.0,,,,,전라북도 익산시,-1,익산시 건설과 시설7급,0,,,,2024/01/15 16:59:49.000000000,대조천 하천기본계획,2,,,
5176038023,,,,,5176000000,,02,4276038023105820001011515     ,385862.0,,건설과 시설8급,,365.0,,,차항,583,침수위험,20230327,,,차항,,517602024028,,1,제방고가 낮고 하천 횡단시설물이 다수 위치하여 통수능력 부족으로 인해 월류로 인한 침수 피해,,0,,한강,2,건설과 시설6급,,,001,146.0,,,,,평창군,-1,건설과 시설8급,0,,,,2024/04/09 10:45:46.000000000,,1,1,,
4728025031,,,지방관리,,4728000000,,,,932284.0,,,,355.0,,,하천,994,"-미개수 지방하천, 소하천의 제방고 부족에 의한 주거지, 시설물 및 농경지 월류침수위험
-우수관로 통수능 부족 및 하천수위 상승에 따른 내수침수위험",20191004,,,신북지구,,472802020028,,-1,"-미개수 지방하천, 소하천의 제방고 부족에 의한 주거지, 시설물 및 농경지 월류침수위험
-우수관로 통수능 부족 및 하천수위 상승에 따른 내수침수위험",,0,일원,,1,안전재난과 행정5급,,,001,110.0,,,,,안전재난과,010,안전재난과 시설9급,0,일원,,,2023/04/28 17:54:29.000000000,,1,10,,
4874025321,,,기타,,4874000000,,02,4874025321101670001000001     ,164209.0,20240411,남지읍 사무소  시설7급,,552.0,,,남지지구,167,내수배제 불량으로 인한 주거지 및 농경지 침수 피해 발생지역,20240411,20080529,,남지지구,,487402024037,,2," ­      주거지 및 시가지가 주로 분포하고 있으며, 태풍 및 집중호우시 침수피해 발생
      ­ 남지지구는 저지대에 위치하고 있는 입지여건상 낙동강 외수위 상승시 배수위 현상으로 인한 내수배제 불량으로 주거지 및 시가지 침수발생
      ­ 태풍 및 집중호우로 인한 침수 발생시 시가지 9.64ha, 농경지 0.76ha의 피해가 예상됨.
      ­ 배수펌프장 설치 등 계획을 통한 남지지구 내 발생하는 유출수의 강제배제 불가피",,0,,낙동강,1,창녕군 안전치수과장,,,001,294.0,,,,,창녕군 안전치수과,050,창녕군 안전치수과  시설7급,0,,20220719,2024,2024/04/15 11:28:16.000000000,자연재해저감 종합계획,2,1,,동포 이장
5013025931,,,지방관리,,5013000000,,02,,136840.0,20190730,서귀포시 안전총괄과 시설7급,220.0,,Y,,배수로 정비L=6.23km 저류지5개소,2685,"이력, 탐문설문에 따라 침수발생이 예상되는 지역이며, 집중호우시 배수시설 부족으로 우수가 도로를 따라 흘러 저지대 농경지로 유입되어 침수가 발생됨에 따라 위험지구로 지정",20190730,,,서성로,,501302019045,,19,집중호우시 배수시설 부족으로 우수가 도로를 따라 흘러 저지대 농경지로 유입되어 침수가 발생,,0,,기타,2,서귀포시 안전총괄과 복구지원팀장,1.0,73.0,001,,,,,,서귀포시,010,서귀포시 안전총괄과 시설7급,0,,20211006,2019,2024/09/29 09:40:50.000000000,충수해저감종합,2,1,,
5274033525,,,지방2급하천,,5274000000,,02,4574033525103780001000002     ,274008.0,20190918,장계면 행정8급,190.0,,,,도좌천,378,배수불량으로 인한 상습적인 침수피해 발생,20190918,20190918,,도좌,0.0,457402020017,,3,미개수 하천으로 통수단면 부족,,0,,금강,2,안전재난과 시설6급 ,7.0,40.0,001,,,,,,안전재난과,013,안전재난과 시설7급,0,,20190918,2019,2024/04/18 09:31:14.000000000,,2,1,,장계면 신기마을 이장
2914013100,,,,1.0,2914000000,,02,,58158.0,20211112,서구청 안전총괄과 시설8급,,1218.0,,,마륵2지구,180,홍수시 국가하천 영산강의 배수문 폐쇄에 따른 내수침수와 지방하천 광주천의 배수영향에 의한 농경지 및 주거지 침수,20211112,,,마륵2지구,,291402021001,,4,홍수시 국가하천 영산강의 배수문 폐쇄에 따른 내수침수와 지방하천 광주천의 배수영향에 의한 농경지 및 주거지 침수,,0,,영산강,1,서구청 안전총괄과 행정5급,,,001,304.0,,,,,,-1,서구청 안전총괄과 시설8급,0,,,2021,2024/05/08 13:37:54.000000000,,1,9,,
5182031024,5.0,,지방2급하천,,5182000000,,02,,53306.0,,안전교통과 시설8급,222.0,200.0,N,1.0,중뜰천,1050,증뜰천 하천 수위 상승으로 가옥(축사 포함) 및 농경지 침수 및 고립 우려,20211125,,,죽정(중뜰),,428202021020,,-1,중뜰천은 하천수위 상승시 통행 제한이 빈번하게 발생하야 주택 및 축사 등이 침수 ,,0,,,1,안전교통과 시설5급,1.0,62.0,001,10.0,0.0,10.0,,,고성군청 안전교통과,013,안전교통과 시설6급,0,,,,2024/04/22 19:20:24.000000000,,2,,,리장
4874040028,,,지방2급하천,,4874000000,,,,2310000.0,,"도천면사무소, 시설7급",,,,,영산천,100,취약제방보강L=5.2km,20000817,,,송진지구,,487402022033,,2,취약제방보강L=5.2km,,0,,낙동강,4,안전치수과 재난대응팀장,,,003,,,,20151007,사업완료,안전치수과,013,안전치수과 재난대응팀 주무관,0,,,2001,2022/04/28 09:49:55.000000000,,2,,,송진1구 이장
4719025031,,,지방2급하천,,4719000000,,02,,30242.0,,하천과 시설7,,30.0,Y,,대망천,1,교량 통수단면 부족,20231025,20180516,,대망천지구,,471902023010,,2,교량 통수단면 부족,,0,,낙동강,1,하천과장,,,005,10.0,,,,,,013,하천과 시설7,0,,20180423,2023,2024/09/20 18:07:31.000000000,대망천 하천기본계획,2,195,,
4471037028,,,지방2급하천,,4471000000,,02,,38572.0,20200416,군민안전과 시설7,130.0,129.0,Y,2.0,진산천,192,"기존석축 노후 및 파손, 전구간 제방고 낮음, 복개구간 통수능 부족, 복개하류지역 하폭협소",20200416,20160601,,읍내1지구,,447102020010,53193.0,3,"-시가지구간 기존 석축 노후 및 파손, 농경지구간 미개수, 전구간 제방고 낮음
-주거밀집지역 복개, 복개구간 하류는 농경지 및 가옥, 일부 가옥 담장이 제방 역할
-복개구간 통수능 부족, 복개하류지역 하폭협소로 침수빈번",,0,,금강,1,군민안전과,1.0,40.0,001,43.0,,,,,금산군청,013,군민안전과 시설7,0,,20211217,2020,2024/04/04 09:31:16.000000000,진산천 하천기본계획,2,,,
4882041023,,,지방관리,,4882000000,,02,,210936.0,,안전관리과 시설7급,,,,,동정소하천,551,침수위험지구 지정 관리 및 정비를 통한 주민의 생명과 재산 보호,20210924,,,마암지구,,488202021007,,-1,"외수위(남해)로 인한 내수배제 불량 및 펌프장 시설 능력 부족, 소하천 동정천의 하천시설물 연장 및 여유고 부족에 따른 제방 능력 부족",,0,,,2,안전관리과 시설5급,5.0,,001,,,,,,안전관리과,010,안전관리과 시설6급,0,,20210924,2021,2024/10/16 08:59:27.000000000,,2,3,,동정이장
4824011600,5.0,,지방관리,,4824000000,,,4824011600111580056015743     ,300000.0,,정동면사무소,,,,,사천강,1285,침수위험,20220801,,,향촌,,482402021030,,-1,침수위험,,0,,,1,재난안전과,,,001,,0.0,10.0,,,,010,재난안전과,0,,,,2024/04/24 15:01:56.000000000,,2,0,,
5177025021,3.0,,,0.0,5177000000,,02,4277025021102670000009078     ,103846.0,,지방토목운영주사보,,1015.0,Y,15.0,"펌프장,터널",267,복합재해 해소를 위한 정비사업 추진,20221231,20070417,,정선읍지구,0.0,427702021022,0.0,-1,복합재해 해소를 위한 정비사업 추진,,0,,,1,건설과장,,,004,561.0,0.0,5.0,,,건설과,-1,지방시설서기보,0,,20250101,2021,2022/11/28 14:04:38.000000000,,1,0,,정선읍이장협의회장
4476025027,,외수,지방2급하천,0.0,4476025000,,00,,2187000.0,20160404,부여읍사무소,329.0,0.0,N,0.0,가증천,448,상습침수지역으로 재해로부터 군민의 생명과 재산보호,20000327,,행정안전부,부여,0.0,447602001002,0.0,-1,"금강수계로 지형상 저지대이며 하천하류가 병목현상으로 집중호우시 자연배수가 되지않아 농경지 200ha침수
 배수로 및 배수관거의 구배가 완만하여 토사퇴적으로 제방유실과 농경지 유실 매몰",,0,,,4,안전총괄과장,2.0,121.0,001,0.0,,,20080131,,안전총괄과,013,지방시설주사보,0,,,,2021/06/14 15:57:37.000000000,,2,2,001,
4374034025,,,지방2급하천,,4374000000,,,,420000.0,20230630,재난안전과 시설6급 ,,20.0,,,유전지구,25,어촌천의 통수단면 부족 및 하천시설물의 능력 부족에 따른 농경지 및 가옥침수 발생 가능,20230630,,,유전지구,,437402024032,,3,지방하천 어촌천 통수단면 부족으로 홍수위가 제방고를 상회하고 하천시설물의 능력 부족으로 제내지에 조성된 대규모 농경지 및 가옥 침수 피해 발생,,0,,금강,1,재난안전과 재난예방팀장,,,001,10.0,,,,,영동군청 재난안전과,013,재난안전과 시설7급,0,,,2023,2024/04/18 14:01:38.000000000,,1,1,,
5178025625,,,지방2급하천,,5178000000,,02,,113794.0,,안전총괄과 시설7급,,,Y,,문혜지구,1377,하폭 협소 및 제방고 부족에 따른 침수,20180501,,,문혜지구,,427802019006,,-1,침수,,0,,,4,,,,001,,,,20240227,사업완료,철원군,013,시설7급 박준표,0,,20200814,,2024/09/25 15:07:34.000000000,실시계획 인가 고시,2,11,,
5173036035,,,지방2급하천,,5173000000,,,,76010.0,,재난안전과 임기제다급,200.0,12.0,Y,,오산지구,260,고립위험지구(집중호우시 잠수교 월류에 따른 고립위험 발생),20211014,,,오산지구,,427302021024,,1,고립,,0,,한강,2,재난안전과장,2020.0,,004,3.0,,,,,횡성군청,013,재난안전과 임기제다급,0,,20050604,,2024/09/24 09:31:43.000000000,하천기본계획,2,,,
2671025628,,옹벽,기타,,2671000000,,,,50.0,,,,,,,용수리 옹벽,3,옹벽 붕괴 위험,20070228,,국토교통부,용수,,267102020009,,-1,옹벽 붕괴 위험,,0,,,4,,,,002,,,,20080530,정비완료,,050,시설8급,0,,,,,,2,1,005,
4377025021,,,지방2급하천,,4377000000,,02,4377025021106940004007560     ,19720.0,,재난안전과 시설6급,,500.0,Y,,목골,819,시가지 및 농경지 침수로 인한 인명 및 재산피해 우려,20200907,20061204,,목골,,437702021015,,1,목골소하천의 통수단면 부족 및 제방고부족으로 집중호우시 월류하여 침수피해 발생,,0,,한강,2,음성군 재난안전과장,5.0,,001,200.0,,,,,음성군 재난안전과,013,재난안전과 시설6급,0,,20190701,2017,2024/09/21 02:24:05.000000000,음성군 소하천정비종합계획,2,0,,읍내리 이장
4889035022,,,국가하천,,4889000000,,02,,286850.0,,안전총괄과 방재담당,,128.0,,1.0,내천지구,120,내천지구는 황강(국가하천)의 계획홍수위보다 저지대에 위치하여 홍수 시 자연방류가 어려워 내천마을 주거지 및 농경지의 침수피해 발생,20221104,20221104,,내천 자연재해위험개선지구,,488902021024,,-1,황강(국가하천)의 계획홍수위보다 저지대에 위치하여 홍수 시 자연방류가 어려워 내천마을 주거지 및 농경지의 침수피해 ,,0,,,1,안전총괄과장,,,001,75.0,,,,,합천군,011,안전총괄과 시설7급,0,,,,2024/04/08 15:00:37.000000000,,2,,,율곡면 환경개발담당
5182025030,,,기타,,5182000000,,00,,53662.0,,안전교통과 시설7급,222.0,4.0,Y,,송골천,205,송골천은 하천수위 상승시 통행 제한이 빈번하게 발생하야 주택 및 축사 등이  침수 ,20211125,,,어천(송골),,428202021021,,-1,송골천 하천 수위 상승으로 가옥(축사 포함) 침수 우려,,1,,,2,안전교통과 시설5급,,62.0,001,1.0,,,,,고성군청 안전교통과,050,안전교통과 시설6급,0,,,2021,2024/09/23 08:10:52.000000000,,2,,,어천1리 이장
4476031036,,내수및외수,기타,0.0,4476031000,,00,,1070000.0,20151104,농촌공사 부여지사,150.0,0.0,N,0.0,구봉천,423,일일 강우량 150mm 이상시 농경지 150ha 침수피해 발생,20051012,,행정안전부,구봉,0.0,447602005001,0.0,3,구룡천 수위상승시 자연배수 불량으로 일일 강우량 150mm 이상시 농경지 150ha 침수피해 발생,,0,,금강,4,안전총괄과장,2.0,50.0,001,0.0,,,,,농촌공사 부여지사,050,지방시설주사보,0,,,,2021/06/14 15:57:00.000000000,,3,,001,
4719034021,,,지방2급하천,,4719000000,,02,4719034021101270012064594     ,590880.0,20180423,하천과 시설7,,150.0,Y,,습문천,127,"습문천 홍수위보다 낮은 저지대 지역이며, 하천수위 상승시 하천 월류로 인한 가옥 및 농경지 침수 위험",20230510,,,습문천지구,,471902023009,,2,"- 집중호우 및 태풍 내습 시 제방 여유고 및 하폭 부족, 교량 경간장 시설기준 미달 등으로 통수능력 저하에 따른 하천 수위 상승으로 인한 침수피해 발생
- 계획빈도 홍수 발생 시 많은 재산피해가 발생할 것으로 예상되고 지속적인 피해 발생 위험 노출
- 피해주기 : 1.4년(일우량 116㎜ 또는 시우량 38㎜ 발생시)",,0,,낙동강,1,하천과 시설5급,,,001,50.0,,,,,구미시청,013,하천과 시설7,0,,20180516,2023,2024/09/20 18:10:16.000000000,습문천 하천기본계획,1,13,,
5279032033,,,지방2급하천,,5279000000,,,4579032033106950047015503     ,17790.0,,복구지원팀장,,,,,주진천,695,집중호우시 주진천 수위상승으로 내수배제가 불량하여 주거지 및 농경지의 상습적인 침수피해가 발생하였고 향후 침수피해 예상되는 지역,20230510,,,부정지구,,457902023023,,-1,집중호우시 주진천 수위상승으로 내수배제가 불량하여 주거지 및 농경지의 상습적인 침수피해가 발생,,0,,,1,안전총괄과장,,,001,,,,,,고창군청,013,복구지원팀 시설7급,0,,,,2024/04/15 20:30:24.000000000,,2,47,,부정이장
5280037024,,,소규모어항,,5280000000,,,4580037024112140213080108     ,140362.0,,안전총괄과 시설8급,,810.0,Y,,풍수해생활권,842,집중호우시 주택 및 상가 침수 해안호안 유실(지정 예정),20220314,,,곰소,,458002021017,,019,"집중호우시 주택 및 상가 침수, 해안호안 유실,
급경사지 붕괴위험",,0,,기타,2,,,,003,165.0,,,,,부안군청 안전총괄과,036,,0,,,2022,2024/04/22 23:59:52.000000000,,1,0,,
5274035022,,배수불량으로 인한 침수피해,기타,,5274000000,,02,4574035022106850001005693     ,127500.0,,계남면 행정6급,,73.0,,,중방지구,1013,배수불량으로 인한 상습적인 침수피해 발생,20200716,,,중방지구,,457402021018,,3,배수불량으로 인한 상습적인 침수피해 발생,,0,,금강,4,안전재난광 시설6급,,,001,45.0,,,,,안전재난과,050,안전재난과 시설7급,0,,,,2023/09/19 11:29:22.000000000,,3,53,,중방마을 이장
4783034034,,,기타,,4783000000,,00,,66145.0,,군민안전과 시설7,,,,,상곡지구,181,시가지 밀집지역으로 우수관거 통수단면부족으로 공장 및 도로변 침수피해 예상,20210909,,,상곡지구,,478302021012,,2,시가지 밀집지역으로 우수관거 통수단면부족,,0,,낙동강,1,군민안전과 행정5,,,001,,,,,,고령군,050,군민안전과 시설7,0,,,2020,2024/04/11 18:03:39.000000000,,1,,,
5275035521,,,지방1급하천,,5275000000,,02,4575035521102800002129050     ,445000.0,,안전관리과 시설5급,235.0,1731.0,Y,,둔남천,280,침수피해,20210419,20080311,,오수지구,,457502021022,,5,"지방하천 오수천 및 둔남천의 높은 외수위로 인한 내수배제 불량, 농경지내 배수로 통수능력 부족, 미정비 된 소하천의 월류에 따른 침수피해가 빈번히 발생하고, 둔남천 양안 저지대 주거밀집지역으로 여유고 부족 제방 및 교량 월류시 인명, 재산피해 우려",,0,,섬진강,1,안전관리과 시설6급,10.0,,001,877.0,,,,,안전관리과,012,안전관리과 시설7급,0,,,2021,2024/04/08 23:27:48.000000000,하천,1,2,,
4833033023,5.0,,기타,,4833000000,,02,,36985.0,,시민안전과 시설7급,249.0,,,2.0,산지부,1311,"양산일반산업단지는 양산천(국가하천, 지방하천) 계획홍수위보다 낮은 저지대에 위치하고 있어 내수배제 불량에 의한 상습적인 침수피해 발생",20220427,,,소토,,483302021023,,-1,"- 양산일반산업단지는 양산천(국가하천, 지방하천) 계획홍수위보다 낮은 저지대에 위치하고 있어 내수배제 불량에 의한 상습적인 침수피해 발생
    - 배면 계류부에서 발생되는 홍수유출량 대비 관거 및 개거의 통수단면적 부족으로 집중호우 시 우수범람 발생
    - 산업단지 내 관거 통수단면 부족, 양산천(국가하천, 지방하천)의 홍수위 상승으로 인한 내수배제 불량으로 침수피해 발생",,0,,,1,시민안전과 시설6급,4.0,,001,,0.0,7.0,,,양산시 시민안전과,050,시민안전과 시설7급,0,,,2022,2024/04/08 20:32:09.000000000,,3,3,,
4872037026,,,지방2급하천,,4872000000,,,4872037026108430000006276     ,20000.0,20200203,안전관리과 시설7급,,96.0,Y,,봉곡천,843,하천범람,20131115,,,봉곡2지구,,487202021022,,2,하천범람,,0,,낙동강,3,안전관리과장,,,003,43.0,,,,,의령군,013,안전관리과 시설7급,0,,20151117,2020,2024/09/27 14:17:38.000000000,봉곡천하천기본계획,1,0,,이장
4691034024,,,소규모어항,,4691000000,,,,6185.0,,안전관리과 지방시설8급,,12.0,Y,,가산항,180,"침수지역, 저지대",20191220,20191220,,가산항,,469102020031,,-1,침수 및 파도 월류,,0,,,3,안전관리과 지방시설5급,,,006,6.0,,,,,신안군,036,안전건설방재과시설8,0,,20191220,,2024/07/08 17:50:52.000000000,,3,54,,
4793025323,,,군천,,4793000000,,,,249714.0,20200911,건설과 시설7급,,49.0,,,너릿골천,653,미개수 소하천의 하폭 및 제방고 부족으로 평해읍 삼달리 농경지 침수,20200911,20200911,,너릿골지구,,479302020019,,2,미개수 소하천의 하폭 및 제방고 부족으로 평해읍 삼달리 농경지 침수,,0,,낙동강,3,안전재난과 시설6급,,,005,38.0,,,,,울진군청,042,안전재난과 시설7급,0,,20200911,2020,2024/09/24 10:11:37.000000000,,2,1,,
4377034023,,,군천,,4377000000,,02,,576039.0,20230215,음성군청 재난안전과 시설6급,200.0,30.0,,,하천,593,집중호우 시 하천 수위보다 낮은 저지대 침수 피해가 우려되는 지역으로 지역주민의 인명피해 및 재산보호를 위한 지정,20230215,20191115,,소석,,437702023018,,3,하천 저지대로 인한 월류로 농작물 및 기반시설 피해 우려,,0,,금강,1,음성군청 재난안전과 시설5급,3.0,,001,15.0,,,,,음성군청 재난안전과,042,음성군청 재난안전과 시설8급,0,,20240930,2023,2024/09/21 02:40:02.000000000,,2,0,,소석3리 이장
4721037021,,,지방관리,,4721000000,,,,55524.0,,하천과 시설7급,,,,,태장천,330,- 하천 통수단면 부족 및 시설물 능력부족으로 인한 홍수위 상승으로 상습 침수,20230412,,,태장지구,,472102023020,,-1,- 하천 통수단면 및 시설물 능력 부족,,0,,,1,하천과 시설5급,1.0,,001,,,,,,,010,하천과 시설6급,0,,,2023,2023/04/18 10:07:07.000000000,,2,2,,
4776035041,,,지방2급하천,,4776000000,,02,,174751.0,,건설안전과,211.0,85.0,,,제방,326,"송하천 홍수위보다 낮은 저지대 지역이며, 하천수위 상승시 하천 월류로 인한 가옥 및 농경지 침수 위험",20230512,,,송하,,477602023020,,2,내수침수,,0,,낙동강,1,건설안전과 재난방재팀장,1.0,65.0,001,34.0,,,,,,013,건설안전과 재난방재팀,0,,20230512,,2023/05/23 09:48:11.000000000,,1,3,,
5115013200,,,기타,0.0,5115000000,,02,,103551.0,20230321,지방방재안전주사보,125.0,20.0,,1.1,지변,679,내수배재 불량과 모솔천 수위상승에 따른 침수,20230321,,,지변,0.0,511502023032,,019,모솔천 수위 상승에 따른 내수배제 불량,,0,,기타,1,지방시설주사,1.0,34.0,001,10.0,,,,,,050,지방방재안전주사보,0,,,2023,2024/04/19 09:06:03.000000000,,1,0,,
4413136022,,,,,4413136022,,02,4413136022102100008000001     ,30064.0,20211227,안전총괄과 시설7급,55.0,7081.0,Y,1.24,병천천,210,"주변지대보다 저지대이며, 병천천 수위 상승시 배수가 원활하지 않아 내수침수 피해 발생",20211227,,,아우내,,441312024030,243100.0,-1,"1. 광기천 우안에 인접한 지구내 시가지는 주변지역 보다 낮은 저지대 지역(자연배제 불량)이고, 배수시설 불량(내수침수) 등으로 인한 내수침수 위험이 매우 높은 지구임
­2. 지구내 시가지 지역의 우수관망 성능이 확충되지 않아 집중호우시 저지대 침수피해 발생
­3. 태풍 및 집중호우 시 병천천(본류), 광기천의 배수영향으로 지구내 농경지ㆍ상가ㆍ주택지 침수, 재산피해 및 인명피해 우려가 매우 높음",,0,,,1,안전총괄과 행정5급,3.0,183.0,001,104.0,,,,,천안시 안전총괄과,-1,안전총괄과 시설7급,0,,20210901,2021,2024/04/01 14:52:53.000000000,천안시 하수도정비 기본계획,2,8,,
4728034033,,,,,4728000000,,,,347942.0,,안전재난과 시설 7,3315.0,106.0,Y,1.09,산북 종곡지구,361,"태풍 및 집중호우 내습시 홍수위 상승으로 인해 산북종곡천, 소야천, 사기점천, 세천 등 제방 월류에 따른 상습침수피해 발생 및 산사태 발생으로 인명피해 발생우려 등",20240508,,,산북 종곡지구,,472802024033,,-1,"태풍 및 집중호우 내습시 홍수위 상승으로 인해 산북종곡천, 소야천, 사기점천, 세천 등 제방 월류에 따른 상습침수피해 발생 및 산사태 발생으로 인명피해 발생우려 등",,0,,,1,안전재난과장,10.0,27.0,001,53.0,,,,,안전재난과,-1,안전재난과 시설 9,0,,,,2024/05/28 10:37:03.000000000,자연재해저감 종합계획(2023. 1.),1,,,
4885036030,,고립침수위험,기타,0.0,4885000000,,02,,452800.0,,안전총괄과장,300.0,180.0,Y,1.0,계항지구,631,"하류 하천 섬진강, 주교천 수위 상승시 내수 배제 불량 및 진정천 제방, 도로가 홍수위보다 낮아 집중호우시 하천범람에 의한 침수피해 및 고립위험 예방",20200729,,,계항,,488502020019,,5,하천외수 범람 및 내수배제 불량,,0,,섬진강,1,안전총괄과 시설6,3.0,,001,73.0,,,,-,안전총괄과,050,안전총괄과 시설7,0,,,,2023/04/27 16:04:14.000000000,,2,,,
2920010900,,,기타,,2920000000,,,2920010900105910000000001     ,13293.0,,광주광역시 광산구청,259.0,,,,운남배수펌프장,591,방재시설 성능 미달,20221229,,,운남 자연재해위험개선지구,,292002022016,,4,방재시설 성능 미달,,0,,영산강,1,치수방재과 방재시설관리팀장,2020.0,52.0,003,,,,,,광산구청,050,광주광역시 광산구 치수방재과,0,,,2022,2025/02/25 15:37:22.000000000,,3,0,,
4889039029,,,지방2급하천,,4889000000,,,,52000.0,20200916,안전총괄과 방재담당,,117.0,,,미곡지구,529,"농경지, 주택 침수",20230130,,,미곡 자연재해위험개선지구,,488902021022,,-1,"미곡지구는 미곡천(지방하천) 계획홍수위에 비해 지반고가 낮아 미곡천 수위상승 시 자연방류가 어려워 도로, 농경지, 주택지역이 매년 우수기 시 내수침수가 반복되는 실정",,0,,,1,안전총괄과장,,,001,61.0,,,,,합천군,013,안전총괄과 시설7급,0,,,,2024/04/08 15:12:15.000000000,,1,1,,청덕면 환경개발담당
4717035033,,,지방2급하천,,4717000000,,,4717035033102230000000002     ,540400.0,,,,,,,배수펌프장,223,침수위험,20200508,,,운산2지구,,471702021022,,2,침수위험,,0,,낙동강,1,안전재난과 시설5,,,001,,,,,,,013,안전재난과 시설8,0,,,,2024/04/14 10:00:13.000000000,,1,0,,
2729011900,5.0,,국가하천,,2729000000,,00,,1063450.0,20230330,달서구 안전도시과 시설8급,,24774.0,Y,1.0,월성지구,785,집중호우 시 낙동강 외수위 상승 및 빗물펌프장 노후화에 따른 잦은 고장으로 침수위험 가능성 증대,20230522,,,월성지구,,272902021002,,2,집중호우 시 낙동강 외수위 상승 및 빗물펌프장 노후화에 따른 잦은 고장으로 침수위험 가능성 증대,,0,,낙동강,1,대구광역시 자연재난과 자연재난예방팀장,5.0,,001,9691.0,0.0,10.0,,,달서구청,011,대구광역시 자연재난과 시설6급,0,,20130430,2023,2024/04/27 18:21:27.000000000,대명천 하천기본계획,1,0,,
4824010100,3.0,,,,4824000000,,,4824010100104840018023759     ,45000.0,,동서동행정복지센터,,,,,사천강,484,침수위험,20220801,,,용궁수산시장,,482402021029,,-1,침수위험,,0,삼천포 용궁수산시장,,1,재난안전과,,,001,,0.0,3.0,,,,-1,재난안전과,0,삼천포 용궁수산시장,,,2024/03/22 12:08:06.000000000,,1,18,,
4872037023,5.0,,지방2급하천,,4872000000,,02,,347335.0,20220315,안전관리과 시설7급,,124.0,N,3.46,봉곡천,12,우수기 시 봉곡천 하류 오천승수로 구간 및 주변지역의 자연배제가 불가. 기설치된 오천4배수펌프장의 용량부족으로 침수피해 발생 및 오천승수로 시설 노후에 따른 제방누수 발생,20220523,,,오천지구,,487202021023,49865.0,2,"- 낙동강 본류 홍수위 상승시 봉곡천 하류 오천승수로 구간은 오천4배수펌프장으로 배제하도록 되어 있으나, 펌프장 용량부족으로 오천승수로 월류에 의한 농경지 및 가옥 침수피해 우려
- 오천승수로 구간 시설 노후 및 파손에 따른 제방 누수 발생",,0,,낙동강,1,안전관리과장,,,001,70.0,0.0,10.0,,,의령군,013,안전관리과 시설7급,0,,,2022,2024/04/12 15:12:08.000000000,,2,4,,
2617010100,,,지방1급하천,3.0,2617000000,,02,2617010100111700000000001     ,54344.0,20230329,부산 동구청 안전예방과 시설8급,176.0,4366.0,,,초량 자연재해위험개선지구,1170,"조위 상승으로 인한 내수배제 불가 
기매설 관로의 통수단면 부족",20230329,20221219,,초량지구,2.0,261702023002,,19,"조위 상승으로 인한 내수배제 불가 
기매설 관로의 통수단면 부족",,0,초량제1지하차도,기타,1,부산 동구청 안전예방과 행정5급,1.0,,001,2203.0,,,,,부산 동구청,012,부산 동구청 안전예방과 시설8급,0,초량제1지하차도,20230329,2023,2024/10/15 18:04:16.000000000,,1,0,,
4476031037,,,지방2급하천,0.0,4476000000,,02,,215579.0,20221004,부여군청 안전총괄과,,38.0,Y,1.51,수목천,553,"2022년 8월 집중호우로 인하여 하천시설물 노후 및 통수단면 부족에 따라 제방호안, 유실붕괴, 시설하우스 및 가옥 침수 발생",20230331,20160331,,수목,0.0,447602023007,6.0,3,하천시설물 노후 및 통수단면 부족에 따라 침수 발생 위험,,0,,금강,1,안전총괄과장,,,001,20.0,,,,,안전총괄과,013,안전총괄과 시설7급,0,,20071201,2022,2024/08/16 11:34:43.000000000,수목천 하천기본계획,1,9,,
4775032037,,,기타,,4775000000,,,,141374.0,20230607,건설새마을과,,50.0,,,경암 재해위험개선지구,1197,"* 경암 자연재해위험개선지구는 기 자연재해저감종합계획에 반영된 지구
* 하천과 인접하여 취락지구가 위치, 인명피해 발생 가능성 높음",20230607,,,경암(경암천),,477502023021,,2,"- 하폭 및 제방고 부족으로 월류 위험
- 교량 경간장 및 여유고 부족등에 의한 수위상승으로 범람위험",,0,,낙동강,1,,,,001,27.0,,,,,,050,건설새마을과,0,,,2023,2023/08/25 16:43:56.000000000,,2,,,
5272031025,,,기타,,5272000000,,02,4572031025114300006027453     ,163000.0,,안전재난과 ,,184.0,Y,2.84,회룡천 방화천,1430,소하천 제방 여유고 부족에 따른 월류 및 낙차공 하부 세굴에 따른 제방파이핑 현상 발생,20231213,,,회룡,,527202024028,,3,침수위험,,0,,금강,1,안전재난과 시설6급 김학재,,,001,92.0,,,,,진안군,050,안전재난과 시설7급 양태석,0,,20231213,,2024/04/15 16:28:20.000000000,진안군 자연재해저감종합계획,2,6,,
5181033025,,,소교량,,5181000000,,,4281033025001790001006997     ,11000.0,,안전교통과 지방시설서기,,,,,설피골천(소),179,유실위험,,,,설피골1교,,518102024028,,19,유실위험,,0,,기타,1,안전교통과 지방시설주사,,,005,,,,,,안전교통과,048,안전교통과 지방시설서기,0,,,2024,2024/10/29 09:45:30.000000000,,2,6,,
4376034021,,,지방2급하천,,4376000000,,,4376034021103110000004107     ,511000.0,,안전정책과 시설7급,,430.0,,,쌍천,311,하천의 외수범람 및 내수배제 불량으로 주택 및 농경지 침수,20220722,,,도정지구,,437602023028,,1,하천의 외수범람 및 내수배제 불량으로 주택 및 농경지 침수,,0,,한강,2,안전정책과장,,,001,235.0,,,,,,013,안전정책과 시설7급,0,,,,2024/11/18 17:49:29.000000000,,2,0,,이장
4311132038,,,지방1급하천,,4311132038,,,,439182.0,20240412,청주시 하천과,307.0,,,2.22,달천,306,"지방하천 달천, 감천 및 소하천 옥화천의 합류부인 주거지, 펜션단지 구간에서 수위 상승에 따라 고립 및 침수피해 발생으로 반복되는 재해를 예방하고자함.",20240412,,,운암2길지구,,431112024001,,1,하천범람으로 인한 위험으로 제방정비 및 교량 재가설이 필요함.,,0,,한강,1,시설 6급,3.0,,001,,,,,,하천과,012,시설 7급,0,,,2024,2024/05/09 10:44:15.000000000,,1,,,자율방재단
5013025322,5.0,,지방관리,,5013000000,,02,5013025322107500002000002     ,63056.0,20200520,서귀포시 안전총괄과 시설7급,277.0,130.0,Y,1.9,"배수로정비 2,031m, 우수저류지 12,000m3",750,집중호우 시 배수시설 부족으로 우수가 도로를 따라 흘러 저지대 농경지로 유입되어 침수가 발생됨에 따라 풍수해저감종합계획상 위험지구로 지정,20200520,20200715,,태흥2,,501302020049,75839.0,-1,상류지역의 유출수가 배수시설이 미비한 저지대 지역으로 집중됨에 따라 농경지 및 도로변 주거지 등에 침수가 발생,,0,,,2,서귀포시 안전총괄과 복구지원팀장,1.0,115.0,001,65.0,5.0,10.0,,,안전총괄과,010,서귀포시 안전총괄과 시설7급,0,,20200520,2020,2024/09/29 09:39:00.000000000,자연재해저감종합계획,3,2,,
4874034030,,,지방2급하천,,4874000000,,02,,187796.0,,이방면 지방시설서기보,245.0,6.0,Y,0.0,용호천(지방하천),366,집중호우로 인한 하천수위 상승 및  내수배제 불량으로 상습적인 침수발생,20210908,20080529,,거남지구,,487402021027,248861.0,2,집중호우 시 하천 통수단면 부족과 내수배제 불량 및 배수펌프장의 용량 부족 등 수계단위의 복합적인 요인으로 인하여 침수  피해가 발생하고 있음.,,0,경상남도 창녕군 이방면거남리 366-1,낙동강,2,창녕군 안전치수과 지방시설사무관,5.0,,001,3.0,,,,,창녕군청,013,창녕군 안전치수과 지방시설주사보,0,경상남도 창녕군 이방면거남리 366-1,20101101,,2024/04/15 22:16:37.000000000,용호천,2,1,,이방면 거남이장
5277038028,,,국가하천,,5277000000,,02,,116000.0,,안전재난과 시설6급,,,N,,섬진강,138,집중호우시 섬진강의 홍수위에 비해 제방고가 낮은 전구간에 걸쳐 도로 및 교량 침수로 인근 3개마을 고립,20221210,,,석산,,457702023028,,5,집중호우시 섬진강의 홍수위에 비해 제방고가 낮은 전구간에 걸쳐 도로 및 교량 침수로 인근 3개마을 고립,,1,,섬진강,1,안전재난과 시설5급,,,004,,,,,,순창군,011,안전재난과 시설6급,0,,,,2024/09/30 09:46:16.000000000,,2,,,
4374032030,,,지방2급하천,,4374000000,,,,73000.0,,시설8급,,6.0,,,회포2지구,78,"- 회포2지구 내 기설치된 배수로의 시설능력 부족
- 태풍 및 집중호우 시 초강천 홍수위 상승으로 인한 내수배제 불량",20230306,,,회포2지구,,437402023031,,3,"- 회포2지구 내 기설치된 배수로의 시설능력 부족
- 태풍 및 집중호우 시 초강천 홍수위 상승으로 인한 내수배제 불량",,0,,금강,1,시설6급,,,001,2.0,,,,,영동군청 안전관리과,013,시설8급,0,,,,2023/04/27 16:27:58.000000000,,1,2,,
4777037038,,,지방관리,,4777000000,,01,,51450.0,20230509,안전재난과 자연재난팀 시설7,366.0,,Y,1.24,배수펌프장,72,"태풍(18년 콩레이, 19년 미탁) 내습으로 침수피해가 크게 발생하였고 집중호우 발생 시 상습적으로 침수가 발생되는 지역",20230509,,,병곡면소재지,,477702023028,1.0,19,바다(동해)와 인접하고 있어 조위 영향에 따른 외수위 상승으로 내수배제가 불량하며 해일 발생으로 인한 침수피해가 가중되는 지역,,0,,기타,2,안전재난과 자연재난팀 시설6,1.0,51.0,001,,,,,,영덕군청,010,안전재난과 자연재난팀 시설7,0,,20230414,2023,2024/04/17 16:46:03.000000000,병곡면소재지 침수방지대책수립 타당성조사 및 기본계획 수립,1,8,,병곡1리 이장
4678025322,,,지방2급하천,,4678000000,,,,1021290.0,20230530,안전건설과 시설7급,,,,,벌교봉림,1416,침수위험 지구,20230530,,,벌교봉림,,467802024015,,5,침수,,0,,섬진강,1,안전건설과 행정5급,,,001,,,,20281231,,보성군청,013,안전건설과 시설6급,0,,,2023,2024/09/19 09:05:55.000000000,,2,38,,
4479035029,,장수평,국가관리,0.0,4479000000,,00,,7400000.0,20151202,청남면 지방시설9급,150.0,0.0,N,0.0,장수평,1,침수위험,19960729,,,장수평,0.0,447902009013,0.0,3,침수위험,,0,,금강,4,안전총괄과장,10.0,30.0,001,0.0,,,20041223,정비완료,청양군,009,청양군 지방시설8급,0,,,,2023/04/24 09:46:36.000000000,,1,,,
4479038027,,사방시설,지방관리,,4479000000,,,,100000.0,,화성면 시간선택제,150.0,,,,수정(사방시설),1,침수위험,19951120,,,수정,,447902009014,,7,침수위험,,0,충청남도 청양군 화성면 산당로  721-47   ,삽교천,4,안전총괄과장,10.0,30.0,001,,,,19960530,정비완료,청양군,010,청양군 지방시설9급,0,,,,2024/09/19 16:32:32.000000000,,1,,,
4479032035,,,지방2급하천,0.0,4479000000,,00,,453000.0,20151202,시설9,0.0,0.0,N,0.0,농소천,164,주택 및 농경지 침수,20131211,,,농소지구,0.0,447902013015,0.0,3,주택침수 및 농경지 침수등,,0,충청남도 청양군 대치면 놋점길  3    ,금강,3,안전총괄과장,0.0,0.0,001,0.0,,,,,청양군,013,자연재난팀,0,,,,2024/09/19 16:32:03.000000000,,2,2,,이장
4425031021,,내수침수,지방2급하천,0.0,4425031000,,02,,71000.0,20060111,계룡시 재난안전관리과 지방토목주사보,183.0,120.0,N,0.0,두마면 두계1리,134,상습침수,20060228,20131108,국토교통부,두마면 두계1리,0.0,442502006001,0.0,3,침수위험,,0,충청남도 계룡시 두마면 팥거리1길  14-1   ,금강,4,계룡시 재난안전관리과 과장,6.0,43.0,001,50.0,,,20091230,정비완료,계룡시 재난안전관리과,013,계룡시 재난안전관리과 지방토목주사,0,,20060228,2006,2017/01/20 14:40:41.000000000,,1,,005,두마면 두계1리 이장
4425031522,,내수침수,지방2급하천,0.0,4425000000,,02,,26000.0,20100111,안전총괄과,65.0,10.0,N,0.0,연산천,448,침수로 인한 인명 및 재산피해 우려,20100531,20131108,행정안전부,광석지구,0.0,442502010002,0.0,19,해당없음,,0, [지점번호:다바75610735],기타,4,안전총괄과,1.0,324.0,001,5.0,,,20200110,,계룡시,013,안전총괄과,0,,20100531,2010,2020/08/27 10:58:45.000000000,광석 재해위험지구 정비사업,3,,001,
5275035528,,,지방2급하천,0.0,5275035500,,02,,140000.0,20150423,안전관리과 지방시설6급,233.0,140.0,Y,0.0,군평천,82,주택 및 농경지 피해 우려,20150423,,행정안전부,군평지구,0.0,457502015017,0.0,-1,하천의 통수단면 및 구조물능력 부족에 의한 제방월류로 주택 및 농경지 침수피해 위험,,0,전라북도 임실군 오수면 계산1길  51-1   ,,4,인전관리과 지방시설5급,2.0,40.0,001,70.0,,,20190614,,임실군청,013,안전관리과 지방시설6급,0,,20110527,2015,2021/06/08 13:13:23.000000000,군평천 하천기본계획,1,1,001,남악리장
5275036028,,,지방2급하천,0.0,5275000000,,02,4575036028102180000109213     ,51000.0,20150423,안전관리과 지방시설6급,127.0,80.0,Y,0.0,주치천,216,미정비 하천으로 침수피해 위험,20150423,,,금정지구,0.0,457502015018,0.0,5,하천의 통수단면 및 구조물능력 부족에 의한 제방월류로 주택 및 농경지 침수피해 위험,,0,,섬진강,4,안전관리과 지방시설5급,2.0,40.0,001,50.0,,,,,임실군청,013,안전관리과 지방시설6급,0,,20150619,2015,2023/04/24 09:43:17.000000000,주치천 하천기본계획,1,1,,금정마을리장
4782035036,,,지방2급하천,7.0,4782000000,,02,,209189.0,20150403,안전총괄과 지방시설주사보,101.0,179.0,Y,1.0,"신원천, 운문천",1504,상습 침수 및 고립,20150403,20140926,,신원지구,0.0,478202015008,0.0,2,"고립, 침수",,0,,낙동강,3,안전총괄과,1.0,22.0,001,138.0,,,,,청도군청,013,안전총괄과,0,,20141030,2015,2024/09/23 17:25:51.000000000,밀양강상류권역 하천기본계획(동창천수계),2,3,,신원리장
4782034053,,,지방2급하천,0.0,4782000000,청도칠곡교회,02,,137058.0,20150403,안전총괄과 지방시설주사보,121.0,8.0,Y,1.0,대곡천,1355,상습 침수,20150403,20140926,,대곡지구,0.0,478202015011,0.0,2,침수,,0,,낙동강,3,안전총괄과 지방행정사무관,1.0,22.0,001,6.0,,,,,청도군청,013,안전총괄과 지방시설주사보,0,,20020204,2015,2024/09/23 17:25:21.000000000,대곡천 하천정비기본계획,2,1,,고철2리장
5213014800,,,지방관리,0.0,5213000000,,02,4513014800100200000002411     ,15930000.0,20150615,소룡동 세무7급,0.0,100.0,N,0.0,군장산단,20,15.93,20150615,,,군장산단,0.0,451302015015,0.0,-1,사력층을 통한 해수유입으로 유수지 제방 붕괴시 주변일대 침수위험,,0,,,4,안전총괄과 시설5급,0.0,0.0,001,0.0,,,,유수지 제방 해수유입으로 붕괴시 침수우려,안전총괄과,010,안전총괄과 시설7급,0,,20150615,2015,2023/04/24 18:48:58.000000000,,2,0,,마을통장
5279031028,5.0,,지방2급하천,0.0,5279000000,,02,,908300.0,20150413,성송면장,100.0,51.0,Y,4.0,평지천,821,주기적 침수 발생,20150413,20100319,,평지지구,0.0,457902015015,14000.0,19,내수배제 불량 등 평지천 통수 능력 부족,,0,,기타,3,안전총괄과장,1.0,60.0,001,24.0,,10.0,,,고창군청 안전총괄과,013,복구지원팀 시설7급,0,,20080322,2015,2024/04/15 20:33:48.000000000,평지천 하천기본계획,2,,,월평마을 리장
5279033033,,,지방2급하천,10.0,5279000000,,02,4579033033102820001041588     ,287.0,20150413,무장면장,0.0,23.0,Y,0.0,구암천,282,하천 통수단면 부족으로 마을 침수,20150413,20100319,,만화지구,23.0,457902015016,0.0,019,하천 통수단면 부족으로 마을 침수,,0,,기타,3,재난안전과장,0.0,0.0,001,10.0,,,,,고창군 재난안전과,013,복구지원팀 시설7급,0,,,2015,2024/04/15 20:33:05.000000000,구암천 하천기본계획,2,1,,봉촌마을이장
4671033523,,,지방관리,0.0,4671000000,538-4번지 일원,00,,20400.0,20150720,건설과 시설7급 조승현,0.0,8.0,N,0.0,어사천,538,침수위험지구,20150504,,,어사지구,0.0,467102015014,0.0,4,좌안 제방 여유고 부족으로 월류 발생가능으로 대규모 범람피해 우려,,0,,영산강,1,담양군 재난안전과 행정5급,2.0,150.0,001,4.0,,,,,담양군청,010,담양군 재난안전과 시설9급,0,,,,2024/11/21 16:17:46.000000000,,3,4,,
4682036023,,,지방2급하천,0.0,4682036000,-23,00,,912000.0,20150721,,0.0,0.0,N,0.0,월성천,500,미개수 하천으로 침수발생(2018년 사업지구:실시설계중),20150416,,행정안전부,월성,0.0,468202015008,0.0,-1,하천단면 부족으로 인한 침수위험,,0,,,4,,0.0,0.0,001,0.0,,,,,,013,,0,,,,2021/06/25 17:02:41.000000000,,3,24,001,
4682032026,,,기타,0.0,4682000000,-1,00,,871000.0,20150721,,0.0,0.0,N,0.0,배수펌프장,956,집중호우시 배수부족으로 인한 침수,20150721,,,관동,0.0,468202015009,0.0,-1,방조제 배수문 배수능력부족으로 인한 농경지 침수,,0,,,4,,0.0,0.0,001,0.0,,,,,,050,,0,,,,2023/05/19 14:56:24.000000000,,3,,,
5271035028,5.0,,지방관리,0.0,5271000000,,02,,33700.0,20150721,재난안전과 시설8급,91.0,80.0,Y,0.0,하천(삼천),342,삼천의 외수위 상승,20150312,20120927,,계곡지구,3.0,457102015030,0.0,-1,"삼천 우안에 위치한 저지대 지역으로 집중호우시 삼천의 외수위 상승 및 배수로의 통수능부족, 덕골문화마을 우수
 관로 노후에 따른 내수배제 불량으로 상습 침수가 발생",,0,전라북도 완주군 구이면 덕골길  30    ,,4,재난안전과장,3.0,30.0,001,30.0,,10.0,,,완주군,010,재난안전과 시설8급,0,,20160408,2015,2023/04/24 19:12:29.000000000,소하천정비기본계획,2,9,,마을이장
5271036024,5.0,,지방관리,0.0,5271000000,,02,,283000.0,20150721,재난안전과 시설8급,91.0,150.0,Y,0.0,하천(천호천),363,천호천 외수위 상승,20150312,20120927,,어우지구,2.0,457102015031,0.0,9,"천호천 외수위상승 및 배수로의 통수능부족, 어우마을 우수관로 노후에 따른 내수배제 불량에 따른 주거지 및
 농경지 침수",,0,,만경강,4,재난안전과장,3.0,30.0,001,60.0,,2.0,,,완주군,010,재난안전과 시설8급,0,,20160408,2015,2023/04/25 16:40:36.000000000,자연재해저감종합계획,2,4,,마을이장
5271034023,,단면부족,지방2급하천,0.0,5271000000,,02,4571034023105590000012994     ,272000.0,20150721,재난안전과 시설8급,91.0,55.0,N,0.0,하천(수양천),559,집중호우시 제방유실 위험우려,20150430,20120927,,수양지구,0.0,457102015033,0.0,9,집중호우시 하상에 토석류 퇴적등에 의한 수류방해 및 제방 손실구간 하천범람의 위험이 있음,,0,,만경강,1,재난안전과장,3.0,30.0,001,30.0,,,,,완주군,013,재난안전과 시설8급,0,,,,2023/04/24 19:10:09.000000000,,2,0,,마을이장
5271039026,,단면부족,지방2급하천,0.0,5271000000,,02,4571039026104650007021085     ,404000.0,20150721,재난안전과 시설8급,91.0,110.0,N,0.0,하천(고산천),465,고산천주변 저지대로 침수우려,20150430,20120927,,운산지구,0.0,457102015034,0.0,9,고산천 중상류부측 미정비 지역으로 저지재 및 마을 주택가에 침수피해가 발생되어 하천정비가 필요,,0,,만경강,1,재난안전과장,3.0,30.0,001,50.0,,,,,완주군,013,재난안전과 시설8급,0,,,2015,2023/04/24 19:09:41.000000000,,2,7,,마을이장
5271038023,,단면부족,지방2급하천,0.0,5271000000,,02,4571038023107550005000001     ,357000.0,20150721,재난안전과 시설8급,0.0,95.0,N,0.0,하천(괴목동천),755,집중호우시 제방월류 우려,20150430,20120927,,괴목동지구,0.0,457102015035,0.0,9,일부구간 미개수 하천으로 제방여유고 부족과 하상의 토석류 퇴적으로 인히여 집중호우시 하천제방 피해우려,,0,,만경강,1,재난안전과장,0.0,0.0,001,50.0,,,,,완주군,013,재난안전과 시설8급,0,,,2015,2023/04/24 19:09:05.000000000,,2,5,,마을이장
5271025021,,내수침수,국가하천,0.0,5271000000,,02,,253000.0,20150721,재난안전과 시설8급,91.0,230.0,N,0.0,하천(만경강),87,만경강 수위상승에 따른 내수침수,20150430,20120927,,하리지구,0.0,457102015036,0.0,9,집중호우시 만경강 수위상승에 따른 내수배제 불량 ,,0,,만경강,2,재난안전과장,3.0,30.0,001,90.0,,,,,완주군,011,재난안전과 시설8급,0,,20210322,2015,2023/04/24 19:08:38.000000000,,2,2,,마을이장
4679025037,,,군천,0.0,4679000000,,02,,42984.0,20150507,건설교통실 시설6급,0.0,459.0,Y,0.0,계소3천,94,상습침수,20150714,20100927,,계소지구,0.0,467902015013,0.0,4,제방 여유고 부족,,0,전라남도 화순군 화순읍 계량길  13    ,영산강,4,건설교통실 시설4급,0.0,0.0,001,175.0,,,,,화순군청,042,건설교통실 시설6급,0,,,2015,2024/04/14 22:15:23.000000000,,2,1,,계소리마을이장
4679040026,,,지방2급하천,0.0,4679000000,,02,,20173.0,20150507,건설교통실 시설6급,0.0,193.0,Y,0.0,가수천,683,상습침수,20150507,20100927,,가수지구,0.0,467902015014,0.0,5,지반이 상하류에 비해 낮아 홍수시 월류,,0,전라남도 화순군 동복면 하가길  111    ,섬진강,4,건설교통실 시설4급,0.0,0.0,001,97.0,,,,,화순군청,013,건설교통실 시설6급,0,,,2015,2024/05/28 15:19:57.000000000,,2,0,,가수1리 마을이장
5274025028,,하천재해,기타,0.0,5274000000,,02,,94837.0,20150430,안전재난과,180.0,500.0,N,0.0,수분,1353,호안 노후화및 파손으로 유실위험,20150430,20070716,,수분,0.0,457402015013,0.0,3,호안 노후화및 파손으로 유실위험,,0, [지점번호:라마00823490],금강,4,시설5급,10.0,60.0,005,141.0,,,20230703,,장수군청,050,시설6급,0,,20170703,2015,2023/09/19 10:45:04.000000000,소하천기본계획,1,0,,이장
5274033528,5.0,하천재해,기타,0.0,5274000000,,02,,19830.0,20150721,안전재난과 시설6급,200.0,120.0,Y,0.0,양삼,1723,제방고부족으로 월류위험,20150430,20070716,,양삼,0.0,457402015015,0.0,3,제방고부족으로 월류위험,,0,전라북도 장수군 장계면 삼거길  14    ,금강,4,시설5급,10.0,80.0,001,68.0,,0.0,20230703,,장수군청,050,시설6급,0,,20170703,2015,2023/09/19 10:44:52.000000000,장수군소하천기본계획,1,0,,이장
5271036030,,내수침수,지방2급하천,0.0,5271000000,,02,4571036030108060010036607     ,132000.0,20150721,재난안전과 시설8급,91.0,130.0,N,0.0,하천(고산천),806,하천수위상승에 따른 내수침수,20150721,20120927,,하삼지구,0.0,457102015037,0.0,-1,집중호우시 하천수위 상승에 따른 내수배제불량 및 마을 배수시설 통수능부족으로 저지대 상습적인 침수발생,,0,,,2,재난안전과장,3.0,30.0,001,50.0,,,,,완주군,013,재난안전과 시설8급,0,,,2015,2023/04/24 19:07:29.000000000,,2,3,,마을이장
5211311700,,,기타,0.0,5211362000,,02,,117000.0,20150303,호성동장,68.0,46.0,Y,1.0,호성1지구,78,침수위험,20150904,20121030,행정안전부,호성1지구,0.0,451132015008,0.0,-1,집중호우시 지구내 배수체계 미확보 및 소양청 수위상승에 내수배제 불량으로 침수피해 상습 발생 우려,,0, [지점번호:다마68726443],,1,시민안전담당관,2.0,30.0,001,15.0,,,,,시민안전담당관,050,시민안전담당관 담당,0,,20150619,2015,2021/06/04 18:33:37.000000000,풍수해저감종합계획,2,4,001,
5211114300,,,기타,0.0,5211165000,,02,,72500.0,20150303,동서학동장,128.0,130.0,Y,1.0,원당천,1030,침수위험,20150904,20121030,행정안전부,원당지구,0.0,451112015005,0.0,-1,집중호우시 일부 제방 구간의 제방고가 낮고 토사제방으로 이루어져 있어 세굴 및 수층에 취약하며 하천시설물 침하 및 노후화로 재해위험 상존,,0,전라북도 전주시 완산구  춘향로  5280-3  (대성동),,1,시민안전담당관,2.0,0.0,001,50.0,,,,,시민안전담당관,050,시민안전담당관 담당,0,,20150619,2015,2021/06/07 09:15:32.000000000,풍수해저감종합계획,2,79,001,
2772036025,,,지방2급하천,0.0,2772036000,,00,,9000.0,20150723,안전관리과,176.0,9.0,Y,1.0,구천,672,통수단면 및 제방여유고 부족,20150413,,국토교통부,화본3지구,1.0,477202015019,50000.0,2,하천 범람에 따른 침수,,0, [지점번호:마마07219181],낙동강,4,안전건설과,20.0,0.0,001,3.0,,,20200309,,군위군,013,안전관리과,0,,20020430,,2020/10/20 08:45:45.000000000,구천 하천정비 기본계획,3,3,005,이장
5211113500,5.0,,기타,0.0,5211170300,,02,,304000.0,20150303,삼천3동장,128.0,375.0,N,0.0,중인천(구거),207,침수위험,20150904,20121030,,중인지구,0.0,451112015004,0.0,9,집중호우시 독배천의 외수위 상승에 따른 유수흐름 지체 및 일부 제방고가 낮아 하천범람 우려가 있음,,0, [지점번호:다마64045325],만경강,3,재난안전과장,2.0,0.0,001,125.0,,10.0,,,재난안전과,050,재난안전과 자연재난담당,0,,,2015,2024/11/16 09:47:13.000000000,,2,3,,
4886025023,,내외수침수,지방2급하천,0.0,4886025000,,01,,30716.0,20150826,산청읍 시설7급,304.0,0.0,N,0.0,송경천,780,내수 및 외수에 의한 침수위험,20130206,,국토교통부,지리지구,0.0,488602013007,0.0,2,"인근 하천(송경천) 계획홍수위보다 낮은(0.4m) 저지대로 집중호우시 내수 배제 불량 및 하류부 하천범람으로 침수 위험 상존
 ",,0, [지점번호:라마34301387],낙동강,4,안전건설과 건설과장,1.0,45.0,001,0.0,,,20190904,,산청군 건설과,013,안전건설과 시설7급,0,,,2013,2020/05/29 10:03:41.000000000,,2,9,005,상봉이장
4886038021,,상습침수,지방2급하천,,4886038000,죽전,,,,,신안면사무소,250.0,,,,양천,267,병목구간으로 상습침수,19991031,,국토교통부,신안지구,,488602013008,,2,"하천연장 1,200m 구간이 병목구간으로 24시간 강우량 250mm 발생시 배수가 원만치 못하여 상습침수 발생",,0,경상남도 산청군 신안면 원지로  191-6   ,낙동강,4,건설과,5.0,50.0,001,,,,20040212,정비사업 시행으로 재해위험요인 해소,산청군 건설과,013,건설과,,죽전,,,2013/06/05 18:09:56.000000000,,2,1,005,신안면
4886039023,,상습침수,지방2급하천,0.0,4886039000,화현리 사대리 지내,00,,100000.0,20160226,생비량면,250.0,0.0,N,0.0,미곡천,923,미개수 하천 폭 부족으로 상습침수,20060307,,국토교통부,사대지구,0.0,488602013009,0.0,2,제방단면 부족으로 집중호우시 하천이 범람되어 상습침수 피해가 발생하는 지구이므로 하천개수가 시급함,,0, [지점번호:라마52270635],낙동강,4,건설과,5.0,50.0,001,0.0,,,20060411,정비사업 시행으로 재해위험요인 해소,산청군 건설과,013,건설과,,화현리 사대리 지내,,,2016/02/26 09:29:16.000000000, ,2,1,005,생비량면
4887034022,,상습침수,지방2급하천,0.0,4887034000,729-1,02,,3600.0,20151201,수동면 시설7급,250.0,0.0,N,1.0,죽산천(죽산제),775,제방단면 부족으로 일우량 250㎜ 이상시 상습침수,20011029,20170319,,죽산1,0.0,488702002001,5000.0,19,없음,,0,,기타,4,안전관리과장,5.0,40.0,001,0.0,,,20040409,정비완료,함양군청,013,안전관리과 복구지원,0,,20130313,2001,2021/12/15 16:55:18.000000000,죽산천 하천기본계획,2,,,
4887036025,,상습침수,지방2급하천,,4887036000,348,,,14000.0,20040101,함양군 안의면 건설팀장,200.0,,Y,1.0,안의천(황곡제),346,제방단면 부족으로 일우량 300㎜ 이상시 상습침수,19991026,20170319,,황곡지구,,488702002002,6000.0,-1,없음,,0,,,4,함양군 안전관리과장,5.0,40.0,001,,,,20040409,정비완료,함양군청,013,함양군 안전관리과,0,,20161214,2004,2021/12/15 14:43:48.000000000,안의천기본계획,2,,,
4887036028,,상습침수,지방2급하천,,4887036000,24-3,02,,400000.0,20020102,함양군 안의면 건설팀장,200.0,,Y,1.0,귀곡천(봉산제),24,제방단면 부족으로 일우량 300㎜이상시 상습침수,20011029,20170319,,봉산지구,,488702002003,5000.0,-1,없음,,0,,,4,함양군 안전관리과장,5.0,40.0,001,,,,20040409,정비완료,함양군청,013,함양군 안전관리과,0,,20151216,2002,2021/12/15 14:34:29.000000000,귀곡천기본계획,2,3,,
4887040024,,상습침수,지방2급하천,,4887040000,,02,,400000.0,20211029,함양군 병곡면 총무담당,200.0,,Y,1.0,위천(도천제),98,"하천제방 단면부족으로 집중호우시 하천범람 우려
하천구역내 농경지 침수에상 40㏊",20011029,20170319,,"도천1,2",,488702002004,8000.0,2,없음,,0,,낙동강,4,함양군 안전관리과장,5.0,40.0,001,,,,20040409,정비완료,함양군청,013,함양군 안전관리과,0,,20111201,2021,2021/12/15 14:10:43.000000000,위천하천기본계획,2,4,,
4887032027,,내수,지방1급하천,,4887032000,,02,,108000.0,20060228,함양군 휴천면 ,250.0,,N,1.0,임천(남호제),162,배수불량으로 침수위험,20060315,20170319,,절터지구,,488702005001,5000.0,2,". 하천제방 단면부족으로 집중호우시 하천범람 우려
 . 하천구역내 농경지 침수예상 10.9ha
 . 하천제방보강 및 배수로정비",,0, [지점번호:라마24621621],낙동강,4,함양군안전관리과장,5.0,40.0,001,,,,20100507,,함 양 군 청,012,함양군 안전관리과,0,,20161215,2006,2021/12/15 15:20:12.000000000,임천기본계획,3,,,함양군 휴천면 동호리
4887036031,,외수,지방2급하천,,4887036000,,02,,22000.0,20060301,안의면 시설8급,250.0,,Y,2.0,지우천(신안제),444,배수불량으로 침수위험,20060315,20170319,,신안지구,,488702005002,6000.0,2,". 하천제방 단면부족으로 집중호우시 하천범람 우려
 . 하천구역내 주택침수 8가구
 . 주택이주 및 제방보강",,0, [지점번호:라마27113908],낙동강,4,안전관리과 시설5급,5.0,40.0,001,,,,20130627,재해위험지역 정비사업으로 정비완료,함 양 군 청,013,안전관리과 시설6급,0,,20171229,2006,2021/12/15 14:38:42.000000000,지우천기본계획,3,,,안심마을이장
5011025023,5.0,,기타,0.0,5011000000,,02,,108000.0,20131204,시설6급,296.0,0.0,N,0.0,대림리일원,696,호우시저지대상습침수피해예방,20131204,,,대림,0.0,491012013047,0.0,-1,도로 배수시설 통수단면 부족으로 인한 침수피해,,0,제주특별자치도 제주시 한림읍 한수풀로5길  29    ,,4,시설5급,4.0,0.0,001,0.0,5.0,10.0,20221117,정비사업 완료에 따른 지구 지정 해제,제주시 안전총괄과,050,시설7급,0,,20190215,2013,2022/11/29 15:53:20.000000000,,2,1,,
5011025926,,,기타,,5011000000,,,,97000.0,20131204,시설6급,190.0,165.0,,,대흘1리일원,2298,"호우시주택,농경지도로,침수피해예방",20131207,,행정안전부,대흘1,,491012013048,,19,배수시설 미설치 및 지정비로 인한 호우시 도로 및 저지대 농경지가 물길로 변하여 하류지역 주거지 및 농경지 침수피해 발생,,0,제주특별자치도 제주시 조천읍 대흘2길  4-2   ,기타,4,시설5급,4.0,0.0,001,55.0,,,20200114,정비사업 완료로 재해위험요인 해소,제주시,050,시설7급,0,,,2013,2021/10/19 09:18:57.000000000,,2,,001,대흘1리장
4886040022,,외수침수,지방2급하천,0.0,4886040000,,00,,200000.0,20150826,산청군 신등면사무소 지방토목9급,250.0,0.0,N,0.0,신등천,62,하천단면이 협소하고 제방고가 낮은 무제부로 침수피해 발생.,20060307,,국토교통부,단계지구,0.0,488602002002,0.0,2,"인근 단계천과 합류 병목구간으로 하천연장 L=2,000m구간은 하천단면이 협소하여 배수가 원활치 못하여 주택,농경지가 침수됨.미정비 구간인 두곡교상류지역 무제부 추가사업이 요구됨",,0, [지점번호:라마46971019],낙동강,4,산청군 재난관리과장,5.0,60.0,001,0.0,,,20120424,재해위험지구 정비사업 시행으로 재해 위험요인 해소,산청군 건설과,013,산청군 재난관리과 지방토목8급,, ,,,2016/02/26 09:29:39.000000000, ,2,2,005,산청군 신등면
4886038021,,외수침수,지방2급하천,0.0,4886038000,,00,,150000.0,20150826,산청군 신안면사무소 지방토목7급,250.0,0.0,N,0.0,양천,655,병목현상 지구로 상류지역에 침수피해 발생,20060307,,국토교통부,하정지구,0.0,488602002003,0.0,2,"하천연장이 L=1,200m구간이 병목구간으로 L=936m는 수해복구사업으로 우선 정비하고, 잔여구간은 추후 예산 확보후 시행 예정임.",,0, [지점번호:라마43690043],낙동강,4,산청군 재난관리과장,5.0,60.0,001,0.0,,,20120424,재해위험지구 정비사업 시행으로 재해위험요인 해소,산청군 건설과,013,산청군 재난관리과 지방토목8급,, ,,,2016/02/26 09:30:03.000000000, ,2,2,005,산청군 신안면
4886039023,,산사태,지방1급하천,0.0,4886039000,,00,,18000.0,20150826,생비량면사무소 지방토목9급,250.0,0.0,N,0.0,산,55,연약한 지반형성으로 호우시 토사의 붕괴가 우려됨,20060307,,산림청,화현지구,0.0,488602006001,0.0,,배수시설 미비와 식생부족으로 인한 호우시 산사태가 우려되고 접점에 취락이 형성되어 있어 인명피해가 우려됨으로 석축 및 배수시설 설치가 시급함,,0, ,,4,재난관리과 재난관리과장,5.0,60.0,002,0.0,,,20120424,재해위험지구 정비사업 시행으로 재해위험요인 해소,산림약초특화추진단,012,재난관리과 지방토목8급,, ,,2006,2016/02/26 09:30:26.000000000, ,2,,004,산청군 생비량면 화현
4886039021,,내수위험,지방관리,0.0,4886039000,,00,,174000.0,20150826,산청군 생비량면 지방토목9급,250.0,0.0,N,0.0,양천,1152,집중호우시 내수합류 및 하천범람으로 침수의 우려,20060307,,국토교통부,도전지구,0.0,488602006002,0.0,2,집중호우 등 내수합류시 저지대로 인한 주택 및 농경지 침수로 농작물피해 및 인명피해 위험이 상존하고 있어 배수로 및 배수펌프장 설치를 계획,,0, [지점번호:라마46660417],낙동강,4,재난관리과 재난관리과장,5.0,60.0,001,0.0,,,20120424,재해위험지구정비사업 시행으로 재해위험요인 해소,건설과,010,재난관리과 지방토목8급,, ,,,2016/02/26 09:30:40.000000000, ,2,1,005,생비량면 도전리
5272025022,,,지방2급하천,0.0,5272000000,,00,,300000.0,19960824,안전재난과 시설7,0.0,0.0,N,0.0,진안천,226,하폭부족으로 인한 침수위험,19960824,,행정안전부,군하지구,0.0,457202013009,0.0,-1,제방고 및 하천 폭 부족,,0, [지점번호:다마93325474],,4,안전재난과 시설6,0.0,0.0,001,0.0,,,20040608,하천정비 완료,진안군청,013,,0,,,,2021/06/07 18:37:28.000000000,,1,7,001,
5272025032,,,지방2급하천,0.0,5272025000,,00,,300000.0,20020210,안전재난과 시설7,0.0,0.0,N,0.0,정곡천,305,하폭부족으로 인한 침수위험,20020210,,행정안전부,정곡지구,0.0,457202013010,0.0,-1,제방고 및 하폭 부족,,0, [지점번호:다마90215362],,4,안전재난과 시설6,0.0,0.0,001,0.0,,,20040608,하천정비 완료,진안군청,013,,0,,,,2021/06/07 18:36:48.000000000,,2,2,001,
5272035029,,,지방2급하천,0.0,5272035000,,00,,150000.0,20000729,안전재난과 시설7,0.0,0.0,N,0.0,섬진강,828,하폭부족으로 인한 침수위험,20000729,,행정안전부,운교지구,0.0,457202013011,0.0,-1,제방고 및 하천 폭 부족,,0, [지점번호:다마90234597],,4,안전재난과 시설6,0.0,0.0,001,0.0,,,20040608,하천정비 완료,진안군청,013,,0,,,,2021/06/07 18:35:59.000000000,,2,1,001,
5272035029,,,지방2급하천,0.0,5272035000,,00,,300000.0,19960823,안전재난과 시설7,0.0,0.0,N,0.0,상표천,1095,하폭부족으로 인한 침수위험,19960823,,행정안전부,동창지구,0.0,457202013012,0.0,-1,제방고 및 하천폭 부족,,0, [지점번호:다마90464568],,4,안전재난과 시설6,0.0,0.0,001,0.0,,,20040608,하천정비 완료,진안군청,013,,0,,,,2021/06/07 18:35:45.000000000,,2,,001,
5272037022,,,지방2급하천,0.0,5272037000,,00,,300000.0,19960824,안전재난과 시설7,0.0,0.0,N,0.0,은천천,124,하폭부족으로 인한 침수위험,19960824,,행정안전부,동촌지구,0.0,457202013013,0.0,5,제방고 및 하천폭 부족,,0, [지점번호:다마90714971],섬진강,4,안전재난과 시설6,0.0,0.0,001,0.0,,,20040608,하천정비 완료,진안군청,013,,0,,,,2021/06/07 18:35:33.000000000,,1,1,001,
5272037024,,,지방2급하천,0.0,5272037000,,00,,150000.0,19960824,안전재난과 시설7,0.0,0.0,N,0.0,세동천,397,하폭부족으로 인한 침수위험,19960824,,행정안전부,덕천지구,0.0,457202013014,0.0,-1,제방고 및 하천폭 부족,,0, [지점번호:다마86375089],,4,안전재난과 시설6,0.0,0.0,001,0.0,,,20040608,하천정비 완료,진안군청,013,,0,,,,2021/06/07 18:35:01.000000000,,1,1,001,
5272036022,,,지방2급하천,0.0,5272036000,,00,,150000.0,20000729,안전재난과 시설7,0.0,0.0,N,0.0,구신천,1283,하폭부족으로 인한 침수위험,20000729,,행정안전부,좌산지구,0.0,457202013015,0.0,-1,제방고 및 하천폭 부족,,0, [지점번호:다마82484324],,4,안전재난과 시설6,0.0,0.0,001,0.0,,,20071115,하천정비 완료,진안군청,013,,0,,,,2021/06/07 18:34:45.000000000,,1,,001,
5272038026,,,지방2급하천,0.0,5272038000,,02,,200000.0,20000729,안전재난과 시설7,0.0,0.0,N,0.0,정자천,497,하폭부족으로 인한 침수위험,20000729,20130520,행정안전부,두남지구,0.0,457202013016,0.0,-1,제방고 및 하천폭 부족,,0, [지점번호:다마91616069],,4,안전재난과 시설6,0.0,0.0,001,0.0,,,20040608,하천정비 완료,진안군청,013,,0,,,,2021/06/07 18:34:28.000000000,,2,7,001,
5218033026,,배수불량,지방2급하천,0.0,5218033000,,00,,600000.0,20151028,소성면 행정6급,80.0,0.0,N,0.0,소성천,1,"하천수위가 인접 ""답"" 보다 높아 일일강우량 80mm 이상시 상습침수",19960828,,국토교통부,고교지구,0.0,451801998002,0.0,9,하천수위가 인접 답보다 높아 내수 침수가 됨,소성천 개수공사 부분완료 해제,0,,만경강,4,안전총괄과 과장,1.0,30.0,001,0.0,,,20060224,정비사업 완료,정읍시청,013,안전총괄과 팀원,0,,,,2020/08/31 10:42:14.000000000,,3,,005,소성면 고교리 리장
5218039031,,하천범람,지방2급하천,0.0,5218039000,,00,,1250000.0,20151028,칠보면 행정6급,120.0,0.0,N,0.0,축현천,1,하천범람 및 농경지 침수등 제방붕괴 위험이 예상됨,19991020,,국토교통부,태남지구,0.0,451802002001,0.0,8,사질 지대로 호안이 시공되지 않아 하상세굴로 인한 제방붕괴 위험이 있음,2003-2005까지 정비사업 추진,0,,동진강,4,안전총괄과장,2.0,40.0,001,0.0,,,20060224,정비사업완료,정읍시청,013,안전총괄과 팀원,0,,,,2020/08/31 10:41:54.000000000,,2,,005,
5218037026,,하천범람,지방2급하천,0.0,5218000000,,00,,1860000.0,20151028,이평면사무소 농업6,120.0,0.0,N,0.0,덕천천,1,미개수 하천으로 자연배수 불량에 따른 홍수시 하천범람 및 농경지,19991020,,,상학지구,0.0,451802002002,0.0,8,"- 미개수 하천으로 통수단면 부족으로 인한 하천범람으로 제방붕괴의 위험이 예상됨
 - 배수펌프장 배제능력 부족으로 주변농경지 상습침수",전북도 치수방재과 12덕천천 지방하천 정비,0,,동진강,1,안전총괄과 과장,3.0,40.0,001,0.0,,,,,정읍시청,013,안전총괄과 시설6,0,,,,2025/01/02 13:24:43.000000000,,3,,,이평면 평령리
5218033025,,하천범람,지방2급하천,0.0,5218033000,,00,,2050000.0,20151028,소성면 행정6급,120.0,0.0,N,0.0,소성천,1,미개수 하천으로 매년 홍수시마다 하천범람 및 농경지 침수,19991020,,국토교통부,화룡지구,0.0,451802002003,0.0,8,"- 미개수 하천으로서 단면부족으로 인한 하천범람 및 농경지 침수
 - 하천단면 부족으로 제방붕괴 또는 범람으로 인한 주변 농경지 상습 침수",익산청 2003-2012 소성제 개수사업,0, [지점번호:다마34023152],동진강,4,안전총괄과 과장,1.0,40.0,001,0.0,,,20150325,,정읍시청,013,안전총괄과 시설6,0,,,,2020/08/31 10:39:24.000000000,,3,,005,소성면 화룡리 리장
5218011900,,낙석붕괴,국도,0.0,5218053500,내장산국립공원내(국지도49호),00,,30000.0,20151028,내장상동 행정6급,0.0,0.0,N,0.0,국지도 49호,207,암반 절개지구 급경사 및 균열 발생으로 해빙기와 우기시 낙석붕괴,19991020,,국토교통부,상동지구,0.0,451802002004,0.0,-1,"- 암반 절개지구 급경사로 우기시 산사태 등 붕괴위험 상존
 - 해빙기 및 우기시 낙석 발생으로 교통사고 등 인명피해 우려 상존",방산재는 2002.12월까지 정비사업 추진완료,0,,,4,안전총괄과 과장,1.0,0.0,002,0.0,,,20130708,자연재해대책법 제12조 제5항의 규정,정읍시청,001,안전총괄과 팀원,0,내장산국립공원내(국지도49호),,,2020/08/31 10:38:30.000000000,,2,4,005,내장상동 48통장
5218041021,,,지방2급하천,0.0,5218041000,,00,,1050000.0,20151028,옹동면 세무6급,120.0,0.0,N,0.0,수락천,65,미개수하천과 제방불안전으로 집중호우및 기상이변시 제방붕괴가 예상,20001120,,국토교통부,수락지구,0.0,451802004001,0.0,8,미개수하천과 제방 불안전,,0, [지점번호:다마55193626],동진강,4,안전총괄과 과장,2.0,40.0,001,0.0,,,20070525,하천정비사업 완료,정읍시청,013,안전총괄과 팀원,0,,,,2020/08/31 10:38:03.000000000,,3,,005,옹동면 비봉리 리장
5218010400,,,국가하천,0.0,5218054500,,00,,350000.0,20151028,시기동 행정6급,120.0,0.0,N,0.0,정읍천,1,국가하천 기본계획상 여유고부족으로 집중호우 기상이변시 하천범람,20001120,,국토교통부,시기지구,0.0,451802004002,0.0,8,여유고 부족및 기상이변시 하천범람과 제방붕괴 위험,,0,,동진강,4,안전총괄과 과장,2.0,40.0,001,0.0,,,20060224,정비사업 완료,정읍시청,011,안전총괄과 팀원,0,,,,2020/08/31 10:37:31.000000000,,1,,005,시기3동 통장
5218041025,,,지방2급하천,0.0,5218041000,,00,,350000.0,20151028,옹동면사무소 세무6,120.0,0.0,N,0.0,도내천,1013,미개수 하천으로 홍수시 하천범람 및 농경지 침수,20060303,,국토교통부,도내지구,0.0,451802006001,0.0,8,"- 미개수 하천으로 단면부족으로 인한 하천범람으로 제방붕괴 위험 상존
 - 하천 범람으로 인한 군도 침수로 교통사고 위험 상존",,0,,동진강,4,재난안전관리과 과장,1.0,0.0,001,0.0,,,20101216,정비완료,정읍시청,013,재난안전관리과 팀원,0,,,,2020/08/31 10:35:28.000000000,,3,,005,옹동면 칠석리
5218031024,,하천범람,지방2급하천,0.0,5218031000,,00,,150000.0,20120730,북면 세무6급,120.0,0.0,N,0.0,장흥천,888,미개수 하천으로 매년 홍수시마다 하천범람 및 농경지 침수,20100604,,국토교통부,장흥지구,0.0,451802010005,0.0,8,하천정비 미추진 지역으로 집중호우시 곡선구간 제방유실 상존,,0, [지점번호:다마45123230],동진강,4,안전총괄과 과장,1.0,40.0,001,0.0,,,20150325,자연재해대책법 제12조 제5항의 규정(정비사업 완료),정읍시청,013,안전총괄과 시설6,0,,,2012,2020/08/31 10:34:44.000000000,,3,,005,북면 장구마을
5218039031,,하천범람,지방2급하천,0.0,5218039000,,00,,400000.0,20151028,칠보면 행정6급,120.0,0.0,N,0.0,백암천,132,퇴적토사 등으로 하천통수단면 불량에 따른 침수위험지구,20100604,,국토교통부,백암지구,0.0,451802010006,0.0,8,하천 미정비 지역으로 집중호우시 피해상존,,0,,동진강,4,안전총괄과 과장,1.0,4.0,001,0.0,,,20130708,자연재해대책법 제12조 제5항의 규정,정읍시청,013,안전총괄과 시설6,0,,,,2020/08/31 10:33:43.000000000,,3,28,005,"원백암,흥삼"
5218025021,,상습침수,기타,0.0,5218025000,,02,,88178.0,20151028,공업서기보,420.0,348.0,N,0.0,신태인지구,132,시가지 상습침수,20120730,,행정안전부,신태인지구,0.0,451802012007,0.0,-1,"집중호우시 동진강(국가하천) 수위 상승에 따라 우령천 유역의 유입홍수량을 동진강으로 자연배수 불가능, 우령소하천 범람, 농경지 배수로 단면부족, 시가지 우수관거 통수능 부족",,0, [지점번호:다마44374370],,4,안전총괄과 과장,3.0,64.0,001,116.0,,,20160617,자연재해대책법 제12조 제5항의 규정(정비사업 완료),정읍시청,050,안전총괄과 시설6,0,,,,2020/08/31 10:31:25.000000000,,2,28,001,
5218012600,,공단침수,기타,0.0,5218058000,"농공단지, 제1산업단지",00,,493837.0,20120830,첨단산업과 시설6급,420.0,0.0,N,0.0,"농공단지, 제1산업단지",24,2011. 8월 집중호우로 공단 침수,20120830,,행정안전부,망제지구,0.0,451802012008,0.0,8,"정읍천 및 천곡천 수위 상승으로 천곡천 및 정읍천으로 자연배수가 불량하고, 천곡천(소하천) 제방 범람, 농공단지 배수로 및 우수관거 단면부족에 따른 통수능 부족",,1,,동진강,4,안전총괄과 과장,2.0,64.0,001,0.0,,,20131115,정비사업 완료로 재해위험 해소,정읍시청(첨단산업과,050,안전총괄과 시설6,0,"농공단지, 제1산업단지",,2012,2020/08/31 10:29:19.000000000,,3,2,001,(주)팜스코 팀장
5218039024,,,기타,0.0,5218039000,,02,,25030.0,20131223,태인면,120.0,1953.0,N,3.0,태인지구,483,내수배제 불량,20131223,,행정안전부,태인지구,0.0,451802013009,0.0,8,우수관거 용량부족에 따른 배수불량 및 도로 종단선형 불량에 의한 노면수 집중,,0,전라북도 정읍시 태인면 수학정석길  3    ,동진강,4,안전총괄과장,1.0,35.0,001,913.0,,,20180727,,,050,안전총괄과 팀원,0,,,,2020/08/31 10:44:13.000000000,,2,5,001,태인면 옥하마을이장
4483038028,,외수,국가하천,0.0,4483038028,,02,,0.0,20151117,신평면 토목9급,200.0,0.0,N,0.0,삽교천배수갑문,100,삽교천 중 상류 저재답의 침수가 매년 홍수시마다 반복됨,20000724,,산림청,삽교천,0.0,448302000001,0.0,7,"현재 배수갑문이 6련이나 배수단면의 부족으로 상류유역 상화의 변화로 인한 홍수유달시간의 첨두수량의 증가로
 홍수량 배제능력 부족",,0, ,삽교천,1,건설과장 지방토목사무관,1.0,30.0,001,0.0,,,,,농업기반공사 당진지사,011,건설과 시설7급,, ,,,2015/11/17 11:20:26.000000000, ,2,,004,이장
4483025331,,외수,지방2급하천,,4483025331,,,,,,합덕읍 토목9급,360.0,,,,제방,799,미정비하천으로 집중호우시 농경지 침수 및 주택침수,19961119,,국토교통부,삽교천(석우제),,448302002001,,7,"-집중호우시 물이 월류하여 제방손실 및 농경지 침수예상
-반복되는 재해로 인한 주민 민심고조",,0, ,삽교천,4,교통재난과장,2.0,30.0,005,,,,20091110,,대전지방국토관리청,013,당진군 교통재난,, ,,,2013/06/13 13:10:35.000000000,,2,,005,이장
4483032026,,외수,국가하천,,4483032026,,,,,,석문면 토목8,,,,,서해바다,1,침수위험,19980609,,국토교통부,난지,,448302009002,,19,위험요인해소,,0, ,기타,4,교통재난 행정5,,,001,,,,20021002,정비완료,,011,교통재난 시설6,, ,,,2009/06/24 16:48:28.000000000,,1,,005,
4483038026,,외수,지방2급하천,,4483038026,,,,,,신평면 시설9,,,,,남원천,25,침수위험,20000724,,국토교통부,남원천지구,,448302009003,,,정비완료,,0, ,,4,교통재난 행정5,,,001,,,,20051204,정비완료,,013,재난관리 시설6,, ,,,2009/06/24 16:55:10.000000000,,1,,005,
4483025022,,외수,지방2급하천,,4483025022,,,,,,당진읍 시설8,,,,,당진천,233,침수위험,19961119,,국토교통부,당진천,,448302009004,,,침수위험,,0, ,,4,교통재난 행정5,,,001,,,,20021101,정비완료,,013,재난관리 시설6,, ,,,2009/06/24 16:58:12.000000000,,1,,005,
4483033027,,,지방2급하천,,4483033027,,,,,,대호지면 시설9,,,,,마중천,26,침수위험,19961119,,국토교통부,마중천,,448302009005,,,정비완료,,0, ,,4,교통재난 행정5,,,001,,,,20021230,정비완료,,013,재난관리 시설6,, ,,,2009/06/24 17:00:22.000000000,,1,,005,
4483025023,,,지방2급하천,,4483025023,,,,,,당진읍 시설8,,,,,역천,355,침수위험,19961119,,국토교통부,역천,,448302009006,,,정비완료,,0, ,,4,교통재난 행정5,,,001,,,,20021101,정비완료,,013,재난관리 시설6,, ,,,2009/06/24 17:04:07.000000000,,1,,005,
4483034031,,,지방지정,,4483034031,,,,,,정미면 시설8,,,,,염솔천,1,침수위험,19961119,,국토교통부,염솔천,,448302009007,,,정비완료,,0, ,,4,교통재난 행정5,,,001,,,,19991230,정비완료,,034,재난관리 시설6,, ,,,2009/06/24 17:06:58.000000000,,1,,005,
4483025022,,,지방관리,,4483025022,,,,,,당진읍 시설8,,,,,채운지구,100,침수위험,19961119,,국토교통부,채운지구,,448302009008,,,정비완료,,0,충청남도 당진시  백암1길  13   (채운동),,4,교통재난 행정5,,,001,,,,20021101,정비완료,,010,재난관리 시설6,, ,,,2009/06/24 17:08:56.000000000,,1,,005,
4427034021,,주택침수,지방1급하천,0.0,4427000000,염솔천 일원,02,4483034021105630000041936     ,628000.0,20151117,정미면사무소,230.0,300.0,Y,0.0,"천의천, 염솔천",254,침수위험,20130314,,,천의,0.0,448302013009,0.0,19,염솔천 토사퇴적으로 집중호우시 하천배제 능력상실됨에 따라 염솔천으로 합류되는 천의천이 내수배제불량으로 시가지 침수 발생,,0,,기타,4,안전총괄과,2.0,0.0,001,150.0,,,20211230,천의 자연재해위험개선지구 정비사업 준공 완료,당진시,012,안전총괄과,0,,,2013,2023/03/17 11:40:17.000000000,,2,2,,이장
4479035028,,외수침수,지방관리,0.0,4479000000,,00,,5900000.0,20151202,청남면 시설9급,150.0,0.0,N,0.0,금강,1,상습침수,19960705,,,인양제,0.0,447901998002,0.0,-1,하천개수가 필요한 외수침수지구,,0, [지점번호:다바49241581],,4,안전총괄과장,10.0,30.0,001,0.0,,,20041223,정비완료,청양군,010,청양군 지방시설8급,0,,,,2023/04/24 10:06:31.000000000,,1,,,
4479038030,,내수침수,국가관리,0.0,4479000000,,00,,100000.0,20151202,화성면 시간선택제,150.0,0.0,N,0.0,무한제,1,상습침수,19960729,,,무한제,0.0,447901998003,0.0,-1,하천개수가 필요한 내수침수지구,,0,,,4,안전총괄과장,10.0,30.0,001,0.0,,,20041223,제방 6.7km,청양군,009,청양군 지방시설8급,0,,,,2023/04/24 10:05:18.000000000,,1,,,
4479025029,,외수침수,지방2급하천,,4479000000,,,,300000.0,,청양군 지방시설9급,150.0,,,,송방천,1,상습침수,20000403,,,송방제,,447902002001,,3,하천개수가 필요한 외수침수지구,,0,,금강,4,안전총괄과장,10.0,30.0,001,,,,20070313,정비완료,청양군,013,청양군 지방시설8급,0,,,,2023/04/24 10:03:31.000000000,,1,,,
4479039024,,침수위험,기타,,4479000000,,,,60000.0,,농업기반공사청양지사,150.0,,,,사점저수지,1,수리시설 노후,20000403,,,사점,,447902002005,,-1,"제당누수, 여방수로 단면부족, 제당단면부족",,0,,,4,농업기반공사,10.0,30.0,001,,,,20021125,정비완료,농업기반공사청양지,050,농업기반공사청양지사,0,,,,2023/04/24 10:01:56.000000000,,1,,,
4479035030,,상습침수,지방2급하천,0.0,4479000000,,00,,250000.0,20151202,청남면 지방시설9급,150.0,0.0,N,0.0,아산천,1,상습침수,20060222,,,아산지구,0.0,447902008006,0.0,3,상습침수,,0,,금강,4,안전총괄과장,10.0,30.0,001,0.0,,,20140911,,청양군,013,청양군 지방시설8급,0,,,,2023/04/24 09:59:10.000000000,,2,,,
4479037021,,상습침수,지방2급하천,,4479000000,구룡천,,,730000.0,,청양군 지방시설9급,150.0,,,,구룡천,1,상습침수,20060222,,,구룡지구,,447902008007,,3,상습침수,,0,,금강,4,안전총괄과장,10.0,30.0,001,,,,20140911,,청양군,013,청양군 지방시설8급,0,구룡천,,,2023/04/24 09:57:57.000000000,,2,,,
4479036028,,상습침수,지방2급하천,,4479000000,,,,200000.0,,청양군 지방시설9급,150.0,,,,화산천,1,상습침수,20060222,,,화산지구,,447902008008,,3,상습침수지구,,0,,금강,4,안전총괄과장,10.0,30.0,001,,,,20140911,,청양군,013,청양군 지방시설8급,0,,,,2023/04/24 09:56:26.000000000,,2,,,
4479032036,,상습침수,지방2급하천,0.0,4479000000,,00,,1000000.0,20151202,대치면 지방시설9급,150.0,0.0,N,0.0,지천,1,상습침수,20060222,,,지천지구,0.0,447902008009,0.0,3,상습침수,,0,,금강,4,안전총괄과장,10.0,30.0,001,0.0,,,,,대치면,013,청양군 지방시설8급,0,,,,2023/04/24 09:54:49.000000000,,2,,,
4479036023,,상습침수,지방2급하천,0.0,4479000000,,00,,700000.0,20151202,방재안전8,150.0,0.0,N,0.0,미당천,1,상습침수,20060222,,,미당지구,0.0,447902008010,0.0,3,상습침수로 기존하폭 및 제방고 개수 필요,,0,,금강,4,안전총괄과장,10.0,30.0,001,0.0,,,,,장평면,013,청양군 지방시설8급,0,,,,2023/04/24 09:53:37.000000000,,2,,,장평면 미당리장
4479032022,,상습침수,지방2급하천,0.0,4479000000,,00,,600000.0,20151202,대치면 시설9급,150.0,0.0,N,0.0,대치천,1,상습침수,20060222,,,대치지구,0.0,447902008011,0.0,3,"상습침수로 하폭, 제방고 개수 필요",,0,,금강,4,안전총괄과장,10.0,30.0,001,0.0,,,,,대치면,013,청양군 지방시설8급,0,,,,2023/04/24 09:51:06.000000000,,2,,,
4476044024,,내수및 외수,지방2급하천,0.0,4476044000,,00,,9794000.0,20160404,석성면사무소,250.0,0.0,N,0.0,"증산천,정각천",1,금강 및 석성천 수위상승시 정각천 증산천 제방 및 통수단면부족,20060228,,행정안전부,증산,0.0,447602006001,0.0,3,"금강 및 석성천 수위상승시 정각천 , 증산천 제방 및 통수단면의 부족으로 상습침수",,0,,금강,4,안전총괄과장,2.0,0.0,001,0.0,,,20130820,정비사업 완료로 재해위험요소 해소,안전총괄과,013,지방시설주사보,0,,,,2021/06/14 15:54:23.000000000,,2,,001,
4476044021,,상습침수,지방2급하천,0.0,4476044000,,00,,3000000.0,20160404,석성면사무소,329.0,0.0,N,0.0,현내천,109,지방2급 하천 하천 범람 발생,20000327,,행정안전부,석성,0.0,447602011003,0.0,-1,하천 범람으로 주택 및 농경지 침수발생,,0, [지점번호:다바54730382],,4,안전총괄과장,3.0,121.0,001,0.0,,,20011220,사업완료로 재해위험요소 해소,안전총괄과,013,지방시설주사보,0,,,,2021/06/14 15:53:46.000000000,,2,2,001,
5013032025,,,지방관리,0.0,5013032000,,00,5013032025116680000000003     ,140000.0,20160403,,0.0,0.0,N,0.0,하천 8.75km,1668,침수위험,19960704,,행정안전부,가시천,0.0,491022009001,0.0,-1,침수위험(지정면적 : 8.75km) - 하천정비 ,,0,,,4,복구지원팀장,0.0,0.0,001,0.0,,,20150921,사업완료,서귀포시청안전총괄과,010,안전총괄과시설7급,0,,,,2021/06/10 16:56:04.000000000,,3,0,001,
5013025328,,,지방관리,0.0,5013025300,,00,5013025328114260001000002     ,60000.0,20160403,,0.0,0.0,N,0.0,배수로 1.1km,1425,침수위험,20060303,,행정안전부,학림천,0.0,491022009005,0.0,-1,하천범람,,0,,,4,복구지원팀장,0.0,0.0,001,0.0,,,20150921,사업완료,안전총괄과,010,안전총괄과시설7급,0,,,,2021/06/10 16:54:23.000000000,,2,2,001,
5013025323,,,지방관리,0.0,5013025300,,00,5013025323101880009000002     ,150000.0,20160403,,0.0,0.0,N,0.0,하천정비 2km,188,침수위험,20060303,,행정안전부,움브리천,0.0,491022009006,0.0,-1,하천범람,,0,,,4,복구지원팀장,0.0,0.0,001,0.0,,,20150921,사업완료,안전총괄과,010,안전총괄과시설7급,0,,,,2021/06/10 16:51:43.000000000,,3,9,001,
5013025930,,,지방관리,0.0,5013000000,,00,5013025930108230000000001     ,80000.0,20160403,,0.0,0.0,N,0.0,배수로 2.8km,823,침수위험,20060303,,,신천,0.0,491022009007,0.0,-1,하천범람,,0,,,4,복구지원팀장,0.0,0.0,001,0.0,,,20150921,사업완료,안전총괄과,010,안전총괄과시설7급,0,,,,2023/09/29 17:17:13.000000000,,3,0,,
5013025327,,,지방관리,0.0,5013025300,,00,5013025327112060000000004     ,70000.0,20160403,,0.0,0.0,N,0.0,하천정비 3.63km,1206,침수피해,20000929,,행정안전부,안불이천,0.0,491022010009,0.0,-1,침수위험,,0,,,4,복구지원팀장,0.0,0.0,001,0.0,,,20150921,사업완료,,010,안전총괄과시설7급,0,,,,2021/06/10 16:43:32.000000000,,3,0,001,
5013025926,,,지방관리,0.0,5013025900,,00,5013025926125860018000002     ,230000.0,20160403,,0.0,0.0,N,0.0,배수로 7.8km,2586,침수위험,20060303,,행정안전부,온평,0.0,491022010010,0.0,-1,침수피해,,0,,,4,복구지원팀장,0.0,0.0,001,0.0,,,20150921,,안전총괄과,010,안전총괄과시설7급,0,,,,2021/06/10 16:41:46.000000000,,2,8,001,
5013032021,2.0,,지방관리,0.0,5013000000,,02,5013032021102900004000001     ,33150.0,20201014,서귀포시 안전총괄과 시설7급,,,N,0.0,"유입수로 설치 1,156m",290,"배수시설 부족 및 하천의 통수능력 부족으로 침수피해가 발생하여 홍수량 저감을 위하여 2015년 하천저류지가 설치하였으나, 설치 이후에도 2017~2018년 5차례에 걸쳐 침수발생",20201014,,,표하천,0.0,491022010011,0.0,-1, 유입시설이 부족하여 도로노면 및 저지대 우수정체로 침수피해 발생,,0,,,4,서귀포시 안전총괄과 복구지원팀장,1.0,69.0,004,,2.0,3.0,,,서귀포시,010,서귀포시 안전총괄과 시설7급,0,,20201014,2020,2024/09/29 11:11:42.000000000,,1,4,,
5013010600,1.0,붕괴위험,지방관리,0.0,5013000000,,02,,134000.0,20151110,서귀포시 안전총괄과 시설7급,0.0,30.0,N,0.0,절개지정비 133천㎡,790,절개지 상단에 우수 유입 등으로 인한 지반침식 및 암벽붕괴,20050314,,,외돌개,0.0,491022010012,0.0,-1,암반사이로 우수유출은 물론 폭풍우시 우수유입 등으로 인한 암벽균열 발생,,0, [지점번호:다나11067251],,1,서귀포시 안전총괄과 복구지원팀장,1.0,0.0,002,10.0,1.0,1.0,,,서귀포시,010,서귀포시 안전총괄과 시설7급,0,,,2015,2024/04/23 14:06:55.000000000,,2,,,
5013025021,,,지방관리,0.0,5013025000,,00,5013025021127350001000002     ,250000.0,20151110,,200.0,0.0,N,0.0,배수로 4.45km,2735,배수로 정비 및 제방축조 미비로 집중호우시 상습침수,20100330,,행정안전부,상모,0.0,491022010013,0.0,-1,"배수로 정비가 필요한 외수 침수지구
 - 침수판단기준 : 강우량 200mm이상
 - 배수로가 미개수된 지역으로 기준 하폭이 2~3m이나 계획하폭은 6~12.5m이며 하도 굴착 및 저류지 시설이 필요",,0,,,4,복구지원팀장,3.0,0.0,001,0.0,,,20181207,사업완료,안전총괄과,010,안전총괄과 시설7급,0,,,,2021/06/10 16:33:40.000000000,,1,4,001,
5013010900,,,지방관리,0.0,5013055000,,00,,80000.0,20160403,,0.0,0.0,N,0.0,절개지정비 87천m2,1,붕괴위험,20100330,,행정안전부,효돈,0.0,491022010014,0.0,-1,절개지 괴위험,,0,제주특별자치도 서귀포시  북문로148번길  33   (신효동),,4,복구지원팀장,0.0,0.0,002,0.0,,,20150921,절개지 붕괴위험,안전총괄과,010,안전총괄과시설8급,0,,,,2021/06/10 16:31:14.000000000,,1,,001,
5013025000,,,지방관리,0.0,5013025000,,00,,230000.0,20100330,,200.0,0.0,N,0.0,배수로 2.67km,1,배수로 미정비로 집중호우시 상습침수,20100330,,행정안전부,신도,0.0,491022010015,0.0,-1,집중호우시 상습침수,,0,,,4,복구지원팀장,3.0,0.0,001,0.0,,,20181207,사업 완료,안전총괄과,010,안전총괄과시설7급,0,,,,2021/06/10 16:29:26.000000000,,3,,001,
5013032023,,,지방관리,,5013032000,,,,280000.0,19960704,,,,,,배수로 정비 4.36km,512,침수에 의한 주택 및 농경지 침수,19960704,,행정안전부,천미천,,491022011026,,-1,침수,,0, [지점번호:다나35618876],,4,복구지원팀장,,,001,,,,20100818,정비완료,,010,지방시설7급,0,,,,2021/06/10 15:38:07.000000000,,3,1,001,
5013025931,2.0,,지방관리,0.0,5013000000,,02,5013025931111080000000002     ,100000.0,19960704,서귀포시 안전총괄과 시설7급,200.0,60.0,N,1.0,"배수로 L=3.51km, 소형저류지 1개소",1108,소하천정비 미비로 집중호우시 상습침수,19960704,,,신난천,0.0,491022010016,202.0,-1,소하천정비 미비로 집중호우시 상습침수,,0,,,4,서귀포시 안전총괄과 복구지원팀장,3.0,0.0,001,20.0,2.0,3.0,,,서귀포시,010,서귀포시 안전총괄과 시설7급,0,,,,2024/04/23 14:56:09.000000000,,3,0,,
5013010700,1.0,,지방관리,0.0,5013056000,,02,,80000.0,20100330,,0.0,0.0,N,1.0,절개지정비 60천m2,2287,"대규모의 낙석 및 암탈락 발생, 암반 균열로 붕괴우려",20100330,,행정안전부,영천1,0.0,491022010017,10.0,-1,"- 대규모의 낙석 및 암탈락이 발생한 흔적이 나타남
 - 절리 및 뜬돌이 발달
 - 암반의 균열이 심하여 추가붕괴가 우려됨
 - 비탈면 전구간에 걸쳐 풍화가 심함.
 ",,0, [지점번호:다나13907919],,4,복구지원팀장,1.0,0.0,002,0.0,1.0,1.0,20181207,,서귀포시청안전총괄과,010,안전총괄과시설7급,0,,,,2021/06/10 16:27:13.000000000,,3,,001,
5013025925,,,지방관리,0.0,5013025900,,02,5013025925105800000000005     ,50000.0,20000929,,200.0,45.0,N,1.0,배수로 7.02km,580,소하천 미정비로 집중호우시 상습침수,20000929,,행정안전부,고수천,0.0,491022010018,50291.0,-1,소하천 미개수된 지역으로 미정비로 인해 집중호우시 상습침수,,0,,,4,복구지원팀장,3.0,0.0,001,16.0,,,20181207,,안전총괄과,010,안전총괄과시설7급,0,,,,2021/06/10 16:25:30.000000000,,2,0,001,
5013012100,5.0,,시도,0.0,5013000000,,02,,35000.0,20151110,서귀포시 안전총괄과 시설7급,210.0,150.0,N,15.0,"저류지 1식, 배수로정비 3km",1515,농경지 및 주거지 침수피해,20131206,,,예래,0.0,491022013031,8000.0,-1,농경지 및 주택침수로 재산 및 인명피해 예상,,0,,,4,서귀포시 안전총괄과 복구지원팀장,1.0,0.0,001,50.0,5.0,10.0,,,서귀포시,003,서귀포시 안전총괄과 시설7급,0,,,2015,2024/09/29 11:07:45.000000000,,2,4,,
5013025000,,,지방관리,0.0,5013025000,,00,,140000.0,20100330,,0.0,0.0,N,0.0,배수로정비 1.7km,1,배수시설 미비로 저지대 농경지 등 침수,20100330,,행정안전부,무릉1,0.0,491022010019,0.0,-1,"해안가 저지대를 중심으로 집중호우시
 내수범람으로 농경지 상습침수",,0,,,4,복구지원팀장,3.0,0.0,001,0.0,,,20181207,,안전총괄과,010,안전총괄과시설7급,0,,,2010,2021/06/10 17:04:45.000000000,,3,,001,
5013025000,,,지방관리,0.0,5013000000,,00,,140000.0,20100330,,200.0,0.0,N,0.0,배수로 3.8km,1,배수시설 미정비로 저지대 농경지 침수,20100330,,,신평,0.0,491022010020,0.0,-1,배수시설 미정비로 저지대 농경지 침수,,0,,,4,복구지원팀장,3.0,0.0,001,0.0,,,20181207,,안전총괄과,010,안전총괄과시설7급,0,,,2010,2023/09/29 17:30:18.000000000,,3,,,
5013032000,,,지방관리,0.0,5013000000,,00,,140000.0,20000929,서귀포시 안전총괄과 시설7급,150.0,0.0,N,0.0,배수로정비 4.5km,1919,배수로 미정비로 집중호우시 상습침수,20000929,,,달산봉,0.0,491022010021,0.0,-1,침수피해,,0,,,4,서귀포시 안전총괄과 복구지원팀장,3.0,0.0,001,0.0,,,,,서귀포시,010,서귀포시 안전총괄과 시설7급,0,,,,2024/04/23 12:44:14.000000000,,3,,,
5013025923,,,지방관리,0.0,5013000000,,00,5013025923112560009000001     ,66000.0,20151110,서귀포시 안전총괄과 시설7급,218.0,0.0,N,0.0,"저류지 1식, 배수로정비 1.8km",1256,농경지 및 주택상습 침수피해,20131206,,,시흥1,0.0,491022013036,0.0,-1,"도로 및 농경지, 주택침수로 재산 및 인명피해 우려",,0,,,4,서귀포시 안전총괄과 복구지원팀장,4.0,0.0,001,0.0,,,,,서귀포시,010,서귀포시 안전총괄과 시설7급,0,,,2015,2024/09/29 09:52:49.000000000,,2,9,,
5013010700,,,지방관리,0.0,5013000000,,00,,30000.0,20100330,,0.0,0.0,N,0.0,절개지정비 12천m2,1,"대규모의 낙석 및 암탈락이 발생 흔적, 암반균열로 추가붕괴 우려",20100330,,,영천2,0.0,491022010022,0.0,-1,토사층이 느슨하고 점토성분이 많이 함유되어 있어 비탈면의 안정성이 불안정한 상태임,,0,제주특별자치도 서귀포시  북문로  207   (상효동),,4,복구지원팀장,1.0,0.0,002,0.0,,,20181207,,안전총괄과,010,안전총괄과시설7급,0,,,2010,2024/06/10 11:47:20.000000000,,1,,,
5013025900,,,지방관리,0.0,5013025900,,00,,40000.0,20100330,,200.0,0.0,N,0.0,배수로정비 1.35km,1,배수로 미정비로 집중호우시 상습침수,20100330,,행정안전부,신풍,0.0,491022010023,0.0,-1,배수로 미정비로 집중호우시 상습침수,,0,,,4,복구지원팀장,3.0,0.0,001,0.0,,,20181207,,안전총괄과,010,안전총괄과시설7급,0,,,2010,2021/06/10 17:03:24.000000000,,3,,001,
5013025000,,,지방관리,0.0,5013025000,,00,,150000.0,20151110,,0.0,0.0,N,0.0,배수로정비 1.96km,1,배수시설 미비로 저지대 농경지 침수,20100330,,행정안전부,무릉2,0.0,491022010024,0.0,-1,집중호우시 내수범람으로 농경지 상습침수,,0,,,4,복구지원팀장,3.0,0.0,001,0.0,,,20181207,,안전총괄과,010,안전총괄과시설7급,0,,,,2021/06/10 17:03:05.000000000,,3,,001,
5013010100,,,지방관리,0.0,5013000000,,00,,176000.0,19960703,,0.0,0.0,N,0.0,붕괴위험지구 176천㎡,810,낙석 및 붕괴 위험,19960703,,행정안전부,천지연,0.0,491022011025,0.0,-1,낙석 및 뜬돌 발달,,0, [지점번호:다나12127321],,4,복구지원팀장,0.0,0.0,002,0.0,,,20100818,정비사업 완료,안전총괄과,010,안전총괄과 시설8급,0,,,,2021/06/10 15:38:51.000000000,,1,1,001,
5013010500,,,지방관리,,5013051000,,,,30000.0,20050314,,,,,,붕괴위험지구 30천㎡,234,낙석 및 뜬돌 발달,20050314,,행정안전부,정방폭포,,491022011027,,-1,낙석 등,,0,제주특별자치도 서귀포시  칠십리로214번길  17-17  (동홍동),,4,복구지원팀장,,,002,,,,20100818,정비완료,,010,지방시설8급,0,,,2005,2021/06/10 15:37:12.000000000,,1,2,001,
5013032023,,,지방관리,,5013032000,,,,60000.0,20000929,,,,,,하천정비 2.0km,399,주택 및 농경지 침수,20000929,,행정안전부,뒷동산천,,491022011028,,-1,침수,,0, [지점번호:다나35619063],,4,복구지원팀장,,,001,,,,20100818,정비완료,,010,지방시설7급,0,,,,2021/06/10 15:35:48.000000000,,3,2,001,
5013025321,,,지방관리,0.0,5013000000,,00,,140000.0,20160403,,0.0,0.0,N,0.0,배수로정비 4.9km,1344,저지대 지역 침수피해 발생,19960704,,행정안전부,남원1,0.0,491022013029,0.0,-1,집중호우시 저지대 침수,,0,제주특별자치도 서귀포시 남원읍 태위로  647    ,,4,복구지원팀장,0.0,0.0,001,0.0,,,20000929,,안전총괄과,010,안전총괄과시설7급,0,,,,2021/06/10 17:01:57.000000000,,3,,001,
5013010100,,,시도,0.0,5013000000,,00,,5000.0,20151110,,0.0,0.0,N,0.0,"사면복원 775㎡, 호안 400m",33,"해일범람, 해안암반 사면붕괴",20131206,,,송산,0.0,491022013030,0.0,-1,"해안 사면붕괴, 주택해일 피해",,0, [지점번호:다나13177276],,4,복구지원팀장,1.0,0.0,002,0.0,,,20181207,,서귀포시청,003,안전총괄과시설7급,0,,,,2024/09/29 11:07:36.000000000,,2,,,
5013011000,,,시도,0.0,5013000000,,00,,11000.0,20151110,,0.0,0.0,N,0.0,호안정비 390m,523,"도로상습침수, 해일범람",20131206,,,보목,0.0,491022013032,0.0,-1,해안가 인근 주택침수 등 인명과 재산피해 우려,,0,제주특별자치도 서귀포시  보목포로  66   (보목동),,4,복구지원팀장,1.0,0.0,006,0.0,,,20181207,,서귀포시청,003,안전총괄과시설7급,0,,,,2024/09/29 11:09:43.000000000,,2,3,,
5013025021,,,시도,0.0,5013000000,,00,,27000.0,20151110,,210.0,0.0,N,0.0,"저류지 1식, 배수로정비 1.7km",2674,주거지 상습침수 피해,20131206,,,하모,0.0,491022013033,0.0,-1,주거지 주택등 상습침수 피해로 재산과 인명피해 우려,,0, [지점번호:나나85097110],,4,복구지원팀장,4.0,0.0,001,0.0,,,20181207,,서귀포시청,003,안전총괄과시설7급,0,,,,2024/09/29 11:09:51.000000000,,2,,,
5013025329,5.0,,시도,0.0,5013000000,,02,,30000.0,20151110,,0.0,35.0,N,30.0,"파제벽 1.1km, 도로승고 200m",71,"도로상습피해, 해일범람",20131206,,,신례,0.0,491022013034,1500.0,-1,해일등으로 주택 침수 및 인명피해 우려 ,,0, [지점번호:다나19997501],,4,복구지원팀장,1.0,0.0,006,14.0,5.0,10.0,20210303,,서귀포시청,003,안전총괄과시설8급,0,,,2001,2024/09/29 11:10:01.000000000,,2,8,,
5013025928,,,시도,0.0,5013000000,,02,,34000.0,20151110,,0.0,26.0,N,1.0,호안정비 700m,1,"도로상습침수, 해일범람",20131206,,,삼달,0.0,491022013035,60794.0,-1,해일범람으로 주택피해 및 인명피해 우려,,0, [지점번호:다나41518627],,4,복구지원팀장,1.0,0.0,006,10.0,,,20181207,,서귀포시청,003,안전총괄과 시설7급,0,,,,2024/09/29 09:54:33.000000000,,2,1,,
5013031028,,,시도,0.0,5013000000,,00,,56000.0,20151110,,210.0,0.0,N,0.0,"저류지 1식, 배수로정비 2.5km",370,농경지 및 주택 상습침수피해,20131206,,,동광,0.0,491022013037,0.0,-1,농경지 및 주택 상습침수 피해로 재산 및 인명피해 우려,,0, [지점번호:나나92918146],,4,복구지원팀장,1.0,0.0,001,0.0,,,20181207,,서귀포시청,003,안전총괄과시설7급,0,,,,2024/09/29 11:10:12.000000000,,2,,,
2723011100,,,기타,0.0,2723061000,연암공원 서편지역,00,,0.0,20151106,대구광역시 북구청 도시관리과 토목7급,150.0,0.0,N,0.0,연암공원재해위험지구,744,불연속 절토사면에서 풍화작용으로 인한 낙반 및 사면붕괴 우려,20050430,,행정안전부,연암공원지구,0.0,272302005001,0.0,,불연속 절토사면에서 풍화작용으로 인한 낙반 및 사면붕괴 우려,,0,대구광역시 북구  연암로36길  14-1  (산격동),,4,재해예방과 시설6급,1.0,0.0,002,0.0,,,20141110,재해위험요인 해소,북구청 공원녹지과,050,재해예방과 시설7급,,연암공원 서편지역,,,2015/11/06 14:18:38.000000000, ,1,5,001,대구광역시 산격1동
2723011700,,,국가하천,,2723071500,,,,,,북구 건설과,0.0,,,,노곡.조야재해위험지구,1,상습침수지역,20070810,,행정안전부,노곡.조야지구,,272302007001,,2,"집중호우등으로 금호강수위 상승시 주택,상가, 농지등 상습적인 침수가 발생하므로 외수유입 차단시설(수문)을 설치하고 내수강제 배제시설(빗물펌프장)을 설치하여 침수로 인한 피해 예방",,0, ,낙동강,4,시설6급,0.0,0.0,001,,,,20140410,정비사업 완료에 따른 재해위험요인 해소,북구청 건설과,011,시설7급,,,,,2014/08/04 13:57:35.000000000,,1,,001,
2723010600,,,지방관리,0.0,2723055000,침산공원 동편,00,,0.0,20151106,공원녹지과 시설9급,0.0,0.0,N,0.0,침산공원재해위험지구,15,붕괴위험 급경사지하단 주거밀집,20111020,,행정안전부,침산공원 지구,0.0,272302012007,0.0,,"붕괴위험, 침수위험",,1,대구광역시 북구  침산로  239-9  (침산동),,4,도시안전과 시설6급,0.0,0.0,002,0.0,,,20160201,사면정비사업 완료에 따른 위험요인 해소,대구광역시 북구청,010,도시안전과 시설8급,,,,,2016/03/08 13:59:54.000000000, ,1,1,001,주민
2723011800,,,지방관리,,2723000000,,,,2400.0,,시설7급,0.0,,,,구안국도지구,73,낙석 발생,20060110,,,구안국도지구,,272302013008,,-1,붕괴위험,,1,,,4,,0.0,0.0,002,,,,20091130,사업완료(사면보강),대구시 북구,010,시설7급,0,,,,2022/10/24 09:36:10.000000000,,3,3,,
2723010600,,,지자체소유림,,2723000000,,,,7528.0,,녹지7급,0.0,,,,오봉산,575,붕괴위험지역,19960715,,,오봉산지구,,272302013009,,-1,급경사지 붕괴위험,,0,,,4,,0.0,0.0,002,,,,20050620,사업 완료(사면보강),대구시 북구,015,시설7급,0,,,,2022/10/24 09:32:57.000000000,,3,,,
2723012800,,,지방2급하천,,2723000000,,,2723012800104620000040277     ,1000.0,,시설7급,0.0,,,,팔달지구,462,침수위험지구,19981020,,,팔달지구,,272302013010,,-1,침수위험,,0,,,4,,0.0,0.0,001,,,,20040305,배수펌프장 건설,대구시 북구,013,시설7급,0,,,,2022/10/24 10:01:16.000000000,,3,0,,
3611032024,,취약방재시설,지방2급하천,0.0,3611000000,,02,,234004.0,20021122,연동면사무소 시설주사보,250.0,98.0,Y,0.0,하천,793,"- 백천 재해위험지구는 금강으로 유입되는 백천의 중 · 하류에 위치하며, 금강의 직접적인 수위 영향으로 하류부는 여유고 및 둑마루 폭이 부족하고 중류부는 제방고가 계획 홍수위보다 약 0.2 ~ 1.0m 낮음",20180330,20130107,행정안전부,백천지구,0.0,361102013003,0.0,3,"- 제방고가 낮아 침수 피해 발생 및 제방노후로 사면 유실
- 국가하천 금강의 배수위 영향으로 여유고 및 둑마루폭 부족 
- 저지대 배수관로 통수 능력 부족에 따른 내수 배제 불량 ",,0,,금강,4,치수방재과장,3.0,50.0,003,36.0,,,20200610,사업완료로 재해위험 요소 제거,세종시,013,치수방재과 시설주사보,0,,20160323,2002,2020/12/03 16:58:24.000000000,백천 하천정비기본계획,3,16,001,명학2리 이장
3611033023,,침수위험,지방2급하천,0.0,3611000000,,02,,180000.0,20100524,치수방재과,200.0,135.0,Y,1.0,지방하천,339,"- 산수 재해위험지구는 백천의 중류 및 상류에 걸쳐 위치, 중류구간은 여유고 및 둑마루폭이 부족하고 상류부는 제방고가 계획 홍수위보다 약 0.5 ~ 1.0m 낮으며 계획하폭이 부족",20100524,20130107,,산수지구,0.0,361102013004,0.0,3,- 제방노후와 호안시설 미비로 사면 유실(변경 지정 : 2020.10.20. / 동일 면적(18ha)으로 구역 일부 조정),,0,,금강,4,치수방재과장,3.0,40.0,001,45.0,,,20210210,,세종특별자치시,013,치수방재과 시설7급,0,,20160323,2010,2022/02/10 15:27:58.000000000,백천 하천정비기본계획,3,1,,산수리 이장
4725041026,,,기타,,4725000000,,,,37576.0,,건설과/시설8 이수현,,,,,저수지,406,가뭄으로 인한 농업용수 부족에 따른 농작물 피해예방,20230322,,,화서(한들),,472502023020,,-1,"소규모 양수장, 취입보, 계곡수 등에 의하여 용수를 공급하고 가뭄 시 모내기 용수확보도 어려운 유역의 말단 지역으로 매년 상습적인 한해피해지역",,0,,,1,안전재난실장,,,007,,,,,,건설과,050,안전재난실/시설7,0,,,,2023/04/27 21:34:12.000000000,,1,,,
2647010200,,,,,2647000000,,,,74125.0,,건설과 토목7급,,,,,토곡지구,403,"집중호우시 온천천 외수위 상승으로 인한 내수배제 불가, 기매설 관로의 통수단면 부족",20230410,,,토곡지구,,264702023003,,2,"일대 도로 및 상가, 주택가 침수",,0,,낙동강,1,도시안전과 행정5급,,,001,,,,,,,-1,도시안전과 행정7급,0,,,2022,2023/04/18 15:23:05.000000000,,2,0,,연산9동 1통장
4885041023,5.0,,지방1급하천,,4885000000,,02,,328400.0,,,,100.0,Y,2.0,두양,205,침수위험,20220315,,,두양,,488502021025,3638.0,19,침수위험,,0,,기타,1,시설6급,,,001,30.0,0.0,10.0,,,,012,시설8급,0,,,,2023/04/27 15:53:00.000000000,,1,1,,
5219032023,,,지방관리,,5219000000,,,,65011.0,,,,,,,유암천,388,유암지구는 홍수발생시 소하천 미개수 및 하폭 부족으로 주택 및 농경지 침수피해가 상습적으로 발생,20210907,,,유암지구,,451902022036,,5,하천범람,,0,,섬진강,1,지방시설6급,,,001,,,,,,,010,지방시설9급,0,,,2021,2024/04/22 14:39:51.000000000,,2,3,,
4677025324,,,기타,,4677000000,,,4677025324126980084063679     ,346220.0,,재난안전과 시설6급,250.0,1236.0,,1.17,녹동천,2698,녹동천 통수단면 부족과 홍수위 상승시 저지대 지역 내수배제 불량으로 침수피해 발생,20220331,,,녹동,,467702023030,,4,"도양읍 시가지를 관류하는 녹도소하천은 고조위시 배수 영향에 따라 소하천인 녹동천의 하천단면 부족 및 하천 횡단시설물의 능력 부족으로 제방 월류가 발생하며, 하도내 녹동배수펌프장의 능력부족으로 침수피해 가중",,0,,영산강,1,재난안전과 시설5급,5.0,100.0,001,618.0,,,,,,050,재난안전과 시설7급,0,,,2022,2024/09/21 14:24:14.000000000,,1,26,,
4180031021,,,지방1급하천,,4180000000,,,,294033.0,20240319,건설과 7급,,43.0,Y,,"배수펌프장, 신촌방천 등",755,집중호우 시 국가하천 임진강의 수위 상승 및 관거 통수능 부족으로 내수배제 불량에 따른 농경지 및 주거지 침수 피해 발생하고 있어 정비사업 필요,20240319,,,진상리4지구,,418002024016,105004.0,-1,집중호우 시 국가하천 임진강의 수위 상승 및 관거 통수능 부족으로 내수배제 불량에 따른 농경지 및 주거지 침수 피해 발생,,0,,,1,건설과 6급,,,001,23.0,,,,,연천군 건설과,012,건설과 7급,0,,,2024,2024/04/16 10:58:56.000000000,,1,4,,
4421031027,,,지방2급하천,,4421000000,,,,121791.0,,건설과 지방시설사무관,,,,,화수 자연재해위험개선지구 ,1119,"자연재해로부터 주민의 재산과 생명을 보호, 예방사업의 계획적인 추진",20210902,,,화수지구,,442102022007,,19,집중호우와 하천내 노후시설(붕괴 및 파손 우려),,0,,기타,3,건설과 지방시설주사,,,001,,,,,,서산시청,013,건설과 지방시설주사보,0,,,2021,2024/09/20 11:50:43.000000000,,2,2,,
4889035025,5.0,,지방2급하천,,4889000000,,02,4889035025101930003015989     ,356795.0,,안전총괄과 방재담당,200.0,283.0,Y,2.18,낙민천,1517, 침수위험지역 정비로 주민의 생명과 재산을 보호하기 위함,20220509,20171130,,낙민 자연재해위험개선지구 정비사업,1.0,488902021028,248300.0,-1,"- 기존도로(지방도1034호선)가 홍수위 이하여서 제방고 부족으로 인한 월류 침수피해 발생
- 외수위 상승에 따른 제내지 농경지 침수피해 발생",,0,,,1,안전총괄과장,1.0,,001,,0.0,10.0,20261231,,합천군 안전총괄과,013,안전총괄과 시설7급,0,,20190816,,2024/04/08 14:58:10.000000000,황강하류권 하천기본계획 변경,2,9,,율곡면 환경개발담당
5123025325,,,,,5123000000,,,,15300.0,,,,,,,옥원교,81,"교량 노후와로 인한 붕괴위험 교량에 대한 재해위험 개선 필요, 상습침수지역 내수침수 해소로 인한 재산 및 인명피해 사전예방
",20230405,,,옥원,,512302024018,,-1,"경간장 기준 미달로 홍수시 유송잡물에 의한 통수저하, 교량 노후화로 인한 유실위험 상존",,0,,,1,,,,003,,,,,,,-1,,0,,,,2024/03/30 19:02:29.000000000,,1,3,,
5013025325,,,지방관리,,5013000000,,02,,21095.0,20230426,서귀포시 안전총괄과 시설7급,,,Y,,"우수암거(box 2.0×1.5, L=1,600m) 설치",419,태수로(북→남 방향)를 중심으로 주변저지대가 형성되어 집중호우 시 내수침수 발생,20230426,,,의귀1,,501302024054,,-1,태수로(북→남 방향)를 중심으로 주변저지대가 형성되어 집중호우 시 내수침수 발생,,0,,,1,서귀포시 안전총괄과 복구지원팀장,,,001,,,,,,서귀포시,010,서귀포시 안전총괄과 시설7급,0,,,2023,2024/04/23 20:39:38.000000000,자연재해저감종합계획,2,2,,
5113031023,,,기타,,5113000000,,01,,175424.0,,시설주사보,,,Y,,장양지구,1253,홍수발생시 자연배제 불가로 농경지 및 주거지에서 침수 피해가 발생하여 이를 지정하여 정비하고자 함,20240327,,,장양,,511302024014,,19,홍수발생시 자연배제 불가로 농경지 및 주거지에서 침수 피해가 발생,,0,,기타,1,시설주사,,,001,,,,,,원주시청,050,시설주사보,0,,,2024,2024/05/27 11:23:05.000000000,,2,,,
5172037028,,,농어촌도로,,5172000000,,,,8500.0,,재난안전과 시설8급,,,,,도로사면,100,도로사면 붕괴위험,,,,서면202호선,,517202024028,,-1,도로사면 붕괴위험,,1,,,3,재난안전과장,,,002,,,,,,홍천군,051,재난안전과 시설8급,0,,,,2024/10/29 14:59:59.000000000,,3,4,,
2635010300,,,지방관리,,2635000000,,02,,44215.0,20221221,건설과 시설7급,115.0,1000.0,N,,반여4지구,1502,"집중호우 시 지방하천 수영강의 수위상승 및 내수배제 불량으로 인한 도로 및 상가, 주택 등의 침수피해 발생",20221221,20160415,,반여4지구,,263502022007,,19,"집중호우 시 지방하천 수영강의 수위상승 및 내수배제 불량으로 인한 도로 및 상가, 주택 등의 침수피해 발생",,0,,기타,1,점검복구팀장,2.0,,001,185.0,,,,,해운대구청,010,안전총괄과 행정7급,0,,20161201,2022,2024/04/04 12:53:14.000000000,,2,27,,
4790034042,,,기타,,4790000000,,02,,16345.0,20240530,감천면/지방시설서기,277.0,69.0,Y,,"수한천, 소규모공공시설(세천)",466,토석류 유입으로 세천의 월류 및 우수관로 용량 부족으로 침수피해 발생지역,20240530,20160527,,수한지구,,479002024023,,2,세천 및 소하천 유역에서 발생한 산사태로 다량의 토석류 발생에 따라 유속잡물이 소하천으로 유입되어 하도 및 교량단면 폐색 등으로 통수능력 저하에 따른 하천수위상으로 인한 침수피해 발생,,0,,낙동강,1,안전재난과/안전재난과장,1.0,29.0,003,38.0,,,,,예천군청,050,안전재난과/시설주사보,0,,20240530,2024,2024/06/04 17:35:21.000000000,수한 자연재해위험개선지구,1,,,
4413111000,,,지방관리,0.0,4413000000,,02,4413111000100440001040531     ,65565.0,20230811,안전총괄과 시설7급,130.0,165.0,Y,1.0,구성천,391,"- 하천시설기준 미달(남부교)
- 하천수위 상승에 따른 내수배제 불량
- 배수구조물 통수단면 부족
- 소규모 공공시설 노후 및 퇴적으로 인한 단면축소에 의한 월류",20211126,20160701,,구성천,0.0,441302021027,264400.0,7,"- 하천시설기준 미달(남부교)
- 하천수위 상승에 따른 내수배제 불량
- 배수구조물 통수단면 부족
- 소규모 공공시설 노후 및 퇴적으로 인한 단면축소에 의한 월류",,0,,삽교천,1,안전총괄과 시설5급,1.0,40.0,001,56.0,,,99991231,,천안시 안전총괄과,010,안전총괄과 시설7급,0,,20211126,2023,2024/02/06 12:54:04.000000000,,1,1,,
4775033030,,,지방2급하천,,4775000000,,,,200379.0,20201123,건설새마을과,,213.0,,,은계 재해위험개선지구,711,"- 은계 자연재해위험개선지구는 기 자연재해저감종합계획에 반영된 지구(하천재해 1개소)
- 하천과 인접하여 취락지구가 위치, 인명피해 발생 가능성 높음",20201123,,,은계(은계천),,477502022019,,2,"- 지방하천 은계천은 하천기본계획이 최초 수립중인 하천으로 경사가 급하여 집중호우시 빠르게 모여든 빗물로 돌발홍수 발생 
- 제방여유고 약 1.0m 부족 및 저지대에 주거지(30여가구)가 위치하여 월류시 침수 및 고립 위험
- 제방여유고 부족 및 하천시설물의 능력부족으로 인한 월류 피해",,0,,낙동강,1,,,,001,30.0,,,,,,013,건설새마을과,0,,,2020,2024/04/26 17:48:50.000000000,,1,5,,
4715037021,,,지방1급하천,,4715000000,,00,,896140.0,,안전재난과,,,Y,,자연재해위험개선지구(침수위험지구),151,지방하천(직지사천) 범람 시 홍수위보다 낮은 지역의 주택 및 농경지 침수 위험 높음,20230420,,,직지2,,471502023015,,2,직지사천 홍수위 보다 낮은 지역에 농경지 주택 침수위험,,0,,낙동강,1,안전재난과장,,,001,,,,,,안전재난과,012,안전재난과,0,,,2023,2024/04/11 13:55:07.000000000,"감천 중하류권역 하천기본계획(2020, 경상북도)",2,1,,
4711132021,,,지방관리,0.0,4711132021,,00,4711132021107290031068857     ,41110.0,,생태하천과 시설7,200.0,5500.0,Y,,"도구앞천, 지바우천",729,○ 동해면 시가지 지역으로 침수피해 발생에 따른 인명피해의 발생우려가 매우 높은 지역,20230421,,,도구약전,0.0,471112023013,,19,"○ 다수의 소하천이 관류하는 해안저지대로 홍수발생 시 소하천범람 및 내수배제 불량에 따른 침수피해가 발생
○ 홍수발생 시 상류 산지에서 발생한 홍수가 하류로 집중되어 피해가 가중되는 지역임",,0,,기타,1,안전총괄과 시설6,2.0,50.0,001,1550.0,,,,,포항시,010,안전총괄과 시설7,0,,20220708,2023,2024/04/09 11:44:13.000000000,소하천정비종합계획(남부권역),1,31,,
5274031027,,,지방관리,,5274000000,,,,83460.0,,,248.0,,,,이룡지구,742,낮은 지반고로 내수배제불량 ,20230511,,,이룡,,457402023024,,5,"홍수 시 내수배제불량 등으로 농경지, 주거지 침수가 빈번히 발생",,0,,섬진강,1,,5.0,48.0,001,,,,,,,010,,0,,,2023,2023/09/19 13:11:44.000000000,,2,,,
5274032024,,,지방관리,,5274000000,,,,5006.0,,,125.0,,Y,,죽산교,1219,노후교량 경간장 미달에 따른 유수수통지장 및 주민고립에 따른 인명피해 우려,20230511,,,죽산,,457402023025,,5,호안 및 교량 노후화로 유실 및 파손 위험,,0,,섬진강,1,,5.0,31.0,003,,,,,,,010,,0,,20210101,2023,2023/09/19 13:16:07.000000000,요천권역 하천기본계획,1,1,,
4825034029,5.0,,국가관리,,4825000000,,02,4825034029106750001028733     ,164000.0,20121108,김해시 하천과,,4202.0,Y,1.0,하천,681,하천범람,20221231,,,한림지구,,482502021010,117402.0,2,낙동강 수위상승에 따른 하포천 범람,,0,,낙동강,1,김해시 하천과,,,001,,0.0,7.0,,,환경부,009,김해시 하천과,0,,,2021,2023/10/26 10:00:00.000000000,하천기본계획,2,0,,
4882025032,3.0,,지방관리,0.0,4882000000,,02,,317533.0,20230201,안전관리과 시설7급,,70.0,,0.0,외우산천,17,재해위험개선지구 지정,20230301,,,우산지구,0.0,488202021008,0.0,-1,소하천 제방 협소에 따른 내수침수 우려,,0,,,1,안전건설과 시설5급,,,001,23.0,0.0,6.0,,,고성군,010,안전건설과 시설6급,0,,,,2024/04/11 14:17:31.000000000,소하천기본계획,2,2,,
4623034027,,,기타,,4623000000,,02,,1357421.0,,안전과 시설7급,,,Y,,청암들,223,집중호우시 주거지 및 농경지 침수,20220414,,,진상 청암,,462302022020,,5,지빙하천의 수위상승에 따른 저지대 농경지의 배수불량으로 농경지 상습침수 피해 발생,,0,,섬진강,1,안전과 시설6급,,,001,,,,,,광양시청,050,안전과 시설7급,0,,20220929,2021,2024/09/24 17:17:22.000000000,광양시 자연재해저감 종합계획,2,,,마을이장
5113032027,,,기타,,5113000000,,01,,347901.0,,시설주사보,,,Y,,무장지구(농경지),512,"홍수발생시 자연배제 불가로 농경지 및 주거지에서 침수 피해가 발생하여 이를 지정하여 정비하고자 함
",20240327,,,무장,,511302024015,,19,홍수발생시 자연배제 불가로 농경지 및 주거지에서 침수 피해가 발생,,0,,기타,1,시설주사,,,001,,,,,,,050,시설주사보,0,,,2024,2024/05/27 11:22:47.000000000,,1,5,,
4375037027,,,지방관리,,4375000000,,02,,228666.0,,안전총괄과 시설7급,,100.0,,,광혜원 재해위험개선지구,258,지방하천 수위 상승 시 배수위 영향 구간으로 소하천 제방 여유고 부족 및 우수관거 통수능 부족의 의해 상습 침수 피해 발생,20221209,,,광혜원,,437502021011,,3,집중호우 발생시 광혜원면 광혜원리 일원의 내수배제 불량 및 하천 배수위 영향에 의한 상습 침수 지역,,0,,금강,1,안전총괄과장,,,001,40.0,,,,,진천군,010,안전총괄과 복구지원팀장,0,,,,2024/04/09 16:07:22.000000000,,1,,,
5277039024,,,군천,0.0,5277000000,,02,,349945.0,20230404,안전재난과 시설6급,461.0,250.0,,1.45,오교소하천,404,집중호우 시 오교소하천 통수단면 부족으로 월류에 의한 오교마을 저지대 및 농경지 침수피해 예방,20230404,,,오교,0.0,527702024029,,5,하천범람에 따른 주택 및 농경지 침수,,0,,섬진강,1,안전재난과 시설5급,3.0,,001,120.0,,,,,순창군,042,안전재난과 시설6급,0,,,2023,2024/09/30 09:46:05.000000000,,2,1,,
4311331032,,,전체,,4311331032,,,,1473166.0,,흥덕구 강내면 시설9급,307.0,,Y,1.44,수석천,300,펌프장 배제능력 및 소하천 통수단면 부족 등으로 인한 침수 및 유실 피해발생으로 우기시 상습침수 발생으로 대책시급,20240308,,,석화2지구 ,,431132024001,47.0,3,"미호강 외수위 상승시 기존 배수펌프장 능력부족, 하천정비 미비와 우수관거 통수능력 부족으로 인한 월류 및 내수 침수로 정비사업 필요",,0,,금강,1,하천과 시설6급,5.0,,001,,,,,,하천과,-1,하천과 시설7급,0,,20170601,2023,2024/09/23 14:48:42.000000000,청주시 소하천정비 종합계획,1,3,,
5279034025,,,지방2급하천,,5279000000,,02,,66500.0,,복구지원팀장,,,,,칠암천,1001,칠암천(지방하천) 외수위 상승에 따른 내수배제 불량 및 우수관로 통수능 부족에 따른 월류로 침수 발생,20230510,,,회룡지구,,457902023024,,-1,칠암천(지방하천) 외수위 상승에 따른 내수배제 불량 및 우수관로 통수능 부족으로 농경지 및 주거지 침수피해 발생,,0,,,1,안전총괄과장,,,001,,,,,,고창군청,013,복구지원팀 시설7급,0,,,,2024/04/15 20:30:16.000000000,,2,,,회룡이장
5182033025,,,지방2급하천,,5182000000,,02,,318403.0,,안전교통과 재난방재팀,289.0,31.0,Y,3.11,백촌,695,태풍 및 집중호우에 따른 하천수위 상승시 범람으로 주변 주택 및 농경지 피해 발생,20240321,,,백촌,,518202024024,,19,하도 및 교량 통수능력 부족으로 홍수시 하천 월류 등 피해 발생,,0,,기타,1,안전교통과장,2.0,56.0,001,14.0,,,,,재난방재팀,013,안전교통과 재난방재팀,0,,,2024,2024/04/12 10:42:44.000000000,소하천정비 기본계획 수립용역,1,2,,백촌이장
4793037021,,,기타,,4793000000,,02,,94556.0,,안전재난과 시설7급,,236.0,,,죽변지구,36,"조위상승시 원활한 내수배제 불량, 주거지 및 상업지 등 침수 발생",20240408,,,죽변지구,,479302024028,,-1,조위상승 시 침수로 인한 주택 및 인명 피해,,0,,,1,안전재난과 시설6급,2.0,,001,80.0,,,,,울진군청,050,안전재난과 시설7급,0,,,2024,2024/06/24 16:41:10.000000000,,2,108,,
5183035037,1.0,,소규모어항,,5183000000,,02,4283035037100040013000001     ,27480.0,,양양군 안전교통과 과장,,30.0,Y,1.0,용호 해일위험지구,4,"태풍, 너울성 파도에 의한 인근 상가지역의 침수,월파피해",20220131,,,용호지구,,428302021016,35000.0,19,"태풍, 너울성 파도에 의한 인근 상가지역의 침수,월파피해",,0,,기타,1,양양군 안전교통과 팀장,,,006,10.0,0.0,10.0,,,양양군,036,양양군 안전교통과 주무관,0,,20071201,2022,2024/04/11 20:32:33.000000000,,2,13,,용호리 어촌계
3120012100,,,지방1급하천,0.0,3120000000,,02,,523000.0,,북구 건설과 시설5급,266.0,648.0,Y,3.0,명촌천,593,"   - 명촌천의 통수단면적 부족으로 인한 월류발생
   - 배수로 및 우수관 통수단면적 부족으로 인한 내수배제 불량으로 침수피해 발생",20220428,20140425,,명촌지구,0.0,312002022003,0.0,11,"   - 명촌천의 통수단면적 부족으로 인한 월류발생
   - 배수로 및 우수관 통수단면적 부족으로 인한 내수배제 불량으로 침수피해 발생",,0,,태화강,1,북구 건설과 시설6급,20169.0,120.0,001,,,,,,울산광역시 북구청,012,북구 건설과 시설7급,0,,,2022,2024/04/15 15:22:06.000000000,명촌천 하천기본계획,1,0,,
2772025037,,,지방2급하천,,2772000000,,,,183072.0,,안전관리과,159.0,40.0,,,위천(지방하천),175,"위천(지방하천) 홍수위보다 제내지 지반고가 낮아 자연 배제가 되지않고, 사업지구를 관류하는 농암천(소하천) 단면 부족 으로 범람에 의한 침수피해 발생가능성이 높은 지역",20230410,,,농암지구,,477202023024,,-1,"- 농암천(소)의 제방고 및 여유고 부족으로 월류에 의한 침수 피해 하폭 및 제방여유고 부족으로 인한 통수단면적 미확보 (0.03~2.77m 여유고 부족)
- 위천(지방하천) 제방보다 제내지 지대가 낮고, 홍수시 위천(지방하천)수위 증가로 자연배수가 되지 않아 내수배제에 의한 피해, 농암천(소하천)의 하천단면부족으로 범람에 의한 침수피해 발생",,0,,,1,안전관리과,10.0,49.0,001,20.0,,,,,군위군,013,안전관리과,0,,,,2024/09/23 10:39:34.000000000,,2,1,,
3611039021,,,지방2급하천,0.0,3611000000,,02,,550000.0,20060320,소정면 시설주사보,250.0,76.0,Y,0.0,하천,295,하천폭(45m) 및 제방고(2~3m)부족,20060320,20130107,국토교통부,곡교지구,0.0,361102013001,0.0,7,미개수 하천으로 집중호우 발생시 재해위험 상존,,0,,삽교천,4,치수방재과장,10.0,50.0,001,30.0,,,20170330,정비사업 완료,세종시,013,치수방재과 시설주사보,0,,,2006,2017/04/13 14:46:21.000000000,하천정비기본계획,3,,005,소정면 소정2리이장
3611037021,,침수위험,지방2급하천,,3611037000,,,,,,전의면 시설7급,250.0,,,,지방하천,1,미개수 하천으로 재해위험 상존,20060320,,국토교통부,북암지구,,361102013005,,,침수위험,,0, [지점번호:다바73185481],,4,연기군 과장,5.0,50.0,001,,,,20121022,정비공사 완료,재난방재과,013,재난방재과 시설6급,, ,,,2013/06/13 11:43:18.000000000,,3,,005,읍내3리장
3611031021,,침수위험,지방2급하천,,3611031000,,,,,,,,,,,하천,1,미개수하천 침수위험,19991025,,국토교통부,연기천,,361102013006,,3,미개수하천 침수위험,,0, [지점번호:다바80353898],금강,4,,,,001,,,,20010312,정비완료,,013,,, ,,,2013/06/04 16:50:11.000000000,,1,,005,
5113033024,,내수재해,지방2급하천,0.0,5113033000,,00,,20173.0,20151102,안전총괄과(시설7급,263.0,22.0,N,0.0,삼산천,21,집중호우시 마을진입도로 침수,20130322,,행정안전부,원대지구,0.0,421302013004,0.0,19,하천을 횡단하는 마을진입도로가 잡수교(보 언체활용)로 여름철 집중호우시 상습적으로 침수,,0,강원도 원주시 지정면 장지길  74    ,기타,4,지방행정사무관,1.0,38.0,004,9.0,,,20181221,정비사업 완료에 따른 재해위험요인 해소,안전총괄과,013,지방시설주사,0,,20130322,2015,2018/12/17 17:35:21.000000000,,1,3,001,
4715025021,,,기타,,4715000000,,01,4715025021103990004002961     ,155055.0,20181129,안전재난과,246.0,291.0,N,,인리지구,399,"집중호우시 하천의 월류 및 내수배제불량으로 도로, 농경지 및 저지대 주택구역 침수로 인한 인명·재산피해 우려
",20181129,,,아포 인리지구,,471502018009,,2,하천의 월류 및 내수배제불량,,0,,낙동강,2,시설6,10.0,,001,173.0,,,,,김천시청,050,시설7,0,,20181129,2017,2024/09/20 16:23:16.000000000,,1,4,,
4776034035,,,지방2급하천,0.0,4776000000,,02,,30000.0,20151109,수비면 시설9 ,0.0,0.0,N,0.0,제방,77,"집중호우시 강우로 인한 제방유실,주택침수,농경지침수 등",20060301,20140307,,계리,0.0,477602006004,0.0,2,"현 축제고가 낮고 일부구간은 제방이 없으며, 하천폭이 협소하고, 세월교로 통행을하며 집중호우시 하천범람 및 제방유실",,0, [지점번호:마바49486339],낙동강,4,건설안전과장,0.0,0.0,001,0.0,,,,,건설안전과,013,지방시설주사,0,,,,2024/06/28 10:01:02.000000000,,3,,,수비계1리 리장
4776034031,,,지방2급하천,0.0,4776034000,,02,,580000.0,20101119,안전재난건설과,0.0,0.0,N,0.0,제방,295,호우시 주택 및 농경지 침수위험,20101119,20140307,행정안전부,발리,0.0,477602011011,0.0,19,호우시 하천범람에 따른 침수,,0, [지점번호:마바51666431],기타,4,지방시설사무관,0.0,0.0,001,0.0,,,,,영양군,013,지방시설주사보,0,,,2010,2018/12/13 14:31:09.000000000,,2,,001,발리1리 리장
4776034034,,,지방2급하천,0.0,4776034000,,02,,50000.0,20100402,안전재난과,0.0,0.0,N,0.0,제방,74,호우시 주택 및 농경지 침수위험,20101119,20140307,행정안전부,오기,0.0,477602011012,0.0,2,호우시 하천범람에 따른 침수,,0, [지점번호:마바52556351],낙동강,4,지방시설사무관,0.0,0.0,001,0.0,,,,,영양군,013,지방시설주사보,0,,,2010,2018/12/13 14:30:58.000000000,,3,,001,오기1리 리장
4776035035,,,지방2급하천,0.0,4776035000,,02,,370000.0,20101119,석보면 시설8,0.0,105.0,N,0.0,제방,684,호우시 주택 및 농경지 침수위험,20101119,20140307,행정안전부,옥계,0.0,477602011013,0.0,2,호우시 하천범람에 따른 침수,,0, [지점번호:마바45424199],낙동강,4,건설안전과장,0.0,0.0,001,42.0,,,,,영양군,013,지방시설주사,0,,,2010,2021/10/27 16:32:52.000000000,,3,0,001,옥계2리 리장
4822010700,,산사태,지방관리,0.0,4822055000,,02,,1000.0,20151102,"중앙동, 행정7급",0.0,0.0,N,0.0,태평,528,호우시 비탈면 붕괴로 주택피해우려,20060303,20160928,,태평,0.0,482202013013,0.0,-1,집중호우시 비탈면 붕괴로 주택피해우려,,0,,,4,안전총괄과 과장,0.0,0.0,002,0.0,,,20101221,정비사업 완료로 재해위험 요인 해소,통영시청,010,안전총괄과 시설8급,0,,,,2022/04/27 13:51:27.000000000,,1,1,,13통장
4825010400,,,기타,,4825000000,,02,,204724.0,,안전도시과 시설7급,160.0,996.0,,,봉황지구,74,도로인근 및 주변 상가건물 침수,20180323,,,봉황지구,,482502018005,,2,내수배제불량 (관거부족 및 하류부 배제불량),,0,,낙동강,4,안전도시과 시설6급,1.0,90.0,001,382.0,,,20221104,자연재해위험개선지구 정비공사 완료,하수과,050,안전도시과 시설9급,0,,,,2023/04/28 10:29:54.000000000,,2,18,,
5214032022,,,기타,,5214000000,,02,4514032022107040004000002     ,275000.0,20230403,건설과 시설7급,,66.0,Y,,연화천지구,704,"연화천 적정 하폭 및 소요 제방고 부족, 설계기준 미달 교량에 따른 월류와 하류 역수문 미설치에 따른 역류로 인한 침수 발생",20230403,20070517,,연화천지구,,451402023023,,-1,"연화천 적정 하폭 및 소요 제방고 부족, 설계기준 미달 교량에 따른 월류와 하류 역수문 미설치에 따른 역류로 인한 침수 발생",,0,,,1,건설과 시설5급,,,001,35.0,,,,,익산시청,050,건설과 시설7급,0,,20210802,2023,2024/04/23 10:28:18.000000000,익산시 소하천정비종합계획,2,4,,
5272039025,,,기타,,5272000000,,02,,251000.0,,안전재난과 시설7급 양태석,,63.0,Y,,하초소하천,491,소하천 제방 여유고 부족에 따른 월류 및 낙차공 하부 세굴에 따른 제방파이핑 현상 발생,20231213,20160930,,월평,,527202024029,,3,침수위험,,0,,금강,1,안전재난과 시설6급 김학재,,,001,34.0,,,,,진안군,050,안전재난과 시설7급 양태석,0,,20180206,,2024/04/15 16:35:32.000000000,진안군 소하천 정비 종합계획,2,0,,
5273025025,,,지방2급하천,,5273000000,,,,143734.0,20230925,환경과 지방시설 7급,,1040.0,Y,1.63,산의 자연재해위험개선지구,952,하천범람 등에 따른 가옥/농경지 침수 ,20230925,,,산의,,527302024011,,3,"마을인근 산의천 통수단면 부족 및 소하천 합류부 병목현상으로 월류 피해 위험
교량과 제방 접속부 균열에 따른 급류부 제방 유실 위험
산의천 수위상승으로 인한 제내지 내수침수 위험
소하천 상류부 토사유출에 의한 하도내 퇴적 위험
하천기본계획에 따른 하천정비 미실시로 위험요인 상존
하천기본계획(2006.12. 무주군) 수립 후 약 16년이 경과하여 하천기본계획 재수립을 통한 하천정비 필요",,0,,금강,1,환경과 지방시설 6급,,,001,499.0,,,,,전북 무주군,013,환경과 지방시설 7급,0,,20061215,2023,2024/04/29 14:19:34.000000000,산의천 하천기본계획,2,,,굴천마을 이장
4689025021,,,국립,,4689000000,,,4689025021108220258008904     ,105190.0,20240425,전라남도 해운항만과,,2400.0,Y,,완도군 1부두지구,822,태풍 해일에 의한 해수 범람과 지반 동공 화로 인한 해수 용출로 지속적인 침수 발생,20240425,,,1부두 자연재해위험개선지구,,468902024022,,4,태풍 해일에 의한 해수 범람,,0,,영산강,1,완도군청 건설과 시설6급,,,006,600.0,,,,,전라남도 해운항만과,006,완도군청 건설과 시설8급,0,,20231222,2024,2024/05/09 08:41:06.000000000,제4차 항만기본계획변경고시,1,257,,
5172035223,,,농어촌도로,,5172000000,,,,9000.0,,재난안전과 시설8급,,,,,도로사면,89,도로사면 붕괴위험,,,,홍천103호선,,517202024027,,-1,급경사지 붕괴위험,,1,,,3,재난안전과장,,,002,,,,,,홍천군,051,재난안전과 시설8급,0,,,,2024/10/29 15:00:17.000000000,,3,0,,
4311131028,,,,,4311000000,,,,67566.0,,낭성면 시설7급,302.0,,,,지산천,422,"재해발생시 토석류 유입으로 인한 하천의 외수범람 및 내수배제 불량으로 경작지, 건축물 및 기반시설의 침수피해가 발생",20230428,,,지산지구,,431102023029,,3,"- 지구내 시설물의 능력검토결과 방재성능규모 미충족
- 배수시설물의 통수단면 부족으로 내수에 의한 침수피해 발생
- 통수단면 부족으로 인한 제방 월류",,0,,금강,1,하천과 시설6급,1.0,,001,,,,,,하천과,-1,하천과 시설7급,0,,,,2024/09/23 14:47:14.000000000,,2,,,이장
4775031525,,,기타,,4775000000,,,,42187.0,20230607,건설새마을과,,26.0,,,신동 재해위험개선지구,1131,"신동천은 제방 여유고 및 하폭이 부족하고, 교량등 하천시설물이 노후됨",20230607,,,신동(신동천),,477502023022,,2,"- 하폭 및 제방고 부족으로 월류 위험
- 교량 노후화 및 여유고 부족등에 의한 수위상승으로 범람위험",,0,,낙동강,1,,,,001,14.0,,,,,,050,건설새마을과,0,,,2023,2023/08/25 16:48:44.000000000,,2,,,
5123025327,,,전체,,5123000000,,,,23500.0,,,,,,,월천교,600,"교량 노후와로 인한 붕괴위험 교량에 대한 재해위험 개선 필요, 상습침수지역 내수침수 해소로 인한 재산 및 인명피해 사전예방",20230405,,,월천,,512302024017,,15,"경간장 기준 미달로 홍수시 유송잡물에 의한 통수저하, 교량 노후화로 인한 유실위험 상존",,0,,삼척오십천,1,,,,003,,,,,,,-1,,0,,,,2024/03/30 18:59:21.000000000,,1,10,,
5277038026,,,지방2급하천,,5277000000,,02,4577038026002030001000102     ,80060.0,20240401,안전재난과 시설6급,,59.0,,1.01,오수천,203,집중호우 시 국가하천 섬진강과 지방하천 오수천 합류부의 홍수위 상승으로 저지대(평남마을 및 농경지) 침수피해 발생,20240318,,,평남,,527702024030,,5,섬진강 및 오수천 수위상승에 따른  침수,,0,,섬진강,1,안전재난과 시설5급,,,001,32.0,,,,,순창군,013,안전재난과 시설6급,0,,,2024,2024/09/30 09:45:39.000000000,,2,1,,
4729025327,,,,,4729000000,,00,,402000.0,20211007,진량읍사무소 시설7,,,Y,,상습침수지구,224,상습침수지구,20211007,,,부기2지구,,472902022024,,2,하천수위 상승에 따른 농경지 등 침수,,0,,낙동강,1,안전총괄과장,,,001,,,,,,안전총괄과,-1,안전총괄과 시설6,0,,20240911,2021,2024/09/27 11:15:12.000000000,경산시 자연재해저감 종합계획,2,,,양기1리장
4313041021,,,지방2급하천,,4313000000,,,,318200.0,20220527, 충주시 안전총괄과 시설7급,150.0,225.0,,,송강천,1869,"산척면 소재지 내 도로구간 우수관거, 지방 및 소하천 통수단면 부족에 따른 농경지, 주택 침수 발생에 따라 종합적인 정비를 통해 항구적인 방재 안전대책 수립 필요",20220527,,,산척,,431302022016,,14,"소하천(월현천, 쥐실천, 골양천) 및 지방하천 송강천은 지방하천 영덕천의 지류 하천으로 집중호우 시 하상퇴적으로 인한 여유고 부족, 통수단면 및 구조물(교량, 보 및 낙차공) 시설능력 부족으로 도로 및 농경지 침수피해 발생",,0,,영덕오십천,1,안전총괄과장,,,001,120.0,,,,,충주시,013, 충주시 안전총괄과 시설7급,0,,,2022,2023/04/30 08:37:52.000000000,,2,0,,
4886025028,,,지방2급하천,,4886000000,,00,,83857.0,,시설6급 김진경,277.0,38.0,Y,,정곡지구,513,지방하천 하폭 및 제방고 부족으로 하천월류로 인한 농경지 침수로 인명·재산피해,20230327,,,정곡지구,,488602023024,,2,남강(국가하천)의 상류 좌안에 위치한 도시계획도로 지역으로 도시계획도로의 설치높이가 남강의 계획홍수위 보다 낮아 집중호우시 하천수 월류에 따른 도시계획도로의 침수발생,,0,,낙동강,1,시설6급 김진경,1.0,45.0,001,15.0,,,,,산청군청,013,시설6급 김진경,0,,,,2024/04/11 13:21:11.000000000,정곡천 하천기본계획,3,,,
5279032026,,,지방2급하천,,5279000000,,02,,1035362.0,,복구지원팀장,,,,,주진천,26,집중호우시 주진천 수위상승으로 내수배제가 불량하여 주거지 및 농경지의 상습적인 침수피해가 발생하였고 향후 침수피해 예상되는 지역임,20230510,,,대동지구,,457902023022,,-1,집중호우시 주진천 수위상승으로 내수배제가 불량하여 주거지 및 농경지의 상습적인 침수피해가 발생,,0,,,1,안전총괄과장,,,001,,,,,,고창군청,013,복구지원팀 시설7급,0,,,,2024/04/15 20:30:07.000000000,,2,7,,동촌이장
4423040021,,,,,4423000000,,02,4423040021103490003016235     ,561237.0,,,,,,,왕암 자연재해위험개선지구,349,"왕암천의 통수능력부족(하폭부족, 제방고 부족, 시설물 기준미달)으로 집중호우시 하천범람(월류) 및 제방유실등이 발생하여 지속적인 피해 발생",20240319,,,왕암지구,,442302024011,,3,"왕암천의 통수능력부족(하폭부족, 제방고 부족, 시설물 기준미달)으로 집중호우시 하천범람(월류) 및 제방유실등이 발생하여 지속적인 피해 발생",,0,,금강,1,,,,001,,,,,,,-1,,0,,,,2024/04/11 14:57:47.000000000,,2,3,,
4793038022,,,리도,,4793000000,,00,4793038022102500027019519     ,54680.0,20220331,안전재난과 시설7급,,23.0,Y,,리도203호선,250,"월파발생으로 도로 및 시설물 파손, 주택 및 상가 침수피해 발생",20220331,,,삼율지구,,479302022023,,-1,"태풍으로 인한 폭풍해일, 조위상승 등으로 월파피해",,0,,,1,안전재난과 시설7급,,,006,9.0,,,,,,046,안전재난과 시설7급,0,,20220331,2022,2022/04/12 17:50:35.000000000,,2,27,,
4874025321,,,지방2급하천,,4874000000,,,,500000.0,,남지읍사무소 지방시설주사,,,,,계성천,1,취약방재,20010423,,,남지지구,,487402022032,,2,취약방재  제방정비 L=5km,,0,,낙동강,4,안전치수과 재난대응팀장,,,003,,,,20151007,사업완료,안전치수과,013,안전치수과 재난대응팀 주무관,0,,,2001,2022/04/28 09:43:52.000000000,,1,,,이장
4165037025,,,기타,,4165000000,,02,4165037025110460015051080     ,692600.0,,포천시 건설하천과 시설7,187.0,126.0,N,2.59,사직지구,1046,"외수위 상승으로 인한 내수배제 불량
지방하천 및 소하천 하폭 및 제방고 부족으로 인한 수위상승으로 인명 및 재산피해 위험",20220531,,,사직지구,,416502022010,,1,"외수위 상승으로 인한 내수배제 불량
지방하천 및 소하천 하폭 및 제방고 부족으로 인한 수위상승으로 인명 및 재산피해 위험",,0,,한강,3,포천시 건설하천과 하천시설팀장,2.0,44.0,001,46.0,,,,,포천시,050,포천시 건설하천과 시설7,0,,,,2024/09/12 11:33:04.000000000,,2,15,,사직4리 이장
4721010400,,,기타,,4721000000,,,4721010400106880005012278     ,376878.0,,안전재난과 시설7급,,,,,도시계획시설,688,"- 우수관로 통수능력 부족으로 집중호우 시, 내부배제 불량으로 인한 침수피해 우려",20230412,,,가흥1지구,,472102023015,,-1,- 우수관로 통수능력 부족 및 내부배제 불량,,0,,,1,안전재난과 행정5급,1.0,,001,,,,,,,050,안전재난과 시설6급,0,,,2023,2023/04/14 17:15:18.000000000,,1,5,,
5115011500,5.0,,시도,,5115000000,,02,4215011500102870065028340     ,130082.0,20220830,재난안전과장,,33.0,Y,2.0,안목지구,287,우수관로의 통수능 부족 및 남대천 수위상승에 따른 내수배제 불량으로 상습적인 침수 위험 ,20220830,,,안목,,421502021030,,16,하천 수위 상승에 따른 내수 배제 불량,,0,,강릉남대천,2,지방시설주사,,,001,16.0,0.0,10.0,,,,003,지방시설주사보,0,,20211227,2022,2024/04/22 08:48:19.000000000,안목 자연재해위험개선지구 타당성 조사 및 기본계획,1,65,,
2626010200,,,전체,,2626000000,,00,2626010200104250051019175     ,81142.0,,,,,Y,1.27,서원 및 안락 자연재해위험개선지구,425,- 온천천 외수위 상승에 의한 내수배제 불량으로 상습침수 발생,20220525,,,안락·서원지구,,262602022002,,-1,"- 온천천 수위상승시 배수불량으로 저지대 침수 발생
- 지형적 저지대 지역으로 집중호우시 침수발생
- 서원시장, 온천천카페거리 내 유동인구, 상가 밀집지역으로 인명피해 및 재산피해 우려",,0,서원시장 일원,,1,,6.0,,001,,,,,,동래구청,-1,지방시설주사보,0,서원시장 일원,20220525,2022,2024/12/04 10:27:28.000000000,"안락 1,2 자연재해위험개선지구 타당성조사 및 기본계획수립",2,51,,
1154510300,,,기타,,1154500000,,,1154510300109800000016461     ,27200.0,,,,,,,석수역,980,상습침수,19990719,,,시흥지구,,115452022001,,-1,상습침수,,0,,,4,,,,001,,,,20060321,박미빗물펌프장 신설,금천구청 치수과,050,시설7급,0,,,,2022/11/22 09:57:28.000000000,,2,0,,
5219012100,,,지방2급하천,,5219000000,,,,99100.0,20220923,,,,,,주촌천,807,하천 월류 및 우수관로 통수단면 부족,20220923,,,주촌지구,,451902022037,,-1,주변 주거지 및 농경지 등 침수위험,,0,,,1,안전재난과 시설6급,30.0,119.0,001,,,,,,남원시,013,안전재난과 시설9급,0,,,2022,2024/04/22 14:39:03.000000000,,2,86,,
4721031024,,,지방관리,,4721000000,,,,140910.0,,안전재난과 시설7급,,,,,장수골천,200,"- 이계천, 장수골천은 하천 통수능 부족 및 하천시설물 노후화로 하천재해 피해가 발생할 우려가 높음",20230412,,,이계지구,,472102023014,,2,- 하천 통수능 부족 및 하천시설물 노후화,,0,,낙동강,1,안전재난과 행정5급,1.0,,001,,,,,,,010,안전재난과 시설6급,0,,,2023,2024/12/17 20:06:27.000000000,,2,1,,
2644010200,,,,,2644000000,,,,371544.0,,,154.0,,,,대저2 작지지구,5130,"하천변 저지대에 위치하여 외수위 상승시 내수배제 불량 등에 따른 저지대 주택, 농지 등 침수피해 발생",20240529,,,작지지구,,264402024014,,019,"- 태풍 내습 시 배수영향으로 맥도강 수위 상승 및 집중호우로 인한 침수피해 발생
- 맥도강 배수위영향으로 인한 간선수로 수위 상승
- 도로 및 마을진입로 월류침수피해 발생, 저지대 농경지 내수침수피해 발생",,0,,기타,1,,2.0,,001,,,,,,,-1,,0,,,,2024/12/04 10:25:27.000000000,,2,,,
5279035023,,,기타,,5279000000,,02,,1100000.0,,상하면장,,,N,,저수지,660,상습가뭄지구,20180912,,,용정지구,,457902021019,,19,평야부 수원공 유역이 작아 용수확보가 어렵고 해안가 간척지로 가뭄 발생 시 관정 염분농도가 높아 상습적으로 가뭄과 염해 피해 발생,,0,,기타,3,건설도시과,,,007,,,,,,고창군,050,건설도시과,0,,,,2022/10/13 13:59:37.000000000,,1,,,
5271025623,,,기타,,5271000000,,02,,29716.0,20210322,재난안전과 시설7급,164.0,28.0,N,,구만지구,910,만경강과 소양천 합류지점으로 집중호우시 수위상승에 따른 내수배제 불량 및 배수시설의 통수능 부족,20210322,20120927,,구만지구,,457102022043,,9,내수배제 불량 및 배수시설의 통수능 부족으로 저지대 가옥 및 농경지등의 상습적인 침수피해가 발생하여 인명 및 재산 피해 우려가 큼,,0,,만경강,2,재난안전과장,1.0,30.0,001,18.0,,,,,완주군청,050,재난안전과 시설7급,0,,,2021,2024/04/22 17:57:25.000000000,,2,0,,이장
4831039026,,,지방관리,,4831000000,,02,4831039026104020011056683     ,41891.0,,시민안전과 시설 7급,178.0,100.0,N,1.0,장서천,402,침수,20220607,,,장서지구,,483102021032,20000.0,019,하천 월류,,0,,기타,1,시민안전과 시설 6급,2021.0,,001,42.0,,,,,거제시청 시민안전과,010,시민안전과 시설 7급,0,,,,2024/09/19 10:22:28.000000000,,2,11,,
4421039029,,,지방1급하천,,4421000000,,02,,233842.0,,건설과 지방시설사무관,,,,,홍천천 자연재해위험개선지구,950,자연재해로 인한 침수예방 및 하천시설 노후화로 인한 지구 지정,20220421,20231110,,홍천지구,,442102022009,,19,침수위험지구,,0,,기타,3,건설과 지방시설주사,,,001,,,,,,,012,건설과 지방시설주사보,0,,,2022,2024/09/20 11:50:26.000000000,,3,,,
4420038025,,,지방2급하천,,4420000000,,02,,340195.0,20230329,안전총괄과,202.0,41.0,,1.62,밀두천,535,"밀두천 미정비로 하폭 및 제방고 부족으로 집중호우시 광범위한 피해 우려
(인명보호23세대41명, 농작물보호67.14ha, 시가지 및 농경지 70.34ha)",20230329,20161215,,밀두지구,,442002023016,2101650.0,19,"2020.8.3. 집중호우시 제방유실, 농경지 및 주거지 침수 A=10.6ha",,0,,기타,1,안전총괄과 지방시설주사,5.0,44.0,001,23.0,,,,,생태하천과,013,안전총괄과 지방시설주사보,0,,,2023,2024/04/09 17:54:27.000000000,,2,,,
4180038025,,,국가관리,,4180000000,,02,4180038025100130003012734     ,567128.0,,방재안전8급 주문수,,66.0,Y,,배수펌프장,12,"임진강 수위 상승시 홍수의 자연배제가 곤란하며, 지형적으로 저지대 주거 밀집지에 유수가 집중되어 침수피해",20230110,20181218,,장남지구,,418002023013,,18,"임진강 수위 상승시 홍수의 자연배제가 곤란하며, 지형적으로 저지대 주거 밀집지에 유수가 집중되어 침수피해",,0,,임진강,1,안전총괄과 시설6급,,,001,33.0,,,,,,009,안전총괄과 방재안전8급,0,,20230110,2023,2024/04/16 10:53:05.000000000,,1,4,,
4872036022,,,지방1급하천,,4872000000,,02,,41447.0,,안전관리과 시설7급,,98.0,Y,0.81,죽전천,506,"죽전천, 대밭골소하천, 오동소하천 3개 하천 합류 후 병목현상 발생으로 월류 및 내수배제 불량",20230531,20061229,,죽전지구,,487202024027,27228.0,2,"죽전천, 대밭골소하천, 오동소하천 3개 하천 합류 후 병목현상 발생으로 월류 및 내수배제 불량",,0,,낙동강,1,안전관리과 시설6급,,,001,49.0,,,,,의령군(안전관리과),012,안전관리과 시설7급,0,,20050101,2023,2024/04/15 11:18:50.000000000,죽전천하천기본계획,2,3,,
5177034023,5.0,,,0.0,5177000000,,02,,1400.0,20211220,북평면사무소 시설8급,,84.0,Y,15.0,배수펌프장,1270,침수위험 해소를 위한 배수펌프장 설치,20221231,20070417,,남평지구,0.0,427702021020,7046.0,1,침수위험 해소를 위한 배수펌프장 설치,,0,,한강,1,건설과 과장,,,001,28.0,0.0,9.0,,,건설과,-1,건설과 시설9급,0,,,2021,2021/12/30 13:47:27.000000000,,1,5,,남평1리장
2729011000,5.0,,국도,,2729000000,,00,,305832.0,20230330,달서구청 지방시설서기,,489.0,Y,7.19,고래천지구,709," 고래천지구 주변 형성본류인 대명천(지방하천) 외수위 상승시 고래천지구 유역 발생 유출수의 배제불량에 따른 공장 및 상가, 주거지 등 도심지역 침수피해 발생 빈번",20230501,,,고래천지구,,272902023003,,2," - 태풍 및 홍수, 호우 등 강우 발생시 금회 과업대상 지구인 고래천지구 본류인 대명천의 외수위 상승(고래천은 대명천의 No.37+39 지점 좌안으로 합류) 
 - 대명천 배수위 (Back Water) 현상에 의한 고래천 유역내 발생 유출수 자연배제 불가 및 대명천 유출수의 역류발생",,0,,낙동강,1,달서구청 지방시설주사,,,001,,0.0,10.0,,,,001,달서구청 지방시설서기,0,일원,20180330,2023,2023/05/02 15:00:28.000000000,하수도정비 기본계획,2,,,
2726012500,,,국가하천,,2726000000,,,2726012500100090000000001     ,36.0,,도시관리본부 시설안전관리부 하천관리과 시설9급,,,,,팔현빗물펌프장,6,배수펌프장 1식,19960704,,,팔현지구,,272602023003,,19,침수지구,,0,,기타,4,,,,001,,,,20051227,정비완료,도시관리본부 시설안전관리부 하천관리과 ,011,,0,,,2005,2023/04/28 17:55:04.000000000,,3,1,,
4872040022,,,지방2급하천,,4872000000,,,,30000.0,20200203,안전관리과 시설7급,,77.0,Y,,신반천,948,제방유실,20131115,,,서암2지구,,487202021021,,2,제방유실,,0,,낙동강,3,안전관리과장,,,003,53.0,,,,,의령군,013,안전관리과 시설7급,0,,20051117,2020,2024/09/27 14:14:06.000000000,신반천하천기본계획,1,0,,이장
4782036038,,,지방2급하천,,4782000000,,02,,296576.0,20230324,안전총괄과 지방시설주사보,,12.0,Y,,동곡천,397,기존호안시설 노후화 제방고 부족에 의한 피해,20230331,20200702,,동곡지구,,478202023018,,2,침수위험,,0,,낙동강,1,안전총괄과 과장,,,001,6.0,,,,,,013,안전총괄과 지방시설주사보,0,,20141030,2023,2024/09/23 17:24:19.000000000,밀양강상류권역하천기본계획,2,35,,
3114010700,,,지방관리,0.0,3114000000,,02,,406568.0,20231102,울산 남구 건설과 김동수,130.0,2665.0,Y,,여천 자연재해위험개선지구,1268,침수위험에 따른 인명 및 재산보호,20231025,20140711,,여천 자연재해위험개선지구,0.0,311402023005,,11,"여천천은 하상경사가 완만하여 느린 유속으로 인해 우수지체현상이 발생하
며, 하천횡단 교량이 많아 교각부 영향으로 수위가 쉽게 상승
이에 따라 제방고가 부족한 구간은 낮은 강도의 강우에도 쉽게 범람이 발생
하여 인근 도로 및 주거지 침수가 발생
여천배수장 또한 유수지에서 배수펌프장으로의 유입이 원활하지 않아 상시
유수지 우수 존재하며, 이로 인해 태화강역 인근 우수관로 상시 만관상태이므
로 인근지역 침수가 빈번히 발생
또한 달동, 삼산동의 주거 밀집도가 높고 차량 이동량이 매우 많은 것으로
확인됨에 따라 피해 발생시 막대한 인명피해 및 재산피해가 예상됨",,0,,태화강,1,울산 남구 건설과,3.0,50.0,001,885.0,,,20261231,사업 완료 예정 시기(2026. 12.),울산 남구청,010,울산 남구 건설과,0,여천천 일원,20120503,2023,2024/09/23 09:39:37.000000000,여천천 하천기본계획,2,4,,
4729025022,,,국가하천,0.0,4729000000,,00,,295556.0,20240517,하양읍행정복지센터,80.0,26.0,Y,9.2,상습침수지구,155,침수위험,20240517,,,동서지구,0.0,472902024028,5.0,2,금호강 수위 상승으로인한 내부배제 불량으로 침수피해,,0,,낙동강,1,안전촹괄과 행정5,3.0,25.0,001,20.0,,,,,경산시청 안전총괄과,011,안전총괄과 시설6,0,,20240911,2024,2024/09/27 11:08:20.000000000,경산시 자연재해저감 종합계획,2,7,,동서3리 이장
4680034039,,,지방1급하천,,4680000000,,,,502584.0,,지방시설6급,,,,,보성강,532,하천시설물 능력부족으로 교량 상판고가 계획홍수위보다 낮아(2m부족) 하천범람이 발생하여 인근 공장 및 농경지에 침수피해가 발생   ,20200805,,,노선지구,,468002022032,,19,하천시설물 능력부족으로 교량 상판고가 계획홍수위보다 낮아(2m부족) 하천범람이 발생하여 인근 공장 및 농경지에 침수피해가 발생   ,,0,,기타,2,지방시설6급,,,001,,,,20231231,,재난안전과,012,지방시설8급,0,전라남도 장흥군 장평면 광평리 532-9,,2021,2024/09/24 23:07:06.000000000,,2,9,,
5115025022,,,기타,0.0,5115000000,,02,,293500.0,20230321,지방방재안전주사보,200.0,1300.0,,1.36,교항1-4지구,1252,우수관거 통수부족에 따른 내수배제 불량,20230321,,,교항1-4,0.0,511502023033,,-1,우수관거 통수부족에 따른 내수배제 불량,,0,,,1,지방시설주사,1.0,34.0,001,520.0,,,,,,050,지방방재안전주사보,0,,,2023,2024/04/19 09:06:17.000000000,,1,18,,
3611037030,,,지방2급하천,,3611000000,,,,100000.0,,,,,,,조천2,513,"1997년 6월과 2004년 7월 집중호우로 인한 제방유실, 농경지 침수 및 유실매몰로 침수위험지구로 지정",20060320,,,조천2,,361102024014,,3,"홍수량 및 홍수위 검토, 홍수위 및 하폭 검토",,0,,금강,4,,,,001,,,,20170330,위험요인해소,,013,,0,,,2006,2024/04/23 09:43:46.000000000,,3,102,,
4833025323,5.0,,사유림,,4833000000,,02,,38000.0,20220427,산림과 녹지7급,215.0,360.0,N,3.0,산사태,1040,"- 임야(계곡부)에서 유입되는 우수가 기존 관로의 용량부족으로 인해 집중호우시 범람하여 인근 공동주택(아파트)으로 유입되어 잦은 피해발생으로 인명피해 예방
",20220427,,,가촌6,,483302021022,,-1,"- 임야(계곡부)에서 유입되는 우수가 기존 관로의 용량부족으로 인해 집중호우시 범람하여 인근 공동주택(아파트)으로 유입되어 잦은 피해발생
    - 우수 월류로 인한 공동주택 옹벽의 상부사면 토사유실 발생
    - 기존 석축상단 지반활동 및 석축 균열 발생",,0,,,1,산림과 녹지6급,4.0,,002,90.0,0.0,6.0,,,산림과,016,산림과 녹지7급,0,,,2022,2024/09/25 19:23:24.000000000,,1,2,,동일숲속이장
4374025035,,,지방2급하천,,4374000000,,,,83500.0,,시설6급,,42.0,,,주곡1지구,1028,주곡천 통수단면 및 제방고 여유고 부족에 따른 하천범람으로 하천변 주거지 및 농경지 침수피해 가능성 높음,20200106,,,주곡1지구,,437402022030,,3,소요하폭 및 제방 여유고 부족으로 하천 범람 피해 발생,,0,,금강,1,시설6급,,,001,14.0,,,,,영동군청 안전관리과,013,시설6급,0,,,,2024/04/18 14:20:36.000000000,영동군자연재해저감종합계획,1,,,
5275038026,,,지방1급하천,,5275000000,,02,4575038026104450000116117     ,880722.0,20230314,안전관리과 과장,259.0,250.0,Y,,관촌지구(도장천),445,통수단면 부족 및 배수불량으로인한 저지대 침수 발생,20230314,20080311,,관촌지구,,457502023026,,5,통수단면 부족 및 배수불량으로인한 저지대 침수 발생,,0,,섬진강,2,안전관리과 팀장,10.0,48.0,001,132.0,,,,,임실군,012,안전관리과 팀원,0,,20150327,2023,2024/04/09 17:17:15.000000000,지방하천기본계획,1,0,,이장
4776033042,,,지방1급하천,,4776000000,,,,80000.0,20210723,건설안전과,,,,,제방,610,"교량 여유고 부족 등에 의한 통수능력 저하와 소하천 합류부 유수방해로 인한 제방유실 및 침수피해 우려
",20210723,20140314,,가곡,,477602024021,,-1,교량 여유고 부족 등에 의한 통수능력 저하와 소하천 합류부 유수방해로 인한 제방유실 및 침수피해 우려,,0,,,2,건설안전과 재난방재팀장,,,001,,,,,,건설안전과,012,건설안전과 재난방재팀,0,,20210723,2021,2024/04/10 18:21:52.000000000,,2,1,,
4682038034,,,지방2급하천,,4682000000,,02,,190600.0,20230412,안전교통과 지방시설주사보,,98.0,Y,1.11,"해월천, 신평천, 황죽2 소하천",589,하천제방 월류 방지 및 침수예방을 위한 지구 지정,20230412,,,해월,,468202024018,,-1,하천 미정비 및 노후된 하천시설물로 인하여 주변 농경지 및 주거지의 상습 침수 피해가 발생함,,0,,,1,안전교통과장,,,001,39.0,,,,,안전교통과,013,안전교통과 지방시설주사보,0,,20230412,,2024/05/02 21:04:19.000000000,,1,3,,
4682033023,,,지방2급하천,,4682000000,,02,,993535.0,20220905,안전교통과 지방시설주사보,,51.0,Y,1.24,고현천,1202,하천제방 월류 방지 및 침수 예방을 위한 지구 지정,20220905,,,고현,,468202022014,,-1,하천 미정비 및 노후된 하천시설물로 인하여 주변 농경지 및 주거지의 상습 침수 피해가 발생함,,0,,,1,안전교통과장,,,001,30.0,,,,,안전교통과,013,안전교통과 지방시설주사보,0,,20220905,,2022/12/18 03:46:13.000000000,,2,25,,
4888031021,,,지방2급하천,,4888000000,,02,4888031021107140046040285     ,209306.0,,안전총괄과 시설7급,,50.0,Y,1.24,계수천(미기들천),714,"하천 수위 상승에 따른 내수배제가 불량하고, 하폭 및 제방고 부족으로 인한 제내지 농경지 및 주거지 침수피해 발생",20240206,,,미기들지구,,488802024010,14.0,2,"하천 수위 상승에 따른 내수배제가 불량하고, 하폭 및 제방고 부족으로 인한 제내지 농경지 및 주거지 침수피해 발생",,0,,낙동강,1,안전총괄과 시설6급 ,,,001,25.0,,,,,,013,안전총괄과 시설7급 ,0,,,2024,2025/02/06 14:00:05.000000000,자연재해위험개선지구(미기들지구)타당성조사,2,51,,마을이장
4180031023,,,국가하천,,4180000000,,02,,146200.0,,안전총괄과 방재안전8급,,12.0,Y,,배수펌프장,529,집중호우 시 임진강의 수위 상승 및 관거 통수능 부족으로 농경지 및 주거지 저지대에서 내수배제 불량 발생에 따른 침수 피해 발생,20240319,,,삼거리지구,,418002024017,121068.0,18,집중호우 시 임진강의 수위 상승 및 관거 통수능 부족으로 농경지 및 주거지 저지대에서 내수배제 불량 발생에 따른 침수 피해 발생,,0,,임진강,1,안전총괄과 시설6급,,,001,5.0,,,,,연천군 안전총괄과,011,안전총괄과 방재안전8급,0,,,,2024/04/16 10:59:27.000000000,,1,2,,
5182025324,,,지방1급하천,,5182000000,,,4282025324100950001005264     ,3060.0,,,,,,,자산천,94,침수,,,,송정,,518202024026,,-1,침수,,0,,,1,,,,001,,,,,,,012,,0,,,,2024/10/25 09:38:03.000000000,,2,2,,
4872025025,,,지방1급하천,,4872000000,,02,,643239.0,20230531,안전관리과 시설7급,,206.0,Y,1.72,의령천,96,집중호우시 의령천 수위 상승에 따른 내수배제 불량으로 내수침수 발생,20230531,20061229,,정암지구,,487202024026,514650.0,2,집중호우시 의령천 수위 상승에 따른 내수배제 불량으로 내수침수 발생,,0,,낙동강,1,안전관리과 시설6급,,,001,115.0,,,,,의령군(안전관리과),012,안전관리과 시설7급,0,,20150101,2023,2024/09/30 15:46:05.000000000,의령천하천기본계획,2,,,
5115034028,,,지방관리,,5115000000,,,,36221.0,20240326,지방시설주사보,,,,,분수골천(소하천),354,우수관거 통수능 부족에 따른 내수배제 불량 및 분수골천 제방 월류,,,,분소골,,511502024035,,019,"통수능 부족, 소하천 월류",,0,,기타,2,,,,001,,,,,,강릉시 건설과,010,,0,,,2024,2024/10/25 16:49:26.000000000,분소골지구 자연재해위험개선지구 기본계획,1,7,,
4721025022,,,지방관리,,4721000000,,,,83036.0,,하천과 시설7급,,,,,금계천,25,- 하천 통수단면 부족 및 시설물 능력부족으로 인한 홍수위 상승으로 상습 침수,20230412,,,금계지구,,472102023017,,2,- 하천 통수단면 부족 및 시설물 능력부족으로 인한 홍수위 상승,,0,,낙동강,1,하천과 시설5급,1.0,,001,,,,,,,010,하천과 시설6급,0,,,2023,2023/04/18 10:10:59.000000000,,2,2,,
4373038021,,,지방지정,,4373000000,,02,4373038021103620021017823     ,207421.0,20220530,옥천군 안전건설과 시설6급,,60.0,Y,4.14,이백천,362,"이백천(소하천) 수위상승에 따른 제방월류 및 내수배제 불량, 관로 통수능력 부족에 따른 침수피해 가중",20220530,20060821,,이백,,437302022021,,3,"- 이백천(소하천) 및 지류소하천 미개수로 인한 하도 통수능 부족
- 우수관로 통수능 부족 및 소하천 외수위로 인한 내수배제 불량
- 시가지 및 농경지 상습침수 피해발생(2년주기)
- 재해위험요소 해소로 군민의 안전 확보 및 재산보호",,0,,금강,1,옥천군 안전건설과 시설6급,,,001,26.0,,,,,옥천군,034,옥천군 안전건설과 시설6급,0,,20210930,2022,2023/04/20 14:35:55.000000000,옥천군 소하천정비종합계획,2,21,,이백리장
4311210600,,,지방1급하천,,4311000000,,,,790657.0,,서원구 건설과 시설7급,290.0,,,,미평천,655,"2017년 7월 집중호우시 지방하천 범람 및 내수배제 불량으로 재산피해가 크게 발생하였으며, 우기 시 상습침수 발생으로 대책 시급",20230428,,,미평지구,,431102023027,,3,"하천 통수능 부족이 확인되었으나 미정비 되었고, 영향범위내 아파트 등 주거밀집지가 위치하고 있어 정비사업이 필요함",,0,,금강,1,하천과 시설6급,3.0,,001,,,,,,하천과,012,하천과 시설7급,0,,,,2024/09/23 14:49:36.000000000,,1,,,자율방재단
4686033022,,,군천,,4686000000,,02,,93148.0,20240329,시설7급,,200.0,Y,2.63,고막 자연재해위험개선지구,108,집중호우시 높은 외수위로 인하여 저지대 내수배제 불량과 고막천(소하천)의 홍수소통 불량으로 주거지 및 농경지 침수피해 발생,20240325,,,고막지구,1.0,468602024020,692393.0,4,침수피해,,0,,영산강,1,시설6급,,,001,95.0,,,,,함평군,042,시설7급,0,,,2024,2024/04/01 12:09:27.000000000,소하천,1,1,,
4825025028,,,지방2급하천,,4825000000,,02,4825025028100040001045273     ,20940.0,,하천과 시설8,,30.0,N,2.0,하천,4,화포천 수위상승 시 도로침수 ,20220908,,,본산지구,,482502021009,,2,화포천 수위상승 시 도로침수 ,,0,,낙동강,3,하천과 시설6,,,001,10.0,,,,,김해시청,013,하천과 시설8,0,,,2020,2024/09/24 16:49:24.000000000,,2,1,,
4793038023,,,리도,,4793000000,,00,4793038023102260002019410     ,41462.0,20220331,안전재난과 시설7급,,52.0,,,리도203호선,226,"월파발생으로 도로 및 시설물 파손, 주택 및 상가 침수 피해 발생",20220331,,,금음지구,,479302022022,,-1,"폭풍해일, 조위상승 등으로 월파피해",,0,,,1,안전재난과 시설7급,,,006,21.0,,,,,울진군청,046,안전재난과 시설7급,0,,20220331,2022,2022/04/12 17:15:27.000000000,,2,2,,
5275036021,,,지방2급하천,,5275000000,,,,102780.0,20230314,안전관리과 과장,234.0,,Y,,수천지구(쇠동천),1100,통수단면 부족 및 배수불량으로인한 저지대 침수 발생,20230314,,,수천지구,,457502023025,,5,통수단면 부족 및 배수불량으로인한 저지대 침수 발생,,0,,섬진강,1,안전관리과 팀장,9.0,45.0,001,,,,,,임실군청,013,안전관리과 팀원,0,,20190201,2023,2023/03/17 17:13:17.000000000,소하천기본계획,2,,,이장
4376036047,,,,,4376000000,,,,146900.0,,안전정책과 시설7,431.0,44.0,,,학골지구,145,하천범람,20220429,,,학골지구,,437602023031,,1,하천재해,,0,,한강,1,안전정책과장,3.0,,001,25.0,,,,,,-1,안전정책과 시설7,0,,,,2024/11/18 17:49:06.000000000,,2,4,,
4128510400,,,지방2급하천,,4128510400,,02,,416012.0,,고양시 재난대응담당관 시설7급,,150.0,Y,1.0,장항배수펌프장,660,"집중호우시 지방하천(한류천)을 배수하나, 기존 대화배수펌프장 용량 부족에 따른 수위 상승으로 인접 주거지(멱절마을) 및 농경지 침수피해 발생 ",20230519,20061212,,대화배수(장항)펌프장지구,,412852023001,224153.0,1,"- 배수펌프장 용량 및 유수지 용량 부족으로 인한 하천수위 상승에 따른 하천변 저지대 거주지 및 농경지 침수 상존
- 기존 대화배수펌프장의 경우 능력이 부족하고 노후화로 인한 효율 저하로 지속적인 관리가 필요하며 침수위험 지구내 별도의 강제배제 시설 필요 ",,0,,한강,1,고양시 재난대응담당관 시설5급,5.0,,001,40.0,,,,,고양시 재난대응과,013,고양시 재난대응담당관 시설7급,0,,20230615,2023,2024/04/03 10:05:52.000000000,고양시 소하천정비종합계획 수립,2,41,,
5180031522,,,지방2급하천,2.0,5180000000,,02,,837842.0,20240301,양구군 건설과 지방시설서기보,,189.0,Y,3.53,"하천 및 교량, 소규모시설 등",1106,제방고 및 교량저면이 계획홍수위보다 낮아 집중호우시 침수로 인한 재산 및 인명피해 우려,20240319,20101001,,서천1지구,,518002024020,,1,"외수 및 내수침수, 토사유출 등 복합재해",,0,,한강,1,양구군 건설과 방재시설팀장,,,001,53.0,,,,,양구군 건설과 방재시설팀장,013,양구군 건설과 지방시설서기보,0,,20110101,2024,2024/09/24 17:41:45.000000000,하천기본계획,1,,,가오작리 이장
5172034028,,,지방관리,0.0,5172000000,,02,4272034028113000000032344     ,1872680.0,20230406,재난안전과 시설8급,376.0,52.0,Y,2.05,하천,1300,집중호우시 하천범람,20230406,20121108,,서석209호선 1지구,0.0,517202024024,2486.0,1,"내촌천(지방)의 하폭 및 제방고 부족, 교량의 여유고 및 경간장 부족으로 홍수시 제방월류에 의한 농경지, 주거지 침수피해",,0,,한강,1,재난안전과장,50.0,53.0,003,26.0,,,,,홍천군,010,재난안전과 시설8급,0,,20220601,2023,2024/05/16 14:28:53.000000000,,2,0,,
4723031034,,,지방1급하천,,4723000000,,,4723031034101400000062955     ,180582.0,20230329,안전재난하천과 시설6급,,70.0,Y,,청통천,796,"집중호우 및 태풍발생시 협소한 하천폭 및 교량구간, 저지대 하천통수 능력부족으로 주거지 및 농경지에 빈번한 침수발생",20230329,,,청통지구,,472302023017,,2,하천 통수 단면 부족 및 하천 인근 다수의 주민 거주,,0,,낙동강,1,안전재난하천과 시설5급,,,001,35.0,,,,,안전재난하천과,012,안전재난하천과 시설6급,0,,,2023,2024/04/09 14:55:36.000000000,하천기본계획,2,20,,
4721025023,,,지방관리,,4721000000,,,,74789.0,,하천과 시설7급,,,,,산법천,809,- 하천 통수단면 부족 및 시설물 능력부족으로 인한 홍수위 상승으로 상습 침수,20230412,,,산법지구,,472102023018,,19,- 하천 통수단면 부족 및 시설물 능력부족으로 인한 홍수위 상승,,0,,기타,1,하천과 시설5급,1.0,,001,,,,,,,010,하천과 시설6급,0,,,,2023/04/18 10:09:35.000000000,,2,24,,
4792035023,,,지방1급하천,,4792000000,,02,,356511.0,,안전건설과/시설6급,,58.0,Y,,감전,252,"지방하천 낙동강 수위상승시 제내지 도로 및 농경지의 월류침수, 주거지의 고립 발생",20230417,,,감전지구,,479202023025,,2,"- 제방고 부족에 따른 제내지 도로 및 농경지 월류침수 위험이 상존
- 교량 시설상태(노후시설물) 및 시설능력(경간장, 형하여유고 부족 등) 부족으로 주거지역 고립위험 발생 우려",,0,,낙동강,1,안전건설과/6급,,,003,36.0,,,,,봉화군청,012,안전건설과/6급,0,,20230417,2023,2023/05/09 17:13:47.000000000,봉화군 자연재해저감 종합계획,2,0,,
4680025334,,,지방1급하천,,4680000000,,,,1535032.0,,지방시설6급,,,,,고읍천,1021,"하폭 및 제방여유고 미확보로 호우시 통수단면적이 부족, 
 고읍천 하천기본계획(1992)에 따른 정비공사 미실시로 현 제방고는 계획홍수위 보다 하천범람에 의한 침수피해 발생",20220818,,,고읍지구,,468002023033,,-1,"고읍지구는 하류에 주거지 입지, 중상류에는 농경지가 위치하여 집중호우 시 범람 및 침수피해가 발생",,0,,,2,지방시설6급,,,001,,,,,,재난안전과,012,지방시설8급,0,,,2023,2024/09/24 23:06:51.000000000,,2,10,,
4376033027,,,지방관리,,4376000000,,,,621500.0,,시설7급,,,,,"쌍천, 유상, 요동소하천",393,침수위험지구,20220722,,,유하지구,,437602024033,,-1,침수위험지구,,0,,,1,,,,001,,,,,,,010,안전정책과장,0,,,,2024/04/09 13:51:57.000000000,,2,1,,
5182025321,,,기타,,5182000000,,,4282025321103370001019050     ,100.0,,,,,,,동해,337,도시침수,,,,거진,,518202024025,,-1,도시침수,,0,우체국,,1,,,,001,,,,,,,050,,0,우체국,,,2024/10/25 09:34:53.000000000,,1,1,,
4885041027,5.0,,지방2급하천,,4885000000,,,,3511000.0,,,,260.0,,2.0,병천,11,침수위험,20220315,,,병천,,488502021026,10200.0,19,침수위험,,0,,기타,1,시설6급,,,001,65.0,0.0,10.0,,,,013,시설8급,0,,,,2021/12/24 14:49:16.000000000,,1,,,
3011011300,,,지방1급하천,,3011000000,,,,809593.0,,대전광역시청 생태하천과 ,116.0,,,,대동천,300,"대동천 및 제내지 우수관거 통수단면 부족으로 주거지, 상업지 및 학교 침수피해 발생",20220217,,,대동천,,301102022002,,3,"통수단면 부족에 의한 주거지, 상업지 및 학교 침수 위험",,0,,금강,1,대전광역시 동구청 안전총괄과 행정6급,1.0,,001,,,,,,,012,대전광역시 동구청 안전총괄과 시설8급,0,,,,2022/02/17 16:59:55.000000000,,1,1,,
4822010200,,,전체,,4822000000,,,,129510.0,,지방시설서기,,,,,명정충렬,302,해수위 고조 및 집중호우 발생 시 도로 및 시가지 침수위험 발생 우려,20230525,,,명정충렬,,482202023018,,-1,해수위 고조 및 집중호우 발생 시 도로 및 시가지 침수위험 발생 우려,,0,,,1,,,,001,,,,,,,-1,,0,,,,2023/07/03 11:19:01.000000000,,2,,,
4728033030,,,지방2급하천,,4728000000,,,,387030.0,,,,,,,가도천,156,"지방하천(가도천) 하폭 및 제방의 여유고가 부족하여, 외수위 상승시 내수배제 불량에 의한 반복적인 주거지 및 농경지 침수가 발생하여 침수예방을 위한 지구 지정",20230421,,,막곡지구,,472802023032,,2,"- 하천 하폭이 협소하고, 여유고 및 제방고 부족
    ?수위상승 시 제방 월류로 인한 침수피해 위험, 여유고 및 제방고 최대 1.15m (No. 1+274) 부족
  - 기존 교량의 설계기준 미달로 수위상승이 가중되어 주택(인명) 및 농경지 피해 우려
  - 배수구조물 통수단면 부족 및 노후화로 인한 주택(인명) 및 농경지 피해 우려
  - 계획홍수위 대비 재내지 지반고가 낮아 내수침수 발생으로 주택(인명) 및 농경지 피해 우려
  - 막곡리 94번지 일원 사면 붕괴로 인한 주택 및 인명 피해 우려",,0,,낙동강,1,안전재난과 행정5,,,001,,,,,,,013,안전재난과 시설9,0,,,,2023/05/03 10:03:03.000000000,,1,3,,
4480025021,,,기타,,4480000000,,,,691800.0,,안전관리과 시설7,138.0,1616.0,N,,하천정비,366,홍성천 통수단면 부족으로 인한 홍수위 상승 시 우수관거 역류 및 통수단면 부족으로 내수침수 발생 위험,20230330,,,홍성천,,448002024008,,19,집중호우 시 우수의 흐름에 의한 토사유실로 주거지 및 상가 건물의 인명 및 재산피해 위험,,0,,기타,1,안전관리과 시설6,1.0,,001,782.0,,,,,홍성군청,050,안전관리과 시설7,0,,,2023,2024/09/13 08:59:45.000000000,,1,4,,마을이장
5218044025,,,,0.0,5218000000,,02,,24456.0,20240214,시설8급,,,Y,1.56,상두천,1258,상두천의 통수능 부족에 의한 수위 상승으로 저지대에 위치한 주거지 및 농경지 침수 발생이 우려되는 지역임,20240214,,,상두1지구,0.0,521802024014,3.0,-1,"상두천 통수능 부족으로 인한 수위 상승
저지대에 위치한 주거지 및 농경지 침수 발생",,0,,,1,시설6급,5.0,58.0,001,,,,,,정읍시청,-1,시설8급,0,,,2024,2024/02/19 20:20:52.000000000,,2,1,,
5277036033,,,기타,,5277000000,,00,,14213.0,20201223,안전재난과 시설6급,,,,,만석소하천,281,소하천 범람에 따른 농경지 및 주택 침수로 인명 및 재산피해 발생 예방,20201223,,,쌍치,,457702021026,,5,소하천 범람,,0,,섬진강,1,안전재난과 시설5급,,,001,,,,,,순창군,050,안전재난과 시설6급,0,,,2020,2024/09/30 10:10:19.000000000,,2,,,
5273033021,,,지방2급하천,,5273000000,,02,,175880.0,20220111,환경과 시설7급,173.0,582.0,Y,2.04,마산 자연재해위험개선지구,758,하천범람 등에 따른 가옥/농경지 침수,20220111,20180903,,마산,,457302021009,,3,하천범람,,0,,금강,1,환경과 시설6급 ,5.0,51.0,001,321.0,,,,,무주군,013,환경과 시설7급,0,,,2022,2024/04/26 19:48:07.000000000,소퇴천 하천기본계획,2,3,,마산마을 이장
4793038022,,,지방1급하천,,4793000000,,,4793038022103980000000001     ,118809.0,20220714,안전재난과 시설7급,,92.0,,,후포(풍수해생활권),398,"태풍, 국지성 집중호우로 제방 및 구조물(교량) 등의 유실피해",20220714,,,후포(풍수해생활권),,479302022025,,19,"- 하천시설(제방 및 호안, 교량 등) 유실 및 월류에 의한 농경지 침수피해 발생 우려
    - 해일과 월파에 의한 인근 주택, 어항, 도로, 주거지 침수 및 방파제 호안 붕괴피해 발생 우려
    - 주거지 밀집지역 배후 급경사지 붕괴피해 발생 우려
    - 산사태 발생에 따른 토석류 유출 우려",,0,,기타,1,안전재난과 시설6급,,,001,40.0,,,,,울진군청,012,안전재난과 시설7급,0,,,2022,2024/09/23 10:02:19.000000000,,1,0,,
4684025331,,,,,4684000000,,02,,162872.0,,,,,,,사교소하천,1534,침수위험지구,20220314,,,사교,,468402023011,,-1,침수,,0,,,2,안전총괄과 시설6급,,,001,,,,,,무안군청,-1,안전총괄과 시설8급,0,,20220314,2022,2023/09/24 10:38:58.000000000,,1,7,,
4180031021,,,국가하천,,4180000000,,02,,182515.0,,안전총괄과 방재안전8급,,380.0,Y,,"배수펌프장, 유입관로 등",668,집중호우 시 국가하천 임진강의 수위 상승 및 관거 통수능 부족으로 내수배제 불량에 따른 농경지 및 주거지 침수 피해 발생하고 있어 정비사업 필요,20240319,,,진상리2지구,,418002024015,121068.0,18,집중호우 시 국가하천 임진강의 수위 상승 및 관거 통수능 부족으로 농경지 및 주거지 저지대에서 내수배제 불량 발생에 따른 침수 피해 발생,,0,,임진강,1,안전총괄과 시설6급,,,001,102.0,,,,,연천군 안전총괄과,011,안전총괄과 방재안전8급,0,,,2024,2024/04/16 10:58:24.000000000,,1,1,,
5180032022,,,지방2급하천,,5180000000,,,,1334100.0,20240301,건설과 지방시설주사보,,320.0,Y,3.04,하천 및 교량,1031,제방고 및 교량저면이 계획홍수위보다 낮아 집중호우시 침수로 인한 재산 및 인명피해 우려,20240328,20110101,,서천2지구,,518002024021,,1,침수로 재산 및 인명피해우려,,0,,한강,1,건설과 방재시설팀장,,,001,165.0,,,,,양구군 건설과 방재시설팀,013,건설과 지방시설주사보,0,,20110101,2024,2024/09/24 17:41:06.000000000,하천기본계획,1,,,후곡리이장
4874034031,,,국가하천,,4874000000,,,,400000.0,,"이방면사무소, 지방행정7급",,,,,낙동강,109,제방보강L=300m,20010423,,,송곡지구,,487402022035,,2,제방보강L=300m,,0,,낙동강,4,안전치수과 재난대응팀장,,,003,,,,20151007,사업완료,,011,안전치수과 재난대응팀 주무관,0,,,,2022/04/28 10:06:46.000000000,,1,4,,송곡이장님
4884032021,,,소규모어항,,4884000000,,02,4884032021114670002026879     ,59684.0,,재난안전과 지방시설서기,,,Y,,"두모항, 두모천",1467,태풍내습시 해일로 인하여 두모천(지방)이 범람하고 월류가 발생하여 배후지 저지대 침수 및 공공시설물 파손,20230525,,,두모,,488402023025,,5,태풍내습시 해일로 인하여 두모천(지방)이 범람하고 월류가 발생하여 배후지 저지대 침수 및 공공시설물 파손,,0,,섬진강,1,,,,006,,,,,,남해군,036,재난안전과 지방시설주사보,0,,,2023,2023/05/25 20:25:30.000000000,"하천정비기본계획, 연안정비기본계획",2,25,,
4673031023,,,,,4673000000,,,4673031023100420001005420     ,34680.0,,,,,,,금정,42,섬진강 하천범람 및 재내지 배수불량에 따른 침수피해,20230331,,,금정,,467302024006,,5,섬진강 하천범람 및 재내지 배수불량에 따른 침수피해,,0,,섬진강,1,,,,001,,,,,,,-1,,0,,,,2024/04/03 15:39:58.000000000,,2,1,,
4150037022,,,,,4150000000,,02,,32200.0,,,,,,,장능지구,523,하폭협소 및 노후제방으로 인한 유실위험을 개선하고자 함,20060228,20070104,,장능지구,,415002024007,,19,하천 범람 및 제방 유실 위험,,0,,기타,4,,,,005,,,,20120323,정비완료,,-1,,0,,,,2024/05/02 18:01:04.000000000,,2,3,,
5181033021,,,기타,,5181000000,,,,800700.0,,지방시설8급,,1579.0,Y,2.05,덕다리 지구,770,"?방태천, 내린천 합류부 저지대에위치한 제내지가 홍수위 상승시내수배제 불량으로 침수위험
?지방도418호선 및 민가주변에위치한 급경사지 사면재해 위험",20240314,,,덕다리,,518102024026,,19,시가지 침수 우려 등,,0,,기타,1,지방시설6급,,,001,722.0,,,,,,050,지방시설8급,0,,,,2024/06/21 10:15:15.000000000,,1,2,,자율방재단장
4885025024,,,지방관리,,4885000000,,02,,41938.0,20210923,,,,Y,,상하저구,389,마을이 무제부 홍수관리구역인 저지대 지역으로 홍수시 침수피해 위험 높음,20210923,,,상하저구,,488502021022,,5,침수위험,,0,,섬진강,1,시설6급,,,001,,,,,,안전총괄과,010,시설7급,0,,20210923,2021,2023/04/27 16:05:48.000000000,,1,5,,
4885025028,3.0,,지방2급하천,,4885000000,,,,21300.0,,,,320.0,,3.0,두곡,1599,침수위험,20220315,,,두곡,,488502021024,2550.0,5,침수위험,,0,,섬진강,1,시설6급,,,001,60.0,0.0,6.0,,,,013,시설7급,0,,,,2024/04/13 14:20:05.000000000,,1,,,
5273033024,,,지방2급하천,,5273000000,,,,227317.0,20220421,환경과 지방시설 7급,,217.0,Y,1.36,삼유 자연재해위험개선지구,1792,하천범람 등에 따른 가옥/농경지 침수,20220421,,,삼유,,457302022010,,3,"지방하천 삼유천 및 구거의 통수능력 부족으로 제방 월류 및 침수피해 위험
급류발생으로 노후 시설물(제방, 호안, 보, 교량 등)의 유실피해 위험
제방 및 사면유실에 의해 발생한 토사가 삼유천 하류부에 퇴적되어 월류 및 침수피해 가중",,0,,금강,1,환경과 지방시설 6급,5.0,46.0,001,116.0,,,,,전북 무주군,013,환경과 지방시설 7급,0,,20081205,2022,2024/04/26 19:47:17.000000000,삼유천 하천기본계획,2,0,,하유마을 이장
5279038033,,,기타,,5279000000,,,,1908900.0,,고창군 시설7급,,,,,저수지 외,249,농업용수 공급량 부족으로 매년 농작물 피해발생,20230424,,,대산 회룡지구,,457902023021,,-1,저수지 및 하천 취입보 용수 부족으로 농업용수 공급량 부족,,0,,,1,고창군 건설도시과 과장,,,007,,,,,,고창군,050,고창군 건설도시과 시설7급,0,,,,2023/04/24 09:03:07.000000000,,2,1,,용두리장
3611032025,5.0,,지방관리,,3611000000,,02,,616923.0,20230420,자연재난과,,55.0,Y,,하천,121,"노송지구는 주택 및 농경지 밀집지역으로 과거 집중호우시 침수 피해 이력이 존재하며, 재해발생시 건축물(주택, 상가, 공공건축물)의 피해가 발생할 우려가 큰 지구임.",20230420,20130107,,노송,,361102023013,,3," - 세종시 연동면 노송리에 위치한 노송지구는 하폭이 협소하고, 시설이 노후하여 집중호우시 지속적인 피해가 발생하고, 본류하천인 미호천(국가하천)의 배수영향으로 피해가 가증되고 있음
 - 노송지구는 2020년 8월 3일 집중호우시 노송천의 통수능부족(하폭부족, 제방고부족, 시설물 기준미달)로 인하여 하천범람(월류) 및 제방유실 등이 발생하여 침수피해 발생
 - 집중호우시 인근 주거지 침수에 따른 인명 및 재산피해가 지속적으로 우려됨",,0,,금강,1,자연재난과장,4.0,129.0,001,25.0,0.0,10.0,,,,010,자연재난과,0,,20211124,2023,2023/04/24 16:08:03.000000000,자연재해저감종합계획,2,2,,
5272039022,,,,,5272000000,,02,4572039022110330011020709     ,105800.0,20230101,안전재난과 9급,250.0,48.0,Y,15.0,갈거소하천,1033,소하천 통수단면 부족에 따른 월류 및 산지부 토석류 유입에 따른 우수관로 막힘으로 주거지 및 농경지 침수피해 발생,20230101,20160930,,갈거,,457202023027,4.0,5,월류로 인한 인명 및 재산 피해 우려,,0,무거마을,섬진강,1,안전재난과 6급,3.0,90.0,001,18.0,,,20261231,,진안군,-1,안전재난과 9급,0,무거마을,20230531,2023,2024/04/15 16:20:28.000000000,진안군 자연재해저감종합계획,2,10,,이장단체
4831032028,,,,,4831000000,,,,27877.0,20230701,시민안전과 시설 7급,,,,,학동지구,700,고파랑에 의한 상가 및 주거지 등 사유시설 피해 발생,20230701,,,학동지구,,483102023035,,-1,몽돌을 포함한 강한 파도에 따른 시설물 파손 및 침수,,0,,,1,시민안전과 시설 6급,,,006,,,,,,거제시 시민안전과,-1,시민안전과 시설7급 ,0,,,2023,2024/09/20 15:09:37.000000000,,1,,,
4150033028,,,기타,0.0,4150000000,,02,,402173.0,,안전총괄과 / 방재안전7급,,84.0,,1.27,주미지구,100, - 저지대 농경지로 복하천 및 원두천 수위상승 시 기존 배수펌프장 용량 부족으로 농경지내 침수발생 및 상주인력 인명보호 및 원예작물 시설보호 필요,20230501,20070104,,주미지구,0.0,415002024006,226773.0,19,호우로 복하천과 원두천의 외수위 상승시 침수 발생 가능성이 매우 높은 지역임,,0,,기타,1,안전총괄과장,,,001,24.0,,,,,안전총괄과,050,안전총괄과 / 방재안전7급,0,,,,2024/05/02 18:49:41.000000000,,1,1,,주미리 이장
5279035026,,,지방2급하천,,5279000000,,,,261654.0,20220802,상하면장,,,,,자룡천 외,936,집중호우 및 내수배제 불량으로 인명 및 재산피해 ,20220802,,,상하지구,,457902022020,,19,집중호우 및 내수배제 불량으로 하천범람 및 하수도 배수 불량으로인해 인명 및 재산 피해,,0,,기타,1,안전총괄과장,,,001,,,,,,안전총괄과,013,복구지원팀,0,,,2022,2024/04/15 21:43:01.000000000,,2,4,,명동마을이장
4873025325,,,지방2급하천,,4873000000,,00,,155417.0,20230125,안전총괄과 이서정,,139.0,N,,광려천,1423,"부곡지구는 통로박스 및 통수단면이 부족하여 거주지 침수가 발생하고 있음.
최근 집중호우로 인해 매년 마을회관 인근 주거지가 침수되어 정비가 필요한 지역임.",20230125,,,부곡지구,,487302023018,,2,월류로 인한 침수,,0,,낙동강,1,하천시설담당 김시훈,,,001,73.0,,,,,안전총괄과,013,안전총괄과 이서정,0,,20230125,2023,2024/04/11 15:17:59.000000000,,2,74,,
2772035021,,,지방2급하천,,2772000000,,,4772035032105940007032302     ,83974.0,,안전관리과,150.0,70.0,,,시가지,594,"가지로서 전통시장이 위치하고 있어 주거밀집 지역에 해당되며, 주거밀집 지역내 거주하는 인구는 지역특성상 65세이상 독거노인 등의 안전취약인구가 대부분을 차지하고 있음",20230410,,,의흥1지구,,477202023022,,-1,"    - 내수 배제불량에 따른 저지대 침수피해 발생
    - 예상되는 저지대 침수피해지역은 의흥면시가지로서 의흥전통시장이 위치하고 있으며, 대부분 주거밀집 지역에 해당됨
    - 주거밀집 지역내 거주하는 인구는 지역특성상 65세이상 독거노인 등의 안전취약인구가 대부분을 차지하고 있음",,0,,,1,안전관리과,3.0,70.0,001,20.0,,,,,군위군,013,안전관리과,0,,,,2024/09/23 10:38:57.000000000,,1,7,,
4873031021,,,소교량,,4873000000,,,,379315.0,20240401,,,,,,봉성 세월교,557,대상지구는 집중호우시 지방하천 함안천에 위치한 세월교(잠수교) 통수단면 폐색으로 홍수위 상승을 유발하고 제방고가 계획홍수위 아래 위치하여 제방 월류의 우려가 있는 지역임.,,,,고지골,,487302024019,,2,대상지구는 집중호우시 지방하천 함안천에 위치한 세월교(잠수교) 통수단면 폐색으로 홍수위 상승을 유발하고 제방고가 계획홍수위 아래 위치하여 제방 월류의 우려가 있는 지역임.,,0,,낙동강,1,,,,001,,,,,,,048,,0,,,2024,2024/12/18 10:15:21.000000000,,2,0,,
4687034027,,침수위험,지방1급하천,,4687000000,,,4687034027110060000017394     ,1500.0,,안전관리과장 시설6급,,,,,마읍천(지방하천),227,"홍수위 제방고 부족 및 배수갑문 사이즈 부족으로 유수흐름 지장, 
집중호우 시 불갑천 수위 상승으로 마읍천 흐름 지체",20141202,,,매산지구,,468702021028,,19,홍수위 제방고 부족 및 배수갑문 노후화 및 사이즈 부족,,0,,기타,1,안전관리과장 행정5급,,,001,,,,,,영광군청,012,안전관리과장 시설7급,0,,,,2023/05/09 17:50:39.000000000,,2,5,,마을이장
5275039021,,,지방2급하천,,5275000000,,02,4575039021103240004107204     ,110857.0,20220920,안전관리과  과장,248.0,74.0,Y,,신기지구(동중천),324,하천범람 등에 따른 가옥/농경지 침수,20220920,20080311,,신기지구,,457502021023,,5,하천범람 등에 따른 가옥/농경지 침수,,0,,섬진강,2,시설6급,3.0,46.0,001,40.0,,,,,안전관리과,013,시설6급,0,,20190125,2022,2024/04/08 22:16:03.000000000,소하천정비종합계획,2,4,,마을이장
4719036023,,,지방2급하천,,4719000000,,02,,669750.0,20240124,안전재난과 시설7급,170.0,154.0,Y,,"금산천(지방하천), 사부천(소하천), 관골천(소하천)",700,"금산천, 사부천, 관골천 통수단면 및 제방고, 다수 교량 단면부족으로 주거 및 농경지 유실 및 침수 위험",20240124,20180516,,장천지구,,471902024011,,2,"금산천, 사부천, 관골천 통수단면 및 제방고, 다수 교량 단면부족으로 주거 및 농경지 유실 및 침수 위험",,0,,낙동강,1,안전재난과 시설6급,6.0,31.0,001,77.0,,,,,,013,안전재난과 시설7급,0,,20180423,2024,2024/01/24 10:49:18.000000000,하천기본계획,1,,,
5181033022,,,지방1급하천,,5181000000,,,,10000.0,,안전교통과 지방시설서기,,,,,내린천,1396,고립위험,20150403,,,서리,,518102024030,,-1,고립위험,,0,,,1,안전교통과 지방시설주사,,,004,,,,,,안전교통과,012,안전교통과 지방시설서기,0,,,2018,2024/10/29 10:04:10.000000000,,1,,,
5177025021,,,,,5177000000,,02,4277025021100350021034710     ,47662.0,20231229,정선읍 시설7급,,2738.0,Y,2.1,역전지구,35,집중호우 시 우수관거 통수능 부족과 역전펌프장 용량부족으로 외수위 상승 시 내수배제불량으로 정선읍 시가지 침수발생으로 인명피해가 우려되어 침수위험지구로 지정,20230428,,,역전지구,,427702023024,84255.0,-1,"역전지구는 정선군 자연재해저감종합계획 상 내수침수 위험지구로 지정되어 있으며, 집중호우 시 산지유역 및 시가지 유역에서 발생한 우수가 집중되어 우수관거 통수능이 부족하고, 역전펌프장의 용량부족으로 한강 외수위 상승 시 내수배제가 불량하여 침수피해 발생",,0,,,1,건설과장,,,001,249.0,,,,,,-1,건설과 시설 7급,0,,20230102,2023,2024/04/08 16:04:54.000000000,역전 자연재해위험개선지구 타당성 조사 및 기본계획,1,11,,
4884037024,,,지방관리,,4884000000,,02,,207592.0,,재난안전과 지방시설주사보,,,Y,,"오곡소하천, 관당소하천",761,하천 제방고가 낮아 월류 피해 발생 위험 높음,20230525,,,오곡,,488402023024,,5,"통수단면부족, 하천시설물 능력 부족",,0,,섬진강,1,,,,001,,,,,,남해군,010,재난안전과 지방시설주사보,0,,,2023,2023/05/25 20:21:34.000000000,소하천정비기본계획,2,4,,
4413325021,,,지방2급하천,,4413000000,,02,,58661.0,20230425,안전총괄과 시설7급,182.0,78.0,Y,7.0,성환천,488,"주변지대보다 저지대이며, 성환천 수위상승 시 배수가 원활하지 않아 내수침수피해 발생",20210909,20210909,,성환장천,,441302021024,122111.0,6,하천 수위상승에 따른 내수침수 발생,,0,,안성천,2,안전총괄과 행정5급,10.0,54.0,001,30.0,,,,,천안시 안전총괄과,013,안전총괄과 시설7급,0,,20230426,2023,2024/02/06 11:28:34.000000000,성환천하천기본계획,2,4,,
4377032031,,,소교량,,4377000000,,02,,54592.0,20220415,건설교통과 시설7급,,20.0,N,,남촌교,139,"마을 연결 교량 훼손 가속화, 대형 차량 통제(18t 이상)에도 정밀안전점검 결과 D등급으로 판명되어 마을 주민 및 유동 인구 위험이 존재함.",20220415,20061204,,조촌 자연재해위험개선지구,,437702022017,,19,남촌교(정밀안전점검 D등급) → 교량 노후화로 자연재난 취약에 따른 인근 주민 고립 예상,,1,,기타,1,건설교통과 시설6급,,,004,13.0,,,,,음성군청,048,건설교통과 시설7급,0,,20220415,2022,2024/09/24 13:47:02.000000000,,2,2,,
4373025022,,,지방지정,,4373000000,,02,4373025022101200000016271     ,42800.0,20210224,옥천군 안전건설과 시설6,,,Y,3.68,교동천,497,교동소하천 수위 상승 시 내수배제 불량 및 관로 통수능력 부족으로 인한 침수피해 우려,20220425,20060821,,교동,,437302022019,,3,"① 교동소하천의 수위 상승 시 내수배제 불량 및 관로 통수능력 부족
② 소하천 미정비로 월류 및 침수피해 위험성 상존
③ 규격 미달 교량으로 인한 외수위 상승으로 침수위험 가중",,0,,금강,1,옥천군 안전건설과 시설6급,,,001,,,,,,옥천군청,034,옥천군 안전건설과 시설6급,0,,20210930,2021,2023/04/20 14:35:25.000000000,옥천군 소하천정비종합계획,2,0,,
4729011400,,,,,4729000000,,00,,419668.0,,안전총괄과 시설9,,,Y,,임당지구,121,집중호우시 수위상승으로 인해 내수배제불량에 따라 하천주변 주거지 및 농경지 침수피해 발생,20220829,,,임당지구,,472902022025,,2,집중호우시 수위상승으로 인해 내수배제불량에 따라 하천주변 주거지 및 농경지 침수피해 발생,,0,,낙동강,1,안전총괄과장,,,001,,,,,,경산시청 안전총괄과,-1,안전총괄과 시설6,0,,20240911,2022,2024/09/27 11:12:56.000000000,경산시 자연재해저감 종합계획,2,4,,임당4통장
5180031534,,,군도,,5180000000,,02,,33910.0,20230404,양구군 건설과 시설6급,,105.0,Y,1.13,군도,1,"집중호우시 도로 및 법면 유실, 폭설 및 결빙으로 인한 고립위험",20230404,20100101,,두무지구,3.0,428002023018,,-1,"집중호우시 도로 및 법면 유실, 폭설 및 결빙으로 인한 고립위험",,1,,,1,양구군 건설과 시설6급,,,004,68.0,,,,,양구군 건설과,004,양구군 건설과 시설9급,0,,20190902,2023,2024/09/24 17:42:29.000000000,양구군 도로건설 관리계획,1,14,,두무리이장
4182025022,,,기타,,4182000000,,02,4182025022100110000002359     ,150055.0,20230329,안전재난과 시설8,342.0,645.0,Y,4.27,가평배수펌프장,11,"2011년, 2013년도 집중호우 등에 의한 주택 및 시가지 침수",20230329,20130722,,가평,,418202023004,,1,"기존 배수펌프장 및 인접 관거 노후화에 따른 침수위험
가평천 수위 상승시 강제 배수시설에 의한 내수 배제",,0,,한강,1,안전재난과 시설5,,115.0,001,258.0,,,,,안전재난과,050,안전재난과 시설8,0,,,2023,2023/08/21 12:50:04.000000000,가평천수계 하천기본계획,2,0,,대곡리1리 이장
5115013800,,내수배제,기타,,5115000000,,,,49394.0,,재난안전과,,,,,진안저동지구,868,"저지대에 상업시설이 밀집되어 있으며, 우수관로의 통수능 부족에 따른 내수배제 불량 및 경포호 수위 상승에 의한 외수 침수로 상습적 침수 위험",20210923,,,진안저동진구,,421502021029,,19,"저지대에 상업시설이 밀집되어 있으며, 우수관로의 통수능 부족에 따른 내수배제 불량 및 경포호 수위 상승에 의한 외수 침수로 상습적 침수 위험",,0,,기타,2,지방시설주사,,,001,,,,,,,050,지방방재안전주사보,0,,20210921,2021,2024/04/09 11:03:54.000000000,,1,9,,
4721025022,,,기타,,4721000000,,,,257495.0,,하천과 시설7급,,,,,도시계획시설,540,- 우수관로 능력부족으로 인한 풍기읍 시가지 내수침수 피해 우려,20230412,,,풍기지구,,472102023019,,-1,- 우수관로 능력부족,,0,,,1,하천과 시설5급,,,001,,,,,,,050,하천과 시설6급,0,,,,2024/04/05 16:01:04.000000000,,1,2,,
4684025026,,,,,4684000000,,,,1658349.0,,,,,,,무안천,1173,하천변 저지대 농경지 내수배제불량에 따른 침수피해 발생,,,,무안지구,,468402025014,,-1,하천 홍수통수능 부족에 따른 외수범람에 의한 피해 발생,,0,,,1,,,,001,,,,,,,-1,,0,,,,2025/01/14 11:11:43.000000000,,1,,,
4721036027,,,지방2급하천,,4721000000,,02,4721036027110460000028627     ,79997.0,,하천과 시설6급,250.0,36.0,Y,1.68,석관지구,1046,"하천 및 교량 통수단면 부족
(석관지구 자연재해위험개선지구 정비사업(2024년 예정))",20220121,20090109,,석관지구,,472102021013,,2,"하폭 협소, 제방고 부족 및 교량 통수단면 부족",,0,,낙동강,1,하천과 시설5급,5.0,,001,18.0,,,,,영주시,013,하천과 시설6급,0,,20140717,2022,2024/04/09 15:16:13.000000000,하천기본계획,2,0,,
4889041028,5.0,,지방2급하천,,4889000000,,02,,396357.0,,안전총괄과 방재담당,,120.0,Y,2.11,아천,585,침수위험지역 정비로 주민의 생명과 재산을 보호하기 위함,20220509,20171130,,양산지구 풍수해생활권 종합정비,,488902021029,100242.0,-1,- 아천 제방이 하천기본계획 보다 낮아 강우 시 인근 주택가 침수,,0,,,1,안전총괄과장,,,001,,0.0,10.0,,,합천군 안전총괄과,013,안전총괄과 시설7급,0,,20190816,,2024/04/08 14:51:40.000000000,황강하류권 하천기본계획 변경,2,0,,대양면 환경개발담당 
4728031025,,,기타,,4728000000,,02,,4424441.0,,영순면 행정 5급,,35.0,,1.0,평지저수지등,992,"외수범람, 농업용수 부족 및 용배수로 불량",20230327,,,평지지구,,472802021029,,19,농업용수 부족 및 용배수로 불량,,0,,기타,1,안전재난과 시설 5급,,,007,10.0,,,,,안전재난과,050,안전재난과 시설 9급,0,,20230327,,2024/04/01 16:14:04.000000000,,2,1,,
4376039021,,,지방2급하천,,4376000000,,,4376039021103080001017786     ,875200.0,,안전정책과 시설8,,,,,보강천,308,하천의 외수범람 및 내수배제 불량으로 농경지 침수,20220722,,,보강지구,,437602023029,,3,하천의 외수범람 및 내수배제 불량으로 농경지 침수,,0,,금강,2,안전정책과장,,,001,,,,,,,013,안전정책과 시설8,0,,,,2024/04/09 13:54:25.000000000,,2,1,,
4418036026,,,기타,,4418000000,,,,5778119.0,20220425,보령시 건설과 시설7,,18.0,,,남포 자연재해위험 개선지구,1365,"내수재해 취약시설로 농업지역 피해 및 갈수기 수량부족, 염도 상승 등으로 가뭄피해 발생",20220923,,,남포지구,,441802023014,,19,상습가뭄,,0,,기타,1,보령시 건설과 시설5,,,007,8.0,,,,,보령시청,050,보령시 건설과 시설7,0,,,2023,2024/04/12 16:49:42.000000000,,2,0,,
5183025037,,,기타,,5183000000,,,,2300.0,,안전교통과 시설5급,,,,,임천지구,34,"풍수해저감종합계획 위험지구 반영 (자연재해위험개선지구 지정x, 교량안전등급 D등급이나 현재 인도교로만 사용하는 교량으로 위험요인 제거)",20180130,,,임천지구,,518302024022,,019,"교량안전등급 D등급 차량통행제한 시설물이 있었으나, 현재 인도교 사용",,0,,기타,1,안전교통과 전기운영6급,,,005,,,,,,,050,안전교통과 시설8급,0,,,,2024/10/25 16:57:20.000000000,,2,2,,임천리마을회
4677033021,,,군천,,4677000000,,,4677033021102790002068786     ,650746.0,20240507,재난안전과 시설7급,,789.0,,,"대흥천, 동촌천",279,"과거 10년동안 5회의 침수가 발생하였고, 기후변화 등에 따라 집중호우 발생빈도가 증가",20240507,,,대흥1,,467702024033,,19,"- 집중호우에 따른 하천제방 유실에 따른 침수 및 내수배제 불량
- 우수관로 통수능 부족으로 인한 주거지 및 도로 침수발생",,0,,기타,1,재난안전과 시설5급,,,001,315.0,,,,,고흥군청,042,재난안전과 시설7급,0,,,2024,2024/11/13 15:27:54.000000000,,1,3,,금산면
3114010400,,,기타,,3114000000,,02,3114010400105170000000001     ,20208.0,,안전총괄과장,,522.0,N,1.0,신정3 배수문,517,상습침수구역으로 인명 및 재산피해가 발생할 가능성이 높음,20211231,20140711,,신정3 자연재해위험개선지구,,311402021004,45600.0,11,"- 강남로 하부 3련 암거에 위치한 스크린(오수유출방지용) 및 신정3배수문펌프 유입부 스크린(퇴적물 유입방지용)으로 인해 스크린과 퇴적물의 높이만큼 수위가 발생해야 유수소통이 가능하나, 해당 수위 도달 시 팔등로 하부관로의 수위는 만관에 임박함
- 우수박스 개선으로 인한 관저고 저하로 인해 팔등로(남부교회 일원) 유역의 우수가 신정3배수문으로 유입되어 기존 펌프 용량 부족",,0,,태화강,1,안전총괄과 복구지원계장,,,001,174.0,,,,,울산광역시 남구,050,안전총괄과 시설7급,0,,,2021,2024/04/12 14:02:36.000000000,,2,0,,
4833032027,4.0,,기타,,4833000000,,02,,15170.0,20220427,시민안전과 시설7급,278.0,45.0,,1.0,주전천,1312,"- 주전천의 하폭 부족 및 제방고 부족으로 인하여, 계획홍수위보다 낮은 저지대에 위치한 주거지와 농경지의 상습적인 침수피해 발생으로 인명피해 예방",20220427,,,서룡,,483302021024,,2,"- 주전천(소하천)의 하폭 부족(최대 29.3m) 및 제방고 부족(최대 6.69m)으로 인하여, 계획홍수위보다 낮은 저지대에 위치한 주거지와 농경지의 상습적인 침수피해 발생
    - 주천천 하류부에 수문이 미설치되어, 본류하천인 낙동강 수위 상승시 침수피해 발생",,0,,낙동강,1,시민안전과 시설6급,2.0,279.0,001,27.0,0.0,6.0,,,하천과,050,시민안전과 시설7급,0,,,2022,2024/09/27 09:14:07.000000000,,1,4,,신주마을이장
4471032033,,,국가하천,,4471000000,,02,,225084.0,,건설교통과 시설6,,152.0,N,1.11,천내지구,34,"금강 본류수위 상승에 의한 시설물(낙안세월교, 낙안길) 침수발생으로 마을 고립피해 발생",20220330,20160601,,천내리,,447102021014,72392.0,3,"금강 본류수위 상승에 의한 시설물(낙안세월교, 낙안길) 침수발생으로 마을 고립피해 발생",,1,,금강,1,건설교통과장,1.0,,004,66.0,,,,,건설교통과,011,건설교통과 시설6,0,,20220330,2022,2024/04/04 09:27:42.000000000,,1,,,
4713025931,,,지방2급하천,,4713000000,,02,4713025931106860010077428     ,1496907.0,20230331,외동읍 건설팀장,365.0,202.0,N,2.85,동천,686,외수범람에 따른 인명피해 예상 및 침수피해발생 우려,20230331,20180731,,동천지구,,471302023024,184303.0,11,통수단면 부족으로 인한 외수범람,,0,,태화강,1,안전정책과 자연재난팀장,3.0,31.0,001,89.0,,,,,경주시청,013,안전정책과 주무관,0,,20191024,2023,2023/04/13 10:27:57.000000000,동천 하천기본계획,1,9,,
4775034046,,,기타,,4775000000,,,4775034046112210000000001     ,159909.0,20230607,건설새마을과,,93.0,,,대거리 재해위험개선지구,1221,"대거리천 및 소거리천은 하천주변 주거지가 밀집된 지역이 많고, 하천폭이 협소하여 집중호우시 월류 위험성이 높은 지역으로, 제방 및 교량이 여유고 및 경간장이 부족한 실정임",20230607,,,대거리(대거리천),,477502023023,,2,"- 하폭 및 제방고 부족으로 월류 위험
- 교량 경간장 및 여유고 부족등에 의한 수위상승으로 범람위험
- 하천시설물 노후로 인한 제방 및 호안유실위험",,0,,낙동강,1,,,,001,50.0,,,,,청송군,050,건설새마을과,0,,,2023,2023/08/25 16:59:40.000000000,,2,0,,
5271040021,,,기타,,5271000000,,02,,41000.0,20230322,재난안전과 시설7급,1285.0,78.0,Y,2.58,구수소하천,927,소하천 인근 주거지에 세월교를 이용한 통행로가 유일하여 우천시 안전사고 발생우려가 있어 이를 개선하고자 함.,20210322,20120927,,구수지구,,457102022041,,9,"구수(장군봉)지구는 구수소하천 상류 주거지 및 농경지 구간으로 하폭 부족에 따른 홍수위 상승, 지구를 관류하는 세월교 및  제방도로 침수 발생, 교통 두절로 통행이 불가하여 거주자 및 등산객의 주민 이동권이 제한되며, 응급상황 시 인명사고의 우려가 있는 지역임",,0,,만경강,2,재난안전과장,13.0,36.0,004,25.0,,,,,재난안전과,050,재난안전과 시설7급,0,,,2021,2024/04/22 17:58:06.000000000,,1,0,,이장
4825036023,,,기타,,4825000000,,,,70300.0,,하천과 시설8,,30.0,,2.0,감노지구,226,"· 하천재해(감노천 및 신곡천 통수능력 부족에 따른 침수피해 우려)
· 내수재해(대상 지구가 계획홍수위에 비해 저지대에 위치하여 마을 내 침수 발생)",20230424,,,감노지구,,482502023011,,2,저지대 상습침수피해 발생,,0,,낙동강,1,하천과 시설6,,,001,10.0,,,,,김해시청,050,하천과 시설8,0,,,2023,2024/09/24 16:50:31.000000000,,1,2,,
2772032027,,,지방2급하천,,2772000000,,,4772032042101640004014941     ,31166.0,,안전관리과,150.0,50.0,,,시가지,164,"시가지로 주거밀집 지역에 해당되며, 지역내 거주하는 인구는 지역특성상 65세이상 독거노인 등의 안전취약인구가 대부분을 차지하고 있음",20230410,,,중구2지구,,477202023023,,-1,"    - 내수 배제불량에 따른 저지대 침수피해 발생
    - 예상되는 저지대 침수피해지역은 효령면시가지로 주거밀집 지역에 해당되며, 거주하는 인구는 지역특성상 65세이상 독거노인 등의 안전취약인구가 대부분을 차지하고 있음",,0,,,1,안전관리과,3.0,70.0,001,15.0,,,,,군위군,013,안전관리과,0,,,,2024/09/23 10:39:22.000000000,,1,4,,
5219012100,,,국가하천,,5219000000,,02,,5700.0,20230427,,2915.0,,Y,,배수로,807,"인근에 위치한 요천 외수위 상승으로 내수배제 불량 및 역류발생, 기존관거 통수능 부족으로 월류 발생",20230421,,,노암4통,,451902023039,,4,"기존 관거 통수능 부족으로 인한 관거 월류로 침수피해발생, 요천의 배수위 영향을 받는 구간으로 방류부 수문 미설치에 따른 역류 발생 및 내수배제 불량을 2차 침수피해 발생",,0,,영산강,1,지방시설6급,2020.0,592.0,001,35.0,,,,,남원시청,011,지방시설9급,0,,,2023,2024/04/22 14:35:51.000000000,"요천(국가하천)하천기본계획(2021.1, 국토교통부)",1,21,,
4887039028,5.0,,지방1급하천,,4887000000,,02,,175200.0,,함양군 백전면 시설8급,258.0,613.0,Y,9.0,위천,242,"홍수 발생 시 여유고 및 경간장 등 시설기준에 미달하는 횡단구조물(교량, 보)에 의한 배수영향으로 홍수위 상승시 통행단절 발생 및 인명, 재산 피해 발생 위험이 매우 높음.",20220905,,,백전,,488702021019,41929.0,2,"태풍 및 홍수 발생 시 홍수위 상승으로 침수 피해 발생 및 인명, 재산 피해 발생 위험",,0,,낙동강,1,함양군 안전도시과 시설5급,3.0,,001,337.0,0.0,10.0,20261231,,함양군,012,함양군 안전도시과 시설7급,0,,20221231,2021,2024/04/15 08:54:45.000000000,위천 하천기본계획,2,1,,
4480025321,,,기타,,4480000000,,,,60617.0,,안전관리과 시설7,105.0,81.0,N,,하천정비,117,집중호우 시 국도와 철도 횡단 배수암거의 통수단면 부족으로 신촌천 범람 및 기존 우수관의 통수능 부족으로 내수배제 불량에 따른 침수피해 위험,20220830,,,신촌,,448002022006,,19,집중호우 시 신촌건널목 주변 저지대에 침수 발생하여 상가 및 주택 침수 위험 ,,0,,기타,1,안전관리과 시설6,1.0,69.0,001,27.0,,,,,홍성군청,050,안전관리과 시설7,0,,,2022,2024/09/11 14:39:30.000000000,,2,3,,마을이장
3611034030,3.0,,지방관리,,3611000000,,02,,824425.0,20230420,자연재난과,37.0,140.0,Y,1.05,하천,490,"삼성지구 대부분 구간이 내수배제시설 불량 및 하폭, 여유고 부족에 따른 하천범람으로 인근 농경지 및 주거지의 침수피해가 상습적으로 발생",20230420,20130107,,삼성,,361102023012,,3,"삼성지구는 세종시 금남면 황용리, 대박리, 달전리 일원에 위치해 있고, 지구내 황용삼성마을 일부구역은 계획홍수위보다 낮은 저지대 지역(내수 자연배제 불량)이거나 월류 위험(외수침수), 배수시설 불량(내수침수) 등으로 인한 복합적인 상습침수지역임
2020년 8월 3일 일강우량 145mm 정도의 집중호우시에도 삼성지구는 현 하폭이 좁고, 제방고가 낮아 하천범람(월류) 및 제방유실 등으로 인한 피해가 발생하였으므로 인접한 마을주거지 침수 및 주민 인명피해 우려가 매우 높음
침수위험지구내 현 하상경사(1/200?1/300)가 다소 완만하여 하천 종방향으로 퇴적양상을 보이고 있으며, 집중호우시 유송잡물 등으로 인한 하도폐색과 제내측에서 발생하는 내수의 원활한 배제가 어려워 인근 주거지 및 농경지 일원에 월류 및 침수피해가 빈번히 발생",,0,,금강,1,자연재난과장,19.0,84.0,001,64.0,0.0,10.0,,,,010,자연재난과,0,,20211124,2023,2023/04/24 15:54:38.000000000,세종특별자치시 자연재해저감 종합계획,2,,,
4785031037,,,지방2급하천,,4785000000,,00,,201658.0,20230510,건설과 시설7,,,Y,,하천,1291,"집중호우 시 하천의 월류 및 내수배제 불량으로 도로, 농경지 및 저지대주택구역 침수우려지구",20230428,,,하빈,,478502023005,,2,"- 하빈천 하천기본계획(2011)상 개수계획 중 제방축제 및 교량 재가설 및 신설 계획, 하상보호공 신설계획이 수립되었으나 현재 사업이 미시행 상태임.
- 2020년 7월 집중호우시, 2021년 8월 제12호태풍 오마이스 내습시 하빈천 월류로 인한 제내지 피해 발생
- 2022년 9월 제11호 태풍 힌남노 내습시 하천변 수목 전도로 차량 및 행인 통행 피해발생
- 지방하천인 하빈천은 통수단면적이 부족한 상황으로 하천의 수위 상승에 따른 제내지(주택, 농경지, 도로)는 호우위험에 노출됨.
- 교량 형하고 부족으로 교통단절로 인한 송정리 마을 주민의 고립위험이 큰 상황임.",,0,,낙동강,1,건설과 시설6,,,001,,,,,,칠곡군,013,건설과 시설7,0,,20230428,2023,2024/04/08 16:11:14.000000000,하천기본계획,1,1,,송정리장
4785031047,,,지방2급하천,,4785000000,,00,,663000.0,20230510,건설과 시설7,,,Y,,하천,633,이언천 홍수위상승 시 제내지 내수배제 불량으로 농경지 및 주거지 침수 발생,20230428,,,용산,,478502023007,,2,"- 금호강 하류권(이언천) 하천기본계획 중 제방, 교량, 보 및 낙차공 등 각종 하천시설물의 설계기준 미달에 따른 홍수소통 능력 저하.
    - 이언천 기존 호안 노후화(개선복구사업 미시행)으로 태풍 및 집중호우 등 강우발생시 이언천 농경지 침수 피해 빈번
    - 2019년 10월 제10호태풍 오마이스 내습 시 이언천 월류로 인한 제내지 피해발생으로 인명피해 및 농경지 침수발생
    - 용산지구는 비닐하우스를 이용한 특작식물, 참외 농가가 많으며 마을주민 대다수가 고령화 및 외국인 노동자를 고용 중으로 하천 범람 및 침수시에는 인명사고 발생우려가 높은 지역임",,0,,낙동강,1,건설과 시설6,,,001,,,,,,칠곡군,013,건설과 시설7,0,,20230428,2023,2024/04/08 16:08:44.000000000,하천기본계획,1,4,,용산리장
5274025028,,,지방2급하천,,5274000000,,,,60624.0,,,263.0,,Y,,수분천,983,"제방고 및 하폭협소
월류에 따른 침수위험",20230511,,,수분1,,457402023020,,3,제방고 및 하폭 협소로 제방 월류에 따른 하천변 가옥 침수위험,,0,,금강,1,,5.0,54.0,001,,,,,,,013,,0,,20210901,2023,2023/09/19 11:18:15.000000000,수분천 하천기본계획,2,,,
4874038023,,,지방2급하천,,4874000000,,02,4874038023101860001051533     ,56057.0,20240411,영산면사무소 지방시설9급,,72.0,Y,0.0,영산천,186,영산천 통수단면 부족으로 인한 하천 이근 주거지 및 농경지 피해 발생,20240411,20080529,,영산지구,,487402024036,,2," ­      관련 계획(하천기본계획)에 의거한 사업의 미실시
      ­ 과거 제내지 침수피해와 시설물 유실 피해 등이 발생
      ­ 영산지구는 통수단면적이 부족한 구간으로 제방고(0.05~2.18m) 및 하폭의 설계기준 미달에 따른 외수범람(하천월류) 발생
      ­ 현재 제방고 부족으로 집중호우 및 태풍 내습시 지속적인 주거지 침수 피해가 발생하고 있으며, 하천 월류 발생 시 약 2.54ha 침수가 예상됨
      ­ 영산지구 구간 내 주변여건 및 하천 시설물의 필요성, 정비 가능성 등을 종합적으로 고려하여 하천기본계획을 일부 조정한 정비계획 수립(No.7+213 작약교 철 
       거, No.7+579 ~ No.8+218 구간 고수호안 계획 → 보축계획)",,0,,낙동강,1,창녕군 안전치수과장,,,001,24.0,,,,,창녕군 안전치수과,013,창녕군 안전치수과  주무관 장웅진,0,,20220719,2024,2024/04/12 15:09:21.000000000,자연재해저감 종합계획,1,1,,교리 이장
4180025021,,,지방1급하천,,4180000000,,02,4180025021106000012000038     ,1763455.0,,안전총괄과 방재안전8급,,3329.0,Y,,"망곡천, 차탄천",193,- 침수위험,20210915,,,연천읍,,418002022012,,18," - 지방하천 차탄천 배수영향으로 연천읍 관내 소하천(망곡천, 읍내천)의 제방월류에 의한 외수 범람으로 시가지 및 농경지 침수위험
 - 도심지 우수관로 통수능 부족 및 배수펌프장 용량 부족에 따른 내수배제 불량으로 내수침수위험",,0,,임진강,1,안전총괄과 시설6급 ,,,001,1896.0,,,,,,012,안전총괄과 방재안전8급,0,,20210915,2021,2024/04/16 11:02:53.000000000,,1,7,,
5211114300,,,지방관리,,5211000000,,02,4511114300110150000030371     ,75000.0,20150303,하천관리과,125.0,142.0,Y,1.74,객사천,1015,집중호우시 객사천 외수위 영향으로 통수단면 부족 및 내수배제 불량에 따른 주거지 및 농경지 침수 발생,20220729,20151230,,객사천,,451102022006,,9,"하도 내 퇴적으로 인하여 유효수심이 1m이내로 계획홍수위 대비 여유고를 확보하지 못하며, 객사천 유역에서 발생되는 홍수량을 하도내에 부담하기에 유수소통단면이 부족",,0,번지 일원,만경강,1,하천관리과장,4.0,,001,76.0,,,,,하천관리과,010,하천관리과,0,번지 일원,20161130,2022,2024/04/22 18:09:41.000000000,전주시 소하천정비종합계획,1,0,,
4793025327,,,기타,,4793000000,,02,,114220.0,20240304,안전재난과 시설7급,,120.0,,,거일항,282,"연안재해취약성 평가체계 파랑 5등급
폭풍해일 및 너울성 파도 발생 시 저천단 외곽시설 및 방파옹벽으로 인한 월파피해 발생",20240304,20240304,,거일항지구,,479302024027,,-1,"해안 월파 및 해일로 인하여 주택, 도로등 피해",,0,,,1,안전재난과 시설6급,2.0,,006,83.0,,,,,울진군청,050,안전재난과 시설7급,0,,20240304,2024,2024/03/20 09:54:13.000000000,,1,4,,
4415025033,,,지방1급하천,,4415000000,,02,4415025033102720009000913     ,414107.0,20230421,유구읍 시설8,,55.0,Y,1.2,유구천,738,"집중호우 등으로 인해 유구읍 추계리, 명곡리, 신달리 일원 제방월류, 내수배제불량으로 인근 주거지, 비닐하우스 및 농경지 등 침수피해가 상습적으로 발생",20230421,,,추계지구,,441502024019,10.0,3,"지류에서 발생되는 홍수가 집중되는 유역형상으로 급한 경사와 만곡으로 인하여 제방유실 등 하천구조물에 의한 피해 발생 
상?하류 대비 하폭이 급격히 축소되는 구간에서 홍수지체현상 발생 및 낮은 제방고와 전반적인 통수단면(하폭) 부족으로 집중호우시 수위상승으로 주변 건물, 도로(국도 39호) 및 농경지 등의 빈번한 침수피해가 발생",,0,,금강,1,건설과 시설5,,,001,28.0,,,,,건설과,012,건설과 시설7,0,,,2023,2024/04/11 16:23:06.000000000,하천기본계획,2,25,,
4315012100,,,기타,0.0,4315000000,,02,,186400.0,20241115,시민안전과 시설7급,,570.0,N,1.43,강제천,824,침수위험대응,20250214,20061013,,강제지구,0.0,431502025017,15.0,1,침수위험,,0,,한강,1,시민안전과 시설5급,,,001,190.0,,,,,제천시청,050,시민안전과 시설7급,0,,20250214,2024,2025/02/17 10:03:49.000000000,소하천정비기본계획,1,,,
4413111400,,,지방2급하천,,4413000000,,02,4413111400103990001027681     ,302222.0,20230811,안전총괄과 시설7급,182.0,246.0,N,3.0,천안천,399,"주변지대보다 저지대이며, 천안천 수위상승 시 배수가 원활하지 않아 내수침수피해 발생",20210909,20160701,,천안천,,441302021025,,7,하천 수위상승에 따른 내수침수,,0,,삽교천,1,안전총괄과 행정5급,,54.0,001,98.0,,,,,안전총괄과,013,안전총괄과 시설7급,0,,20210909,2023,2024/02/06 12:50:08.000000000,곡교천권역하천기본계획,2,1,,
5183035039,1.0,,소규모어항,,5183000000,,02,4283035039200080002000002     ,14940.0,,양양군 안전교통과장,,40.0,Y,2.0,전진 해일위험지구,3,"태풍, 너울성 파도에 의한 인근 상가지역의 침수,월파 피해",20220131,,,전진지구,,428302021018,30000.0,19,"태풍, 너울성 파도에 의한 인근 상가지역의 침수,월파 피해",,0,,기타,1,양양군 안전교통과 팀장,,,006,10.0,0.0,10.0,,,양양군,036,양양군 안전교통과 주무관,0,,20071101,2022,2024/04/11 20:35:28.000000000,,2,13,,낙산 어촌계
4479031023,,,군천,,4479000000,,,4479031023101980000011690     ,557600.0,20211228,시설9,,,,,효제천,199,침수발생 및 침수예방을 위한 지구지정,20211228,20211228,,효제지구,,447902021017,,7,하천범람에 따른 인명 및 재산피해 우려,,0,,삽교천,1,안전재난과장,,,001,,,,,,청양군,042,자연재난팀,0,,20211228,2021,2024/09/19 16:29:40.000000000,,2,1,,이장
5175035525,5.0,,,2.0,5175000000,,00,4275035525105010003007885     ,122878.0,20220630,재난예방팀장,,2051.0,Y,1.37,풍수해 생활권(쌍용지구),501,풍수해 생활권 사업 추진,20220630,,,쌍용지구(풍수해),,427502022024,64032.0,1,"침수 해재, 사면 재해",,0,,한강,2,건설과장,,,001,600.0,0.0,10.0,,,건설과 재난예방팀,-1,시설7급,0,,20160511,,2024/09/22 14:41:46.000000000,소하천정비계획,2,0,,
5275038029,,,군천,,5275000000,,,4575038029106700000114941     ,18000.0,,안전관리과 시설5급,,56.0,Y,,새터천,670,침수위험지구,20210419,,,두기지구,,457502022024,,5,"새터천 하류부 제방정규단면 부족, 복개구간 통수능력 부족, 복개상류부 토사 및 유송잡물 정체",,0,,섬진강,3,안전관리과 시설6급,,,001,30.0,,,,,임실군청,042,안전관리과 시설6급,0,,,2021,2023/04/26 09:42:07.000000000,소하천기본계?,2,0,,이장
4146125321,,,지방관리,,4146125321,,02,,320836.0,20230412,,,18.0,N,2.09,왕산갈담 자연재해위험개선지구,838,"- 하천 수위 상승에 따른 내수배제 불량
- 관거 및 배수로 통수능 부족에 따른 내수배제 불량으로 침수피해 가중",20230412,20181214,,왕산갈담,,414612023002,20.0,1,"경안천과 오산천 좌·우안에 위치한 하우스 농경지 및 농막, 공업지역, 일부 주거지역이 계획홍수위보다 낮은 저지대를 형성되어 침수위험 상존",,0,,한강,1,시민안전관 자연재난팀,,,001,7.0,,,,,,010,시민안전관 자연재난팀,0,,,2023,2024/04/08 13:24:52.000000000,,1,1,,
2920011700,,,,,2920000000,,,2920011700107680001018477     ,314456.0,20221229,광산구,259.0,,,,산월 자연재해위험개선지구,768,"봉산마을 일대 주택과 상가부지가 낮은 저지대로 영산강 수위상승 시 내수배제 불가, 기존 배수시설 통수능력 부족",20221229,,,산월 자연재해위험개선지구,,292002024020,,4,"봉산마을 일대 주택과 상가부지가 낮은 저지대로 영산강 수위상승 시 내수배제 불가, 기존 배수시설 통수능력 부족",,0,,영산강,1,치수방재과 방재시설관리팀장,2020.0,52.0,001,,,,,,광산구,-1,광주광역시 광산구청 치수방재과,0,,,2022,2025/02/25 15:39:47.000000000,,2,1,,
5211313200,,,지방2급하천,,5211000000,,02,,860000.0,20220215,재난안전과 자연재난팀 주무관,128.0,556.0,Y,,조촌천,534,침수위험,20220331,20151230,,조촌지구,,451102022004,,9,"주변하천(만경강, 조촌천)에 접한 저지대 상습 침수구역으로, 조촌천 수위 상승시 자연 배수가 불가능하여 유역을 관류하는 배수로의 범람으로 빈번한 침수피해 발생, 
월드컵 경기장 및 야구장, 골프장 등 공공시설과 주택가, 도로 등 침수가 예상되어 침수위험도가 가중되어 이에 대한 대책이 시급한 지역임",,0,,만경강,1,재난안전과장,1.0,135.0,001,145.0,,,,,안전정책과,013,재난안전과 자연재난팀장,0,,20220331,2022,2024/09/20 15:09:24.000000000,전주시 자연재해저감종합계획,1,7,,
1174011000,,,지방2급하천,,1174000000,,,,200000.0,,,,,,,하천,88,하천확폭,19990706,,,망월천지구,,117402022001,,1,없음,,0,,한강,4,,,,001,,,,20030605,,,013,,0,,,,2023/03/08 13:35:23.000000000,,1,,,
4717034023,,,기타,0.0,4717000000,,00,,33006.0,20230406,,,,,,구담지구,670,미개수 소하천공공시설(세천)의 통수능 부족에 의한 농경지 침수 위험,20230406,,,구담지구,0.0,471702023027,,2,미개수 소하천공공시설(세천)의 통수능 부족에 의한 농경지 침수 위험,,0,,낙동강,1,안전재난과장,,,001,,,,,,,050,안전재난과 시설7,0,,,2023,2024/12/11 15:24:21.000000000,,2,,,
4824035030,,,,,4824000000,,,,10614.0,,,,,,,검정지구,389,내수배제 불량 등으로 침수피해가 발생하는 지역으로 자연재해위험개선지구 지정을 통한 정비 및 관리,20260205,,,검정,,482402026033,,-1,내수배제 불량 등으로 침수피해가 발생하는 지역으로 자연재해위험개선지구 지정을 통한 정비 및 관리,,0,,,1,,,,001,,,,,,,-1,,0,,,,2026/02/03 18:38:29.000000000,,2,,,
4824031022,,,전체,,4824000000,,,,49143.0,,,,,,,사천강,667,제내지 배수불량 등으로  침수피해가 발생하는 지역으로 자연재해위험개선지구 지정을 통한 정비 및 관리,20260205,,,예수,,482402026032,,-1,"사천강(지방하천) 외수위 상승시 제내지 배수불량 및 기존 배수로 통수단면 부족에 따른 배수계통 불량, 예수소하천 정비 미시행 등에 의한 침수가 발생하는 지역으로 자연재해위험개선지구 지정을 통한 체계적으로 정비 및 관리하기 위함",,0,,,1,,,,001,,,,,,,-1,,0,,,,2026/02/03 18:38:42.000000000,,1,1,,
4375037022,,,지방관리,,4375000000,,02,4375037022102150043011071     ,210285.0,20260209,건설하천과 시설6,,,Y,,칠장 자연재해위험개선지구,215,집중호우시 지방하천 칠장천 및 소하천 범람으로 인한 저지대 침수 피해가 발생,20260209,,,칠장,,437502026016,,3,집중호우시 지방하천 칠장천 및 소하천 범람으로 인한 저지대 침수 피해가 발생,,0,,금강,1,건설하철과장,,,001,,,,,,진천군,010,건설하천과 시설6,0,,20260209,2026,2026/02/09 15:56:23.000000000,,1,9,,
4373031023,,고립,국가하천,0.0,4373000000,,02,,70000.0,20151030,옥천군 안전건설과 시설6급,100.0,0.0,Y,0.0,올목마을,122,"용담댐 방류시, 일우량 100mm 시 마을 진출입로 침수로 고립",20060228,20060821,,올목,0.0,437302006001,0.0,3,"금강 상류지역으로 용담댐 방류시, 일우량 100mm 시 마을 진출입로 침수로 고립 되므로 대체도로 개설하여 고립위험 해소",,0,,금강,4,옥천군 안전건설과 시설6급,1.0,30.0,004,0.0,,,,,옥천군청,011,옥천군 안전건설과 시설6급,0,,20091231,2015,2024/04/08 15:30:39.000000000,금강하천기본계획,1,1,,이장
4373031026,,고립,국가하천,0.0,4373000000,,00,,100000.0,20151030,안전총괄과 시설7급,100.0,0.0,N,0.0,마티 마을,1,"용담댐 방류시, 일우량 100mm 시 마을 진출입로 침수로 고립",20060228,,,마티,0.0,437302006002,0.0,3,"금강상류 지역으로 용담댐 방류시, 일우량 100mm 시 마을 진출입로 침수로 고립 되무로 대체돌 개설하여 고립위험 해소",,0, [지점번호:라바14611630],금강,4,안전총괄과장,1.0,20.0,004,0.0,,,20110810,사업완료에 따른 재해위험요소 해소로 인한 지정 해제,옥천군청,011,안전총괄과 시설6급,0,,,,2023/04/23 11:33:10.000000000,,1,1,,주민
5273034000,,상습침수,지방2급하천,,5273034000,공정리,,,1060000.0,,안전재난과 시설6급,243.0,,,,하천(구량천),,하천정비기본계획이 수립된 지구로서 미개수하천의 제방고 부족으로 강우량 243mm이상 강우시 농경지 침수 및 유실,20000301,,국토교통부,공정지구,,457302002001,,3,"제방단면 부족으로 집중호우시 하천이 범람하여 상습침수 피해발생
미정비도니 제방의 토사유실등으로 붕괴위험 상존",,,,금강,4,안전재난과 행정5급,3.0,40.0,001,,,,20040824,,무주군,013,안전재난과 시설6급,0,,,,2016/07/19 22:04:18.000000000,,3,,005,하산마을이장
5273025023,,침수위험지구,지방1급하천,0.0,5273025000,,00,,350000.0,20060101,안전재난과 시설6급,200.0,0.0,N,0.0,남대천,1079,하천병목및 하천폭 협소구간으로 주변 농경지및 주택침수 발생,20060310,,국토교통부,오산1,0.0,457302006001,0.0,3,제방폭 협소 및 병목,,0,,금강,4,안전재난과 행정5급,1.0,0.0,001,0.0,,,20110817,정비완료,무주군,012,안전재난과 시설6급,0,,,2006,2016/07/19 21:56:09.000000000,,3,,005,마을이장
5273033023,,취약방재시설,기타,,5273033000,상가리,,,100000.0,,건설교통과 지방시설8급,0.0,,,,상가저수지,1,통관의 종횡단 균열에 의한 누수및 담수의 누수에 의한 제당붕괴 위험,20060310,,농림축산식품부,상가지구,,457302006002,,3,노후시설에 의한 붕괴위험,,0, [지점번호:라마15096871],금강,4,안전재난과 지방행정5급,0.0,0.0,003,,,,20090902,자연재해위험지구정비사업완료,무주군,050,안전재난과 지방시설7급,0,상가리,,2006,2016/07/19 21:51:40.000000000,,1,,002,마을이장
5273032028,,고립위험,군도,0.0,5273000000,,02,,2300.0,20060101,건설교통과 시설6급,0.0,39.0,N,0.0,마을진입도로,82,미 정비된 지입로 유실에 의한 고립피해 발생,20060310,,,구산지구,0.0,457302006003,0.0,3,"폭설, 폭우에 의한 도로유실및 고립피해 발생",,0,전라북도 무주군 설천면 신선길  436    ,금강,4,안전재난과 행정5급,0.0,0.0,004,22.0,,,20240801,재해위험지구 정비사업 완료에 따른 위험요인 해소,무주군,004,안전재난과 시설6급,0,,,2006,2024/11/29 20:40:56.000000000,,1,,,마을이장
5273034022,,고립위험,기타,0.0,5273034000,,00,,10000.0,20060101,건설교통과 시설7급,0.0,0.0,N,0.0,진입도로,40,하천수위 증가에 따른 주민고립피해 발생,20060310,,국토교통부,신월지구,0.0,457302006004,0.0,3,마을진입 소교량의 침수및 유실로 고립피해 발생,,0, [지점번호:라마13585961],금강,4,안전재난과 행정5급,0.0,0.0,004,0.0,,,20140501,,무주군,050,안전재난과 시설6급,0,,,2006,2016/07/19 21:53:09.000000000,,1,,005,마을이장
5273035021,,고립위험,농로,0.0,5273035000,,02,,15000.0,20151102,건설교통과 시설7급,0.0,15.0,N,0.0,진입도로,99,진입도로의 유실및 낙석피해로 고립피해 발생,20060310,,국토교통부,봉길지구,0.0,457302006005,0.0,3,도로유실및 낙석피해에 의한 통행불가로 고립,,0,,금강,4,안전재난과 행정5급,0.0,0.0,004,7.0,,,20170630,,무주군,049,안전재난과 시설6급,0,,,2006,2017/07/12 14:02:20.000000000,,3,1,005,마을이장
5273025021,,상습침수,기타,0.0,5273025000,,00,,34000.0,20160414,안전재난과 시설7급,0.0,0.0,N,0.0,읍내지구,1235,상습침수에 따른 침수위험지역 지정,20100603,,행정안전부,읍내지구,0.0,457302013006,0.0,,집중 호우시 상습침수에 따른 피해 상존,,0,전라북도 무주군 무주읍 주계로  13-17   ,,4,안전재난과 행정5급,0.0,0.0,001,0.0,,,20140501,,무주군,050,안전재난과 시설6급,0,,,2010,2016/07/19 21:48:19.000000000,,1,3,001,지역자율방재단
5273025023,,상습침수,기타,0.0,5273025000,,02,,18600.0,20151102,안전재난과 시설7급,0.0,0.0,N,0.0,남대지구,262,상습침수에 따른 침수위험지역 지정,20140311,,행정안전부,남대지구,0.0,457302014007,0.0,3,집중호우시 상습칩수에 따른 피해 상존,,0,전라북도 무주군 무주읍 오산2길  5    ,금강,4,안전재난과 행정5급,0.0,0.0,001,0.0,,,20170630,,무주군,050,안전재난과 시설6급,0,,,2014,2017/07/12 14:01:52.000000000,,2,1,001,지역자율방재단
5279025037,,,지방2급하천,,5279025000,,,,,,,0.0,,,,석교천,1,상습침수로 인한 피해,20040420,,국토교통부,석교지구,,457902005001,,19,"침수로 인한 농경지 유실, 매몰",,0,전라북도 고창군 고창읍 모양성로  130    ,기타,4,재난안전과 시설6,1.0,0.0,001,,,,20100507,,재난안전과,013,재난안전과 시설9,, ,,,2013/05/30 15:00:12.000000000,,2,,005,석교이장
5279032036,,,기타,0.0,5279000000,,02,,449440.0,20151108,아산면장,50.0,160.0,Y,0.0,삼천굴1 소하천,1,주변 지역 침수피해 발생,20100507,20100319,,구암지구,0.0,457902013007,0.0,-1,주변 지역 침수피해 발생,,0,,,3,재난안전과장,2.0,20.0,001,45.0,,,,,고창군 안전총괄과,050,복구지원팀 시설7급 ,0,,20151030,,2024/04/15 20:42:41.000000000,소화천 종합계획,2,,,이장
5279038022,,,지방2급하천,,5279038000,,,,,,,100.0,,,,성남천,1,하천단면 부족으로 우기시 하천범람 및 인근 주변 농경지 침수피해 발생,20060308,,행정안전부,광대지구,,457902006001,,,"농경지 침수 및 인근 지방도(796호) 교통소통 단절
인근마을 주민 재산피해 및 인명피해 예상",,0, [지점번호:다마16770771],,4,재난안전과 시설6,1.0,80.0,001,,,,20121106,,재난안전과,013,재난안전과 시설9,, ,,,2013/06/16 11:26:51.000000000,,2,,001,덕천마을 이장
5279033025,,,지방2급하천,,5279033000,,,,,,,200.0,,,,강남천,1,"상습적인 침수피해 예방
인명 및 재산피해 예방",20060308,,행정안전부,아산지구,,457902006002,,,주변 농경지 및 농공단지 침수,,0, [지점번호:다마16561572],,4,재난안전과 시설6`,1.0,100.0,001,,,,20121106,,재난안전과,013,재난안전과 시설9,, ,,,2013/05/30 15:02:41.000000000,,2,,001,동촌마을 이장
5279034023,,,기타,,5279034000,,,,,,,,,,,구격제,1,붕괴위험,20100507,,행정안전부,구격지구,,457902013005,,,제방 붕괴위험,,0, [지점번호:다마10881243],,4,재난안전과 시설6,,,003,,,,20121106,,재난안전과,050,재난안전과 시설9,, ,,,2013/05/30 15:09:41.000000000,,2,,001,
5279036030,,,지방2급하천,,5279000000,,,,1160000.0,,해리면장,100.0,,,,해리천,1,- 제방여유고 부족으로 유수범람,20070109,,,금평지구,,457902007001,,-1,"하천 통수단면 부족
 배수갑문 기능상실",,0, [지점번호:다마11232139],,4,재난안전과장,2.0,35.0,001,,,,20240403,,재난안전과,013,안전총괄과 시설5급,0,,,,2024/04/15 22:29:15.000000000,,3,,,금평마을 이장
5279032035,,,지방2급하천,,5279032000,,,,,,아산면 시설5급,0.0,,,,용산천,11,"저지대 반암마을 상습침수 용산천 통수단면 부족 및 하천선형불량",20070528,,행정안전부,반암지구,,457902007002,,19,하천 통수단면 부족 및 선형불량으로 저지대 반암마을 상습침수피해 발생,,0, [지점번호:다마20782298],기타,4,재난안전과 시설6,0.0,0.0,001,,,,20150330,정비사업 완료에 따른 재해위험요인 해소,고창군,013,재난안전과 시설8,, ,,,2015/04/02 17:56:13.000000000,,2,,001,반암마을 이장
5279034027,,,지방2급하천,0.0,5279034000,,00,,530000.0,20150706,,0.0,0.0,N,0.0,용수천,1,저지대 주택 및 농경지 상습 피해,20130507,,행정안전부,용수지구,0.0,457902013003,0.0,,지구내 용수마을 계동마을 등 상습 침수피해 발생,,0, [지점번호:다마13071187],,4,재난안전과 시설6,0.0,0.0,001,0.0,,,20160726,정비완료,재난안전과,013,재난안전과 시설7,0,,,,2017/02/28 16:04:22.000000000,,2,,001,
5279037021,,,지방2급하천,,5279037000,,,,290000.0,,,0.0,,,,유촌천,1,통수단면부족으로 인한 침수발생,20100507,,행정안전부,산수지구,,457902013004,,,호우시 하천옆 가옥 침수 및 출입이 어려움,,0, [지점번호:다마20190594],,4,재난안전과 시설6,0.0,0.0,001,,,,20160726,"정비완료
2090",재난안전과,013,재난안전과 시설7,0,,,,2017/02/28 16:03:22.000000000,,2,,001,
5279033027,,,지방2급하천,0.0,5279000000,,02,,337000.0,20151108,무장면장,100.0,45.0,Y,0.0,대산천,1,마을과 주변 농경지 침수발생,20100507,20100319,,옥산지구,0.0,457902013006,0.0,-1,통수단면 교량단면부족으로 침수피해 발생,,0,,,1,재난안전과장,2.0,35.0,001,25.0,,,,,재난안전과,013,복구지원팀,0,,20091005,,2023/11/20 16:51:10.000000000,대산천 기본계획,2,,,이장
5279039026,,,지방1급하천,,5279039000,,,,,,,,,,,담암천,1,호우시 주변지역 침수발생,19960506,,행정안전부,두어지구,,457902013008,,,호우시 주변지역 침수발생,,0, ,,4,재난안전과 시설6,,,001,,,,20001220,,재난안전과,012,재난안전과 시설9,, ,,,2013/05/30 15:13:23.000000000,,2,,001,
5279033026,,,지방2급하천,,5279033000,,,,,,,,,,,용산천,1,주변 저지대 침수피해 발생,19960506,,행정안전부,용산지구,,457902013009,,,호우시 범람 및 침수 발생,,0, [지점번호:다마19221343],,4,재난안전과 시설6,,,001,,,,20031220,,재난안전과,013,재난안전과 시설9,, ,,,2013/05/30 15:13:54.000000000,,2,,001,
5279040029,,,기타,,5279040000,,,,,,,,,,,사포방조제,1,주변지역 침수피해 발생위험,19980213,,행정안전부,사포지구,,457902013010,,,호우시 제방범람으로 인한 침수발생,,0, [지점번호:다마27362725],,4,재난안전과 시설6,,,001,,,,19991119,,재난안전과,050,재난안전과 시설9,, ,,,2013/05/30 15:14:24.000000000,,2,,001,
5279043026,,,기타,,5279043000,,,,,,,0.0,,,,수앙방조제,1,주변지역 침수피해 발생,19980213,,행정안전부,수앙지구,,457902013011,,,호우시 범람으로 인한 침수 발생,,0, ,,4,재난안전과 시설6,0.0,0.0,001,,,,19990609,,재난안전과,050,재난안전과 시설9,, ,,,2014/04/22 10:57:30.000000000,,2,,001,
5279039026,,,지방1급하천,,5279039000,,,,,,,,,,,담암천,1,상습침수로 인한 피해발생,20040420,,행정안전부,담암지구,,457902013012,,,침수로 인한 주책 및 농경지 유실 매몰,,0, ,,4,재난안전과 시설6,,,001,,,,20090527,,재난안전과,012,재난안전과 시설9,, ,,,2013/05/30 15:15:23.000000000,,2,,001,
5279034023,,,지방2급하천,0.0,5279034000,,02,,157000.0,20150706,행정5급,92.0,79.0,Y,0.0,구암천,602,구암천 통수단면 및 제방여유고 부족으로 상습적인 마을 침수,20140211,20100319,행정안전부,구수지구,0.0,457902014013,0.0,19,구암천 및 교량 통수단면이 부족하고 제방이 계획홍수위 보다 낮아 집중호우시마다 하천범람으로 상습적인 침수피해 발생,,0,전라북도 고창군 공음면 구수안길  30    ,기타,4,공업6급,2.0,30.0,001,21.0,,,20191212,재해위험요소 해소에 따른 해제,고창군 재난안전과,013,시설7급,0,,20091228,2015,2020/06/09 14:33:24.000000000,구암천 하천기본계획,2,0,001,이장
4615035028,,하천제방,지방2급하천,0.0,4615035000,,00,,0.0,20151102,시설7급,300.0,0.0,N,0.0,용촌천,379,하천 미개수로 제방방단면 부족하여 가옥및 농경지 피해 매년 반복 발생,19991015,,국토교통부,문길,0.0,461501999001,0.0,19,- 하천 미개수 및 제방단면 부족으로 집중호우시 하천이 범람되어 침수피해가 빈발하는 지구이며 제방유실 요인이 상존하여 하천개수가 시급함.,,0, [지점번호:다라78217429],기타,4,순천시 재난안전관리과 과장,2.0,20.0,003,0.0,,,20080408,,순천시주암면사무소,013,순천시 재난안전관리과,, ,,,2015/11/02 19:23:10.000000000, ,3,1,005,순천시주암면요곡리
4615013100,,,지방2급하천,0.0,4615063500,,00,,1000.0,20151103,공업7급,200.0,0.0,N,0.0,이사천,1,이사천 월류로 침수,19991015,,국토교통부,대대,0.0,461502013003,0.0,,집중호우로 인한 이사천 월류로 농경지 침수,,0, ,,4,시설6급,2.0,20.0,001,0.0,,,20031128,정비사업 완료,순천시,013,공업7급,, ,,1999,2015/11/03 11:18:48.000000000, ,1,,005,
4373037030,,유실,지방2급하천,0.0,4373000000,,00,,70000.0,20151030,안전총괄과 시설7급,150.0,0.0,N,0.0,소옥천,54,하천기본계획보다 교량길이와 교량고가 낮아 침수,20100510,,,월전,0.0,437302011005,0.0,3,호우시노후된교량침수로 통행불가로 위험상존 ,,0,,금강,4,안전총괄과장,1.0,340.0,005,0.0,,,20130510,사업완료에 따른 재해위험요소 해소로 인한 지정 해제,옥천군청,013,안전총괄과 시설6급,0,,,2010,2023/08/21 10:44:14.000000000,,3,1,,주민
4784031034,,,지방관리,,4784000000,,02,,105442.0,,성주군 시설6급 박인준,,34.0,N,1.05,배수로,910,낙동강 외수위상승에 따른 지류세천의 내수배제 불량 및 세천외수위 범람침수 발생으로 인명 및 재산손실 등의 우려가 있어 지구지정을 통해 체계적 관리가 필요,20250410,,,용신,,478402025024,,2,낙동강 외수위 상승 및 세천 통수단면 부족,,0,,낙동강,1,안전과 행정5급,,,001,17.0,,,,,성주군,010,안전과 시설6급,0,,,2025,2025/04/09 16:18:33.000000000,,2,11,,
4148025023,,,지방1급하천,,4148000000,,02,,61845.0,20250328,안전총괄과 전기운영6급,300.0,26.0,,,선유3 자연재해위험개선지구,978,선유3 배수펌프장의 유수지 및 배수펌프 용량에 대한 타당성 검토 결과 보호대상의 저지대 형성으로 인해 침수우려가 예상되어 지구지정을 통한 체계적 관리를 추진하고자 함,20250411,,,선유3 자연재해위험개선지구,,414802025004,,18,동문천 외수위 장기화 상승 시 보호대상지의 저지대 형성으로 인한 피해발생,,0,,임진강,1,안전총괄과 시설6급,1.0,30.0,001,12.0,,,,,파주시,012,안전총괄과 방재안전7급,0,,,2025,2025/04/09 09:43:20.000000000,,1,8,,선유3리이장
4691032026,,,,,4691000000,,00,,14342.0,,안전총괄과 지방시설8급,,90.0,N,,"주거지, 상가",153,침수위험,20250414,,,교동,,469102025039,,-1,침수위험,,0,,,1,안전총괄과 지방시설5급,,,001,30.0,,,,,신안군청,-1,안전총괄과 지방시설8급,0,,,2025,2025/03/28 14:08:30.000000000,,2,75,,
5013025925,,,지방관리,,5013000000,,02,5013025925133450000000001     ,279830.0,20221227,서귀포시 안전총괄과 시설7급,262.0,,Y,,"배수로 신설 L=2.7km, 저류지 2개소, 세천정비 L=0.35km",3345,배수로 정비가 미비하고 고저차가 심한 지형적 요인으로 집중호우시 저지대 구간 상습 침수피해 발생,20221227,,,수산2,,501302022051,,-1,"  - 배수로 정비가 미비하여 집중호우시 오름 등에서 우수가 노면으로 직접 유출
  - 고저차가 많은 현지 지형적 요인으로 저지대 구간 상습 침수
  - 유역을 횡단하는 금백조로(지방도1124호선)에 배수로 미설치",,0,,,2,서귀포시 안전총괄과 복구지원팀장,2020.0,54.0,001,,,,,,서귀포시,010,서귀포시 안전총괄과 시설7급,0,,,2022,2024/04/23 10:44:41.000000000,자연재해저감종합계획,3,0,,
4822010500,,,,,4822000000,,,4822010500100680007016230     ,92307.0,,지방시설서기,,,,,중앙시장,68,해수위 고조 및 집중호우 발생 시 도로 및 시가지 침수위험 발생 우려,20230525,,,중앙시장,,482202023019,,-1,해수위 고조 및 집중호우 발생 시 도로 및 시가지 침수위험 발생 우려,,0,,,1,,,,001,,,,,,,-1,,0,,,,2023/07/03 11:20:16.000000000,,1,7,,
5181034021,,,기타,,5181000000,,02,,845690.0,20220330,지방시설8급,,,Y,,서화지구,626,"시가지 침수 우려 등
",20211221,,,서화지구,,518102024025,,19,시가지 침수 우려 등,,0,,기타,2,지방시설6급,,,001,,,,,,인제군,050,지방방재안전7급,0,,,2022,2024/09/06 13:25:55.000000000,,1,12,,자율방재단장
5172025029,,,지방관리,0.0,5172000000,,02,4272025029102470011040217     ,533363.0,20230406,재난안전과 시설8급,,3900.0,Y,9.55,주거지역,247,침수위험,20230406,20121108,,연봉지구,0.0,517202024023,4000.0,-1,내수재해,,0,,,1,재난안전과장,,,001,1700.0,,,,,홍천군,010,재난안전과 시설8급,0,,20180709,2023,2024/05/16 14:28:34.000000000,홍천군 하수도정비기본계획,2,11,,
5121011200,,,기타,,5121000000,,02,,21309.0,,안전총괄과 주무관,,656.0,N,,설악교,246,"2020년 태풍에 의한 교각의 기초 침식 및 세굴, 교각균열 발생 등으로 홍수시 교량유실 및 유수소통 장애 발생 예상",20210929,20121018,,설악,,422102021058,,-1,"2020년 태풍에 의한 교각의 기초 침식 및 세굴, 교각균열 발생 등으로 홍수시 교량유실 및 유수소통 장애 발생 예상",,0,,,4,안전총괄과장,,,003,384.0,,,,,속초시,050,안전총괄과 주무관,0,,,2021,2024/05/03 17:07:45.000000000,,1,20,,
5219034026,,,지방1급하천,,5219000000,,,4519034026107130001016874     ,95430.0,,안전재난과 시설9급,320.0,127.0,,,대곡천,713,대곡천 수위상승으로 인한내수배재 불량 및 관거 통수능부족으로 인한 침수피해 발생,20220225,,,대곡지구,,451902022034,,5,국가하천 요천 배수영향으로 지방하천 대곡천 내의 외수 범람 및 주거지역 및 농경지의 우수관거 통수능력 부족으로 인한 내수배제 불량으로 시가지 및 농경지 침수,,0,제천교 앞,섬진강,1,시설6급,5.0,61.0,001,238.0,,,,해당없음,안전재난과,012,안전재난과 시설9급,0,제천교 앞,,2022,2024/04/22 14:43:31.000000000,,1,1,,이장
4128112400,,,지방2급하천,,4128000000,,02,4128112400102900002000001     ,174102.0,,고양시 재난대응담당관 시설7급,,114.0,Y,1.32,강매제2배수펌프장,290,"집중호우시 지방하천(성사천)을 배수하나, 용량 부족에 따른 수위 상승으로 인접 주거지(강고산 마을) 및 농경지 침수피해 발생",20220513,20061212,,강매지구,,412802022001,6859.0,1,배수펌프장 용량 및 유수지 용량 부족으로 인한 하천 수위 상승에 따른 하천변 저지대 거주지 및 농경지 침수위험 상존,,0,,한강,2,고양시 재난대응담당관 시설5급,5.0,,001,15.0,,,,,고양시 재난대응담당관,013,고양시 재난대응담당관 시설7급,0,,20210901,2022,2024/04/03 10:00:45.000000000,차곡천 등 16개 하천기본계획(재수립),1,2,,
4784025023,,,지방관리,,4784000000,,02,,574100.0,,성주군 시설7급 박인준,,42.0,N,1.22,배수로,176,내수침수 배제를 위한 지정 및 정비,20220425,,,대황,,478402022020,,2,내수침수,,0,,낙동강,1,안전과 시설5급,,,001,14.0,,,,,성주군,010,안전과 시설7급,0,,,2022,2023/01/19 17:49:47.000000000,,1,0,,
5271032025,,,지방2급하천,,5271000000,,02,,99546.0,20150721,재난안전과 시설8급,164.0,,Y,,완주군,67,집중호우시 범람위험 및 내수배제 불량으로 인한 저지대 침수발생,20100604,20120927,,마치지구(내신천),,457102023045,,9,하상 세굴이 심하며 제방과 연결된 구조물 주변 세굴,,1,,만경강,1,재난안전과장,1.0,,001,,,,,,완주군 재난안전과 ,013,재난안전과 시설8급,0,,,2015,2023/04/25 13:36:43.000000000,,3,0,,마을이장
4128710600,,,지방2급하천,,4128710600,,02,4128710600102130001000002     ,903438.0,,재난대응담당관 시설7급,123.0,,Y,2.83,장월평천,213,장월평천 인접한 시가지 및 농경지는 장월평천의 계획홍수위보다 낮은 저지대에 위치하여 집중호우시 내수배제가 어려워 침수가 발생하는 실정임,20240517,,,장월지구,,412872024002,120.0,1,"    - 장월평천은 도심지에 위치하여 경사가 완만하고 유속이 느려 최근 발생한 집중호우로 인한 수위가 급상승하고 본류인 한강으로 원활한 배수가 잘 되지 않는 지구임.
    - 장월평천으로 유입되는 배수로 및 지류하천(가좌천) 또한, 장월평천 수위상승으로인한 내수배제가 불량하여 매년 농경지 및 시가지 일부가 침수되는 실정임.",,0,,한강,1,재난대응담당관 시설5급,2.0,,001,,,,,,,013,재난대응담당관 시설7급,0,,,2024,2024/05/28 10:02:55.000000000,,1,1,,
4773039040,,,,15.0,4773000000,,02,,420000.0,,비안면 시설7급,70.0,30.0,Y,1.0,비안배수펌프장,264,"위천 외수위 상승에 따른 내수배제불량으로 상습적인 침수
소하천 미정비 및 저지대형성으로 상습적인 침수 및 인명피해 우려 높은 지구임",20211224,20070521,,이두지구,,477302021023,1.0,2,"위천 외수위 상승에 따른 내수배제불량으로 상습적인 침수
소하천 미정비 및 저지대형성으로 상습적인 침수 및 인명피해 우려 높은 지구임",,0,,낙동강,2,안전건설과 과장,1.0,30.0,001,15.0,,,,,안전건설과,-1,안전건설과 시설7급,0,,20050112,2021,2024/04/12 14:59:41.000000000,위천 하천기본계획,2,1,,
5176036021,,,지방2급하천,,5176000000,,02,,71965.0,,시설6급 김선모,,620.0,Y,,지방하천,1289,교량 및 호안유실에 따른 인명 재산피해 예방,20220429,,,송정,,427602022026,,1,취약방재시설 하진부교,,0,,한강,1,시설6급,,,003,314.0,,,,,,013,시설6급 ,0,,,2022,2022/09/02 16:58:10.000000000,오대천 하천기본계획,1,,,
4313037028,,,지방2급하천,0.0,4313000000,,02,,69782.0,20211231, 충주시 안전총괄과 시설7급,,56.0,N,,상대촌 소하천,485,도로 교량 및 주거지 밀집지역 침수위험 내재,20211231,,,상대촌,0.0,431302022015,,1,소하천 합수구간으로 주요 주거지역 밀집,,0,,한강,1,안전총괄과장,,,001,30.0,,,,,충주시,013, 충주시 안전총괄과 시설7급,0,,20211231,2021,2025/01/14 20:22:34.000000000,,2,1,,
2772036026,,,지방2급하천,,2772000000,,,,788915.0,20230410,안전관리과,137.0,,,,구천(지방하천),1188,본 지구는 제방고 부족으로 인한 수위 상승 및 화본천(소) 복개교량의 통수능 부족으로 인해 재해 발생 시 인근에 위치한 주거지 및 인명피해 발생 우려가 매우 높은 지역임,20230410,,,화본지구,,477202023021,,-1,"    - 구천(지방) 제방고 부족 및 수위 상승으로 인해 화본천(소) 합류부 제방 월류로 인한 농경지 침수 피해 발생
    - 화본천(소)을 횡단하는 지방도 79호선 복개교량 통수능 부족(병목), 분토골천(소) 합류 등으로 복개교량 상류 주거지, 도로 및 농경지 침수피해 가중 우려
    - 분토골천(소)의 하폭협소에 따른 통수단면적 부족으로 농경지 침수위험성 높음",,0,,,1,안전관리과,10.0,41.0,001,,,,,,군위군,013,안전관리과,0,,,2023,2024/09/19 14:52:32.000000000,,1,0,,
4822034024,,,,,4822000000,,,4822034024100690021027684     ,44707.0,,지방시설서기,,,,,조암들,69,해수위 고조 및 집중호우 발생 시 도로 및 시가지 침수위험 발생 우려,20230525,,,조암들,,482202023017,,-1,해수위 고조 및 집중호우 발생 시 도로 및 시가지 침수위험 발생 우려,,0,,,1,,,,001,,,,,,,-1,,0,,,,2023/07/03 11:17:40.000000000,,2,21,,
5218011200,,,지방2급하천,,5218000000,,,,133000.0,,,,,,,금붕1,172,침수피해,,,,금붕1지구,,521802024016,,-1,침수피해,,0,,,1,,,,001,,,,,,,013,,0,,,,2024/12/23 20:21:07.000000000,,2,4,,
4376025025,,,지방관리,,4376000000,,,,637000.0,,시설7급,,,,,신항천,112,침수위험지구,20211112,,,신항,,437602022027,,-1,침수위험지구,,0,,,1,,,,001,,,,,,,010,안전정책과,0,,,,2024/04/09 13:50:10.000000000,,2,3,,
4678025339,,,지방2급하천,,4678000000,,,,1522000.0,,안전건설과 시설8급,,,,,벌교양촌,1389,"하천과 농경지 구거, 배수로의 통수단면적 부족으로 자연배재가 불가한 저지대 침수피해 우려",20240312,,,벌교양촌,,467802024014,,19,"하천과 농경지 구거, 배수로의 통수단면적 부족으로 자연배재가 불가한 저지대 침수피해 우려",,0,,기타,1,안전건설과 시설5급,,,001,,,,20291231,,보성군청,013,안전건설과 시설6급,0,,,2024,2024/03/26 18:37:12.000000000,,2,4,,
4885037028,,,지방관리,,4885000000,,02,,3505037.0,,,,,Y,,화포,51,침수위험,20211022,,,화포,,488502021021,,19,침수위험,,0,,기타,1,시설6급,,,001,,,,,,,010,시설7급,0,,,,2024/09/26 11:26:13.000000000,,1,551,,
4776031034,,,,,4776000000,,02,,47035.0,20220307,건설안전과,,48.0,Y,,제방,685,"
신구천 하류에 위치한 국도31호선 통과 BOX의 단면부족에 따른 홍수 지체 및 월류에 의한 침수피해 발생지역
",20220307,,,신구,,477602022018,,2,침수위험,,0,,낙동강,2,건설안전과 재난방재팀장,,,001,2.0,,,,,건설안전과,-1,건설안전과 재난방재팀,0,,20220307,2022,2024/05/08 15:18:29.000000000,,2,,,
4729025031,,,군도,1.0,4729000000,,01,,8703.0,,도로철도과 시설7,,10.0,Y,0.5,대부잠수교,592,"- 계획홍수위 이하 교량으로 매년 호우 및 태풍 발생시 침수 위험
- 잦은 침수와 노후화로 인한 유실 위험 상존",20230411,,,대부잠수교지구,3.0,472902023026,0.0,2,계획 홍수위 이하 교량으로 호우시 침수 및 노후화로 유실 위험,,0,,낙동강,1,안전총괄과장,1.0,,005,5.0,,,,,경산시청,004,안전총괄과 시설6,0,,20201218,2023,2024/09/27 11:11:10.000000000,금호강 하천기본계획,1,21,,관리주민
5011025929,,,지방관리,,5011000000,,,,75866.0,,제주시 안전총괄과 복구지원팀장,,100.0,Y,2.27,교래,589,천미천 계획홍수위 보다 낮은 저지대로 하천수위 상승 시 내수배제 불량으로 인한 침수피해 발생,20230412,,,교래,,501102023058,43068.0,19,"상류 유역에서 지표면의 낮은 곳을 따라 유출이 발생한 뒤 하류부 저지대로 단시간 내 우수 집중현상 및 내수배제 불량으로 침수피해가 발생하고 있어, 우수저류지 신설, 배수펌프장 신설, 우수관거 신설 등으로 침수피해 예방",,0,,기타,2,제주시 안전총괄과장,1.0,81.0,001,,,,,,제주시 안전총괄과,010,제주시 안전총괄과 시설6급,0,,,,2024/10/01 12:11:05.000000000,제2차 제주특별자치도 자연재해저감 종합계획,2,0,,교래리장 
4725035034,,,기타,,4725000000,,02,,897948.0,,건설과/시설8 이수현,,,,,저수지,730,가뭄으로 인한 농업용수 부족에 따른 농작물 피해예방,20230322,,,공성(효곡봉산),,472502023019,,-1,"소규모 양수장, 취입보, 계곡수 등에 의하여 용수를 공급하고 가뭄 시 모내기 용수확보도 어려운 유역의 말단 지역으로 매년 상습적인 한해피해지역",,0,,,1,안전재난실장,,,007,,,,,,건설과,050,안전재난실/시설7,0,,,,2023/04/27 21:33:33.000000000,,1,,,
5274031033,,,지방관리,,5274000000,,,,38400.0,,,263.0,,Y,1.64,동고천,1120,"제방고 및 하폭협소
월류에 따른 침수위험",20230511,,,동고,,457402023021,,5,제방고 및 하폭 협소로 제방 월류에 따른 하천변 가옥 침수위험,,0,,섬진강,1,,5.0,54.0,001,,,,,,,010,,0,,20170701,2023,2023/09/19 11:28:03.000000000,장수군 소하천정비종합계획,2,,,
4790034042,,,기타,,4790000000,,02,,16986.0,20240530,감천면/지방시설서기,277.0,69.0,,,"수한천, 소규모공공시설(세천)",466,제방 월류 및 하천시설물의 노후로 침수피해 발생지역,20240530,20160527,,수한지구,,479002024022,,2,세천 및 소하천 유역에서 발생한 산사태로 다량의 토석류 발생에 따라 유속 잡물이 소하천으로 유입되어 하도 및 교량단면 폐색 등으로 통수능력 저하에 따른 하천수위상으로 인한 침수피해 발생,,0,,낙동강,1,안전재난과/안전재난과장,1.0,29.0,001,38.0,,,,,예천군청,050,안전재난과/시설주사보,0,,20240530,2024,2024/06/04 17:33:02.000000000,수한 자연재해위험개선지구,1,,,
4790034042,,,기타,,4790000000,,,,4016.0,20240530,감천면/지방시설서기,277.0,69.0,,,"수한천, 소규모 공공시설",466,산지의 급경사로 인해 토석류 발생하여 주거 피해지역,20240530,20160527,,수한지구,,479002024024,,2,세천 및 소하천 유역에서 발생한 산사태로 다량의 토석류 발생에 따라 유속 잡물이 소하천으로 유입되어 하도 및 교량단면 폐색 등으로 통수능력 저하에 따른 하천수위상으로 인한 침수피해 발생,,0,,낙동강,1,안전재난과/안전재난과장,1.0,29.0,002,38.0,,,,,예천군청,050,안전재난과/시설주사보,0,,20240530,2024,2024/06/04 17:40:15.000000000,수한 자연재해위험개선지구,1,,,
4159012200,,,기타,,4159000000,,,,47520.0,,,,,,,황계지구,134,침수 위험,20230424,,,황계지구,,415902024003,,-1,침수 위험,,0,,,1,,,,001,,,,,,,050,,0,,,,2024/07/09 13:03:06.000000000,,1,,,
5173038023,,,농로,,5173000000,,02,,255173.0,20230324,재난안전과 임기제다급,275.0,47.0,Y,4.55,월현지구,596,"집중호우, 대설에 따른 진입도로 두절 고립발생",20230324,,,월현지구,5.0,427302023029,,1,"월현마을 진입을 위한 유일한 방법은 월현교지점 우측방향 약 1.0km의 마을진입도로를 이용하는 방법으로 진입도로가 응달을 형성하고 있어 대설로 교통이 두절되거나, 교행이 불가한 제방도로의 열악한 환경으로 인한 마을 및 이용자 고립 발생 위험이 있음",,1,,한강,2,재난안전과장,2022.0,,004,26.0,,,,,횡성군청,049, 재난안전과 임기제다급,0,,20220708,2023,2024/10/25 09:23:11.000000000,하천기본계획,1,1,,
4617036032,,,지방관리,,4617000000,,,4617036032100380026053197     ,141300.0,,지방시설7급,,,,,문평천,38,집중호우시 지방하천(문평천) 수위 상승에 따른 내수배제 불량,20210719,,,문평천,,461702023024,,-1,외수위 상승으로 내수배제 불량,,0,,,1,지방시설5급,,,001,,,,,,나주시청,010,지방공업9급,0,,,,2024/04/11 10:49:18.000000000,,1,7,,
5271034025,,,지방2급하천,,5271000000,,02,,42000.0,20240314,재난안전과 시설7급,,,N,,오도지구,1009,매년 우기철 집중호우 시 오도천(지방) 수위 상승에 따른 세월교 월류로 인해  상류 주거지 및 상가 고립 등 주민 이동권 제한 및 유실 발생 ,20240314,20120927,,오도지구,,527102024048,,9,"매년 우기철 집중호우 시 오도천(지방) 수위 상승에 따른 세월교 월류로 상류 주거지 및 상가가 고립되어, 주민 이동권 방해 및 유실에 의한 인명사고 위험성이 있음",,0,,만경강,1,재난안전과장,1.0,85.0,004,,,,,,완주군청,013,재난안전과 시설7급,0,,,2024,2024/04/22 08:23:01.000000000,,1,0,,
4885025026,,,지방관리,,4885000000,,02,,29600.0,,,,,Y,,흥룡호암,1133,침수위험,20211022,,,흥룡호암,,488502021023,,5,침수위험,,0,,섬진강,1,시설6급,,,001,,,,,,건설교통과,010,시설7급,0,,,,2024/09/26 13:01:10.000000000,,1,2,,
4831039021,,,지방관리,,4831000000,,02,,15710.0,,해양항만과 시설 7급,,158.0,,3.0,구영지구,329,"폭풍해일, 조위상승 등 월파로 인해 도로 및 시설물 유실 피해 발생",20221115,,,구영지구,,483102022033,,-1,해일 및 조위 상승 등에 의한 월파,,0,,,1,시민안전과 시설 6급,,,006,88.0,,,,,거제시 해양항만과,010,시민안전과 시설7급,0,.,,,2024/04/05 15:53:06.000000000,,2,7,,
5180033023,,,지방2급하천,,5180000000,,02,,16852.0,20210830,양구군 건설과 시설9급,200.0,70.0,,1.0,수입천,145,"양구서천(국가)의 지류 하천으로서, 하폭, 제방고 및 제방 여유고가 부족하여 강우 발생시 하류지역 고립",20210830,20100101,,금악지구,,428002021016,,1,"교량 하폭, 제방고 및 제방 여유고가 부족",,1,,한강,3,양구군 건설과,,,004,45.0,,,,,양구군,013,양구군 건설과,0,,,2021,2024/09/24 17:40:21.000000000,,3,,,
4686034022,,,지방1급하천,,4686000000,,02,,2792864.0,,시설6급,,30.0,Y,,엄다천지구,1087,지방하천 엄다천 통수단면적 부족에 따라 상습 침수피해 발생,20220711,,,엄다천지구,,468602024023,,-1,지방하천 엄다천 통수단면적 부족에 따라 상습 침수피해 발생,,0,,,2,,,,001,10.0,,,,,전라남도,012,시설7급,0,,,2023,2024/06/29 23:42:54.000000000,,2,0,,
4477038029,,,지방2급하천,0.0,4477000000,,02,4477038029101440004012807     ,125157.0,,안전총괄과,,60.0,,0.83,하천,144,"집중호우시 판교천,현암천 수위상승에 의한 하천범람 및 내수침수 위험으로 인명 및 재산피해가 예상되는 지역",20230510,,,판교,0.0,447702023007,4.0,-1,"집중호우시 판교천,현암천 수위상승에 의한 하천범람 및 내수침수",,0,,,1,안전총괄과,,,001,30.0,,,,,서천군,013,안전총괄과,0,,,,2023/05/11 10:44:34.000000000,,2,4,,
5274025028,,,지방2급하천,,5274000000,,,4574025028104210000013244     ,93000.0,,,263.0,,Y,0.9,하평천,421,"제방고 및 하폭협소
월류에 따른 침수위험",20230511,,,하평,,457402023023,,3,제방고 및 하폭 협소로 제방 월류에 따른 하천변 가옥 침수위험,,0,,금강,1,,5.0,54.0,001,,,,,,,013,,0,,20130501,2023,2023/09/19 11:32:38.000000000,하평천 하천기본계획,2,0,,
4480037026,,,기타,,4480000000,,,,204557.0,,안전관리과 시설7,136.0,74.0,N,,해안정비,490,폭풍해일고에 대한 여유고 부족 및 만조로 인한 수위 상승 시 저지대 내수배제 불량으로 침수피해 위험,20230330,,,어사,,448002024009,,019,"극한강우 및 태풍 시 해안가 인접 상가, 내수배제 불량으로 인근 주거지, 농경지 등 침수 위험",,0,,기타,1,안전관리과 시설6,1.0,,006,43.0,,,,,홍성군청,050,안전관리과 시설7,0,,,,2024/03/29 18:00:25.000000000,,2,8,,마을이장
5123011100,1.0,,기타,,5123000000,,02,,88000.0,,재난안전과 시설7급,,348.0,Y,2.0,등봉천,37,삼척오십천 외수위 상승시 등봉천 수위상승으로 인해 내수배제가 불량하여 상습적으로 침수,20220328,20121019,,자원,,422302021016,20762.0,15,삼척오십천 외수위 상승시 등봉천 수위상승으로 인해 내수배제가 불량하여 상습적으로 침수,,0,,삼척오십천,1,재난안전과 방재담당,,,001,13.0,0.0,10.0,,하류이설 180m 구간 · 교량 재설치(7개소) · 축제 및 보축(L=700m) · 펌프장 1개소,삼척시 재난안전과,050,재난안전과 시설7급,0,,20200723,2021,2024/05/24 15:55:13.000000000,소하천정비종합계획,1,2,,
5271025627,,,기타,,5271000000,,02,,304406.0,20230330,재난안전과 시설7급,144.0,2125.0,Y,2.51,신지지구,1580,집중호우시 수위상승에 따른 내수배제 불량 및 배수시설의 통수능 부족,20230330,20120927,,신지지구,,457102022044,3.0,9,만경강 수위상승에 따른 내수배제 불량 및 배수시설의 통수능 부족,,0,,만경강,2,재난안전과장,1.0,,001,682.0,,,,해당없음,재난안전과,050,재난안전과 시설7급,0,,,2023,2024/04/22 17:59:22.000000000,,1,6,,이장
5274035028,,,지방2급하천,,5274000000,,,4574035028110920000000001     ,120600.0,,계남면 사회복지8급,263.0,,Y,1.27,유천,1092,"제방고 및 하폭협소
월류에 따른 침수위험",20230511,,,유천1,,457402023019,,3,제방고 및 하폭 협소로 제방 월류에 따른 하천변 가옥 침수위험,,0,,금강,1,안전재난과 시설6급,5.0,54.0,001,,,,,,안전재난과,013,안전재난과 시설7급,0,,20031201,2023,2024/04/18 14:52:08.000000000,유천 하천기본계획,1,0,,
5274032030,,,지방관리,,5274000000,,,,28800.0,,,265.0,,Y,1.49,원대론천,1269,"제방고 및 하폭협소
월류에 따른 침수위험",20230511,,,원대론,,457402023022,,5,제방고 및 하폭 협소로 제방 월류에 따른 하천변 가옥 침수위험,,0,,섬진강,1,,5.0,85.0,001,,,,,,,010,,0,,20230511,2023,2023/09/19 11:28:46.000000000,장수군 소하천정비종합계획,2,,,
5271036025,,,기타,,5271000000,,02,,123506.0,,재난안전과 시설7급,100.0,20.0,,,남봉지구,470,만경강 계획홍수위보다 낮은 저지대에 위치하여 집중호우시 하천 외수위 상승 및 배수로 통수능 부족으로 저지대 산업지 및 농경지 등의 상습침수 발생,20240314,20120927,,남봉지구,,527102024047,,9,내수배제 불량 및 배수시설의 통수능 부족으로 저지대 가옥 및 농경지등의 상습적인 침수피해가 발생하여 인명 및 재산 피해 우려가 큼,,0,,만경강,1,재난안전과장,1.0,30.0,001,4.0,,,,,완주군청,050,재난안전과 시설7급,0,,20240314,2024,2024/04/21 20:18:15.000000000,,1,28,,
5214036022,,,지방1급하천,,5214000000,,02,,169854.0,,익산시 건설과 시설7급,,,Y,6.16,연동지구,636,산북천(지방하천)은 자기류 제방으로 계획되었으나 연동제수문 높이가 낮아 금강 홍수위 상승시 배수영향으로 산북천 저지대 마을 및 농경지 침수피해 가중,,20230927,,연동지구,,521402025026,1055427.0,3,금강 홍수위 상승시 배수영향으로 제수문을 월류하고 배수펌프장 미설치로 인한 침수,,0,,금강,1,익산시 건설과 시설5급,,,001,,,,,,,012,익산시 건설과 시설7급,0,,,,2025/03/10 22:11:32.000000000,금강공주+금강하구언1권역 하천기본계획,2,26,,
2638010600,,,지방도,,2638000000,,00,,14012.0,,다대1동 행정 사무장,647.0,510.0,N,,다대 자연재해위험개선지구,850,집중호우 시 내수배제 불량으로 인한 저지대 상습침수,20220513,,,다대지구,,263802022007,,19,"상습침수->고지배수로 신설, 하수관거 개량, 게이트펌프 1개소, 배수펌프장 1개소 신설로 침수 예방",,0,,기타,1,안전총괄과 행정 6급 박미경,3.0,76.0,001,170.0,,,,,안전총괄과,002,안전총괄과 시설 9급 이수현,0,,,,2024/04/11 19:58:11.000000000,,2,19,,2통장
4376031021,,,,,4376000000,,,,67900.0,,안전정책과 시설7,346.0,30.0,,,저무니지구,985,하천 범람,20220429,,,저무니지구,,437602023032,,-1,하천 재해,,0,,,1,안전정책과장,6.0,,001,16.0,,,,,,-1,안전정책과 시설7,0,,,,2024/11/18 17:48:53.000000000,,2,,,
4715034027,,,지방1급하천,,4715000000,,,,3410558.0,,안전재난과,,,,,지방하천,30,"광천지구는 하천재해 및 내수배제 불량에 따른 건물 및 주택 침수가 69동, 205ha 발생하는 지역으로 주거지의 침수 위험 상존으로 인해 주민의 인명 및 재산의 피해가 예상",20230420,,,광천,,471502023014,,2,"지방하천(광천천) 내수배제 불량으로 주택 및 농경지 침수 우려
50년 강우빈도 발생 시 배수펌프장 용량부족으로 침수 위험",,0,,낙동강,1,안전재난과,,,001,,,,,,안전재난과,012,안전재난과,0,,,2023,2024/04/11 13:52:09.000000000,,1,2,,
4377032028,,,기타,,4377000000,,02,,302000.0,,시설7급,,,,,오성지구,335,"하천 수량이 풍부하지 않은 소하천 유역 및 지하수량 부족으로 인한 관정개발이 어려운 지역으로 농번기, 한해 시 가뭄피해 발생.",20220525,,,오성,,437702023019,,19,소하천 유역 및 지하수량 부족,,0,,기타,1,시설6급,,,007,,,,,,음성군청 균형개발과,050,시설7급,0,,,2022,2024/04/09 17:13:42.000000000,,2,7,,
2771025022,,,,,2771000000,,,,4144.0,,,,,,,월성지구 자연재해위험 개선지구 정비사업,1368,"·태풍 및 집중호우 시 낙동강 외수위 상승 및 내수배제 불량으로 피해 우려
·펌프시설 노후화로 시가지 및 공장 지역 침수 피해 우려",20230502,,,월성지구,,277102024008,,-1,하천의 외수범람 및 내수배제 불량으로 인한 침수가 발생하여 인명 및 건축물·농경지 등의 피해를 유발하였거나 침수 피해가 예상,,0,,,2,,,,001,,,,,,,-1,,0,,,,2024/08/13 10:24:30.000000000,,1,4,,
4889040028,5.0,,지방2급하천,,4889000000,,02,,214237.0,,안전총괄과 방재담당,186.0,360.0,Y,2.57,상부천,1262, - 내수침수 및 하천재해의 피해 원인을 정비하여 주민의 생명과 재산을 보호하기 위함,20220509,20171130,,상부 자연재해위험개선지구 정비사업,1.0,488902021027,176200.0,-1,"-기존제방고 부족으로 인한 월류 침수피해 발생
- 제내지는 주거지 및 농경지(과수원, 논)가 위치하고 있으며 월류 발생 시 침수피해 예상",,0,,,1,안전총괄과장,1.0,,001,,0.0,10.0,,,합천군 안전총괄과,013,안전총괄과 시설7급,0,,20190816,,2024/04/08 14:59:11.000000000,황강하류권 하천기본계획 변경,2,0,,적중면 환경개발담당
4884033025,5.0,,지방2급하천,0.0,4884000000,,01,,49285.0,20220328,재난안전과 지방시설서기,,64.0,Y,1.1,삼화천,1056,영향범위내 주거밀지가 위치하고 있으며 하폭 및 제방고 부족으로 침수 위험 피해가 발생 확률이 높음,20220905,,,삼화천,0.0,488402021022,21450.0,5,영향범위내 주거밀지가 위치하고 있으며 하폭 및 제방고 부족으로 침수 위험 피해가 발생 확률이 높음,,0,,섬진강,1,재난안전과 지방시설주사,,,001,32.0,0.0,10.0,,,경상남도,013,재난안전과 지방시설서기,0,,20220316,2022,2023/04/30 16:02:29.000000000,하전정비계획,2,0,,
5172025022,1.0,,지방관리,0.0,5172000000,,02,4272025022100160003034783     ,662210.0,20230406,시설8급,,6959.0,N,3.0,주거지역,16,침수위험,20230406,,,중심지구,0.0,427202022021,20.0,-1,내수재해,,0,,,1,시설6급,,,001,2320.0,0.0,10.0,,,홍천군,010,시설8급,0,,20200101,2023,2024/05/16 11:21:47.000000000,하천정비기본계획 및 소하천정비,1,3,,
4790034040,,,기타,2.0,4790000000,,02,,13605.0,20240530,안전재난과/지방시설서기,330.0,90.0,Y,2.65,"자봉천, 소규모공공시설(세천, 마을진입로)",196,소하천과 세천의 통수단면 부족으로 침수피해 및 토석류 피해 발생지역,20240530,20160527,,진평지구,,479002024021,7.0,2,"집중호우로 인한 제방 및 호안 붕괴, 토석류 유입",,0,,낙동강,1,안전재난과/안전재난과장,1.0,24.0,001,34.0,,,,,예천군청,050,안전재난과/시설주사보,0,,20240530,2024,2024/06/04 17:13:22.000000000,진평 자연재해위험개선지구,1,5,,
4375025027,,,지방관리,,4375000000,,02,4375025027104460001007243     ,79259.0,20250203,안전정책과 시설6 이해선,,,Y,2.58,온수골 자연재해위험개선지구 정비사업,767,하천의 외수범람 및 내수배제 불량으로 인한 인근 주거지 및 농경지 침수피해 우려,20250203,,,온수골,,437502025015,,3,하천의 외수범람 및 내수배제 불량으로 인한 인근 주거지 및 농경지 침수피해 우려,,0,,금강,1,안전정책과 시설6 이해선,6.0,,001,,,,,,진천군청,010,안전정책과 시설6 이해선,0,,20250203,2025,2025/02/06 09:30:50.000000000,온수골 자연재해위험개선지구 정비사업,2,7,,안전정책과 시설6 이해선
4689033030,,,군도,,4689000000,,00,,15000.0,20191218,고금면 시설7급,,173.0,N,,도로,309,"조위상승, 너울성 파동 등으로 해수가 월류되어 인명피해 및 주택 피해를 예방하기 위함",20191218,,,덕동지구,,468902022019,,19,"조위상승, 너울성 파동 등으로 해수가 월류되어 도로 및 주택 침수피해",,0,,기타,2,안전건설과 시설6급,,,006,100.0,,,,,고금면,004,안전건설과 시설8급,0,,,2019,2024/05/17 17:32:21.000000000,,3,22,,
4315031024,,,기타,0.0,4315000000,,02,,409730.0,20231106,안전정책과 시설7급,,100.0,N,4.34,중전천,200,침수위험대응,20230428,20061013,,중전천지구,0.0,431502023015,,1,침수,,0,,한강,1,안전정책과 시설5급,,,001,39.0,,,,,제천시청,050,안전정책과 시설7급,0,,20230428,2022,2025/01/14 17:05:11.000000000,소하천기본계획,1,0,,중전리장
5274034025,,,지방관리,,5274000000,,,,38675.0,,,132.0,,,,새룡천,1592,호안 및 교량 노후화로 유실 및 파손 위험,20230511,,,새룡,,457402023026,,3,새룡소하천 제방고 및 하폭 부족,,0,,금강,1,,5.0,35.0,001,,,,,,,010,,0,,,2023,2023/09/19 13:22:14.000000000,,1,,,
5279025029,,,,,5279000000,,02,,703826.0,20250401,안전총괄과 시설주사보,,405.0,Y,,와촌천,681,복합재해 예방사업으로 추진으로 자연재해에 선제적 대응 등,20250401,,,와촌지구,,527902025025,,-1,집중호우 등,,0,,,1,안전총괄과 시설사무관,,,001,81.0,,,,,고창군청,-1,안전총괄과 시설주사보,0,,,2025,2025/03/31 17:47:29.000000000,,2,,,은동마을 이장
4886025021,,,기타,,4886000000,,,,118200.0,20250414,안전총괄과 시설6급,59.0,,,,산청지구,246,배수관로 단면적 부족으로 최근 발생하는 국지성 호우에 관로의 역류 등 침수로 인명·재산 피해 ,20250414,,,산청지구,,488602025025,,2,"국가하천 남강 수위의 영향으로 내수배제 불량과 관로능력 부족에
의한 산청시장 및 주거지의 상습적 침수피해",,0,,낙동강,1,,2.0,59.0,001,,,,,,,050,안전총괄과 시설6급,0,,,2025,2025/04/14 13:05:23.000000000,,2,1,,
4413325036,,,국가하천,0.0,4413300000,,01,,403048.0,20250321,안전총괄과 시설7급,,459.0,Y,,안성천,271,"주변지대보다 저지대이며, 안성천 및 입장천 수위 상승시 배수가 원활하지 않아 내수침수 피해 발생",20250425,,,안궁,0.0,441332025009,,-1,"1. 안성천 및 입장천에 인접한 지구내 주택 및 공장등 농지가 주변지역보다 낮은 저지대 지역(자연배제 불량)이고, 배수시설불량(내수침수) 등으로 인하 내수침수 위험이 매우 높은 지구임
2. 지구내 주택 및 공장 등지역의 우수관망 성능이 확중되지 않아 집중호우시 저지대 침수피해 발생
3. 태풍 및 집중호우시 안성천 및 입장천의 배수영향을 농경지, 상가, 주택지 침수, 재산피해 및 인명피해 우려가 매우 높므",,0,,,1,안전총괄과 행정5급,,,001,127.0,,,,,,011,안전총괄과 시설7급,0,,,2025,2025/04/16 18:10:07.000000000,,2,2,,
4476042025,,,,,4476000000,,02,,279487.0,,부여군 안전총괄과,,46.0,,1.79,정암,465,2023년 7월 집중호우 시 외수위(지방하천 금천) 상승에 따른 내수배제 불량지역으로 강제 배수시설 미비에 의한 주거지 및 농경지 침수 발생,20250425,,,정암,,447602025012,20.0,3,금강 및 금천수위 상승에 따른 내수 배제 불가로 인한 침수,,0,,금강,1,안전총괄과장,,,001,23.0,,,,,안전총괄과,-1,안전총괄과 시설7급,0,,,,2025/04/23 12:58:37.000000000,장암천,1,2,,
4825034022,,,기타,,4825000000,,,4825034022112780002000001     ,59152.0,,하천과 시설7,,,,,퇴래지구,1278," - 하천 통수능력 부족 및 지형적 저지대로 내수배제 불량
 - 공장 내 상주인원이 머무는 상황으로 침수 발생 시 인명피해 발생 가능성 및 지구지정에 따른 관리 필요",20250423,,,퇴래지구,,482502025012,,2,저지대 상습침수피해 발생,,0,,낙동강,1,하천과 시설6,,,001,,,,,,김해시청,050,하천과 시설7,0,,,2025,2025/04/23 12:50:36.000000000,,1,2,,
4691034031,,,,,4691000000,,,,18300.0,,안전총괄과 지방시설8급,,16.0,,,"주거지, 공공시설",1196,해일위험,20250414,,,내포,,469102025042,,-1,해일위험,,0,,,1,안전총괄과 지방시설5급,,,006,9.0,,,,,신안군청,-1,안전총괄과 지방시설8급,0,,,,2025/03/28 13:32:29.000000000,,2,8,,
4691036034,,,,,4691000000,,,,3700.0,,안전총괄과 지방시설8급,,36.0,,,주거지,130,해일위험,20250414,,,다물도,,469102025043,,-1,해일위험,,0,,,1,안전총괄과 지방시설5급,,,006,24.0,,,,,신안군청,-1,안전총괄과 지방시설8급,0,,,2025,2025/03/28 13:32:55.000000000,,2,15,,
4691038022,,,,,4691000000,,,4691038022103480001000003     ,24589.0,,안전총괄과 지방시설8급,,129.0,,,"주거지, 행정시설",348,침수위험,20250414,,,모농,,469102025045,,-1,침수위험,,0,,,1,안전총괄과 지방시설5급,,,001,43.0,,,,,신안군청,-1,안전총괄과 지방시설8급,0,,,2025,2025/03/28 13:36:13.000000000,,2,1,,
4827036027,,,지방1급하천,,4827036000,,02,,250000.0,,재난관리과,,,,,상남제,882,단면부족으로 범람우려,20020207,20120920,국토교통부,조동지구,,482702013017,,19,붕괴,정비완료(해제),0, [지점번호:마마13201297],기타,4,지방시설주사,,,003,,,,20080108,제방보강 완료,밀양시청,012,지방시설주사보,0,,,,2016/07/18 11:31:26.000000000,,1,,005,
4827036029,,,기타,,4827036000,,02,,100000.0,,지방시설주사보,,,,,어은배수장,757,상습침수지역,20060504,20120920,농림축산식품부,어은지구,,482702013018,,19,상습침수 지역,정비완료(해제),0,경상남도 밀양시 상남면 어은길  31    ,기타,4,지방시설주사,,,001,,,,20080108,배수장 신설 설치완료함,밀양시청,050,지방시설주사보,0,,,,2016/07/18 11:32:32.000000000,,3,2,002,
4827038022,,,기타,0.0,4827038000,,02,4827038022102610001077468     ,138064.0,20130107,안전재난관리과,283.0,46.0,N,0.0,배수장,261,주민생명과 재산피해예방,20130107,20120920,행정안전부,신법지구,0.0,482702013019,0.0,19,침수,,0,밀양시 무안면 신법리 12-1,기타,4,안전재난관리과,1.0,43.0,001,23.0,,,20181129,,밀양시청,050,안전재난관리과,0,밀양시 무안면 신법리 12-1,,2013,2020/11/24 15:10:27.000000000,,2,1,001,신법이장
4831010500,,침수위험,지방2급하천,0.0,4831054000,,00,,0.0,20160126,"아주동, 시설9급",240.0,0.0,N,0.0,아주천,1607,집중호우시 하천 미개수로 하천범람으로 인근 농경지 및 가옥,20010308,,행정안전부,아주지구,0.0,483102002002,0.0,19,집중호우로 하천수위 상승시 하천 미정비로 하천범람으로 인한 인근 농경지 및 가옥 침수피해 발생,,0, [지점번호:마라08465319],기타,4,안전총괄과 시설6급,2.0,35.0,001,0.0,,,20130627,,거제시,013,안전총괄과 시설7급,0,,,,2016/07/18 14:22:22.000000000,,2,85,001,
4833011000,,,기타,,4833053000,교동빗물펌프장,,,430000.0,,,,,,,교동빗물펌프장,240,저지대로 강우시 침수위험,19850301,,환경부,교리지구,,483302013015,,19,침수위험 해소,,0, [지점번호:마마38740643],기타,4,,,,001,,,,20030629,빗물펌프장 신설로 침수위험 제거,,050,,0,교동빗물펌프장,,,2021/06/22 10:31:46.000000000,,2,2,013,
4833010600,,,기타,,4833052000,신기빗물배수펌프장,,,460000.0,,,,,,,신기빗물배수펌프장,562,저지대로 강우시 침수위험,19980301,,행정안전부,신기지구,,483302013016,,19,침수위험요인 해소,,0,경상남도 양산시  양산대로  895   (신기동),기타,4,,,,001,,,,20030629,빗물배수펌프장 신설로 위험요인 해소,,050,,0,신기빗물배수펌프장,,,2021/06/22 10:31:37.000000000,,2,2,001,
4824031025,,외수침수,지방2급하천,,4824031000,,,,,,사천시 정동면사무소,200.0,,,,사천강,2,미개수된 하천으로 하천폭이 부족 일우량 200mm 이상시 상습침수,19991026,,행정안전부,정동,,482402001002,,19,"통수단면 부족으로 집중호우시 하천범람으로 상습침수가 빈벌한 지구임
하천 미개수된 지역으로 현하폭이 50m이나 계획하폭 70m로 하폭 절대부족
현제방고 2.0m이나 계획제방고 3.5m임",,0, [지점번호:라라56417359],기타,4,재난안전과 시설6급,3.0,40.0,001,,,,20060228,,055-831-5505,013,재난안전과 시설8급,0,,,,2016/07/26 17:45:17.000000000,,2,,001,만마리장
4824036000,,산사태,기타,,4824000000,신산마을,,,,,사천시 곤명면사무소,200.0,,,,신산절개지,,2000. 2. 18 지반 침하(균열) 발생 되었으며 2차 붕괴 우려 지정,20020101,,농림축산식품부,신산,,482402001004,,13,"1차 침하(균열) 부분으로 우수기에 지표수 유입으로 2차 붕괴 우려됨
인근 방장사 및 가옥 유실 우려",,,,가화강,4,재난안전과,22.0,40.0,002,,,,20020604,2002. 5.19 공사준공으로 인한 재해위험해소,,050,재난안전과,0,,,,2016/07/26 17:43:41.000000000,,3,,002,
4824034000,,산사태,지자체소유림,,4824034000,,,,,,사천시 녹지과 지방임업7급,150.0,,,,탑리지구 산사태,,불량 토질에 의한 산사태 발생우려,20020101,,산림청,탑리,,482402001005,,13,"호우시 불량토질로 인한 산사태(토사유출) 우려
토사유출시 마을 진입도로 및 하천 매몰로 월류에 의한 하류 공장지대 침수 우려",,,,가화강,4,사천시 건설과 건설과장,2.0,30.0,002,,,,20020817,,,015,사천시 건설과 방재담당,0,,,,2016/07/26 17:43:03.000000000,,2,,004,
4824011600,,내수침수,지방2급하천,0.0,4824000000,신향마을일원,02,4824011600200460002015994     ,14600.0,20151202,향촌동사무소,200.0,48.0,N,0.0,봉남천,1198,"우수시 저지대 침수로 지역주민의 재산 및 인명피해 발생우려
(최초지정 : 2005. 10. 7,  재지정 : 2006. 3. 7)",20051007,20100715,,신향,0.0,482402006004,0.0,2,우수시 내수배제 불량으로 저지대 침수,,0,,낙동강,4,재난안전과,2.0,40.0,001,38.0,,,20230302,,사천시청,013,재난안전과,0,,,,2023/09/01 16:12:50.000000000,,2,2,,향촌동
4824010300,,내수침수,기타,,4824052000,중앙시장일원,00,,,,선구동사무소 7급,200.0,,N,,중앙시장,470,우수시 저지대 침수로 지역주민의 재산 및 인명피해 발생 우려,20051007,,행정안전부,중앙시장,,482402006001,,19,우수시 내수배제 불량으로 저지대 침수,,0,,기타,4,재난안전과,2.0,40.0,001,,,,20110623,침수위험요인에 사업시행 완료,사천시,050,재난안전과,0,중앙시장일원,,,2016/07/26 17:42:31.000000000,,1,,001,선구동 18-410
4824035025,,,지방2급하천,,4824035000,,,,,,,,,,,곤양천,50,침수피해 발생,19991008,,행정안전부,대진,,482402012011,,19,노후교량으로 인한 주변 침수피해,,0, [지점번호:라라44397297],기타,4,,,,001,,,,20021231,정비사업 완료,,013,,0,,,,2016/07/26 17:12:10.000000000,,2,,001,
4824010100,,내수침수,기타,,4824000000,서부시장일원,00,,184126.0,,동서동사무소 동장,200.0,,N,,서부시장,200,우수시 저지대 침수로 지역주민의 재산 및 인명피해 발생 우려,20051007,,행정안전부,서부시장,,482402006002,,19,우수시 내수배제 불량으로 저지대 침수,,0,,기타,4,재난안전과,2.0,40.0,001,130.0,,,20141231,정비사업 완료로 재해위험요인 해소,사천시청,050,재난안전과,0,서부시장일원,,,2019/04/19 10:36:23.000000000,,1,,001,동서동
4824034024,,내수 침수,기타,0.0,4824000000,하탑마을 물통골,02,4824034024108490000042200     ,8300.0,20151202,축동면사무소,200.0,48.0,N,0.0,탑리천,849,"우수시 저지대 침수로 지역주민의 재산 및 인명피해 발생 우려
(최초지정 : 2005.10.7,  재지정:2006.3.7)",20051007,20100715,,하탑 물통골,0.0,482402006003,0.0,2,우수시 내수배제 불량으로 인하여 저지대 침수,,0,,낙동강,4,재난안전과,1.0,40.0,001,17.0,,,20230105,,사천시청,050,재난안전과,0,,,2005,2023/09/01 16:14:22.000000000,,1,0,,축동면 하탑마을리장
4824036023,,,지방2급하천,,4824036000,,,,,,,,,,,곤양천,50,침수위험,19980720,,행정안전부,조장,,482402012014,,19,재해시 주변 침수피해 발생,,0,,기타,4,,,,001,,,,20001231,정비사업 완료,,013,,0,,,,2016/07/26 17:10:17.000000000,,1,,001,
4824031029,,내수침수,지방2급하천,0.0,4824000000,만마마을주변,02,4824031029104950015053236     ,400000.0,20151202,정동면사무소,250.0,55.0,N,0.0,사천강,495,우수시 저지대 침수로 지역주민의 재산 및 인명피해 발생 우려,20051007,20100715,,만마,0.0,482402006005,0.0,2,우수시 내수배제 불량으로 저지대 침수,,0,,낙동강,4,재난안전과,2.0,40.0,001,32.0,,,20230302,,사천시청,013,재난안전과,0,,,,2023/09/01 16:12:27.000000000,,2,15,,정동면 학촌리
5271034021,,,기타,,5271000000,,02,,29446.0,20230330,재난안전과 시설8급,1928.0,412.0,Y,,완주군,162,"본 지구는 주변 소양천 및 공덕세천의 수위 상승시 자연배수가 불가능하여 배수로의 범람으로 인한 침수피해가 발생하였고, 향후에도 집중호우로 인한 인명 및 재산피해가 예상되는 지역임",20230330,20120927,,공덕지구,,457102023046,,9,소양천 및 공덕세천의 수위 상승시 자연배수가 불가능하여 배수로의 범람으로 인한 침수피해가 발생,,0,,만경강,1,재난안전과장,10.0,,001,,,,,,완주군 재난안전과 ,050,재난안전과 시설8급,0,,,2023,2023/04/25 13:35:42.000000000,,1,0,,이장
4377035030,,,기타,,4377000000,,,,112395.0,,재난안전과 시설8급,,,,,하천,269,제방고 및 교량 통수단면적 부족과 우기 시 원활하지 못한 배수로 인한 침수피해 발생 예방을 위해 정비 사업 시행,20230508,,,아래두리실천,,437702023021,,1,"  - 제방고 부족으로 집중호우시 월류에 의한 주거지 및 농경지 침수 발생
    - 노후 제방 및 교량이 다수 위치하고 있어 호안 유실 및 침수 발생 우려(2020년 호안 유실 및 침수 발생)
    - 하천변에 인접하여 비닐하우스가 밀집하고 있어 피해 발생시 대규모 재산피해 발생 우려",,0,,한강,1,재난안전과 시설5급,,,001,,,,,,음성군청 재난안전과,050,재난안전과 시설6급,0,,,,2024/04/12 14:14:57.000000000,,2,,,
4882031021,,,지방지정,,4882000000,,02,4882031021102700023017739     ,13427.0,20240313,"안전관리과, 시설7급",,20.0,Y,1.14,병산항,270,병산항 배후지 여유고 부족으로 파랑 및 해일에 의한 침수 발생,20240313,,,병산항지구,,488202024013,,-1,"    -  배후지의 높이가 약 DL(+)4.00m로, 설계조위 DL(+)5.183m 보다 낮음 ? 파랑 및 해일에 의한 침수 발생",,0,,,1,안전관리과 시설5급,1.0,,006,8.0,,,,,고성군청,034,안전관리과 시설6급,0,,20180516,2024,2024/03/14 13:56:04.000000000,어촌정주어항어항정비계획,2,23,,
4690034026,,,기타,,4690000000,,02,4690034026102450001000001     ,101413.0,,건설과 시설8급,,142.0,N,1.11,십일시장,245,지방하천 석교천 외수위 영향에 따른 내수배제 불량 및 우수관로 통수단면 부족으로 저지대지역(십일시장)의 상습적인 침수피해 발생,20230412,,,십일시지구,,469002024008,,19,지방하천 석교천 외수위 영향 및 우수관로 통수단면 부족으로,,0,,기타,1,건설과 자연재난팀장,,,001,71.0,,,,,진도군청,050,건설과 시설8급,0,,,,2024/04/11 11:54:03.000000000,,1,1,,이장
4423032027,,,,,4423000000,,02,,161980.0,,,,,N,,산동 자연재해위험개선지구,112,내수침수,20240319,,,산동지구,,442302024010,,3,"인근 지형보다 지반고가 낮고, 노성천계획홍수위가 지반고보다 상당히 높으며 배수시설물 부재로 내수침수 발생",,0,,금강,1,,,,001,,,,,,,-1,,0,,,2024,2024/04/11 14:55:22.000000000,,2,38,,
4721010100,,,기타,,4721000000,,,,432054.0,,안전재난과 시설7급,,,,,도시계획시설,533,"- 우수관로 통수능력 부족으로 집중호우 시, 내부배제 불량으로 인한 침수피해 우려",20230412,,,가흥2지구,,472102023016,,-1,- 우수관로 통수능력 부족 및 내부배제 불량,,0,,,1,안전재난과 행정5급,1.0,,001,,,,,,,050,안전재난과 시설6급,0,,,2023,2023/04/14 17:17:13.000000000,,1,,,
4476033033,,,지방2급하천,0.0,4476000000,,02,4476033033103770000000001     ,803753.0,20221004,부여군청 안전총괄과,,20.0,Y,1.17,웅천천,377,"2022년 8월 집중호우로 인하여 하천시설물 노후 및 통수단면 부족에 따라 제방호안, 유실붕괴, 시설하우스 및 가옥 침수 발생",20230331,20160331,,웅천,0.0,447602023006,10.0,19,하천시설물 노후 및 통수단면 부족에 따라 침수 발생 위험,,0,,기타,1,안전총괄과장,,,001,8.0,,,,,안전총괄과,013,안전총괄과 시설7급,0,,20140501,2022,2024/08/16 11:34:30.000000000,"지산천, 웅천천 하천기본계획",1,0,,
4684033033,,,,0.0,4684000000,,02,4684033033105590010018916     ,22774.0,,안전총괄과 시설8,,30.0,N,,청수1,559,석회암 공동현상으로 인한 지반침하 우려,20180319,20160519,,청수1,,468402023012,,-1,석회암 공동현상으로 인한 지반침하 우려,,0,,,2,,,,002,15.0,,,,,무안군,-1,,0,,,2024,2025/01/14 10:57:57.000000000,,1,10,,
5173036021,3.0,,지방2급하천,,5173000000,,02,,28131.0,20220329,재난안전과임기제다급,200.0,3.0,Y,9.67,상동1지구,247,고립 위험지구(집중호우시 잠수교 월류에 따른 고립위험),20220329,,,상동1지구,,427302021026,1.0,1,고립,,0,,한강,2,재난안전과장,2020.0,,004,1.0,0.0,10.0,,,횡성군청,013,재난안전과임기제다급,0,,20050604,2022,2024/09/24 09:26:45.000000000,하천기본계획,2,3,,
5221043023,,,기타,,5221000000,,,4521043023100230018038545     ,131879.0,,안전재난과 시설7급,,,,,반곡천(소하천),23,침수위험,20230223,,,봉서,,452102023017,,019,침수위험,,0,,기타,1,안전재난과 시설6급,,,001,,,,,,,050,안전재난과 시설7급,0,,,,2023/11/20 15:21:41.000000000,,1,18,,
4824010300,,내수침수,지방2급하천,,4824052000,,,,,,선구동사무소 9급,200.0,,,,삼천포천,100,우수시 저지대 침수로 지역주민의 재산 및 인명피해 발생우려,20051007,,행정안전부,문화원,,482402006006,,2,우수시 내수배제 불량으로 인하여 저지대 침수,,0,,낙동강,4,재난안전관리과 6급,2.0,40.0,001,,,,20110623,침수위험요인에 대한 사업시행 완료,사천시청,013,재난안전관리과 7급,0,,,,2016/07/26 17:21:20.000000000,,1,,001,선구동
4824010300,,,기타,,4824052000,망산공원주변,,,,,선구동사무소,200.0,,,,절개지,250,절개지 사면 불안정으로 인한 낙석위험이 있어 재산 및 인명피해 발생우려,20051007,,행정안전부,망산공원,,482402006007,,19,우수시 절개지 낙석위험,,0, [지점번호:라라52305998],기타,4,재난관리과 6급,2.0,40.0,002,,,,20120223,"정비사업 완료
주택이주 30동",사천시장,050,재난관리과 7급,0,망산공원주변,,,2016/07/26 17:17:23.000000000,,2,,001,선구동
4824025025,,내수침수,지방2급하천,0.0,4824025000,"사천읍 사주, 정동면 동계마을",02,,340000.0,20151202,사천읍사무소,250.0,0.0,N,0.0,사주리 동계,100,우수시 저지대 침수로 지역주민의 재산 및 인명피해 발생 우려,20061218,20100715,행정안전부,사주리 동계,0.0,482402007001,0.0,2,우수시 내수배제 불량으로 저지대 상습침수 피해 발생,,0,,낙동강,4,재난관리과 6급,2.0,40.0,001,0.0,,,20170629,정비사업 완료로 재해위험요인 해소,사천시장,013,재난관리과 8급,0,"사천읍 사주, 정동면 동계마을",,,2018/10/04 10:32:26.000000000,,1,,001,사천읍 사주리
4824035024,,내수침수,지방2급하천,,4824000000,당천마을일원,00,,271000.0,,곤양면사무소,250.0,,,,당천,56,우수시 저지대 침수로 지역주민의 재산 및 인명피해 발생 우려,20061218,,행정안전부,당천,,482402007002,,2,만조시 내수배제 불량으로 저지대 상습침수 피해 발생,,0, [지점번호:라라43097432],낙동강,4,재난관리과 6급,2.0,40.0,001,,,,20141231,,사천시장,013,재난관리과7급,0,당천마을일원,,,2017/02/22 15:03:38.000000000,,2,,001,곤양면 송전리
4824034023,,저지대,지방관리,0.0,4824000000,예동마을,02,,66988.0,20111019,축동면사무소,150.0,0.0,N,0.0,길평천,951,저지대 침수로 인명피해 우려,20110414,20100715,행정안전부,예동지구,0.0,482402011008,0.0,19,주택침수 30동,,0,경상남도 사천시 축동면 서삼로  1561    ,기타,4,사천시 재난안전과 시설6급,1.0,50.0,001,0.0,,,20190110,정비사업 완료로 재해위험요인 해소,사천시청,010,사천시 재난안전과 시설7급,0,예동마을,,2011,2019/04/19 10:35:18.000000000,,1,1,001,예동리장
4824010500,,,지방관리,0.0,4824000000,노산공원 절개지,02,,6729.0,20151202,동서금동사무소 동장,150.0,0.0,N,0.0,노산공원,101,절개지 붕괴시 인명건물피해,20090115,20100715,행정안전부,노산공원,0.0,482402012009,0.0,19,인명 및 건물 피해,,0,경상남도 사천시  등대길  91   (서금동),기타,4,재난관리과 시설6급,2.0,50.0,002,0.0,,,20170817,정비사업 완료로 재해위험요인 해소,사천시,010,재난관리과 시설8급,0,노산공원 절개지,,,2018/10/04 10:31:07.000000000,,2,24,001,1통장
4824032021,,,지방2급하천,,4824032000,,,,,,,,,,,죽천천,100,인명 피해,19991008,,행정안전부,죽전,,482402012010,,19,재해시 하천변 침수,,0,,기타,4,재난안전과 시설6급,,,001,,,,20021231,정비사업 완료,,013,재난안전과 시설8급,0,,,,2016/07/26 17:47:35.000000000,,2,,001,
4824032021,,,지방2급하천,,4824032000,,,,,,,,,,,죽천천,50,침수위험,19960626,,행정안전부,용두,,482402012013,,19,재해시 주변 침수피해 발생,,0, [지점번호:라라52247310],기타,4,,,,001,,,,19991231,정비사업 완료,,013,,0,,,,2016/07/26 17:11:05.000000000,,2,,001,
4822010900,,산사태,지방관리,0.0,4822000000,,02,,300.0,20151102,"정량동, 행정8급",0.0,0.0,N,0.0,정량,252,붕괴위험 상존,20100514,20160928,,정량,0.0,482201999003,0.0,-1,경사각 75˚이상 언덕붕괴지로 하단부에 접한 주거지역 인명피해 발생우려,,0,"경상남도 통영시  정량안길  7   (정량동, 대일골드맨션)",,4,안전총괄과 과장,0.0,0.0,002,0.0,,,20130809,정비사업 완료로 재해위험요인 해소,통영시청,010,안전총괄과 시설8급,0,,,,2022/04/27 14:00:52.000000000,,2,1,,2통장
4822010600,,언덕붕괴,지방관리,0.0,4822055000,,02,,3000.0,20151102,"중앙동, 행정7급",246.0,0.0,N,0.0,중앙,201,"""99.7.29∼8.4일 집중호우의 언덕붕괴지역으로 추가붕괴 위험성 상존",19991022,20160928,,중앙,0.0,482201999004,0.0,-1,경사각 60˚이상 언덕붕괴지로 점토질 사면의 슬라이딩 발생시 하단부에 접한 밀집주거지역에 인명피해 발생우려 상존,,0,,,4,안전총괄과 과장,3.0,69.0,002,0.0,,,20181002,정비사업 완료로 재해위험요인 해소,통영시청,010,안전총괄과 시설8급,0,,,,2022/04/27 14:00:16.000000000,,2,1,,6통장
4822010800,,산사태,지방관리,0.0,4822059000,,02,4822010800102150022004284     ,63000.0,20151102,"정량동, 행정8급",0.0,0.0,N,0.0,남망산,215,비탈면 하단부에 노후주택 밀집 집중호우시 토사유실 및 붕괴위험,20060303,20160928,,남망산,0.0,482202006001,0.0,-1,일부 주택 뒷편 비탈지에는 평사시에도 지하수가 용출하고 부석이 떨어지고 있으며 특히 만조와 강우가 겹칠 경우 비탈붕괴와 주택침수 등으로 대규모 인명피해의 위험이 있음,,0,,,4,안전총괄과 과장,0.0,0.0,002,0.0,,,20131227,정비사업 완료로 재해위험요인 해소,통영시청,010,안전총괄과 시설9급,0,,,,2022/04/27 15:48:02.000000000,,1,22,,23통장
4822011700,,산사태,지방관리,0.0,4822069500,,02,4822011700101980012025218     ,4000.0,20151102,"봉평동, 행정9급",0.0,0.0,N,0.0,도남,198,급경사 토사유실 및 붕괴로 인한 재해위험,20100514,20160928,,도남,0.0,482202006002,0.0,-1,급작스런 대규모 붕괴사고 발생가능성,,0,,,4,안전총괄과 과장,0.0,0.0,002,0.0,,,20130809,정비사업 완료로 재해위험요인 해소,통영시청,010,안전총괄과 시설9급,0,,,,2022/04/27 13:59:08.000000000,,2,12,,25통장
4822034024,,침수,지방관리,0.0,4822000000,,02,4822034024102800029026716     ,30000.0,20151102,"광도면, 시설9급",0.0,0.0,N,0.0,죽림,280,연접한 매립지보다 도로 지반고가 낮아 침수피해 위험,20060303,20160928,,죽림,0.0,482202006003,0.0,-1,강우시 도로 지반고가 낮아 침수피해 우려,,0,,,2,시민안전과 과장,0.0,0.0,001,0.0,,,,,통영시청,010,시민안전과 시설8급,0,,,,2024/04/12 13:45:30.000000000,,3,29,,죽림빌라이장
4822010200,,침수,지방관리,0.0,4822053000,,02,4822010200103160003000001     ,56000.0,20151102,"명정동, 행정9급",0.0,0.0,N,0.0,서호만,316,해수위 고조 기간에 집중호우나 태풍해일시 침수피해 위험,20060303,20160928,,서호만,0.0,482202006004,0.0,-1,시가지 중심지역으로써 여객선터미널과 재래시장이 있고 지구주변에 상가가 밀집해 있어 침수피해 예상,,0,통영해양사무소,,4,안전총괄과 과장,0.0,0.0,001,0.0,,,20151125,,통영시청,010,안전총괄과 시설8급,0,통영해양사무소,,,2022/04/27 13:57:21.000000000,,3,3,,1통장
4822010800,,침수,지방관리,0.0,4822000000,,02,,160000.0,20151102,"정량동, 행정8급",0.0,0.0,N,0.0,동호만,315,해수위 고조 기간에 집중호우나 태풍해일 시 침수피해 위험,20060303,20160928,,동호만,0.0,482202006005,0.0,-1,"해안저지대 지역으로서 주택 및 상가, 수산관련시설 등이 공범위하게 분포하여 침수피해예상",,0,,,4,안전총괄과 과장,0.0,0.0,001,0.0,,,20181002,정비사업 완료로 재해위험요인 해소,통영시청,010,안전총괄과 시설8급,0,,,,2022/04/27 13:56:44.000000000,,1,,,22통장
4822037024,,,지방관리,0.0,4822000000,,02,,4100.0,20151102,"사량면, 시설8급",0.0,0.0,N,0.0,외지,676,급경사 비탈면 집중호우시 붕괴위험,20100514,20160928,,외지,0.0,482202011007,0.0,-1,사면붕괴 시 토사유출 및 수목전도로 인명피해 우려,,0,경상남도 통영시 사량면 하도일주로  520-5   ,,4,안전총괄과 과장,0.0,0.0,002,0.0,,,20130809,정비사업 완료로 재해위험요인 해소,통영시청,010,안전총괄과 시설8급,0,,,,2022/04/27 13:56:13.000000000,,2,1,,외지이장
4822010200,,붕괴위험,지방관리,0.0,4822000000,,02,,3000.0,20151102," 명정동, 행정8급",0.0,0.0,N,0.0,서피랑,11,붕괴위험,20091116,20160928,,서피랑,0.0,482202011008,0.0,-1,석축붕괴 시 인명피해 우려,,0, [지점번호:라라84155045],,4,안전총괄과 과장,0.0,0.0,002,0.0,,,,,통영시청,010,안전총괄과 시설8급,0,,,,2023/04/28 14:28:48.000000000,,2,1,,6통장
4793033021,,,군도,0.0,4793000000,,02,,121243.0,20151105,안전재난건설과 ,0.0,0.0,N,0.0,수곡교,849,수곡교의 경간장 및 통수단면 부족,20101119,,,노음지구,0.0,479302011004,0.0,2,수곡교의 통수능력 부족에 따른 성류굴 주변 상가 등 침수 우려,,0,경상북도 울진군 근남면 성류굴로  221    ,낙동강,4,안전재난건설과,0.0,0.0,005,0.0,,,,,울진군,004,안전재난건설과,0,,,2015,2023/04/28 17:34:10.000000000,,3,1,,노음2리장
4793036027,,,농도,0.0,4793036000,,02,,85800.0,20151105,안전재난건설과,0.0,0.0,N,0.0,평전교,532,평전교(잠수교)의 형하여유고 부족,20101119,,국토교통부,광품지구,0.0,479302011005,0.0,2,교량 노후 및 통수단면 부족에 따른 피해발생위험 내포,,0, [지점번호:마바68746013],낙동강,4,안전재난건설과,0.0,0.0,005,0.0,,,20171030,,울진군,047,안전재난건설과,0,,,2014,2017/10/31 16:52:07.000000000,,3,1,005,광품2리장
4793034026,,,면도,0.0,4793034000,,02,,200000.0,20151105,안전재난건설과,0.0,0.0,N,0.0,여양교,781,여양교의 부등침하 및 단면부족,20101119,,국토교통부,기양지구,0.0,479302011006,0.0,2,기존 교량 및 제방의 불완전,,0, [지점번호:마바66777929],낙동강,4,안전재난건설과장,0.0,0.0,005,0.0,,,20171030,,울진군,045,안전재난건설과,0,,,,2017/10/31 16:50:43.000000000,,3,1,005,기양2리장
4822025025,,,기타,0.0,4822000000,,02,,6000.0,20151102,"산양읍, 시설8급",0.0,0.0,N,0.0,궁항,802,만조시 저지대 주택 침수· 해일 피해,20120119,20160928,,궁항,0.0,482202013009,0.0,-1,"해일, 침수",,0, [지점번호:라라80534662],,4,안전총괄과 과장,0.0,0.0,006,0.0,,,,,통영시청,050,안전총괄과 시설8급,0,,,,2023/04/28 14:29:10.000000000,,2,4,,궁항이장
4822010200,,,기타,0.0,4822053000,,02,4822010200102620005025789     ,2700.0,20151102,"명정동, 행정9급",0.0,0.0,N,0.0,흙구덕,262,비탈면 하부 붕괴시 주택피해 우려,20120119,20160928,,흙구덕,0.0,482202013010,0.0,-1,사면의 경사도가 약55도이상에 이르는 붕괴위험지역으로 집중호우시 토사유출 피해가 발생시 주택의 파손 및 매몰 등 인명피해 우려,,0,,,4,안전총괄과 과장,0.0,0.0,002,0.0,,,20160205,정비공사 완료로 위험요인 해소,통영시청,050,안전총괄과 시설8급,0,,,,2022/04/27 13:53:44.000000000,,2,5,,4통장
4822010900,,,기타,0.0,4822000000,,02,4822010900113980000018603     ,31400.0,20151102,"정량동, 행정8급",0.0,0.0,N,0.0,멘데로,1398,사면 붕괴에 따른 인명피해 우려,20120119,20160928,,멘데로,0.0,482202013011,0.0,-1,사면의 경사도가 약75도에 이르는 붕괴위험지역으로 집중호우시 낙석 및 붕괴피해가 발생할 것으로 예상,,0,제2공구,,4,안전총괄과 과장,0.0,0.0,002,0.0,,,,,통영시청,050,안전총괄과 시설8급,0,제2공구,,,2022/04/27 15:51:24.000000000,,2,0,,16통장
4822031028,,산사태,지방관리,0.0,4822000000,,02,,40000.0,20151102,"용남면사무소, 시설9급",0.0,0.0,N,0.0,어의,59,집중호우시 불량비탈면 붕괴우려,19991022,20160928,,어의,0.0,482202013012,0.0,-1,불량토질 비탈면 상하단부 노후주택 밀집되어 집중호우시 붕괴우려,,1,경상남도 통영시 용남면 어의길  93-43   ,,4,안전총괄과 과장,0.0,0.0,002,0.0,,,20090625,정비공사 완료로 위험요인 해소,통영시청,010,안전총괄과 시설8급,0,,,,2022/04/27 13:52:16.000000000,,2,,,어의이장
4792025000,,상습침수,지방2급하천,,4792025000,,,,,,봉화군 봉화읍사무소,200.0,,,,내성천 석평지구,,하천 미개수로 인한 상습적인 침수,20000320,,행정안전부,석평,,479202001004,,2,하천미개수로로 통수단면이 부족하고 제방방이 노후되어 호우시 제방유실 범람으로 인한 농경지 매몰 및 주택침수가 발생하는 지역으로 유역면적 산출을 통한 개수,,, ,낙동강,4,봉화군 건설과장,3.0,40.0,001,,,,20041224,,,013,봉화군 건설과 재난방재담당,, ,,,,,1,,001,
4822010100,,산사태,지방관리,0.0,4822000000,,02,,3000.0,20151102,"도천동, 세무8급",0.0,0.0,N,0.0,도천,23,주택밀집지 인근 급경사면 붕괴우려,19991022,20160928,,도천,0.0,482202013014,0.0,-1,주택밀집지 인근 급경사면 붕괴우려,,0, [지점번호:라라83835002],,4,안전총괄과 과장,0.0,0.0,002,0.0,,,20101221,정비사업 완료로 위험요인 해소,통영시청,010,안전총괄과 시설9급,0,,,,2022/04/27 13:50:47.000000000,,1,,,2통장
4822010200,,산사태,지방관리,0.0,4822053000,,02,,3000.0,20151102,명정동사무소 세무9급,0.0,0.0,N,0.0,벼락당,141,급경사지 붕괴로 인한 주택피해우려,19991022,20160928,,벼락당,0.0,482202013015,0.0,-1,불량 급경사지 붕괴로 인한 주택피해우려,,0,,,4,안전총괄과 과장,0.0,0.0,002,0.0,,,20031231,정비사업 완료로 재해위험 해소,통영시청,010,안전총괄과 시설8급,0,,,,2022/04/27 15:43:40.000000000,,2,1,,6통장
4792035027,,상습침수지역,지방지정,0.0,4792035000,,02,,110000.0,20100511,소천면장,250.0,50.0,N,1.0,능호지구,111,제방 여유고 부족으로 집중호우시 하천범람으로 주거지역 침수,20100511,20061221,행정안전부,능호,0.0,479202011008,0.0,2,"지방하천인 낙동강천의 기존 제방 및 교량 3개소가 하천 홍수위 아래에 있어 집중호우시 주택 침수 및 고립이 되어 
 주민들이 어려움을 겪고 있음",,0,경상북도 봉화군 소천면 여우천길  87    ,낙동강,4,안전건설과장,5.0,0.0,004,30.0,,,20180308,,봉화군,034,방재복구담당,0,,,2010,2018/08/14 11:51:52.000000000,,1,,001,이장
4817042021,,,지방2급하천,,4817000000,,,,,,하천관리과,150.0,,,,집현지구,456,폭우로 인한 하천범람으로 침수위험,20060404,,국토교통부,집현지구,,481702006001,,2,하천 통수단면 부족으로 제방범람,,0, [지점번호:라라53739410],낙동강,4,,2.0,20.0,001,,,,20101231,정비완료,,013,,0,,,,2016/07/05 11:12:55.000000000,,2,,005,
4817042030,,내수,지방2급하천,,4817042000,,02,,650000.0,,건설하천과,150.0,,,,향양지구,576,농경지침수,20060406,20061110,국토교통부,향양지구,,481702006002,,2,집중호우시 하천 미개수로 내수배제 불량,,0,,낙동강,4,,2.0,20.0,001,,,,,"향양 자연재해위험지구 정비사업(2015~2019, 경남도시행) 완료하였으나, 한국농어촌공사 '정호지구 소규모 배수개선사업(2020~2021)' 등 시행중으로
사업완료시 지구지정 해제계획임",,013,,0,,,2006,2021/05/25 17:06:10.000000000,,3,9,005,
4817025023,,하천범람,지방2급하천,,4817025000,,,,,,하천관리과,150.0,,,,문산천,561,-잦은 피해로 인한 침수예방을 위함,20070326,,국토교통부,문산지구,,481702007001,,19,"-하천 통수단면 부족으로 제방범람 및 유실
-남강, 영천강 수위상승에 따라 내수배제 불량
-하천기본계획에 의거 하천개수",,0, [지점번호:라라61658594],기타,4,,3.0,50.0,001,,,,20100731,정비완료,,013,,0,,,,2016/07/05 11:11:22.000000000,,2,,005,
4792039021,,고립위험지역,지방1급하천,0.0,4792039000,,02,,13500.0,20151106,방재복구담당,250.0,38.0,Y,0.0,성황교,3,제방도로 및 성황교가 하천 홍수위보다 낮아 집중호우시 침수로 인한 고립위험이 자주 발생하는 지역임,20100511,20061221,행정안전부,성황골,0.0,479202011013,0.0,2,하천폭 및 여유고 부족으로 집중호우시 하천범람으로 인하여 제방도로 및 교량(성황교) 침수로 인하여 석포면 전체 고립,,0, [지점번호:마바47269448],낙동강,2,안전건설과장,5.0,0.0,004,20.0,,,,,봉화군,012,방재복구담당,0,,20140731,,2020/11/26 09:56:40.000000000,하천기본계획,3,,001,이장
4817012100,,,기타,,4817068000,,,,,,하천관리과,250.0,,,,상평지구 재해 위험지,271,내수침수,20100730,,행정안전부,상평지구,,481702011005,,2,저지대,,0,경상남도 진주시  도동천로  2   (상평동),낙동강,4,,3.0,25.0,001,,,,20131111,,,050,,0,,,,2016/07/05 11:10:30.000000000,,2,2,001,
4817012000,,,기타,,4817067000,,,,,,하천관리과,150.0,,,,하대지구재해위험지,610,내수침수,20100730,,행정안전부,하대지구,,481702011006,,2,저지대,,0,경상남도 진주시  하대로34번길  12   (하대동),낙동강,4,,3.0,25.0,001,,,,20141015,,,050,,0,,,,2016/07/05 11:08:13.000000000,,2,2,001,
4817041021,,,지방2급하천,,4817000000,,02,,711277.0,,건설하천과,200.0,,,,현지천,681,내수침수,20100730,20061110,행정안전부,가방지구,,481702011007,,2,저지대,,0, [지점번호:라라59769364],낙동강,4,,2.0,30.0,001,,,,,"가방 재해위험지구 정비사업(2012.1.~2018.3.) 완료하였으나, 한국농어촌공사 '금호지구 배수개선사업(2019~2022)' 시행중으로
사업완료시 지구지정 해제계획임",,013,,0,,,2010,2021/05/25 17:01:48.000000000,,3,1,001,
4792038000,,상습침수,지방2급하천,,4792038000,,,,,,봉화군 상운면사무소,250.0,,,,구천천 가곡지구,,하수 미개수로 인한 상습적인 침수,20000320,,국토교통부,가곡,,479202001003,,2,하천 미개수로 호우시 제방유실 및 범람으로 주택침수가 발생하는 지역으로 제방상승을 통한 개수,,, ,낙동강,4,봉화군 건설과장,2.0,45.0,001,,,,20041224,,,013,봉화군 건설과 재난방재담당,, ,,,,,1,,005,
4792031000,,상습침수,지방2급하천,,4792031000,,,,,,봉화군 물야면사무소,250.0,,,,내성천 구산지구,,하천미개수로 인한 상습적인 침수,20000320,,국토교통부,구산,,479202001006,,2,하천 미개수로 통수단면이 부족하고 제방이 누후되어 호우시 제방유실 범람으로 인한 농경지 매몰 및 유실이 우려되는 지역으로 유역면적 산출을 통한 개수,,, ,낙동강,4,봉화군 건설과장,4.0,40.0,001,,,,20041224,,,013,봉화군 건설과 재난방재담당,, ,,,,,2,,005,
4792037000,,붕괴위험,사유림,,4792037000,,,,,,봉화군 명호면사무소,200.0,,,,도천지구,,산사태로 인한 저지대 인명 및 가옥보호,20000320,,산림청,도천,,479202001007,,2,대지뒤의 임야는 60＇정도의 경사로 이루어져 있고 토질은 마사토로서 평시 하부의 대지로 토사가 조금씩 흘러내리고 있으나 집중호우시 대규모 토사유출 및 산사태 등으로 인한 위험성이 내포되어 집뒤쪽에 옹벽을 설치하고 법면에는 사방사업을 시행하여 사방사업 종료지점에 산마루 측구를 설치하여 우수를 배수,,, ,낙동강,4,봉화군 환경산림과장,2.0,40.0,002,,,,20041224,,,016,봉화군 환경산림과 산림경영담당,, ,,,2006/01/24 16:32:42.000000000,,1,,004,
4793037000,,,,,4793037000,죽변4리,,,,,,0.0,,,,죽변재해위험지구,,붕괴위험지구,19980101,,,죽변,,479301998001,,,붕괴위험,,, ,,4,산림자원과장,0.0,0.0,002,,,,20011231,재해위험지구 정비 완료,,,지방토목주사,, ,,,,,1,,,
4793038000,,,,,4793038000,"후포5리, 삼율2리",,,,,시설8급,0.0,,,,후포상습침수지역,,,19980101,,,후포,,479301998002,,,상습침수,,, ,,4,건설과장,0.0,0.0,001,,,,20011231,침수예방상업 준공,건설방재과,,지방토목주사보,, ,,,2011/10/27 10:47:28.000000000,,2,,,이장
4793025323,,,군도,0.0,4793025300,,02,,1950.0,20151105,안전재난건설과,0.0,0.0,N,0.0,삼달교,278,삼달교의 형하여유고 부족,20101119,,국토교통부,삼달지구,0.0,479302011003,0.0,2,기존 교량의 단면 부족으로 인한 병목현상으로 홍수위 급상승으로 인접 농경지 침수 우려,,0, [지점번호:마바72435997],낙동강,4,안전재난건설과,0.0,0.0,005,0.0,,,20171030,,울진군,004,안전재난건설과,0,,,,2017/10/31 16:52:38.000000000,,3,1,005,삼달1리장
4793033027,,,기타,0.0,4793033000,,02,,466503.0,20151105,안전재난건설과 시설6급,0.0,0.0,N,0.0,배수펌프장,82,수위상승에 따른 침수피해,20140415,,행정안전부,산포1지구,0.0,479302014008,0.0,2,태풍 및 집중호우시 왕피천 수위상승으로 산포소하천 배수불량에 따른 침수피해,,0,경상북도 울진군 근남면 금호길  41    ,낙동강,4,안전재난건설과 과장,0.0,0.0,001,0.0,,,20201015,사업완료,울진군,050,안전재난건설과 시설6급,0,,,2015,2020/10/26 09:36:57.000000000,,3,0,001,산포1리장
4793037021,,,기타,0.0,4793037000,,02,,2956.0,20151105,안전재난건설과 시설6급,0.0,0.0,N,0.0,자연사면,418,집중호우등 사면약화로 붕괴위험,20140415,,국토교통부,죽변2지구,0.0,479302014009,0.0,-1,태풍 및 집중호우시 사면 약화로 인한 사면붕괴시 인명 및 재산피해 우려,,0, [지점번호:마바70579725],,4,안전재난건설과 과장,0.0,0.0,002,0.0,,,20201015,,울진군,050,안전재난건설과 시설6급,0,,,,2020/10/26 09:37:10.000000000,,1,25,005,죽변2리장
4794025026,,,지방도,0.0,4794000000,가두봉터널 전,02,,5000.0,20151106,시설8급,0.0,0.0,N,4.0,사동지구,144,기상악화에 따른 낙석 및 산사태 유발,20100512,20151030,,사동지구,0.0,479402010002,4.0,-1,낙석으로 인하여 통행자 및 이동차량 피해 우려,,0, [지점번호:바사99904806],,1,시설6급,0.0,0.0,002,0.0,,,,,울릉군청,002,시설8급,0,가두봉터널 전,,,2023/05/01 20:22:19.000000000,,3,,,사동리 이장
4794032024,,,지방도,0.0,4794000000,,02,,5000.0,20151106,시설8급,0.0,0.0,N,4.0,천부지구,59,기상악화에 따른 낙석 및 산사태 유발,20100512,20151030,,천부지구,0.0,479402010003,4.0,-1,낙석으로 인하여 통행자 및 이동차량 피해우려,,1, [지점번호:바사99955505],,1,시설6급,0.0,0.0,002,0.0,,,,,울릉군청,002,시설8급,0,,20100512,,2023/05/01 20:21:43.000000000,,3,0,,천부리이장
4884036022,,,지방2급하천,,4884036000,,02,,800000.0,,서면사무소 시설9급,0.0,,,,서상천,1262,침수지역,20010513,20151002,국토교통부,서상지구,,488402013011,,,침수,,0, [지점번호:라라32594643],,4,안전총괄과 행정5급,0.0,0.0,001,,,,20060404,수해복구공사로 완료,남해군청,013,안전총괄과 시설6급,0,,,2001,2018/02/22 17:45:10.000000000,,1,,005,서상마을이장
4884025030,,침수,기타,0.0,4884025000,섬호리경로당,02,,33000.0,20140324,남해읍사무소 시설8급,391.0,36.0,N,0.0,섬호지구,282,저지대 침수,20140324,20151002,국토교통부,섬호지구,0.0,488402014012,0.0,-1,폭풍해일 발생시 월파로 인한 침수,,0,"경상남도 남해군 남해읍 강진만로  160 , 섬호리경로당  ",,4,안전총괄과 행정5급,30.0,83.0,001,6.0,,,20141130,,남해군,050,안전총괄과 시설6급,0,섬호리경로당,,2014,2021/01/20 17:23:01.000000000,,2,2,005,섬호마을 이장
4884034021,,침수,기타,0.0,4884034000,민박,02,,37900.0,20170618,미조면 시설8급,391.0,141.0,N,0.0,초전지구,556,저지대 침수,20140324,20151002,행정안전부,초전지구,0.0,488402014013,0.0,2,집중호우 및 월파로 인한 침수,,0,"경상남도 남해군 미조면 동부대로14번길  27-4, 민박  ",낙동강,4,안전총괄과 시설5급,30.0,83.0,001,47.0,,,20180223,사업완료,남해군,050,안전총괄과 시설6급,0,민박,,2017,2018/02/23 19:24:39.000000000,,2,0,001,초전마을 이장
4884034022,,해일,기타,0.0,4884034000,,02,,14500.0,20140324,미조면사무소 시설8급,391.0,10.0,N,0.0,조도지구,1029,해일로 인한 침수,20140324,20151002,해양수산부,조도지구,0.0,488402014014,0.0,5,해일로 인한 주택 침수,,0,경상남도 남해군 미조면 조도길  6-12   ,섬진강,4,재난안전과 행정5급,30.0,83.0,006,10.0,,,20210826,정비사업 완료에 따른 위험요소 해소,재난안전과,050,재난안전과 시설6급,0,,,2014,2021/08/27 13:55:24.000000000,,2,9,003,조도마을 이장
4889043026,,외수,지방2급하천,0.0,4889043000,,02,,500000.0,20151201,삼가면사무소,150.0,234.0,N,0.0,양천,370,상습침수로 농경지 및 가옥 침수피해 우려,19991117,20091116,국토교통부,양전,0.0,488901999002,0.0,2,"현 하폭이 30m이나 기본계획상 50m임
 기존하폭 및 제방고(2.5m)를 기본계획에 맞추어 개수 필요",,0, [지점번호:라마57411415],낙동강,4,안전총괄과,3.0,30.0,001,79.0,,,20090825,재해위험지구 정비사업 완료,안전총괄과,013,안전총괄과,0,,,,2018/10/31 17:01:28.000000000,,2,,005,마을이장
4889035027,,,지방2급하천,0.0,4889035000,,02,,130000.0,20151201,율곡면사무소,150.0,157.0,N,0.0,율곡천,580,낮은 제방으로 우기시 하천범람으로 상습침수,20060519,20091116,국토교통부,와리,0.0,488902006001,0.0,2,낮은 제방으로 인해 하천수가 마을로 유입,,0, [지점번호:라마63083589],낙동강,4,안전총괄과,2.0,30.0,001,73.0,,,20120115,,율곡면,013,안전총괄과,, ,,,2015/12/01 13:35:34.000000000, ,2,,005,마을이장
4889037021,,,지방2급하천,0.0,4889037000,,02,,320000.0,20151201,쌍책면 행정6급,150.0,159.0,N,0.0,상신천,280,황강(국가하천) 홍수 시 내수배제 불량으로 상습적인 침수,20060519,20091116,국토교통부,건태,0.0,488902006002,0.0,2,"사양천 및 상신천(지방2급하천)의 제방 단면부족
 기설 배수펌프장 내수배제 한계",,0,경상남도 합천군 쌍책면 상신3길  58-12   ,낙동강,4,안전총괄과장,2.0,30.0,001,77.0,,,20090825,자연재해위험지구 정비사업 완료,쌍책면,013,안전총괄과 방재담당,, ,,,2015/12/01 13:38:45.000000000, ,1,,005,마을이장
4889039033,,,지방관리,0.0,4889039000,,02,,153000.0,20151201,청덕면 세무6급,150.0,11.0,N,0.0,하회천,860,주택 및 농경지 침수,20060519,20091116,국토교통부,가현,0.0,488902006003,0.0,2,우수기 낙동강 수위 상승으로 농가 및 농경지 침수 위험,,0, [지점번호:라마74713099],낙동강,4,안전총괄과장,2.0,30.0,001,3.0,,,20140721,정비사업 완료에 따른 재해위험요인 해소,청덕면,010,안전총괄과 방재담당,, ,,,2015/12/01 13:40:42.000000000, ,3,,005,
4889041028,,,지방2급하천,0.0,4889041000,,02,,117000.0,20151201,대양면 시설6급,150.0,95.0,N,0.0,아천,270,하천폭 확보 사업으로 상습 침수 예방,20060519,20091116,국토교통부,신거,0.0,488902006004,0.0,2,하천 하폭 미확보로 상습침수,,0, [지점번호:라마61272369],낙동강,4,안전총괄과장,2.0,30.0,001,41.0,,,20120105,,대양면,013,안전총괄과 방재담당,0,,,,2018/04/20 16:10:54.000000000,,3,,005,
4889046024,,,지방2급하천,0.0,4889046000,,02,,117000.0,20151201,용주면 시설7급,150.0,116.0,N,0.0,팔산천,354,하천수 역류로 인한 상습침수,20060519,20091116,국토교통부,노리,0.0,488902006005,0.0,2,하천 미보강으로 상습침수,,0, [지점번호:라마56412545],낙동강,4,안전총괄과장,2.0,30.0,001,42.0,,,20090825,자연재해위험지구 정비사업 완료,용주면,013,안전총괄과 방재담당,, ,,,2015/12/01 13:43:39.000000000, ,2,,005,마을이장
4889043023,,,지방관리,0.0,4889043000,,02,,880000.0,20151201,삼가면사무소,0.0,190.0,N,0.0,신점지구,1143,상습침수지구로 농경지 및 가옥피해,19960709,20091116,행정안전부,신점,0.0,488902013015,0.0,-1,기존하폭 및 제방고가 기본계획보다 낮음,,0,[지점번호:라마53820849],,4,안전총괄과,0.0,0.0,001,58.0,,,20050617,,합천군 안전총괄과,010,안전총괄과,0,,,,2020/09/25 13:28:36.000000000,,3,1,001,
4777036031,,,기타,0.0,4777000000,,00,,150000.0,20060228,안전재난과 시설7,0.0,1145.0,N,0.0,송천,1,"괴시교 붕괴우려 및 유수의 지장초래로 농경지, 주택 침수 위험",20060228,,,괴시지구,0.0,477702006002,0.0,-1,"2002년 태풍""루사""로 인해 괴시교가 일부붕괴되어 붕괴우려가 있고, 유수의 지장을 초래하고 있어 농경지,주거지역(덕천리)의 침수 및 유실위험",,0,경상북도 영덕군 영해면 예주목은길  321    ,,4,안전재난과 시설6,0.0,0.0,005,538.0,,,20150427,자연재해위험개선지구 정비사업 완료(교량 180m),영덕군청,050,안전재난과 시설7,0,,,2006,2024/04/12 11:00:29.000000000,,2,,,영해면 괴시1리장
4777038044,,,기타,0.0,4777000000,,00,,20000.0,20060228,안전재난과 시설7,0.0,59.0,N,0.0,송천,1,교량이 하천폭보다 짧고 상부구조가 낮아 통수단면부족,20060228,,,인천1지구,0.0,477702006003,0.0,-1,"집중호우 및 태풍 래습시 하천폭보다 교장이 짧고 상부구조가 낮아 통수단면부족 및 통수에 지장을 초래하여 제방붕괴, 유실로 인한 농경지, 가옥등의 유실 피해우려",,0,경상북도 영덕군 창수면 갈천인천길  933    ,,4,안전재난과 시설6,0.0,0.0,005,28.0,,,20110511,자연재해위험개선지구 정비사업 완료(교량개체 48m),영덕군청,050,안전재난과 시설7,0,,,2006,2024/04/12 10:59:51.000000000,,2,,,창수면 인천1리장
4777032047,,유실위험,기타,0.0,4777000000,,00,,40000.0,20060228,안전재난과 시설7,0.0,554.0,N,0.0,남정천,1,교량 상부구조가 낮아 통수단면 부족,20060228,,,남호지구,0.0,477702006004,0.0,19,"노후교량으로 붕괴위험 및 통수단면 부족등으로 급격한 수위상승 및 유속증가를 유발하여 인명피해 및 침수, 유실위험 지역",,0,경상북도 영덕군 남정면 남정중화길  16    ,기타,4,안전재난과 시설6,0.0,0.0,005,253.0,,,20100430,자연재해위험개선지구 정비사업 완료(교량개체 1개소),영덕군청,050,안전재난과 시설7,0,,,2006,2024/04/12 10:59:01.000000000,,2,,,남정면 남호리이장
4777032037,,,기타,0.0,4777000000,,00,,10000.0,20060228,안전재난과 시설7,0.0,51.0,N,0.0,해안옹벽,1,해일 및 파도월류시 가옥 및 도로침수로 인한 인명피해우려,20060228,,,부경지구,0.0,477702006005,0.0,-1,태풍 래습에 따른 잦은 해일 및 파도로 인한 해안도로 및 주택 상습침수지역임,,0,경상북도 영덕군 남정면 부경길  8-15   ,,4,안전재난과 시설6,0.0,0.0,001,22.0,,,,,영덕군청,050,안전재난과 시설7,0,,,2006,2024/04/12 10:57:43.000000000,,2,,,남정면 부경1리이장
4777032048,,,기타,0.0,4777000000,,00,,10000.0,20060228,안전재난과 시설7,0.0,38.0,N,0.0,해안옹벽,1,해일 및 파도월류시 가옥 및 도로침수로 인한 인명피해 우려,20060228,,,구계지구,0.0,477702006006,0.0,-1,태풍 래습에 따른 잦은 해일 및 파도로 인한 해안도로 및 주택 상습침수지역,,0,경상북도 영덕군 남정면 구계길  82    ,,4,안전재난과 시설6,0.0,0.0,001,15.0,,,20110511,자연재해위험개선지구 정비사업 완료[방파시설 299m],영덕군청,050,안전재난과 시설7,0,,,2006,2024/04/12 10:42:50.000000000,,1,,,남정면 구계리이장
4777037037,,,기타,0.0,4777000000,,00,,40000.0,20060228,안전재난과 시설7,0.0,10.0,N,0.0,해안옹벽,1,"해일 및 파도월류시 가옥,수산시설 파손 및 침수로 인명,재산피해",20060228,,,백석지구,0.0,477702006007,0.0,-1,태풍 래습에 따른 잦은 해일 및 파도로 인한 가옥파손 및 침수지역임,,0,경상북도 영덕군 병곡면 흰돌로  76    ,,4,안전재난과 시설6,0.0,0.0,001,5.0,,,,,영덕군청,050,안전재난과 시설7,0,,,2006,2024/04/12 10:42:05.000000000,,2,,,병곡면 백석1리이장
4777025035,,,기타,0.0,4777000000,,00,,7000.0,20070525,안전재난과 시설7,0.0,32.0,N,0.0,해안옹벽,1,"해일발생 및 파도월류로 인해 해안도로 및 주택,인명피해우려",20070525,,,대부지구,0.0,477702007001,0.0,-1,태풍 래습에 따른 잦은 해일 및 너울성 파도로 인한 해안도로 및 주택침수,,0,경상북도 영덕군 영덕읍 영덕대게로  711    ,,4,안전재난과 시설6,0.0,0.0,001,10.0,,,20150427,자연재해위험개선지구 정비사업 완료(EP블럭 250m),영덕군청,050,안전재난과 시설7,0,,,2007,2024/04/12 09:48:42.000000000,,1,,,영덕읍 대부리이장
4777031038,,,기타,0.0,4777000000,,00,,200000.0,20070525,안전재난과 시설7,0.0,0.0,N,0.0,오십천,1,"하천수위상승에 따른 내수배제불량으로 주변지역(건물, 농경지)침수",20070525,,,금호1지구,0.0,477702007002,0.0,-1,오십천(지방1급) 금호제에 인접한 저지대지역으로 태풍 및 집중홍수시 하천수위 상승으로 인해 내수배제불량으로 농경지 및 도로 상습침수지역임,,0, [지점번호:마바69842274],,4,안전재난과 시설6,0.0,0.0,001,0.0,,,20150427,자연재해위험개선지구 정비사업 시행으로 재해위험요인 해소,영덕군청,050,안전재난과 시설7,0,,,2007,2024/04/12 10:40:48.000000000,,2,,,금호1리 이장
2772025026,,,지방2급하천,0.0,2772025000,,00,,73000.0,20150720,안전건설과,0.0,13.0,Y,0.0,위천,9,낮은교량,20100511,,국토교통부,못골지구,0.0,477202010006,0.0,2,홍수위보다 낮은교량,,0,대구광역시 군위군 군위읍 수서사직길  138-59   ,낙동강,4,안전건설과,0.0,0.0,005,5.0,,,20191017,사업완료로 인함,안전건설과,013,안전건설과,0,,20140630,,2019/10/28 11:06:12.000000000,위천 하천기본계획,3,16,005,이장
4777037044,,,기타,0.0,4777000000,,00,,9561.0,20210531,안전재난과 시설7,0.0,40.0,N,0.0,각리천,143,하천수위상승에 따른 내수배제불량으로 주변지역침수(2007년 지정 -> 2021년 변경 지정),20210531,,,각1리지구,0.0,477702007003,0.0,19,"집중호우 및 태풍 래습시 마을앞 기존배수로 통수단면부족 및 각리천(지방2급)의 급격한 수위상승 및 유속증가로 인한 내수배제불량으로 주변지역의 농경지, 가옥등의 침수 피해위험이 있음",,0,,기타,4,안전재난과 시설6,0.0,0.0,001,20.0,,,,,영덕군청,050,안전재난과 시설7,0,,,2007,2024/04/12 10:39:28.000000000,,3,10,,각1리 이장
4824034027,,,지방2급하천,,4824034000,,,,,,,,,,,구호천,50,침수위험,19960626,,행정안전부,구호,,482402012012,,19,재해시 주변 침수피해,,0, [지점번호:라라50667749],기타,4,,,,001,,,,19981231,정비사업 완료,,013,,0,,,,2016/07/26 17:11:45.000000000,,2,,001,
4889038023,,,지방2급하천,0.0,4889038000,,02,,130000.0,20151201,덕곡면 행정6급,300.0,250.0,N,0.0,덕곡천,26,하천범람으로 인한 주택및농경지 침수,20100510,20091116,국토교통부,병배,0.0,488902011007,0.0,2,침수로 인한 인명 및 재산피해 ,,0, [지점번호:라마76743587],낙동강,4,안전총괄과장,2.0,70.0,001,113.0,,,20140721,정비사업 완료에 따른 재해위험요인 해소,안전총괄과,013,안전총괄과 방재담당,, ,,,2015/12/01 13:45:33.000000000, ,1,,005,남재이장
4889046030,,,지방2급하천,0.0,4889000000,,02,,60000.0,20170320,안전총괄과 시설6급,300.0,3.0,N,0.0,월평천,38,하천범람으로 인한 농경지 침수,20100510,20070108,,월평,0.0,488902011008,0.0,2,농경지침수 인한 재산피해,,0, [지점번호:라마57463073],낙동강,4,안전총괄과장,2.0,70.0,001,1.0,,,20221122,,합천군,013,안전총괄과 시설7급,0,,,2017,2023/01/05 16:24:29.000000000,,1,,,월평2구이장
4889035030,,,지방2급하천,0.0,4889035000,,02,,212000.0,20151201,율곡면 시설6급,300.0,85.0,N,0.0,본천천,376,하천범람으로 인한 주택및농경지 침수,20100510,20091116,국토교통부,본천,0.0,488902011009,0.0,,범람으로 인한 재산피해 ,,0, ,,4,안전총괄과장,2.0,70.0,001,50.0,,,20140721,정비사업 완료에 따른 재해위험요인 해소,안전총괄과,013,안전총괄과 방재담당,, ,,,2015/12/01 13:49:09.000000000, ,3,2,005,문림1구이장
4889025021,,,지방관리,0.0,4889025000,,02,,63000.0,20151201,합천읍 시설6급,300.0,300.0,N,0.0,기타,1364,내수배제 불량으로 상가및주택 침수,20101021,20091116,행정안전부,합천시장,0.0,488902011010,0.0,,내수침수로 인한 인명및재산피해,,0,경상남도 합천군 합천읍 옥산로  43-19   ,,4,안전총괄과장,2.0,70.0,001,200.0,,,20140721,정비사업 완료에 따른 재해위험요인 해소,합천군 안전총괄과,010,안전총괄과 방재담당,, ,,,2015/12/01 13:52:33.000000000, ,1,150,001,
4889046025,,,지방2급하천,0.0,4889046000,,02,,880000.0,20151201,용주면,300.0,237.0,N,0.0,황계천,413,하천범람으로 인한 농경지 침수,20101028,20091116,국토교통부,평산,0.0,488902011011,0.0,2,침수로 인한 재산피해,,0,경상남도 합천군 용주면 평산길  19    ,낙동강,4,안전총괄과,2.0,70.0,001,102.0,,,20180212,사업완료로 재해위험요인해소,합천군,013,안전총괄과,0,,,,2020/11/25 18:02:11.000000000,,1,,005,
4889037023,,,지방2급하천,0.0,4889037000,,02,,75000.0,20151201,안전총괄과 시설6급,0.0,250.0,N,0.0,이책,583,상습침수로 도로 및 마을침수,20120328,20091116,국토교통부,이책지구,0.0,488902013012,0.0,2,집중호우시 홍수위보다 도로 및 마을이 낮아 매년 마을 및 도로 침수,,0,경상남도 합천군 쌍책면 건태2길  10-30   ,낙동강,4,안전총괄과 시설5급,0.0,0.0,001,113.0,,,20200306,,안전총괄과,013,안전총괄과 시설7급,0,,,,2020/11/25 18:04:10.000000000,,2,,005,쌍책면 환경개발계장
4889043031,,,지방2급하천,0.0,4889043000,,02,,110000.0,20151201,안전총괄과 시설6급,0.0,585.0,N,0.0,문송지구,273,농경지 침수,20120328,20091116,,문송,0.0,488902013013,0.0,-1,"문송천의 통수단면 부족, 마을 및 제방고가 계획 홍수위보다 낮음",,0, [지점번호:라마54521527],,4,안전총괄과 시설5급,0.0,0.0,001,307.0,,,20211112,정비사업완료로 인한 위험요소 해소,합천군,013,안전총괄과 시설7급,0,,,,2021/12/13 16:41:50.000000000,,2,,,삼가면 환경개발계장
4889041023,,,지방2급하천,0.0,4889041000,,02,,26000.0,20151201,안전총괄과 시설6급,0.0,70.0,N,0.0,대목지구,139,마을 침수,20120328,20091116,국토교통부,대목,0.0,488902013014,0.0,2,"대목지방하천의 통수단면 부족, 마을 및 도로가 홍수위보다 낮음",,0, [지점번호:라마60632607],낙동강,4,안전총괄과 시설5급,0.0,0.0,001,31.0,,,20180212,사업완료로 재해위험요인 해소,안전총괄과,013,안전총괄과 시설7급,0,,,,2018/10/31 16:59:24.000000000,,2,,005,대양면 환경개발담당
5011025024,,,지방2급하천,0.0,5011000000,,02,,470000.0,20151103,제주시 안전총괄과 복구지원팀장,300.0,0.0,N,0.0,한림천,436,하천 미개수로 집중호우시 저지대 주택 및 농경지 침수,19990511,,,한림천,0.0,491012009003,0.0,19,"-하천 미개수로 몽리구역내 주택(56동) 및 농경지(47ha) 침수,유실
 -시우량 300mm 또는 시우량 40mm
 -기존 하폭 10m, 제방고 2.5m 기본계획에 맞추어 하폭 15m, 제방고 4m로 개수 필요",,0, [지점번호:나나86229254],기타,1,제주시 안전총괄과장,4.0,40.0,001,0.0,,,,,제주시,013,제주시 안전총괄과 시설6급,0,,,,2023/04/26 14:10:47.000000000,,3,1,,
5011012200,,,기타,0.0,5011066000,,00,,120000.0,20151012,시설6급,461.0,0.0,N,0.0,노형 해안동,3762,"집중호우시 하천범람으로 농경지 및 도로, 주택침수",20080227,,행정안전부,노형해안동,0.0,491012009004,0.0,19,소하천 상류 정비 미흡으로 집중호우 시 토석 등이 하류로 흘러옴으로 인해 기 시설된 BOX가 매몰되어 도로로 유수가 범람 교통차단 및 주택 침수,,0,제주특별자치도 제주시  월산남2길  44-2  (노형동),기타,4,시설5급,5.0,0.0,001,0.0,,,20151007,,제주시,050,시설7급,0,,,,2021/10/19 11:47:28.000000000,,3,11,001,
5011025927,2.0,,기타,0.0,5011000000,,02,,70000.0,20151012,제주시 안전총괄과 복구지원팀장,150.0,0.0,N,0.0,북촌해동,1427,호우시 우수가 집중 유입되어 상습침수 및 유실피해,19991016,,,북촌해동,0.0,491012009005,0.0,19,"-하천(멍중내) 하류부에 배수로가 없어 농경지 7ha와 주택 12동이 재해위험을 당하고 있음
 -일우량 150mm 또는 시우량 20~40mm 이상 
 -하폭 10m 제방고 3.9mfh 개수 필요.",,0, [지점번호:다다24330666],기타,4,제주시 안전총괄과장,1.0,40.0,001,0.0,2.0,3.0,,,제주시,050,제주시 안전총괄과 시설6급,0,,,,2023/04/26 14:09:50.000000000,,3,,,
5011025304,,,기타,0.0,5011025300,,00,,2390000.0,20151012,시설6급,246.0,0.0,N,0.0,어음2리 일원,3371,집중호우 시 상류지역 유출수가 주변 농로를 따라 마을로 집중,20070424,,행정안전부,어음2,0.0,491012009013,0.0,19,"-평화로 주변 골프장 개발 및 도로개설 등으로 인해 집중호우시 상류지역 유출수가 주변 농로를 따라 마을로 집중
 -배수시설이 미비한 주변 저지대 주택 및 농경지 침수",,0,,기타,4,시설5급,1.0,40.0,001,0.0,,,20151007,,제주시,050,시설7급,0,,,,2021/10/19 11:39:10.000000000,,3,,001,
5011031024,,,기타,0.0,5011031000,,00,,20000.0,20151012,시설6급,150.0,0.0,N,0.0,판포리 전동,2031,호우시 우수가 집중 유입되어 상습침수,20011111,,행정안전부,판포,0.0,491012009006,0.0,-1,"-집중호우시 주변 우수가 농경지로 유입된 후 도로월류 및 저지대로 용출되어 상습적인 침수 피해가 발생하고 있음
 -농경지 침수 및 주택 피해예방을 위하여 인공 배수로 시설이 시급한 실정임.",,0,제주특별자치도 제주시 한경면 판포4길  92-3   ,,4,시설5급,1.0,40.0,001,0.0,,,20151007,,제주시,050,시설7급,0,,,,2021/10/19 11:45:07.000000000,,3,,001,
5011011600,,,지방관리,0.0,5011062000,,00,,360000.0,20151012,시설6급,153.0,0.0,N,0.0,봉개장석구릉,2314,상유 유출수가 도로와 농로를 따라 유하하여 상습침수,20100407,,행정안전부,장석구릉,0.0,491012011019,0.0,-1,-배수시설이 미비하여 집중 호우시 가옥 및 농경지 침수 피해,,0, [지점번호:다나15429977],,4,시설5급,1.0,0.0,001,0.0,,,20151007,,제주시,010,시설7급,0,,,,2021/10/19 11:34:59.000000000,,3,4,001,
5011025921,,,기타,0.0,5011025900,,00,,1500000.0,20151012,시설6급,246.0,0.0,N,0.0,신촌리 동수동(종인내~버으내),2674,집중호우 시 상습피해지역(농경지 및 주택침수),20021108,,행정안전부,신촌,0.0,491012009007,0.0,19,"-집중호우 시 회천지역과 동부관광도로 및 중산간도로에서 모여진 우수가 저지대인 동수동 지역으로 농로 및 주변 농경지를 따라 유입되면서 상습적인 침수가 자주 발생됨
 -침수방지를 위하여 경작지와 접하여 경계 콘크리트가 시설되어 있어 피해를 방지하고 있으나 우수가 집중 유임되면서 침수 유실 피해가 심한 실정임",,0, [지점번호:다다17790408],기타,4,시설5급,1.0,40.0,001,0.0,,,20151007,,제주시,050,시설7급,0,,,,2021/10/19 11:44:21.000000000,,3,,001,
5011011700,,,지방2급하천,0.0,5011063000,오등교~제1거로교,02,,150000.0,20151103,시설6급,200.0,0.0,N,0.0,방천,1187,집중호우시 통수단면 부족과 하천 미개수로 침수피해 발생,20001016,,국토교통부,방천,0.0,491012009008,0.0,19,"-통수단면 부족과 하천 미개수로 주변 농경지 침수 및 제방유실
 -기존 하폭 25~30m, 제방고 3m를 하천폭 30m, 제방고 3m로 개수 필요",,0,,기타,4,시설5급,4.0,40.0,001,0.0,,,20200114,정비사업 완료로 재해위험요인 해소,제주시,013,시설7급,0,오등교~제1거로교,,,2021/10/19 11:42:08.000000000,,3,3,005,
5011011300,,,지방2급하천,0.0,5011061000,삼양교~용강마을,02,,170000.0,20151103,시설6급,200.0,0.0,N,0.0,삼수천,2454,집중호우시 통수단면 부족과 하천 미개수로 침수피해,20001016,,국토교통부,삼수천,0.0,491012009009,0.0,19,"-하천 미개수로 삼수천(삼양교~용강마을) 주변 농경지 및 도로 침수
 -기존 하폭 10~15 m제방고 2.5m를 기본계획에 맞추어 하천폭 20m, 제방고 3m로 개수필요",,0,,기타,4,시설5급,4.0,40.0,001,0.0,,,20200114,정비사업 완료로 재해위험요인 해소,제주시,013,시설7급,0,삼양교~용강마을,,,2021/10/19 11:41:41.000000000,,3,,005,
5011011300,,,기타,0.0,5011061000,,00,,450000.0,20151012,시설6급,200.0,0.0,N,0.0,음나물내,1506,통수단면 부족으로 집중오수시 하천 범람,20001016,,행정안전부,음나물,0.0,491012009010,0.0,19,"-통수 단면 부족과 하천 미개수로 주변 농경지 침수 및 제방유실
 -기존하폭 5~12m, 제방고1~1.5m를 하폭 7~11m, 제방고3~4m로 개수",,0, [지점번호:다다15570365],기타,4,시설5급,4.0,40.0,001,0.0,,,20151007,,제주시,050,시설7급,0,,,,2021/10/19 11:41:03.000000000,,3,5,001,
5011013300,,,기타,0.0,5011062000,,00,,90000.0,20151012,시설6급,246.0,0.0,N,0.0,회천동(종인내)일원,62,집중호우 시 통수 단면 부족 및 하천 미개수,20060307,,행정안전부,동회천,0.0,491012009011,0.0,19,"-집중호우시 회천지역과 동부관광도로 및 중산간도로에서 모여진 우수가 저지대인 동수동 지역으로 노로 및 주변 농경지를 따라 유입되면서 상습적인 침수가 자주 발생되고 있음
 -침수방지를 위하여 경작지와 접하여 경계 콘크리트가 시설되어 있어 피해를 방지하고 있으나 우수가 집중 유입되면서 침수 유실 피해가 심한 실정임.",,0,제주특별자치도 제주시  종인내길  254-38  (회천동),기타,4,시설5급,1.0,40.0,001,0.0,,,20151007,,제주시,050,시설7급,0,,,,2021/10/19 11:40:17.000000000,,3,,001,
5011025026,,,기타,0.0,5011025000,,00,,30000.0,20151012,시설6급,300.0,0.0,N,0.0,동명리 일원,681,집중호우 시 농로 유실 및 농경지 상습침수 피해,20070424,,행정안전부,동명,0.0,491012009012,0.0,19,"-집중호우 시 주변 지역 우수가 집중 유입되나 배수로 시설 미비로 우수가 농로 및 농경지로 유입되어 농로 유실 및 농경지 침수 피해 발생
 -주택 10동, 농경지 30ha 침수 피해",,0, [지점번호:나나85689042],기타,4,시설5급,4.0,40.0,001,0.0,,,20151007,,제주시,050,시설7급,0,,,,2021/10/19 11:39:43.000000000,,3,,001,
5011025340,,,기타,0.0,5011025300,,00,,123000.0,20151012,시설6급,300.0,0.0,N,0.0,조부천,64,집중호우시 통수단면 부족 및 하천 미개수,20070424,,행정안전부,조부천,0.0,491012009014,0.0,19,"-대부분 농경지로서 통수단면 부족 및 하천 미개수로 인하여 하천 범람
 -저지대 지역 농경지 침수피해 발생",,0, [지점번호:나나99709958],기타,4,시설5급,4.0,40.0,001,0.0,,,20151007,,제주시,050,시설7급,0,,,,2021/10/19 11:38:00.000000000,,3,,001,
5011031026,,,기타,0.0,5011031000,,00,,834000.0,20151103,시설6급,300.0,0.0,N,0.0,고산~조수리 일원,4007,집중호우시 통수단면 부족 및 하천 미개수,20070424,,행정안전부,고산조수,0.0,491012009015,0.0,19,"-상류 지역에서 마을로 유입된 우수가 기존 배수로의 불량으로 침수피해 발생
 -상류 신양리와 구분오름에서 유입된 우수가 저지대 마을과 농경지에 집중",,0,제주특별자치도 제주시 한경면 불그못로  72    ,기타,4,시설5급,4.0,40.0,001,0.0,,,20200114,정비사업 완료로 재해위험요인 해소,제주시,050,시설7급,0,,,,2021/10/19 11:37:15.000000000,,3,2,001,
5011025927,,,기타,0.0,5011025900,,00,,30000.0,20151012,시설6급,300.0,0.0,N,0.0,북촌 본동,1264,집중호우시 농경지 및 주택침수,20080227,,행정안전부,북촌본동,0.0,491012009016,0.0,-1,-해안가에 접한 저지대 마을로 배수시설이 미비하여 침수피해 발생,,0, [지점번호:다다25010658],,4,시설5급,1.0,40.0,001,0.0,,,20151007,,제주시,050,시설7급,0,,,,2021/10/19 11:36:40.000000000,,3,1,001,
5011011100,,,기타,0.0,5011060000,,00,,314000.0,20151103,시설6급,300.0,0.0,N,0.0,화북 원명사,1,집중호우시 하천범람으로 농경지 및 주택침수,20080227,,행정안전부,화북원명사,0.0,491012009017,0.0,19,"-지리적으로 만곡을 이루고 있는 유로부분과 경간장 부족인 교량(98년 가설 L=30m, B=5m)이 존재 및 하천단면 협소 등으로 주변지역에서 주택침수 등 피해발생)",,0,,기타,4,시설5급,2.0,40.0,001,0.0,,,20201005,정비사업 완료로 재해위험요인 해소,제주시,050,시설7급,0,,,,2021/10/19 11:36:01.000000000,,3,,001,
5011010700,,,지방관리,0.0,5011000000,,02,,240000.0,20151103,제주시 안전총괄과 복구지원팀장,0.0,0.0,N,0.0,탑동,1265,"풍랑주의보, 경보 시 월파로인한 해일위험",20091231,,,탑동,0.0,491012011018,0.0,19,해일위험,,0,,기타,1,제주시 안전총괄과장,1.0,0.0,006,0.0,,,,,제주시,010,제주시 안전총괄과 시설6급,0,,,,2023/04/26 14:08:56.000000000,,1,,,
5011012300,,,기타,0.0,5011067000,,00,,280000.0,20151012,시설6급,0.0,0.0,N,0.0,외도계명,1395,기존 배수로 정비 미흡으로 내수범람에 의한 상습침수,20100407,,행정안전부,계명,0.0,491012011020,0.0,19,배수시설이 미비하여 집중 호우시 가옥 및 농경지 침수 피해,,0, [지점번호:다나00159954],기타,4,시설5급,2.0,0.0,001,0.0,,,20151007,,제주시,050,시설7급,0,,,,2021/10/19 11:34:27.000000000,,2,1,001,
5011025627,,,기타,0.0,5011025600,,00,,180000.0,20151012,시설6급,0.0,0.0,N,0.0,행원,2339,상류 유출수가 도로와 농로를 따라 유하하여 침수피해,20100407,,행정안전부,행원,0.0,491012011021,0.0,19,-배수시설이 미비하여 집중호우 시 용사촌 가옥 및 하류부 저지대 침수피해 발생,,0,,기타,4,시설5급,2.0,0.0,001,0.0,,,20151007,,안전총괄과,050,시설7급,0,,,,2021/10/19 11:34:03.000000000,,3,2,001,
5011025924,,,기타,0.0,5011025900,,00,,330000.0,20151012,시설6급,0.0,0.0,N,0.0,함덕,1409,호우 시 우수가 집중 유입되어 주택 및 주변지역 상습침수,20100407,,행정안전부,함덕(2),0.0,491012011022,0.0,19,"-상류 유출수가 북측으로 유하하고 있으나, 배수시설이 미비하여 집중 호우시 가옥 상습침수
 -배수로 통수단면 부족으로 배수로 폭 1.5~2m 정비 필요",,0, [지점번호:다다22600555],기타,4,시설5급,0.0,0.0,001,0.0,,,20151007,,제주시,050,시설7급,0,,,,2021/10/19 11:33:21.000000000,,2,,001,
5011025631,,,기타,0.0,5011025600,,00,,570000.0,20151012,시설6급,0.0,0.0,N,0.0,하도,3314,기존 배수로 정비 미흡으로 내수범람에 의한 가옥 및 농경지 침수,20100407,,행정안전부,하도,0.0,491012011023,0.0,19,침수위험,,0,제주특별자치도 제주시 구좌읍 구좌로  148-5   ,기타,4,시설5급,2.0,0.0,001,0.0,,,20151007,,안전총괄과,050,시설7급,0,,,,2021/10/19 11:32:42.000000000,,2,6,001,
5011025625,,,기타,0.0,5011025600,,00,,2960000.0,20151012,시설6급,0.0,0.0,N,0.0,송당,371,배수로 정비 미흡과 소하천(뒷내)의 하폭 협소로 인한 내수범람,20100407,,행정안전부,송당,0.0,491012011024,0.0,19,-상류 유출수가 북측인 소하천(뒷내)로 유하하고 있으나 하폭의 통수단면 부족으로 주변가옥 및 농경지 침수피해 유발,,0, [지점번호:다다33930017],기타,4,시설5급,0.0,0.0,001,0.0,,,20151007,,안전총괄과,050,시설7급,0,,,,2021/10/19 11:31:59.000000000,,3,,001,
5011012400,,,기타,0.0,5011067000,,00,,130000.0,20151012,시설6급,0.0,0.0,N,0.0,외도월대,613,저지대로 만조와 집중호우시 하천범람과 해수면 상승으로 침수,20100506,,행정안전부,월대,0.0,491012011025,0.0,19,집중호우 및 하천 범람으로 침수피해 발생,,0,,기타,4,시설5급,2.0,0.0,001,0.0,,,20151007,,제주시,050,시설7급,0,,,,2021/10/19 09:48:40.000000000,,1,,001,
5011025924,,,기타,0.0,5011025900,,00,,280000.0,20151103,시설6급,120.0,0.0,N,0.0,함덕리 오일시장 배수로시설,1,해수면 만조 및 집중호우시 상습침수,19990903,,행정안전부,함덕,0.0,491012011026,0.0,19,배수처리가 안됨으로 인하여 농경지 28ha와 주택 60세대 20명 피해,,0,,기타,4,시설5급,1.0,40.0,001,0.0,,,20011111,배수로시설 정비완료,제주시청,050,시설7급,0,,,,2021/10/19 09:48:16.000000000,,3,,001,
5011025025,,,기타,,5011025000,,,,1850000.0,,시설6급,200.0,,,,금악리 서부위생처리장 주변,1,집중호우시 상습침수,20001031,,행정안전부,금악,,491012011027,,19,집중호우시 우수 유입으로 유실 및 침수,,0, [지점번호:나나92118515],기타,4,시설5급,1.0,30.0,001,,,,20041101,정비완료,제주시청,050,시설7급,0,,,,2021/10/19 09:47:47.000000000,,3,,001,
5011025030,,,기타,,5011025000,,,,1850000.0,,시설6급,300.0,,,,상명~윌림지구,1,하천 미개수로 외수 범람,19960802,,행정안전부,상명월림,,491012011028,,19,"하천 미개수로 몰리구역내 주?, 농경지 침수",,0, [지점번호:나나86608665],기타,4,시설5급,4.0,40.0,001,,,,20011228,정비완료,제주시청,050,시설8급,0,,,,2021/10/19 09:44:11.000000000,,3,,001,
5011010400,,,지방2급하천,0.0,5011054000,,00,,400000.0,20151103,시설6급,200.0,0.0,N,0.0,독사천(제3소용교~도남교),1,통수단면 부족 및 하천 미개수,20001016,,행정안전부,독사천,0.0,491012011029,0.0,19,하천미개수 주변가옥 29동 침수,,0,제주특별자치도 제주시  연북신설길  39   (이도이동),기타,4,시설5급,4.0,40.0,001,0.0,,,20040905,정비완료,제주시,013,시설7급,0,,,,2021/10/19 09:33:34.000000000,,2,,001,
5011012400,,,지방2급하천,0.0,5011067000,,00,,410000.0,20151103,시설6급,200.0,0.0,N,0.0,광령천 하류,1,통수 단면 부족 및 하천 미개수,20001016,,행정안전부,광령천,0.0,491012011030,0.0,19,하천 미개수로 광령천 하류 농경지 침수 및 제방유실,,0,,기타,4,시설5급,4.0,50.0,001,0.0,,,20060307,정비완료,제주시,013,시설7급,0,,,,2021/10/19 09:33:00.000000000,,3,,001,
5011010300,,,지방2급하천,0.0,5011053000,,00,,300000.0,20151103,시설6급,200.0,0.0,N,0.0,이호천 하류,1,통수단면 부족 및 하천 미개수,20001016,,행정안전부,이호천,0.0,491012011031,0.0,19,하천 미개수로 주변 농겨지 및 도로 침수,,0,,기타,4,시설5급,4.0,40.0,001,0.0,,,20060307,정비완료,제주시,013,시설7급,0,,,,2021/10/19 09:32:33.000000000,,3,,001,
5011011200,,,지방2급하천,0.0,5011060000,,00,,260000.0,20151103,시설6급,200.0,0.0,N,0.0,화북천 하류,4684,통수단면 부족 및 하천 미개수,20001016,,행정안전부,화북천,0.0,491012011032,0.0,19,하천 미개수,,0,,기타,4,시설5급,4.0,40.0,001,0.0,,,20060307,정비완료,제주시,013,시설7급,0,,,,2021/10/19 09:32:02.000000000,,3,2,001,
5011012300,,,지방2급하천,0.0,5011067000,,00,,400000.0,20151103,시설6급,200.0,0.0,N,0.0,도근천 하류,1,통수단면 부족 및 하천 미개수,20001016,,행정안전부,도근천,0.0,491012011033,0.0,19,하천 미개수로 농경지 침수 및 제방유실,,0, [지점번호:다나01649946],기타,4,시설5급,4.0,40.0,001,0.0,,,20060307,정비완료,제주시,013,시설7급,0,,,,2021/10/19 09:31:31.000000000,,3,,001,
5011012700,,,지방2급하천,0.0,5011069000,,00,,140000.0,20151103,시설6급,200.0,0.0,N,0.0,흘천 하류,1,통수단면 부족 및 하천 미개수,20001016,,행정안전부,흘천,0.0,491012011034,0.0,19,하천미개수로 농경지 및 도로 침수,,0,,기타,4,시설5급,4.0,40.0,001,0.0,,,20060307,정비완료,제주시,013,시설7급,0,,,,2021/10/19 09:30:58.000000000,,3,,001,
5011012700,,,지방2급하천,0.0,5011069000,,00,,370000.0,20151103,시설6급,200.0,0.0,N,0.0,원장천 하류,1,통수단면 부족 및 하천 미개수,20001016,,행정안전부,원장천,0.0,491012011035,0.0,19,하천 미개수로 농경지 및 도로 침수,,0,,기타,4,시설5급,4.0,40.0,001,0.0,,,20060307,정비완료,제주시,013,시설7급,0,,,,2021/10/19 09:29:46.000000000,,3,,001,
5011011600,,,기타,0.0,5011062000,,00,,550000.0,20151103,시설6급,200.0,0.0,N,0.0,버으내,1,통수단면 부족 및 하천 미개수,20040407,,행정안전부,버으내,0.0,491012011036,0.0,19,하천 미개수로 농경지 침수 및 제방유실,,0,,기타,4,시설5급,4.0,40.0,001,0.0,,,20060307,정비완료,제주시,050,시설7급,0,,,,2021/10/19 09:29:15.000000000,,3,,001,
5011010200,,,지방2급하천,0.0,5011052000,,00,,160000.0,20151103,시설6급,0.0,0.0,N,0.0,산지천,1,통수단면 부족,20001016,,행정안전부,산지천,0.0,491012011037,0.0,19,하천미개수,,0,제주특별자치도 제주시  남광로  206   (일도이동),기타,4,시설5급,0.0,0.0,001,0.0,,,20040506,정비완료,제주시,013,시설7급,0,,,,2021/10/19 09:26:35.000000000,,2,,001,
5011010400,,,기타,0.0,5011000000,,00,,8100.0,20130305,제주시 안전총괄과 복구지원팀장,330.0,163.0,N,0.0,이도2동일원,1928,상습적인 지반침하로 가옥붕괴,20130305,,,신설동,0.0,491012013038,0.0,-1,집중호우시 주변 우수가 저지대인 본 지구로 유입되어 상습적인 침수피해 및 지반침하로 주택붕괴위험 상존,,0, [지점번호:다다11560092],,4,제주시 안전총괄과장,3.0,0.0,001,76.0,,,20241227,정비사업 완료,제주시,050,제주시 안전총괄과 시설7급,0,,,2013,2025/02/21 17:29:13.000000000,,1,28,,
5011025392,,,기타,54.0,5011000000,,00,,316000.0,20151103,시설6급,121.0,130.0,N,0.0,광령2리 일원,2769,집중호우시 가옥 및 농경지 침수,20130305,20130305,행정안전부,광령2,130.0,491012013039,0.0,-1,집중호우시 배수로 단절 및 통수단면 부족으로 하류지역저지대 주택 및 농경지 침수위험 상존,,0,,,4,시설5급,3.0,0.0,001,54.0,,,20200114,정비사업 완료로 재해위험요인 해소,제주시,050,시설7급,0,,20130305,,2021/10/19 09:25:39.000000000,,2,,001,광령2리장
5011025930,,,기타,0.0,5011025900,,00,,78000.0,20151103,시설6급,0.0,0.0,N,0.0,선흘리 일원,1121,집중호우시 농경지및주택침수,20120307,,행정안전부,선흘,0.0,491012013040,0.0,-1,2007.9월태풍나리시에 상류부에서 유출된 우수가 저지대 주거지역으로 집중되어 침수피해발생,,0,제주특별자치도 제주시 조천읍 선흘동1길  2    ,,4,시설5급,2.0,84.0,001,0.0,,,20200114,정비사업 완료로 재해위험요인 해소,제주시,050,시설7급,0,,,,2021/10/19 09:25:08.000000000,,2,,001,선흘1리장
5011010100,,,기타,0.0,5011051000,,00,,2300.0,20151012,시설6급,0.0,0.0,N,0.0,일도일동일원,936,집중호우시 암반사면 붕괴위험,20131204,,행정안전부,남수각,0.0,491012013041,0.0,-1,"낙석 및 암반탈락이 발생한 흔적이 나타나며, 절리 및 뜬돌이 발달하여 있음
 지구내 주택이 존재하며, 사면의 경사가 급하고 수직고가 높아 붕괴위험성이 높음",,0,제주특별자치도 제주시  삼성로5길  49-1  (일도일동),,4,시설5급,0.0,0.0,002,0.0,,,20151007,,제주시,050,시설9급,0,,,,2021/10/19 09:24:31.000000000,,2,,001,
5011010700,,,기타,0.0,5011059000,,00,,3500.0,20151012,시설6급,0.0,0.0,N,0.0,건입동일원,986,집중호우시 암반사면 붕괴위험으로 변경(추가) 지정,20131023,,행정안전부,복신미륵,0.0,491012013042,0.0,-1,자연사면 및 옹벽으로 되어있으며 사면에 주택등이 산재해 있고 상부에 배수로 시설이 미비하여 배수불량으로 인한 암반사면 붕괴에 따른 가옥붕괴 우려,,0, [지점번호:다다10120312],,4,시설5급,0.0,0.0,002,0.0,,,20151007,,제주시,050,시설7급,0,,,,2021/10/19 09:23:06.000000000,,2,9,001,
5011025342,5.0,,기타,0.0,5011000000,,02,,39000.0,20131204,시설6급,296.0,135.0,N,0.0,유수암리일원,1975,호우시주택및농경지침수예방,20131205,,,유수암,0.0,491012013044,0.0,-1,배수시설미설치 및 미정비로 인한 호우시 도로 및 농경지를 통한 우수유입으로 주거지 침수피해,,0, [지점번호:나나97729515],,4,시설5급,4.0,0.0,001,45.0,5.0,10.0,20230323,정비사업 완료에 따른 지구 지정 해제,제주시,050,시설7급,0,,,2013,2023/06/09 08:57:48.000000000,,2,,,유수암리장
4886038021,,급경사지,지방관리,0.0,4886000000,,00,4886038021100380000045371     ,76000.0,20150826,안전총괄과 시설 7급,250.0,0.0,N,0.0,산림,38,낙석발생 등으로 인한 붕괴위험,20120315,,,적벽산지구,0.0,488602011004,0.0,2,낙석발생,,0,,낙동강,4,안전총괄과,5.0,60.0,002,0.0,,,20220321,정비사업 완료에 따른 해제,산청군청,010,안전총괄과 시설7급,0,,,2010,2022/10/27 09:44:27.000000000,,3,0,,신안면 하정리4구
4886035023,,급경사지,국립공원,0.0,4886035000,,01,,200000.0,20150826,삼장면 시설7급,250.0,0.0,N,0.0,산림,99,낙석발생 등으로 인한 붕괴위험,20100809,,산림청,대원사지구,0.0,488602011005,0.0,19,낙석발생,"낙석방지망 및 방지책,주의표지판 긴급보수공사중",1, [지점번호:라마29380581],기타,4,건설과장,5.0,60.0,002,0.0,,,20190904,,산청군청,040,건설과 시설7급,0,,,2010,2020/05/29 09:29:08.000000000,,3,1,004,삼장면 평촌리
4886036027,,하천,지방2급하천,0.0,4886036000,,00,,350000.0,20160226,시천면 시설7급,250.0,0.0,N,0.0,시천천,112,제방월류로 인한 침수위험,20100809,,국토교통부,내공지구,0.0,488602011006,0.0,2,하천단면 협조 및 낮은제방고로 인한 침수피해,2014년7월2일현재 시천천제방 (양안)축조,0, [지점번호:라라28799406],낙동강,4,건설과장,5.0,60.0,001,0.0,,,20150325,정비사업 완료,산청군청,013,건설과 시설7급,, ,,,2016/02/26 09:19:36.000000000, ,3,3,005,시천면 내공리
4887036026,,외수,지방2급하천,0.0,4887036000,653,02,,75600.0,20130101,안의면 시설8급,200.0,12.0,N,1.0,안의천(도림제),653,제방단면부족에 따른 배수불량으로 침수위험,20060401,20170319,,도림지구,0.0,488702005003,5000.0,2,". 하천제방 단면부족으로 집중호우시 하천범람 우려
 . 하천구역내 농경지 침수예상 7.6ha
 . 하천제방보강",,0,,낙동강,4,안전관리과,5.0,30.0,001,4.0,,,20161103,재해위험지구정비사업으로 위험요인 해소,함양군청,013,안전관리과,0,,20160101,2013,2021/12/15 14:29:39.000000000,도림천 하천기본계획,3,,,중동마을이장
4887040021,,외수,지방관리,,4887040000,,02,,114000.0,20060228,함양군 병곡면 ,250.0,,,1.0,위천(토내제),1027,배수불량으로 침수위험,20060228,20170319,,토내지구,,488702005004,60000.0,2,". 하천제방 단면부족으로 집중호우시 하천범람 우려
. 하천구역내 농경지 침수예상 11.5ha
. 하천제방보강",,0, [지점번호:라마15062621],낙동강,4,함양군 안전관리과장,5.0,40.0,001,,,,20100507,정비 완료,함양군청,010,함양군 안전관리과,0,,,2006,2021/12/12 22:40:52.000000000,,3,1,,함양군 병곡면 토내리
4887025032,,외수,지방2급하천,,4887025000,,02,,45000.0,20060208,함양군 함양읍 토목6급,250.0,,Y,1.0,위천(죽곡제),7,배수불량으로 침수위험,20060315,20170319,,죽곡지구,,488702005005,3000.0,2,". 하천제방 단면부족으로 집중호우시 하천범람 우려
. 하천구역내 농경지 침수예상 15ha
. 하천제방보강",,0,,낙동강,4,함양군 안전관리과장,5.0,40.0,001,,,,20081217,재해예방사업으로 정비완료(L=500m),함양군청,013,함양군 안전관리과,0,,20131212,2006,2021/12/15 15:10:07.000000000,위천기본계획,3,,,함양군 함양읍 죽곡리
4887035026,,외수,지방2급하천,,4887035000,97-1,02,,83000.0,20060308,지곡면 시설7급,100.0,,Y,1.0,남효소하천,1,제방단면부족 및 배수불량으로 침수위험,20060228,20170319,,남효지구,,488702005006,4000.0,2,". 하천제방 단면부족으로 집중호우시 하천범람 우려
 . 하천구역내 농경지 침수예상 8.4ha
 . 하천제방보강",,0, [지점번호:라마26713338],낙동강,4,재난관리과 행정5급,5.0,30.0,001,,,,20100507,,함양군청,013,재난관리과 시설6급,0,,20171213,2006,2021/12/15 14:52:22.000000000,남효천기본계획,3,,,남효이장
4887035027,,외수,지방1급하천,,4887035000,,02,,86000.0,20060228,함양군 지곡면 행정6급,100.0,,N,1.0,상곡소하천,755,제방단면 부족에 따른 배수불량으로 침수위험,20060315,20170319,,상곡지구,,488702006001,300.0,2,". 제방단면 부족으로 호우시 상습침수
. 2002년 루사, 2003년 매미로 농경지 침수",,0, [지점번호:라마25503000],낙동강,4,함양군 재난안전관리과 재난안전관리과장,5.0,30.0,001,,,,20081217,수해복구사업으로 정비완료(사업물량 L=900m),함양군청,012,함양군 재난안전관리과 복구지원담당,0,,20160817,2006,2021/12/15 15:05:31.000000000,상곡천기본계획,3,140,,함양군 지곡면 창평리
4887035027,,외수,지방1급하천,,4887035000,,02,,93000.0,20061231,함양군 지곡면 행정6급,100.0,,Y,1.0,남강천,755,내수 배수불량으로 침수위험,20060315,20170319,,거평지구,,488702006002,3000.0,2,". 가옥이 하천 인근에 접하고 있어 호우시 상습침수
. 2002년 루사, 2003년 매미, 2004년 메기시 농경지 침수",,0, [지점번호:라마25412965],낙동강,4,함양군 재난안전관리과 재난안전관리과장,5.0,30.0,001,,,,20081217,제방숭상으로 최근 5년간 침수피해 없음,함양군청,012,함양군 재난안전관리과 복구지원담닫,0,,20060208,2006,2021/12/15 14:58:08.000000000,남강천,3,109,,함양군 지곡면 창평리
4887035029,,,지방2급하천,,4887035000,,02,,110000.0,20100727,지곡면사무소,200.0,40.0,Y,1.0,보산천,503,통수단면 부족으로 인한 상습침수,20100727,20170319,,보산지구,,488702011007,7000.0,2,"하천제방 단면부족으로 집중호우시 하천범람 우려
 하천구역내 농경지 침수예상 11㏊",,0, [지점번호:라마24162766],낙동강,4,함양군 안전관리과,3.0,30.0,001,17.0,,,20140730,,함양군청,013,함양군 안전관리과,0,,20161215,2020,2021/12/15 14:47:47.000000000,보산천,3,1,,공배마을 이장
4887038024,,,지방2급하천,,4887038000,,02,,52000.0,20100501,서상면 시설9급,100.0,7.0,,2.0,추상천,525,통수단면부족으로 상습침수,20100501,20170319,,추하지구,,488702011008,70000.0,-1,"하천폭(15.0m) 및 여유고(0.6m) 부족 
 통수단면이 부족한 기존교량 철거 및 신설",,0,경상남도 함양군 서상면 논개길  143    ,,4,함양군 안전관리과,4.0,25.0,001,3.0,,,20150203,재해위험지구정비사업 완료(하천정비 L=1.422km),함양군청,013,함양군 안전관리과,0,,20100507,2010,2021/12/12 22:43:15.000000000,,3,,,추하이장
4887031022,,사면붕괴,지방도,0.0,4887031000,,02,,5400.0,20151201,마천면사무소,293.0,9.0,N,0.0,지방도1023호,137,- 암반사면 균열로 낙석위험발생,20130131,20170319,,외마지구,0.0,488702013010,0.0,-1,"- 호우시 사면(암반 절리)에서 용출수가 발생하고 사면 상부에 풍화암 및 들뜬 돌이 많으며 암반 사면에서 발생된 
 균열로 사면붕괴 위험
 - 사면정비 L=160m, H=20~40m",,0, [지점번호:라마14451071],,4,함양군 안전관리과,2.0,43.0,002,3.0,,,20180125,2018.1.25.지구 지정해제 보고  재해위험지구정비 사업으로 정비완료,경상남도,002,함양군 안전관리과,0,,,2013,2021/12/10 18:27:04.000000000,,1,3,,이장
4888025025,,외수침수,지방2급하천,,4888025000,,,,,,거창읍사무소,0.0,,,,웅곡천,1,상습침수,20060614,,국토교통부,웅곡지구,,488802006001,,2,미개수 하천으로 집중호우시 하천범람되어 상습침수 피해발생 가능,,0, ,낙동강,4,재난관리과 과장,0.0,0.0,001,,,,20120426,사업구간 정비완료,거창군청 재난관리과,013,재난관리과 복구지원담당,, ,,,2013/06/14 23:03:22.000000000,,1,,005,김천리장
4888025023,,외수침수,지방2급하천,,4888025000,,,,,,거창읍사무소,0.0,,,,동천,688,상습침수,20060614,,국토교통부,동천지구,,488802006002,,2,미개수 하천으로 집중호우시 하천범람되어 상습침수 피해발생 가능,,0,경상남도 거창군 거창읍 거열로2길  37-8   ,낙동강,4,재난안전관리과장,0.0,0.0,001,,,,20140225,정비사업 완료로 재해위험요인해소,거창군청 재난관리과,013,재난안전과 복구지원담당,, ,,,2014/02/28 17:09:26.000000000,,1,,005,개봉이장
4888038021,,붕괴위험지구,군도,0.0,4888038000,,02,,3000.0,20150305,안전총괄과 시설7급,0.0,0.0,N,0.0,양항지구,355,"붕괴위험지구(도로변 낙석, 토사붕괴)",20100304,20060926,행정안전부,양항지구,0.0,488802010003,0.0,-1,"붕괴위험지구(도로변 낙석, 토사붕괴)",,1, [지점번호:라마40044204],,4,안전총괄과 시설6급,0.0,0.0,002,0.0,,,20151125,정비사업 완료로 재해위험요인해소,거창군청,004,안전총괄과 시설7급,0,,,2015,2020/09/02 11:35:58.000000000,,2,1,001,대곡마을이장
4888039022,,,지방관리,0.0,4888039000,,02,,840.0,20130305,안전총괄과 시설7급,0.0,0.0,N,0.0,와룡지구,4,붕괴위험지구(주택가 축대붕괴),20100304,20060926,행정안전부,와룡지구,0.0,488802010004,0.0,-1,붕괴위험지구(주택가 축대붕괴),,0,,,4,안전총괄과 시설6급,0.0,0.0,002,0.0,,,20140415,정비사업이 완료되어 재해위험요인해소,거창군청,010,안전총괄과 시설7급,0,,,2003,2020/09/02 11:34:27.000000000,,2,2,001,비곡마을이장
4888025028,,,지방2급하천,0.0,4888025000,,02,,191900.0,20140305,안전총괄과 시설7급,100.0,0.0,N,0.0,정장지구 자연재해위험지구 정비사업,1025,정장천 주변주택 및 농경지 상습침수,20120614,20060926,행정안전부,정장지구,0.0,488802013005,0.0,-1,"여름철 집중호우시 통수단면 및 제방 여유고 부족으로 호안유실과 
 농경지(비닐하우스) 침수피해 발생",,0, [지점번호:라마37434097],,4,안전총괄과 시설6급,1.0,20.0,001,0.0,,,,,안전총괄과,013,안전총괄과 시설7급,0,,,2014,2020/09/02 11:31:54.000000000,,2,7,001,정장마을 이장
4888033024,,,지방2급하천,0.0,4888000000,,02,,34245.0,20151201,안전총괄과 시설7급,100.0,0.0,N,0.0,입석지구,752,"주택, 농경지 등 침수피해우려 지역",20140226,20060926,,입석지구,0.0,488802014006,0.0,-1,침수피해우려지역,,0,경상남도 거창군 고제면 입석2길  30    ,,4,안전총괄과 시설6급,1.0,20.0,001,0.0,,,,,거창군건설과,013,안전총괄과 시설7급,0,,,,2025/02/06 14:01:07.000000000,,2,2,,이장
4882034024,,,지방2급하천,0.0,4882000000,,00,,50471.0,20120330,안전관리과 시설7급,0.0,41.0,N,0.0,상동천,456,침수위험,20120330,,,오산지구,0.0,488202012001,0.0,19,침수위험,,0,,기타,4,안전건설과 시설5급,0.0,0.0,001,21.0,,,20190220,,고성군,013,안전관리과 시설6급,0,오산마을,,2012,2023/04/27 13:20:56.000000000,하천기본계획,2,7,,오산마을 이장
5013025924,,,지방관리,0.0,5013025900,,00,5013025924125900000000001     ,60000.0,20160403,,0.0,0.0,N,0.0,배수로 1.8km,2590,침수위험,20060303,,행정안전부,신양,0.0,491022009008,0.0,-1,하천범람,,0,,,4,복구지원팀장,0.0,0.0,001,0.0,,,20150921,사업완료,안전총괄과,010,안전총괄과시설7급,0,,,,2021/06/10 16:45:18.000000000,,2,0,001,
4874041021,,,지방2급하천,0.0,4874041000,,02,,0.0,20151102,길곡면사무소,150.0,50.0,N,0.0,증산제(길곡천),115,제방단면부족등으로 제방붕괴위험상존,19991030,20080529,행정안전부,증산,0.0,487402008007,0.0,2,제방단면 부족으로 제방붕괴 및 하천범람,,0, [지점번호:라마97811139],낙동강,4,안전치수과 시설5급,3.0,20.0,003,24.0,,,20050819,제방축제보강으로 위험요인 해소,창녕군,013,안전치수과 시설6급,0,,,,2016/07/13 10:59:51.000000000,,2,1,001,금곡마을
4874042024,,,지방2급하천,0.0,4874042000,,02,,0.0,20151102,부곡면사무소,200.0,0.0,N,0.0,온정제(온정천),935,낙동강배수위영향으로 범람및붕괴위험,20010423,20080529,행정안전부,온정,0.0,487402008008,0.0,2,낙동강 배수위영향을 받는 호안 미시공지구로 홍수시 범람 및 붕괴위험,,0,,낙동강,4,안전치수과,3.0,30.0,003,0.0,,,20050819,제방축제보강으로 위험요소 해소,창녕군,013,안전치수과,0,,,,2016/07/05 10:10:44.000000000,,2,,001,온정마을
4874036027,,,지방관리,0.0,4874000000,,02,,10000.0,20151102,대지면사무소,0.0,40.0,N,0.0,구미지구,39,붕괴위험지구(급경사지),20100519,20080529,행정안전부,구미지구,0.0,487402010009,0.0,19,집중호우 및 태풍시 상부에서 흘러내린 우수로 인한 낙석발생 상부 토사유출 위험성 및 암반 풍화로 인한 낙석피해가 존재,,1, [지점번호:라마87702670],기타,4,안전치수과 행정5급,5.0,30.0,002,19.0,,,20151007,정비사업 완료로 재해위험요인 해소,창녕군,010,안전치수과 시설6급,0,,,,2021/09/09 13:02:13.000000000,,2,,001,대지면 구미리
5272035027,,,지방2급하천,0.0,5272035000,,00,,300000.0,20020210,안전재난과 시설7,0.0,0.0,N,0.0,백운동천,1,하폭부족으로 인한 침수위험,20020210,,행정안전부,백운 백암지구,0.0,457202010007,0.0,-1,제방고 및 하천폭 부족,,0, [지점번호:다마95564225],,4,안전재난과 시설6,0.0,0.0,001,0.0,,,20040608,하천정비 완료,진안군청,013,,0,,,,2021/06/07 18:37:50.000000000,,2,,001,
5272039021,,,지방2급하천,0.0,5272039000,,00,,700000.0,20040608,안전재난과 시설7,0.0,0.0,N,0.0,마조천,600,하천폭 부족으로 인한 침수위험,20040608,,행정안전부,봉학지구,0.0,457202013008,0.0,-1,제방단면 및 하폭 부족,,0, [지점번호:다마93066404],,4,안전재난과 시설6,0.0,0.0,001,0.0,,,20160602,위험지구 정비완료,진안군청,013,,0,,,,2021/06/07 18:37:39.000000000,,2,,001,
5011025325,,,기타,0.0,5011025300,,00,,21300.0,20131204,시설6급,296.0,150.0,N,0.0,수산리일원,466,호우시저지대상습적인침수피해예방,20131204,,행정안전부,수산,0.0,491012013045,0.0,-1,도로배수시설미설치로인한 침수피해,,0, [지점번호:나나97169788],,4,시설5급,4.0,0.0,001,50.0,,,20200114,정비사업 완료로 재해위험요인 해소,제주시,050,시설7급,0,,,2013,2021/10/19 09:22:03.000000000,,2,8,001,수산이장
5011025625,5.0,,기타,0.0,5011000000,,02,,104000.0,20131204,시설6급,190.0,135.0,N,0.0,송당리일원,1667,"호우시주택,농경지상습침수피해예방",20131204,,행정안전부,송당2,0.0,491012013046,0.0,-1,"마을로 집중된 많은 양의 우수를 저감시킬 수 있는 시설부족
 우수관거 통수단면 부족",,0,제주특별자치도 제주시 구좌읍 송당서길  38    ,,4,시설5급,4.0,0.0,001,45.0,5.0,10.0,20200114,정비사업 완료로 재해위험요인 해소,제주시,050,시설7급,0,,,2013,2021/10/19 09:21:02.000000000,,2,,001,송당리장
