year,month,stn_id,stn_ko,rn_day,rn,max_rn_day,tm_rn_day,rn_day_cnt1,rn_day_cnt2,rn_day_cnt3,rn_day_cnt4,ev_s,ws,ws_max,wd_max,tm_max,cnt1,cnt2,cnt3,cnt4,cnt5,cnt6,cnt7,cnt8,cnt9
2016,1,90.0,속초,6.6,-37.7,3.7,30,2,2,0,0,,2.4,8.7,WNW,23,0,0,4,0,0,0,3,0,28
2016,1,95.0,철원,0.9,-19.7,0.9,18,1,0,0,0,,1.3,6.4,W,23,0,0,1,2,0,0,5,10,31
2016,1,98.0,동두천,1.3,-19.5,0.7,18,3,0,0,0,,1.6,9.7,WNW,18,0,0,3,0,0,0,4,0,0
2016,1,99.0,파주,1.0,,0.4,18,3,0,0,0,,1.5,8.4,WNW,19,0,0,3,0,0,0,3,0,0
2016,1,100.0,대관령,2.6,-60.0,2.6,29,1,1,0,0,,4.9,16.6,W,19,0,0,2,0,4,0,9,0,31
2016,1,101.0,춘천,0.4,-19.9,0.3,16,2,0,0,0,,1.2,8.0,WSW,18,13,3,1,4,0,0,5,21,31
2016,1,102.0,백령도,5.7,-5.9,3.1,14,4,2,0,0,,4.2,16.0,WNW,23,2,7,2,1,1,0,14,0,28
2016,1,104.0,북강릉,24.7,,13.2,29,2,2,2,0,,2.1,10.9,WSW,18,18,3,2,0,0,0,2,3,28
2016,1,105.0,강릉,27.4,-27.7,16.5,29,3,2,2,0,,3.4,9.6,WNW,1,0,0,1,,0,,,,
2016,1,106.0,동해,12.4,-38.6,6.6,30,3,3,0,0,,2.4,10.4,WSW,18,0,0,3,0,0,0,3,0,26
2016,1,108.0,서울,1.0,-19.8,0.4,13,4,0,0,0,,2.5,9.0,NNW,19,9,3,1,0,0,0,6,8,28
2016,1,112.0,인천,2.8,-17.8,1.6,13,4,1,0,0,,3.5,13.0,NNW,18,7,1,2,2,0,0,8,9,29
2016,1,114.0,원주,1.6,-20.4,1.3,18,3,1,0,0,,1.0,6.5,WSW,19,0,0,2,1,0,0,10,0,26
2016,1,115.0,울릉도,164.2,48.0,31.0,23,18,17,6,1,,3.8,13.0,W,29,2,15,6,0,0,0,22,1,25
2016,1,119.0,수원,4.6,-17.8,2.7,13,5,1,0,0,,1.7,7.5,NW,23,7,1,2,1,0,0,10,11,29
2016,1,121.0,영월,3.4,-17.9,1.2,15,6,1,0,0,,1.2,6.7,W,23,0,0,2,1,0,0,10,0,24
2016,1,127.0,충주,1.8,-19.4,0.6,18,6,0,0,0,,1.5,7.9,W,18,0,0,2,2,0,0,6,0,27
2016,1,129.0,서산,21.9,-6.3,5.8,18,10,4,0,0,,2.0,9.4,WNW,19,3,6,2,2,0,0,14,12,29
2016,1,130.0,울진,12.8,-33.9,6.9,29,5,4,0,0,,3.0,8.6,WNW,18,0,0,3,0,0,0,1,0,23
2016,1,131.0,청주,5.7,-19.8,2.0,18,7,2,0,0,,1.3,5.3,WNW,19,3,5,2,0,0,0,9,1,27
2016,1,133.0,대전,11.6,-18.0,3.8,17,10,4,0,0,,1.3,6.9,NW,19,3,5,2,1,0,0,13,8,29
2016,1,135.0,추풍령,18.9,-5.6,8.6,29,7,4,0,0,,3.5,14.3,W,19,0,0,3,0,1,0,7,0,27
2016,1,136.0,안동,6.8,-13.3,3.8,29,3,3,0,0,,2.0,9.4,WNW,19,12,4,1,5,0,0,6,21,31
2016,1,137.0,상주,11.7,,7.1,29,6,3,0,0,,2.4,9.2,W,19,0,0,2,1,0,0,6,0,26
2016,1,138.0,포항,47.2,10.7,27.0,29,5,4,1,0,,2.9,9.2,W,19,14,4,4,0,0,0,0,0,22
2016,1,140.0,군산,42.4,9.9,12.0,19,12,7,2,0,,1.8,11.8,WNW,18,0,0,5,1,0,0,11,0,0
2016,1,143.0,대구,23.8,3.2,15.2,29,3,3,1,0,,2.1,10.8,W,19,12,4,3,2,0,0,4,8,26
2016,1,146.0,전주,25.2,-7.5,8.3,17,8,7,0,0,,1.7,7.6,WNW,18,1,6,3,2,0,0,14,13,25
2016,1,152.0,울산,50.6,16.3,23.2,29,5,3,2,0,,2.3,9.9,WNW,24,15,3,4,0,0,0,0,4,24
2016,1,155.0,창원,40.5,3.6,23.6,28,5,3,2,0,,1.9,8.3,NNE,22,13,3,3,0,0,0,2,3,20
2016,1,156.0,광주,49.7,12.6,11.5,28,11,8,1,0,,1.5,6.7,W,13,0,8,4,0,0,0,11,6,23
2016,1,159.0,부산,59.5,25.1,24.3,28,4,3,3,0,,3.5,12.5,WNW,18,15,3,4,0,0,1,2,1,20
2016,1,162.0,통영,70.7,40.9,37.2,28,4,4,2,1,,2.7,10.5,NNW,23,0,0,2,0,0,0,2,0,0
2016,1,165.0,목포,79.2,46.0,14.3,28,11,8,5,0,,3.7,12.5,NNW,18,1,12,4,3,0,0,12,1,17
2016,1,168.0,여수,51.2,26.1,28.9,28,8,4,2,0,,4.9,13.6,NNW,19,5,4,4,0,0,0,7,0,19
2016,1,169.0,흑산도,21.1,-1.0,7.0,29,9,7,0,0,,6.0,14.7,NNW,19,1,15,7,1,4,0,11,0,11
2016,1,170.0,완도,65.0,30.8,24.1,28,9,7,3,0,,2.8,11.4,SW,19,0,0,4,0,0,0,8,0,0
2016,1,172.0,고창,53.6,,11.9,24,12,10,2,0,,2.8,12.5,NW,19,0,0,4,1,0,0,12,0,0
2016,1,174.0,순천,30.0,,13.1,29,8,5,2,0,,2.4,7.3,NW,19,0,0,3,2,0,0,7,3,26
2016,1,175.0,진도(첨찰산),18.6,,5.1,19,6,5,0,0,,5.0,13.3,NW,18,0,0,3,0,0,0,6,0,0
2016,1,177.0,홍성(예),10.7,,4.6,23,10,3,0,0,,1.5,7.0,W,18,0,0,1,0,0,0,0,0,0
2016,1,184.0,제주,125.6,60.4,33.5,17,13,9,4,2,,4.3,14.3,NW,24,0,22,10,0,1,0,9,0,7
2016,1,185.0,고산,70.1,26.2,29.1,28,9,6,2,0,,9.3,26.9,NW,24,0,0,5,0,14,0,10,0,0
2016,1,188.0,성산,167.8,84.6,66.7,28,14,9,4,2,,3.1,9.7,WNW,31,0,0,6,0,0,0,8,0,0
2016,1,189.0,서귀포,74.9,13.9,26.5,28,10,7,3,0,,1.6,5.7,NNE,29,0,0,6,0,0,0,7,0,0
2016,1,192.0,진주,35.4,2.5,19.4,28,4,3,2,0,,1.1,7.4,NNW,19,0,0,3,3,0,0,1,0,6
2016,1,201.0,강화,0.2,-17.5,0.2,26,1,0,0,0,,1.8,7.8,SW,19,0,0,1,0,0,0,1,0,0
2016,1,202.0,양평,0.4,-17.8,0.4,13,1,0,0,0,,1.5,8.4,WNW,18,0,0,1,0,0,0,1,0,0
2016,1,203.0,이천,3.6,-18.9,1.2,13,5,2,0,0,,1.3,7.5,WNW,18,0,0,1,0,0,0,5,0,0
2016,1,211.0,인제,0.3,-17.2,0.3,18,1,0,0,0,,1.9,5.8,S,19,0,0,1,,0,,,,
2016,1,212.0,홍천,0.1,-20.3,0.1,18,1,0,0,0,,1.0,6.6,W,18,0,0,1,,0,,,,
2016,1,216.0,태백,8.9,-23.7,6.1,29,3,2,0,0,,1.6,6.4,NNW,26,0,0,3,,0,,,,
2016,1,217.0,정선군,1.0,,0.5,15,2,0,0,0,,2.0,11.8,N,19,0,0,3,,0,,,,
2016,1,221.0,제천,4.5,-20.2,1.5,15,6,2,0,0,,1.6,7.8,WSW,18,0,0,2,2,0,0,7,0,27
2016,1,226.0,보은,9.7,-17.6,4.5,17,5,3,0,0,,1.5,7.2,NW,18,0,0,3,3,0,0,10,0,27
2016,1,232.0,천안,8.0,-15.4,2.5,23,5,4,0,0,,1.8,9.0,W,19,0,0,2,3,0,0,6,0,0
2016,1,235.0,보령,7.8,-20.3,2.9,23,5,4,0,0,,1.5,5.7,N,23,0,0,3,1,0,0,12,0,0
2016,1,236.0,부여,6.6,-22.2,2.0,18,7,3,0,0,,1.2,7.2,NW,18,0,0,2,,0,,,,
2016,1,238.0,금산,11.1,-18.3,5.0,17,7,3,0,0,,1.2,6.3,W,19,0,0,3,,0,,,,
2016,1,243.0,부안,51.1,16.8,16.0,24,14,8,1,0,,1.3,7.2,WNW,18,0,0,5,,0,,,,
2016,1,244.0,임실,36.1,-1.2,10.0,24,9,8,1,0,,1.1,5.9,NW,18,0,0,3,,0,,,,
2016,1,245.0,정읍,60.2,20.0,12.0,24,13,8,1,0,,1.1,5.7,WNW,18,0,0,4,2,0,0,13,0,0
2016,1,247.0,남원,30.0,-1.2,8.5,28,7,7,0,0,,1.4,6.3,ENE,29,0,0,3,1,0,0,8,0,0
2016,1,248.0,장수,24.9,-8.8,8.5,28,9,6,0,0,,1.9,7.8,W,18,0,0,3,,0,,,,
2016,1,251.0,고창군,54.0,,16.0,24,11,10,1,0,,1.5,7.5,W,19,0,0,4,,0,,,,
2016,1,252.0,영광군,45.2,,8.5,24,13,11,0,0,,2.3,10.6,WNW,19,0,0,4,,0,,,,
2016,1,253.0,김해시,44.0,,24.0,28,4,3,2,0,,2.5,11.4,WNW,19,0,0,4,0,0,0,0,0,0
2016,1,254.0,순창군,34.4,,6.8,18,9,8,0,0,,1.6,8.5,W,24,0,0,3,,0,,,,
2016,1,255.0,북창원,39.5,,23.5,28,3,3,2,0,,1.7,7.3,NW,19,0,0,0,,0,,,,
2016,1,257.0,양산시,55.6,,25.0,28,4,3,2,0,,2.3,8.5,NNW,18,0,0,4,,0,,,,
2016,1,258.0,보성군,23.3,,14.0,28,8,4,1,0,,3.6,13.6,WNW,19,0,0,3,1,0,0,7,0,0
2016,1,259.0,강진군,59.6,,16.0,29,10,9,2,0,,2.5,8.3,NW,19,0,0,3,,0,,,,
2016,1,260.0,장흥,54.0,24.4,17.6,28,10,9,2,0,,2.2,9.5,NNW,18,0,0,4,,0,,,,
2016,1,261.0,해남,56.3,23.8,18.4,29,10,7,3,0,,2.1,10.1,WNW,19,0,0,3,,0,,,,
2016,1,262.0,고흥,57.5,29.8,26.7,28,8,4,2,0,,2.0,9.3,NW,19,0,0,4,1,0,0,7,0,0
2016,1,263.0,의령군,32.2,,17.0,28,5,2,2,0,,1.4,11.0,WSW,18,0,0,3,,0,,,,
2016,1,264.0,함양군,25.1,,11.0,29,5,4,1,0,,2.0,7.2,WSW,19,0,0,3,,0,,,,
2016,1,266.0,광양시,38.5,,20.5,28,7,3,2,0,,2.4,9.1,NE,29,0,0,3,,0,,,,
2016,1,268.0,진도군,58.6,,19.0,29,10,9,3,0,,3.1,8.4,N,19,0,0,4,,0,,,,
2016,1,271.0,봉화,3.5,-17.6,1.5,17,5,2,0,0,,1.7,7.2,N,26,0,0,3,,0,,,,
2016,1,272.0,영주,4.0,-15.8,3.0,17,2,2,0,0,,4.1,12.7,NW,19,0,0,2,,0,,,,
2016,1,273.0,문경,7.4,-15.4,3.5,29,4,2,0,0,,2.4,8.9,WNW,19,0,0,2,,0,,,,
2016,1,276.0,청송군,8.6,,7.0,29,4,2,0,0,,1.9,10.0,WSW,19,0,0,3,,0,,,,
2016,1,277.0,영덕,12.5,-24.9,5.5,29,5,4,0,0,,3.6,13.3,W,19,0,0,3,0,0,0,0,0,0
2016,1,278.0,의성,5.3,-12.7,4.0,29,3,1,0,0,,1.3,8.5,W,19,0,0,7,,0,,,,
2016,1,279.0,구미,16.6,-3.6,10.7,29,4,3,1,0,,1.6,6.9,WNW,19,0,0,3,3,0,0,6,0,27
2016,1,281.0,영천,22.5,-0.1,14.0,29,5,4,1,0,,2.4,8.4,WNW,19,0,0,4,,0,,,,
2016,1,283.0,경주시,38.1,,21.0,29,5,3,2,0,,3.0,12.1,WNW,19,0,0,4,,0,,,,
2016,1,284.0,거창,20.7,-7.2,9.9,29,5,3,0,0,,1.5,8.0,NW,24,0,0,3,3,0,0,11,2,29
2016,1,285.0,합천,27.7,5.8,14.5,29,4,3,2,0,,1.1,5.4,NW,24,0,0,3,,0,,,,
2016,1,288.0,밀양,33.5,11.2,16.6,28,3,3,2,0,,1.1,8.4,WNW,18,0,0,4,0,0,0,0,0,0
2016,1,289.0,산청,31.0,2.6,15.0,29,4,4,2,0,,2.6,10.2,W,19,0,0,3,,0,,,,
2016,1,294.0,거제,81.5,40.5,35.5,28,4,4,3,1,,1.9,6.7,WNW,19,0,0,4,,0,,,,
2016,1,295.0,남해,62.7,29.8,33.0,28,5,4,2,1,,1.3,4.9,NW,18,0,0,4,,0,,,,
2016,2,90.0,속초,38.3,-8.6,13.4,13,8,7,1,0,,2.1,8.8,N,23,0,0,2,1,0,0,8,0,26
2016,2,95.0,철원,54.1,27.7,32.2,13,5,4,2,1,,1.5,7.5,N,13,0,0,1,2,0,0,7,8,26
2016,2,98.0,동두천,47.8,25.1,23.1,13,8,5,2,0,,1.9,8.9,NW,8,0,0,1,0,0,0,4,0,0
2016,2,99.0,파주,65.9,,40.0,13,8,4,2,1,,1.8,6.8,SW,25,0,0,1,0,0,0,4,0,0
2016,2,100.0,대관령,39.0,-14.6,12.2,28,9,5,2,0,,4.3,12.2,W,18,0,0,0,4,0,0,12,0,25
2016,2,101.0,춘천,54.8,31.0,24.0,12,7,5,2,0,,1.4,6.5,WSW,23,11,5,1,4,0,1,9,17,27
2016,2,102.0,백령도,66.5,53.0,27.6,11,7,4,3,0,,4.4,13.7,W,8,11,5,3,3,0,0,6,1,24
2016,2,104.0,북강릉,45.7,,12.7,28,7,6,3,0,,2.1,7.9,WNW,23,13,5,1,1,0,0,9,1,25
2016,2,105.0,강릉,48.5,-1.1,14.5,28,7,7,3,0,,2.7,7.6,NW,16,0,0,0,,0,,,,
2016,2,106.0,동해,55.0,18.7,19.4,24,10,6,2,0,,2.4,10.2,NNE,6,0,0,1,1,0,0,7,0,25
2016,2,108.0,서울,47.6,22.6,21.0,13,8,4,2,0,,2.8,7.6,WSW,18,13,4,3,2,0,1,7,8,27
2016,2,112.0,인천,43.1,22.3,21.9,13,8,4,2,0,,3.7,10.1,NNW,8,12,3,2,3,0,1,5,10,25
2016,2,114.0,원주,45.8,19.5,13.9,13,7,5,2,0,,1.2,5.5,WSW,23,0,0,4,4,0,0,12,0,26
2016,2,115.0,울릉도,134.8,56.7,40.0,1,15,15,5,1,,4.0,18.0,SSE,28,0,11,3,4,2,1,18,0,26
2016,2,119.0,수원,52.6,28.4,27.4,12,11,5,2,0,,1.9,6.8,WSW,8,11,6,3,2,0,1,12,15,27
2016,2,121.0,영월,54.5,29.2,18.5,12,8,6,3,0,,1.4,7.2,WSW,14,0,0,4,4,0,0,11,0,26
2016,2,127.0,충주,50.1,26.9,17.1,28,9,6,3,0,,1.7,7.3,WSW,8,0,0,3,4,0,0,7,0,26
2016,2,129.0,서산,61.7,35.1,23.6,12,10,8,2,0,,2.3,8.7,SW,8,10,4,3,2,0,1,11,16,25
2016,2,130.0,울진,40.6,-0.7,19.7,24,9,6,1,0,,2.9,8.6,NW,28,0,0,1,0,0,0,3,0,0
2016,2,131.0,청주,45.5,16.1,14.7,28,9,6,3,0,,1.5,5.2,WNW,23,10,6,2,2,0,0,8,1,26
2016,2,133.0,대전,45.8,11.6,16.8,12,9,5,2,0,,1.7,6.2,NW,29,12,6,2,3,0,0,8,8,25
2016,2,135.0,추풍령,34.2,-0.3,9.5,28,10,8,0,0,,3.5,10.2,W,14,0,0,3,2,0,0,8,0,25
2016,2,136.0,안동,32.8,5.9,23.4,12,5,3,1,0,,2.1,7.7,WNW,23,12,6,1,2,0,0,7,15,26
2016,2,137.0,상주,36.6,,19.1,12,9,5,1,0,,2.4,7.9,W,29,0,0,3,2,0,0,4,0,21
2016,2,138.0,포항,14.4,-26.4,5.7,13,6,4,0,0,,2.7,7.7,W,28,15,4,1,0,0,0,4,0,21
2016,2,140.0,군산,46.1,13.4,25.2,12,11,6,1,0,,2.7,11.4,WNW,14,0,0,3,1,0,0,8,0,0
2016,2,143.0,대구,15.5,-12.7,7.5,13,3,3,0,0,,2.4,8.9,WNW,28,14,3,1,1,0,1,3,0,22
2016,2,146.0,전주,31.6,-8.4,11.6,12,11,5,1,0,,2.4,9.2,W,16,9,8,1,1,0,0,8,13,22
2016,2,152.0,울산,32.4,-10.2,15.7,12,3,3,2,0,,2.6,9.6,WSW,28,13,3,1,0,0,0,2,1,19
2016,2,155.0,창원,73.2,27.9,50.8,12,4,3,2,1,,1.9,7.3,NE,2,15,3,2,1,0,0,2,0,18
2016,2,156.0,광주,45.2,-2.7,23.3,12,8,5,1,0,,1.8,10.2,WSW,28,10,7,1,0,0,0,9,10,22
2016,2,159.0,부산,63.7,13.5,32.7,12,4,3,2,1,,3.7,13.5,SW,28,12,3,2,1,0,0,1,0,19
2016,2,162.0,통영,93.2,52.4,67.2,12,4,3,2,1,,2.8,11.4,SSE,12,0,0,1,0,0,0,0,0,0
2016,2,165.0,목포,40.5,-1.9,32.6,12,11,4,1,1,,4.2,13.1,NNW,14,11,7,2,1,0,0,8,5,15
2016,2,168.0,여수,65.5,24.2,49.7,12,5,3,2,1,,4.9,13.3,NNW,14,12,7,2,2,0,0,4,0,17
2016,2,169.0,흑산도,28.1,-5.1,17.5,12,8,4,1,0,,6.5,19.0,SSE,12,7,9,4,2,6,0,11,5,14
2016,2,170.0,완도,71.6,18.8,54.9,12,9,3,2,1,,3.3,13.5,E,12,0,0,1,0,0,0,4,0,0
2016,2,172.0,고창,30.0,,12.8,12,10,4,1,0,,3.5,12.9,NW,29,0,0,2,0,0,0,10,0,0
2016,2,174.0,순천,71.9,,51.9,12,6,4,2,1,,2.5,7.9,NNW,14,0,0,3,4,0,0,5,0,22
2016,2,175.0,진도(첨찰산),56.0,,39.7,12,7,4,2,1,,5.4,14.6,NW,14,0,0,4,0,2,0,4,0,0
2016,2,177.0,홍성(예),49.5,,14.9,12,11,6,3,0,,1.8,7.9,SW,13,0,0,3,,0,,,,
2016,2,184.0,제주,40.0,-22.6,24.0,12,11,3,1,0,,4.3,11.7,NNW,29,3,14,4,0,0,1,8,0,2
2016,2,185.0,고산,76.7,29.8,48.4,12,6,4,2,1,,9.7,22.3,NNW,14,0,0,3,1,18,0,8,0,0
2016,2,188.0,성산,103.1,33.4,52.7,12,9,6,2,2,,3.6,13.0,WNW,14,0,0,2,1,0,0,3,0,0
2016,2,189.0,서귀포,143.4,66.3,94.7,12,8,5,2,2,,1.8,8.9,S,12,0,0,3,0,0,0,3,0,0
2016,2,192.0,진주,76.4,33.4,62.8,12,4,3,1,1,,1.4,7.3,WSW,16,0,0,2,1,0,0,0,0,12
2016,2,201.0,강화,39.1,19.9,22.0,13,6,4,2,0,,2.2,7.9,WNW,14,0,0,2,0,0,0,0,0,0
2016,2,202.0,양평,25.0,-1.9,17.0,12,8,3,1,0,,1.6,7.2,SW,8,0,0,4,0,0,0,4,0,0
2016,2,203.0,이천,52.2,28.3,16.2,13,11,4,2,0,,1.7,6.6,WSW,8,0,0,4,0,0,0,5,0,0
2016,2,211.0,인제,41.3,20.6,16.5,13,9,7,2,0,,1.8,5.9,S,18,0,0,2,,0,,,,
2016,2,212.0,홍천,35.4,9.7,17.5,12,8,4,2,0,,1.2,5.8,WNW,23,0,0,2,0,0,0,0,0,0
2016,2,216.0,태백,28.9,-6.9,19.0,12,5,3,1,0,,1.7,7.5,SSW,12,0,0,1,,0,,,,
2016,2,217.0,정선군,66.0,,20.5,12,7,6,3,0,,2.1,12.3,N,23,0,0,3,,0,,,,
2016,2,221.0,제천,68.7,39.3,26.0,12,7,6,2,0,,1.6,7.7,WSW,14,0,0,5,4,0,0,7,0,27
2016,2,226.0,보은,39.8,7.4,15.0,12,9,6,1,0,,1.8,8.0,NW,15,0,0,3,4,0,0,8,0,26
2016,2,232.0,천안,43.6,17.2,13.5,28,8,5,2,0,,2.3,8.8,W,14,0,0,3,3,0,0,8,0,0
2016,2,235.0,보령,54.2,25.7,24.5,12,10,7,2,0,,1.5,8.0,SSW,18,0,0,3,1,0,0,9,0,0
2016,2,236.0,부여,59.6,25.5,29.5,12,9,6,2,0,,1.4,7.0,WNW,16,0,0,4,,0,,,,
2016,2,238.0,금산,46.0,8.2,22.5,12,9,6,2,0,,1.5,6.4,WSW,14,0,0,1,,0,,,,
2016,2,243.0,부안,40.6,2.2,24.5,12,10,5,1,0,,1.9,7.7,S,13,0,0,3,,0,,,,
2016,2,244.0,임실,42.4,-1.3,14.5,12,9,7,1,0,,1.6,7.5,WNW,14,0,0,2,,0,,,,
2016,2,245.0,정읍,33.0,-8.3,13.0,12,10,5,1,0,,1.7,6.6,WSW,16,0,0,0,0,0,0,9,0,0
2016,2,247.0,남원,48.5,7.5,25.0,12,8,6,1,0,,1.9,10.1,W,28,0,0,2,2,0,0,5,0,0
2016,2,248.0,장수,67.2,20.3,24.0,12,9,7,3,0,,2.1,8.8,WSW,13,0,0,2,,0,,,,
2016,2,251.0,고창군,28.7,,12.0,12,10,6,1,0,,2.0,8.5,SE,12,0,0,2,,0,,,,
2016,2,252.0,영광군,40.5,,21.5,12,9,4,1,0,,3.0,9.3,NW,14,0,0,1,,0,,,,
2016,2,253.0,김해시,67.0,,42.5,12,3,3,2,1,,2.8,10.3,WNW,14,0,0,2,,0,,,,
2016,2,254.0,순창군,50.6,,24.0,12,9,5,3,0,,2.1,12.1,W,28,0,0,1,,0,,,,
2016,2,255.0,북창원,56.1,,37.0,12,4,3,2,1,,1.8,6.5,NNW,20,0,0,0,,0,,,,
2016,2,257.0,양산시,76.0,,44.5,12,3,3,2,1,,2.3,9.4,WSW,28,0,0,2,,0,,,,
2016,2,258.0,보성군,108.6,,86.5,12,5,3,2,1,,3.9,12.5,NW,14,0,0,2,1,0,0,2,0,0
2016,2,259.0,강진군,46.0,,32.5,12,6,3,2,1,,3.0,10.7,WSW,28,0,0,3,,0,,,,
2016,2,260.0,장흥,50.5,5.5,40.3,12,5,3,1,1,,2.6,9.4,N,29,0,0,2,,0,,,,
2016,2,261.0,해남,24.1,-22.2,13.0,12,7,3,1,0,,2.4,10.2,WNW,29,0,0,2,,0,,,,
2016,2,262.0,고흥,56.2,7.3,36.8,12,4,4,2,1,,2.3,9.1,NW,14,0,0,2,1,0,0,3,0,0
2016,2,263.0,의령군,44.2,,31.0,12,4,3,1,1,,1.8,10.2,WSW,29,0,0,3,,0,,,,
2016,2,264.0,함양군,34.4,,12.5,12,9,5,2,0,,2.2,7.9,W,9,0,0,3,,0,,,,
2016,2,266.0,광양시,73.0,,56.5,12,5,3,2,1,,2.6,10.3,W,14,0,0,2,,0,,,,
2016,2,268.0,진도군,56.9,,35.0,12,9,4,2,1,,3.2,9.0,NE,23,0,0,3,,0,,,,
2016,2,271.0,봉화,48.8,20.4,20.0,12,7,5,2,0,,1.6,8.1,N,9,0,0,1,,0,,,,
2016,2,272.0,영주,49.9,21.1,27.5,12,5,4,2,0,,3.7,9.8,NW,28,0,0,3,,0,,,,
2016,2,273.0,문경,42.6,13.4,19.5,12,8,5,1,0,,2.4,7.8,WNW,15,0,0,3,,0,,,,
2016,2,276.0,청송군,21.0,,9.5,12,4,3,0,0,,1.9,8.9,WSW,29,0,0,1,,0,,,,
2016,2,277.0,영덕,18.1,-19.3,5.5,13,7,5,0,0,,3.3,10.2,WNW,9,0,0,1,,0,,,,
2016,2,278.0,의성,17.3,-7.5,10.0,12,5,3,1,0,,1.5,7.4,NNW,29,0,0,1,,0,,,,
2016,2,279.0,구미,23.7,-4.5,11.2,12,7,4,1,0,,1.6,7.4,WNW,14,0,0,3,2,0,0,4,0,21
2016,2,281.0,영천,17.3,-10.0,8.5,13,6,3,0,0,,2.4,8.4,WNW,15,0,0,2,,0,,,,
2016,2,283.0,경주시,14.0,,6.0,13,3,3,0,0,,3.1,10.5,WNW,28,0,0,0,,0,,,,
2016,2,284.0,거창,40.4,2.9,24.3,12,6,3,2,0,,1.7,8.2,WSW,14,0,0,2,4,0,0,7,1,22
2016,2,285.0,합천,34.9,0.2,20.0,12,6,3,1,0,,1.4,7.7,S,28,0,0,2,,0,,,,
2016,2,288.0,밀양,33.7,-0.3,17.9,12,3,3,2,0,,1.3,7.6,NW,28,0,0,2,,0,,,,
2016,2,289.0,산청,46.8,2.9,25.5,12,6,4,2,0,,2.8,9.1,WNW,29,0,0,4,,0,,,,
2016,2,294.0,거제,104.6,44.7,62.0,12,5,4,2,2,,2.1,7.3,NW,28,0,0,1,,0,,,,
2016,2,295.0,남해,119.5,58.7,99.5,12,3,3,2,1,,1.5,5.8,WNW,14,0,0,2,0,0,0,0,0,0
2016,3,90.0,속초,31.8,-25.1,18.2,5,3,3,2,0,,1.9,8.8,WNW,16,0,0,5,2,0,0,1,0,8
2016,3,95.0,철원,45.2,5.0,44.7,5,2,1,1,1,,1.6,7.6,SSW,29,0,0,2,2,0,0,1,4,21
2016,3,98.0,동두천,53.3,14.5,51.2,5,3,2,1,1,,2.0,8.4,WSW,29,0,0,1,0,0,0,1,0,0
2016,3,99.0,파주,57.4,,56.2,5,2,2,1,1,,1.7,7.2,SSW,29,0,0,2,0,0,0,1,0,0
2016,3,100.0,대관령,18.4,-57.2,14.8,5,5,2,1,0,,3.5,12.5,W,2,0,0,0,6,0,0,4,1,19
2016,3,101.0,춘천,49.6,7.9,47.2,5,2,2,1,1,,1.4,6.4,SSW,29,11,3,0,4,0,1,3,12,18
2016,3,102.0,백령도,35.3,12.1,35.3,5,1,1,1,1,,4.2,11.3,SSE,5,15,6,1,4,0,1,2,0,5
2016,3,104.0,북강릉,29.6,,13.0,9,4,3,1,0,,1.7,7.8,SW,2,9,5,4,1,0,0,2,6,9
2016,3,105.0,강릉,29.3,-39.6,9.5,9,7,5,0,0,,2.4,8.2,NW,2,0,0,0,,0,,,,
2016,3,106.0,동해,27.7,-30.9,11.3,23,7,3,2,0,,2.0,9.1,NNE,14,0,0,2,0,0,0,2,0,6
2016,3,108.0,서울,40.5,-6.7,40.0,5,5,1,1,1,,2.4,7.1,W,2,14,4,1,1,0,1,0,0,8
2016,3,112.0,인천,44.1,3.6,42.1,5,4,2,1,1,,3.3,9.1,NNW,10,11,5,1,3,0,1,0,3,8
2016,3,114.0,원주,36.5,-15.1,35.0,5,3,1,1,1,,1.1,5.3,SW,29,0,0,1,1,0,0,0,0,10
2016,3,115.0,울릉도,16.1,-56.1,9.3,5,6,3,0,0,,4.4,14.7,NE,19,10,4,3,3,1,0,5,0,9
2016,3,119.0,수원,54.8,6.9,51.2,5,2,2,1,1,,1.7,6.2,SSW,29,11,3,2,1,0,1,0,11,13
2016,3,121.0,영월,21.1,-28.9,18.4,5,5,1,1,0,,1.2,5.4,WSW,29,0,0,1,4,0,0,0,0,15
2016,3,127.0,충주,11.9,-33.0,10.1,5,5,1,1,0,,1.4,6.4,W,29,0,0,0,1,0,0,0,0,11
2016,3,129.0,서산,24.3,-22.0,19.8,5,4,2,1,0,,2.3,9.7,S,5,10,3,1,5,0,1,1,14,13
2016,3,130.0,울진,26.8,-31.2,8.8,5,7,6,0,0,,2.7,8.9,NNW,14,0,0,3,0,0,0,1,0,1
2016,3,131.0,청주,13.2,-35.0,6.4,5,4,3,0,0,,1.4,6.5,SSE,5,12,3,1,0,0,0,1,1,9
2016,3,133.0,대전,40.3,-15.3,26.7,5,3,3,1,0,,1.5,7.9,S,5,11,4,2,3,0,1,1,5,10
2016,3,135.0,추풍령,57.5,7.5,32.9,5,5,3,2,1,,2.7,8.2,W,10,0,0,4,2,0,0,0,0,13
2016,3,136.0,안동,45.8,0.9,34.2,5,4,3,1,1,,1.6,6.4,SE,19,9,7,0,4,0,0,0,13,14
2016,3,137.0,상주,56.3,,36.7,5,5,4,1,1,,1.9,5.8,W,23,0,0,2,4,0,0,0,0,8
2016,3,138.0,포항,69.8,8.9,22.1,6,7,5,4,0,,2.5,7.0,SE,15,10,10,5,0,0,0,0,0,3
2016,3,140.0,군산,24.1,-21.5,13.0,5,3,2,2,0,,2.1,9.5,WNW,23,0,0,3,7,0,0,1,0,0
2016,3,143.0,대구,67.5,20.4,27.0,5,6,6,4,0,,2.2,7.5,ESE,19,10,8,4,2,0,0,0,1,6
2016,3,146.0,전주,67.0,12.7,54.3,5,3,3,1,1,,1.9,7.5,W,23,10,5,2,4,0,1,0,11,8
2016,3,152.0,울산,92.2,26.4,38.5,4,8,6,3,1,,2.1,8.2,SW,5,10,8,4,0,0,1,0,1,5
2016,3,155.0,창원,81.6,7.3,32.3,4,7,6,2,1,,1.7,8.5,S,5,8,7,5,2,0,0,0,1,6
2016,3,156.0,광주,55.2,-5.6,22.2,5,5,4,2,0,,1.7,7.5,SW,29,10,5,3,0,0,1,1,7,6
2016,3,159.0,부산,133.5,52.8,38.7,18,7,7,4,3,,3.2,13.0,SW,5,10,8,3,2,0,2,0,0,4
2016,3,162.0,통영,133.1,50.0,48.5,18,8,7,4,1,,2.3,14.4,SSE,5,0,0,1,1,1,0,0,0,0
2016,3,165.0,목포,54.9,-5.1,20.0,5,6,6,3,0,,3.4,13.5,N,10,9,5,3,3,0,0,3,5,5
2016,3,168.0,여수,86.6,10.9,28.8,18,8,6,4,0,,3.6,14.2,SW,5,8,7,3,3,1,0,0,0,4
2016,3,169.0,흑산도,53.9,5.1,29.0,5,3,3,2,0,,5.3,16.6,N,23,9,5,2,6,4,1,3,3,4
2016,3,170.0,완도,70.2,-25.3,20.2,5,7,7,4,0,,2.4,9.6,E,5,0,0,2,0,0,0,0,0,0
2016,3,172.0,고창,20.0,,16.4,18,4,2,1,0,,2.6,10.9,NNW,10,0,0,4,6,0,0,1,0,0
2016,3,174.0,순천,153.7,,86.6,5,6,6,4,2,,2.0,7.5,NNW,1,0,0,5,3,0,0,0,0,8
2016,3,175.0,진도(첨찰산),97.1,,34.4,5,7,5,3,2,,4.5,13.0,NNW,9,0,0,3,0,0,0,2,0,0
2016,3,177.0,홍성(예),20.3,,15.5,5,5,3,1,0,,2.0,8.3,WSW,5,0,0,0,0,0,0,0,0,0
2016,3,184.0,제주,96.9,8.3,32.7,5,8,6,3,1,,3.0,10.7,SW,29,4,5,3,1,0,1,0,0,1
2016,3,185.0,고산,89.0,13.2,45.2,5,9,8,2,1,,6.0,16.8,NNW,23,0,0,3,4,4,0,1,0,0
2016,3,188.0,성산,206.7,64.5,104.4,5,9,8,5,1,,3.1,10.3,SSW,29,0,0,3,1,0,0,0,0,0
2016,3,189.0,서귀포,138.1,6.9,73.3,5,8,8,5,1,,1.7,7.8,ENE,8,0,0,3,1,0,0,0,0,0
2016,3,192.0,진주,121.0,48.9,43.1,5,7,7,3,2,,1.2,5.9,WSW,29,0,0,5,4,0,0,0,0,2
2016,3,201.0,강화,52.3,12.7,51.5,5,3,1,1,1,,2.4,8.2,SW,29,0,0,1,0,0,0,0,0,0
2016,3,202.0,양평,24.5,-17.3,24.5,5,1,1,1,0,,1.5,6.7,W,29,0,0,1,0,0,0,0,0,0
2016,3,203.0,이천,58.2,10.8,56.3,5,2,2,1,1,,1.6,6.2,SW,29,0,0,1,0,0,0,0,0,0
2016,3,211.0,인제,41.3,3.3,40.0,5,4,2,1,1,,2.0,6.0,S,29,0,0,0,,0,,,,
2016,3,212.0,홍천,39.7,-5.9,38.0,5,4,2,1,1,,1.2,6.0,W,29,0,0,1,,0,,,,
2016,3,216.0,태백,35.2,-25.5,25.4,5,3,3,1,0,,1.6,9.9,SW,5,0,0,3,,0,,,,
2016,3,217.0,정선군,30.6,,25.0,5,5,4,1,0,,1.8,13.1,NNW,29,0,0,0,,0,,,,
2016,3,221.0,제천,21.5,-34.5,19.5,5,4,2,1,0,,1.5,6.6,WSW,29,0,0,1,4,0,0,0,0,19
2016,3,226.0,보은,45.5,-3.2,35.0,5,4,3,1,1,,1.4,6.4,SE,5,0,0,1,4,0,0,0,0,15
2016,3,232.0,천안,16.5,-29.4,11.5,5,3,3,1,0,,2.1,7.1,W,9,0,0,0,1,0,0,0,0,0
2016,3,235.0,보령,18.7,-28.2,13.9,5,3,3,1,0,,1.7,10.0,SSW,29,0,0,2,2,0,0,0,0,0
2016,3,236.0,부여,19.0,-37.1,7.0,18,3,3,0,0,,1.3,6.5,SSE,5,0,0,2,,0,,,,
2016,3,238.0,금산,54.5,2.6,32.0,5,3,3,2,1,,1.3,5.6,WSW,29,0,0,2,,0,,,,
2016,3,243.0,부안,52.0,3.1,34.0,5,3,3,2,1,,1.8,9.4,S,29,0,0,3,,0,,,,
2016,3,244.0,임실,61.1,7.3,43.5,5,5,4,1,1,,1.4,7.1,SSW,5,0,0,4,,0,,,,
2016,3,245.0,정읍,77.1,21.9,56.5,5,5,3,2,1,,1.5,5.4,W,23,0,0,3,3,0,0,0,0,0
2016,3,247.0,남원,72.5,20.0,32.5,4,4,4,2,2,,1.8,7.4,SSE,5,0,0,3,1,0,0,1,0,0
2016,3,248.0,장수,63.1,3.5,34.0,5,6,4,3,1,,1.7,7.7,NNW,8,0,0,3,,0,,,,
2016,3,251.0,고창군,21.6,,18.5,18,4,3,1,0,,1.8,8.7,SE,5,0,0,3,,0,,,,
2016,3,252.0,영광군,77.3,,56.0,5,5,3,2,1,,2.5,8.9,NW,10,0,0,2,,0,,,,
2016,3,253.0,김해시,77.6,,31.0,4,10,5,2,1,,2.1,8.7,S,5,0,0,3,,0,,,,
2016,3,254.0,순창군,78.1,,40.5,5,5,4,3,1,,1.8,8.8,NNW,10,0,0,3,,0,,,,
2016,3,255.0,북창원,77.3,,30.5,4,9,6,2,1,,1.5,6.8,S,5,0,0,1,,0,,,,
2016,3,257.0,양산시,90.4,,33.5,4,10,8,4,1,,2.4,8.7,WSW,6,0,0,3,,0,,,,
2016,3,258.0,보성군,101.5,,42.5,5,9,5,3,1,,3.0,11.1,NW,23,0,0,5,1,0,0,0,0,0
2016,3,259.0,강진군,99.3,,31.0,5,9,5,4,1,,2.5,8.9,NNW,23,0,0,4,,0,,,,
2016,3,260.0,장흥,90.3,17.3,33.4,5,8,6,4,1,,2.0,9.4,NNW,10,0,0,4,,0,,,,
2016,3,261.0,해남,93.7,20.8,36.0,5,6,5,3,1,,2.1,8.5,NW,19,0,0,3,,0,,,,
2016,3,262.0,고흥,84.2,3.6,20.4,4,8,6,4,0,,1.5,8.0,WNW,14,0,0,4,4,0,0,0,0,0
2016,3,263.0,의령군,112.2,,44.0,5,9,7,3,2,,1.2,7.6,SW,29,0,0,5,,0,,,,
2016,3,264.0,함양군,59.8,,25.0,5,8,5,3,0,,1.3,7.4,SW,9,0,0,5,,0,,,,
2016,3,266.0,광양시,101.9,,28.5,4,10,6,4,0,,1.7,7.4,NE,24,0,0,4,,0,,,,
2016,3,268.0,진도군,98.1,,34.0,5,7,5,3,2,,2.8,9.5,ENE,8,0,0,3,,0,,,,
2016,3,271.0,봉화,38.4,-14.7,33.0,5,7,3,1,1,,1.5,5.8,NNW,1,0,0,3,,0,,,,
2016,3,272.0,영주,36.9,-17.4,32.0,5,6,3,1,1,,2.8,10.0,NW,6,0,0,3,,0,,,,
2016,3,273.0,문경,42.1,-6.5,27.5,5,4,3,1,0,,1.9,6.6,NW,9,0,0,2,,0,,,,
2016,3,276.0,청송군,43.5,,25.5,5,6,5,1,0,,1.2,6.0,SW,30,0,0,1,,0,,,,
2016,3,277.0,영덕,27.1,-25.9,13.0,5,6,5,1,0,,2.8,9.9,NNE,14,0,0,2,,0,,,,
2016,3,278.0,의성,52.6,11.1,38.0,5,5,4,1,1,,1.2,5.2,NW,10,0,0,2,,0,,,,
2016,3,279.0,구미,50.5,5.1,35.1,5,6,4,1,1,,1.3,4.4,W,10,0,0,4,4,0,0,0,0,8
2016,3,281.0,영천,75.9,29.0,37.5,5,7,5,4,1,,1.7,5.8,WNW,1,0,0,4,,0,,,,
2016,3,283.0,경주시,64.5,,19.5,5,8,6,4,0,,2.6,8.2,SSW,5,0,0,4,0,0,0,0,0,0
2016,3,284.0,거창,59.2,4.1,25.0,5,6,3,3,0,,1.3,7.5,N,8,0,0,3,4,0,0,0,0,13
2016,3,285.0,합천,87.4,34.2,46.1,5,10,6,3,1,,1.2,6.2,S,29,0,0,3,,0,,,,
2016,3,288.0,밀양,93.3,38.9,30.9,4,6,5,3,1,,1.1,5.1,NW,10,0,0,3,,0,,,,
2016,3,289.0,산청,75.0,6.5,43.0,5,10,7,2,1,,1.7,6.5,WNW,10,0,0,3,,0,,,,
2016,3,294.0,거제,126.7,12.9,46.5,18,10,7,3,2,,1.8,8.2,SE,5,0,0,4,,0,,,,
2016,3,295.0,남해,118.4,18.5,41.0,18,8,6,4,2,,1.2,5.5,SW,5,0,0,4,0,0,0,0,0,0
2016,4,90.0,속초,77.5,13.2,32.3,16,7,6,4,1,,2.3,10.4,W,17,0,0,4,1,0,0,0,0,0
2016,4,95.0,철원,88.8,24.8,34.8,17,6,5,3,1,,2.2,9.0,N,27,0,0,2,1,0,0,0,0,1
2016,4,98.0,동두천,86.5,13.8,29.2,16,8,5,3,0,,2.1,11.0,W,17,0,0,3,0,0,0,0,0,0
2016,4,99.0,파주,89.3,,31.9,16,8,5,3,1,,2.0,8.2,SW,17,0,0,3,0,0,0,0,0,0
2016,4,100.0,대관령,84.5,-5.0,24.8,7,10,8,3,0,,4.3,16.2,W,17,0,0,1,6,4,0,2,0,0
2016,4,101.0,춘천,98.0,35.7,33.0,16,8,6,4,1,,1.8,7.2,WSW,17,8,4,1,2,0,0,0,1,0
2016,4,102.0,백령도,64.8,10.0,47.6,16,6,5,1,1,,4.3,15.4,WNW,17,7,6,3,12,1,1,0,0,0
2016,4,104.0,북강릉,70.4,,19.4,21,10,9,3,0,,2.1,12.7,WSW,17,5,7,3,4,0,0,0,0,0
2016,4,105.0,강릉,73.0,4.3,21.0,7,10,9,3,0,,2.6,11.1,NW,17,0,0,1,0,0,0,0,0,0
2016,4,106.0,동해,60.8,0.7,22.0,7,12,10,2,0,,2.4,11.7,WSW,17,0,0,3,1,0,0,0,0,0
2016,4,108.0,서울,76.8,12.3,23.5,16,10,8,3,0,,2.4,8.0,NW,17,8,7,4,1,0,0,0,0,0
2016,4,112.0,인천,80.8,23.1,30.5,16,11,5,3,1,,3.1,14.2,NNW,17,6,8,3,6,1,1,0,0,0
2016,4,114.0,원주,71.5,4.8,16.0,7,9,8,4,0,,1.4,6.0,SW,17,0,0,4,0,0,0,0,0,0
2016,4,115.0,울릉도,118.5,37.2,30.7,13,12,10,5,1,,5.0,14.8,NW,23,8,9,2,9,1,0,0,0,0
2016,4,119.0,수원,79.2,17.9,29.6,16,9,7,3,0,,1.8,9.0,WNW,17,4,8,3,2,0,1,0,0,0
2016,4,121.0,영월,83.4,12.9,19.0,21,10,9,4,0,,1.6,8.0,W,17,0,0,2,4,0,0,0,0,0
2016,4,127.0,충주,97.3,34.2,19.6,21,10,10,5,0,,1.7,8.1,SW,17,0,0,2,0,0,0,0,0,0
2016,4,129.0,서산,87.0,16.8,34.2,16,8,8,3,1,,2.3,12.7,W,17,6,7,1,7,0,0,0,0,0
2016,4,130.0,울진,103.8,42.8,25.9,7,12,11,4,0,,3.2,11.7,WSW,17,0,0,3,1,0,0,0,0,0
2016,4,131.0,청주,132.1,65.5,29.2,13,9,9,5,0,,1.8,6.2,WSW,17,5,8,1,0,0,1,0,0,0
2016,4,133.0,대전,154.9,73.2,37.2,21,11,10,6,1,,1.7,7.7,SSW,17,7,9,1,2,0,0,0,0,0
2016,4,135.0,추풍령,155.8,86.2,38.9,7,11,11,5,3,,2.8,12.8,W,17,0,0,3,1,0,0,0,0,0
2016,4,136.0,안동,126.3,58.1,30.8,21,12,12,4,1,,2.0,9.5,WNW,17,4,10,0,1,0,0,0,0,0
2016,4,137.0,상주,164.4,,41.7,21,13,11,6,1,,1.7,9.4,W,17,0,0,2,2,0,0,0,0,0
2016,4,138.0,포항,155.2,86.3,42.7,21,12,10,3,3,,2.9,11.9,WSW,17,6,11,4,0,0,0,0,0,0
2016,4,140.0,군산,166.6,88.4,42.1,21,11,9,6,3,,2.3,15.0,W,17,0,0,1,8,1,0,0,0,0
2016,4,143.0,대구,151.0,88.1,35.5,27,11,10,6,1,,2.5,12.1,W,17,7,10,3,1,0,0,0,0,0
2016,4,146.0,전주,144.2,66.9,29.0,21,14,11,6,0,,1.9,13.5,SW,17,6,10,2,6,0,0,0,0,0
2016,4,152.0,울산,179.2,88.1,45.3,7,11,10,7,2,,2.3,9.9,SSW,17,6,10,4,3,0,0,0,0,0
2016,4,155.0,창원,263.0,133.1,77.6,16,12,11,7,4,,1.7,8.1,S,17,6,12,5,0,0,0,0,0,0
2016,4,156.0,광주,185.0,104.3,43.6,27,13,9,7,2,,1.8,12.4,SW,16,6,13,4,1,0,0,0,0,0
2016,4,159.0,부산,198.5,65.8,47.4,7,11,10,6,4,,3.2,15.1,SW,17,6,10,4,1,1,1,0,0,0
2016,4,162.0,통영,262.9,134.6,51.7,16,10,10,7,4,,2.3,16.6,SSE,16,0,0,5,3,2,0,0,0,0
2016,4,165.0,목포,192.0,122.7,63.0,27,13,9,5,2,,2.9,15.8,NW,17,4,12,5,10,1,0,0,0,0
2016,4,168.0,여수,301.0,184.4,53.1,27,12,11,7,5,,3.5,19.4,WSW,17,4,12,6,3,2,1,0,0,0
2016,4,169.0,흑산도,182.5,101.3,54.1,27,10,10,5,2,,4.6,24.5,SSE,16,5,16,7,17,2,1,0,0,0
2016,4,170.0,완도,268.9,149.7,63.9,27,12,11,7,3,,2.8,16.1,SW,17,0,0,4,0,1,0,0,0,0
2016,4,172.0,고창,176.2,,49.6,27,13,9,5,3,,2.8,20.6,SE,16,0,0,4,10,2,0,0,0,0
2016,4,174.0,순천,214.4,,61.5,16,12,12,7,3,,1.8,10.8,WNW,17,0,0,5,2,0,0,0,0,0
2016,4,175.0,진도(첨찰산),205.2,,55.5,27,12,12,6,3,,4.8,18.4,WNW,17,0,0,5,0,3,0,0,0,0
2016,4,177.0,홍성(예),112.0,,33.5,21,9,8,4,2,,2.1,11.6,WSW,17,0,0,2,,0,,,,
2016,4,184.0,제주,121.4,31.8,25.2,3,12,11,5,0,,2.9,14.3,SSW,16,6,13,6,3,2,1,0,0,0
2016,4,185.0,고산,147.3,60.9,43.6,13,11,11,6,2,,5.6,28.0,WNW,17,0,0,4,14,4,0,0,0,0
2016,4,188.0,성산,294.4,144.3,65.9,6,14,12,8,5,,2.8,15.9,WNW,17,0,0,6,0,1,0,0,0,0
2016,4,189.0,서귀포,232.2,57.3,44.6,3,14,13,6,4,,1.8,9.8,SSW,16,0,0,6,2,0,0,0,0,0
2016,4,192.0,진주,299.7,181.5,77.5,16,12,12,7,5,,1.2,8.4,WSW,17,0,0,4,3,0,0,0,0,0
2016,4,201.0,강화,93.1,26.2,38.1,16,11,6,3,1,,2.5,8.6,SW,18,0,0,4,0,0,0,0,0,0
2016,4,202.0,양평,71.7,3.4,29.5,16,6,5,3,0,,1.7,8.7,W,17,0,0,3,0,0,0,0,0,0
2016,4,203.0,이천,86.7,12.7,28.6,16,9,7,4,0,,1.8,6.6,WSW,17,0,0,2,0,0,0,0,0,0
2016,4,211.0,인제,93.2,32.1,31.5,16,8,6,4,1,,2.4,7.0,N,28,0,0,1,,0,,,,
2016,4,212.0,홍천,76.0,9.8,21.0,16,8,8,4,0,,1.5,6.2,W,17,0,0,1,,0,,,,
2016,4,216.0,태백,116.6,39.2,25.5,7,12,9,5,0,,2.0,8.2,SW,17,0,0,2,,0,,,,
2016,4,217.0,정선군,93.5,,21.0,7,11,10,4,0,,2.1,13.8,N,17,0,0,2,,0,,,,
2016,4,221.0,제천,117.1,41.0,24.0,16,11,10,5,0,,2.0,8.3,W,17,0,0,2,1,0,0,0,0,1
2016,4,226.0,보은,149.2,76.1,37.0,21,12,9,6,1,,1.6,7.4,W,17,0,0,2,3,0,0,0,0,0
2016,4,232.0,천안,118.3,56.9,27.5,16,10,9,5,0,,1.7,9.6,WSW,17,0,0,1,4,0,0,0,0,0
2016,4,235.0,보령,105.1,36.2,31.3,16,8,8,3,2,,1.7,13.2,SSW,17,0,0,2,7,0,0,0,0,0
2016,4,236.0,부여,164.6,88.5,51.0,16,11,9,5,2,,1.5,10.8,WNW,17,0,0,1,,0,,,,
2016,4,238.0,금산,171.7,96.0,36.5,21,12,11,7,2,,1.5,8.8,W,17,0,0,3,,0,,,,
2016,4,243.0,부안,179.5,105.9,35.0,27,12,12,6,3,,2.0,10.6,W,17,0,0,3,,0,,,,
2016,4,244.0,임실,186.1,109.8,44.0,16,14,11,7,2,,1.6,9.4,W,17,0,0,3,,0,,,,
2016,4,245.0,정읍,191.3,116.0,44.5,27,14,10,6,3,,1.5,9.2,WSW,17,0,0,2,6,0,0,0,0,0
2016,4,247.0,남원,165.4,93.9,33.4,21,12,11,6,2,,2.1,10.2,SW,17,0,0,4,0,0,0,0,0,0
2016,4,248.0,장수,195.9,107.0,37.0,16,13,12,8,1,,2.0,12.0,SW,17,0,0,3,,0,,,,
2016,4,251.0,고창군,195.2,,50.0,27,13,10,5,3,,1.9,11.8,ESE,16,0,0,3,,0,,,,
2016,4,252.0,영광군,200.4,,57.5,27,13,9,6,3,,2.4,13.6,WSW,17,0,0,2,,0,,,,
2016,4,253.0,김해시,193.0,,44.0,16,11,11,6,3,,2.2,11.8,NW,17,0,0,4,,0,,,,
2016,4,254.0,순창군,201.6,,41.0,27,14,10,6,4,,2.0,14.2,W,17,0,0,2,,1,,,,
2016,4,255.0,북창원,283.4,,89.5,16,12,10,8,4,,1.4,6.8,SSE,16,0,0,1,,0,,,,
2016,4,257.0,양산시,215.0,,52.5,7,11,11,6,3,,2.5,10.8,WSW,17,0,0,4,,0,,,,
2016,4,258.0,보성군,261.9,,64.0,16,13,12,7,3,,2.7,15.0,WNW,17,0,0,5,2,1,0,0,0,0
2016,4,259.0,강진군,244.5,,70.0,16,10,10,7,3,,2.5,14.9,W,17,0,0,3,,1,,,,
2016,4,260.0,장흥,222.9,121.5,62.9,16,12,10,6,3,,1.9,10.2,NW,17,0,0,6,,0,,,,
2016,4,261.0,해남,175.7,85.7,48.8,27,12,10,4,2,,2.4,13.8,WSW,17,0,0,5,,0,,,,
2016,4,262.0,고흥,264.7,144.6,60.2,27,12,12,8,3,,1.5,9.6,S,16,0,0,4,3,0,0,0,0,0
2016,4,263.0,의령군,225.2,,45.5,16,13,11,7,2,,1.4,14.4,W,17,0,0,5,,1,,,,
2016,4,264.0,함양군,168.2,,41.0,27,12,10,6,1,,1.5,12.1,WSW,17,0,0,4,,0,,,,
2016,4,266.0,광양시,249.5,,45.0,21,12,12,7,5,,2.0,11.2,NE,27,0,0,5,0,0,0,0,0,0
2016,4,268.0,진도군,235.2,,68.5,27,13,12,6,3,,2.3,13.2,W,17,0,0,4,,0,,,,
2016,4,271.0,봉화,124.5,49.2,22.0,21,14,11,6,0,,1.7,6.7,NW,8,0,0,3,,0,,,,
2016,4,272.0,영주,172.0,89.1,34.0,16,13,11,6,2,,2.5,10.5,WNW,17,0,0,3,,0,,,,
2016,4,273.0,문경,168.0,91.4,32.0,21,12,11,7,1,,2.1,9.5,WNW,17,0,0,2,0,0,0,0,0,0
2016,4,276.0,청송군,132.1,,35.0,7,12,10,5,2,,1.6,9.9,WSW,17,0,0,3,,0,,,,
2016,4,277.0,영덕,158.5,94.5,56.5,21,12,11,4,2,,3.4,14.1,W,17,0,0,2,,1,,,,
2016,4,278.0,의성,147.1,81.2,32.0,7,12,10,5,2,,1.5,9.0,WNW,17,0,0,3,,0,,,,
2016,4,279.0,구미,163.7,97.4,35.9,27,13,11,6,3,,1.3,9.2,W,17,0,0,3,2,0,0,0,0,0
2016,4,281.0,영천,174.5,112.1,44.0,27,11,11,6,2,,1.9,8.7,W,17,0,0,3,,0,,,,
2016,4,283.0,경주시,159.6,,37.0,27,11,10,5,2,,2.8,15.5,W,17,0,0,5,,1,,,,
2016,4,284.0,거창,171.6,96.2,35.1,27,11,11,5,2,,1.5,10.2,SW,17,0,0,4,1,0,0,0,0,0
2016,4,285.0,합천,206.9,132.9,44.5,16,12,11,7,2,,1.4,7.5,S,17,0,0,3,,0,,,,
2016,4,288.0,밀양,174.6,88.3,27.2,16,11,10,7,0,,1.2,7.8,WNW,17,0,0,5,,0,,,,
2016,4,289.0,산청,233.7,136.2,53.0,27,13,12,7,2,,1.9,9.8,W,17,0,0,3,,0,,,,
2016,4,294.0,거제,283.7,106.7,57.0,27,11,10,6,4,,2.0,10.1,NW,17,0,0,5,,0,,,,
2016,4,295.0,남해,410.5,248.7,102.0,16,12,12,7,7,,1.4,6.5,WNW,17,0,0,7,,0,,,,
2016,5,90.0,속초,35.7,-59.8,20.5,10,10,5,1,0,,2.2,10.7,WNW,4,0,0,1,2,0,0,0,0,0
2016,5,95.0,철원,149.9,47.9,43.5,3,12,9,4,2,,1.9,8.3,SSW,3,0,0,3,1,0,0,0,0,0
2016,5,98.0,동두천,151.8,58.2,45.2,3,9,8,4,3,,2.0,12.5,NW,4,0,0,3,0,0,0,0,0,0
2016,5,99.0,파주,157.7,,39.0,15,9,7,5,3,,1.9,9.8,WNW,4,0,0,2,0,0,0,0,0,0
2016,5,100.0,대관령,46.8,-75.5,23.5,10,10,8,1,0,,3.9,20.8,W,3,0,0,0,1,2,0,0,0,0
2016,5,101.0,춘천,109.1,5.1,31.8,3,10,8,4,2,,1.6,8.5,W,4,7,7,2,0,0,0,0,0,0
2016,5,102.0,백령도,128.0,49.1,30.5,3,9,7,5,1,,4.7,21.0,WNW,3,6,7,3,10,3,2,0,0,0
2016,5,104.0,북강릉,34.1,,28.4,10,6,3,1,0,,2.0,13.1,W,4,4,5,1,3,0,0,0,0,0
2016,5,105.0,강릉,33.6,-53.4,28.0,10,8,4,1,0,,2.5,9.9,NW,4,0,0,0,,0,,,,
2016,5,106.0,동해,24.8,-49.2,20.3,10,8,2,1,0,,2.0,8.6,WNW,4,0,0,1,1,0,0,0,0,0
2016,5,108.0,서울,160.5,54.6,45.0,15,9,8,5,2,,2.4,8.7,W,3,8,7,2,0,0,0,0,0,0
2016,5,112.0,인천,148.5,48.2,40.8,24,8,6,5,3,,3.2,13.4,W,3,8,10,3,3,0,0,0,0,0
2016,5,114.0,원주,87.4,-6.1,22.0,24,10,7,4,0,,1.3,7.5,WSW,4,0,0,2,1,0,0,0,0,0
2016,5,115.0,울릉도,64.3,-40.8,19.9,3,5,5,3,0,,4.3,14.6,SSW,4,7,6,3,8,4,0,0,0,0
2016,5,119.0,수원,156.4,58.6,39.8,15,8,8,5,3,,2.0,10.5,W,4,7,7,2,1,0,1,0,0,0
2016,5,121.0,영월,51.6,-35.8,16.2,10,9,6,2,0,,1.4,10.1,W,4,0,0,1,3,0,0,0,0,0
2016,5,127.0,충주,70.0,-18.7,18.6,10,7,6,4,0,,1.8,9.9,W,4,0,0,2,0,0,0,0,0,0
2016,5,129.0,서산,153.7,48.5,39.6,24,6,6,5,3,,2.3,9.7,SW,3,6,8,1,1,0,0,0,0,0
2016,5,130.0,울진,18.0,-52.0,13.1,10,5,2,1,0,,2.6,9.8,W,4,0,0,1,1,0,0,0,0,0
2016,5,131.0,청주,84.4,-3.9,18.5,10,7,7,4,0,,1.8,7.1,WNW,4,7,6,2,0,0,0,0,0,0
2016,5,133.0,대전,85.1,-18.6,25.7,10,8,7,3,0,,1.7,7.4,S,15,10,7,2,0,0,0,0,0,0
2016,5,135.0,추풍령,60.1,-24.4,22.6,10,9,7,3,0,,2.7,12.5,W,4,0,0,2,2,0,0,0,0,0
2016,5,136.0,안동,51.4,-40.1,15.7,10,6,6,2,0,,2.0,10.6,WNW,4,7,4,0,1,0,0,0,0,0
2016,5,137.0,상주,52.8,,22.3,10,10,7,2,0,,1.6,7.7,W,4,0,0,2,2,0,0,0,0,0
2016,5,138.0,포항,39.4,-45.8,20.3,10,5,5,1,0,,2.8,11.0,WSW,4,8,4,1,1,0,0,0,0,0
2016,5,140.0,군산,102.9,21.1,26.2,24,8,7,5,0,,2.4,9.8,W,3,0,0,2,2,0,0,0,0,0
2016,5,143.0,대구,65.0,-15.0,23.5,10,8,5,4,0,,2.3,11.6,W,4,9,6,1,0,0,0,0,0,0
2016,5,146.0,전주,84.3,-7.2,22.9,24,8,7,4,0,,2.1,10.2,WSW,3,8,5,2,0,0,0,0,0,0
2016,5,152.0,울산,86.1,-22.0,41.9,3,6,4,4,1,,2.2,9.8,SSE,3,10,5,1,0,0,0,0,0,0
2016,5,155.0,창원,123.7,-18.5,70.2,3,8,7,3,1,,1.7,7.9,SSE,3,8,6,3,0,0,0,0,0,0
2016,5,156.0,광주,104.5,7.9,24.4,10,8,7,5,0,,1.8,8.9,W,3,6,6,2,0,0,0,0,0,0
2016,5,159.0,부산,108.8,-48.6,40.7,3,6,6,4,1,,3.4,15.5,WSW,3,10,5,3,4,1,0,0,0,0
2016,5,162.0,통영,106.8,-73.3,36.2,3,10,8,4,1,,2.4,19.2,SSE,3,0,0,1,0,1,0,0,0,0
2016,5,165.0,목포,119.9,30.7,34.6,2,10,7,4,1,,3.0,12.3,WNW,3,8,9,2,2,0,0,0,0,0
2016,5,168.0,여수,124.3,-22.2,38.0,3,11,9,3,3,,3.0,16.5,SSW,3,6,8,2,1,1,0,0,0,0
2016,5,169.0,흑산도,106.7,4.3,30.1,2,9,8,5,1,,4.4,19.8,SSE,2,7,12,0,8,4,0,0,0,0
2016,5,170.0,완도,108.9,-26.5,37.2,3,12,10,4,1,,2.8,15.1,ESE,3,0,0,2,0,2,0,0,0,0
2016,5,172.0,고창,105.8,,27.4,24,8,6,5,0,,2.8,13.9,SE,2,0,0,2,1,1,0,0,0,0
2016,5,174.0,순천,138.8,,50.5,3,9,9,4,1,,1.8,9.7,SSE,3,0,0,2,2,0,0,0,0,0
2016,5,175.0,진도(첨찰산),136.6,,32.3,2,12,12,4,2,,5.2,14.3,SSE,3,0,0,3,0,2,0,0,0,0
2016,5,177.0,홍성(예),119.3,,34.1,3,6,6,5,1,,2.1,10.6,SW,3,0,0,0,,0,,,,
2016,5,184.0,제주,113.0,16.6,31.6,10,12,8,5,1,,2.7,13.5,S,3,5,10,4,2,0,0,0,0,0
2016,5,185.0,고산,143.2,33.0,41.3,3,14,12,5,2,,5.3,20.3,NNW,16,0,0,3,11,6,0,0,0,0
2016,5,188.0,성산,197.8,20.1,81.1,3,14,12,5,2,,2.8,12.0,WNW,3,0,0,2,6,0,0,0,0,0
2016,5,189.0,서귀포,216.6,10.8,71.2,3,14,14,6,1,,1.5,7.1,SW,3,0,0,4,5,0,0,0,0,0
2016,5,192.0,진주,153.9,31.1,80.6,3,8,7,3,2,,1.3,8.7,WSW,3,0,0,2,0,0,0,0,0,0
2016,5,201.0,강화,191.8,83.0,52.5,15,10,7,6,3,,2.5,9.6,SW,3,0,0,2,0,0,0,0,0,0
2016,5,202.0,양평,124.4,22.0,37.0,3,10,8,5,1,,1.7,10.4,WNW,4,0,0,3,0,0,0,0,0,0
2016,5,203.0,이천,97.9,4.1,26.6,3,8,6,5,0,,1.6,6.7,SW,3,0,0,3,0,0,0,0,0,0
2016,5,211.0,인제,88.3,-9.4,19.5,24,13,9,4,0,,2.0,8.5,S,3,0,0,3,,0,,,,
2016,5,212.0,홍천,98.6,-6.6,27.0,24,10,8,4,0,,1.5,8.3,W,4,0,0,3,0,0,0,0,0,0
2016,5,216.0,태백,60.0,-30.4,29.2,10,7,6,2,0,,2.1,9.6,WSW,4,0,0,1,,0,,,,
2016,5,217.0,정선군,61.6,,20.0,10,9,7,3,0,,2.0,17.5,N,4,0,0,1,,1,,,,
2016,5,221.0,제천,82.4,-19.7,26.5,3,11,6,3,0,,1.8,9.8,W,4,0,0,2,1,0,0,0,0,0
2016,5,226.0,보은,88.5,-6.2,27.5,3,7,7,3,0,,1.6,8.4,NW,4,0,0,2,4,0,0,0,0,0
2016,5,232.0,천안,107.2,21.5,26.7,15,7,6,5,0,,1.6,9.7,WSW,4,0,0,1,4,0,0,0,0,0
2016,5,235.0,보령,146.5,58.3,40.3,15,6,6,5,3,,1.7,9.2,SW,3,0,0,2,0,0,0,0,0,0
2016,5,236.0,부여,121.6,22.4,29.5,3,8,7,5,0,,1.5,7.8,SSE,3,0,0,2,,0,,,,
2016,5,238.0,금산,70.5,-19.6,22.0,10,8,7,3,0,,1.5,7.8,W,3,0,0,2,,0,,,,
2016,5,243.0,부안,99.9,10.9,21.0,10,9,7,5,0,,2.1,10.2,S,3,0,0,1,,0,,,,
2016,5,244.0,임실,108.8,20.8,30.5,3,9,7,4,1,,1.6,7.0,SSW,2,0,0,3,,0,,,,
2016,5,245.0,정읍,112.9,18.3,28.5,24,10,7,4,0,,1.7,8.8,WSW,3,0,0,1,0,0,0,0,0,0
2016,5,247.0,남원,90.2,-20.8,26.6,24,10,6,5,0,,2.1,8.4,WSW,3,0,0,2,1,0,0,0,0,0
2016,5,248.0,장수,101.8,-7.4,32.0,3,9,7,4,1,,2.0,10.7,WSW,3,0,0,2,,0,,,,
2016,5,251.0,고창군,115.8,,30.0,24,11,7,5,1,,2.0,10.0,SE,3,0,0,2,,0,,,,
2016,5,252.0,영광군,114.0,,26.5,24,11,7,5,0,,2.5,10.4,W,3,0,0,2,,0,,,,
2016,5,253.0,김해시,117.8,,67.0,3,9,6,3,1,,2.3,14.9,NW,4,0,0,3,,1,,,,
2016,5,254.0,순창군,90.8,,29.0,10,10,6,4,0,,1.9,9.5,W,4,0,0,1,,0,,,,
2016,5,255.0,북창원,169.0,,115.5,3,8,7,3,1,,1.3,7.3,SSE,3,0,0,0,,0,,,,
2016,5,257.0,양산시,128.0,,66.5,3,7,5,4,1,,2.5,10.4,SW,3,0,0,3,,0,,,,
2016,5,258.0,보성군,132.5,,47.0,3,13,8,3,2,,2.8,9.5,W,4,0,0,2,1,0,0,0,0,0
2016,5,259.0,강진군,159.6,,58.0,3,12,9,4,2,,2.5,10.7,W,3,0,0,2,,0,,,,
2016,5,260.0,장흥,133.2,8.0,42.6,3,12,10,5,1,,1.9,9.6,SSE,3,0,0,2,,0,,,,
2016,5,261.0,해남,111.6,6.1,27.4,24,12,10,4,0,,2.3,11.7,SE,3,0,0,2,,0,,,,
2016,5,262.0,고흥,128.2,-12.0,50.1,3,13,10,3,2,,1.5,10.1,SSE,3,0,0,2,1,0,0,0,0,0
2016,5,263.0,의령군,104.3,,41.0,3,9,5,4,1,,1.3,13.8,WSW,4,0,0,2,,0,,,,
2016,5,264.0,함양군,70.1,,29.0,10,9,6,3,0,,1.4,9.8,WSW,3,0,0,1,,0,,,,
2016,5,266.0,광양시,132.0,,56.0,3,12,8,3,1,,1.7,9.2,W,4,0,0,2,,0,,,,
2016,5,268.0,진도군,158.4,,48.0,2,13,11,4,2,,2.2,8.1,W,3,0,0,1,,0,,,,
2016,5,271.0,봉화,56.2,-49.5,20.0,3,8,5,4,0,,1.8,7.2,NW,5,0,0,1,,0,,,,
2016,5,272.0,영주,91.1,-18.8,51.5,3,8,5,3,1,,2.6,11.4,NW,4,0,0,1,,0,,,,
2016,5,273.0,문경,73.0,-33.1,30.0,3,7,7,3,1,,2.0,8.9,WNW,4,0,0,2,,0,,,,
2016,5,276.0,청송군,47.8,,16.0,10,7,5,3,0,,1.6,10.7,W,4,0,0,2,,0,,,,
2016,5,277.0,영덕,27.1,-48.5,15.0,10,6,5,1,0,,3.0,11.5,W,4,0,0,1,,0,,,,
2016,5,278.0,의성,63.0,-15.3,16.5,10,7,6,3,0,,1.6,9.2,W,4,0,0,1,,0,,,,
2016,5,279.0,구미,59.4,-17.6,23.9,10,9,6,3,0,,1.5,8.2,WNW,4,0,0,0,0,0,0,0,0,0
2016,5,281.0,영천,62.6,-24.6,20.5,10,6,5,3,0,,1.9,9.6,WNW,4,0,0,2,,0,,,,
2016,5,283.0,경주시,50.5,,22.5,10,5,5,2,0,,2.7,12.6,W,4,0,0,1,,0,,,,
2016,5,284.0,거창,61.2,-33.7,30.8,10,9,5,2,1,,1.6,8.9,SSE,3,0,0,1,1,0,0,0,0,0
2016,5,285.0,합천,98.3,0.9,34.0,3,9,7,4,1,,1.4,6.8,WSW,3,0,0,0,,0,,,,
2016,5,288.0,밀양,109.5,0.8,54.4,3,7,5,4,1,,1.3,7.8,WNW,4,0,0,3,,0,,,,
2016,5,289.0,산청,111.2,6.9,53.0,3,10,5,3,1,,1.9,9.0,W,3,0,0,1,,0,,,,
2016,5,294.0,거제,161.2,-73.9,57.0,3,10,8,4,2,,1.9,11.3,ESE,3,0,0,4,,0,,,,
2016,5,295.0,남해,203.6,13.9,111.5,3,12,8,4,3,,1.4,5.5,W,3,0,0,2,0,0,0,0,0,0
2016,6,90.0,속초,62.2,-53.5,30.9,12,11,6,2,1,,1.8,8.8,N,5,,,2,,0,,,,
2016,6,95.0,철원,27.1,-110.9,14.6,15,8,4,1,0,,1.6,6.3,NNE,14,0,0,0,0,0,0,0,0,0
2016,6,98.0,동두천,29.5,-113.3,17.9,15,8,4,1,0,,1.7,5.9,WSW,26,0,0,0,0,0,0,0,0,0
2016,6,99.0,파주,28.6,,15.3,15,9,3,2,0,,1.5,5.8,SW,17,0,0,0,0,0,0,0,0,0
2016,6,100.0,대관령,64.3,-136.7,14.4,14,8,6,3,0,,2.6,9.5,W,25,0,0,0,7,0,0,0,0,0
2016,6,101.0,춘천,93.2,-29.9,53.9,22,8,5,3,1,,1.4,4.2,NNW,22,7,7,0,0,0,2,0,0,0
2016,6,102.0,백령도,25.2,-49.6,21.5,15,7,3,1,0,,3.6,12.0,WNW,25,5,14,2,19,0,1,0,0,0
2016,6,104.0,북강릉,64.4,,24.8,30,10,6,2,0,,1.4,7.5,WNW,25,5,12,4,3,0,5,0,0,0
2016,6,105.0,강릉,40.7,-79.9,10.5,24,10,7,2,0,,1.8,5.8,WNW,17,0,0,1,,0,,,,
2016,6,106.0,동해,22.9,-87.5,17.0,24,5,3,1,0,,1.7,9.4,N,5,0,0,1,4,0,0,0,0,0
2016,6,108.0,서울,54.4,-78.8,30.5,22,8,5,2,1,,2.1,6.8,NNW,22,6,5,0,0,0,2,0,0,0
2016,6,112.0,인천,19.5,-92.5,8.8,15,5,5,0,0,,2.6,7.0,S,15,4,7,0,8,0,1,0,0,0
2016,6,114.0,원주,35.8,-104.3,21.8,12,7,4,1,0,,1.2,4.8,NNE,22,0,0,1,0,0,0,0,0,0
2016,6,115.0,울릉도,46.3,-69.0,37.8,24,4,3,1,1,149.3,3.2,12.0,WNW,24,4,9,2,9,0,2,0,0,0
2016,6,119.0,수원,37.4,-91.8,27.6,15,8,3,1,0,,1.9,5.6,WSW,25,5,8,0,3,0,1,0,0,0
2016,6,121.0,영월,46.4,-97.5,35.6,24,8,4,1,1,,1.2,6.2,SE,22,0,0,2,0,0,0,0,0,0
2016,6,127.0,충주,38.9,-95.8,25.4,24,8,2,2,0,,1.6,6.3,W,25,0,0,1,0,0,0,0,0,0
2016,6,129.0,서산,36.8,-101.6,29.4,24,6,4,1,0,,2.0,7.3,S,15,4,10,1,4,0,0,0,0,0
2016,6,130.0,울진,45.4,-60.4,42.8,24,4,2,1,1,,2.0,6.8,NNW,5,0,0,2,1,0,0,0,0,0
2016,6,131.0,청주,39.9,-104.2,32.1,24,8,4,1,1,,1.7,5.6,E,5,4,10,0,0,0,1,0,0,0
2016,6,133.0,대전,62.5,-143.8,43.3,24,10,6,1,1,,1.6,5.9,S,27,4,8,1,1,0,1,0,0,0
2016,6,135.0,추풍령,45.5,-100.8,19.4,24,11,4,1,0,,2.1,7.7,W,25,0,0,2,1,0,0,0,0,0
2016,6,136.0,안동,43.4,-93.4,23.1,24,8,4,2,0,,1.8,6.8,WNW,25,3,10,0,2,0,2,0,0,0
2016,6,137.0,상주,47.0,,29.4,24,6,5,1,0,,1.2,5.1,W,25,0,0,2,0,0,0,0,0,0
2016,6,138.0,포항,52.5,-89.1,20.1,16,11,7,2,0,,2.4,6.4,E,18,4,12,3,0,0,1,0,0,0
2016,6,140.0,군산,37.4,-117.4,22.7,24,10,4,1,0,,2.0,7.6,WNW,24,0,0,0,0,0,0,0,0,0
2016,6,143.0,대구,45.7,-96.9,24.5,24,14,4,2,0,,2.2,7.6,WNW,25,4,11,4,0,0,1,0,0,0
2016,6,146.0,전주,95.8,-72.1,38.0,27,10,8,3,1,,1.6,8.2,ESE,27,2,14,1,0,0,0,0,0,0
2016,6,152.0,울산,70.1,-106.7,38.4,24,12,8,1,1,,1.7,6.4,ENE,1,3,14,4,0,0,3,0,0,0
2016,6,155.0,창원,108.8,-123.5,58.2,24,12,9,2,1,,1.5,5.9,SSE,2,3,15,6,0,0,2,0,0,0
2016,6,156.0,광주,116.1,-65.4,60.1,24,9,6,4,1,,1.6,6.5,SSW,15,2,15,3,0,0,0,0,0,0
2016,6,159.0,부산,115.2,-91.5,53.7,24,12,11,3,1,,2.9,12.7,SW,24,3,15,6,8,0,3,0,0,0
2016,6,162.0,통영,112.7,-84.9,34.0,24,11,9,5,1,,2.0,9.9,SSW,24,0,0,2,1,0,0,0,0,0
2016,6,165.0,목포,133.6,-39.5,65.9,24,9,6,3,2,,2.5,9.1,WSW,24,1,16,5,4,0,1,0,0,0
2016,6,168.0,여수,162.2,-51.5,55.9,24,14,8,4,2,126.6,2.8,11.7,WSW,24,3,16,5,2,0,2,0,0,0
2016,6,169.0,흑산도,143.6,-31.1,71.3,24,8,5,4,2,,3.6,13.8,SSE,15,1,17,7,22,0,2,0,0,0
2016,6,170.0,완도,140.9,-102.1,43.6,24,14,9,5,2,,2.4,9.4,ENE,1,0,0,8,3,0,0,0,0,0
2016,6,172.0,고창,74.4,,40.4,24,9,5,2,1,,2.3,9.0,W,25,0,0,4,6,0,0,0,0,0
2016,6,174.0,순천,107.7,,53.4,24,10,6,4,1,,1.3,5.5,NW,25,0,0,5,4,0,0,0,0,0
2016,6,175.0,진도(첨찰산),167.9,,71.4,24,16,10,4,2,,4.1,12.5,SE,4,0,0,7,0,0,0,0,0,0
2016,6,184.0,제주,162.7,-18.7,49.9,29,14,10,3,2,,2.4,9.1,SSW,24,0,19,8,10,0,2,0,0,0
2016,6,185.0,고산,193.7,45.0,63.0,22,11,10,5,3,,4.5,13.8,NW,24,0,0,6,17,0,0,0,0,0
2016,6,188.0,성산,241.3,17.6,108.9,22,18,11,6,3,,2.3,8.6,WNW,24,0,0,9,12,0,0,0,0,0
2016,6,189.0,서귀포,281.2,4.3,114.6,22,12,10,8,2,,1.6,7.6,S,20,0,0,9,7,0,0,0,0,0
2016,6,192.0,진주,113.8,-99.2,73.6,24,11,9,3,1,,1.2,6.1,WSW,25,0,0,5,0,0,0,0,0,0
2016,6,201.0,강화,19.4,-104.0,7.5,11,7,4,0,0,,2.1,8.2,SSW,15,0,0,1,0,0,0,0,0,0
2016,6,202.0,양평,37.5,-106.1,21.0,15,5,5,2,0,,1.5,4.5,WNW,25,0,0,0,0,0,0,0,0,0
2016,6,203.0,이천,18.9,-127.1,15.5,24,5,2,1,0,,1.5,5.0,SSW,15,0,0,1,0,0,0,0,0,0
2016,6,211.0,인제,51.8,-66.4,14.0,24,13,8,2,0,,1.7,5.8,SSW,30,0,0,0,,0,,,,
2016,6,212.0,홍천,54.5,-86.1,23.5,22,6,4,3,0,,1.3,4.6,W,25,0,0,0,,0,,,,
2016,6,216.0,태백,41.8,-100.4,27.4,24,6,3,2,0,,1.4,5.8,S,15,0,0,0,,0,,,,
2016,6,221.0,제천,42.1,-112.1,19.0,24,8,4,2,0,,1.5,5.5,SW,19,0,0,1,0,0,0,0,0,0
2016,6,226.0,보은,48.8,-110.5,36.0,24,11,5,1,1,,1.3,5.2,WNW,25,0,0,3,2,0,0,0,0,0
2016,6,232.0,천안,36.2,-96.9,35.0,24,5,1,1,1,,1.4,6.2,E,15,0,0,0,2,0,0,0,0,0
2016,6,235.0,보령,23.7,-113.8,20.3,24,5,2,1,0,,1.4,7.2,SSW,15,0,0,1,3,0,0,0,0,0
2016,6,236.0,부여,49.4,-116.8,35.0,24,8,4,1,1,,1.3,5.4,SW,25,0,0,0,,0,,,,
2016,6,238.0,금산,87.4,-85.6,32.5,24,9,6,3,1,,1.2,5.4,SSW,15,0,0,1,,0,,,,
2016,6,243.0,부안,42.0,-108.0,25.0,24,5,5,2,0,,1.7,7.5,S,15,0,0,3,,0,,,,
2016,6,244.0,임실,67.2,-102.0,30.0,24,13,6,2,1,,1.4,5.7,WNW,24,0,0,1,,0,,,,
2016,6,245.0,정읍,51.7,-104.4,30.0,24,10,6,1,1,,1.4,6.1,WSW,25,0,0,1,1,0,0,0,0,0
2016,6,247.0,남원,79.7,-97.0,41.5,24,10,5,3,1,,1.8,6.9,ENE,5,0,0,1,0,0,0,0,0,0
2016,6,248.0,장수,57.3,-131.9,38.5,24,14,6,1,1,,1.6,6.9,SSW,24,0,0,2,,0,,,,
2016,6,260.0,장흥,141.5,-77.5,69.5,24,12,8,3,1,,1.6,5.9,SE,15,0,0,5,0,0,0,0,0,0
2016,6,261.0,해남,103.5,-96.0,54.3,24,14,8,3,1,,2.0,7.6,ESE,22,0,0,3,0,0,0,0,0,0
2016,6,262.0,고흥,117.5,-98.5,49.3,24,12,9,4,1,,1.2,6.0,WNW,17,0,0,7,1,0,0,0,0,0
2016,6,268.0,진도군,163.1,,82.5,24,15,7,4,2,,1.9,8.3,SSE,24,0,0,5,0,0,0,0,0,0
2016,6,271.0,봉화,46.0,-111.4,25.0,24,6,3,2,0,,1.5,6.2,SSE,5,0,0,2,,0,,,,
2016,6,272.0,영주,62.0,-102.6,39.0,24,5,4,2,1,,1.9,8.0,NNW,25,0,0,3,,0,,,,
2016,6,273.0,문경,49.5,-113.7,38.0,24,7,5,1,1,,1.6,6.4,WNW,17,0,0,2,,0,,,,
2016,6,277.0,영덕,56.3,-63.5,28.5,16,6,3,2,0,,2.2,7.7,NE,13,0,0,1,,0,,,,
2016,6,278.0,의성,42.8,-89.2,20.0,24,9,6,1,0,,1.3,6.6,WSW,30,0,0,2,,0,,,,
2016,6,279.0,구미,29.0,-101.3,14.3,24,9,6,1,0,,1.2,5.0,WNW,25,0,0,4,0,0,0,0,0,0
2016,6,281.0,영천,49.4,-86.4,19.5,24,14,6,2,0,,1.7,5.2,W,25,0,0,4,0,0,0,0,0,0
2016,6,284.0,거창,46.1,-128.1,30.4,24,9,5,1,1,,1.2,6.7,W,24,0,0,6,0,0,0,0,0,0
2016,6,285.0,합천,49.9,-119.0,33.5,24,10,6,1,1,,1.2,5.2,S,13,0,0,5,,0,,,,
2016,6,288.0,밀양,103.0,-83.3,58.6,24,11,6,3,1,,1.0,4.0,W,25,0,0,6,,0,,,,
2016,6,289.0,산청,73.1,-120.8,31.0,24,13,8,2,1,,1.5,6.2,W,25,0,0,5,,0,,,,
2016,6,294.0,거제,152.3,-117.6,43.0,24,15,11,6,1,,1.8,6.0,NW,24,0,0,4,,0,,,,
2016,6,295.0,남해,160.7,-107.6,56.5,24,14,11,5,1,,1.2,4.4,SW,14,0,0,4,,0,,,,
2016,7,90.0,속초,477.8,230.9,206.4,5,16,13,5,4,,1.3,7.7,ESE,16,,,5,,0,,,,
2016,7,95.0,철원,460.5,59.6,154.2,5,19,15,8,4,,1.6,6.4,NNE,16,0,0,5,6,0,0,0,0,0
2016,7,98.0,동두천,366.3,-57.7,162.1,5,16,13,5,3,,1.5,5.7,WSW,28,0,0,4,0,0,0,0,0,0
2016,7,99.0,파주,377.9,,164.6,5,15,13,7,4,,1.5,5.5,NE,5,0,0,5,0,0,0,0,0,0
2016,7,100.0,대관령,421.3,94.6,99.9,4,13,10,8,4,122.2,2.7,8.4,W,27,0,0,0,11,0,0,0,0,0
2016,7,101.0,춘천,617.1,233.3,241.6,5,18,16,8,6,,1.3,5.3,NW,5,0,18,5,7,0,4,0,0,0
2016,7,102.0,백령도,177.4,-23.7,52.7,16,12,9,6,2,,3.6,12.0,ENE,16,1,17,9,23,0,3,0,0,0
2016,7,104.0,북강릉,377.1,,97.9,16,12,10,7,5,,1.2,5.1,WSW,27,1,22,5,6,0,1,0,0,0
2016,7,105.0,강릉,424.2,181.4,96.0,16,13,10,8,5,,1.5,5.7,WNW,26,0,0,0,,0,,,,
2016,7,106.0,동해,307.5,72.8,122.9,4,13,10,5,4,,1.2,6.1,N,25,0,0,6,2,0,0,0,0,0
2016,7,108.0,서울,358.2,-36.5,108.5,1,17,9,5,4,,2.1,6.1,SSW,27,1,14,4,0,0,3,0,0,0
2016,7,112.0,인천,300.5,-19.1,107.0,1,12,9,5,4,,2.7,8.4,S,5,1,16,4,8,0,3,0,0,0
2016,7,114.0,원주,360.1,-2.1,111.9,5,16,11,5,4,121.6,1.1,5.0,SSW,5,0,0,7,1,0,0,0,0,0
2016,7,115.0,울릉도,133.6,-36.6,47.1,4,12,9,3,2,117.5,3.2,12.7,NNE,14,1,19,4,18,0,1,0,0,0
2016,7,119.0,수원,317.7,-33.4,104.2,1,16,11,5,5,,1.8,5.8,ESE,16,1,16,5,0,0,2,0,0,0
2016,7,121.0,영월,360.6,68.3,147.3,4,15,11,7,4,,0.9,5.1,E,14,0,0,3,1,0,0,0,0,0
2016,7,127.0,충주,374.4,80.9,121.9,4,16,13,7,5,,1.4,6.0,E,14,0,0,3,1,0,0,0,0,0
2016,7,129.0,서산,295.6,22.2,137.5,29,13,9,5,3,,2.0,8.9,S,1,1,15,3,2,0,1,0,0,0
2016,7,130.0,울진,323.9,137.1,126.6,4,16,12,9,3,,1.8,6.5,NW,14,0,0,5,6,0,0,0,0,0
2016,7,131.0,청주,320.0,37.3,153.6,4,12,10,6,3,,1.7,4.9,SE,16,1,16,2,0,0,4,0,0,0
2016,7,133.0,대전,367.9,34.0,179.1,4,14,10,7,4,,1.6,6.6,ESE,15,0,12,2,1,0,3,0,0,0
2016,7,135.0,추풍령,304.4,19.8,107.8,6,12,9,5,3,154.8,2.0,8.0,S,7,0,0,3,3,0,0,0,0,0
2016,7,136.0,안동,274.5,30.2,78.6,4,14,10,7,2,,1.5,5.3,ESE,19,0,15,0,2,0,2,0,0,0
2016,7,137.0,상주,313.6,,89.1,4,12,9,7,5,,1.0,4.5,SW,7,0,0,4,2,0,0,0,0,0
2016,7,138.0,포항,113.2,-90.0,48.8,6,10,8,4,1,,2.3,5.9,NE,15,1,14,3,0,0,2,0,0,0
2016,7,140.0,군산,327.2,86.0,138.8,4,11,9,6,3,,2.1,11.0,SSW,1,0,0,3,3,0,0,0,0,0
2016,7,143.0,대구,307.3,83.3,74.5,6,16,10,8,3,,2.0,7.7,SW,31,0,13,4,0,0,7,0,0,0
2016,7,146.0,전주,251.8,-47.8,57.4,4,13,10,6,4,,1.7,6.8,SW,2,0,12,2,1,0,3,0,0,0
2016,7,152.0,울산,226.9,-5.4,58.6,1,13,10,6,3,,1.7,9.3,SSW,2,1,11,3,4,0,5,0,0,0
2016,7,155.0,창원,181.8,-112.0,69.1,1,10,9,5,2,,1.4,7.0,S,1,1,9,5,2,0,5,0,0,0
2016,7,156.0,광주,301.3,-7.6,70.6,3,12,10,7,4,,1.9,9.5,SW,1,0,12,3,0,0,7,0,0,0
2016,7,159.0,부산,188.8,-128.1,63.0,4,12,9,5,3,,3.3,18.6,SW,2,1,10,4,4,1,2,0,0,0
2016,7,162.0,통영,235.5,-78.0,59.6,2,10,7,7,3,,2.3,13.8,SSW,2,0,0,1,10,0,0,0,0,0
2016,7,165.0,목포,249.2,12.5,69.8,3,12,8,6,4,,2.9,10.1,SW,1,1,11,4,6,0,4,0,0,0
2016,7,168.0,여수,157.8,-133.7,50.6,2,9,6,4,3,150.1,2.8,14.3,WSW,2,2,9,5,7,2,4,0,0,0
2016,7,169.0,흑산도,175.9,-50.1,55.6,3,8,8,5,2,,5.0,16.0,SSE,16,1,16,5,18,3,5,0,0,0
2016,7,170.0,완도,224.9,-60.8,59.8,12,14,5,5,4,,2.6,10.4,SSE,2,0,0,4,6,0,0,0,0,0
2016,7,172.0,고창,198.5,,43.5,2,13,11,8,2,154.5,2.7,18.4,SE,16,0,0,5,10,1,0,0,0,0
2016,7,174.0,순천,208.5,,77.6,3,7,6,5,3,,1.4,6.6,ESE,31,0,0,4,5,0,0,0,0,0
2016,7,175.0,진도(첨찰산),259.1,,89.7,12,12,8,5,3,,4.4,12.2,SSE,16,0,0,7,0,0,0,0,0,0
2016,7,184.0,제주,98.6,-141.3,57.1,12,9,6,2,1,,2.7,12.7,SSW,2,4,10,3,0,0,3,0,0,0
2016,7,185.0,고산,117.2,-60.8,70.5,12,8,7,3,1,119.4,5.1,14.3,SSW,2,0,0,4,8,1,0,0,0,0
2016,7,188.0,성산,170.2,-113.0,116.9,12,14,9,2,1,,2.8,8.5,SSW,2,0,0,6,6,0,0,0,0,0
2016,7,189.0,서귀포,203.2,-106.6,98.8,12,14,12,3,3,,1.6,7.1,SSW,12,0,0,6,7,0,0,0,0,0
2016,7,192.0,진주,161.0,-139.0,53.8,3,10,8,4,2,109.6,1.1,5.2,E,14,0,0,1,0,0,0,0,0,0
2016,7,201.0,강화,326.4,-31.8,78.5,1,16,12,7,4,,2.0,7.1,SSW,5,0,0,6,0,0,0,0,0,0
2016,7,202.0,양평,385.0,-14.0,125.0,1,12,11,7,4,,1.4,5.6,SE,16,0,0,5,0,0,0,0,0,0
2016,7,203.0,이천,284.0,-86.2,83.2,4,14,11,7,4,,1.2,5.4,S,1,0,0,3,0,0,0,0,0,0
2016,7,211.0,인제,546.5,239.3,252.0,5,17,13,8,4,,1.7,5.6,NNE,5,0,0,4,,0,,,,
2016,7,212.0,홍천,429.4,32.4,108.5,1,17,12,7,5,,1.2,4.8,W,28,0,0,2,0,0,0,0,0,0
2016,7,216.0,태백,439.2,151.9,151.5,4,12,12,9,5,,1.4,7.5,SW,2,0,0,2,,0,,,,
2016,7,221.0,제천,419.7,46.2,176.0,4,19,15,4,4,,1.2,5.5,SW,28,0,0,3,1,0,0,0,0,0
2016,7,226.0,보은,494.9,181.9,196.5,4,15,12,8,6,,1.2,5.4,S,5,0,0,3,2,0,0,0,0,0
2016,7,232.0,천안,364.3,99.6,89.2,4,15,13,8,4,,1.3,5.9,W,5,0,0,1,2,0,0,0,0,0
2016,7,235.0,보령,200.2,-68.5,69.1,4,16,10,5,3,,1.9,11.3,SSW,1,0,0,2,4,0,0,0,0,0
2016,7,236.0,부여,341.1,21.5,157.0,4,14,12,6,4,,1.3,7.4,SW,5,0,0,5,,0,,,,
2016,7,238.0,금산,377.9,69.5,151.5,6,15,7,7,4,,1.3,4.9,S,1,0,0,4,,0,,,,
2016,7,243.0,부안,220.7,-55.3,70.5,1,13,10,7,2,,1.8,7.7,SSW,1,0,0,4,,0,,,,
2016,7,244.0,임실,271.7,-44.2,65.0,2,14,13,9,4,,1.4,6.7,S,1,0,0,5,,0,,,,
2016,7,245.0,정읍,205.1,-74.6,55.5,1,13,12,6,3,,1.5,4.8,SW,2,0,0,2,0,0,0,0,0,0
2016,7,247.0,남원,286.6,-12.3,81.5,6,14,11,6,5,,1.6,6.9,W,6,0,0,5,1,0,0,0,0,0
2016,7,248.0,장수,377.9,44.3,77.0,1,16,12,8,5,,1.6,7.4,WSW,2,0,0,5,,0,,,,
2016,7,260.0,장흥,208.3,-82.6,71.9,3,12,8,4,3,,1.7,9.5,SW,2,0,0,4,,0,,,,
2016,7,261.0,해남,205.4,-41.4,84.7,3,12,7,4,3,,2.5,11.9,SW,2,0,0,5,0,0,0,0,0,0
2016,7,262.0,고흥,173.3,-93.4,56.4,3,9,7,4,3,,1.2,6.5,S,1,0,0,4,1,0,0,0,0,0
2016,7,268.0,진도군,277.4,,101.5,12,12,6,5,2,,2.2,9.2,W,2,0,0,5,0,0,0,0,0,0
2016,7,271.0,봉화,416.5,120.0,164.0,4,19,16,7,6,,1.2,5.2,NNE,14,0,0,3,,0,,,,
2016,7,272.0,영주,486.3,182.7,175.0,4,16,11,8,7,,1.5,6.9,NNW,13,0,0,3,,0,,,,
2016,7,273.0,문경,407.6,98.9,161.0,4,17,12,6,5,,1.3,6.5,NW,29,0,0,4,,0,,,,
2016,7,277.0,영덕,173.2,-16.5,62.0,4,15,11,6,1,,1.8,8.2,NNE,14,0,0,5,0,0,0,0,0,0
2016,7,278.0,의성,232.8,1.6,57.0,4,12,9,6,3,,1.1,5.4,SW,5,0,0,3,,0,,,,
2016,7,279.0,구미,325.4,87.5,107.1,6,13,11,8,3,,1.0,4.2,WNW,29,0,0,3,1,0,0,0,0,0
2016,7,281.0,영천,183.5,-40.9,86.0,6,11,7,5,1,,1.6,6.0,NNW,7,0,0,4,,0,,,,
2016,7,284.0,거창,285.3,-16.1,70.7,6,13,10,8,4,,1.1,8.0,NE,31,0,0,4,3,0,0,0,0,0
2016,7,285.0,합천,273.5,-13.9,53.0,1,13,11,7,5,,1.1,5.4,N,25,0,0,6,,0,,,,
2016,7,288.0,밀양,231.4,-38.1,57.8,30,13,11,5,3,,1.1,6.3,NE,30,0,0,4,0,0,0,0,0,0
2016,7,289.0,산청,217.6,-107.2,60.5,3,15,10,4,4,,1.4,5.2,E,2,0,0,4,0,0,0,0,0,0
2016,7,294.0,거제,319.1,-107.3,89.0,1,10,9,7,3,,2.0,8.1,NW,2,0,0,6,,0,,,,
2016,7,295.0,남해,167.1,-192.2,51.0,1,10,7,4,3,,1.2,4.8,SSW,2,0,0,4,,0,,,,
2016,8,90.0,속초,186.9,-106.1,65.4,28,12,11,5,2,,1.6,9.9,ENE,26,,,2,,0,,,,
2016,8,95.0,철원,63.7,-274.5,30.2,31,10,8,2,1,,1.5,7.1,SSW,31,0,0,1,3,0,0,0,0,0
2016,8,98.0,동두천,70.4,-337.9,27.0,31,9,7,2,0,,1.4,6.3,WSW,23,0,0,1,0,0,0,0,0,0
2016,8,99.0,파주,31.9,,12.3,25,8,5,1,0,,1.4,5.5,NE,2,0,0,1,0,0,0,0,0,0
2016,8,100.0,대관령,260.4,-160.5,152.5,28,14,10,4,3,141.9,2.5,15.7,W,31,0,0,0,8,1,0,0,0,0
2016,8,101.0,춘천,33.2,-284.3,10.6,26,9,6,2,0,,1.5,5.7,W,1,8,7,2,0,0,1,0,0,0
2016,8,102.0,백령도,54.4,-125.6,21.5,2,7,4,2,0,,2.8,17.1,WNW,31,12,7,2,8,1,3,0,0,0
2016,8,104.0,북강릉,259.4,,78.5,28,12,10,5,4,,1.3,6.7,W,31,8,9,3,0,0,5,0,0,0
2016,8,105.0,강릉,282.6,-16.3,96.0,28,15,12,5,3,,2.0,9.5,WNW,31,0,0,0,,0,,,,
2016,8,106.0,동해,137.0,-103.3,47.6,28,6,5,4,3,,1.8,10.4,N,26,0,0,3,0,0,0,0,0,0
2016,8,108.0,서울,67.1,-297.1,20.0,26,11,8,3,0,,2.1,7.3,ENE,26,6,4,1,0,0,1,0,0,0
2016,8,112.0,인천,26.5,-259.3,14.3,31,4,3,1,0,,2.7,9.5,WNW,31,6,6,1,1,0,1,0,0,0
2016,8,114.0,원주,49.4,-240.7,26.7,26,7,4,2,0,160.0,1.2,5.4,SW,31,0,0,3,0,0,0,0,0,0
2016,8,115.0,울릉도,491.3,323.4,220.5,29,9,8,5,4,134.9,4.0,17.7,NNE,29,0,7,1,6,3,2,0,0,0
2016,8,119.0,수원,73.0,-226.8,55.1,31,5,2,2,1,,1.8,7.2,W,31,5,4,1,0,0,1,0,0,0
2016,8,121.0,영월,107.5,-184.2,35.1,7,10,8,3,1,,1.1,6.8,W,31,0,0,1,0,0,0,0,0,0
2016,8,127.0,충주,44.0,-224.6,17.7,2,8,4,2,0,,1.4,6.8,E,26,0,0,2,0,0,0,0,0,0
2016,8,129.0,서산,34.0,-261.9,28.9,31,7,2,1,0,,1.6,8.9,WNW,31,10,3,0,5,0,1,0,0,0
2016,8,130.0,울진,114.3,-94.5,71.7,28,13,9,2,1,,2.2,9.6,NW,26,0,0,2,0,0,0,0,0,0
2016,8,131.0,청주,69.0,-216.1,22.4,9,10,7,3,0,,1.7,5.1,W,31,5,4,1,0,0,2,0,0,0
2016,8,133.0,대전,57.4,-272.1,17.2,26,10,8,2,0,,1.4,6.4,S,18,6,4,2,0,0,2,0,0,0
2016,8,135.0,추풍령,90.6,-153.9,26.8,26,8,6,5,0,182.1,2.1,8.8,NE,8,0,0,1,1,0,0,0,0,0
2016,8,136.0,안동,38.0,-179.8,20.1,28,7,5,2,0,,1.8,7.1,WNW,31,7,6,0,2,0,0,0,0,0
2016,8,137.0,상주,116.3,,46.9,8,7,5,5,1,,1.1,6.0,WSW,31,0,0,1,1,0,0,0,0,0
2016,8,138.0,포항,181.5,-45.9,84.2,16,7,6,2,2,,2.7,9.3,SW,31,10,5,2,0,0,4,0,0,0
2016,8,140.0,군산,10.0,-253.1,5.0,15,5,2,0,0,,2.1,11.1,WNW,31,0,0,0,0,0,0,0,0,0
2016,8,143.0,대구,81.2,-154.7,35.0,7,8,4,3,2,,2.3,10.3,WNW,31,8,4,2,0,0,3,0,0,0
2016,8,146.0,전주,35.8,-241.7,16.5,6,11,7,1,0,,1.7,9.2,WSW,31,4,5,1,0,0,1,0,0,0
2016,8,152.0,울산,98.2,-142.1,51.6,28,8,6,3,1,,2.1,8.2,SSW,31,9,3,2,0,0,4,0,0,0
2016,8,155.0,창원,110.0,-189.0,37.0,2,5,4,3,3,,1.4,6.8,NNE,1,13,3,2,0,0,4,0,0,0
2016,8,156.0,광주,81.0,-216.8,21.4,26,14,8,3,0,,1.4,7.1,W,31,8,5,1,0,0,4,0,0,0
2016,8,159.0,부산,141.5,-113.6,57.6,28,9,5,3,2,,3.0,13.3,WSW,31,11,5,1,0,0,4,0,0,0
2016,8,162.0,통영,61.7,-164.1,46.2,28,5,5,1,1,,2.3,10.4,SW,31,0,0,1,0,0,0,0,0,0
2016,8,165.0,목포,20.4,-172.2,15.3,28,6,3,1,0,,2.7,13.6,NW,30,12,1,0,0,0,1,0,0,0
2016,8,168.0,여수,33.8,-229.1,33.3,28,3,1,1,1,217.5,3.4,12.5,ENE,28,17,1,0,0,0,2,0,0,0
2016,8,169.0,흑산도,41.3,-155.8,30.9,27,4,3,1,1,,2.9,10.5,SSW,31,19,2,1,3,0,2,0,0,0
2016,8,170.0,완도,30.9,-212.7,25.4,28,3,3,1,0,,2.4,11.2,W,30,0,0,1,0,0,0,0,0,0
2016,8,172.0,고창,47.0,,21.3,3,6,5,2,0,171.7,2.2,14.1,NW,30,0,0,1,4,1,0,0,0,0
2016,8,174.0,순천,73.0,,31.7,28,10,7,3,1,,1.3,7.4,WNW,31,0,0,0,8,0,0,0,0,0
2016,8,175.0,진도(첨찰산),33.2,,17.7,28,4,3,2,0,,4.2,12.3,NW,30,0,0,1,0,0,0,0,0,0
2016,8,184.0,제주,75.6,-186.9,49.6,28,7,6,2,1,,3.1,11.7,W,31,8,2,2,0,0,2,0,0,0
2016,8,185.0,고산,76.4,-125.4,27.1,3,7,4,4,0,168.8,4.4,19.8,NW,30,0,0,0,0,3,0,0,0,0
2016,8,188.0,성산,81.4,-279.2,32.6,28,11,10,2,1,,2.7,8.2,WNW,30,0,0,1,0,0,0,0,0,0
2016,8,189.0,서귀포,170.9,-120.7,103.3,4,10,7,4,1,,1.7,5.9,SW,31,0,0,2,0,0,0,0,0,0
2016,8,192.0,진주,74.8,-242.1,31.8,28,12,7,4,1,137.8,1.2,7.3,WSW,31,0,0,0,0,0,0,0,0,0
2016,8,201.0,강화,26.7,-299.9,14.0,25,6,3,1,0,,1.9,6.7,NE,28,0,0,1,0,0,0,0,0,0
2016,8,202.0,양평,81.5,-291.6,28.5,26,6,5,4,0,,1.4,6.5,N,31,0,0,2,0,0,0,0,0,0
2016,8,203.0,이천,59.9,-260.0,26.0,26,5,4,3,0,,1.1,5.2,WSW,31,0,0,1,0,0,0,0,0,0
2016,8,211.0,인제,96.0,-198.0,23.0,25,11,10,3,0,,1.7,6.3,NNE,21,0,0,2,,0,,,,
2016,8,212.0,홍천,38.5,-277.8,21.0,26,9,6,1,0,,1.3,5.0,NW,16,0,0,1,,0,,,,
2016,8,216.0,태백,106.1,-173.5,44.3,28,12,8,4,1,,1.5,8.1,NE,26,0,0,4,,0,,,,
2016,8,221.0,제천,113.8,-179.9,33.0,31,9,6,4,1,,1.3,6.4,WSW,31,0,0,2,0,0,0,0,0,0
2016,8,226.0,보은,53.0,-237.3,28.0,31,6,5,2,0,,1.3,6.0,N,29,0,0,2,1,0,0,0,0,0
2016,8,232.0,천안,82.0,-216.3,30.7,31,9,6,3,1,,1.3,7.9,ENE,26,0,0,1,1,0,0,0,0,0
2016,8,235.0,보령,5.1,-292.0,2.4,28,4,2,0,0,,1.1,7.7,SSW,31,0,0,0,0,0,0,0,0,0
2016,8,236.0,부여,33.4,-249.6,17.5,2,7,4,1,0,,1.2,6.9,WNW,31,0,0,0,,0,,,,
2016,8,238.0,금산,105.6,-161.2,23.0,3,13,12,5,0,,1.2,5.8,W,31,0,0,2,,0,,,,
2016,8,243.0,부안,30.2,-220.0,18.5,15,9,4,1,0,,1.7,7.9,W,31,0,0,2,,0,,,,
2016,8,244.0,임실,90.0,-221.8,47.0,7,8,6,3,1,,1.3,8.3,WSW,31,0,0,1,,0,,,,
2016,8,245.0,정읍,115.8,-154.5,40.5,23,11,9,2,2,,1.5,8.0,WSW,31,0,0,1,0,0,0,0,0,0
2016,8,247.0,남원,122.7,-223.4,51.1,8,10,6,4,1,,1.7,10.8,ENE,7,0,0,1,2,0,0,0,0,0
2016,8,248.0,장수,113.4,-222.1,46.9,9,9,7,3,1,,1.4,8.5,WSW,31,0,0,1,,0,,,,
2016,8,260.0,장흥,50.1,-256.4,23.7,28,7,4,2,0,,1.5,7.5,NW,30,0,0,0,,0,,,,
2016,8,261.0,해남,25.1,-223.4,18.2,28,5,3,1,0,,2.0,11.4,WNW,30,0,0,0,,0,,,,
2016,8,262.0,고흥,47.4,-221.3,34.2,28,5,3,2,1,,1.1,7.0,NW,30,0,0,0,,0,,,,
2016,8,268.0,진도군,25.5,,13.5,28,3,3,2,0,,1.9,8.3,W,31,0,0,1,,0,,,,
2016,8,271.0,봉화,61.8,-180.2,15.5,26,13,10,2,0,,1.4,6.0,WNW,31,0,0,3,,0,,,,
2016,8,272.0,영주,62.0,-211.1,31.5,26,7,5,2,1,,1.8,8.2,W,31,0,0,3,,0,,,,
2016,8,273.0,문경,51.7,-212.0,22.5,26,8,3,2,0,,1.6,6.5,ESE,8,0,0,2,,0,,,,
2016,8,277.0,영덕,69.6,-147.3,45.0,28,11,6,2,1,,2.6,10.5,NNE,26,0,0,2,,0,,,,
2016,8,278.0,의성,83.0,-147.0,36.0,8,10,7,2,1,,1.3,6.7,WSW,31,0,0,2,,0,,,,
2016,8,279.0,구미,114.7,-122.3,58.1,8,6,4,3,2,,1.2,5.7,W,31,0,0,2,1,0,0,0,0,0
2016,8,281.0,영천,89.2,-136.1,41.0,16,7,5,2,2,,1.7,8.0,W,31,0,0,2,,0,,,,
2016,8,284.0,거창,80.3,-204.5,28.0,28,10,10,3,0,,1.1,7.1,WSW,30,0,0,1,1,0,0,0,0,0
2016,8,285.0,합천,101.0,-193.5,45.5,22,7,6,2,2,,1.1,6.4,ENE,8,0,0,0,0,0,0,0,0,0
2016,8,288.0,밀양,47.1,-190.5,37.4,28,8,5,1,1,,1.1,6.6,WNW,31,0,0,2,,0,,,,
2016,8,289.0,산청,112.3,-254.6,44.5,8,9,6,4,2,,1.4,7.6,W,30,0,0,0,,0,,,,
2016,8,294.0,거제,67.4,-268.2,62.5,28,7,3,1,1,,2.0,5.9,W,31,0,0,1,,0,,,,
2016,8,295.0,남해,63.1,-249.1,51.0,28,7,3,2,1,,1.4,5.7,WNW,31,0,0,0,0,0,0,0,0,0
2016,9,90.0,속초,126.0,-106.9,41.8,12,15,9,4,1,,1.5,7.7,NNW,1,,,4,,0,,,,
2016,9,95.0,철원,32.2,-116.3,13.4,27,8,5,2,0,,1.5,7.0,E,19,0,0,1,1,0,0,0,0,0
2016,9,98.0,동두천,39.6,-133.2,18.3,27,6,4,2,0,,1.2,6.7,SW,1,0,0,2,0,0,0,0,0,0
2016,9,99.0,파주,26.4,,19.6,27,5,2,1,0,,1.4,6.5,SSW,1,0,0,2,0,0,0,0,0,0
2016,9,100.0,대관령,102.1,-205.2,30.6,4,16,14,3,1,75.8,2.0,13.6,W,1,0,0,0,13,0,0,0,0,0
2016,9,101.0,춘천,76.2,-84.7,28.8,8,11,10,3,0,,1.2,6.6,SSE,1,2,8,2,0,0,7,0,0,0
2016,9,102.0,백령도,30.7,-83.2,17.9,1,5,4,1,0,,2.6,10.4,SSW,1,6,8,1,11,0,3,0,0,0
2016,9,104.0,북강릉,93.8,,24.3,4,17,11,2,0,,1.2,4.9,S,1,3,19,7,1,0,2,0,0,0
2016,9,105.0,강릉,104.8,-139.0,24.5,4,15,11,4,0,,1.6,7.5,NW,1,0,0,1,,0,,,,
2016,9,106.0,동해,105.6,-135.5,25.8,17,17,11,4,0,,1.7,8.1,N,8,0,0,5,1,0,0,0,0,0
2016,9,108.0,서울,33.0,-136.3,13.5,27,7,5,1,0,,2.0,8.1,SSW,1,2,7,2,0,0,2,0,0,0
2016,9,112.0,인천,34.5,-119.0,15.1,2,6,4,2,0,,2.4,9.3,E,17,3,9,2,0,0,4,0,0,0
2016,9,114.0,원주,47.1,-126.3,33.5,17,5,3,2,1,97.6,1.0,5.5,SSW,1,0,0,4,0,0,0,0,0,0
2016,9,115.0,울릉도,241.3,70.6,154.5,3,17,13,3,1,68.4,3.5,13.6,NE,20,0,20,2,8,0,0,0,0,0
2016,9,119.0,수원,67.8,-86.1,29.1,8,4,3,3,0,,1.7,7.4,SSW,1,2,11,2,1,0,2,0,0,0
2016,9,121.0,영월,45.7,-104.6,27.9,17,11,6,1,0,,0.9,5.7,E,20,0,0,5,4,0,0,0,0,0
2016,9,127.0,충주,60.8,-88.1,32.1,17,10,9,1,1,,1.2,5.9,S,1,0,0,3,0,0,0,0,0,0
2016,9,129.0,서산,53.1,-109.3,26.9,17,4,4,2,0,,1.4,7.0,SSW,1,3,7,3,4,0,2,0,0,0
2016,9,130.0,울진,243.0,57.4,85.8,3,19,10,7,3,,2.2,11.7,E,3,0,0,7,2,0,0,0,0,0
2016,9,131.0,청주,78.1,-69.0,49.0,17,7,7,2,1,,1.5,5.3,SSE,2,1,14,4,1,0,2,0,0,0
2016,9,133.0,대전,196.0,26.3,97.8,17,11,8,4,2,,1.3,6.6,S,1,2,12,4,2,0,3,0,0,0
2016,9,135.0,추풍령,187.2,48.1,92.1,17,17,10,6,1,91.2,1.7,6.2,SSE,1,0,0,7,4,0,0,0,0,0
2016,9,136.0,안동,166.8,34.9,84.8,17,12,10,4,2,,1.2,5.5,SE,10,0,17,4,6,0,0,0,0,0
2016,9,137.0,상주,162.0,,91.6,17,17,13,3,1,,0.7,3.6,W,5,0,0,7,6,0,0,0,0,0
2016,9,138.0,포항,522.3,345.2,151.4,17,19,14,7,4,,2.4,9.1,NE,19,0,20,10,0,0,0,0,0,0
2016,9,140.0,군산,192.1,64.8,115.2,17,6,5,4,2,,1.6,8.4,E,1,0,0,4,4,0,0,0,0,0
2016,9,143.0,대구,306.5,163.0,113.0,17,17,15,5,3,,1.6,6.4,E,20,0,20,6,0,0,1,0,0,0
2016,9,146.0,전주,145.4,7.8,95.2,17,10,6,4,1,,1.4,6.4,SW,1,1,12,5,0,0,0,0,0,0
2016,9,152.0,울산,364.3,196.1,129.7,17,17,12,7,3,,1.9,7.6,N,19,0,17,6,1,0,0,0,0,0
2016,9,155.0,창원,522.7,355.4,160.0,17,13,10,6,3,,1.1,5.5,ESE,8,1,16,9,0,0,2,0,0,0
2016,9,156.0,광주,251.2,100.7,122.9,17,13,11,5,3,,1.5,7.1,NE,19,1,12,6,0,0,2,0,0,0
2016,9,159.0,부산,407.9,249.9,119.4,17,12,10,6,5,,2.6,9.1,SSW,1,1,17,6,2,0,1,0,0,0
2016,9,162.0,통영,543.3,406.6,196.7,17,14,10,7,4,,2.3,9.0,SSE,1,0,0,4,0,0,0,0,0,0
2016,9,165.0,목포,197.8,50.3,118.3,17,9,7,4,2,,2.0,8.1,SW,1,4,10,6,1,0,1,0,0,0
2016,9,168.0,여수,317.2,160.1,180.9,17,13,10,4,3,117.7,4.2,14.3,ENE,17,2,16,6,1,3,1,0,0,0
2016,9,169.0,흑산도,201.3,83.8,136.1,17,6,5,4,1,,3.4,16.1,ENE,17,6,12,8,6,1,1,0,0,0
2016,9,170.0,완도,257.2,75.1,124.8,17,13,10,5,2,,1.8,10.1,SE,2,0,0,7,1,0,0,0,0,0
2016,9,172.0,고창,157.7,,113.3,17,10,6,3,1,107.4,2.1,9.5,SW,1,0,0,7,4,0,0,0,0,0
2016,9,174.0,순천,294.9,,149.4,17,14,10,6,3,,0.9,5.3,ESE,1,0,0,8,7,0,0,0,0,0
2016,9,175.0,진도(첨찰산),194.1,,93.7,17,11,10,4,2,,3.7,10.6,SE,17,0,0,7,0,0,0,0,0,0
2016,9,184.0,제주,172.3,-49.3,61.8,28,16,12,6,1,,2.6,8.7,NE,19,2,15,6,0,0,0,0,0,0
2016,9,185.0,고산,128.9,12.7,63.5,28,14,13,3,1,87.7,4.2,13.7,NW,7,0,0,6,0,0,0,0,0,0
2016,9,188.0,성산,276.1,47.7,66.8,28,17,14,8,3,,2.8,9.0,S,17,0,0,7,1,0,0,0,0,0
2016,9,189.0,서귀포,194.3,-2.3,59.0,28,16,14,7,1,,1.8,7.2,SSW,17,0,0,6,0,0,0,0,0,0
2016,9,192.0,진주,407.5,223.0,174.5,17,15,14,7,4,68.1,0.9,4.4,N,20,0,0,5,1,0,0,0,0,0
2016,9,201.0,강화,28.9,-136.5,19.0,27,7,3,1,0,,1.6,7.3,SW,1,0,0,2,0,0,0,0,0,0
2016,9,202.0,양평,42.0,-120.0,15.5,17,5,5,2,0,,1.2,4.8,ENE,19,0,0,2,0,0,0,0,0,0
2016,9,203.0,이천,41.1,-134.9,34.6,17,6,3,1,1,,1.0,5.1,SSW,1,0,0,2,0,0,0,0,0,0
2016,9,211.0,인제,46.3,-110.1,18.5,9,12,7,2,0,,1.6,5.7,NNE,9,0,0,2,,0,,,,
2016,9,212.0,홍천,61.4,-117.5,32.0,12,11,7,1,1,,1.1,6.0,ENE,19,0,0,0,,0,,,,
2016,9,216.0,태백,149.2,-54.7,57.9,17,16,14,5,1,,1.2,5.8,NE,20,0,0,8,,0,,,,
2016,9,221.0,제천,47.3,-113.8,27.5,17,9,7,1,0,,1.1,5.2,ENE,20,0,0,3,1,0,0,0,0,0
2016,9,226.0,보은,149.4,6.3,91.5,17,13,7,4,1,,1.1,4.7,S,1,0,0,5,6,0,0,0,0,0
2016,9,232.0,천안,55.0,-103.4,29.8,17,7,5,1,0,,1.2,6.0,ESE,19,0,0,1,0,0,0,0,0,0
2016,9,235.0,보령,73.4,-65.0,47.9,17,6,4,2,1,,1.4,8.5,S,1,0,0,2,0,0,0,0,0,0
2016,9,236.0,부여,133.7,-18.6,95.5,17,9,7,4,1,,1.1,6.4,SW,1,0,0,5,,0,,,,
2016,9,238.0,금산,160.9,21.1,100.0,17,12,9,4,1,,1.0,5.2,SW,1,0,0,5,,0,,,,
2016,9,243.0,부안,139.3,-7.6,93.0,17,7,5,4,1,,1.7,7.1,S,1,0,0,5,,0,,,,
2016,9,244.0,임실,234.5,96.0,112.5,17,15,15,6,2,,1.0,5.8,SSW,1,0,0,6,,0,,,,
2016,9,245.0,정읍,195.4,44.4,125.5,17,14,10,5,1,,1.2,5.1,SW,1,0,0,6,0,0,0,0,0,0
2016,9,247.0,남원,216.6,79.6,113.4,17,14,12,6,1,,1.8,7.8,ENE,17,0,0,6,3,0,0,0,0,0
2016,9,248.0,장수,212.5,67.7,116.0,17,16,13,5,1,,1.2,5.6,NE,20,0,0,7,,0,,,,
2016,9,260.0,장흥,233.7,42.0,130.8,17,10,9,4,2,,1.1,6.0,SSE,2,0,0,7,,0,,,,
2016,9,261.0,해남,194.0,29.7,93.6,17,12,7,5,2,,1.5,7.2,SW,17,0,0,5,,0,,,,
2016,9,262.0,고흥,302.2,127.1,179.7,17,12,9,3,3,,0.9,4.6,S,1,0,0,6,,0,,,,
2016,9,268.0,진도군,202.3,,96.5,17,13,8,4,2,,1.6,6.5,SW,17,0,0,6,,0,,,,
2016,9,271.0,봉화,97.9,-50.8,41.5,17,13,8,3,1,,1.2,6.3,N,20,0,0,4,,0,,,,
2016,9,272.0,영주,111.9,-41.3,49.5,17,18,11,2,1,,1.3,5.0,NW,28,0,0,7,,0,,,,
2016,9,273.0,문경,140.1,-1.3,74.0,17,16,13,3,1,,1.2,5.2,E,19,0,0,7,0,0,0,0,0,0
2016,9,277.0,영덕,322.6,166.7,88.5,3,19,16,7,3,,2.5,11.9,NNE,20,0,0,9,,0,,,,
2016,9,278.0,의성,230.5,98.8,88.5,17,18,12,4,2,,0.9,5.6,ENE,19,0,0,6,,0,,,,
2016,9,279.0,구미,238.5,92.2,117.6,17,18,14,3,2,,0.7,3.5,ENE,20,0,0,9,2,0,0,0,0,0
2016,9,281.0,영천,342.2,207.2,125.5,17,17,14,5,3,,1.2,6.4,E,19,0,0,7,,0,,,,
2016,9,284.0,거창,258.0,92.0,126.1,17,18,17,5,2,,0.9,4.9,SSW,1,0,0,7,5,0,0,0,0,0
2016,9,285.0,합천,357.1,199.1,144.0,17,17,15,8,2,,0.9,5.2,S,1,0,0,7,,0,,,,
2016,9,288.0,밀양,497.3,361.2,163.7,3,15,13,7,3,,0.8,4.8,NNE,20,0,0,8,,0,,,,
2016,9,289.0,산청,347.0,124.7,161.0,17,18,14,7,2,,0.9,4.6,E,1,0,0,7,,0,,,,
2016,9,294.0,거제,491.7,291.0,165.0,17,16,11,7,5,,1.4,5.8,ESE,3,0,0,11,,0,,,,
2016,9,295.0,남해,588.8,375.4,267.5,17,14,11,8,4,,1.2,4.1,S,1,0,0,9,,0,,,,
2016,10,90.0,속초,128.5,39.8,52.3,3,13,13,3,1,,1.7,8.1,N,29,,,4,,0,,,,
2016,10,95.0,철원,173.1,128.4,91.6,3,7,4,3,3,,1.3,6.7,NW,3,0,0,4,6,0,0,0,3,4
2016,10,98.0,동두천,154.9,103.8,70.0,3,8,5,3,3,,1.3,7.1,NW,8,0,0,4,0,0,0,0,0,0
2016,10,99.0,파주,249.9,,111.3,2,9,5,3,3,,1.3,5.5,WNW,8,0,0,4,0,0,0,0,0,0
2016,10,100.0,대관령,78.3,-46.6,21.5,5,15,10,3,0,70.7,2.4,10.4,W,8,0,0,0,14,0,0,0,1,2
2016,10,101.0,춘천,108.2,63.9,43.8,3,8,5,3,2,,1.2,5.4,ENE,20,0,0,4,5,0,0,0,0,0
2016,10,102.0,백령도,90.7,61.5,46.0,2,6,5,2,2,,3.4,13.5,SSW,25,6,9,4,5,0,0,0,0,0
2016,10,104.0,북강릉,82.2,,22.2,5,14,10,3,0,,1.3,5.4,NW,29,3,10,3,0,0,0,0,0,0
2016,10,105.0,강릉,78.1,-32.3,22.0,5,15,9,3,0,,1.9,7.5,WNW,31,0,0,3,,0,,,,
2016,10,106.0,동해,76.3,-7.2,24.8,5,16,12,3,0,,1.9,7.9,NNE,22,0,0,8,0,0,0,0,0,0
2016,10,108.0,서울,74.8,23.0,37.0,25,9,7,2,1,,2.1,6.3,NE,23,5,8,3,0,0,0,0,1,1
2016,10,112.0,인천,78.7,25.3,32.4,25,9,7,2,1,,3.1,9.7,N,8,5,10,4,1,0,0,0,0,0
2016,10,114.0,원주,81.4,31.3,36.5,25,10,8,3,1,82.3,0.9,5.9,SE,25,0,0,4,3,0,0,0,0,0
2016,10,115.0,울릉도,213.8,129.9,101.3,5,12,10,5,2,65.2,3.7,14.5,NNE,5,2,16,3,8,2,1,0,0,0
2016,10,119.0,수원,99.1,46.0,30.7,25,9,9,4,1,,1.7,6.2,NW,9,6,9,4,1,0,0,0,1,1
2016,10,121.0,영월,95.3,55.2,32.1,25,9,7,4,1,,1.0,5.8,E,23,0,0,3,15,0,0,0,0,0
2016,10,127.0,충주,102.6,45.1,26.5,25,9,9,5,0,,1.2,5.4,W,8,0,0,9,8,0,0,0,0,1
2016,10,129.0,서산,73.8,21.6,24.8,25,9,9,3,0,,1.7,7.8,WNW,8,5,10,5,1,0,0,0,1,1
2016,10,130.0,울진,96.7,32.5,40.9,5,14,10,3,1,,2.4,7.9,ENE,20,0,0,6,0,0,0,0,0,0
2016,10,131.0,청주,83.6,33.5,18.7,7,9,8,4,0,,1.5,5.5,SE,7,3,12,1,6,0,0,0,1,1
2016,10,133.0,대전,122.6,75.2,32.3,8,11,9,4,1,,1.4,6.7,ESE,4,4,12,5,5,0,0,0,1,0
2016,10,135.0,추풍령,123.8,79.9,46.7,5,11,8,5,1,83.1,2.4,8.7,W,9,0,0,5,4,0,0,0,0,0
2016,10,136.0,안동,83.8,46.9,32.9,5,7,7,3,1,,1.2,6.2,ESE,20,3,14,3,14,0,0,0,0,0
2016,10,137.0,상주,106.2,,37.1,5,11,7,5,1,,1.0,4.3,SW,30,0,0,6,8,0,0,0,0,0
2016,10,138.0,포항,257.7,214.0,155.3,5,10,9,4,2,,2.5,12.7,NE,5,3,12,5,0,0,1,0,0,0
2016,10,140.0,군산,112.3,58.1,27.1,8,10,7,5,0,,1.7,8.5,W,25,0,0,2,4,0,0,0,0,0
2016,10,143.0,대구,111.5,77.7,49.0,5,8,7,3,1,,1.7,7.7,WNW,5,2,12,5,5,0,1,0,0,0
2016,10,146.0,전주,152.3,98.8,47.5,5,10,9,4,2,,1.4,7.1,N,5,3,14,4,3,0,0,0,0,0
2016,10,152.0,울산,358.7,305.2,266.0,5,10,7,3,2,,2.0,12.6,NNW,5,1,13,5,1,0,1,0,0,0
2016,10,155.0,창원,215.8,165.6,135.4,5,9,7,3,2,,1.4,12.9,NE,5,3,12,7,0,0,0,0,0,0
2016,10,156.0,광주,216.7,169.9,65.3,5,13,11,6,3,,1.5,9.2,NE,5,2,15,4,3,0,0,0,0,0
2016,10,159.0,부산,182.4,124.0,95.0,5,9,6,3,3,,2.7,16.7,SSE,5,3,13,4,1,1,2,0,0,0
2016,10,162.0,통영,194.0,139.8,122.2,5,11,7,3,1,,2.2,14.7,NNW,5,0,0,2,0,1,0,0,0,0
2016,10,165.0,목포,203.1,156.2,48.1,5,12,10,5,3,,2.8,12.3,N,9,3,16,3,5,0,2,0,0,0
2016,10,168.0,여수,150.0,101.9,101.6,5,11,7,3,1,89.9,4.4,29.4,NE,5,3,15,5,0,1,0,0,0,0
2016,10,169.0,흑산도,128.2,82.8,23.8,16,15,13,7,0,,5.8,17.0,N,9,3,17,6,5,5,1,0,0,0
2016,10,170.0,완도,175.4,118.9,87.0,5,12,12,3,2,,2.4,14.2,NW,5,0,0,6,1,1,0,0,0,0
2016,10,172.0,고창,164.1,,47.7,16,12,11,5,2,76.8,2.4,11.5,SE,25,0,0,4,7,0,0,0,0,0
2016,10,174.0,순천,200.2,,72.2,5,11,10,4,3,,1.4,9.8,NW,5,0,0,5,7,0,0,0,0,0
2016,10,175.0,진도(첨찰산),154.3,,48.4,5,14,12,4,2,,5.2,12.5,SE,5,0,0,5,0,0,0,0,0,0
2016,10,184.0,제주,282.4,202.1,158.5,5,14,12,6,1,,2.9,29.0,NNE,5,0,19,7,1,1,0,0,0,0
2016,10,185.0,고산,122.2,76.5,21.5,22,15,13,5,0,95.0,5.7,49.0,NW,5,0,0,6,2,6,0,0,0,0
2016,10,188.0,성산,280.2,189.4,127.2,5,15,13,7,2,,3.3,19.5,ENE,5,0,0,7,0,1,0,0,0,0
2016,10,189.0,서귀포,433.6,352.0,267.7,5,13,12,8,1,,2.1,12.6,NNE,5,0,0,6,1,0,0,0,0,0
2016,10,192.0,진주,170.1,125.1,82.2,5,10,7,4,2,59.6,0.8,7.9,N,5,0,0,3,2,0,0,0,0,0
2016,10,201.0,강화,249.8,198.6,98.0,3,10,8,3,3,,1.7,7.8,SW,2,0,0,4,0,0,0,0,0,0
2016,10,202.0,양평,72.9,27.7,35.5,25,9,8,2,1,,1.2,4.9,NNW,9,0,0,4,0,0,0,0,0,0
2016,10,203.0,이천,90.8,48.7,43.1,25,10,9,2,1,,1.0,4.3,WSW,8,0,0,5,0,0,0,0,0,0
2016,10,211.0,인제,107.1,66.4,54.0,3,7,6,3,1,,1.5,5.6,S,8,0,0,4,0,0,0,0,0,0
2016,10,212.0,홍천,69.6,20.1,25.5,25,9,7,2,0,,1.0,4.6,W,8,0,0,4,0,0,0,0,0,0
2016,10,216.0,태백,82.9,31.1,31.6,5,11,10,2,1,,1.3,7.5,SW,25,0,0,7,,0,,,,
2016,10,221.0,제천,109.6,58.1,42.5,25,10,8,5,1,,1.1,5.9,ENE,23,0,0,6,8,0,0,0,0,1
2016,10,226.0,보은,135.7,90.7,32.0,8,12,9,5,2,,1.2,4.5,NW,9,0,0,5,10,0,0,0,0,1
2016,10,232.0,천안,95.9,42.8,23.0,25,10,9,5,0,,1.3,5.9,ENE,23,0,0,1,9,0,0,0,0,0
2016,10,235.0,보령,108.0,54.6,27.3,7,9,9,4,0,,1.4,6.9,S,3,0,0,6,0,0,0,0,0,0
2016,10,236.0,부여,120.1,67.0,32.0,7,11,8,5,1,,1.1,5.1,NNW,9,0,0,5,,0,,,,
2016,10,238.0,금산,157.2,108.7,44.5,5,12,10,6,2,,1.0,4.7,ENE,23,0,0,6,,0,,,,
2016,10,243.0,부안,128.7,77.3,31.5,7,12,11,4,1,,1.5,9.3,S,25,0,0,6,0,0,0,0,0,0
2016,10,244.0,임실,152.2,110.3,61.0,5,15,10,4,2,,1.2,6.9,N,5,0,0,6,,0,,,,
2016,10,245.0,정읍,150.0,95.7,54.5,5,14,11,3,1,,1.0,4.3,WSW,25,0,0,3,4,0,0,0,0,0
2016,10,247.0,남원,210.5,164.2,63.8,5,12,10,5,3,,1.7,7.3,ENE,23,0,0,5,5,0,0,0,0,0
2016,10,248.0,장수,191.2,146.7,69.0,5,14,10,6,2,,1.4,7.6,N,5,0,0,5,,0,,,,
2016,10,260.0,장흥,197.5,153.0,74.7,5,12,10,3,2,,1.6,11.6,NNE,5,0,0,5,,0,,,,
2016,10,261.0,해남,228.6,184.4,92.2,8,12,10,3,2,,2.4,14.5,N,5,0,0,3,0,1,0,0,0,0
2016,10,262.0,고흥,193.7,150.1,125.1,5,10,9,3,1,,1.0,7.6,NW,5,0,0,6,,0,,,,
2016,10,268.0,진도군,154.2,,54.5,5,14,12,3,2,,2.5,12.2,ENE,5,0,0,3,,0,,,,
2016,10,271.0,봉화,74.9,38.4,26.0,5,10,7,4,0,,1.2,5.5,NNE,5,0,0,5,,0,,,,
2016,10,272.0,영주,93.0,49.8,28.5,5,9,8,4,0,,1.7,7.6,NNW,31,0,0,4,,0,,,,
2016,10,273.0,문경,122.2,80.8,29.5,5,11,9,4,0,,1.4,6.0,WNW,31,0,0,5,,0,,,,
2016,10,277.0,영덕,136.2,83.0,70.5,5,11,8,5,1,,2.4,14.6,NNE,5,0,0,5,,1,,,,
2016,10,278.0,의성,98.5,66.8,41.0,5,12,9,2,1,,0.9,5.2,NE,5,0,0,5,,0,,,,
2016,10,279.0,구미,155.1,119.7,69.2,5,11,8,4,2,,0.8,4.0,WNW,31,0,0,6,3,0,0,0,0,0
2016,10,281.0,영천,108.7,76.9,47.0,5,9,7,3,1,,1.4,6.8,ENE,5,0,0,5,,0,,,,
2016,10,284.0,거창,160.0,115.7,68.0,5,11,7,3,2,,0.9,9.5,NNW,5,0,0,7,10,0,0,0,0,0
2016,10,285.0,합천,182.9,144.6,64.0,5,12,7,3,3,,0.8,6.7,NE,5,0,0,6,,0,,,,
2016,10,288.0,밀양,136.9,97.4,48.9,5,10,6,3,3,,0.7,10.0,N,5,0,0,5,,0,,,,
2016,10,289.0,산청,190.9,142.6,76.5,5,13,7,3,3,,1.1,8.0,W,5,0,0,3,,0,,,,
2016,10,294.0,거제,266.4,202.8,174.5,5,12,6,4,2,,1.6,9.8,WNW,5,0,0,7,,0,,,,
2016,10,295.0,남해,269.2,205.5,182.0,5,13,9,4,2,,1.2,7.3,N,5,0,0,6,,0,,,,
2016,11,90.0,속초,40.8,-38.0,17.3,6,5,5,2,0,,1.8,8.3,ENE,5,,,2,,0,,,,
2016,11,95.0,철원,15.6,-30.8,8.0,7,7,4,0,0,,1.2,6.2,NNE,6,0,0,2,5,0,0,1,18,19
2016,11,98.0,동두천,18.1,-17.7,5.9,7,9,5,0,0,,1.5,6.2,W,11,0,0,3,0,0,0,1,0,0
2016,11,99.0,파주,15.8,,3.7,14,9,5,0,0,,1.4,5.5,NNW,20,0,0,3,0,0,0,1,0,0
2016,11,100.0,대관령,13.3,-63.6,7.8,6,6,4,0,0,61.8,3.4,11.1,W,30,0,0,0,2,0,0,6,7,19
2016,11,101.0,춘천,14.9,-29.8,5.8,10,10,4,0,0,,1.0,4.2,WSW,11,0,0,3,4,0,0,2,17,17
2016,11,102.0,백령도,17.1,-10.2,6.9,10,8,5,0,0,,4.1,12.3,WNW,11,5,13,6,5,0,0,6,0,3
2016,11,104.0,북강릉,32.6,,26.4,6,4,3,1,0,,1.7,7.3,W,4,12,9,2,0,0,0,0,1,8
2016,11,105.0,강릉,33.5,-46.8,23.0,6,6,3,1,0,,2.3,7.3,NW,5,0,0,2,,0,,,,
2016,11,106.0,동해,44.3,-23.3,24.4,6,9,6,1,0,,2.2,8.5,N,15,0,0,3,0,0,0,0,0,3
2016,11,108.0,서울,16.7,-35.8,5.5,7,11,5,0,0,,2.2,6.1,WNW,22,11,11,2,0,0,1,1,5,13
2016,11,112.0,인천,18.2,-32.8,6.9,11,11,5,0,0,,3.4,8.9,N,22,9,8,2,2,0,2,1,2,9
2016,11,114.0,원주,24.3,-19.2,7.8,10,10,7,0,0,55.8,0.8,3.9,SSE,7,0,0,2,2,0,0,2,4,9
2016,11,115.0,울릉도,189.2,83.7,38.7,22,14,13,5,3,52.0,4.2,13.6,NE,22,1,14,5,2,0,0,3,0,0
2016,11,119.0,수원,17.4,-32.3,3.1,11,14,6,0,0,,1.7,5.7,ESE,6,10,5,3,1,0,0,1,6,13
2016,11,121.0,영월,19.8,-12.4,10.0,18,9,7,1,0,,0.9,5.6,W,11,0,0,3,4,0,0,2,4,14
2016,11,127.0,충주,22.9,-24.3,6.6,10,10,6,0,0,,1.2,5.5,WNW,11,0,0,4,1,0,0,1,0,0
2016,11,129.0,서산,17.5,-39.0,5.4,11,11,6,0,0,,1.8,6.6,NW,8,7,8,3,2,0,0,1,7,9
2016,11,130.0,울진,58.4,1.1,18.2,22,9,8,2,0,,2.6,7.7,NNW,15,0,0,2,0,0,0,0,0,5
2016,11,131.0,청주,26.4,-20.3,7.9,10,9,7,0,0,,1.3,5.0,ESE,6,11,7,3,0,0,0,1,8,11
2016,11,133.0,대전,29.5,-11.6,8.7,18,11,7,0,0,,1.2,6.4,E,6,9,7,3,4,0,0,1,10,11
2016,11,135.0,추풍령,30.2,-11.1,12.8,18,9,6,1,0,72.0,2.6,9.7,W,24,0,0,2,5,0,0,1,0,0
2016,11,136.0,안동,16.6,-14.0,7.4,18,5,4,0,0,,1.3,6.6,W,11,12,9,1,7,0,0,1,9,13
2016,11,137.0,상주,22.9,,11.0,18,9,5,1,0,,1.4,6.2,W,22,0,0,4,5,0,0,1,2,8
2016,11,138.0,포항,20.9,-20.2,13.2,18,8,3,1,0,,2.4,7.7,NE,6,10,7,2,0,0,0,0,0,3
2016,11,140.0,군산,31.9,-26.6,11.4,18,10,6,1,0,,1.9,7.6,WNW,7,0,0,2,4,0,0,1,0,0
2016,11,143.0,대구,11.3,-19.2,7.5,18,6,3,0,0,,1.9,7.6,WNW,22,10,5,1,0,0,0,1,10,8
2016,11,146.0,전주,37.5,-12.7,12.7,18,11,7,1,0,,1.7,6.2,WSW,5,9,7,2,2,0,0,1,6,11
2016,11,152.0,울산,47.1,6.0,21.7,18,8,6,2,0,,1.9,6.5,WNW,24,11,6,1,1,0,0,0,1,2
2016,11,155.0,창원,35.1,-17.1,23.1,18,5,4,1,0,,1.6,7.8,NNE,24,12,4,0,0,0,0,0,0,2
2016,11,156.0,광주,31.5,-17.3,7.3,18,9,8,0,0,,1.5,5.7,NNE,8,11,6,5,3,0,0,0,6,5
2016,11,159.0,부산,56.6,10.8,29.1,18,11,5,1,0,,2.8,9.0,N,24,13,6,1,0,0,0,0,0,2
2016,11,162.0,통영,61.7,21.9,33.8,18,9,6,2,1,,2.3,8.2,N,25,0,0,0,0,0,0,0,0,0
2016,11,165.0,목포,61.5,18.1,14.4,13,11,8,3,0,,3.3,13.3,N,8,7,7,5,3,0,0,1,3,2
2016,11,168.0,여수,77.7,35.9,43.3,18,8,6,2,1,88.2,4.3,12.9,NNE,20,14,5,2,1,0,0,0,0,1
2016,11,169.0,흑산도,53.0,18.0,12.5,18,11,8,3,0,,6.0,16.2,NNW,22,4,12,4,5,6,0,1,0,0
2016,11,170.0,완도,112.6,55.4,64.6,18,9,9,2,1,,2.2,8.6,SE,6,0,0,5,4,0,0,0,0,0
2016,11,172.0,고창,27.1,,7.0,10,9,7,0,0,66.4,2.7,8.6,NNW,22,0,0,4,8,0,0,1,0,0
2016,11,174.0,순천,54.0,,18.9,18,9,7,2,0,,1.8,7.0,NW,22,0,0,3,8,0,0,0,3,7
2016,11,175.0,진도(첨찰산),74.1,,25.7,18,11,7,3,0,,5.2,12.8,SSW,14,0,0,4,0,0,0,1,0,2
2016,11,184.0,제주,71.3,9.4,18.7,26,11,9,2,0,,3.2,11.6,N,8,3,15,4,0,0,2,0,0,0
2016,11,185.0,고산,50.7,-6.7,12.7,26,10,8,2,0,93.9,7.0,20.8,NNW,24,0,0,1,0,11,0,0,0,0
2016,11,188.0,성산,92.9,7.8,23.6,10,10,7,3,0,,3.1,8.7,WNW,10,0,0,2,0,0,0,0,0,0
2016,11,189.0,서귀포,44.6,-26.8,9.9,13,9,7,0,0,,1.6,7.8,SW,18,0,0,1,0,0,0,0,0,0
2016,11,192.0,진주,37.0,-8.0,25.0,18,6,5,1,0,53.4,0.9,4.8,N,24,0,0,0,5,0,0,0,0,0
2016,11,201.0,강화,11.4,-39.3,4.5,14,10,4,0,0,,1.8,7.1,N,21,0,0,2,0,0,0,1,0,0
2016,11,202.0,양평,14.0,-25.4,4.5,7,10,4,0,0,,1.4,5.7,NW,22,0,0,1,0,0,0,1,0,0
2016,11,203.0,이천,17.8,-21.0,3.9,10,11,6,0,0,,1.1,4.8,WNW,11,0,0,1,0,0,0,1,0,0
2016,11,211.0,인제,16.0,-23.5,7.0,7,9,3,0,0,,1.5,6.0,S,11,0,0,4,,0,,,,
2016,11,212.0,홍천,9.9,-31.0,3.0,10,8,4,0,0,,0.9,5.1,W,11,0,0,2,,0,,,,
2016,11,216.0,태백,10.2,-33.2,4.5,18,6,3,0,0,,1.5,6.3,SW,12,0,0,3,,0,,,,
2016,11,221.0,제천,22.1,-20.3,9.0,18,10,7,0,0,,1.2,5.5,W,2,0,0,3,1,0,0,1,0,0
2016,11,226.0,보은,33.5,-10.6,11.0,18,10,8,1,0,,1.2,5.6,WNW,24,0,0,3,10,0,0,1,0,0
2016,11,232.0,천안,33.5,-15.7,16.0,18,7,6,1,0,,1.2,6.2,E,6,0,0,0,8,0,0,1,0,0
2016,11,235.0,보령,5.6,-51.6,2.9,8,6,2,0,0,,1.7,6.5,SSW,4,0,0,3,1,0,0,0,0,0
2016,11,236.0,부여,17.1,-36.1,9.0,18,7,5,0,0,,1.1,4.9,NNW,22,0,0,3,,0,,,,
2016,11,238.0,금산,33.2,-14.3,10.5,18,10,7,1,0,,1.0,5.0,SW,5,0,0,4,,0,,,,
2016,11,243.0,부안,34.6,-19.3,10.5,18,11,7,1,0,,1.5,5.5,NW,22,0,0,5,,0,,,,
2016,11,244.0,임실,23.3,-22.9,6.0,26,11,8,0,0,,1.2,5.0,W,3,0,0,3,,0,,,,
2016,11,245.0,정읍,39.0,-18.8,9.3,18,10,8,0,0,,1.5,6.7,SSE,5,0,0,3,7,0,0,0,0,0
2016,11,247.0,남원,19.1,-23.7,5.4,26,9,4,0,0,,1.4,5.7,ENE,6,0,0,4,6,0,0,0,0,0
2016,11,248.0,장수,24.0,-20.2,6.0,26,9,7,0,0,,1.5,6.6,N,22,0,0,2,,0,,,,
2016,11,260.0,장흥,77.5,24.9,25.7,18,9,8,3,0,,1.8,8.8,NNW,22,0,0,5,,0,,,,
2016,11,261.0,해남,84.5,37.7,24.8,18,9,8,2,0,,2.1,8.9,N,9,0,0,4,,0,,,,
2016,11,262.0,고흥,107.2,60.5,57.4,18,9,6,2,2,,1.3,7.9,WNW,22,0,0,6,,0,,,,
2016,11,268.0,진도군,79.0,,28.0,18,8,7,3,0,,2.8,9.8,NNE,8,0,0,3,,0,,,,
2016,11,271.0,봉화,23.5,-11.1,15.5,18,8,4,1,0,,1.2,5.4,SSW,4,0,0,1,,0,,,,
2016,11,272.0,영주,18.9,-20.4,10.5,18,7,4,1,0,,2.5,8.4,NW,24,0,0,4,,0,,,,
2016,11,273.0,문경,26.0,-12.3,12.5,18,7,7,1,0,,1.7,6.1,WNW,15,0,0,3,0,0,0,0,0,0
2016,11,277.0,영덕,44.3,-1.3,22.5,6,11,4,1,0,,2.6,8.5,NNE,6,0,0,2,,0,,,,
2016,11,278.0,의성,12.6,-18.9,7.9,18,6,3,0,0,,1.0,6.2,NW,1,0,0,3,,0,,,,
2016,11,279.0,구미,12.0,-19.9,7.8,18,7,3,0,0,,1.0,4.2,WNW,24,0,0,5,6,0,0,1,3,5
2016,11,281.0,영천,13.8,-19.0,11.0,18,6,3,1,0,,1.6,6.0,WNW,24,0,0,3,,0,,,,
2016,11,284.0,거창,9.2,-26.7,4.1,18,5,3,0,0,,1.0,6.3,NW,1,0,0,3,13,0,0,1,0,0
2016,11,285.0,합천,15.2,-16.8,11.0,18,5,3,1,0,,0.9,4.2,NW,24,0,0,3,,0,,,,
2016,11,288.0,밀양,17.2,-21.0,12.3,18,4,3,1,0,,0.8,5.2,NNW,2,0,0,1,,0,,,,
2016,11,289.0,산청,17.5,-21.0,8.1,18,8,5,0,0,,1.6,7.5,WNW,24,0,0,4,,0,,,,
2016,11,294.0,거제,59.5,4.8,29.5,18,9,8,2,0,,1.4,6.8,NNW,24,0,0,2,,0,,,,
2016,11,295.0,남해,91.7,37.6,52.5,18,9,7,3,1,,1.1,4.1,W,22,0,0,2,0,0,0,0,0,0
2016,12,90.0,속초,121.7,83.5,36.2,27,5,5,5,2,,1.9,9.9,WNW,1,,,3,,0,,,,
2016,12,95.0,철원,69.8,48.6,39.5,22,8,6,2,1,,1.0,7.4,N,22,0,0,6,1,0,0,6,23,29
2016,12,98.0,동두천,67.7,48.1,29.5,22,11,6,2,0,,1.5,8.1,NW,1,0,0,6,0,0,0,5,0,0
2016,12,99.0,파주,62.1,,27.4,22,7,4,2,0,,1.4,6.4,WNW,1,0,0,3,0,0,0,3,0,0
2016,12,100.0,대관령,53.0,16.2,19.2,21,9,7,3,0,48.4,3.8,14.6,W,1,0,0,0,4,1,0,13,2,31
2016,12,101.0,춘천,79.1,58.2,43.9,22,10,6,2,1,,1.1,6.0,WSW,1,0,0,5,0,0,0,0,0,0
2016,12,102.0,백령도,38.2,20.8,30.2,21,5,5,1,1,,4.0,12.2,WNW,1,3,8,3,4,0,0,9,0,13
2016,12,104.0,북강릉,90.2,,31.9,14,5,5,4,1,,1.8,8.3,NW,1,9,6,4,0,0,0,2,2,20
2016,12,105.0,강릉,82.5,44.2,23.0,27,6,4,4,0,,2.8,8.0,WNW,16,0,0,1,,0,,,,
2016,12,106.0,동해,50.2,28.9,19.5,21,6,5,2,0,,2.1,8.1,W,30,0,0,4,1,0,0,3,0,12
2016,12,108.0,서울,61.1,39.6,29.0,21,10,5,2,0,,2.2,7.2,NE,21,10,8,2,1,0,0,7,6,23
2016,12,112.0,인천,67.1,47.8,33.0,21,9,5,2,1,,3.4,10.2,NNW,5,9,7,3,1,0,0,6,6,24
2016,12,114.0,원주,33.7,9.6,14.3,21,8,6,2,0,37.7,0.8,5.1,WNW,1,0,0,5,0,0,0,7,2,27
2016,12,115.0,울릉도,237.0,119.9,51.6,23,19,14,10,2,41.0,4.3,13.6,NNE,27,1,16,5,3,0,0,13,0,6
2016,12,119.0,수원,63.4,41.6,32.6,21,10,7,2,1,,1.6,6.4,NW,1,8,8,4,1,0,0,5,20,25
2016,12,121.0,영월,51.1,31.8,19.2,21,12,6,2,0,,0.9,7.1,WNW,1,0,0,5,9,0,0,8,2,25
2016,12,127.0,충주,42.4,21.3,15.9,21,11,6,2,0,,1.3,6.3,ESE,21,0,0,3,2,0,0,5,0,0
2016,12,129.0,서산,62.7,32.0,40.4,21,11,7,1,1,,2.0,8.2,S,21,6,9,2,2,0,0,3,16,23
2016,12,130.0,울진,112.6,79.2,51.0,14,7,6,3,1,,2.8,9.4,WNW,6,0,0,3,2,0,0,2,0,12
2016,12,131.0,청주,40.1,14.8,17.5,21,7,5,2,0,,1.3,5.2,NW,1,8,9,2,1,0,0,5,13,23
2016,12,133.0,대전,54.8,28.9,20.5,21,10,6,3,0,,1.3,6.6,S,22,7,9,2,0,0,1,4,18,23
2016,12,135.0,추풍령,38.9,14.7,12.4,26,10,7,2,0,59.7,3.1,10.0,W,29,0,0,2,3,0,0,4,0,0
2016,12,136.0,안동,48.2,31.6,17.3,21,8,5,3,0,,1.5,7.5,WNW,1,11,6,1,7,0,0,4,23,25
2016,12,137.0,상주,46.4,,22.0,21,8,6,2,0,,1.9,7.8,W,1,0,0,5,3,0,0,3,0,20
2016,12,138.0,포항,41.3,15.6,16.8,26,6,5,1,0,,2.6,7.5,WSW,17,13,5,2,0,0,0,1,1,13
2016,12,140.0,군산,51.4,19.3,26.7,21,10,7,1,0,,2.2,11.2,S,22,0,0,3,1,0,0,3,0,0
2016,12,143.0,대구,41.0,25.7,18.5,21,5,4,2,0,,2.1,8.8,WNW,23,12,7,4,2,0,0,1,5,19
2016,12,146.0,전주,46.8,15.7,13.8,22,9,7,3,0,,1.8,8.1,WSW,22,8,5,3,0,0,2,2,17,22
2016,12,152.0,울산,88.1,65.1,37.6,22,6,5,3,1,,2.1,8.1,WNW,27,13,5,2,2,0,0,0,2,12
2016,12,155.0,창원,136.8,114.8,61.7,22,6,5,3,2,,1.8,8.6,SSE,22,14,6,3,3,0,0,0,3,12
2016,12,156.0,광주,44.9,11.4,11.6,26,11,6,2,0,,1.5,8.0,WSW,22,5,9,3,1,0,1,4,13,19
2016,12,159.0,부산,103.8,81.0,39.6,22,6,6,4,1,,3.1,16.5,SW,22,15,5,2,0,1,0,0,0,8
2016,12,162.0,통영,118.1,97.0,39.6,21,6,5,4,2,,2.6,15.2,NNE,22,0,0,2,1,1,0,0,0,0
2016,12,165.0,목포,45.9,16.6,13.4,21,10,5,3,0,,4.0,14.0,N,27,4,10,3,3,1,1,5,10,14
2016,12,168.0,여수,89.3,70.7,51.0,21,6,4,3,1,67.8,4.7,15.0,NNW,27,14,6,4,0,5,1,1,1,13
2016,12,169.0,흑산도,47.5,23.6,31.5,21,6,3,1,1,,6.5,17.3,NNW,27,1,13,3,3,9,1,5,0,0
2016,12,170.0,완도,81.9,54.5,32.6,19,8,5,3,1,,2.6,10.9,SSW,21,0,0,4,2,0,0,3,1,7
2016,12,172.0,고창,36.5,,11.5,21,11,5,2,0,45.9,3.1,11.5,NNW,27,0,0,6,3,0,0,3,0,0
2016,12,174.0,순천,67.5,,22.0,21,7,4,3,0,,2.3,8.1,NNW,6,0,0,3,7,0,0,1,7,20
2016,12,175.0,진도(첨찰산),57.8,,22.2,26,10,5,2,0,,5.4,12.4,SE,21,0,0,4,0,0,0,3,4,17
2016,12,184.0,제주,56.6,8.9,25.2,26,10,6,2,0,,3.5,10.9,NNW,27,3,14,6,0,0,0,4,0,0
2016,12,185.0,고산,77.7,46.0,29.6,26,7,4,3,0,92.0,8.7,23.1,NNW,27,0,0,4,0,15,0,1,0,0
2016,12,188.0,성산,144.0,72.0,76.8,19,11,7,3,1,,3.3,11.8,WNW,14,0,0,1,0,0,0,1,0,0
2016,12,189.0,서귀포,71.5,26.4,34.8,26,7,4,3,1,,1.7,8.1,SW,22,0,0,3,0,0,0,3,0,0
2016,12,192.0,진주,84.0,64.8,45.7,21,5,5,4,1,46.6,0.9,8.4,WSW,22,0,0,1,3,0,0,0,0,0
2016,12,201.0,강화,61.8,43.0,25.5,21,7,3,3,0,,1.8,7.0,NE,21,0,0,3,0,0,0,4,0,0
2016,12,202.0,양평,57.0,38.7,30.0,21,11,5,2,1,,1.4,7.6,NW,1,0,0,4,0,0,0,5,0,0
2016,12,203.0,이천,59.1,42.8,34.1,21,12,5,2,1,,1.2,5.7,SW,22,0,0,4,0,0,0,5,0,0
2016,12,211.0,인제,57.6,37.9,30.5,22,8,4,2,1,,1.5,5.8,SSE,1,0,0,5,,0,,,,
2016,12,212.0,홍천,54.8,35.7,23.0,22,10,6,2,0,,0.8,5.6,WNW,1,0,0,3,,0,,,,
2016,12,216.0,태백,62.4,43.2,30.3,21,9,5,2,1,,1.5,6.4,NNW,30,0,0,3,,0,,,,
2016,12,221.0,제천,59.1,36.1,24.0,21,11,7,2,0,,1.3,6.5,W,1,0,0,6,2,0,0,7,0,0
2016,12,226.0,보은,43.6,17.2,15.0,21,9,6,3,0,,1.4,6.6,WNW,1,0,0,4,3,0,0,3,0,0
2016,12,232.0,천안,44.3,17.5,21.3,21,11,7,2,0,,1.2,6.1,WSW,23,0,0,0,4,0,0,3,0,0
2016,12,235.0,보령,44.5,13.2,26.4,21,9,6,1,0,,1.5,11.2,SSW,22,0,0,3,1,0,0,2,0,0
2016,12,236.0,부여,63.1,35.7,32.5,21,11,7,2,1,,1.2,7.8,SW,22,0,0,4,,0,,,,
2016,12,238.0,금산,49.6,21.4,15.5,22,11,7,3,0,,1.1,6.4,SW,22,0,0,3,,0,,,,
2016,12,243.0,부안,56.9,19.2,19.5,21,12,7,1,0,,1.6,7.2,S,21,0,0,4,,0,,,,
2016,12,244.0,임실,53.1,23.8,17.5,22,10,7,3,0,,1.2,6.6,SW,22,0,0,6,,0,,,,
2016,12,245.0,정읍,48.0,6.4,13.3,26,14,6,2,0,,1.6,12.3,WSW,22,0,0,5,2,0,0,4,0,0
2016,12,247.0,남원,46.7,21.3,12.5,26,11,6,3,0,,1.5,7.1,WSW,22,0,0,5,3,0,0,2,0,0
2016,12,248.0,장수,56.6,22.4,17.5,22,10,6,3,0,,1.6,8.9,SSW,22,0,0,4,,0,,,,
2016,12,260.0,장흥,53.7,27.5,18.9,26,9,5,3,0,,2.1,9.2,NNW,27,0,0,3,,0,,,,
2016,12,261.0,해남,57.7,29.6,21.5,26,9,6,3,0,,2.1,9.8,SW,22,0,0,4,,0,,,,
2016,12,262.0,고흥,109.8,90.5,64.5,21,7,4,3,1,,1.6,8.4,NW,23,0,0,4,,0,,,,
2016,12,268.0,진도군,60.4,,21.0,26,8,4,3,0,,3.0,9.7,SW,21,0,0,3,,0,,,,
2016,12,271.0,봉화,52.8,34.2,20.9,21,9,5,2,0,,1.4,7.6,NW,1,0,0,0,0,0,0,0,0,0
2016,12,272.0,영주,75.3,57.0,43.0,21,8,5,2,1,,3.0,9.6,NW,5,0,0,3,,0,,,,
2016,12,273.0,문경,63.6,43.6,32.5,21,9,7,3,1,,2.0,7.5,WNW,27,0,0,5,0,0,0,0,0,0
2016,12,277.0,영덕,42.8,18.6,17.5,26,6,5,2,0,,3.1,10.8,WSW,23,0,0,3,0,0,0,0,0,0
2016,12,278.0,의성,32.0,16.8,13.5,26,7,5,2,0,,1.2,6.6,NW,27,0,0,3,,0,,,,
2016,12,279.0,구미,19.4,2.6,12.5,26,7,4,1,0,,1.3,6.0,WNW,22,0,0,4,2,0,0,2,0,20
2016,12,281.0,영천,35.6,20.4,16.5,26,6,4,2,0,,2.0,8.0,WNW,29,0,0,3,,0,,,,
2016,12,284.0,거창,37.8,18.6,18.2,21,6,5,1,0,,1.3,8.3,W,22,0,0,4,7,0,0,0,0,0
2016,12,285.0,합천,70.8,55.6,38.5,21,5,4,3,1,,1.0,5.2,WSW,22,0,0,2,,0,,,,
2016,12,288.0,밀양,90.7,74.3,41.2,22,6,5,3,1,,1.0,6.4,WNW,22,0,0,3,,0,,,,
2016,12,289.0,산청,73.9,54.6,41.0,21,7,4,3,1,,2.0,8.8,WNW,6,0,0,4,,0,,,,
2016,12,294.0,거제,148.5,118.8,66.5,22,6,6,4,2,,1.6,8.0,SE,22,0,0,3,,0,,,,
2016,12,295.0,남해,145.5,122.1,84.5,21,6,5,4,1,,1.2,5.5,SSW,22,0,0,3,,0,,,,
2017,1,90.0,속초,82.4,38.1,29.3,20,6,5,4,0,,1.9,8.6,WNW,12,,,4,,0,,,,
2017,1,93.0,북춘천,15.9,,7.1,27,6,4,0,0,44.7,1.1,7.7,W,12,14,4,1,3,0,0,9,30,31
2017,1,95.0,철원,14.5,-6.1,6.6,27,5,3,0,0,,1.2,6.8,SSW,27,0,0,1,,0,,,,
2017,1,98.0,동두천,15.5,-5.3,5.2,29,8,5,0,0,,1.7,7.6,WSW,27,0,0,1,,0,,,,
2017,1,99.0,파주,12.8,,5.5,29,6,5,0,0,,1.5,7.9,WNW,10,0,0,1,,0,,,,
2017,1,100.0,대관령,22.3,-40.3,10.1,20,8,5,1,0,49.7,4.1,14.8,W,12,0,0,0,0,1,0,0,0,0
2017,1,101.0,춘천,15.1,-5.2,7.5,29,9,2,0,0,,1.3,6.9,W,13,0,0,1,,0,,,,
2017,1,102.0,백령도,16.5,4.9,7.1,19,6,4,0,0,,3.8,16.5,W,26,9,10,3,1,2,0,13,0,22
2017,1,104.0,북강릉,60.7,,32.2,20,7,5,3,1,,2.2,10.0,W,26,16,4,4,0,0,1,3,1,24
2017,1,105.0,강릉,48.5,-6.6,24.0,20,6,5,2,0,,3.0,8.6,WNW,18,0,0,0,,0,,,,
2017,1,106.0,동해,34.9,-16.1,25.4,5,6,5,1,0,,2.6,11.1,SW,27,0,0,2,,0,,,,
2017,1,108.0,서울,14.9,-5.9,4.5,29,8,4,0,0,,2.3,7.0,WNW,14,13,4,2,0,0,0,8,10,26
2017,1,112.0,인천,20.6,0.0,7.0,29,9,4,0,0,,3.4,10.0,WNW,27,11,2,2,1,0,0,9,7,26
2017,1,114.0,원주,16.2,-5.8,8.2,29,5,4,0,0,41.0,0.8,5.0,WSW,12,0,0,1,,0,,,,
2017,1,115.0,울릉도,121.3,5.1,37.5,23,19,12,4,1,60.4,4.2,17.5,NNE,20,0,14,0,0,2,1,18,0,14
2017,1,119.0,수원,19.4,-3.0,7.0,29,9,5,0,0,,1.7,6.8,WNW,22,13,2,2,1,0,0,9,15,28
2017,1,121.0,영월,14.7,-6.6,6.7,29,10,4,0,0,,1.1,6.8,WNW,11,0,0,1,0,0,0,0,0,0
2017,1,127.0,충주,18.0,-3.2,7.9,29,8,6,0,0,,1.4,5.6,WNW,14,0,0,2,1,0,0,0,0,0
2017,1,129.0,서산,21.3,-6.9,7.0,20,10,6,0,0,,2.0,9.0,SSW,27,7,5,2,2,0,0,11,19,28
2017,1,130.0,울진,60.4,13.7,35.2,5,7,5,2,1,,2.9,11.1,WNW,20,0,0,3,,0,,,,
2017,1,131.0,청주,12.0,-13.5,6.2,29,7,3,0,0,,1.4,4.9,WNW,14,7,4,1,1,0,0,8,17,25
2017,1,133.0,대전,15.0,-14.6,5.7,29,7,5,0,0,,1.5,7.9,S,26,7,4,2,1,0,0,10,18,27
2017,1,135.0,추풍령,20.4,-4.1,4.5,29,10,9,0,0,63.8,3.5,9.4,W,20,0,0,0,0,0,0,0,0,0
2017,1,136.0,안동,3.8,-16.3,2.1,29,5,1,0,0,,1.8,7.1,WNW,13,13,4,0,3,0,0,7,23,30
2017,1,137.0,상주,10.2,,3.6,20,7,2,0,0,,2.3,7.7,W,13,0,0,0,,0,,,,
2017,1,138.0,포항,7.4,-29.1,3.3,5,4,3,0,0,,2.9,8.2,WSW,12,15,3,3,0,0,0,3,3,20
2017,1,140.0,군산,16.9,-15.6,6.1,29,7,6,0,0,,2.2,12.5,WNW,20,0,0,2,0,0,0,0,0,0
2017,1,143.0,대구,2.5,-18.1,1.5,22,4,1,0,0,,2.5,9.9,WNW,20,18,2,2,0,0,0,4,11,26
2017,1,146.0,전주,13.4,-19.3,7.5,29,6,5,0,0,,1.8,8.6,SW,27,5,3,2,2,0,0,8,22,25
2017,1,152.0,울산,15.3,-19.0,11.2,5,4,3,1,0,,2.5,8.3,WNW,14,19,3,3,0,0,0,3,2,23
2017,1,155.0,창원,7.2,-29.7,4.1,29,3,2,0,0,,1.8,6.2,WNW,14,15,2,1,0,0,0,3,6,21
2017,1,156.0,광주,11.7,-25.4,4.6,29,11,4,0,0,,1.6,5.4,NNE,30,7,7,2,0,0,0,9,12,24
2017,1,159.0,부산,12.0,-22.4,5.9,29,4,2,0,0,,3.3,11.6,W,27,19,3,1,0,0,0,2,1,20
2017,1,162.0,통영,16.2,-13.6,11.0,29,4,2,1,0,,2.7,8.6,NNE,20,0,0,1,0,0,0,0,0,0
2017,1,165.0,목포,13.9,-19.3,4.0,20,14,5,0,0,,3.8,14.2,NW,20,4,10,2,0,1,0,8,9,21
2017,1,168.0,여수,11.5,-13.6,6.3,29,5,3,0,0,96.3,5.0,15.2,NNW,20,15,4,1,0,2,0,4,2,21
2017,1,169.0,흑산도,8.1,-14.0,2.0,6,10,4,0,0,,6.2,16.2,NNW,30,2,14,2,1,6,0,7,1,11
2017,1,170.0,완도,9.7,-24.5,4.9,8,6,3,0,0,,2.7,12.6,NW,20,0,0,2,,0,,,,
2017,1,172.0,고창,20.7,,7.9,23,9,5,0,0,39.3,2.8,13.0,NW,20,0,0,2,0,0,0,0,0,0
2017,1,174.0,순천,12.5,,5.9,29,7,3,0,0,,2.5,9.1,NNW,30,0,0,1,,0,,,,
2017,1,175.0,진도(첨찰산),16.4,,4.5,8,12,9,0,0,,5.4,13.9,NNE,20,0,0,2,,1,,,,
2017,1,184.0,제주,50.7,-14.5,17.2,8,9,6,2,0,,3.7,13.1,NNW,20,2,19,6,0,0,0,5,0,2
2017,1,185.0,고산,19.6,-24.3,8.1,7,7,3,0,0,88.1,8.9,27.2,NW,20,0,0,1,,14,,,,
2017,1,188.0,성산,55.6,-27.6,14.4,8,11,6,3,0,,3.5,12.4,WNW,20,0,0,1,,0,,,,
2017,1,189.0,서귀포,49.0,-12.0,17.4,29,7,6,2,0,,1.8,6.7,S,14,0,0,2,,0,,,,
2017,1,192.0,진주,8.1,-24.8,4.6,29,3,2,0,0,54.0,1.2,6.2,N,30,0,0,0,0,0,0,0,0,0
2017,1,201.0,강화,8.7,-9.0,3.0,29,7,4,0,0,,1.8,9.8,SW,26,0,0,2,0,0,0,0,0,0
2017,1,202.0,양평,11.3,-6.9,6.0,29,6,3,0,0,,1.5,6.4,NW,12,0,0,2,,0,,,,
2017,1,203.0,이천,8.7,-13.8,8.4,29,3,1,0,0,,1.3,5.4,WNW,22,0,0,2,,0,,,,
2017,1,211.0,인제,11.4,-6.1,5.5,29,8,2,0,0,,1.7,6.4,S,27,0,0,2,,0,,,,
2017,1,212.0,홍천,10.5,-9.9,5.5,29,6,3,0,0,,0.9,5.8,W,12,0,0,1,,0,,,,
2017,1,216.0,태백,6.7,-25.9,2.9,27,4,2,0,0,,1.5,6.8,SW,27,0,0,2,,0,,,,
2017,1,221.0,제천,10.2,-14.5,4.0,29,7,3,0,0,,1.6,6.3,WSW,22,0,0,1,0,0,0,0,0,0
2017,1,226.0,보은,16.4,-10.9,6.5,20,8,5,0,0,,1.4,7.4,NW,14,0,0,1,2,0,0,0,0,0
2017,1,232.0,천안,13.9,-9.5,4.1,29,8,4,0,0,,1.3,6.3,WSW,27,0,0,1,,0,,,,
2017,1,235.0,보령,14.8,-13.3,5.8,29,7,5,0,0,,1.4,8.4,SSW,27,0,0,2,,0,,,,
2017,1,236.0,부여,16.0,-12.8,5.5,29,6,4,0,0,,1.2,6.4,WNW,20,0,0,2,,0,,,,
2017,1,238.0,금산,13.6,-15.8,6.5,29,7,3,0,0,,1.2,5.8,W,20,0,0,1,,0,,,,
2017,1,243.0,부안,18.7,-15.6,4.5,29,14,6,0,0,,1.6,8.4,WNW,20,0,0,2,,0,,,,
2017,1,244.0,임실,8.6,-28.7,3.0,9,8,4,0,0,,1.3,6.0,WNW,27,0,0,2,,0,,,,
2017,1,245.0,정읍,25.9,-14.3,7.6,22,12,7,0,0,,1.4,7.8,NNW,13,0,0,1,0,0,0,0,0,0
2017,1,247.0,남원,14.1,-17.1,5.7,20,12,4,0,0,,1.7,5.9,W,30,0,0,2,0,0,0,0,0,0
2017,1,248.0,장수,10.6,-23.1,3.5,29,8,5,0,0,,1.7,7.7,SW,27,0,0,1,,0,,,,
2017,1,260.0,장흥,11.6,-18.0,4.1,8,8,3,0,0,,2.3,10.1,NNW,14,0,0,2,,0,,,,
2017,1,261.0,해남,8.8,-23.7,4.4,8,6,4,0,0,,2.2,9.5,WNW,13,0,0,1,,0,,,,
2017,1,262.0,고흥,13.2,-14.5,5.1,29,6,4,0,0,,1.9,8.6,NW,14,0,0,2,,0,,,,
2017,1,268.0,진도군,16.4,,5.5,20,14,6,0,0,,3.1,8.9,NE,14,0,0,2,,0,,,,
2017,1,271.0,봉화,4.9,-16.2,2.0,29,6,2,0,0,,1.6,8.0,N,14,0,0,1,,0,,,,
2017,1,272.0,영주,3.2,-16.6,1.0,29,6,1,0,0,,3.8,11.1,NW,27,0,0,1,,0,,,,
2017,1,273.0,문경,6.4,-16.4,2.5,29,6,3,0,0,,2.5,8.5,WNW,20,0,0,0,,0,,,,
2017,1,277.0,영덕,21.5,-15.9,17.5,5,4,2,1,0,,3.4,9.7,WNW,20,0,0,3,,0,,,,
2017,1,278.0,의성,2.1,-15.9,1.0,29,5,1,0,0,,1.4,7.3,WNW,22,0,0,0,,0,,,,
2017,1,279.0,구미,4.7,-15.5,1.9,20,6,2,0,0,,1.3,6.2,WNW,20,0,0,1,,0,,,,
2017,1,281.0,영천,2.8,-19.8,1.0,20,7,1,0,0,,2.3,8.5,WNW,22,0,0,2,,0,,,,
2017,1,284.0,거창,0.7,-27.2,0.5,29,3,0,0,0,,1.6,7.2,W,30,0,0,1,,0,,,,
2017,1,285.0,합천,1.1,-20.8,0.5,29,3,0,0,0,,1.2,6.9,NNW,20,0,0,1,,0,,,,
2017,1,288.0,밀양,3.2,-19.1,2.0,29,3,1,0,0,,1.1,7.4,NNW,14,0,0,1,,0,,,,
2017,1,289.0,산청,5.1,-23.3,3.5,8,6,1,0,0,,2.3,9.2,W,20,0,0,0,,0,,,,
2017,1,294.0,거제,15.4,-25.6,8.5,29,4,3,0,0,,1.8,6.8,WNW,20,0,0,1,,0,,,,
2017,1,295.0,남해,14.7,-18.2,7.0,29,6,3,0,0,,1.3,5.2,WNW,20,0,0,1,,0,,,,
2017,2,90.0,속초,3.2,-43.7,3.2,22,1,1,0,0,,2.0,11.4,N,20,,,0,,0,,,,
2017,2,93.0,북춘천,11.0,,3.5,22,4,4,0,0,60.2,1.2,6.5,W,24,15,3,2,1,0,0,5,27,28
2017,2,95.0,철원,9.8,-16.6,3.7,17,5,3,0,0,,1.3,6.3,SSW,19,0,0,3,0,0,0,0,0,0
2017,2,98.0,동두천,15.1,-7.6,4.8,17,6,5,0,0,,1.9,7.8,W,25,0,0,2,,0,,,,
2017,2,99.0,파주,16.5,,4.5,19,6,5,0,0,,1.5,6.2,WNW,23,0,0,1,,0,,,,
2017,2,100.0,대관령,7.2,-46.4,4.4,22,2,2,0,0,64.4,4.1,12.8,W,16,0,0,0,,0,,,,
2017,2,101.0,춘천,13.0,-10.8,4.2,17,5,4,0,0,,1.3,6.5,NNW,20,0,0,2,,0,,,,
2017,2,102.0,백령도,12.2,-1.3,8.7,22,3,3,0,0,,3.8,10.6,WNW,5,13,6,4,2,0,0,8,2,19
2017,2,104.0,북강릉,2.6,,2.6,22,1,1,0,0,,2.2,9.2,WNW,2,16,2,1,0,0,0,2,4,23
2017,2,105.0,강릉,3.5,-46.1,3.5,22,1,1,0,0,,3.1,9.7,NW,16,0,0,0,,0,,,,
2017,2,106.0,동해,5.7,-30.6,5.5,22,2,1,0,0,,2.7,10.6,WNW,1,0,0,1,,0,,,,
2017,2,108.0,서울,11.1,-13.9,5.1,22,5,3,0,0,,2.4,7.8,WNW,20,17,1,2,2,0,0,3,19,28
2017,2,112.0,인천,16.2,-4.6,5.4,22,6,4,0,0,,3.8,10.1,NNW,23,16,2,1,6,0,0,4,12,27
2017,2,114.0,원주,17.5,-8.8,9.1,22,5,3,0,0,53.4,1.1,4.8,WNW,20,0,0,2,,0,,,,
2017,2,115.0,울릉도,237.5,159.4,64.7,10,19,15,8,2,52.5,3.9,13.7,NNE,9,2,15,4,4,0,1,19,0,12
2017,2,119.0,수원,22.5,-1.7,9.1,22,7,6,0,0,,2.0,6.4,NW,20,16,1,2,1,0,0,5,22,28
2017,2,121.0,영월,28.9,3.6,12.9,22,6,4,2,0,,1.3,6.3,W,18,0,0,1,,0,,,,
2017,2,127.0,충주,36.2,13.0,17.3,22,6,4,2,0,,1.6,6.5,W,20,0,0,1,,0,,,,
2017,2,129.0,서산,31.4,4.8,16.0,22,7,5,1,0,,2.3,8.2,NW,20,12,3,3,2,0,0,3,18,26
2017,2,130.0,울진,19.1,-22.2,14.6,22,4,3,1,0,,2.9,11.4,NW,20,0,0,1,,0,,,,
2017,2,131.0,청주,38.7,9.3,16.7,22,6,6,1,0,,1.5,5.4,W,23,11,2,2,0,0,2,4,10,25
2017,2,133.0,대전,42.0,7.8,17.5,22,10,5,2,0,,1.6,6.9,NW,9,11,2,2,1,0,1,6,18,25
2017,2,135.0,추풍령,45.0,10.5,18.0,22,10,7,2,0,85.0,3.7,10.1,W,20,0,0,1,,0,,,,
2017,2,136.0,안동,25.2,-1.7,12.4,22,5,3,1,0,,2.1,7.6,NW,20,13,2,0,2,0,0,2,17,27
2017,2,137.0,상주,33.5,,18.6,22,7,5,1,0,,2.5,8.1,W,6,0,0,1,,0,,,,
2017,2,138.0,포항,27.8,-13.0,20.5,22,7,5,1,0,,2.9,8.2,WSW,6,13,2,1,0,0,0,0,1,19
2017,2,140.0,군산,36.8,4.1,17.2,22,7,4,2,0,,2.6,9.9,WNW,5,0,0,2,,0,,,,
2017,2,143.0,대구,25.7,-2.5,19.5,22,4,2,1,0,,2.8,9.4,WNW,20,13,2,1,0,0,0,1,1,24
2017,2,146.0,전주,52.6,12.6,21.9,22,6,6,2,0,,2.1,8.0,W,23,11,4,2,1,0,2,5,17,25
2017,2,152.0,울산,23.6,-19.0,18.2,22,7,3,1,0,,2.8,9.0,SSW,16,13,3,1,1,0,1,0,2,24
2017,2,155.0,창원,42.5,-2.8,30.0,22,6,4,1,1,,1.9,6.3,NE,20,11,3,1,0,0,0,0,3,20
2017,2,156.0,광주,41.9,-6.0,19.7,22,10,6,1,0,,1.6,7.8,SW,19,9,6,2,0,0,0,5,11,24
2017,2,159.0,부산,33.8,-16.4,23.2,22,7,5,1,0,,3.5,12.5,WSW,19,13,2,1,0,0,0,0,0,15
2017,2,162.0,통영,43.0,2.2,32.7,22,6,3,1,1,,2.8,10.4,SSW,20,0,0,1,,0,,,,
2017,2,165.0,목포,32.3,-10.1,13.8,22,10,6,1,0,,4.6,15.4,N,20,8,8,2,2,1,0,5,10,20
2017,2,168.0,여수,45.1,3.8,32.9,22,6,4,1,1,109.9,5.2,15.6,NNW,18,14,3,2,0,4,0,3,2,17
2017,2,169.0,흑산도,26.8,-6.4,20.0,22,9,3,1,0,,7.0,19.2,NNW,20,6,8,2,3,10,0,5,2,7
2017,2,170.0,완도,36.8,-16.0,18.9,22,8,6,1,0,,3.2,10.6,NW,5,0,0,2,,0,,,,
2017,2,172.0,고창,38.5,,15.7,22,11,7,1,0,50.7,3.3,12.3,NW,9,0,0,1,,0,,,,
2017,2,174.0,순천,39.3,,24.0,22,6,5,1,0,,2.7,9.8,NNW,20,0,0,2,0,0,0,0,0,0
2017,2,175.0,진도(첨찰산),32.8,,14.5,22,9,8,1,0,,6.0,14.0,NNW,17,0,0,2,,1,,,,
2017,2,184.0,제주,39.1,-23.5,26.5,22,8,5,1,0,,3.9,13.8,SSW,19,5,9,5,0,0,0,4,2,3
2017,2,185.0,고산,39.6,-7.3,27.1,22,9,4,1,0,93.1,10.0,23.4,NNW,11,0,0,3,,15,,,,
2017,2,188.0,성산,86.9,17.2,54.3,22,11,8,2,1,,3.8,10.7,SSW,19,0,0,3,,0,,,,
2017,2,189.0,서귀포,81.8,4.7,57.2,22,9,6,2,1,,1.9,6.3,S,20,0,0,3,,0,,,,
2017,2,192.0,진주,37.8,-5.2,30.1,22,6,4,1,1,69.4,1.3,6.6,N,20,0,0,0,,0,,,,
2017,2,201.0,강화,13.0,-6.2,6.5,19,5,3,0,0,,2.2,6.8,N,22,0,0,1,0,0,0,0,0,0
2017,2,202.0,양평,12.3,-14.6,5.5,22,5,4,0,0,,1.8,6.4,NW,20,0,0,2,,0,,,,
2017,2,203.0,이천,20.9,-3.0,11.2,22,6,4,1,0,,1.6,5.9,WSW,16,0,0,2,,0,,,,
2017,2,211.0,인제,11.0,-9.7,5.5,17,5,4,0,0,,1.6,6.3,S,19,0,0,2,,0,,,,
2017,2,212.0,홍천,7.8,-17.9,3.0,22,5,2,0,0,,1.1,5.0,WNW,24,0,0,1,,0,,,,
2017,2,216.0,태백,12.7,-23.1,4.6,20,3,3,0,0,,1.7,8.2,SW,19,0,0,1,,0,,,,
2017,2,221.0,제천,29.5,0.1,12.0,22,5,4,2,0,,1.8,7.1,SW,16,0,0,1,,0,,,,
2017,2,226.0,보은,47.0,14.6,18.5,20,8,5,2,0,,1.7,7.5,NW,9,0,0,2,,0,,,,
2017,2,232.0,천안,32.2,5.8,13.9,22,5,5,1,0,,1.6,6.1,WSW,20,0,0,0,,0,,,,
2017,2,235.0,보령,30.2,1.7,11.4,20,6,5,2,0,,1.5,8.2,S,19,0,0,2,,0,,,,
2017,2,236.0,부여,28.5,-5.6,17.5,22,6,4,1,0,,1.4,6.5,NW,20,0,0,2,,0,,,,
2017,2,238.0,금산,54.6,16.8,21.5,20,7,6,2,0,,1.5,5.6,WNW,9,0,0,2,0,0,0,0,0,0
2017,2,243.0,부안,37.8,-0.6,15.0,22,10,8,2,0,,1.9,8.0,S,19,0,0,3,,0,,,,
2017,2,244.0,임실,39.4,-4.3,17.5,22,8,6,2,0,,1.6,6.3,W,11,0,0,2,,0,,,,
2017,2,245.0,정읍,54.5,13.2,24.7,22,10,8,2,0,,1.8,9.3,SW,20,0,0,3,,0,,,,
2017,2,247.0,남원,52.3,11.3,29.0,22,12,4,2,0,,1.8,6.9,SSW,19,0,0,2,,0,,,,
2017,2,248.0,장수,73.0,26.1,31.0,22,8,6,2,1,,2.2,7.7,WSW,10,0,0,1,,0,,,,
2017,2,260.0,장흥,33.3,-11.7,20.1,22,8,4,1,0,,2.8,9.8,NNW,6,0,0,2,,0,,,,
2017,2,261.0,해남,23.7,-22.6,11.9,22,9,4,1,0,,2.4,9.6,WNW,9,0,0,3,,0,,,,
2017,2,262.0,고흥,38.8,-10.1,27.7,22,5,3,1,0,,2.3,9.0,WNW,11,0,0,1,,0,,,,
2017,2,268.0,진도군,27.3,,14.5,22,10,5,1,0,,3.4,10.8,NNE,20,0,0,2,,0,,,,
2017,2,271.0,봉화,23.5,-4.9,11.5,22,5,4,1,0,,1.8,9.7,NW,2,0,0,1,,0,,,,
2017,2,272.0,영주,29.2,0.4,12.0,22,5,4,1,0,,3.9,10.4,WNW,20,0,0,1,,0,,,,
2017,2,273.0,문경,44.1,14.9,18.5,22,7,6,2,0,,2.7,7.9,WNW,9,0,0,1,,0,,,,
2017,2,277.0,영덕,16.0,-21.4,15.0,22,2,2,1,0,,3.5,12.0,NW,20,0,0,1,,0,,,,
2017,2,278.0,의성,23.5,-1.3,13.0,22,6,5,1,0,,1.7,7.0,W,20,0,0,1,,0,,,,
2017,2,279.0,구미,30.8,2.6,18.4,22,6,3,1,0,,1.7,6.1,WNW,10,0,0,1,,0,,,,
2017,2,281.0,영천,28.5,1.2,20.0,22,9,3,1,0,,2.6,8.9,WNW,20,0,0,1,,0,,,,
2017,2,284.0,거창,36.8,-0.7,24.9,22,8,4,1,0,,1.7,8.5,N,20,0,0,1,,0,,,,
2017,2,285.0,합천,21.1,-13.6,16.5,22,7,3,1,0,,1.4,7.5,NNW,20,0,0,1,,0,,,,
2017,2,288.0,밀양,30.5,-3.5,19.8,22,5,5,1,0,,1.4,7.1,NW,20,0,0,1,,0,,,,
2017,2,289.0,산청,41.1,-2.8,31.5,22,6,3,1,1,,2.8,8.2,WNW,20,0,0,1,,0,,,,
2017,2,294.0,거제,44.3,-15.6,31.0,22,6,4,1,1,,2.1,7.7,NW,20,0,0,2,,0,,,,
2017,2,295.0,남해,56.0,-4.8,41.0,22,7,4,1,1,,1.5,5.0,WNW,20,0,0,1,,0,,,,
2017,3,90.0,속초,48.7,-8.2,11.8,31,11,8,1,0,,1.9,8.1,N,6,,,3,,0,,,,
2017,3,93.0,북춘천,17.9,,11.5,31,6,4,1,0,97.9,1.3,7.0,N,6,10,8,3,3,0,0,1,20,26
2017,3,95.0,철원,21.5,-18.7,9.2,31,9,4,0,0,,1.3,6.8,NW,6,0,0,1,,0,,,,
2017,3,98.0,동두천,15.1,-23.7,11.2,31,6,2,1,0,,1.8,8.6,NW,6,0,0,1,,0,,,,
2017,3,99.0,파주,9.0,,4.6,1,5,2,0,0,,1.4,7.0,WNW,6,0,0,2,,0,,,,
2017,3,100.0,대관령,17.8,-57.8,6.9,31,9,5,0,0,86.2,3.0,12.8,W,9,0,0,0,,0,,,,
2017,3,101.0,춘천,15.9,-25.8,10.2,31,7,3,1,0,,1.4,6.6,N,14,0,0,2,,0,,,,
2017,3,102.0,백령도,8.8,-14.4,6.6,1,3,2,0,0,,3.9,10.5,SW,1,10,6,4,8,0,0,3,1,4
2017,3,104.0,북강릉,42.4,,17.9,2,7,5,1,0,,1.8,7.9,WNW,8,10,7,2,0,0,2,2,2,13
2017,3,105.0,강릉,48.5,-20.4,16.0,2,8,7,2,0,,2.4,7.1,WNW,9,0,0,1,,0,,,,
2017,3,106.0,동해,40.8,-17.8,12.6,21,6,6,2,0,,2.4,11.2,N,6,0,0,1,,0,,,,
2017,3,108.0,서울,7.9,-39.3,5.0,1,5,2,0,0,,2.4,8.5,NW,27,11,4,1,0,0,0,2,7,12
2017,3,112.0,인천,9.7,-30.8,8.1,1,4,1,0,0,,3.1,10.4,NNW,6,13,5,1,3,0,0,0,9,8
2017,3,114.0,원주,22.7,-28.9,5.6,31,7,7,0,0,102.2,1.1,5.3,SW,9,0,0,2,,0,,,,
2017,3,115.0,울릉도,70.1,-2.1,16.1,2,13,9,3,0,88.1,3.8,14.3,NE,15,2,10,0,0,1,2,8,0,3
2017,3,119.0,수원,9.0,-38.9,6.2,1,4,3,0,0,,1.9,6.8,W,9,11,6,1,0,0,0,1,19,22
2017,3,121.0,영월,24.1,-25.9,9.4,25,8,6,0,0,,1.2,7.1,E,14,0,0,3,,0,,,,
2017,3,127.0,충주,22.5,-22.4,10.0,25,8,5,1,0,,1.6,7.8,W,9,0,0,2,,0,,,,
2017,3,129.0,서산,4.8,-41.5,2.7,7,3,2,0,0,,2.0,8.5,WNW,6,11,3,0,2,0,0,1,17,21
2017,3,130.0,울진,30.5,-27.5,8.1,21,8,7,0,0,,2.7,8.8,NNW,2,0,0,1,,0,,,,
2017,3,131.0,청주,8.9,-39.3,4.6,31,4,2,0,0,,1.6,5.7,WSW,9,10,6,0,1,0,0,2,6,11
2017,3,133.0,대전,11.6,-44.0,3.9,31,9,5,0,0,,1.6,8.2,S,20,12,5,0,0,0,0,2,6,9
2017,3,135.0,추풍령,30.9,-19.1,13.3,25,10,6,1,0,131.9,3.0,10.8,WSW,6,0,0,1,,0,,,,
2017,3,136.0,안동,27.4,-17.5,21.5,25,6,3,1,0,,1.8,7.2,WNW,8,9,6,1,5,0,0,1,13,16
2017,3,137.0,상주,20.2,,13.2,25,8,2,1,0,,2.0,9.1,W,9,0,0,2,,0,,,,
2017,3,138.0,포항,13.4,-47.5,4.3,20,6,3,0,0,,2.8,7.6,NE,23,8,6,1,0,0,0,1,0,3
2017,3,140.0,군산,12.8,-32.8,4.0,2,9,4,0,0,,2.3,9.3,W,21,0,0,1,,0,,,,
2017,3,143.0,대구,38.4,-8.7,18.5,25,9,5,1,0,,2.3,9.3,WNW,9,8,4,1,0,0,0,0,0,3
2017,3,146.0,전주,24.1,-30.2,6.7,2,9,8,0,0,,2.0,8.0,SW,9,12,5,0,1,0,0,2,9,13
2017,3,152.0,울산,27.6,-38.2,8.1,1,10,7,0,0,,2.3,7.2,WNW,7,11,6,1,0,0,1,0,3,4
2017,3,155.0,창원,19.9,-54.4,5.6,29,7,5,0,0,,1.7,6.3,SE,30,7,7,2,0,0,0,0,4,5
2017,3,156.0,광주,33.2,-27.6,11.4,25,10,8,1,0,,1.5,7.3,W,9,8,6,2,0,0,0,2,7,9
2017,3,159.0,부산,35.7,-45.0,13.2,1,8,8,1,0,,3.1,9.8,SW,9,8,6,1,0,0,1,0,0,3
2017,3,162.0,통영,32.6,-50.5,8.0,26,8,8,0,0,,2.4,8.3,NNW,6,0,0,2,,0,,,,
2017,3,165.0,목포,28.5,-31.5,9.3,20,10,9,0,0,,3.5,13.0,N,21,9,6,1,1,0,0,2,7,6
2017,3,168.0,여수,14.7,-61.0,4.9,31,6,5,0,0,132.6,3.8,13.4,NNW,2,9,5,1,0,0,0,1,0,3
2017,3,169.0,흑산도,21.1,-27.7,8.4,20,8,6,0,0,,4.7,15.7,NNW,2,8,7,1,0,5,0,1,0,0
2017,3,170.0,완도,38.0,-57.5,13.4,25,7,6,1,0,,2.5,14.2,NW,2,0,0,2,,1,,,,
2017,3,172.0,고창,22.2,,6.8,20,11,8,0,0,86.5,2.6,11.2,NW,6,0,0,1,,0,,,,
2017,3,174.0,순천,37.1,,12.8,25,10,7,2,0,,2.0,8.4,NNW,6,0,0,3,,0,,,,
2017,3,175.0,진도(첨찰산),28.7,,7.6,20,8,8,0,0,,4.5,15.4,NNE,2,0,0,2,,1,,,,
2017,3,184.0,제주,48.2,-40.4,23.0,20,8,5,2,0,,3.3,10.1,W,1,5,11,2,0,0,1,1,0,0
2017,3,185.0,고산,34.2,-41.6,15.7,20,10,6,1,0,117.7,7.2,22.9,WNW,1,0,0,2,,10,,,,
2017,3,188.0,성산,60.4,-81.8,27.8,20,10,7,3,0,,3.3,12.8,WNW,2,0,0,3,,0,,,,
2017,3,189.0,서귀포,36.3,-94.9,13.4,20,10,7,1,0,,1.8,6.0,W,2,0,0,2,,0,,,,
2017,3,192.0,진주,31.4,-40.7,10.9,25,9,6,1,0,92.2,1.2,6.4,NNW,21,0,0,1,,0,,,,
2017,3,201.0,강화,11.7,-27.9,6.5,27,4,2,0,0,,2.4,7.1,SW,9,0,0,2,,0,,,,
2017,3,202.0,양평,14.7,-27.1,5.5,31,7,4,0,0,,1.7,8.5,NW,27,0,0,2,,0,,,,
2017,3,203.0,이천,13.6,-33.8,6.0,31,6,3,0,0,,1.7,6.4,NNW,27,0,0,0,,0,,,,
2017,3,211.0,인제,25.4,-12.6,11.0,31,9,5,1,0,,1.5,6.1,SSE,9,0,0,3,,0,,,,
2017,3,212.0,홍천,18.8,-26.8,12.0,31,8,4,1,0,,1.2,6.1,W,9,0,0,2,,0,,,,
2017,3,216.0,태백,10.2,-50.5,3.3,14,6,4,0,0,,1.4,7.4,ENE,14,0,0,1,,0,,,,
2017,3,221.0,제천,24.3,-31.7,12.0,25,10,6,1,0,,1.7,6.8,WSW,9,0,0,3,,0,,,,
2017,3,226.0,보은,16.9,-31.8,5.5,25,10,5,0,0,,1.5,7.4,NW,6,0,0,1,,0,,,,
2017,3,232.0,천안,6.5,-39.4,2.7,31,6,2,0,0,,1.6,8.3,SW,9,0,0,0,,0,,,,
2017,3,235.0,보령,14.4,-32.5,6.0,1,5,4,0,0,,1.1,7.1,SSW,9,0,0,0,,0,,,,
2017,3,236.0,부여,8.8,-47.3,2.5,2,8,4,0,0,,1.3,7.1,SW,9,0,0,0,,0,,,,
2017,3,238.0,금산,29.8,-22.1,8.0,25,11,9,0,0,,1.3,6.5,SW,9,0,0,1,,0,,,,
2017,3,243.0,부안,21.9,-27.0,5.5,28,11,7,0,0,,1.8,7.1,WSW,9,0,0,0,,0,,,,
2017,3,244.0,임실,32.6,-21.2,7.5,25,11,9,0,0,,1.5,7.3,W,9,0,0,1,,0,,,,
2017,3,245.0,정읍,21.9,-33.3,4.7,20,11,7,0,0,,1.4,7.9,N,6,0,0,1,,0,,,,
2017,3,247.0,남원,33.5,-19.0,13.7,25,11,7,1,0,,1.7,7.4,WSW,9,0,0,2,,0,,,,
2017,3,248.0,장수,42.9,-16.7,11.0,25,12,9,1,0,,1.7,8.6,WSW,9,0,0,1,,0,,,,
2017,3,260.0,장흥,29.1,-43.9,12.8,25,10,5,1,0,,2.0,10.3,NNW,6,0,0,2,,0,,,,
2017,3,261.0,해남,24.0,-48.9,6.8,25,10,5,0,0,,2.1,9.0,WNW,2,0,0,1,,0,,,,
2017,3,262.0,고흥,26.5,-54.1,9.6,25,7,6,0,0,,1.6,10.6,WNW,2,0,0,3,,0,,,,
2017,3,268.0,진도군,24.5,,6.0,20,8,7,0,0,,2.5,9.4,N,2,0,0,1,,0,,,,
2017,3,271.0,봉화,21.6,-31.5,12.0,25,6,3,1,0,,1.5,6.5,NNW,6,0,0,2,,0,,,,
2017,3,272.0,영주,26.0,-28.3,13.0,25,5,4,1,0,,2.9,9.9,NNW,21,0,0,2,,0,,,,
2017,3,273.0,문경,24.3,-24.3,14.0,25,7,3,1,0,,2.3,6.8,WNW,7,0,0,2,,0,,,,
2017,3,277.0,영덕,9.0,-44.0,4.0,26,4,4,0,0,,3.0,11.0,NNE,21,0,0,1,,0,,,,
2017,3,278.0,의성,21.1,-20.4,15.0,25,8,4,1,0,,1.4,6.7,W,9,0,0,2,,0,,,,
2017,3,279.0,구미,25.1,-20.3,13.3,25,9,5,1,0,,1.4,5.6,WNW,9,0,0,2,,0,,,,
2017,3,281.0,영천,32.0,-14.9,10.5,26,8,5,2,0,,1.9,7.5,W,9,0,0,1,,0,,,,
2017,3,284.0,거창,40.2,-14.9,14.5,25,12,8,1,0,,1.4,7.4,WSW,9,0,0,1,,0,,,,
2017,3,285.0,합천,34.4,-18.8,12.5,25,10,6,1,0,,1.3,6.4,NNW,6,0,0,0,,0,,,,
2017,3,288.0,밀양,31.9,-22.5,10.0,26,8,6,1,0,,1.1,6.0,NNW,6,0,0,1,,0,,,,
2017,3,289.0,산청,42.0,-26.5,18.9,25,8,8,1,0,,1.9,7.4,WNW,6,0,0,2,,0,,,,
2017,3,294.0,거제,30.5,-83.3,6.5,1,9,7,0,0,,1.8,5.6,SE,13,0,0,2,,0,,,,
2017,3,295.0,남해,27.1,-72.8,6.5,31,8,6,0,0,,1.3,5.2,NW,21,0,0,3,,0,,,,
2017,4,90.0,속초,46.8,-17.5,17.1,17,10,6,2,0,,2.3,8.1,W,28,,,2,,0,,,,
2017,4,93.0,북춘천,54.1,,21.0,5,9,7,1,0,177.3,1.9,8.7,SW,14,7,7,1,0,0,2,0,1,3
2017,4,95.0,철원,63.6,-0.4,18.7,5,7,5,3,0,,2.0,7.8,N,1,0,0,1,,0,,,,
2017,4,98.0,동두천,67.5,-5.2,24.1,5,9,6,3,0,,2.2,8.7,WSW,27,0,0,1,,0,,,,
2017,4,99.0,파주,65.7,,27.7,5,8,5,3,0,,1.8,7.8,SW,27,0,0,1,,0,,,,
2017,4,100.0,대관령,61.1,-28.4,16.3,17,11,10,1,0,179.7,4.3,12.9,W,29,0,0,0,,0,,,,
2017,4,101.0,춘천,56.5,-5.8,21.9,5,8,7,1,0,,1.7,7.2,WSW,27,0,0,1,,0,,,,
2017,4,102.0,백령도,20.1,-34.7,15.6,5,4,3,1,0,,4.9,13.3,W,28,10,9,2,13,0,0,0,0,0
2017,4,104.0,북강릉,42.2,,16.1,17,10,7,1,0,,2.4,10.9,WSW,30,9,7,2,0,0,0,0,0,0
2017,4,105.0,강릉,39.8,-28.9,13.5,17,10,8,1,0,,2.8,10.1,WNW,30,0,0,1,,0,,,,
2017,4,106.0,동해,45.1,-15.0,18.4,17,10,8,1,0,,2.5,13.1,NNE,12,0,0,1,,0,,,,
2017,4,108.0,서울,61.6,-2.9,37.5,5,9,6,1,1,,2.6,8.1,SSW,14,10,7,1,1,0,0,0,1,0
2017,4,112.0,인천,57.0,-0.7,41.3,5,7,4,1,1,,3.3,9.7,N,12,11,6,1,4,0,1,0,0,0
2017,4,114.0,원주,38.1,-28.6,9.1,17,10,6,0,0,158.3,1.4,6.2,WSW,28,0,0,2,,0,,,,
2017,4,115.0,울릉도,118.4,37.1,70.1,17,7,6,2,2,156.8,4.9,17.0,NNE,17,6,7,1,6,1,0,0,0,0
2017,4,119.0,수원,52.5,-8.8,33.8,5,7,5,1,1,,2.1,8.3,SSW,14,11,6,1,3,0,0,0,3,1
2017,4,121.0,영월,71.4,0.9,18.9,17,8,6,3,0,,1.5,6.8,WSW,14,0,0,1,,0,,,,
2017,4,127.0,충주,71.4,8.3,19.3,17,7,6,3,0,,1.8,7.1,W,28,0,0,0,,0,,,,
2017,4,129.0,서산,38.9,-31.3,24.6,5,6,4,2,0,,2.6,10.9,SSW,14,13,6,1,7,0,0,0,1,1
2017,4,130.0,울진,55.5,-5.5,24.7,17,7,4,2,0,,2.6,10.6,NW,17,0,0,1,,0,,,,
2017,4,131.0,청주,61.7,-4.9,19.3,17,6,5,4,0,,1.8,6.4,WSW,14,12,5,1,1,0,0,0,0,0
2017,4,133.0,대전,77.7,-4.0,26.8,17,8,6,4,0,,1.9,7.9,SE,9,12,4,2,1,0,0,0,0,0
2017,4,135.0,추풍령,64.7,-4.9,17.5,17,11,9,2,0,198.2,3.2,10.5,W,14,0,0,3,,0,,,,
2017,4,136.0,안동,83.0,14.8,33.3,17,8,6,3,1,,1.9,7.1,WNW,28,11,8,0,4,0,0,0,0,0
2017,4,137.0,상주,60.8,,20.2,17,8,6,2,0,,2.0,7.1,W,12,0,0,2,,0,,,,
2017,4,138.0,포항,79.6,10.7,32.9,17,8,6,3,1,,2.8,7.4,NE,9,12,9,2,0,0,1,0,0,0
2017,4,140.0,군산,61.6,-16.6,21.5,5,7,5,3,0,,2.6,11.4,S,14,0,0,1,,0,,,,
2017,4,143.0,대구,53.0,-9.9,17.5,11,9,8,2,0,,2.3,7.8,E,10,11,5,3,1,0,2,0,0,0
2017,4,146.0,전주,57.8,-19.5,18.2,17,9,7,2,0,,2.0,8.8,SW,14,12,4,2,4,0,1,0,1,1
2017,4,152.0,울산,111.9,20.8,40.7,17,9,5,4,2,,2.5,10.8,SSW,14,11,6,3,1,0,0,0,1,0
2017,4,155.0,창원,128.2,-1.7,65.1,6,6,6,4,2,,1.9,7.8,S,6,10,9,2,3,0,2,0,0,0
2017,4,156.0,광주,60.6,-20.1,25.9,5,9,5,3,0,,1.9,10.1,WSW,14,11,7,2,2,0,0,0,0,0
2017,4,159.0,부산,105.1,-27.6,37.7,17,7,7,4,1,,3.8,15.3,SW,14,10,9,3,2,1,1,0,0,0
2017,4,162.0,통영,148.5,20.2,55.7,6,9,7,5,2,,2.7,14.1,S,6,0,0,2,,1,,,,
2017,4,165.0,목포,46.5,-22.8,23.0,5,9,8,2,0,,3.4,11.1,N,26,10,8,3,7,0,0,0,0,0
2017,4,168.0,여수,62.8,-53.8,22.4,5,9,6,3,0,148.6,3.6,13.9,SSW,5,9,8,3,6,1,1,0,0,0
2017,4,169.0,흑산도,27.6,-53.6,8.3,5,10,6,0,0,,4.8,17.1,SSE,5,12,9,3,9,1,2,0,0,0
2017,4,170.0,완도,68.4,-50.8,40.9,5,7,5,2,1,,2.8,10.8,SE,9,0,0,2,,0,,,,
2017,4,172.0,고창,48.8,,14.5,17,8,6,3,0,122.7,2.8,11.1,SW,14,0,0,2,,0,,,,
2017,4,174.0,순천,73.8,,31.7,5,10,7,3,1,,2.1,7.3,W,28,0,0,1,,0,,,,
2017,4,175.0,진도(첨찰산),52.2,,29.1,5,6,6,1,0,,4.8,11.3,ESE,5,0,0,3,,0,,,,
2017,4,184.0,제주,51.4,-38.2,17.4,6,6,5,2,0,,3.1,10.7,SSW,14,10,10,4,3,0,1,0,0,0
2017,4,185.0,고산,85.1,-1.3,50.4,6,6,5,2,1,104.5,5.9,17.0,W,29,0,0,5,,6,,,,
2017,4,188.0,성산,106.7,-43.4,44.4,6,7,6,5,1,,3.4,10.9,WNW,17,0,0,3,,0,,,,
2017,4,189.0,서귀포,222.5,47.6,125.2,6,8,6,4,2,,1.7,6.8,ENE,10,0,0,5,,0,,,,
2017,4,192.0,진주,94.9,-23.3,48.5,5,9,5,4,1,125.3,1.4,6.5,WSW,13,0,0,0,,0,,,,
2017,4,201.0,강화,65.4,-1.5,39.0,5,8,5,1,1,,2.7,8.6,SW,14,0,0,2,,0,,,,
2017,4,202.0,양평,52.7,-15.6,22.0,5,9,6,1,0,,1.9,6.9,WSW,14,0,0,1,,0,,,,
2017,4,203.0,이천,42.3,-31.7,19.1,5,6,5,1,0,,1.9,7.5,SSW,14,0,0,1,,0,,,,
2017,4,211.0,인제,59.5,-1.6,13.5,18,10,9,3,0,,2.1,6.9,SSE,14,0,0,1,,0,,,,
2017,4,212.0,홍천,48.6,-17.6,15.5,5,9,7,2,0,,1.5,6.1,WNW,27,0,0,1,,0,,,,
2017,4,216.0,태백,73.5,-3.9,21.0,17,9,8,2,0,,2.0,8.6,SSW,14,0,0,1,,0,,,,
2017,4,221.0,제천,70.8,-5.3,21.0,6,10,6,5,0,,2.0,7.4,WSW,28,0,0,1,,0,,,,
2017,4,226.0,보은,61.0,-12.1,21.0,17,9,6,4,0,,1.7,7.4,NW,12,0,0,2,,0,,,,
2017,4,232.0,천안,42.9,-18.5,14.7,11,5,5,3,0,,1.9,10.3,SW,14,0,0,1,,0,,,,
2017,4,235.0,보령,57.6,-11.3,26.4,17,6,5,2,0,,1.8,11.9,SSW,14,0,0,2,,0,,,,
2017,4,236.0,부여,78.4,2.3,31.5,5,9,5,4,1,,1.6,10.3,SW,14,0,0,2,,0,,,,
2017,4,238.0,금산,76.1,0.4,28.0,17,9,8,4,0,,1.6,6.1,SW,28,0,0,1,,0,,,,
2017,4,243.0,부안,61.1,-12.5,22.0,5,7,5,2,0,,2.2,12.1,S,14,0,0,2,,0,,,,
2017,4,244.0,임실,54.0,-22.3,16.5,5,10,7,3,0,,1.7,7.6,SSW,14,0,0,3,,0,,,,
2017,4,245.0,정읍,56.1,-19.2,16.5,17,7,7,3,0,,1.9,9.7,SSW,14,0,0,2,,0,,,,
2017,4,247.0,남원,64.2,-7.3,17.1,5,10,7,4,0,,2.2,8.6,WSW,18,0,0,3,,0,,,,
2017,4,248.0,장수,86.8,-2.1,22.0,5,13,8,4,0,,2.3,9.3,SW,6,0,0,4,,0,,,,
2017,4,260.0,장흥,52.5,-48.9,22.2,5,9,6,1,0,,2.1,8.1,NNW,27,0,0,3,,0,,,,
2017,4,261.0,해남,42.7,-47.3,21.5,5,6,5,1,0,,2.3,9.6,SSW,14,0,0,3,,0,,,,
2017,4,262.0,고흥,74.2,-45.9,30.8,6,7,6,2,1,,1.7,7.6,NNW,12,0,0,3,,0,,,,
2017,4,268.0,진도군,48.0,,28.0,5,6,5,1,0,,2.5,8.6,NE,11,0,0,2,,0,,,,
2017,4,271.0,봉화,90.5,15.2,18.5,11,7,7,5,0,,1.7,8.5,NNW,19,0,0,3,,0,,,,
2017,4,272.0,영주,99.5,16.6,32.5,5,6,6,4,1,,2.9,10.2,NNW,19,0,0,2,,0,,,,
2017,4,273.0,문경,80.6,4.0,24.5,5,7,6,4,0,,2.3,7.8,WNW,28,0,0,1,,0,,,,
2017,4,277.0,영덕,57.0,-7.0,23.0,17,5,4,2,0,,3.0,10.1,NNE,12,0,0,2,,0,,,,
2017,4,278.0,의성,78.2,12.3,24.0,17,10,7,3,0,,1.5,7.2,W,28,0,0,2,,0,,,,
2017,4,279.0,구미,56.2,-10.1,19.0,11,10,9,2,0,,1.4,5.9,W,28,0,0,1,,0,,,,
2017,4,281.0,영천,79.6,17.2,20.0,17,9,7,3,0,,2.1,7.8,W,28,0,0,2,,0,,,,
2017,4,284.0,거창,51.9,-23.5,13.9,11,11,9,3,0,,1.8,7.6,WSW,28,0,0,1,,0,,,,
2017,4,285.0,합천,55.8,-18.2,18.0,11,11,5,3,0,,1.6,7.6,S,14,0,0,1,,0,,,,
2017,4,288.0,밀양,89.4,3.1,33.7,6,7,6,4,1,,1.2,5.7,WNW,18,0,0,3,,0,,,,
2017,4,289.0,산청,70.2,-27.3,27.2,5,11,8,4,0,,1.8,6.6,WNW,19,0,0,0,,0,,,,
2017,4,294.0,거제,220.7,43.7,99.0,6,9,8,5,2,,2.1,7.8,ESE,6,0,0,3,,0,,,,
2017,4,295.0,남해,140.5,-21.3,67.0,5,9,6,4,2,,1.6,5.1,SSW,6,0,0,2,,0,,,,
2017,5,90.0,속초,25.2,-70.3,9.8,13,6,4,0,0,,2.0,9.5,N,25,,,1,,0,,,,
2017,5,93.0,북춘천,25.5,,10.5,13,6,4,1,0,206.5,1.8,9.4,WSW,6,10,5,2,0,0,2,0,0,0
2017,5,95.0,철원,36.0,-66.0,13.8,13,5,5,1,0,,1.8,8.3,SSE,13,0,0,2,,0,,,,
2017,5,98.0,동두천,22.7,-70.9,10.4,13,6,4,1,0,,1.9,10.1,WSW,6,0,0,2,,0,,,,
2017,5,99.0,파주,44.1,,17.7,23,4,3,2,0,,1.5,8.0,S,13,0,0,2,,0,,,,
2017,5,100.0,대관령,31.6,-90.7,14.1,13,5,3,2,0,204.2,3.9,13.8,WSW,6,0,0,0,,0,,,,
2017,5,101.0,춘천,22.0,-82.0,9.9,13,7,4,0,0,,1.7,8.4,WSW,6,0,0,1,,0,,,,
2017,5,102.0,백령도,10.2,-68.7,10.0,13,2,1,1,0,,4.7,14.3,WNW,14,15,6,1,8,2,1,0,0,0
2017,5,104.0,북강릉,25.2,,17.1,24,5,3,1,0,,2.0,10.7,WSW,6,11,4,1,1,0,1,0,0,0
2017,5,105.0,강릉,25.0,-62.0,13.5,24,5,4,1,0,,2.7,11.0,NW,6,0,0,0,,0,,,,
2017,5,106.0,동해,17.9,-56.1,12.9,24,4,4,1,0,,2.2,11.7,N,25,0,0,1,,0,,,,
2017,5,108.0,서울,16.1,-89.8,6.0,13,5,4,0,0,,2.4,8.5,SW,13,12,4,1,0,0,1,0,0,0
2017,5,112.0,인천,21.6,-78.7,8.1,13,4,4,0,0,,2.9,10.7,S,13,13,3,1,3,0,1,0,0,0
2017,5,114.0,원주,30.1,-63.4,14.1,24,6,5,1,0,185.7,1.3,6.3,S,13,0,0,0,,0,,,,
2017,5,115.0,울릉도,24.5,-80.6,14.3,9,8,3,1,0,186.9,4.1,18.0,NW,25,8,6,0,5,4,0,0,0,0
2017,5,119.0,수원,22.5,-75.3,7.1,23,7,5,0,0,,2.0,8.8,SSW,13,14,2,1,0,0,2,0,0,0
2017,5,121.0,영월,21.5,-65.9,9.4,17,7,4,0,0,,1.3,9.1,NE,17,0,0,1,,0,,,,
2017,5,127.0,충주,32.2,-56.5,9.4,13,6,5,0,0,,1.8,7.6,W,6,0,0,0,,0,,,,
2017,5,129.0,서산,27.9,-77.3,8.9,9,6,5,0,0,,2.3,9.8,SW,13,14,5,1,2,0,3,0,0,0
2017,5,130.0,울진,28.5,-41.5,14.2,24,3,3,2,0,,2.5,11.0,NNW,25,0,0,1,,0,,,,
2017,5,131.0,청주,11.9,-76.4,5.9,24,4,3,0,0,,1.7,7.8,SE,9,15,5,0,0,0,0,0,0,0
2017,5,133.0,대전,29.3,-74.4,11.0,24,6,6,1,0,,1.8,7.9,ESE,9,14,5,1,0,0,3,0,0,0
2017,5,135.0,추풍령,21.3,-63.2,14.2,9,7,5,1,0,237.4,3.0,11.8,W,7,0,0,1,,0,,,,
2017,5,136.0,안동,22.0,-69.5,9.3,13,5,3,0,0,,1.9,7.4,WNW,14,9,7,0,3,0,2,0,0,0
2017,5,137.0,상주,20.2,,9.9,9,7,3,0,0,,1.8,6.4,W,25,0,0,2,,0,,,,
2017,5,138.0,포항,19.8,-65.4,17.9,9,3,2,1,0,,2.6,7.8,W,7,11,5,2,0,0,1,0,0,0
2017,5,140.0,군산,39.3,-42.5,22.4,9,5,3,1,0,,2.3,10.2,S,13,0,0,1,,0,,,,
2017,5,143.0,대구,33.1,-46.9,16.5,9,5,2,2,0,,2.3,9.4,NW,7,13,3,2,0,0,0,0,0,0
2017,5,146.0,전주,51.5,-40.0,19.0,31,7,5,2,0,,1.8,9.9,WSW,13,14,5,1,0,0,2,0,0,0
2017,5,152.0,울산,26.3,-81.8,14.9,9,6,3,1,0,,1.8,6.7,WNW,7,12,6,2,1,0,1,0,0,0
2017,5,155.0,창원,31.1,-111.1,13.7,9,5,3,2,0,,1.6,5.6,SSE,17,13,8,2,0,0,1,0,0,0
2017,5,156.0,광주,30.2,-66.4,11.8,9,6,6,2,0,,1.4,6.4,WSW,13,14,7,2,2,0,2,0,0,0
2017,5,159.0,부산,39.2,-118.2,20.6,9,5,3,2,0,,3.3,9.6,WSW,7,9,8,2,0,0,1,0,0,0
2017,5,162.0,통영,34.8,-145.3,19.5,9,7,3,1,0,,2.2,8.4,SW,7,0,0,2,,0,,,,
2017,5,165.0,목포,14.0,-75.2,7.6,9,6,3,0,0,,2.9,10.9,NNW,26,12,4,2,0,0,0,0,0,0
2017,5,168.0,여수,49.5,-97.0,17.2,31,6,5,2,0,184.1,3.4,11.0,WNW,14,13,6,2,2,0,1,0,0,0
2017,5,169.0,흑산도,21.9,-80.5,12.6,9,4,3,1,0,,3.7,13.0,SSE,9,14,5,4,10,0,0,0,0,0
2017,5,170.0,완도,32.8,-102.6,15.6,9,6,5,1,0,,2.6,10.0,SE,1,0,0,3,,0,,,,
2017,5,172.0,고창,30.2,,13.9,5,7,4,2,0,148.4,2.2,9.8,NW,26,0,0,2,,0,,,,
2017,5,174.0,순천,45.7,,22.3,31,6,5,2,0,,1.8,7.4,NW,7,0,0,3,,0,,,,
2017,5,175.0,진도(첨찰산),23.4,,10.2,9,5,5,1,0,,5.0,14.0,S,9,0,0,4,,1,,,,
2017,5,184.0,제주,38.5,-57.9,25.3,12,7,4,1,0,,2.6,10.6,NNE,12,9,9,1,4,0,0,0,0,0
2017,5,185.0,고산,31.1,-79.1,20.8,12,5,2,1,0,113.9,4.8,15.7,WNW,10,0,0,2,,1,,,,
2017,5,188.0,성산,66.4,-111.3,24.2,12,7,6,2,0,,2.6,10.0,WNW,26,0,0,2,,0,,,,
2017,5,189.0,서귀포,59.2,-146.6,18.8,12,8,7,3,0,,1.5,5.8,WSW,10,0,0,5,,0,,,,
2017,5,192.0,진주,43.8,-79.0,25.3,9,7,4,1,0,143.4,1.1,5.8,WSW,25,0,0,1,,0,,,,
2017,5,201.0,강화,26.6,-82.2,17.0,13,5,4,1,0,,2.5,10.8,SW,13,0,0,0,,0,,,,
2017,5,202.0,양평,19.4,-83.0,6.5,13,6,4,0,0,,1.7,7.8,WNW,6,0,0,1,,0,,,,
2017,5,203.0,이천,23.2,-70.6,9.4,13,7,5,0,0,,1.7,7.3,SW,13,0,0,1,,0,,,,
2017,5,211.0,인제,33.1,-64.6,13.5,23,7,3,2,0,,2.0,7.9,SSE,6,0,0,2,,0,,,,
2017,5,212.0,홍천,22.8,-82.4,12.5,13,7,5,1,0,,1.5,6.9,W,6,0,0,1,,0,,,,
2017,5,216.0,태백,14.4,-76.0,7.4,13,4,3,0,0,,1.8,8.1,SSW,12,0,0,1,,0,,,,
2017,5,221.0,제천,12.5,-89.6,5.0,24,6,5,0,0,,1.9,8.5,WSW,25,0,0,1,,0,,,,
2017,5,226.0,보은,28.0,-66.7,14.0,24,5,4,1,0,,1.5,6.9,NW,7,0,0,1,,0,,,,
2017,5,232.0,천안,14.3,-71.4,5.4,24,5,4,0,0,,1.5,7.5,SW,25,0,0,0,,0,,,,
2017,5,235.0,보령,58.9,-29.3,25.7,9,7,6,2,0,,1.5,9.5,SSW,13,0,0,1,,0,,,,
2017,5,236.0,부여,35.8,-63.4,15.5,9,6,5,2,0,,1.5,8.5,SW,13,0,0,1,,0,,,,
2017,5,238.0,금산,31.8,-58.3,13.5,9,7,5,2,0,,1.4,6.7,W,13,0,0,1,,0,,,,
2017,5,243.0,부안,38.3,-50.7,18.5,9,6,5,2,0,,1.8,7.5,WSW,13,0,0,2,,0,,,,
2017,5,244.0,임실,43.1,-44.9,18.0,5,7,6,2,0,,1.2,5.7,W,26,0,0,2,,0,,,,
2017,5,245.0,정읍,101.5,6.9,43.0,31,8,6,4,1,,1.4,9.6,WSW,13,0,0,2,,0,,,,
2017,5,247.0,남원,29.8,-81.2,12.5,9,8,5,2,0,,1.8,7.5,WSW,25,0,0,2,,0,,,,
2017,5,248.0,장수,42.1,-67.1,20.0,5,8,4,2,0,,1.7,7.7,NNW,7,0,0,2,,0,,,,
2017,5,260.0,장흥,29.9,-95.3,17.2,24,6,5,1,0,,1.6,7.7,SSE,1,0,0,3,,0,,,,
2017,5,261.0,해남,9.6,-95.9,3.8,9,4,3,0,0,,2.0,8.9,S,12,0,0,3,,0,,,,
2017,5,262.0,고흥,30.1,-110.1,18.3,9,5,4,1,0,,1.5,7.6,WNW,26,0,0,3,,0,,,,
2017,5,268.0,진도군,14.5,,6.0,9,5,4,0,0,,1.9,8.2,NNE,6,0,0,2,,0,,,,
2017,5,271.0,봉화,18.3,-87.4,11.5,24,6,4,1,0,,1.6,7.4,NW,14,0,0,1,,0,,,,
2017,5,272.0,영주,10.8,-99.1,5.0,9,7,3,0,0,,2.9,9.4,NW,7,0,0,1,,0,,,,
2017,5,273.0,문경,25.0,-81.1,13.0,9,6,5,1,0,,2.2,7.0,WNW,14,0,0,1,,0,,,,
2017,5,277.0,영덕,15.9,-59.7,10.5,9,4,2,1,0,,2.8,11.9,NE,25,0,0,2,,0,,,,
2017,5,278.0,의성,40.3,-38.0,24.0,17,7,4,1,0,,1.5,6.9,W,14,0,0,2,,0,,,,
2017,5,279.0,구미,14.8,-62.2,11.1,9,3,2,1,0,,1.4,5.1,W,14,0,0,2,,0,,,,
2017,5,281.0,영천,24.6,-62.6,17.0,9,6,2,1,0,,2.0,8.1,WNW,7,0,0,2,,0,,,,
2017,5,284.0,거창,25.5,-69.4,14.4,9,6,3,1,0,,1.5,7.4,SW,13,0,0,2,,0,,,,
2017,5,285.0,합천,28.6,-68.8,20.5,9,6,3,1,0,,1.4,6.1,NNW,15,0,0,2,,0,,,,
2017,5,288.0,밀양,37.1,-71.6,21.2,9,4,3,2,0,,1.1,6.5,NW,7,0,0,2,,0,,,,
2017,5,289.0,산청,34.2,-70.1,19.5,9,6,4,1,0,,1.5,6.0,WNW,6,0,0,3,,0,,,,
2017,5,294.0,거제,43.8,-191.3,22.5,9,6,3,3,0,,2.0,7.0,SSW,19,0,0,3,,0,,,,
2017,5,295.0,남해,47.8,-141.9,24.5,9,7,3,2,0,,1.4,5.1,WNW,7,0,0,3,,0,,,,
2017,6,90.0,속초,69.7,-46.0,15.0,1,13,10,3,0,,1.7,7.1,WNW,9,,,5,,0,,,,
2017,6,93.0,북춘천,38.1,,14.5,7,9,6,2,0,208.7,1.5,7.0,SW,9,6,6,2,0,0,6,0,0,0
2017,6,95.0,철원,74.2,-63.8,19.6,25,10,7,4,0,,1.7,7.5,N,11,0,0,1,,0,,,,
2017,6,98.0,동두천,50.5,-92.3,16.4,26,11,9,2,0,,1.7,6.7,WNW,1,0,0,5,,0,,,,
2017,6,99.0,파주,42.7,,14.3,7,10,5,3,0,,1.4,5.9,SSW,26,0,0,1,,0,,,,
2017,6,100.0,대관령,73.0,-128.0,29.8,29,11,8,2,0,152.0,2.5,11.9,W,9,0,0,0,,0,,,,
2017,6,101.0,춘천,88.9,-34.2,24.7,27,7,6,5,0,,1.6,5.5,NNW,4,0,0,2,,0,,,,
2017,6,102.0,백령도,11.8,-63.0,10.0,6,2,2,1,0,,4.2,13.0,W,9,4,7,1,16,0,0,0,0,0
2017,6,104.0,북강릉,26.0,,13.8,1,7,5,1,0,,1.5,8.3,WSW,9,6,6,1,0,0,4,0,0,0
2017,6,105.0,강릉,27.2,-93.4,11.0,1,8,7,1,0,,1.9,8.0,WNW,9,0,0,0,,0,,,,
2017,6,106.0,동해,61.7,-48.7,43.1,1,7,5,2,1,,1.8,9.4,N,3,0,0,0,0,0,0,0,0,0
2017,6,108.0,서울,66.6,-66.6,29.0,26,7,6,3,0,,2.4,6.4,S,26,8,4,1,0,0,4,0,0,0
2017,6,112.0,인천,49.3,-62.7,19.4,26,6,4,3,0,,2.8,7.9,W,3,7,3,2,4,0,2,0,0,0
2017,6,114.0,원주,73.7,-66.4,29.5,29,10,9,2,0,194.8,1.2,4.9,SE,7,0,0,3,0,0,0,0,0,0
2017,6,115.0,울릉도,37.4,-77.9,16.6,1,8,5,2,0,144.6,3.3,14.8,N,1,5,11,1,4,1,2,0,0,0
2017,6,119.0,수원,27.6,-101.6,7.3,26,8,5,0,0,,2.0,6.8,W,1,7,5,2,0,0,2,0,0,0
2017,6,121.0,영월,55.0,-88.9,12.1,25,11,9,2,0,,1.2,6.3,E,11,0,0,1,,0,,,,
2017,6,127.0,충주,43.7,-91.0,27.4,28,10,7,1,0,,1.7,6.1,WSW,9,0,0,1,,0,,,,
2017,6,129.0,서산,23.3,-115.1,13.8,26,8,4,1,0,,1.9,6.4,SW,9,5,6,1,3,0,1,0,0,0
2017,6,130.0,울진,22.4,-83.4,9.5,6,7,4,0,0,,2.1,8.7,NW,1,0,0,0,,0,,,,
2017,6,131.0,청주,17.5,-126.6,6.9,6,5,4,0,0,,1.8,5.7,SE,5,10,9,1,0,0,0,0,0,0
2017,6,133.0,대전,35.3,-171.0,12.2,27,8,6,2,0,,1.7,6.1,S,1,8,8,2,1,0,2,0,0,0
2017,6,135.0,추풍령,60.6,-85.7,29.8,13,9,5,2,0,215.6,2.7,7.6,WSW,9,0,0,1,,0,,,,
2017,6,136.0,안동,24.0,-112.8,11.5,6,7,5,1,0,,1.9,7.0,ESE,11,8,7,0,2,0,4,0,0,0
2017,6,137.0,상주,63.4,,35.3,25,8,6,3,1,,1.5,5.4,W,9,0,0,2,,0,,,,
2017,6,138.0,포항,12.8,-128.8,7.1,1,8,4,0,0,,2.6,7.9,N,1,7,8,0,0,0,2,0,0,0
2017,6,140.0,군산,37.0,-117.8,15.7,26,7,5,1,0,,2.3,7.6,WNW,13,0,0,1,,0,,,,
2017,6,143.0,대구,71.5,-71.1,51.5,25,10,6,2,1,,2.4,7.7,E,11,6,9,0,0,0,2,0,0,0
2017,6,146.0,전주,100.0,-67.9,66.3,26,7,5,2,1,,1.7,6.2,W,11,6,8,2,0,0,1,0,0,0
2017,6,152.0,울산,38.5,-138.3,13.4,1,8,6,1,0,,1.9,6.7,E,5,9,8,0,0,0,2,0,0,0
2017,6,155.0,창원,58.7,-173.6,19.2,26,5,5,3,0,,1.7,7.4,SSE,17,7,10,2,0,0,0,0,0,0
2017,6,156.0,광주,42.1,-139.4,13.6,26,9,6,1,0,,1.5,5.6,S,5,7,8,3,0,0,1,0,0,0
2017,6,159.0,부산,49.8,-156.9,21.1,29,6,3,2,0,,2.9,8.1,SW,7,9,11,2,1,0,0,0,0,0
2017,6,162.0,통영,68.4,-129.2,29.2,7,7,4,3,0,,2.1,7.9,SSE,7,0,0,2,,0,,,,
2017,6,165.0,목포,28.5,-144.6,9.4,20,8,5,0,0,,3.0,8.7,NW,7,7,11,2,1,0,0,0,0,0
2017,6,168.0,여수,81.6,-132.1,38.9,29,7,5,3,1,150.1,3.0,10.1,WNW,7,8,10,1,3,0,0,0,0,0
2017,6,169.0,흑산도,26.1,-148.6,14.3,6,7,2,2,0,,3.3,15.4,SE,6,5,16,3,16,1,0,0,0,0
2017,6,170.0,완도,130.5,-112.5,60.2,6,8,7,3,2,,2.5,10.6,SSE,6,0,0,4,,0,,,,
2017,6,172.0,고창,17.7,,7.2,6,7,4,0,0,141.0,2.4,13.7,SE,6,0,0,3,,0,,,,
2017,6,174.0,순천,44.8,,14.5,6,9,6,1,0,,1.7,6.5,NW,15,0,0,3,,0,,,,
2017,6,175.0,진도(첨찰산),44.4,,34.0,6,5,4,1,1,,4.4,12.7,SSE,6,0,0,6,,0,,,,
2017,6,184.0,제주,60.7,-120.7,39.8,29,7,6,2,1,,2.5,8.2,ENE,6,5,17,3,2,0,0,0,0,0
2017,6,185.0,고산,114.8,-33.9,67.4,29,8,5,3,1,97.4,3.9,12.8,SE,6,0,0,5,,0,,,,
2017,6,188.0,성산,141.2,-82.5,57.8,29,9,7,3,2,,2.6,9.3,S,7,0,0,4,,0,,,,
2017,6,189.0,서귀포,247.4,-29.5,141.9,6,9,7,4,2,,1.5,5.6,ENE,20,0,0,5,,0,,,,
2017,6,192.0,진주,52.0,-161.0,12.6,7,8,6,4,0,140.9,1.3,5.8,WSW,7,0,0,1,,0,,,,
2017,6,201.0,강화,41.6,-81.8,20.0,7,7,4,2,0,,2.3,7.5,SW,9,0,0,2,,0,,,,
2017,6,202.0,양평,79.8,-63.8,19.0,26,11,8,4,0,,1.7,5.7,W,9,0,0,3,,0,,,,
2017,6,203.0,이천,47.2,-98.8,23.3,26,8,5,2,0,,1.5,6.1,SW,9,0,0,2,,0,,,,
2017,6,211.0,인제,105.5,-12.7,56.5,24,15,11,3,1,,1.7,6.9,NNE,1,0,0,1,,0,,,,
2017,6,212.0,홍천,41.3,-99.3,11.0,29,10,5,2,0,,1.5,5.5,WSW,9,0,0,0,,0,,,,
2017,6,216.0,태백,122.1,-20.1,57.8,28,10,8,5,1,,1.5,8.5,NE,1,0,0,0,,0,,,,
2017,6,221.0,제천,69.6,-84.6,20.0,1,9,8,2,0,,1.6,6.4,N,4,0,0,1,,0,,,,
2017,6,226.0,보은,87.6,-71.7,47.5,28,8,4,3,1,,1.5,6.4,NW,1,0,0,2,,0,,,,
2017,6,232.0,천안,15.6,-117.5,6.1,24,7,5,0,0,,1.6,7.1,SW,9,0,0,2,,0,,,,
2017,6,235.0,보령,21.1,-116.4,7.5,6,7,4,0,0,,1.2,6.2,SSW,9,0,0,2,,0,,,,
2017,6,236.0,부여,51.4,-114.8,21.5,26,10,5,2,0,,1.4,5.8,WNW,3,0,0,1,,0,,,,
2017,6,238.0,금산,48.3,-124.7,27.0,27,8,5,2,0,,1.4,5.0,SW,9,0,0,2,,0,,,,
2017,6,243.0,부안,25.2,-124.8,10.0,27,9,5,1,0,,1.8,8.6,S,7,0,0,1,,0,,,,
2017,6,244.0,임실,52.5,-116.7,39.0,26,9,5,1,1,,1.1,5.4,SSW,6,0,0,2,,0,,,,
2017,6,245.0,정읍,16.9,-139.2,7.4,27,7,4,0,0,,1.5,6.8,SW,7,0,0,3,,0,,,,
2017,6,247.0,남원,20.5,-156.2,11.3,30,9,3,1,0,,1.6,5.1,E,13,0,0,2,,0,,,,
2017,6,248.0,장수,68.2,-121.0,46.5,26,12,6,1,1,,1.6,7.0,W,3,0,0,2,,0,,,,
2017,6,260.0,장흥,123.2,-95.8,37.5,26,8,7,5,1,,1.7,6.5,SE,6,0,0,5,,0,,,,
2017,6,261.0,해남,24.4,-175.1,10.0,6,7,6,1,0,,2.2,8.8,ESE,6,0,0,4,,0,,,,
2017,6,262.0,고흥,274.7,58.7,162.6,26,7,6,4,3,,1.3,6.7,WNW,15,0,0,4,,0,,,,
2017,6,268.0,진도군,28.2,,21.5,6,4,3,1,0,,2.0,8.2,SE,6,0,0,3,,0,,,,
2017,6,271.0,봉화,37.1,-120.3,18.5,6,9,5,1,0,,1.5,5.7,NNW,1,0,0,1,,0,,,,
2017,6,272.0,영주,53.8,-110.8,28.5,6,7,6,2,0,,2.1,9.5,NNW,1,0,0,1,,0,,,,
2017,6,273.0,문경,62.7,-100.5,27.0,6,8,5,2,0,,1.8,6.6,E,11,0,0,2,,0,,,,
2017,6,277.0,영덕,34.8,-85.0,21.5,1,9,6,1,0,,2.5,11.0,N,1,0,0,0,,0,,,,
2017,6,278.0,의성,28.2,-103.8,16.0,25,9,4,1,0,,1.4,5.8,NNE,1,0,0,0,,0,,,,
2017,6,279.0,구미,55.4,-74.9,21.7,25,7,5,3,0,,1.3,4.2,W,8,0,0,1,,0,,,,
2017,6,281.0,영천,14.6,-121.2,8.0,25,10,4,0,0,,2.0,6.4,WNW,3,0,0,0,,0,,,,
2017,6,284.0,거창,56.3,-117.9,23.9,25,7,4,3,0,,1.4,7.0,WNW,1,0,0,2,,0,,,,
2017,6,285.0,합천,164.6,-4.3,148.0,25,10,5,1,1,,1.4,7.0,NNW,25,0,0,1,,0,,,,
2017,6,288.0,밀양,53.4,-132.9,27.5,26,8,5,2,0,,1.2,5.3,SE,2,0,0,1,,0,,,,
2017,6,289.0,산청,100.8,-93.1,60.1,25,9,8,3,1,,1.6,5.4,W,7,0,0,1,,0,,,,
2017,6,294.0,거제,71.4,-198.5,33.5,7,6,5,3,1,,2.1,6.7,SSW,19,0,0,3,,0,,,,
2017,6,295.0,남해,80.6,-187.7,27.0,29,7,4,4,0,,1.3,4.4,WNW,1,0,0,3,,0,,,,
2017,7,90.0,속초,270.3,23.4,67.6,8,14,14,7,3,,1.2,5.6,SSW,2,,,5,,0,,,,
2017,7,93.0,북춘천,477.8,,146.5,10,20,15,8,6,126.5,1.0,7.4,SW,14,0,19,7,1,0,8,0,0,0
2017,7,95.0,철원,575.2,174.3,117.9,8,15,12,9,7,,1.6,6.4,NNE,25,0,0,5,,0,,,,
2017,7,98.0,동두천,376.3,-47.7,93.0,10,15,14,8,6,,1.5,7.0,WSW,14,0,0,5,,0,,,,
2017,7,99.0,파주,364.3,,61.8,10,14,11,9,7,,1.2,5.0,S,8,0,0,6,,0,,,,
2017,7,100.0,대관령,355.4,28.7,132.1,2,18,17,9,3,125.5,3.1,8.8,W,11,0,0,0,,0,,,,
2017,7,101.0,춘천,530.4,146.6,124.3,10,18,16,9,6,,1.3,5.4,NNW,8,0,0,5,,0,,,,
2017,7,102.0,백령도,89.8,-111.3,25.5,7,13,9,4,0,,3.5,12.3,SW,7,0,26,3,29,0,3,0,0,0
2017,7,104.0,북강릉,243.6,,80.5,2,16,15,6,2,,1.3,5.7,WSW,1,5,16,7,3,0,3,0,0,0
2017,7,105.0,강릉,238.1,-4.7,95.5,2,19,16,7,1,,2.0,7.9,WNW,1,0,0,1,,0,,,,
2017,7,106.0,동해,178.9,-55.8,46.0,4,18,14,6,2,,1.3,7.3,N,22,0,0,7,,0,,,,
2017,7,108.0,서울,621.0,226.3,144.5,10,20,17,9,7,,2.0,7.3,WNW,2,1,20,6,2,0,9,0,0,0
2017,7,112.0,인천,478.3,158.7,103.4,2,20,17,9,5,,2.6,9.5,WNW,2,2,19,6,9,0,8,0,0,0
2017,7,114.0,원주,505.6,143.4,81.2,4,21,18,14,6,118.2,0.9,5.0,SW,14,0,0,10,,0,,,,
2017,7,115.0,울릉도,86.2,-84.0,40.2,3,11,7,2,1,131.6,3.9,14.0,SW,15,4,19,0,16,1,1,0,0,0
2017,7,119.0,수원,684.5,333.4,104.8,31,21,17,13,7,,1.6,6.0,N,16,1,19,6,1,0,9,0,0,0
2017,7,121.0,영월,402.1,109.8,72.3,16,21,18,10,5,,0.7,5.8,E,25,0,0,9,,0,,,,
2017,7,127.0,충주,464.3,170.8,89.0,31,20,19,13,5,,1.2,6.1,W,14,0,0,8,,0,,,,
2017,7,129.0,서산,327.8,54.4,86.2,31,18,16,9,3,,2.0,8.1,SW,16,0,21,10,4,0,5,0,0,0
2017,7,130.0,울진,131.2,-55.6,38.6,3,18,14,4,1,,2.0,6.0,SE,20,0,0,4,,0,,,,
2017,7,131.0,청주,789.1,506.4,290.2,16,20,19,13,9,,1.6,6.0,S,9,1,20,7,2,0,8,0,0,0
2017,7,133.0,대전,434.5,100.6,69.9,3,21,17,12,7,,1.7,9.9,S,9,2,17,6,2,0,9,0,0,0
2017,7,135.0,추풍령,273.4,-11.2,59.7,25,21,15,9,3,127.7,1.7,9.7,SW,17,0,0,3,,0,,,,
2017,7,136.0,안동,454.4,210.1,99.7,3,18,17,9,5,,1.3,6.4,W,8,2,20,0,4,0,10,0,0,0
2017,7,137.0,상주,404.8,,133.6,3,20,18,12,3,,1.0,5.2,WSW,14,0,0,5,,0,,,,
2017,7,138.0,포항,74.2,-129.0,27.1,29,13,8,3,0,,2.4,6.5,WSW,14,5,16,3,0,0,6,0,0,0
2017,7,140.0,군산,221.1,-20.1,62.1,8,18,14,4,3,,2.4,9.4,SSW,17,0,0,4,,0,,,,
2017,7,143.0,대구,105.3,-118.7,30.0,29,15,12,5,1,,1.9,8.2,NW,17,4,18,3,1,0,4,0,0,0
2017,7,146.0,전주,216.4,-83.2,58.5,15,19,18,7,2,,1.3,8.9,W,17,1,21,5,2,0,6,0,0,0
2017,7,152.0,울산,104.6,-127.7,30.4,25,14,10,5,1,,1.9,7.3,SSW,3,5,18,2,0,0,7,0,0,0
2017,7,155.0,창원,162.4,-131.4,50.2,4,15,12,4,2,,1.6,6.1,S,11,3,19,3,0,0,4,0,0,0
2017,7,156.0,광주,211.6,-97.3,45.2,8,17,15,8,2,,1.8,7.8,SSW,2,2,21,1,2,0,6,0,0,0
2017,7,159.0,부산,172.1,-144.8,122.6,4,14,12,2,1,,3.5,11.4,SW,3,3,19,2,3,0,2,0,0,0
2017,7,162.0,통영,223.3,-90.2,138.9,4,14,9,4,2,,2.2,10.9,SSW,11,0,0,3,,0,,,,
2017,7,165.0,목포,138.2,-98.5,34.9,31,14,10,5,2,,3.1,11.3,N,31,3,19,3,2,0,8,0,0,0
2017,7,168.0,여수,113.5,-178.0,26.5,6,13,11,4,0,118.1,2.8,11.3,SW,11,5,16,3,6,0,7,0,0,0
2017,7,169.0,흑산도,110.6,-115.4,37.9,18,10,7,4,1,,4.2,13.5,S,8,0,18,9,28,0,7,0,0,0
2017,7,170.0,완도,122.4,-163.3,54.8,6,9,6,2,2,,2.1,9.3,SE,26,0,0,2,,0,,,,
2017,7,172.0,고창,277.8,,81.2,15,19,12,6,4,98.0,2.5,12.2,W,14,0,0,1,,0,,,,
2017,7,174.0,순천,123.4,,30.1,8,16,13,4,1,,1.2,5.2,WNW,14,0,0,0,,0,,,,
2017,7,175.0,진도(첨찰산),83.2,,30.4,8,12,6,3,1,,4.1,10.7,SSW,26,0,0,8,,0,,,,
2017,7,184.0,제주,35.2,-204.7,24.8,11,4,3,1,0,,2.7,9.7,SW,10,4,14,2,0,0,2,0,0,0
2017,7,185.0,고산,23.1,-154.9,22.4,11,4,1,1,0,100.1,4.6,13.4,WSW,10,0,0,0,,0,,,,
2017,7,188.0,성산,427.5,144.3,128.5,31,10,7,5,3,,3.0,7.8,SSW,10,0,0,3,,0,,,,
2017,7,189.0,서귀포,51.8,-258.0,22.5,11,8,4,2,0,,1.8,5.1,SW,10,0,0,5,,0,,,,
2017,7,192.0,진주,96.0,-204.0,38.2,31,12,9,3,1,119.6,1.2,4.5,WSW,16,0,0,1,,0,,,,
2017,7,201.0,강화,298.9,-59.3,57.5,23,18,14,10,5,,1.9,9.3,SW,3,0,0,11,,0,,,,
2017,7,202.0,양평,567.2,168.2,126.0,10,21,17,12,7,,1.3,6.0,W,3,0,0,9,,0,,,,
2017,7,203.0,이천,454.9,84.7,73.9,10,20,16,13,5,,1.2,7.4,S,9,0,0,5,,0,,,,
2017,7,211.0,인제,524.0,216.8,89.5,2,18,17,9,6,,1.5,5.1,NNE,25,0,0,6,,0,,,,
2017,7,212.0,홍천,578.4,181.4,124.5,3,20,17,9,5,,1.1,5.0,NW,7,0,0,2,,0,,,,
2017,7,216.0,태백,313.6,26.3,117.1,3,18,17,7,4,,1.5,7.1,SW,3,0,0,5,,0,,,,
2017,7,221.0,제천,464.8,91.3,80.0,16,21,18,13,6,,1.2,8.1,WSW,14,0,0,9,,0,,,,
2017,7,226.0,보은,572.0,259.0,91.0,3,21,20,15,7,,1.0,6.0,N,24,0,0,7,,0,,,,
2017,7,232.0,천안,788.1,523.4,232.7,16,21,20,9,9,,1.2,5.9,E,14,0,0,3,,0,,,,
2017,7,235.0,보령,278.1,9.4,68.3,3,18,14,8,3,,2.2,9.2,SSW,10,0,0,11,,0,,,,
2017,7,236.0,부여,326.7,7.1,79.5,8,19,16,8,5,,1.3,5.7,SW,16,0,0,8,,0,,,,
2017,7,238.0,금산,305.5,-2.9,60.0,3,21,18,10,4,,1.2,6.6,S,10,0,0,4,,0,,,,
2017,7,243.0,부안,372.6,96.6,121.0,15,21,15,9,5,,1.9,8.0,WSW,17,0,0,4,,0,,,,
2017,7,244.0,임실,283.5,-32.4,38.5,15,20,18,11,3,,1.0,5.4,WNW,17,0,0,5,,0,,,,
2017,7,245.0,정읍,258.2,-21.5,65.8,15,19,15,7,4,,1.9,9.7,WSW,14,0,0,1,,0,,,,
2017,7,247.0,남원,207.2,-91.7,58.4,15,16,13,6,2,,1.4,6.5,W,14,0,0,2,,0,,,,
2017,7,248.0,장수,276.1,-57.5,44.0,8,21,20,11,2,,1.6,9.2,W,17,0,0,4,,0,,,,
2017,7,260.0,장흥,251.0,-39.9,112.7,6,14,12,6,2,,1.3,10.1,NE,5,0,0,3,,0,,,,
2017,7,261.0,해남,162.7,-84.1,86.0,6,15,8,2,2,,2.1,7.8,NW,6,0,0,4,,0,,,,
2017,7,262.0,고흥,269.5,2.8,144.3,6,10,9,4,2,,1.2,4.7,W,24,0,0,3,,0,,,,
2017,7,268.0,진도군,113.2,,33.0,8,13,8,4,1,,2.2,7.0,SW,3,0,0,13,,0,,,,
2017,7,271.0,봉화,255.3,-41.2,66.0,3,18,17,7,3,,1.2,4.8,NNW,14,0,0,6,,0,,,,
2017,7,272.0,영주,337.7,34.1,72.5,3,20,17,11,2,,1.5,8.9,NW,14,0,0,8,,0,,,,
2017,7,273.0,문경,678.7,370.0,132.5,28,21,19,12,8,,1.1,5.9,S,14,0,0,8,,0,,,,
2017,7,277.0,영덕,172.4,-17.3,48.0,25,18,12,6,1,,2.2,7.7,WSW,14,0,0,6,,0,,,,
2017,7,278.0,의성,242.8,11.6,63.0,28,21,15,11,2,,1.0,8.5,W,14,0,0,3,,0,,,,
2017,7,279.0,구미,123.4,-114.5,35.9,29,14,10,5,1,,0.9,6.1,WNW,14,0,0,4,,0,,,,
2017,7,281.0,영천,181.3,-43.1,96.5,14,16,13,4,1,,1.6,6.2,W,17,0,0,4,,0,,,,
2017,7,284.0,거창,147.4,-154.0,26.5,15,16,13,8,0,,1.0,6.7,W,17,0,0,5,,0,,,,
2017,7,285.0,합천,113.6,-173.8,21.0,6,20,14,4,0,,1.2,6.0,WNW,17,0,0,3,,0,,,,
2017,7,288.0,밀양,51.7,-217.8,14.2,25,13,7,2,0,,1.1,5.6,WNW,24,0,0,2,,0,,,,
2017,7,289.0,산청,117.2,-207.6,38.7,8,19,14,3,1,,1.1,4.9,W,17,0,0,2,,0,,,,
2017,7,294.0,거제,235.0,-191.4,146.5,4,15,10,2,2,,2.0,6.0,NW,11,0,0,5,,0,,,,
2017,7,295.0,남해,133.8,-225.5,40.5,4,14,13,4,1,,1.2,4.0,SW,3,0,0,2,,0,,,,
2017,8,90.0,속초,424.9,131.9,89.4,18,17,16,9,5,,1.1,7.7,N,24,,,10,,0,,,,
2017,8,93.0,북춘천,376.3,,89.0,24,16,14,7,5,,1.1,6.4,NE,6,1,16,3,5,0,6,0,0,0
2017,8,95.0,철원,354.9,16.7,102.6,20,15,12,6,4,,1.7,5.9,NNE,16,0,0,2,,0,,,,
2017,8,98.0,동두천,334.6,-73.7,91.3,20,13,12,8,4,,1.4,6.8,SW,24,0,0,3,,0,,,,
2017,8,99.0,파주,318.1,,87.7,20,13,10,6,4,,1.4,6.4,SSW,24,0,0,5,,0,,,,
2017,8,100.0,대관령,293.3,-127.6,66.5,15,20,16,9,3,,2.5,10.4,W,24,0,0,0,,0,,,,
2017,8,101.0,춘천,343.1,25.6,77.4,15,16,12,7,6,,1.4,5.1,NW,24,0,0,4,,0,,,,
2017,8,102.0,백령도,126.3,-53.7,44.2,20,11,7,5,1,,3.8,11.4,SW,24,1,16,7,13,0,3,0,0,0
2017,8,104.0,북강릉,506.3,,97.2,11,18,17,12,8,,1.2,6.0,WSW,24,1,17,8,1,0,4,0,0,0
2017,8,105.0,강릉,444.1,145.2,92.5,15,20,17,10,4,,1.6,6.8,NE,24,0,0,1,,0,,,,
2017,8,106.0,동해,402.4,162.1,125.8,11,20,16,9,3,,1.5,8.4,N,29,0,0,7,,0,,,,
2017,8,108.0,서울,297.0,-67.2,124.5,20,14,12,4,3,,2.3,7.7,SSW,24,2,16,4,0,0,6,0,0,0
2017,8,112.0,인천,250.5,-35.3,89.8,15,14,12,5,3,,2.9,8.7,SW,24,1,12,2,0,0,5,0,0,0
2017,8,114.0,원주,273.6,-16.5,55.9,23,15,13,9,4,,1.0,4.2,NNE,18,0,0,4,,0,,,,
2017,8,115.0,울릉도,60.4,-107.5,13.7,24,15,10,2,0,,3.8,13.6,SW,24,3,19,0,5,0,1,0,0,0
2017,8,119.0,수원,359.7,59.9,130.8,20,15,13,8,5,,1.8,6.3,SW,24,2,15,2,0,0,4,0,0,0
2017,8,121.0,영월,272.8,-18.9,46.4,23,17,14,7,6,,0.9,7.0,E,13,0,0,5,,0,,,,
2017,8,127.0,충주,257.9,-10.7,57.6,23,14,12,9,3,,1.4,6.2,ESE,6,0,0,2,,0,,,,
2017,8,129.0,서산,231.3,-64.6,64.8,20,16,15,9,1,,1.6,8.1,SSW,24,3,11,3,2,0,6,0,0,0
2017,8,130.0,울진,267.1,58.3,58.2,10,19,18,8,2,,2.0,7.2,NW,31,0,0,6,,0,,,,
2017,8,131.0,청주,225.2,-59.9,39.8,21,15,13,7,4,,1.7,5.5,ENE,6,2,14,2,0,0,3,0,0,0
2017,8,133.0,대전,293.8,-35.7,65.0,14,16,14,7,6,,1.5,6.4,SE,19,1,12,3,1,0,6,0,0,0
2017,8,135.0,추풍령,208.2,-36.3,73.6,14,18,14,4,2,,2.2,8.4,N,11,0,0,4,,0,,,,
2017,8,136.0,안동,129.2,-88.6,29.5,10,17,13,6,0,,1.5,5.6,W,24,2,14,0,2,0,4,0,0,0
2017,8,137.0,상주,158.4,,39.1,15,17,15,3,2,,1.0,5.7,WSW,23,0,0,4,,0,,,,
2017,8,138.0,포항,209.0,-18.4,75.1,15,14,11,4,3,,2.4,6.6,WSW,22,5,12,3,1,0,2,0,0,0
2017,8,140.0,군산,164.7,-98.4,46.3,14,13,9,6,1,,2.0,9.6,S,24,0,0,3,,0,,,,
2017,8,143.0,대구,171.3,-64.6,65.0,14,16,13,5,1,,2.2,7.4,W,24,2,11,2,0,0,2,0,0,0
2017,8,146.0,전주,272.3,-5.2,79.1,24,15,13,6,3,,1.3,7.8,WSW,24,3,11,3,0,0,5,0,0,0
2017,8,152.0,울산,69.8,-170.5,34.1,14,10,8,2,1,,2.1,7.1,SW,24,6,10,2,0,0,1,0,0,0
2017,8,155.0,창원,227.9,-71.1,53.8,18,13,9,6,3,,1.5,5.9,SE,11,4,13,1,1,0,1,0,0,0
2017,8,156.0,광주,280.5,-17.3,89.1,21,16,13,6,3,,1.6,9.1,SSW,22,4,12,3,0,0,5,0,0,0
2017,8,159.0,부산,82.5,-172.6,28.3,14,8,5,3,0,,2.9,9.5,SW,24,4,12,1,1,0,2,0,0,0
2017,8,162.0,통영,169.7,-56.1,80.3,14,13,10,4,2,,2.4,9.9,S,21,0,0,1,,0,,,,
2017,8,165.0,목포,201.8,9.2,66.0,14,11,8,5,2,,3.3,9.9,N,29,4,9,1,1,0,3,0,0,0
2017,8,168.0,여수,311.6,48.7,93.5,14,13,11,5,4,,3.5,12.4,SSW,21,8,6,1,1,0,4,0,0,0
2017,8,169.0,흑산도,262.9,65.8,68.5,13,11,8,4,4,,4.4,16.8,SE,14,10,7,0,7,3,6,0,0,0
2017,8,170.0,완도,254.7,11.1,164.8,14,12,11,3,1,,2.4,9.1,SE,13,0,0,2,,0,,,,
2017,8,172.0,고창,243.4,,52.5,21,16,13,7,3,,2.3,8.5,WSW,24,0,0,2,,0,,,,
2017,8,174.0,순천,273.5,,86.1,21,12,12,5,3,,1.4,5.9,ENE,21,0,0,2,,0,,,,
2017,8,177.0,홍성(예),290.2,,68.0,14,19,15,8,4,,1.2,6.0,SW,24,0,0,3,,0,,,,
2017,8,184.0,제주,159.5,-103.0,58.7,8,11,8,4,2,,2.8,8.5,NE,2,6,5,1,0,0,6,0,0,0
2017,8,185.0,고산,279.7,77.9,109.8,19,12,10,5,3,,5.3,19.7,WNW,8,0,0,0,,3,,,,
2017,8,188.0,성산,437.3,76.7,155.3,25,13,9,6,4,,2.8,7.7,SSW,24,0,0,0,,0,,,,
2017,8,189.0,서귀포,231.8,-59.8,93.6,14,12,12,4,3,,1.8,5.6,SW,9,0,0,0,,0,,,,
2017,8,192.0,진주,166.4,-150.5,48.5,14,14,9,6,1,,1.1,4.6,WSW,24,0,0,2,,0,,,,
2017,8,201.0,강화,255.0,-71.6,108.5,20,13,11,4,2,,1.9,11.2,SW,24,0,0,4,,0,,,,
2017,8,202.0,양평,315.5,-57.6,57.0,20,19,16,9,4,,1.4,6.7,SSE,18,0,0,7,,0,,,,
2017,8,203.0,이천,303.8,-16.1,53.1,15,13,13,9,4,,1.1,6.2,SW,24,0,0,3,,0,,,,
2017,8,211.0,인제,299.6,5.6,63.0,23,16,14,7,4,,1.5,5.5,SSE,24,0,0,5,,0,,,,
2017,8,212.0,홍천,326.1,9.8,74.5,21,19,16,9,3,,1.2,4.6,SW,24,0,0,3,,0,,,,
2017,8,216.0,태백,254.2,-25.4,37.6,15,18,16,11,1,,1.3,6.6,SW,21,0,0,8,,0,,,,
2017,8,217.0,정선군,248.0,,55.0,23,19,15,9,3,,1.1,10.1,NNE,24,0,0,5,,0,,,,
2017,8,221.0,제천,265.1,-28.6,83.5,23,17,15,8,3,,1.4,6.7,SW,24,0,0,6,,0,,,,
2017,8,226.0,보은,315.8,25.5,47.5,15,20,16,10,5,,1.2,6.2,S,6,0,0,3,,0,,,,
2017,8,232.0,천안,291.5,-6.8,62.0,21,16,14,8,5,,1.4,5.6,SW,23,0,0,2,,0,,,,
2017,8,235.0,보령,210.0,-87.1,80.2,14,14,13,5,2,,1.6,9.2,SSW,24,0,0,2,,0,,,,
2017,8,236.0,부여,358.5,75.5,107.0,14,19,14,8,5,,1.3,7.1,SW,24,0,0,3,,0,,,,
2017,8,238.0,금산,222.3,-44.5,88.5,14,20,16,5,2,,1.2,6.1,SW,24,0,0,5,,0,,,,
2017,8,243.0,부안,137.8,-112.4,43.0,21,13,10,5,2,,1.6,7.4,S,21,0,0,3,,0,,,,
2017,8,244.0,임실,226.0,-85.8,51.5,22,16,13,7,2,,1.0,4.1,SW,22,0,0,4,,0,,,,
2017,8,245.0,정읍,192.8,-77.5,85.2,21,14,12,6,1,,1.6,9.2,SW,21,0,0,1,,0,,,,
2017,8,247.0,남원,184.6,-161.5,67.7,21,15,10,5,1,,1.3,5.6,SSW,22,0,0,3,,0,,,,
2017,8,248.0,장수,262.7,-72.8,66.5,21,17,13,7,3,,1.4,6.8,SW,24,0,0,4,,0,,,,
2017,8,251.0,고창군,336.7,,95.5,25,18,17,6,3,,1.7,6.5,S,21,0,0,2,,0,,,,
2017,8,252.0,영광군,188.6,,42.5,13,15,12,7,2,,2.1,7.6,WSW,24,0,0,0,,0,,,,
2017,8,253.0,김해시,70.0,,28.7,9,12,10,2,0,,1.9,7.7,WNW,24,0,0,1,,0,,,,
2017,8,254.0,순창군,229.4,,58.5,21,16,13,8,3,,1.4,8.1,W,22,0,0,3,,0,,,,
2017,8,255.0,북창원,186.1,,43.0,18,14,11,5,2,,1.3,4.5,ENE,5,0,0,1,,0,,,,
2017,8,257.0,양산시,46.4,,21.5,9,13,7,2,0,,2.4,7.1,WSW,24,0,0,1,,0,,,,
2017,8,258.0,보성군,239.7,,79.5,14,13,10,5,3,,1.2,4.5,SSW,21,0,0,3,,0,,,,
2017,8,259.0,강진군,199.2,,83.5,14,12,8,5,2,,2.0,7.1,WSW,21,0,0,2,,0,,,,
2017,8,260.0,장흥,216.5,-90.0,89.7,14,12,7,4,2,,1.4,5.4,E,5,0,0,2,,0,,,,
2017,8,261.0,해남,198.9,-49.6,75.9,14,12,8,4,3,,2.2,9.3,ESE,13,0,0,2,,0,,,,
2017,8,262.0,고흥,109.8,-158.9,73.1,14,9,8,3,1,,1.2,5.2,WNW,7,0,0,2,,0,,,,
2017,8,263.0,의령군,197.1,,59.0,17,13,11,4,4,,0.9,6.1,SSW,24,0,0,2,,0,,,,
2017,8,264.0,함양군,131.8,,48.0,14,15,10,2,2,,0.8,6.3,WSW,24,0,0,4,,0,,,,
2017,8,266.0,광양시,227.0,,76.0,21,16,12,4,3,,1.6,6.3,NE,14,0,0,2,,0,,,,
2017,8,268.0,진도군,261.6,,88.5,14,13,9,5,3,,2.1,7.6,NNE,30,0,0,6,,0,,,,
2017,8,271.0,봉화,201.5,-40.5,29.5,24,17,16,8,0,,1.1,4.9,SE,7,0,0,5,,0,,,,
2017,8,272.0,영주,320.5,47.4,48.0,15,17,17,11,4,,1.5,6.5,WNW,29,0,0,6,,0,,,,
2017,8,273.0,문경,211.6,-52.1,56.5,15,19,14,8,2,,1.3,5.5,NW,6,0,0,5,,0,,,,
2017,8,276.0,청송군,112.2,,28.0,15,16,14,4,0,,0.8,5.7,WSW,23,0,0,4,,0,,,,
2017,8,277.0,영덕,322.1,105.2,96.5,10,20,15,7,4,,2.1,9.8,NNE,31,0,0,5,,0,,,,
2017,8,278.0,의성,121.2,-108.8,31.5,14,19,16,3,1,,1.0,6.5,WSW,22,0,0,3,,0,,,,
2017,8,279.0,구미,228.2,-8.8,85.9,14,17,14,5,2,,0.9,4.2,ENE,11,0,0,4,,0,,,,
2017,8,281.0,영천,191.7,-33.6,75.5,10,14,12,5,2,,1.5,5.6,W,24,0,0,3,,0,,,,
2017,8,283.0,경주시,119.4,,42.5,14,14,9,4,1,,1.9,8.0,NNE,7,0,0,4,,0,,,,
2017,8,284.0,거창,159.2,-125.6,50.2,14,14,11,4,2,,1.1,5.8,N,29,0,0,3,,0,,,,
2017,8,285.0,합천,158.2,-136.3,32.5,14,18,15,6,2,,1.0,5.3,S,22,0,0,2,,0,,,,
2017,8,288.0,밀양,120.3,-117.3,33.4,18,12,11,6,1,,1.0,4.7,SW,24,0,0,1,,0,,,,
2017,8,289.0,산청,161.8,-205.1,56.0,14,13,10,3,3,,1.1,4.6,NE,11,0,0,3,,0,,,,
2017,8,294.0,거제,198.7,-136.9,90.0,14,11,8,4,3,,1.9,6.2,SE,21,0,0,2,,0,,,,
2017,8,295.0,남해,272.3,-39.9,104.0,14,13,10,6,4,,1.3,4.3,S,21,0,0,3,,0,,,,
2017,9,90.0,속초,50.5,-182.4,28.8,19,5,5,2,0,,1.6,7.6,ENE,27,,,4,,0,,,,
2017,9,93.0,북춘천,33.8,,17.0,19,6,2,2,0,129.3,1.1,6.2,SW,29,5,5,1,3,0,1,0,0,0
2017,9,95.0,철원,26.6,-121.9,12.8,11,5,4,1,0,,1.4,8.7,NNW,19,0,0,6,,0,,,,
2017,9,98.0,동두천,25.3,-147.5,19.8,11,4,3,1,0,,1.3,8.1,NW,19,0,0,1,,0,,,,
2017,9,99.0,파주,23.1,,19.8,11,6,3,1,0,,1.4,5.6,SW,28,0,0,2,,0,,,,
2017,9,100.0,대관령,69.3,-238.0,31.1,19,8,7,3,1,115.8,2.4,9.4,W,30,0,0,0,,0,,,,
2017,9,101.0,춘천,32.2,-128.7,19.4,11,5,2,2,0,,1.2,4.9,NE,16,0,0,1,,0,,,,
2017,9,102.0,백령도,4.2,-109.7,2.4,11,3,2,0,0,,3.3,10.2,SSW,22,11,4,1,5,0,0,0,0,0
2017,9,104.0,북강릉,51.9,,18.4,19,6,5,3,0,,1.5,6.2,WNW,19,11,5,5,0,0,1,0,0,0
2017,9,105.0,강릉,45.7,-198.1,14.0,11,8,5,2,0,,2.3,6.8,NW,30,0,0,1,,0,,,,
2017,9,106.0,동해,38.3,-202.8,14.4,11,8,5,1,0,,1.9,7.9,N,25,0,0,5,,0,,,,
2017,9,108.0,서울,35.0,-134.3,24.0,11,5,3,1,0,,2.0,6.8,SW,19,7,6,4,0,0,1,0,0,0
2017,9,112.0,인천,21.6,-131.9,19.0,11,3,2,1,0,,2.8,9.0,W,19,8,4,3,3,0,1,0,0,0
2017,9,114.0,원주,16.0,-157.4,8.1,11,4,2,0,0,130.5,0.9,4.9,NNE,17,0,0,3,,0,,,,
2017,9,115.0,울릉도,124.8,-45.9,81.6,11,9,5,2,1,111.7,3.6,13.5,NW,29,5,6,3,3,0,1,0,0,0
2017,9,119.0,수원,26.1,-127.8,15.7,11,4,4,1,0,,1.6,6.8,ESE,15,9,5,3,0,0,1,0,0,0
2017,9,121.0,영월,32.8,-117.5,11.6,11,5,4,2,0,,0.7,6.2,E,17,0,0,3,,0,,,,
2017,9,127.0,충주,62.4,-86.5,27.0,19,5,4,3,0,,1.1,8.2,SW,19,0,0,3,,0,,,,
2017,9,129.0,서산,37.6,-124.8,22.9,27,3,2,2,0,,1.6,6.1,WNW,28,9,6,3,6,0,0,0,0,0
2017,9,130.0,울진,92.8,-92.8,64.2,11,7,4,3,1,,2.2,6.9,NW,17,0,0,4,,0,,,,
2017,9,131.0,청주,78.3,-68.8,34.9,27,5,5,2,2,,1.6,6.6,ESE,16,7,6,2,1,0,0,0,0,0
2017,9,133.0,대전,111.4,-58.3,77.0,11,6,3,2,2,,1.4,6.9,ESE,15,8,5,2,2,0,1,0,0,0
2017,9,135.0,추풍령,105.9,-33.2,58.2,11,5,5,2,2,132.8,2.0,7.5,NE,27,0,0,3,,0,,,,
2017,9,136.0,안동,91.6,-40.3,49.2,27,4,3,2,2,,1.3,6.6,SE,15,6,7,0,11,0,1,0,0,0
2017,9,137.0,상주,102.7,,52.9,11,5,4,2,2,,1.0,4.5,WNW,20,0,0,3,,0,,,,
2017,9,138.0,포항,138.2,-38.9,57.0,11,9,5,3,2,,2.6,8.4,NE,17,7,7,3,0,0,0,0,0,0
2017,9,140.0,군산,90.2,-37.1,42.8,11,4,4,2,2,,1.7,7.6,W,28,0,0,2,,0,,,,
2017,9,143.0,대구,97.5,-46.0,54.0,27,6,4,2,2,,1.8,7.5,E,15,8,8,2,0,0,0,0,0,0
2017,9,146.0,전주,91.9,-45.7,39.1,27,4,4,3,2,,1.4,5.3,W,28,8,6,3,3,0,0,0,0,0
2017,9,152.0,울산,178.0,9.8,104.5,11,7,6,4,1,,2.0,6.7,ENE,15,7,8,2,0,0,0,0,0,0
2017,9,155.0,창원,104.8,-62.5,61.9,11,4,4,2,2,,1.4,6.9,ENE,15,5,8,3,0,0,0,0,0,0
2017,9,156.0,광주,108.8,-41.7,73.3,11,6,4,2,1,,1.5,6.5,NNE,13,4,6,2,1,0,1,0,0,0
2017,9,159.0,부산,335.0,177.0,264.1,11,6,5,4,2,,2.8,8.8,S,11,7,9,2,1,0,1,0,0,0
2017,9,162.0,통영,362.2,225.5,273.2,11,5,4,3,2,,2.2,10.1,SSW,11,0,0,3,,0,,,,
2017,9,165.0,목포,109.4,-38.1,55.1,11,7,6,3,1,,2.8,10.6,N,17,7,6,2,3,0,1,0,0,0
2017,9,168.0,여수,163.9,6.8,91.5,6,4,4,2,2,140.3,4.0,15.3,NE,16,6,8,0,1,2,1,0,0,0
2017,9,169.0,흑산도,115.9,-1.6,46.6,11,7,7,4,2,,3.8,12.5,NNW,17,6,6,2,8,0,1,0,0,0
2017,9,170.0,완도,135.8,-46.3,68.6,6,7,5,3,2,,2.1,8.8,SSE,26,0,0,2,,0,,,,
2017,9,172.0,고창,115.1,,71.9,11,6,5,3,1,93.6,1.7,8.1,NE,27,0,0,3,,0,,,,
2017,9,174.0,순천,78.4,,34.5,11,5,5,2,2,,1.2,6.2,SE,15,0,0,3,,0,,,,
2017,9,175.0,진도(첨찰산),101.9,,57.5,6,7,7,2,1,,4.4,8.9,SSW,15,0,0,3,,0,,,,
2017,9,184.0,제주,83.4,-138.2,35.9,7,9,5,3,1,,2.9,8.7,NNE,17,2,16,6,0,0,1,0,0,0
2017,9,185.0,고산,58.3,-57.9,36.3,7,9,4,2,1,114.5,5.3,16.7,WSW,11,0,0,2,,3,,,,
2017,9,188.0,성산,98.3,-130.1,43.7,11,11,9,3,1,,3.2,9.0,S,11,0,0,3,,0,,,,
2017,9,189.0,서귀포,102.8,-93.8,32.6,26,11,8,4,1,,2.1,7.5,ENE,15,0,0,4,,0,,,,
2017,9,192.0,진주,116.6,-67.9,74.4,11,5,4,2,2,112.2,1.0,4.7,NE,15,0,0,3,,0,,,,
2017,9,201.0,강화,27.1,-138.3,25.0,11,6,1,1,0,,1.7,7.5,SW,19,0,0,3,,0,,,,
2017,9,202.0,양평,21.5,-140.5,16.5,11,4,3,1,0,,1.2,6.2,W,28,0,0,3,,0,,,,
2017,9,203.0,이천,27.9,-148.1,14.2,19,5,4,2,0,,1.0,6.5,SW,19,0,0,2,,0,,,,
2017,9,211.0,인제,51.0,-105.4,27.5,19,4,3,2,0,,1.6,5.5,S,28,0,0,1,,0,,,,
2017,9,212.0,홍천,50.4,-128.5,28.0,19,6,4,2,0,,1.1,5.1,W,28,0,0,2,,0,,,,
2017,9,216.0,태백,65.7,-138.2,24.9,11,8,7,2,0,,1.3,6.5,SW,19,0,0,5,,0,,,,
2017,9,221.0,제천,43.3,-117.8,21.5,19,6,4,2,0,,1.2,5.6,W,19,0,0,4,,0,,,,
2017,9,226.0,보은,108.6,-34.5,68.0,11,6,5,2,2,,1.0,5.0,NW,28,0,0,3,,0,,,,
2017,9,232.0,천안,43.3,-115.1,21.5,11,6,3,2,0,,1.2,7.1,E,15,0,0,0,,0,,,,
2017,9,235.0,보령,90.0,-48.4,63.6,11,4,4,2,1,,1.4,6.2,SSW,19,0,0,2,,0,,,,
2017,9,236.0,부여,97.1,-55.2,70.5,11,5,4,2,1,,1.2,5.5,E,15,0,0,2,,0,,,,
2017,9,238.0,금산,105.6,-34.2,56.5,11,6,4,2,2,,1.1,4.7,SW,19,0,0,4,,0,,,,
2017,9,243.0,부안,105.0,-41.9,50.0,27,4,4,2,2,,1.4,5.7,NNE,17,0,0,3,,0,,,,
2017,9,244.0,임실,115.5,-23.0,61.0,11,4,4,3,2,,0.8,4.1,ESE,15,0,0,4,,0,,,,
2017,9,245.0,정읍,108.1,-42.9,53.1,11,5,4,3,2,,1.2,7.1,N,17,0,0,4,,0,,,,
2017,9,247.0,남원,117.6,-19.4,82.1,11,5,3,3,1,,1.6,7.0,ENE,15,0,0,3,,0,,,,
2017,9,248.0,장수,148.0,3.2,89.0,11,4,4,4,2,,1.3,5.5,N,17,0,0,3,,0,,,,
2017,9,260.0,장흥,96.4,-95.3,49.3,6,6,6,2,2,,1.2,6.9,E,15,0,0,2,,0,,,,
2017,9,261.0,해남,86.5,-77.8,60.5,6,6,6,2,1,,1.8,9.9,SW,11,0,0,2,,0,,,,
2017,9,262.0,고흥,126.6,-48.5,80.7,6,6,4,2,2,,1.0,5.6,E,15,0,0,3,,0,,,,
2017,9,268.0,진도군,107.3,,61.0,6,7,6,2,2,,1.9,7.8,SW,11,0,0,2,,0,,,,
2017,9,271.0,봉화,65.5,-83.2,48.5,11,5,3,2,1,,1.2,5.0,SE,15,0,0,2,,0,,,,
2017,9,272.0,영주,77.3,-75.9,50.0,11,8,5,2,1,,1.8,7.4,WNW,20,0,0,2,,0,,,,
2017,9,273.0,문경,89.0,-52.4,46.5,11,5,4,2,2,,1.4,6.5,E,15,0,0,3,,0,,,,
2017,9,277.0,영덕,103.8,-52.1,58.5,11,6,4,2,2,,2.5,10.0,NNE,17,0,0,3,,0,,,,
2017,9,278.0,의성,74.7,-57.0,37.5,27,6,4,2,2,,1.1,5.8,ENE,17,0,0,4,,0,,,,
2017,9,279.0,구미,81.0,-65.3,42.0,11,5,3,2,2,,0.9,3.5,WNW,29,0,0,4,,0,,,,
2017,9,281.0,영천,90.5,-44.5,43.0,27,5,3,2,2,,1.4,5.8,E,15,0,0,2,,0,,,,
2017,9,284.0,거창,148.2,-17.8,74.8,11,5,4,3,2,,1.1,6.1,NNW,17,0,0,4,,0,,,,
2017,9,285.0,합천,106.5,-51.5,50.5,11,5,4,3,2,,1.0,4.9,NE,15,0,0,3,,0,,,,
2017,9,288.0,밀양,69.8,-66.3,33.4,11,6,5,3,1,,0.9,4.3,N,17,0,0,4,,0,,,,
2017,9,289.0,산청,96.9,-125.4,54.0,11,5,4,3,1,,1.0,5.8,WNW,29,0,0,4,,0,,,,
2017,9,294.0,거제,410.5,209.8,308.0,11,6,5,4,3,,1.5,7.5,NW,11,0,0,4,,0,,,,
2017,9,295.0,남해,169.8,-43.6,79.0,6,6,5,3,2,,1.3,5.4,E,15,0,0,4,,0,,,,
2017,10,90.0,속초,135.4,46.7,38.8,10,7,6,4,3,,1.7,9.8,N,29,,,4,,0,,,,
2017,10,93.0,북춘천,42.6,,22.5,11,7,6,1,0,93.6,1.1,5.9,SW,31,10,8,0,6,0,0,0,2,2
2017,10,95.0,철원,10.8,-33.9,6.6,11,2,2,0,0,,1.2,6.9,NNE,2,0,0,0,,0,,,,
2017,10,98.0,동두천,18.5,-32.6,8.2,10,6,3,0,0,,1.3,8.0,NW,29,0,0,0,,0,,,,
2017,10,99.0,파주,9.8,,6.0,11,3,2,0,0,,1.3,6.5,NE,22,0,0,0,,0,,,,
2017,10,100.0,대관령,53.3,-71.6,17.1,11,11,8,2,0,69.8,2.0,8.2,NE,22,0,0,0,,0,,,,
2017,10,101.0,춘천,50.0,5.7,29.6,11,7,6,1,0,,1.1,5.9,NNE,22,0,0,2,,0,,,,
2017,10,102.0,백령도,9.5,-19.7,9.4,11,2,1,0,0,,3.0,14.7,SSE,1,7,8,1,3,1,0,0,0,0
2017,10,104.0,북강릉,133.5,,36.8,29,11,8,6,1,,1.5,6.0,ESE,5,5,12,7,2,0,1,0,0,0
2017,10,105.0,강릉,114.5,4.1,25.0,29,14,10,5,0,,1.9,6.6,SSW,5,0,0,3,,0,,,,
2017,10,106.0,동해,124.8,41.3,67.2,29,12,10,2,1,,2.0,10.5,N,22,0,0,7,,0,,,,
2017,10,108.0,서울,26.5,-25.3,20.0,11,6,3,1,0,,1.9,7.6,W,29,10,9,0,0,0,0,0,1,2
2017,10,112.0,인천,21.8,-31.6,16.2,11,4,2,1,0,,3.0,9.6,N,29,12,9,1,2,0,0,0,0,0
2017,10,114.0,원주,15.9,-34.2,6.4,11,5,4,0,0,91.5,0.7,6.6,NNE,22,0,0,3,,0,,,,
2017,10,115.0,울릉도,106.0,22.1,44.2,12,11,8,4,1,84.8,4.4,16.5,NNE,29,2,17,2,7,2,0,0,0,0
2017,10,119.0,수원,28.7,-24.4,16.8,11,5,3,2,0,,1.5,7.1,ENE,22,11,8,0,0,0,0,0,2,2
2017,10,121.0,영월,22.0,-18.1,6.8,2,6,5,0,0,,0.9,6.5,E,23,0,0,3,,0,,,,
2017,10,127.0,충주,21.2,-36.3,7.4,2,5,5,0,0,,1.1,6.5,W,29,0,0,4,,0,,,,
2017,10,129.0,서산,25.5,-26.7,11.2,1,5,3,1,0,,1.7,8.4,NW,29,9,6,2,1,0,0,0,2,0
2017,10,130.0,울진,133.9,69.7,40.5,2,12,10,5,1,,2.6,9.9,ENE,18,0,0,5,,0,,,,
2017,10,131.0,청주,23.1,-27.0,9.2,2,5,3,0,0,,1.5,7.0,NNE,22,10,5,1,1,0,0,0,1,1
2017,10,133.0,대전,28.3,-19.1,16.5,1,5,5,1,0,,1.2,7.4,NE,4,9,6,2,0,0,0,0,2,2
2017,10,135.0,추풍령,48.2,4.3,16.7,12,5,5,2,0,95.5,2.1,9.7,W,29,0,0,4,,0,,,,
2017,10,136.0,안동,68.5,31.6,24.2,12,7,5,3,0,,1.3,6.3,WNW,29,3,12,0,13,0,0,0,1,1
2017,10,137.0,상주,54.6,,16.5,12,5,5,3,0,,1.0,5.7,W,29,0,0,4,,0,,,,
2017,10,138.0,포항,81.5,37.8,27.0,12,9,6,3,0,,2.7,9.3,NNE,22,4,15,3,0,0,0,0,0,0
2017,10,140.0,군산,28.0,-26.2,19.5,1,7,5,1,0,,1.6,11.6,W,29,0,0,2,,0,,,,
2017,10,143.0,대구,54.3,20.5,27.0,12,6,4,2,0,,1.8,8.2,ENE,22,6,12,4,0,0,0,0,1,1
2017,10,146.0,전주,28.2,-25.3,13.5,1,5,5,1,0,,1.4,7.2,W,29,11,7,4,2,0,0,0,2,1
2017,10,152.0,울산,63.1,9.6,26.9,2,7,5,3,0,,2.3,8.5,NNE,22,4,14,4,0,0,0,0,0,0
2017,10,155.0,창원,81.4,31.2,42.8,2,7,7,3,1,,1.6,10.0,NE,22,8,13,3,0,0,0,0,0,0
2017,10,156.0,광주,85.4,38.6,47.3,1,7,7,1,1,,1.5,7.5,NE,22,9,10,3,0,0,0,0,1,0
2017,10,159.0,부산,138.3,79.9,104.6,2,8,7,2,1,,2.9,9.6,N,30,6,13,3,0,0,0,0,0,0
2017,10,162.0,통영,132.1,77.9,83.0,2,9,6,4,1,,2.6,10.8,SSE,2,0,0,4,,0,,,,
2017,10,165.0,목포,62.7,15.8,37.0,1,7,7,2,1,,3.5,14.7,NNW,29,8,11,6,1,1,1,0,0,0
2017,10,168.0,여수,148.3,100.2,72.8,1,7,6,4,2,127.4,4.9,17.4,NE,22,12,10,5,0,2,0,0,0,0
2017,10,169.0,흑산도,88.9,43.5,59.0,1,8,6,1,1,,5.9,18.5,NNW,29,8,13,6,7,5,0,0,0,0
2017,10,170.0,완도,122.1,65.6,71.4,1,7,6,3,2,,1.8,10.0,S,1,0,0,5,,0,,,,
2017,10,172.0,고창,38.7,,19.5,1,6,6,1,0,73.2,2.2,12.3,NW,29,0,0,5,,0,,,,
2017,10,174.0,순천,130.7,,65.3,1,8,6,3,2,,1.3,7.4,NW,29,0,0,4,,0,,,,
2017,10,175.0,진도(첨찰산),101.5,,62.5,1,7,6,3,1,,4.2,9.0,ENE,3,0,0,7,,0,,,,
2017,10,184.0,제주,162.0,81.7,67.5,2,9,6,5,2,,3.2,10.4,NW,29,4,14,10,0,0,1,0,0,0
2017,10,185.0,고산,152.4,106.7,70.9,1,7,6,3,2,100.9,6.2,21.8,NNW,29,0,0,4,,4,,,,
2017,10,188.0,성산,389.1,298.3,220.6,2,10,9,6,3,,3.6,9.9,N,22,0,0,8,,0,,,,
2017,10,189.0,서귀포,231.4,149.8,111.9,1,8,7,4,3,,2.3,8.9,SSW,2,0,0,5,,0,,,,
2017,10,192.0,진주,105.7,60.7,37.4,2,8,7,4,1,86.2,1.1,5.5,NNW,29,0,0,2,,0,,,,
2017,10,201.0,강화,20.0,-31.2,9.5,10,4,3,0,0,,1.8,7.2,N,2,0,0,1,,0,,,,
2017,10,202.0,양평,30.8,-14.4,18.5,11,7,4,1,0,,1.2,7.0,ENE,22,0,0,1,,0,,,,
2017,10,203.0,이천,18.7,-23.4,9.8,1,7,3,0,0,,1.0,5.6,NNE,22,0,0,2,,0,,,,
2017,10,211.0,인제,40.6,-0.1,30.5,11,8,6,1,1,,1.5,6.2,N,22,0,0,2,,0,,,,
2017,10,212.0,홍천,40.0,-9.5,26.0,11,6,4,1,0,,1.0,4.9,WNW,29,0,0,1,,0,,,,
2017,10,216.0,태백,41.1,-10.7,11.1,2,8,7,1,0,,1.2,7.2,NNE,22,0,0,7,,0,,,,
2017,10,221.0,제천,22.5,-29.0,8.0,1,6,5,0,0,,1.2,8.1,ENE,22,0,0,4,,0,,,,
2017,10,226.0,보은,28.5,-16.5,14.4,1,6,5,1,0,,0.9,6.9,NW,29,0,0,4,,0,,,,
2017,10,232.0,천안,14.1,-39.0,5.9,1,5,3,0,0,,1.2,6.3,NE,22,0,0,2,,0,,,,
2017,10,235.0,보령,26.6,-26.8,16.6,1,6,3,1,0,,1.4,5.9,NE,22,0,0,3,,0,,,,
2017,10,236.0,부여,51.9,-1.2,40.4,1,5,3,1,1,,1.3,6.7,WNW,29,0,0,4,,0,,,,
2017,10,238.0,금산,35.1,-13.4,14.5,1,6,5,1,0,,1.0,5.5,ENE,22,0,0,4,,0,,,,
2017,10,243.0,부안,35.5,-15.9,24.0,1,7,6,1,0,,1.5,6.6,NW,29,0,0,4,,0,,,,
2017,10,244.0,임실,57.7,15.8,27.0,1,8,5,3,0,,0.8,5.8,W,29,0,0,5,,0,,,,
2017,10,245.0,정읍,50.9,-3.4,23.5,1,8,7,1,0,,1.0,7.5,NNW,29,0,0,5,,0,,,,
2017,10,247.0,남원,94.1,47.8,37.7,1,8,6,3,1,,1.6,7.4,ENE,22,0,0,6,,0,,,,
2017,10,248.0,장수,72.3,27.8,21.5,12,9,7,3,0,,1.3,7.9,ENE,22,0,0,5,,0,,,,
2017,10,260.0,장흥,101.1,56.6,71.1,1,8,6,2,1,,1.4,8.8,N,29,0,0,6,,0,,,,
2017,10,261.0,해남,113.3,69.1,86.1,1,7,6,2,1,,1.8,8.5,SW,2,0,0,6,,0,,,,
2017,10,262.0,고흥,139.6,96.0,94.5,1,8,6,4,1,,1.0,7.1,NW,29,0,0,5,,0,,,,
2017,10,268.0,진도군,104.5,,69.0,1,7,6,3,1,,2.3,9.3,N,29,0,0,8,,0,,,,
2017,10,271.0,봉화,57.0,20.5,27.0,2,6,6,3,0,,1.3,6.3,NNE,22,0,0,3,,0,,,,
2017,10,272.0,영주,73.6,30.4,37.5,2,7,6,3,1,,1.8,9.1,NW,29,0,0,4,,0,,,,
2017,10,273.0,문경,48.6,7.2,17.0,2,6,5,2,0,,1.5,7.9,WNW,29,0,0,5,,0,,,,
2017,10,277.0,영덕,121.2,68.0,47.5,6,8,7,3,2,,2.6,14.1,NNE,22,0,0,6,,1,,,,
2017,10,278.0,의성,49.0,17.3,25.0,12,5,5,2,0,,1.0,7.4,ENE,22,0,0,1,,0,,,,
2017,10,279.0,구미,54.7,19.3,22.6,12,7,5,3,0,,0.9,5.3,ENE,22,0,0,3,,0,,,,
2017,10,281.0,영천,58.2,26.4,28.5,12,5,4,2,0,,1.4,7.2,ENE,22,0,0,3,,0,,,,
2017,10,284.0,거창,99.9,55.6,36.9,2,9,5,4,1,,1.1,7.2,NW,29,0,0,3,,0,,,,
2017,10,285.0,합천,83.3,45.0,28.0,12,7,4,3,0,,1.0,7.1,NE,22,0,0,4,,0,,,,
2017,10,288.0,밀양,58.4,18.9,24.5,2,7,5,2,0,,0.9,6.9,NNW,29,0,0,7,,0,,,,
2017,10,289.0,산청,82.2,33.9,30.0,1,7,6,3,1,,1.0,7.8,W,29,0,0,3,,0,,,,
2017,10,294.0,거제,120.3,56.7,70.0,2,8,6,4,1,,1.5,6.0,SE,1,0,0,5,,0,,,,
2017,10,295.0,남해,186.5,122.8,70.0,1,6,6,4,2,,1.3,5.0,NW,29,0,0,5,,0,,,,
2017,11,90.0,속초,41.2,-37.6,20.9,3,4,4,2,0,,2.2,8.2,WNW,20,,,0,,0,,,,
2017,11,93.0,북춘천,15.9,,6.9,25,7,4,0,0,60.0,1.2,8.0,WSW,24,12,5,1,4,0,0,6,20,23
2017,11,95.0,철원,33.5,-12.9,15.4,3,5,4,1,0,,1.3,7.2,SSW,10,0,0,2,,0,,,,
2017,11,98.0,동두천,19.0,-16.8,6.8,10,9,5,0,0,,1.7,10.0,WSW,10,0,0,2,,0,,,,
2017,11,99.0,파주,16.8,,5.9,10,9,4,0,0,,1.5,6.3,WNW,8,0,0,2,,0,,,,
2017,11,100.0,대관령,32.4,-44.5,16.0,25,9,4,1,0,77.6,4.8,13.5,W,15,0,0,0,,0,,,,
2017,11,101.0,춘천,23.1,-21.6,9.3,25,9,4,0,0,,1.2,7.6,W,15,0,0,0,,0,,,,
2017,11,102.0,백령도,7.4,-19.9,3.2,10,9,2,0,0,,4.5,15.5,WNW,23,2,11,0,1,1,0,6,0,4
2017,11,104.0,북강릉,30.6,,22.6,4,3,3,1,0,,2.1,8.8,W,11,15,1,1,0,0,2,0,1,11
2017,11,105.0,강릉,41.5,-38.8,33.0,4,5,3,1,1,,3.0,9.6,SW,28,0,0,1,,0,,,,
2017,11,106.0,동해,31.2,-36.4,30.7,4,3,1,1,1,,2.2,8.7,WSW,10,0,0,1,,0,,,,
2017,11,108.0,서울,40.7,-11.8,24.0,25,8,6,1,0,,2.1,6.7,WNW,15,10,7,1,1,0,2,5,14,20
2017,11,112.0,인천,42.2,-8.8,33.5,25,9,4,1,1,,3.4,12.2,NNW,10,12,4,1,2,0,3,4,6,15
2017,11,114.0,원주,35.2,-8.3,16.6,25,8,7,1,0,60.4,0.8,6.2,WNW,15,0,0,0,,0,,,,
2017,11,115.0,울릉도,88.9,-16.6,30.9,18,12,8,3,1,79.9,3.9,17.7,NNE,4,2,11,1,0,2,3,10,0,1
2017,11,119.0,수원,37.6,-12.1,13.0,25,12,6,1,0,,1.7,7.4,SSW,25,13,4,0,2,0,3,2,17,21
2017,11,121.0,영월,27.9,-4.3,16.7,26,8,5,1,0,,1.0,8.4,W,15,0,0,1,,0,,,,
2017,11,127.0,충주,17.6,-29.6,7.0,26,9,6,0,0,,1.4,6.8,WNW,15,0,0,0,,0,,,,
2017,11,129.0,서산,24.7,-31.8,9.3,25,9,5,0,0,,2.0,8.9,NW,10,0,0,0,,0,,,,
2017,11,130.0,울진,8.1,-49.2,8.1,4,1,1,0,0,,2.6,9.0,WNW,19,0,0,1,,0,,,,
2017,11,131.0,청주,13.7,-33.0,7.6,26,6,3,0,0,,1.4,5.7,WSW,10,12,1,0,2,0,1,2,11,15
2017,11,133.0,대전,15.1,-26.0,5.9,24,8,4,0,0,,1.4,7.2,NW,10,13,0,0,2,0,0,2,12,13
2017,11,135.0,추풍령,17.2,-24.1,7.1,26,8,3,0,0,88.2,2.8,11.2,W,10,0,0,0,,0,,,,
2017,11,136.0,안동,0.3,-30.3,0.3,24,1,0,0,0,,1.6,8.1,WNW,10,13,1,0,6,0,0,1,15,18
2017,11,137.0,상주,4.1,,2.1,24,5,1,0,0,,1.7,7.4,W,10,0,0,0,,0,,,,
2017,11,138.0,포항,0.1,-41.0,0.1,24,1,0,0,0,,2.5,8.7,WNW,10,16,1,0,0,0,0,1,3,6
2017,11,140.0,군산,19.1,-39.4,6.8,23,10,4,0,0,,2.2,9.9,W,10,0,0,0,,0,,,,
2017,11,143.0,대구,0.1,-30.4,0.1,24,1,0,0,0,,2.0,9.1,WNW,10,14,1,0,0,0,0,1,9,15
2017,11,146.0,전주,3.1,-47.1,2.6,23,2,1,0,0,,1.7,7.6,SW,10,13,1,0,0,0,0,2,14,18
2017,11,152.0,울산,0.0,-41.1,0.0,10,0,0,0,0,,2.1,7.7,SSW,10,13,1,0,0,0,0,0,5,5
2017,11,155.0,창원,0.0,-52.2,0.0,23,0,0,0,0,,1.4,7.7,NE,30,11,2,0,0,0,0,0,2,2
2017,11,156.0,광주,2.1,-46.7,1.2,3,3,1,0,0,,1.3,7.3,WSW,24,10,6,0,1,0,0,1,4,7
2017,11,159.0,부산,0.3,-45.5,0.3,17,1,0,0,0,,2.9,8.9,WNW,11,12,2,0,0,0,0,0,0,1
2017,11,162.0,통영,1.0,-38.8,0.9,17,2,0,0,0,,2.2,8.5,NW,24,0,0,0,,0,,,,
2017,11,165.0,목포,1.4,-42.0,0.9,3,3,0,0,0,,4.1,16.2,N,18,8,5,0,1,1,0,2,2,1
2017,11,168.0,여수,0.6,-41.2,0.3,23,2,0,0,0,105.7,3.7,14.1,NW,3,12,3,0,0,1,0,0,0,1
2017,11,169.0,흑산도,1.9,-33.1,1.4,17,2,1,0,0,,5.6,18.0,N,18,8,6,0,2,8,0,2,0,0
2017,11,170.0,완도,1.4,-55.8,1.0,7,4,1,0,0,,2.0,10.6,N,18,0,0,1,,0,,,,
2017,11,172.0,고창,4.1,,1.9,8,6,1,0,0,64.6,2.9,13.5,NW,23,0,0,0,,0,,,,
2017,11,174.0,순천,3.4,,2.4,23,4,1,0,0,,1.8,7.6,NW,11,0,0,0,,0,,,,
2017,11,175.0,진도(첨찰산),3.8,,1.3,3,5,2,0,0,,4.4,9.6,E,29,0,0,0,,0,,,,
2017,11,177.0,홍성,17.7,,4.6,10,8,6,0,0,,1.6,7.6,W,10,11,3,0,2,0,3,3,15,18
2017,11,184.0,제주,19.2,-42.7,10.9,29,8,4,1,0,,3.0,10.1,N,18,4,6,3,0,0,0,0,0,0
2017,11,185.0,고산,6.7,-50.7,2.6,29,7,2,0,0,100.0,6.9,19.1,N,18,0,0,0,,10,,,,
2017,11,188.0,성산,16.5,-68.6,9.6,29,7,2,0,0,,2.7,8.7,WNW,3,0,0,1,,0,,,,
2017,11,189.0,서귀포,6.7,-64.7,3.1,29,5,3,0,0,,1.4,6.8,SW,4,0,0,1,,0,,,,
2017,11,192.0,진주,0.0,-45.0,0.0,23,0,0,0,0,76.7,1.1,6.1,W,24,0,0,0,,0,,,,
2017,11,201.0,강화,14.7,-36.0,6.5,10,9,5,0,0,,1.9,8.2,SW,25,0,0,1,,0,,,,
2017,11,202.0,양평,37.2,-2.2,27.5,25,7,3,1,0,,1.6,8.3,NW,15,0,0,0,,0,,,,
2017,11,203.0,이천,28.6,-10.2,16.2,25,8,7,1,0,,1.3,6.4,SW,25,0,0,0,,0,,,,
2017,11,211.0,인제,28.2,-11.3,15.5,3,6,3,1,0,,1.7,6.1,SSE,10,0,0,1,,0,,,,
2017,11,212.0,홍천,27.3,-13.6,19.0,25,9,3,1,0,,1.0,6.6,W,15,0,0,0,,0,,,,
2017,11,216.0,태백,14.7,-28.7,9.6,10,5,4,0,0,,1.8,8.4,WSW,25,0,0,1,,0,,,,
2017,11,221.0,제천,34.1,-8.3,13.5,26,9,5,1,0,,1.6,8.7,W,15,0,0,1,,0,,,,
2017,11,226.0,보은,13.4,-30.7,4.5,24,7,4,0,0,,1.3,8.6,NW,10,0,0,0,,0,,,,
2017,11,232.0,천안,23.8,-25.4,9.3,26,8,5,0,0,,1.4,7.1,WSW,10,0,0,0,,0,,,,
2017,11,235.0,보령,15.9,-41.3,4.7,24,10,5,0,0,,1.6,7.6,SSW,25,0,0,0,,0,,,,
2017,11,236.0,부여,22.8,-30.4,8.0,24,10,7,0,0,,1.2,6.8,SW,10,0,0,0,,0,,,,
2017,11,238.0,금산,15.6,-31.9,6.5,24,7,5,0,0,,1.2,7.6,SW,25,0,0,0,,0,,,,
2017,11,243.0,부안,10.6,-43.3,5.0,23,5,4,0,0,,1.7,6.6,S,25,0,0,0,,0,,,,
2017,11,244.0,임실,14.2,-32.0,6.0,23,7,4,0,0,,1.0,6.2,WNW,24,0,0,0,,0,,,,
2017,11,245.0,정읍,8.4,-49.4,3.6,22,5,3,0,0,,1.6,8.0,SSW,25,0,0,0,,0,,,,
2017,11,247.0,남원,5.2,-37.6,2.9,23,5,2,0,0,,1.3,6.3,WSW,10,0,0,0,,0,,,,
2017,11,248.0,장수,11.5,-32.7,4.0,23,5,5,0,0,,1.7,8.2,WSW,10,0,0,0,,0,,,,
2017,11,260.0,장흥,1.7,-50.9,1.5,17,3,1,0,0,,1.6,8.4,NNW,18,0,0,0,,0,,,,
2017,11,261.0,해남,2.2,-44.6,1.5,17,5,1,0,0,,1.7,8.2,N,18,0,0,0,,0,,,,
2017,11,262.0,고흥,1.4,-45.3,1.2,17,2,1,0,0,,1.2,7.1,NW,23,0,0,0,,0,,,,
2017,11,268.0,진도군,2.9,,1.0,17,6,1,0,0,,2.6,10.7,N,18,0,0,0,,0,,,,
2017,11,271.0,봉화,7.0,-27.6,3.5,26,3,3,0,0,,1.4,6.3,N,19,0,0,0,,0,,,,
2017,11,272.0,영주,8.1,-31.2,4.5,26,6,2,0,0,,3.2,10.5,NW,11,0,0,0,,0,,,,
2017,11,273.0,문경,3.6,-34.7,1.5,26,4,3,0,0,,2.2,6.9,NW,18,0,0,0,,0,,,,
2017,11,277.0,영덕,0.1,-45.5,0.1,4,1,0,0,0,,2.8,9.0,W,20,0,0,1,,0,,,,
2017,11,278.0,의성,0.5,-31.0,0.5,22,1,0,0,0,,1.2,7.0,W,10,0,0,0,,0,,,,
2017,11,279.0,구미,1.2,-30.7,0.4,24,3,0,0,0,,1.1,5.1,W,15,0,0,0,,0,,,,
2017,11,281.0,영천,0.1,-32.7,0.1,24,1,0,0,0,,1.8,8.6,NW,10,0,0,0,,0,,,,
2017,11,284.0,거창,1.8,-34.1,1.0,3,2,1,0,0,,1.5,7.4,NW,11,0,0,0,,0,,,,
2017,11,285.0,합천,0.2,-31.8,0.2,3,1,0,0,0,,1.0,5.2,WSW,24,0,0,0,,0,,,,
2017,11,288.0,밀양,0.0,-38.2,0.0,24,0,0,0,0,,1.0,6.1,NNW,30,0,0,0,,0,,,,
2017,11,289.0,산청,0.8,-37.7,0.6,24,3,0,0,0,,1.8,10.4,W,24,0,0,0,,0,,,,
2017,11,294.0,거제,1.0,-53.7,0.5,18,2,0,0,0,,1.5,6.1,NNW,18,0,0,0,,0,,,,
2017,11,295.0,남해,0.5,-53.6,0.5,17,1,0,0,0,,1.2,5.3,WNW,24,0,0,0,,0,,,,
2017,12,90.0,속초,9.9,-28.3,9.4,24,2,1,0,0,,2.2,9.1,WNW,16,,,1,,0,,,,
2017,12,93.0,북춘천,24.5,,10.4,24,8,5,1,0,40.1,1.2,7.2,WSW,11,14,6,3,2,0,0,13,23,31
2017,12,95.0,철원,12.8,-8.4,7.3,24,6,2,0,0,,1.2,6.1,W,10,0,0,2,,0,,,,
2017,12,98.0,동두천,29.6,10.0,12.1,24,9,5,2,0,,1.6,7.4,NW,26,0,0,3,,0,,,,
2017,12,99.0,파주,24.9,,11.6,24,10,5,1,0,,1.3,7.2,WNW,10,0,0,2,,0,,,,
2017,12,100.0,대관령,8.6,-28.2,7.3,24,5,1,0,0,49.2,5.1,12.6,W,11,0,0,0,,0,,,,
2017,12,101.0,춘천,27.0,6.1,13.3,24,9,7,1,0,,1.3,6.1,W,10,0,0,3,,0,,,,
2017,12,102.0,백령도,18.3,0.9,5.5,6,14,7,0,0,,4.2,12.6,WNW,16,2,13,4,3,0,0,21,0,25
2017,12,104.0,북강릉,7.4,,7.4,24,1,1,0,0,,2.3,9.6,WNW,31,19,2,1,0,0,0,1,3,29
2017,12,105.0,강릉,5.5,-32.8,5.5,24,1,1,0,0,,3.4,8.2,WSW,25,0,0,0,,0,,,,
2017,12,106.0,동해,4.0,-17.3,4.0,24,1,1,0,0,,2.5,8.1,WNW,22,0,0,0,,0,,,,
2017,12,108.0,서울,34.8,13.3,20.0,24,10,6,1,0,,1.8,6.7,WNW,4,15,5,2,2,0,0,11,4,29
2017,12,112.0,인천,40.1,20.8,21.0,24,11,5,1,0,,3.6,11.8,NNW,11,15,4,0,5,0,3,15,7,29
2017,12,114.0,원주,19.0,-5.1,10.7,24,8,5,1,0,42.5,0.9,5.9,WNW,11,0,0,2,,0,,,,
2017,12,115.0,울릉도,106.2,-10.9,25.1,24,22,15,4,0,52.8,3.4,10.8,SW,11,2,15,1,1,0,1,24,0,15
2017,12,119.0,수원,38.5,16.7,17.0,24,10,7,1,0,,1.8,7.2,NW,11,14,4,1,7,0,0,13,21,30
2017,12,121.0,영월,22.9,3.6,12.3,24,8,5,1,0,,1.0,7.7,W,11,0,0,2,,0,,,,
2017,12,127.0,충주,25.5,4.4,12.7,24,9,4,1,0,,1.5,8.0,W,11,0,0,1,,0,,,,
2017,12,129.0,서산,30.0,-0.7,16.2,24,14,5,1,0,,2.1,8.8,NW,10,0,0,2,,0,,,,
2017,12,130.0,울진,8.0,-25.4,8.0,24,1,1,0,0,,2.8,10.1,WNW,16,0,0,0,,0,,,,
2017,12,131.0,청주,21.1,-4.2,12.8,24,7,6,1,0,,1.5,5.6,NW,10,9,5,1,2,0,0,15,8,27
2017,12,133.0,대전,33.5,7.6,21.4,24,10,5,1,0,,1.4,5.6,NW,26,7,7,2,3,0,0,9,23,30
2017,12,135.0,추풍령,26.0,1.8,16.8,24,10,5,1,0,61.9,3.3,10.2,W,26,0,0,1,,0,,,,
2017,12,136.0,안동,9.4,-7.2,7.9,24,4,1,0,0,,2.0,9.9,WNW,11,18,1,0,2,0,0,5,18,30
2017,12,137.0,상주,20.4,,15.7,24,7,3,1,0,,2.4,8.3,W,26,0,0,1,,0,,,,
2017,12,138.0,포항,10.5,-15.2,10.5,24,1,1,1,0,,2.9,8.0,WSW,11,21,1,0,0,0,1,0,0,27
2017,12,140.0,군산,46.9,14.8,27.6,24,14,9,1,0,,2.2,11.1,WNW,10,0,0,1,,0,,,,
2017,12,143.0,대구,11.0,-4.3,11.0,24,1,1,1,0,,2.6,8.8,WNW,11,15,2,0,0,0,0,3,5,30
2017,12,146.0,전주,36.5,5.4,22.7,24,10,5,1,0,,1.8,6.6,WNW,10,6,7,1,2,0,0,14,7,30
2017,12,152.0,울산,12.7,-10.3,12.7,24,1,1,1,0,,2.5,7.8,WNW,26,20,1,0,0,0,1,0,0,29
2017,12,155.0,창원,15.2,-6.8,13.2,24,2,2,1,0,,1.6,7.2,NE,20,17,0,0,1,0,1,0,5,27
2017,12,156.0,광주,28.5,-5.0,22.5,24,9,3,1,0,,1.5,7.1,WSW,24,3,7,0,1,0,0,11,5,20
2017,12,159.0,부산,10.6,-12.2,10.4,24,2,1,1,0,,3.0,11.8,W,24,19,0,0,0,0,1,0,0,25
2017,12,162.0,통영,17.6,-3.5,16.5,24,2,2,1,0,,2.5,9.6,WNW,11,0,0,0,,0,,,,
2017,12,165.0,목포,45.3,16.0,20.7,24,13,9,1,0,,3.9,13.4,NNW,24,2,9,1,2,0,0,10,3,22
2017,12,168.0,여수,16.5,-2.1,13.8,24,2,2,1,0,79.5,4.2,13.3,WNW,24,17,1,0,1,0,1,1,3,24
2017,12,169.0,흑산도,35.1,11.2,17.4,24,13,6,1,0,,6.1,17.0,NNW,8,1,12,0,0,11,1,12,1,4
2017,12,170.0,완도,5.5,-21.9,3.3,10,7,1,0,0,,2.4,11.3,NW,16,0,0,1,,0,,,,
2017,12,172.0,고창,44.7,,21.7,24,14,8,1,0,35.9,2.7,11.1,NW,11,0,0,0,,0,,,,
2017,12,174.0,순천,20.8,,18.6,24,2,2,1,0,,2.4,8.0,NW,11,0,0,0,,0,,,,
2017,12,175.0,진도(첨찰산),42.9,,20.9,24,12,7,1,0,,4.2,9.8,NE,24,0,0,1,,0,,,,
2017,12,177.0,홍성,33.6,,13.6,24,11,5,1,0,,1.4,6.7,W,10,4,7,1,7,0,2,19,14,29
2017,12,184.0,제주,25.4,-22.3,8.3,10,11,7,0,0,,3.9,11.8,N,16,0,19,2,0,0,1,7,0,0
2017,12,185.0,고산,16.7,-15.0,5.2,5,10,4,0,0,97.2,9.1,25.3,NNW,24,0,0,2,,15,,,,
2017,12,188.0,성산,31.8,-40.2,10.1,5,11,7,1,0,,2.7,9.4,S,24,0,0,0,,0,,,,
2017,12,189.0,서귀포,13.3,-31.8,5.4,24,9,5,0,0,,1.6,7.9,SSW,24,0,0,0,,0,,,,
2017,12,192.0,진주,14.0,-5.2,12.8,24,2,2,1,0,56.0,1.3,6.4,NNW,26,0,0,0,,0,,,,
2017,12,201.0,강화,26.6,7.8,12.0,24,9,5,1,0,,1.6,7.0,WSW,10,0,0,2,,0,,,,
2017,12,202.0,양평,26.0,7.7,13.0,24,8,5,1,0,,1.7,8.0,W,10,0,0,3,,0,,,,
2017,12,203.0,이천,30.2,13.9,13.5,24,10,7,1,0,,1.4,7.9,WNW,11,0,0,1,,0,,,,
2017,12,211.0,인제,20.0,0.3,11.0,24,7,4,1,0,,1.7,5.4,S,16,0,0,3,,0,,,,
2017,12,212.0,홍천,20.2,1.1,12.0,24,8,3,1,0,,1.1,6.5,WNW,16,0,0,1,,0,,,,
2017,12,216.0,태백,4.9,-14.3,4.2,24,3,1,0,0,,1.8,6.7,NNW,16,0,0,0,,0,,,,
2017,12,221.0,제천,24.0,1.0,12.5,24,9,5,1,0,,1.6,8.9,WSW,11,0,0,3,,0,,,,
2017,12,226.0,보은,27.6,1.2,14.5,24,10,5,1,0,,1.6,7.1,NW,4,0,0,2,,0,,,,
2017,12,232.0,천안,18.8,-8.0,10.7,24,9,4,1,0,,1.5,7.4,SW,10,0,0,1,,0,,,,
2017,12,235.0,보령,38.6,7.3,17.8,24,14,7,1,0,,1.5,6.3,SW,6,0,0,2,,0,,,,
2017,12,236.0,부여,36.1,8.7,17.0,24,9,6,1,0,,1.2,6.1,NW,4,0,0,1,,0,,,,
2017,12,238.0,금산,29.3,1.1,21.5,24,8,5,1,0,,1.2,5.2,W,26,0,0,1,,0,,,,
2017,12,243.0,부안,42.0,4.3,28.5,24,12,8,1,0,,1.6,6.2,WNW,11,0,0,2,,0,,,,
2017,12,244.0,임실,31.2,1.9,19.0,24,15,4,1,0,,1.1,6.0,W,4,0,0,3,,0,,,,
2017,12,245.0,정읍,43.0,1.4,23.3,24,16,9,1,0,,1.6,7.7,N,11,0,0,3,,0,,,,
2017,12,247.0,남원,28.2,2.8,20.1,24,9,2,1,0,,1.2,5.4,WNW,24,0,0,5,,0,,,,
2017,12,248.0,장수,33.9,-0.3,25.0,24,9,3,1,0,,1.9,7.5,W,24,0,0,2,,0,,,,
2017,12,260.0,장흥,23.4,-2.8,18.0,24,7,2,1,0,,1.9,8.5,NNW,26,0,0,0,,0,,,,
2017,12,261.0,해남,28.5,0.4,16.6,24,10,4,1,0,,1.7,9.3,WNW,24,0,0,1,,0,,,,
2017,12,262.0,고흥,11.0,-8.3,7.3,24,4,2,0,0,,1.7,7.8,WNW,31,0,0,0,,0,,,,
2017,12,268.0,진도군,39.2,,17.5,24,10,7,1,0,,2.5,8.6,N,16,0,0,2,,0,,,,
2017,12,271.0,봉화,13.1,-5.5,10.5,24,5,3,1,0,,1.7,7.9,NNW,16,0,0,1,,0,,,,
2017,12,272.0,영주,15.6,-2.7,12.0,24,6,3,1,0,,3.9,10.9,NW,11,0,0,0,,0,,,,
2017,12,273.0,문경,18.2,-1.8,13.5,24,6,3,1,0,,2.5,7.4,WNW,17,0,0,1,,0,,,,
2017,12,277.0,영덕,6.5,-17.7,6.5,24,1,1,0,0,,3.4,11.3,W,24,0,0,0,,0,,,,
2017,12,278.0,의성,10.1,-5.1,9.5,24,3,1,0,0,,1.5,7.8,WNW,11,0,0,1,,0,,,,
2017,12,279.0,구미,13.1,-3.7,11.9,24,5,1,1,0,,1.4,5.4,WNW,26,0,0,2,,0,,,,
2017,12,281.0,영천,10.0,-5.2,10.0,24,1,1,1,0,,2.5,8.3,WNW,26,0,0,1,,0,,,,
2017,12,284.0,거창,14.9,-4.3,13.8,24,3,1,1,0,,1.6,7.3,NNW,16,0,0,1,,0,,,,
2017,12,285.0,합천,12.6,-2.6,12.5,24,2,1,1,0,,1.2,5.3,NNW,26,0,0,0,,0,,,,
2017,12,288.0,밀양,12.4,-4.0,12.1,24,2,1,1,0,,1.2,7.1,WNW,11,0,0,0,,0,,,,
2017,12,289.0,산청,18.5,-0.8,17.5,24,3,1,1,0,,2.6,10.5,WNW,26,0,0,0,,0,,,,
2017,12,294.0,거제,19.5,-10.2,19.0,24,3,1,1,0,,1.8,6.3,WNW,24,0,0,1,,0,,,,
2017,12,295.0,남해,28.2,4.8,22.0,24,3,2,1,0,,1.3,5.1,NW,4,0,0,0,,0,,,,
2018,1,90.0,속초,3.9,-40.4,2.4,22,3,2,0,0,,2.0,8.5,WNW,30,,,0,,0,,,,
2018,1,93.0,북춘천,6.5,,3.7,22,4,3,0,0,41.9,1.3,8.4,WSW,10,11,6,0,0,0,0,5,20,31
2018,1,95.0,철원,7.9,-12.7,5.1,22,4,2,0,0,,1.1,5.6,WNW,10,0,0,2,,0,,,,
2018,1,98.0,동두천,7.0,-13.8,5.8,22,3,1,0,0,,1.7,7.6,WSW,8,0,0,0,,0,,,,
2018,1,99.0,파주,6.1,,4.3,22,4,2,0,0,,1.4,6.2,W,10,0,0,3,,0,,,,
2018,1,100.0,대관령,4.3,-58.3,2.5,22,3,2,0,0,50.1,4.7,14.1,W,9,0,0,0,,1,,,,
2018,1,101.0,춘천,5.9,-14.4,4.1,22,5,1,0,0,,1.3,6.7,SW,8,0,0,0,,0,,,,
2018,1,102.0,백령도,10.5,-1.1,2.3,29,11,4,0,0,,3.8,16.3,WNW,8,1,19,4,2,2,0,15,0,25
2018,1,104.0,북강릉,2.8,,2.8,22,1,1,0,0,,2.1,9.5,W,9,18,5,1,0,0,0,4,2,27
2018,1,105.0,강릉,2.5,-52.6,1.5,22,2,2,0,0,,3.3,9.0,WSW,23,0,0,0,,0,,,,
2018,1,106.0,동해,4.4,-46.6,4.4,17,1,1,0,0,,2.5,11.6,WSW,9,0,0,0,,0,,,,
2018,1,108.0,서울,8.5,-12.3,3.3,22,7,2,0,0,,1.9,7.2,NW,24,12,7,0,0,0,0,9,5,29
2018,1,112.0,인천,4.5,-16.1,1.6,22,7,1,0,0,,3.5,12.1,NNW,23,9,6,1,4,0,0,8,8,29
2018,1,114.0,원주,4.4,-17.6,2.4,22,4,2,0,0,43.0,0.9,5.3,WNW,10,0,0,1,,0,,,,
2018,1,115.0,울릉도,85.9,-30.3,12.1,26,21,18,1,0,42.6,3.2,12.2,SW,15,0,17,0,0,0,0,20,1,18
2018,1,119.0,수원,7.9,-14.5,2.1,22,8,3,0,0,,1.8,7.1,WNW,8,11,5,0,1,0,0,7,13,29
2018,1,121.0,영월,11.3,-10.0,4.4,17,8,4,0,0,,1.1,7.3,W,10,0,0,1,,0,,,,
2018,1,127.0,충주,14.3,-6.9,6.4,17,7,5,0,0,,1.4,6.5,WNW,23,0,0,3,,0,,,,
2018,1,129.0,서산,21.0,-7.2,11.1,9,8,6,1,0,,1.9,8.3,WNW,9,0,0,1,,0,,,,
2018,1,130.0,울진,9.8,-36.9,8.1,17,3,2,0,0,,2.7,10.4,WNW,9,0,0,1,,0,,,,
2018,1,131.0,청주,17.6,-7.9,6.0,17,6,6,0,0,,1.5,5.3,NW,26,9,8,1,4,0,0,10,7,29
2018,1,133.0,대전,23.9,-5.7,11.2,17,7,5,1,0,,1.3,5.7,NW,22,9,6,3,3,0,0,7,22,30
2018,1,135.0,추풍령,29.2,4.7,11.9,17,8,6,1,0,59.0,3.7,10.9,W,29,0,0,1,,0,,,,
2018,1,136.0,안동,15.1,-5.0,8.5,17,5,3,0,0,,2.0,8.0,WNW,24,14,6,0,2,0,0,4,14,29
2018,1,137.0,상주,24.0,,12.3,17,7,4,1,0,,2.4,8.4,W,23,0,0,0,,0,,,,
2018,1,138.0,포항,20.0,-16.5,9.0,17,5,3,0,0,,2.8,7.7,W,24,17,2,2,0,0,0,2,2,26
2018,1,140.0,군산,27.4,-5.1,7.1,10,7,7,0,0,,2.0,10.4,W,9,0,0,1,,0,,,,
2018,1,143.0,대구,21.1,0.5,9.5,17,5,3,0,0,,2.5,9.1,WNW,23,11,7,1,0,0,0,6,5,28
2018,1,146.0,전주,28.4,-4.3,6.7,17,7,6,0,0,,1.7,7.0,NNW,23,8,9,2,3,0,0,8,14,26
2018,1,152.0,울산,31.3,-3.0,18.2,16,7,3,1,0,,2.5,7.8,NW,24,15,3,1,1,0,0,4,2,25
2018,1,155.0,창원,26.7,-10.2,20.8,16,4,4,1,0,,1.7,6.4,NE,25,14,4,2,0,0,0,1,3,24
2018,1,156.0,광주,38.8,1.7,16.1,16,8,7,1,0,,1.5,6.7,NE,27,9,9,2,2,0,0,11,6,20
2018,1,159.0,부산,40.9,6.5,27.6,16,8,3,1,0,,3.1,11.4,WNW,9,14,3,2,0,0,0,2,0,24
2018,1,162.0,통영,33.8,4.0,23.2,16,5,4,1,0,,2.7,8.8,WNW,9,0,0,5,,0,,,,
2018,1,165.0,목포,58.0,24.8,21.6,16,13,10,2,0,,4.2,14.0,NW,10,4,12,1,3,1,0,14,4,26
2018,1,168.0,여수,24.7,-0.4,16.8,16,5,5,1,0,72.2,4.6,14.9,NW,26,13,4,1,1,1,0,2,2,23
2018,1,169.0,흑산도,33.1,11.0,18.4,16,11,6,1,0,,6.3,17.2,NNW,26,2,19,3,1,4,0,13,1,12
2018,1,170.0,완도,47.4,13.2,19.5,16,13,6,2,0,,2.5,11.9,NW,10,0,0,3,,0,,,,
2018,1,172.0,고창,44.0,,14.3,10,16,6,2,0,33.1,2.8,12.0,NW,9,0,0,2,,0,,,,
2018,1,174.0,순천,21.6,,9.0,16,6,5,0,0,,2.5,7.7,NW,26,0,0,1,,0,,,,
2018,1,175.0,진도(첨찰산),54.0,,29.8,16,12,6,1,0,,4.7,9.8,NE,10,0,0,3,,0,,,,
2018,1,177.0,홍성,15.5,,6.5,9,11,5,0,0,,1.3,7.5,W,8,5,9,1,3,0,0,11,9,31
2018,1,184.0,제주,58.0,-7.2,16.5,16,18,12,1,0,,3.8,12.9,NW,10,3,23,7,0,0,1,12,0,11
2018,1,185.0,고산,47.7,3.8,27.7,16,11,8,1,0,72.4,9.2,24.9,NNW,10,0,0,4,,16,,,,
2018,1,188.0,성산,102.4,19.2,40.9,16,20,11,2,1,,3.0,9.7,WNW,10,0,0,4,,0,,,,
2018,1,189.0,서귀포,63.7,2.7,32.3,16,13,11,1,1,,1.6,5.3,WSW,29,0,0,4,,0,,,,
2018,1,192.0,진주,29.9,-3.0,22.9,16,5,3,1,0,46.6,1.2,6.1,NNW,24,0,0,2,,0,,,,
2018,1,201.0,강화,4.8,-12.9,3.0,22,7,1,0,0,,1.6,7.3,W,8,0,0,1,,0,,,,
2018,1,202.0,양평,4.3,-13.9,3.0,22,5,1,0,0,,1.7,6.9,WNW,8,0,0,2,,0,,,,
2018,1,203.0,이천,8.3,-14.2,3.0,22,8,3,0,0,,1.6,6.4,WNW,24,0,0,2,,0,,,,
2018,1,211.0,인제,6.2,-11.3,3.0,22,5,3,0,0,,1.7,6.0,S,23,0,0,0,,0,,,,
2018,1,212.0,홍천,3.7,-16.7,2.5,22,4,1,0,0,,1.0,5.7,WSW,10,0,0,0,,0,,,,
2018,1,216.0,태백,7.7,-24.9,6.0,17,3,2,0,0,,1.6,6.4,SW,18,0,0,1,,0,,,,
2018,1,221.0,제천,6.9,-17.8,3.0,17,5,3,0,0,,1.6,8.5,W,24,0,0,1,,0,,,,
2018,1,226.0,보은,25.0,-2.3,9.0,17,7,7,0,0,,1.6,7.5,NW,24,0,0,2,,0,,,,
2018,1,232.0,천안,14.0,-9.4,5.0,17,6,6,0,0,,1.4,6.9,SW,22,0,0,3,,0,,,,
2018,1,235.0,보령,15.0,-13.1,5.2,17,7,5,0,0,,1.5,6.0,SSW,22,0,0,1,,0,,,,
2018,1,236.0,부여,25.0,-3.8,9.5,9,7,5,0,0,,1.2,5.8,NW,23,0,0,1,,0,,,,
2018,1,238.0,금산,25.7,-3.7,9.5,17,7,6,0,0,,1.2,4.9,WNW,9,0,0,1,,0,,,,
2018,1,243.0,부안,34.6,0.3,9.5,11,9,6,0,0,,1.5,6.5,WSW,10,0,0,3,,0,,,,
2018,1,244.0,임실,41.8,4.5,11.5,9,9,7,2,0,,1.1,5.7,W,8,0,0,5,,0,,,,
2018,1,245.0,정읍,41.5,1.3,11.6,16,10,7,1,0,,1.4,6.8,N,28,0,0,2,,0,,,,
2018,1,247.0,남원,41.0,9.8,17.3,16,7,7,1,0,,1.2,5.5,WSW,22,0,0,2,,0,,,,
2018,1,248.0,장수,33.1,-0.6,11.0,16,7,6,1,0,,1.9,7.2,WSW,15,0,0,3,,0,,,,
2018,1,260.0,장흥,38.1,8.5,18.1,16,8,6,1,0,,2.0,8.6,N,23,0,0,2,,0,,,,
2018,1,261.0,해남,44.8,12.3,22.8,16,9,6,1,0,,2.1,10.8,WNW,10,0,0,3,,0,,,,
2018,1,262.0,고흥,26.8,-0.9,16.0,16,5,5,1,0,,1.7,8.8,WNW,24,0,0,2,,0,,,,
2018,1,268.0,진도군,55.2,,28.5,16,12,7,1,0,,2.9,9.2,N,25,0,0,7,,0,,,,
2018,1,271.0,봉화,7.5,-13.6,4.5,17,4,3,0,0,,1.7,7.9,NW,23,0,0,1,,0,,,,
2018,1,272.0,영주,11.5,-8.3,8.0,17,6,2,0,0,,4.1,10.8,WNW,24,0,0,1,,0,,,,
2018,1,273.0,문경,22.0,-0.8,11.0,17,6,5,1,0,,2.5,7.1,ENE,9,0,0,0,,0,,,,
2018,1,277.0,영덕,12.0,-25.4,7.5,17,4,3,0,0,,3.4,11.5,WNW,24,0,0,1,,0,,,,
2018,1,278.0,의성,14.0,-4.0,10.0,17,4,3,1,0,,1.5,7.4,W,24,0,0,2,,0,,,,
2018,1,279.0,구미,19.0,-1.2,11.3,17,7,3,1,0,,1.5,5.9,W,9,0,0,0,,0,,,,
2018,1,281.0,영천,18.6,-4.0,8.5,17,5,3,0,0,,2.5,8.8,WNW,24,0,0,1,,0,,,,
2018,1,284.0,거창,18.8,-9.1,7.4,16,7,6,0,0,,1.5,7.6,NW,23,0,0,1,,0,,,,
2018,1,285.0,합천,19.7,-2.2,8.5,16,7,4,0,0,,1.2,6.2,NNW,24,0,0,2,,0,,,,
2018,1,288.0,밀양,28.5,6.2,17.4,16,4,4,1,0,,1.2,6.3,WNW,23,0,0,1,,0,,,,
2018,1,289.0,산청,19.0,-9.4,11.0,16,4,4,1,0,,2.2,9.5,W,9,0,0,2,,0,,,,
2018,1,294.0,거제,41.5,0.5,29.5,16,7,3,1,0,,1.6,5.6,WNW,24,0,0,2,,0,,,,
2018,1,295.0,남해,29.1,-3.8,20.0,16,5,4,1,0,,1.2,5.0,NW,22,0,0,3,,0,,,,
2018,2,90.0,속초,54.4,7.5,49.0,28,2,2,1,1,,2.1,8.6,NNW,24,,,1,,0,,,,
2018,2,93.0,북춘천,33.0,,28.5,28,3,2,1,0,62.8,1.5,7.5,WSW,10,9,3,2,1,0,1,4,17,27
2018,2,95.0,철원,14.4,-12.0,11.0,28,3,2,1,0,,1.5,6.8,SSW,13,0,0,2,,0,,,,
2018,2,98.0,동두천,30.7,8.0,22.4,28,4,2,1,0,,1.9,7.9,SW,22,0,0,2,,0,,,,
2018,2,99.0,파주,28.6,,24.1,28,4,3,1,0,,1.7,6.6,WNW,10,0,0,2,,0,,,,
2018,2,100.0,대관령,43.2,-10.4,42.9,28,2,1,1,1,62.4,4.8,13.1,W,11,0,0,0,,0,,,,
2018,2,101.0,춘천,36.5,12.7,31.3,28,2,2,1,1,,1.5,6.2,SW,13,0,0,2,,0,,,,
2018,2,102.0,백령도,2.6,-10.9,1.1,2,3,1,0,0,,4.1,15.4,SSW,13,5,11,2,1,2,0,8,4,24
2018,2,104.0,북강릉,43.5,,42.6,28,2,1,1,1,,2.2,12.2,WSW,14,12,1,1,0,0,0,4,2,27
2018,2,105.0,강릉,52.0,2.4,52.0,28,1,1,1,1,,3.0,10.7,WSW,14,0,0,1,,0,,,,
2018,2,106.0,동해,53.4,17.1,52.5,28,3,1,1,1,,2.5,10.9,WSW,14,0,0,1,,0,,,,
2018,2,108.0,서울,29.6,4.6,25.0,28,4,2,1,0,,2.2,6.3,NW,10,12,3,2,0,0,2,6,6,27
2018,2,112.0,인천,27.0,6.2,21.8,28,6,3,1,0,,3.6,9.8,NNW,10,12,5,2,2,0,2,6,6,27
2018,2,114.0,원주,27.4,1.1,24.9,28,4,2,1,0,59.8,1.0,5.0,WNW,11,0,0,1,,0,,,,
2018,2,115.0,울릉도,128.6,50.5,35.5,7,13,7,4,1,53.8,4.3,15.0,NNW,2,1,9,1,1,1,0,17,0,19
2018,2,119.0,수원,29.1,4.9,22.9,28,6,4,1,0,,2.0,6.8,ENE,28,11,3,2,2,0,1,6,12,27
2018,2,121.0,영월,22.4,-2.9,19.2,28,4,2,1,0,,1.3,7.7,W,11,0,0,1,,0,,,,
2018,2,127.0,충주,35.8,12.6,33.7,28,5,2,1,1,,1.7,7.1,WSW,14,0,0,1,,0,,,,
2018,2,129.0,서산,40.5,13.9,33.0,28,6,3,1,1,,2.3,8.0,NW,5,0,0,1,,0,,,,
2018,2,130.0,울진,32.2,-9.1,31.1,28,3,2,1,1,,2.9,12.9,ENE,28,0,0,1,,0,,,,
2018,2,131.0,청주,30.6,1.2,28.7,28,4,2,1,0,,1.6,6.3,NNE,28,10,2,1,0,0,0,7,5,27
2018,2,133.0,대전,40.5,6.3,35.0,28,6,4,1,1,,1.6,7.3,SE,28,7,2,1,0,0,0,10,13,25
2018,2,135.0,추풍령,44.3,9.8,38.4,28,6,4,1,1,83.8,3.5,10.0,E,28,0,0,1,,0,,,,
2018,2,136.0,안동,18.3,-8.6,18.1,28,2,1,1,0,,2.0,7.5,W,12,12,1,0,0,0,0,5,12,25
2018,2,137.0,상주,36.9,,33.4,28,5,2,1,1,,2.3,7.8,W,10,0,0,1,,0,,,,
2018,2,138.0,포항,33.5,-7.3,33.4,28,2,1,1,1,,2.7,7.7,WSW,14,13,2,0,0,0,0,2,2,23
2018,2,140.0,군산,33.5,0.8,25.6,28,7,3,1,0,,2.5,11.4,NNE,11,0,0,1,,0,,,,
2018,2,143.0,대구,25.1,-3.1,24.5,28,3,1,1,0,,2.5,9.6,WNW,5,11,1,1,0,0,0,4,0,25
2018,2,146.0,전주,21.5,-18.5,19.8,28,5,1,1,0,,1.9,7.9,NNW,28,8,2,1,0,0,0,5,8,26
2018,2,152.0,울산,44.8,2.2,43.6,28,3,2,1,1,,2.6,8.5,WNW,4,12,2,1,0,0,0,4,2,24
2018,2,155.0,창원,32.6,-12.7,32.6,28,1,1,1,1,,1.8,7.3,SSE,14,10,3,0,0,0,0,1,2,18
2018,2,156.0,광주,22.0,-25.9,16.7,28,8,3,1,0,,1.6,8.3,NE,28,7,5,1,0,0,0,8,7,20
2018,2,159.0,부산,52.5,2.3,52.3,28,2,1,1,1,,3.5,12.1,W,14,12,4,0,0,0,0,0,0,16
2018,2,162.0,통영,40.9,0.1,40.9,28,1,1,1,1,,2.7,8.9,WNW,12,0,0,1,,0,,,,
2018,2,165.0,목포,39.3,-3.1,19.3,28,8,6,1,0,,4.2,13.7,N,28,3,8,1,0,0,0,10,5,21
2018,2,168.0,여수,33.4,-7.9,33.3,28,2,1,1,1,80.0,3.9,14.4,WNW,28,14,3,0,1,1,0,3,0,19
2018,2,169.0,흑산도,42.7,9.5,31.6,28,9,5,1,1,,6.2,22.9,NNW,28,4,8,1,1,4,0,9,2,14
2018,2,170.0,완도,44.0,-8.8,42.9,28,5,1,1,1,,2.6,15.1,NW,28,0,0,2,,1,,,,
2018,2,172.0,고창,48.1,,30.5,28,7,6,1,1,46.2,2.9,13.9,E,28,0,0,1,,1,,,,
2018,2,174.0,순천,31.4,,30.8,28,3,1,1,1,,2.5,9.7,NW,28,0,0,1,,0,,,,
2018,2,175.0,진도(첨찰산),26.5,,15.2,28,6,5,1,0,,4.7,11.9,SW,28,0,0,2,,0,,,,
2018,2,177.0,홍성,33.5,,31.4,28,5,2,1,1,,1.8,8.4,NE,28,7,1,1,0,0,0,7,6,26
2018,2,184.0,제주,86.6,24.0,59.6,28,11,9,1,1,,3.7,12.0,SW,28,4,11,2,0,0,0,8,0,7
2018,2,185.0,고산,75.0,28.1,66.7,28,7,4,1,1,88.8,8.6,25.2,WSW,28,0,0,2,,11,,,,
2018,2,188.0,성산,125.7,56.0,72.2,28,13,8,4,1,,3.2,17.1,WNW,28,0,0,1,,1,,,,
2018,2,189.0,서귀포,10.5,-66.6,5.5,8,9,2,0,0,,1.8,10.9,SSW,28,0,0,2,,0,,,,
2018,2,192.0,진주,30.8,-12.2,30.8,28,1,1,1,1,59.8,1.3,6.6,WSW,12,0,0,2,,0,,,,
2018,2,201.0,강화,30.7,11.5,25.5,28,4,3,1,0,,2.2,7.9,SW,22,0,0,2,,0,,,,
2018,2,202.0,양평,34.3,7.4,29.5,28,4,2,1,0,,1.7,6.5,NW,10,0,0,2,,0,,,,
2018,2,203.0,이천,33.4,9.5,27.9,28,7,2,1,0,,1.7,5.8,WSW,14,0,0,2,,0,,,,
2018,2,211.0,인제,14.7,-6.0,12.5,28,3,2,1,0,,1.9,6.2,SSE,13,0,0,2,,0,,,,
2018,2,212.0,홍천,24.6,-1.1,22.5,28,3,2,1,0,,1.2,6.1,WSW,11,0,0,1,,0,,,,
2018,2,216.0,태백,30.2,-5.6,29.9,28,2,1,1,0,,1.7,7.0,SW,14,0,0,1,,0,,,,
2018,2,221.0,제천,23.8,-5.6,21.5,28,4,2,1,0,,1.9,7.5,WSW,11,0,0,1,,0,,,,
2018,2,226.0,보은,28.5,-3.9,24.0,28,5,4,1,0,,1.6,8.1,NW,5,0,0,1,,0,,,,
2018,2,232.0,천안,31.6,5.2,30.0,28,4,1,1,1,,1.6,7.4,NE,28,0,0,1,,0,,,,
2018,2,235.0,보령,33.6,5.1,27.4,28,4,2,1,0,,1.8,8.3,SSW,14,0,0,1,,0,,,,
2018,2,236.0,부여,43.1,9.0,35.5,28,5,4,1,1,,1.5,8.3,WNW,11,0,0,1,,0,,,,
2018,2,238.0,금산,28.1,-9.7,18.5,28,5,3,1,0,,1.4,6.7,WSW,14,0,0,1,,0,,,,
2018,2,243.0,부안,31.5,-6.9,24.0,28,5,5,1,0,,1.9,8.0,NE,28,0,0,1,,0,,,,
2018,2,244.0,임실,19.6,-24.1,17.0,28,5,2,1,0,,1.3,6.4,ESE,28,0,0,1,,0,,,,
2018,2,245.0,정읍,41.4,0.1,26.6,28,6,6,1,0,,1.8,8.7,NNE,28,0,0,1,,0,,,,
2018,2,247.0,남원,20.7,-20.3,16.0,28,5,2,1,0,,1.5,8.6,ENE,28,0,0,1,,0,,,,
2018,2,248.0,장수,21.7,-25.2,19.5,28,3,2,1,0,,2.0,7.5,SW,14,0,0,1,,0,,,,
2018,2,260.0,장흥,26.3,-18.7,25.0,28,3,2,1,0,,2.0,12.1,ESE,28,0,0,1,,0,,,,
2018,2,261.0,해남,24.3,-22.0,21.7,28,5,2,1,0,,2.3,13.3,ESE,28,0,0,2,,0,,,,
2018,2,262.0,고흥,35.1,-13.8,35.1,28,1,1,1,1,,1.7,8.1,NW,4,0,0,1,,0,,,,
2018,2,268.0,진도군,35.5,,24.5,28,8,4,1,0,,3.0,8.1,N,17,0,0,2,,0,,,,
2018,2,271.0,봉화,15.0,-13.4,13.0,28,2,2,1,0,,1.6,7.2,NW,17,0,0,1,,0,,,,
2018,2,272.0,영주,17.5,-11.3,16.5,28,2,2,1,0,,3.8,9.4,NNW,3,0,0,1,,0,,,,
2018,2,273.0,문경,29.7,0.5,28.0,28,4,2,1,0,,2.6,8.8,ENE,4,0,0,1,,0,,,,
2018,2,277.0,영덕,30.0,-7.4,30.0,28,1,1,1,1,,3.3,12.8,N,28,0,0,1,,0,,,,
2018,2,278.0,의성,20.0,-4.8,18.5,28,2,2,1,0,,1.5,7.2,WNW,11,0,0,1,,0,,,,
2018,2,279.0,구미,32.3,4.1,31.0,28,5,1,1,1,,1.5,5.5,WNW,5,0,0,1,,0,,,,
2018,2,281.0,영천,24.5,-2.8,24.5,28,1,1,1,0,,2.3,8.7,W,3,0,0,1,,0,,,,
2018,2,284.0,거창,28.2,-9.3,27.4,28,3,1,1,0,,1.8,8.5,NW,5,0,0,1,,0,,,,
2018,2,285.0,합천,35.0,0.3,35.0,28,1,1,1,1,,1.3,6.6,NNW,5,0,0,1,,0,,,,
2018,2,288.0,밀양,25.0,-9.0,24.7,28,2,1,1,0,,1.2,6.9,WNW,5,0,0,1,,0,,,,
2018,2,289.0,산청,33.5,-10.4,33.5,28,1,1,1,1,,2.2,9.8,WNW,28,0,0,1,,0,,,,
2018,2,294.0,거제,52.0,-7.9,52.0,28,1,1,1,1,,1.9,8.6,ESE,28,0,0,1,,0,,,,
2018,2,295.0,남해,49.0,-11.8,49.0,28,1,1,1,1,,1.3,5.0,WNW,28,0,0,1,,0,,,,
2018,3,90.0,속초,55.0,-1.9,22.0,5,8,6,2,0,,2.2,13.4,N,15,,,7,,0,,,,
2018,3,93.0,북춘천,32.0,,11.0,4,8,7,1,0,108.1,1.8,8.8,WSW,1,10,8,6,0,0,0,0,10,13
2018,3,95.0,철원,33.6,-6.6,10.7,4,8,6,1,0,,2.1,7.9,NNE,20,0,0,3,,0,,,,
2018,3,98.0,동두천,38.7,-0.1,13.5,4,9,6,1,0,,1.9,10.9,NW,1,0,0,4,,0,,,,
2018,3,99.0,파주,36.3,,14.1,4,8,7,1,0,,2.0,7.2,NW,1,0,0,4,,0,,,,
2018,3,100.0,대관령,72.9,-2.7,17.4,5,10,9,2,0,103.9,4.3,16.5,W,1,0,0,0,,1,,,,
2018,3,101.0,춘천,32.8,-8.9,10.2,4,8,6,1,0,,1.9,6.6,NE,15,0,0,4,,0,,,,
2018,3,102.0,백령도,22.6,-0.6,19.0,4,3,2,1,0,,4.2,16.4,WNW,1,4,9,4,18,1,0,1,2,7
2018,3,104.0,북강릉,72.3,,27.9,5,10,7,3,0,,2.1,8.9,NNW,15,14,11,7,0,0,1,5,4,10
2018,3,105.0,강릉,94.0,25.1,36.0,5,10,10,4,1,,2.7,9.9,NNW,15,0,0,2,,0,,,,
2018,3,106.0,동해,95.4,36.8,32.5,5,9,9,4,1,,2.7,11.5,NNW,15,0,0,7,,0,,,,
2018,3,108.0,서울,49.5,2.3,27.0,15,9,6,2,0,,1.9,6.9,WNW,1,5,7,4,1,0,0,2,2,6
2018,3,112.0,인천,78.6,38.1,46.6,15,10,9,2,1,,3.3,11.3,NNW,1,5,8,4,8,0,0,1,3,5
2018,3,114.0,원주,53.6,2.0,17.1,15,9,7,2,0,106.3,1.3,5.8,NNE,20,0,0,4,,0,,,,
2018,3,115.0,울릉도,141.3,69.1,46.6,8,9,7,5,1,96.1,5.8,18.8,NNE,1,10,9,3,5,9,0,9,0,10
2018,3,119.0,수원,86.0,38.1,46.5,15,9,9,2,1,,2.1,8.2,ENE,20,8,6,3,5,0,0,1,5,10
2018,3,121.0,영월,56.5,6.5,18.0,19,9,7,2,0,,1.5,8.7,E,20,0,0,4,,0,,,,
2018,3,127.0,충주,75.1,30.2,24.0,19,11,10,3,0,,1.8,7.4,ENE,5,0,0,2,,0,,,,
2018,3,129.0,서산,76.6,30.3,21.4,4,11,9,2,0,,2.3,9.9,NW,1,0,0,4,,0,,,,
2018,3,130.0,울진,130.6,72.6,37.2,19,10,10,5,2,,3.6,13.5,NW,15,0,0,5,,0,,,,
2018,3,131.0,청주,81.7,33.5,21.7,4,10,9,2,0,,1.8,8.0,ENE,20,13,10,4,4,0,1,3,5,9
2018,3,133.0,대전,108.4,52.8,22.0,19,11,9,6,0,,1.8,8.8,E,20,12,9,5,5,0,0,3,4,7
2018,3,135.0,추풍령,127.7,77.7,33.0,5,11,9,5,1,118.9,2.9,13.4,W,1,0,0,5,,0,,,,
2018,3,136.0,안동,93.5,48.6,29.5,19,10,8,4,0,,1.9,8.8,WNW,1,13,10,0,3,0,1,3,8,11
2018,3,137.0,상주,123.1,,29.6,19,10,9,5,0,,2.0,10.7,WNW,1,0,0,4,,0,,,,
2018,3,138.0,포항,153.7,92.8,42.5,19,12,8,5,3,,3.3,10.1,NE,21,12,11,6,0,0,1,1,1,1
2018,3,140.0,군산,96.3,50.7,25.7,15,10,8,6,0,,2.1,10.6,NNE,1,0,0,3,,0,,,,
2018,3,143.0,대구,98.7,51.6,23.0,19,10,9,5,0,,2.3,10.5,WNW,1,13,10,6,1,0,1,2,3,10
2018,3,146.0,전주,98.0,43.7,20.6,5,10,8,6,0,,1.9,7.5,W,1,10,8,4,6,0,1,4,7,7
2018,3,152.0,울산,155.3,89.5,41.9,21,13,8,6,2,,2.7,8.9,NNE,20,14,9,6,0,0,2,1,2,2
2018,3,155.0,창원,186.0,111.7,73.1,15,10,10,5,2,,1.9,9.0,NE,20,13,10,4,4,0,1,1,1,1
2018,3,156.0,광주,115.8,55.0,30.8,15,10,9,4,1,,1.8,7.9,NE,20,9,10,5,2,0,2,2,4,3
2018,3,159.0,부산,206.1,125.4,62.0,15,10,10,5,3,,3.9,12.5,W,1,13,9,5,1,0,2,1,0,1
2018,3,162.0,통영,222.3,139.2,71.0,15,10,10,6,3,,2.6,10.3,SSE,15,0,0,6,,0,,,,
2018,3,165.0,목포,152.7,92.7,56.3,15,9,9,7,1,,3.1,14.2,NNW,1,7,10,7,10,1,1,1,1,1
2018,3,168.0,여수,223.8,148.1,98.9,15,10,10,5,3,96.8,4.5,18.0,NW,1,15,8,4,3,4,1,1,0,2
2018,3,169.0,흑산도,96.2,47.4,26.0,4,9,9,3,0,,5.3,17.3,N,5,7,13,8,14,4,1,0,1,1
2018,3,170.0,완도,181.8,86.3,52.3,15,10,10,6,1,,2.4,12.6,NW,1,0,0,8,,0,,,,
2018,3,172.0,고창,77.6,,18.0,15,10,9,3,0,76.3,2.8,12.2,NW,1,0,0,5,,0,,,,
2018,3,174.0,순천,150.0,,43.1,15,10,8,5,2,,1.9,8.7,NW,1,0,0,6,,0,,,,
2018,3,175.0,진도(첨찰산),146.2,,43.7,15,9,8,7,1,,4.5,10.0,ENE,16,0,0,6,,0,,,,
2018,3,177.0,홍성,70.4,,17.2,4,9,9,3,0,,2.0,8.4,W,1,4,9,4,7,0,1,3,5,10
2018,3,184.0,제주,118.0,29.4,30.1,7,10,9,5,1,,3.0,10.3,SW,4,10,9,6,2,0,2,0,0,0
2018,3,185.0,고산,101.2,25.4,27.3,15,10,8,4,0,89.7,6.0,20.2,NW,1,0,0,5,,6,,,,
2018,3,188.0,성산,179.5,37.3,34.5,15,12,10,7,2,,3.4,15.3,WNW,1,0,0,6,,1,,,,
2018,3,189.0,서귀포,151.6,20.4,48.3,15,11,10,6,2,,2.1,8.5,ENE,20,0,0,6,,0,,,,
2018,3,192.0,진주,179.2,107.1,43.5,15,10,10,5,3,75.5,1.3,6.7,WSW,1,0,0,5,,0,,,,
2018,3,201.0,강화,31.6,-8.0,15.5,4,9,5,1,0,,2.6,8.1,SW,1,0,0,4,,0,,,,
2018,3,202.0,양평,69.7,27.9,38.5,15,9,6,1,1,,1.7,7.4,NW,1,0,0,4,,0,,,,
2018,3,203.0,이천,71.4,24.0,24.6,15,9,9,3,0,,1.9,6.5,ENE,20,0,0,4,,0,,,,
2018,3,211.0,인제,31.0,-7.0,9.5,4,8,7,0,0,,2.4,6.8,NNE,15,0,0,3,,0,,,,
2018,3,212.0,홍천,42.8,-2.8,15.5,15,9,5,1,0,,1.4,6.5,WSW,1,0,0,3,,0,,,,
2018,3,216.0,태백,100.6,39.9,27.1,19,9,8,5,0,,1.9,7.7,NE,15,0,0,7,,0,,,,
2018,3,221.0,제천,61.7,5.7,15.0,19,9,7,3,0,,2.0,9.2,NE,5,0,0,4,,0,,,,
2018,3,226.0,보은,93.5,44.8,24.0,19,11,10,5,0,,1.4,7.1,NW,1,0,0,6,,0,,,,
2018,3,232.0,천안,62.2,16.3,13.8,4,12,9,2,0,,1.9,9.1,NE,5,0,0,4,,0,,,,
2018,3,235.0,보령,92.0,45.1,25.7,4,9,8,4,0,,1.9,7.0,SSW,13,0,0,4,,0,,,,
2018,3,236.0,부여,99.3,43.2,19.5,15,9,8,5,0,,1.4,6.6,WNW,1,0,0,4,,0,,,,
2018,3,238.0,금산,91.5,39.6,22.5,5,12,9,4,0,,1.4,7.0,E,20,0,0,5,,0,,,,
2018,3,243.0,부안,98.5,49.6,18.5,4,9,8,6,0,,2.0,7.1,NNE,5,0,0,4,,0,,,,
2018,3,244.0,임실,95.1,41.3,17.0,15,10,9,4,0,,1.3,6.5,W,1,0,0,5,,0,,,,
2018,3,245.0,정읍,100.6,45.4,16.4,15,11,8,7,0,,1.6,8.0,SSW,4,0,0,3,,0,,,,
2018,3,247.0,남원,102.7,50.2,28.0,15,10,9,3,0,,2.0,9.5,ENE,20,0,0,4,,0,,,,
2018,3,248.0,장수,122.7,63.1,25.0,19,11,9,7,0,,1.8,8.0,WNW,1,0,0,5,,0,,,,
2018,3,260.0,장흥,133.8,60.8,40.2,15,11,9,5,1,,1.7,11.3,NNW,1,0,0,7,,0,,,,
2018,3,261.0,해남,147.6,74.7,55.3,15,9,9,6,1,,2.2,9.0,WNW,1,0,0,7,,0,,,,
2018,3,262.0,고흥,195.9,115.3,98.4,15,10,9,5,1,,1.5,8.3,WNW,1,0,0,7,,0,,,,
2018,3,268.0,진도군,126.5,,34.0,15,9,9,6,1,,2.2,8.7,NNW,1,0,0,11,,0,,,,
2018,3,271.0,봉화,75.2,22.1,32.0,19,11,7,3,1,,1.8,7.7,NW,1,0,0,4,,0,,,,
2018,3,272.0,영주,110.0,55.7,38.5,19,10,10,4,1,,2.6,8.9,NW,1,0,0,4,,0,,,,
2018,3,273.0,문경,116.0,67.4,33.0,19,10,10,5,1,,2.1,8.5,ESE,20,0,0,6,,0,,,,
2018,3,277.0,영덕,105.5,52.5,35.0,19,10,7,5,1,,4.2,15.1,NNE,15,0,0,5,,1,,,,
2018,3,278.0,의성,111.6,70.1,31.0,19,11,9,5,1,,1.5,8.6,NW,1,0,0,5,,0,,,,
2018,3,279.0,구미,131.4,86.0,35.4,19,10,9,5,1,,1.3,6.4,WNW,1,0,0,6,,0,,,,
2018,3,281.0,영천,115.7,68.8,29.0,19,10,8,6,0,,2.0,8.4,WNW,1,0,0,5,,0,,,,
2018,3,284.0,거창,113.7,58.6,32.5,19,8,8,5,1,,1.4,7.5,NNW,1,0,0,6,,0,,,,
2018,3,285.0,합천,124.2,71.0,32.5,8,10,9,5,2,,1.5,9.0,NE,20,0,0,5,,0,,,,
2018,3,288.0,밀양,122.6,68.2,32.6,8,9,8,5,1,,1.3,6.9,WNW,1,0,0,6,,0,,,,
2018,3,289.0,산청,103.6,35.1,31.0,8,11,10,4,1,,1.7,12.1,WNW,1,0,0,6,,0,,,,
2018,3,294.0,거제,274.0,160.2,96.0,15,10,10,6,4,,2.2,6.6,SW,28,0,0,6,,0,,,,
2018,3,295.0,남해,294.0,194.1,109.0,15,10,10,6,4,,1.3,6.0,NW,1,0,0,5,,0,,,,
2018,4,90.0,속초,141.7,77.4,56.8,23,10,10,5,1,,2.3,8.2,N,22,,,4,,0,,,,
2018,4,93.0,북춘천,117.2,,46.5,23,9,9,3,1,156.1,1.9,8.7,SW,10,9,9,4,0,0,0,1,1,2
2018,4,95.0,철원,139.4,75.4,65.5,23,10,9,5,1,,2.5,9.7,SSW,10,0,0,4,,0,,,,
2018,4,98.0,동두천,125.9,53.2,57.4,23,11,9,4,1,,2.1,9.8,SSW,10,0,0,6,,0,,,,
2018,4,99.0,파주,122.4,,55.2,23,10,8,4,1,,2.2,10.1,S,10,0,0,3,,0,,,,
2018,4,100.0,대관령,128.7,39.2,48.9,23,12,10,4,1,170.8,4.3,14.2,W,10,0,0,0,,1,,,,
2018,4,101.0,춘천,139.5,77.2,60.4,23,9,9,4,1,,1.9,7.4,SSW,10,0,0,3,,0,,,,
2018,4,102.0,백령도,89.5,34.7,51.7,22,5,5,2,1,,5.1,13.9,W,6,10,11,7,11,1,1,0,0,0
2018,4,104.0,북강릉,151.8,,52.7,23,11,8,4,1,,2.2,13.0,SW,10,11,8,4,0,0,0,1,2,1
2018,4,105.0,강릉,151.4,82.7,52.5,23,11,8,4,1,,2.8,13.6,SW,10,0,0,0,,0,,,,
2018,4,106.0,동해,131.8,71.7,50.1,23,10,7,5,1,,2.5,10.2,SW,11,0,0,5,,0,,,,
2018,4,108.0,서울,130.3,65.8,59.0,23,11,9,4,1,,2.0,8.8,SSW,10,10,9,4,1,0,0,1,1,2
2018,4,112.0,인천,112.2,54.5,49.9,23,10,9,4,1,,3.4,11.8,SSW,10,9,9,3,6,0,1,0,0,0
2018,4,114.0,원주,112.6,45.9,41.2,23,10,9,4,1,149.8,1.4,6.6,WSW,11,0,0,5,,0,,,,
2018,4,115.0,울릉도,150.0,68.7,36.3,6,8,7,6,2,137.9,4.7,15.5,NNE,27,10,9,1,5,3,0,2,0,0
2018,4,119.0,수원,128.8,67.5,66.2,23,9,8,3,1,,2.0,8.7,SSW,10,11,10,4,0,0,0,0,3,0
2018,4,121.0,영월,116.5,46.0,36.3,23,11,9,4,1,,1.3,7.6,W,12,0,0,5,,0,,,,
2018,4,127.0,충주,107.9,44.8,33.1,23,9,8,5,1,,1.9,7.3,W,7,0,0,5,,0,,,,
2018,4,129.0,서산,132.8,62.6,67.7,23,9,8,3,1,,2.4,9.8,SSW,10,0,0,4,,0,,,,
2018,4,130.0,울진,167.1,106.1,52.7,23,9,7,6,1,,3.3,11.1,WNW,12,0,0,5,,0,,,,
2018,4,131.0,청주,133.0,66.4,44.6,23,9,8,6,1,,1.9,6.6,SSW,10,10,8,5,0,0,2,2,1,1
2018,4,133.0,대전,155.3,73.6,38.9,23,9,8,6,2,,2.0,9.0,S,10,8,8,4,0,0,0,1,1,2
2018,4,135.0,추풍령,132.0,62.4,33.1,23,8,8,6,1,180.3,3.2,10.1,W,7,0,0,5,,0,,,,
2018,4,136.0,안동,148.7,80.5,39.5,23,8,7,6,1,,2.1,7.7,WNW,6,10,7,5,0,0,0,1,0,1
2018,4,137.0,상주,141.4,,37.3,23,8,7,6,1,,1.9,8.1,W,7,0,0,5,,0,,,,
2018,4,138.0,포항,106.5,37.6,33.9,23,8,7,4,1,,3.2,7.6,NE,22,12,6,5,0,0,0,0,0,0
2018,4,140.0,군산,122.0,43.8,34.4,23,9,9,4,1,,2.6,13.4,SW,7,0,0,4,,0,,,,
2018,4,143.0,대구,113.0,50.1,38.0,23,7,7,4,1,,2.6,8.8,WNW,7,7,8,5,0,0,0,0,0,1
2018,4,146.0,전주,98.7,21.4,24.1,6,9,9,4,0,,2.0,8.4,SW,8,7,8,4,1,0,0,2,2,1
2018,4,152.0,울산,123.3,32.2,42.5,23,7,6,4,1,,2.4,11.4,SSW,10,10,6,5,0,0,0,0,0,0
2018,4,155.0,창원,119.3,-10.6,41.7,23,8,6,5,1,,1.8,7.6,S,10,8,6,5,1,0,0,0,0,0
2018,4,156.0,광주,127.4,46.7,41.8,23,10,7,5,1,,1.7,10.6,SSW,11,8,7,5,0,0,0,1,1,0
2018,4,159.0,부산,156.4,23.7,60.4,24,6,5,4,3,,4.0,14.3,WSW,10,7,7,5,0,1,0,0,0,0
2018,4,162.0,통영,170.4,42.1,62.0,23,8,5,5,3,,2.6,10.6,S,10,0,0,5,,0,,,,
2018,4,165.0,목포,169.0,99.7,58.7,23,10,7,6,1,,3.7,16.4,NW,6,8,8,3,2,1,0,1,0,0
2018,4,168.0,여수,125.3,8.7,49.8,23,6,6,4,2,130.4,4.1,13.3,NW,14,8,7,4,3,0,0,1,0,0
2018,4,169.0,흑산도,167.7,86.5,44.3,14,9,8,5,2,,5.6,17.2,SSE,23,7,10,5,15,7,0,1,0,0
2018,4,170.0,완도,200.4,81.2,69.6,23,9,8,4,3,,2.9,13.0,NW,6,0,0,6,,0,,,,
2018,4,172.0,고창,102.0,,23.3,6,11,8,4,0,106.9,3.3,12.4,NW,7,0,0,5,,0,,,,
2018,4,174.0,순천,121.1,,41.3,23,10,7,5,2,,2.0,8.9,NW,6,0,0,7,,0,,,,
2018,4,175.0,진도(첨찰산),159.5,,52.0,23,8,8,5,1,,4.9,11.0,WSW,13,0,0,5,,0,,,,
2018,4,177.0,홍성,155.2,,84.2,23,8,8,5,1,,2.1,8.4,SSW,10,9,10,5,1,0,0,0,0,1
2018,4,184.0,제주,112.5,22.9,41.8,23,8,7,3,2,,2.9,13.0,S,8,7,9,4,0,0,0,1,0,0
2018,4,185.0,고산,175.6,89.2,89.9,23,8,7,6,1,120.7,6.5,24.5,NNW,7,0,0,3,,6,,,,
2018,4,188.0,성산,234.1,84.0,100.0,23,11,9,5,2,,3.5,10.8,WNW,15,0,0,4,,0,,,,
2018,4,189.0,서귀포,312.0,137.1,144.5,23,10,8,5,3,,1.6,6.4,ENE,13,0,0,6,,0,,,,
2018,4,192.0,진주,127.8,9.6,45.8,23,8,6,4,2,139.0,1.5,6.3,WSW,6,0,0,4,,0,,,,
2018,4,201.0,강화,113.6,46.7,54.5,23,10,9,2,1,,2.9,12.6,SW,10,0,0,4,,0,,,,
2018,4,202.0,양평,124.8,56.5,53.0,23,10,9,4,1,,2.0,8.1,WSW,10,0,0,4,,0,,,,
2018,4,203.0,이천,145.8,71.8,66.9,23,10,8,4,1,,2.0,7.8,SSW,10,0,0,5,,0,,,,
2018,4,211.0,인제,127.2,66.1,55.0,23,11,10,3,1,,2.3,8.2,S,10,0,0,4,,0,,,,
2018,4,212.0,홍천,143.8,77.6,66.0,23,12,9,5,1,,1.5,7.1,WNW,12,0,0,2,,0,,,,
2018,4,216.0,태백,128.9,51.5,55.3,23,12,9,4,1,,1.9,10.4,WSW,10,0,0,5,,0,,,,
2018,4,221.0,제천,112.9,36.8,42.5,23,10,9,5,1,,2.3,8.6,WNW,6,0,0,5,,0,,,,
2018,4,226.0,보은,139.2,66.1,40.0,23,9,8,6,1,,1.7,8.8,NW,7,0,0,5,,0,,,,
2018,4,232.0,천안,117.0,55.6,40.3,23,9,8,5,1,,2.1,7.6,S,10,0,0,5,,0,,,,
2018,4,235.0,보령,128.1,59.2,45.9,23,9,8,5,1,,1.9,11.7,SSW,10,0,0,5,,0,,,,
2018,4,236.0,부여,156.5,80.4,55.0,23,9,9,5,2,,1.7,9.0,SW,10,0,0,4,,0,,,,
2018,4,238.0,금산,142.4,66.7,27.0,23,10,8,7,0,,1.6,7.4,S,10,0,0,5,,0,,,,
2018,4,243.0,부안,124.6,51.0,30.0,14,10,9,4,1,,2.2,11.3,S,10,0,0,5,,0,,,,
2018,4,244.0,임실,129.7,53.4,36.5,23,12,9,5,2,,1.4,7.5,W,7,0,0,5,,0,,,,
2018,4,245.0,정읍,117.7,42.4,28.4,6,11,8,5,0,,1.9,10.6,SSW,10,0,0,5,,0,,,,
2018,4,247.0,남원,158.2,86.7,44.5,23,11,9,5,2,,2.0,7.9,SW,8,0,0,5,,0,,,,
2018,4,248.0,장수,170.5,81.6,47.0,23,11,11,6,2,,2.1,9.1,W,7,0,0,6,,0,,,,
2018,4,260.0,장흥,112.2,10.8,33.4,23,10,7,4,2,,2.0,9.1,N,7,0,0,6,,0,,,,
2018,4,261.0,해남,120.1,30.1,34.2,23,9,8,4,1,,2.8,11.1,WNW,6,0,0,3,,0,,,,
2018,4,262.0,고흥,128.8,8.7,46.3,23,7,7,4,1,,1.6,9.5,NW,7,0,0,4,,0,,,,
2018,4,268.0,진도군,171.0,,49.0,23,8,7,6,2,,2.6,8.3,SW,8,0,0,2,,0,,,,
2018,4,271.0,봉화,165.0,89.7,39.0,23,10,8,7,2,,1.8,6.4,NW,11,0,0,5,,0,,,,
2018,4,272.0,영주,175.1,92.2,56.0,23,11,8,7,2,,2.8,7.2,NW,6,0,0,5,,0,,,,
2018,4,273.0,문경,157.6,81.0,51.0,23,9,7,7,1,,2.4,8.6,NW,14,0,0,5,,0,,,,
2018,4,277.0,영덕,149.6,85.6,62.0,23,8,7,6,1,,3.5,11.8,NNE,27,0,0,4,,0,,,,
2018,4,278.0,의성,121.5,55.6,27.0,6,8,8,6,0,,1.7,7.4,WNW,7,0,0,5,,0,,,,
2018,4,279.0,구미,120.8,54.5,26.1,23,8,8,6,0,,1.3,6.2,WNW,7,0,0,5,,0,,,,
2018,4,281.0,영천,112.0,49.6,35.5,23,7,7,5,1,,2.1,8.2,WNW,7,0,0,5,,0,,,,
2018,4,284.0,거창,122.5,47.1,43.6,23,10,8,4,1,,1.7,8.6,WNW,6,0,0,6,,0,,,,
2018,4,285.0,합천,137.2,63.2,56.5,23,9,8,5,1,,1.6,7.0,S,10,0,0,4,,0,,,,
2018,4,288.0,밀양,103.9,17.6,33.8,23,7,7,5,1,,1.4,7.1,WNW,7,0,0,5,,0,,,,
2018,4,289.0,산청,147.0,49.5,48.0,23,9,8,5,2,,2.0,10.3,WNW,7,0,0,4,,0,,,,
2018,4,294.0,거제,243.4,66.4,76.0,23,7,5,4,4,,2.2,6.5,NW,11,0,0,4,,0,,,,
2018,4,295.0,남해,181.1,19.3,69.5,23,7,6,5,2,,1.5,5.4,NW,6,0,0,4,,0,,,,
2018,5,90.0,속초,123.6,28.1,47.3,17,12,9,5,1,,2.0,10.3,N,17,,,9,,0,,,,
2018,5,93.0,북춘천,200.5,,97.0,17,10,10,6,1,170.7,1.7,8.3,WSW,4,7,11,4,1,0,2,0,0,0
2018,5,95.0,철원,263.1,161.1,103.7,17,9,9,7,2,,2.2,8.1,NNE,8,0,0,4,,0,,,,
2018,5,98.0,동두천,242.9,149.3,98.6,17,11,8,6,3,,1.8,8.8,W,4,0,0,4,,0,,,,
2018,5,99.0,파주,208.2,,68.8,17,11,8,6,2,,1.8,7.2,SW,4,0,0,4,,0,,,,
2018,5,100.0,대관령,203.0,80.7,81.5,18,15,13,4,2,156.3,3.8,14.2,W,24,0,0,0,,3,,,,
2018,5,101.0,춘천,201.9,97.9,90.0,17,11,9,6,1,,1.7,8.0,N,3,0,0,3,,0,,,,
2018,5,102.0,백령도,62.5,-16.4,21.9,17,8,5,3,0,134.2,4.1,17.7,NNW,2,8,11,9,16,1,3,0,0,0
2018,5,104.0,북강릉,133.0,,41.9,18,12,9,3,2,,1.9,8.9,WNW,4,6,13,7,4,0,3,0,0,0
2018,5,105.0,강릉,162.9,75.9,69.0,18,15,9,4,2,,2.2,8.6,SW,25,0,0,1,,0,,,,
2018,5,106.0,동해,63.6,-10.4,18.8,2,13,10,2,0,,2.2,9.1,SW,25,0,0,5,,0,,,,
2018,5,108.0,서울,222.0,116.1,83.0,17,11,10,6,3,,1.7,8.0,WNW,17,7,11,4,2,0,4,0,0,0
2018,5,112.0,인천,158.9,58.6,53.2,17,12,9,5,1,,3.0,9.9,NNW,2,7,12,3,13,0,3,0,0,0
2018,5,114.0,원주,211.3,117.8,53.3,18,12,12,7,2,156.4,1.2,5.2,WSW,4,0,0,3,,0,,,,
2018,5,115.0,울릉도,131.6,26.5,49.4,6,10,8,5,1,136.3,4.7,15.6,SW,17,3,12,3,17,2,2,0,0,0
2018,5,119.0,수원,196.4,98.6,64.8,17,11,10,6,2,,2.0,7.9,W,4,8,10,4,4,0,3,0,0,0
2018,5,121.0,영월,135.9,48.5,32.7,18,12,12,4,1,,1.2,7.0,NNE,8,0,0,4,,0,,,,
2018,5,127.0,충주,180.0,91.3,42.7,18,13,12,6,1,,1.6,8.5,W,4,0,0,4,,0,,,,
2018,5,129.0,서산,147.7,42.5,54.1,12,10,8,4,2,,2.3,8.3,WNW,3,0,0,3,,0,,,,
2018,5,130.0,울진,46.2,-23.8,19.4,2,10,6,2,0,,2.7,8.8,NW,18,0,0,6,,0,,,,
2018,5,131.0,청주,92.0,3.7,24.3,12,8,7,5,0,,1.9,6.6,WSW,4,6,10,3,1,0,1,0,0,0
2018,5,133.0,대전,95.9,-7.8,23.4,12,9,8,3,0,,1.8,6.8,E,20,6,10,3,0,0,1,0,0,0
2018,5,135.0,추풍령,81.1,-3.4,20.2,2,12,9,4,0,173.6,2.7,10.7,W,4,0,0,4,,0,,,,
2018,5,136.0,안동,98.1,6.6,20.9,6,11,10,5,0,,1.7,8.6,WNW,3,5,10,4,2,0,1,0,0,0
2018,5,137.0,상주,105.1,,26.6,6,11,10,4,0,,1.4,8.9,W,3,0,0,3,,0,,,,
2018,5,138.0,포항,71.6,-13.6,21.2,23,9,8,3,0,,3.1,8.6,WSW,3,4,12,4,0,0,1,0,0,0
2018,5,140.0,군산,139.6,57.8,45.4,12,9,9,6,1,,2.5,9.7,SW,3,0,0,5,,0,,,,
2018,5,143.0,대구,99.7,19.7,22.0,23,10,9,4,0,,2.4,9.5,W,3,4,11,4,0,0,2,0,0,0
2018,5,146.0,전주,122.1,30.6,35.2,2,10,10,5,1,,1.8,7.9,W,3,4,10,3,4,0,2,0,0,0
2018,5,152.0,울산,95.4,-12.7,23.2,30,10,10,3,0,,2.3,9.3,SSW,17,6,13,4,0,0,1,0,0,0
2018,5,155.0,창원,145.0,2.8,27.3,6,12,12,5,0,,1.8,6.5,NE,20,5,12,6,5,0,2,0,0,0
2018,5,156.0,광주,85.4,-11.2,26.0,12,8,7,3,0,,1.6,6.7,SW,5,3,11,5,0,0,1,0,0,0
2018,5,159.0,부산,155.8,-1.6,42.0,6,12,10,5,2,,3.8,13.3,SW,16,5,11,5,7,0,0,0,0,0
2018,5,162.0,통영,227.2,47.1,60.7,6,13,12,6,3,,2.4,11.8,S,6,0,0,6,,0,,,,
2018,5,165.0,목포,89.3,0.1,26.9,7,11,7,3,0,,3.3,12.4,NNW,3,3,14,5,5,0,0,0,0,0
2018,5,168.0,여수,134.5,-12.0,34.2,6,13,12,4,1,144.3,3.6,14.3,NW,2,4,11,6,8,1,0,0,0,0
2018,5,169.0,흑산도,91.6,-10.8,28.1,12,9,7,4,0,,4.3,14.5,N,23,4,16,7,18,2,0,0,0,0
2018,5,170.0,완도,120.0,-15.4,32.3,7,13,10,4,1,,2.7,10.7,NW,3,0,0,3,,0,,,,
2018,5,172.0,고창,64.2,,22.9,7,11,7,2,0,111.4,2.8,10.7,NW,3,0,0,4,,0,,,,
2018,5,174.0,순천,104.0,,27.0,7,14,11,4,0,,1.6,8.7,NNW,3,0,0,4,,0,,,,
2018,5,175.0,진도(첨찰산),135.7,,49.8,6,14,11,4,2,,4.5,9.2,NE,2,0,0,6,,0,,,,
2018,5,177.0,홍성,112.7,,41.7,12,9,6,3,2,,1.9,8.2,WSW,4,5,12,4,3,0,2,0,0,0
2018,5,184.0,제주,98.8,2.4,41.8,13,12,9,3,1,,2.9,8.8,SW,6,3,16,1,4,0,1,0,0,0
2018,5,185.0,고산,256.7,146.5,79.3,6,13,9,5,3,64.3,,21.3,NNW,2,0,0,5,,2,,,,
2018,5,188.0,성산,151.8,-25.9,59.6,6,19,13,5,1,,3.4,11.5,WNW,2,0,0,6,,0,,,,
2018,5,189.0,서귀포,356.1,150.3,161.0,6,18,14,7,3,,2.0,7.3,ENE,19,0,0,6,,0,,,,
2018,5,192.0,진주,94.3,-28.5,24.4,7,14,11,3,0,150.7,1.4,6.6,WSW,4,0,0,3,,0,,,,
2018,5,201.0,강화,150.7,41.9,50.0,17,11,8,5,2,,2.2,7.9,WSW,17,0,0,5,,0,,,,
2018,5,202.0,양평,207.0,104.6,97.5,17,12,10,5,1,,1.7,7.3,W,4,0,0,3,,0,,,,
2018,5,203.0,이천,189.2,95.4,34.7,16,13,11,7,2,,1.6,7.0,WSW,4,0,0,3,,0,,,,
2018,5,211.0,인제,180.0,82.3,77.0,17,11,9,6,1,,2.1,7.2,SSE,4,0,0,4,,0,,,,
2018,5,212.0,홍천,268.6,163.4,158.5,17,12,9,6,1,,1.4,7.1,W,4,0,0,4,,0,,,,
2018,5,216.0,태백,138.1,47.7,61.5,18,13,12,4,1,,1.9,7.3,SW,16,0,0,6,,0,,,,
2018,5,221.0,제천,172.5,70.4,39.5,18,12,12,6,2,,1.8,8.5,WSW,3,0,0,5,,0,,,,
2018,5,226.0,보은,103.9,9.2,21.5,23,12,10,4,0,,1.4,7.7,NW,4,0,0,4,,0,,,,
2018,5,232.0,천안,82.7,-3.0,18.1,12,8,6,4,0,,1.8,8.0,WSW,4,0,0,3,,0,,,,
2018,5,235.0,보령,104.5,16.3,43.6,12,10,8,4,1,,1.7,8.9,S,16,0,0,5,,0,,,,
2018,5,236.0,부여,116.1,16.9,34.0,12,10,9,4,1,,1.6,8.1,WNW,3,0,0,4,,0,,,,
2018,5,238.0,금산,110.4,20.3,25.5,2,11,8,5,0,,1.6,6.0,W,4,0,0,3,,0,,,,
2018,5,243.0,부안,112.5,23.5,37.0,2,10,10,6,1,,2.2,11.1,S,16,0,0,3,,0,,,,
2018,5,244.0,임실,97.7,9.7,26.0,7,12,9,4,0,,1.4,6.4,W,3,0,0,5,,0,,,,
2018,5,245.0,정읍,85.9,-8.7,20.6,23,11,7,4,0,,1.9,9.4,SSW,16,0,0,3,,0,,,,
2018,5,247.0,남원,90.4,-20.6,28.7,7,9,8,5,0,,2.1,8.5,NNE,20,0,0,3,,0,,,,
2018,5,248.0,장수,116.3,7.1,29.5,7,11,9,4,0,,2.1,9.0,W,2,0,0,4,,0,,,,
2018,5,260.0,장흥,81.7,-43.5,24.8,6,10,9,3,0,,1.8,8.3,NNW,2,0,0,6,,0,,,,
2018,5,261.0,해남,75.3,-30.2,24.2,7,13,10,3,0,,2.2,10.0,E,20,0,0,8,,0,,,,
2018,5,262.0,고흥,106.6,-33.6,36.6,6,11,9,3,1,,1.4,9.3,WNW,2,0,0,6,,0,,,,
2018,5,268.0,진도군,105.0,,38.0,6,15,9,3,1,,2.2,9.4,N,23,0,0,6,,0,,,,
2018,5,271.0,봉화,140.2,34.5,40.5,18,14,11,5,1,,1.6,7.8,NNW,3,0,0,5,,0,,,,
2018,5,272.0,영주,162.6,52.7,40.5,2,14,10,5,2,,2.1,6.6,NW,3,0,0,5,,0,,,,
2018,5,273.0,문경,128.1,22.0,33.0,6,14,11,5,1,,1.9,8.5,WNW,3,0,0,5,,0,,,,
2018,5,277.0,영덕,71.4,-4.2,25.0,6,10,8,3,0,,3.1,9.9,W,3,0,0,5,,0,,,,
2018,5,278.0,의성,104.5,26.2,25.0,2,11,10,4,0,,1.5,8.2,W,3,0,0,4,,0,,,,
2018,5,279.0,구미,109.1,32.1,40.4,29,11,9,4,1,,1.3,7.6,W,3,0,0,3,,0,,,,
2018,5,281.0,영천,83.4,-3.8,24.0,23,10,9,3,0,,1.9,7.4,W,3,0,0,6,,0,,,,
2018,5,284.0,거창,89.5,-5.4,32.0,7,12,9,2,1,,1.6,9.0,WNW,4,0,0,3,,0,,,,
2018,5,285.0,합천,88.8,-8.6,32.0,7,11,9,4,1,,1.6,6.2,NE,8,0,0,4,,0,,,,
2018,5,288.0,밀양,93.5,-15.2,24.8,23,10,8,4,0,,1.3,6.4,WNW,3,0,0,3,,0,,,,
2018,5,289.0,산청,78.1,-26.2,30.5,7,9,9,2,1,,1.9,11.3,W,3,0,0,2,,0,,,,
2018,5,294.0,거제,323.8,88.7,88.5,6,13,11,8,5,,2.1,7.7,ESE,6,0,0,5,,0,,,,
2018,5,295.0,남해,188.4,-1.3,74.0,6,16,12,6,1,,1.5,6.2,NW,3,0,0,4,,0,,,,
2018,6,90.0,속초,46.5,-69.2,18.6,26,7,6,2,0,,1.7,12.5,N,20,,,4,,0,,,,
2018,6,93.0,북춘천,88.6,,57.5,26,8,4,2,1,,1.5,8.6,SW,28,6,9,1,0,0,1,0,0,0
2018,6,95.0,철원,122.3,-15.7,72.7,26,8,3,3,1,,1.8,7.1,WNW,28,0,0,1,,0,,,,
2018,6,98.0,동두천,193.6,50.8,118.4,26,9,6,3,2,,1.5,6.5,WNW,21,0,0,1,,0,,,,
2018,6,99.0,파주,137.0,,73.0,26,10,7,2,1,,1.5,6.8,N,28,0,0,1,,0,,,,
2018,6,100.0,대관령,83.5,-117.5,45.8,26,8,6,3,1,,2.7,12.0,WSW,26,0,0,0,,0,,,,
2018,6,101.0,춘천,104.1,-19.0,76.4,26,5,3,2,1,,1.7,6.9,NNW,28,0,0,1,,0,,,,
2018,6,102.0,백령도,101.9,27.1,74.3,26,8,6,1,1,,2.8,10.5,SE,13,3,18,1,19,0,2,0,0,0
2018,6,104.0,북강릉,44.7,,29.7,26,4,3,2,0,,1.6,6.5,NNW,20,5,10,2,1,0,1,0,0,0
2018,6,105.0,강릉,38.6,-82.0,21.5,26,5,2,2,0,,2.0,8.3,NNW,20,0,0,0,,0,,,,
2018,6,106.0,동해,36.6,-73.8,24.6,26,4,3,2,0,,1.6,8.8,N,12,0,0,1,,0,,,,
2018,6,108.0,서울,171.5,38.3,71.5,26,10,8,5,1,,1.7,5.7,SSW,26,5,12,1,1,0,3,0,0,0
2018,6,112.0,인천,144.0,32.0,90.3,26,10,8,3,1,,2.3,8.5,SSW,26,4,16,2,11,0,3,0,0,0
2018,6,114.0,원주,131.8,-8.3,114.6,26,4,2,2,1,,1.2,5.1,SSW,26,0,0,1,,0,,,,
2018,6,115.0,울릉도,65.0,-50.3,42.4,26,4,4,2,1,,4.5,13.7,SSW,27,4,14,3,5,0,0,0,0,0
2018,6,119.0,수원,107.0,-22.2,95.5,26,10,6,1,1,,1.9,6.3,WSW,26,4,12,1,1,0,2,0,0,0
2018,6,121.0,영월,84.0,-59.9,54.1,26,6,3,2,1,,1.3,6.6,E,12,0,0,1,,0,,,,
2018,6,127.0,충주,63.7,-71.0,59.6,26,7,3,1,1,,1.6,5.2,E,9,0,0,1,,0,,,,
2018,6,129.0,서산,162.3,23.9,139.3,26,8,5,2,1,,1.7,7.8,SW,26,0,0,2,,0,,,,
2018,6,130.0,울진,27.0,-78.8,9.3,26,7,5,0,0,,2.2,6.6,SSE,30,0,0,2,,0,,,,
2018,6,131.0,청주,63.3,-80.8,62.2,26,4,1,1,1,,1.9,5.1,ESE,9,4,9,2,0,0,4,0,0,0
2018,6,133.0,대전,115.8,-90.5,50.4,27,9,5,3,2,,1.7,6.5,ESE,9,4,8,2,0,0,3,0,0,0
2018,6,135.0,추풍령,89.6,-56.7,73.3,27,9,3,2,1,,2.6,7.6,W,27,0,0,3,,0,,,,
2018,6,136.0,안동,48.5,-88.3,37.1,27,4,4,1,1,,1.6,5.7,SE,9,6,12,2,1,0,0,0,0,0
2018,6,137.0,상주,76.9,,56.7,27,7,2,2,1,,1.3,4.5,WSW,27,0,0,3,,0,,,,
2018,6,138.0,포항,89.1,-52.5,51.4,27,8,5,3,1,,2.7,6.9,NE,15,5,14,0,0,0,0,0,0,0
2018,6,140.0,군산,101.1,-53.7,66.9,27,7,6,2,1,,2.1,9.9,SW,26,0,0,3,,0,,,,
2018,6,143.0,대구,121.1,-21.5,68.5,27,8,5,4,1,,2.2,7.7,ESE,9,4,11,4,0,0,3,0,0,0
2018,6,146.0,전주,137.2,-30.7,75.6,27,7,6,4,1,,1.5,5.4,WSW,3,4,8,3,0,0,3,0,0,0
2018,6,152.0,울산,127.6,-49.2,50.5,28,10,8,4,2,,1.8,8.0,SSW,27,4,15,3,1,0,1,0,0,0
2018,6,155.0,창원,194.8,-37.5,98.9,28,11,7,4,3,,1.6,6.4,SSE,1,4,11,3,0,0,2,0,0,0
2018,6,156.0,광주,222.4,40.9,67.6,28,7,6,5,3,,1.5,6.1,SSW,27,4,11,2,0,0,3,0,0,0
2018,6,159.0,부산,276.7,70.0,131.1,28,11,9,4,3,,3.1,12.5,SW,26,4,12,3,5,0,2,0,0,0
2018,6,162.0,통영,306.5,108.9,151.7,28,12,8,4,3,,2.0,12.7,SSW,27,0,0,4,,0,,,,
2018,6,165.0,목포,162.0,-11.1,111.7,28,5,4,3,1,,3.0,10.5,WSW,27,3,11,3,0,0,2,0,0,0
2018,6,168.0,여수,291.8,78.1,144.4,28,11,10,5,2,,3.1,11.9,SW,27,6,11,2,2,0,2,0,0,0
2018,6,169.0,흑산도,177.9,3.2,90.5,28,9,5,3,3,,3.5,13.9,SE,9,3,14,1,10,1,3,0,0,0
2018,6,170.0,완도,192.2,-50.8,84.6,28,9,7,4,2,,2.3,11.4,WSW,9,0,0,3,,0,,,,
2018,6,172.0,고창,168.4,,69.3,27,7,4,3,3,,2.4,8.7,NW,9,0,0,3,,0,,,,
2018,6,174.0,순천,177.1,,127.5,28,8,7,3,1,,1.5,7.0,SSE,10,0,0,4,,0,,,,
2018,6,175.0,진도(첨찰산),164.6,,75.5,28,8,7,3,2,,3.8,9.4,SW,9,0,0,4,,0,,,,
2018,6,177.0,홍성,88.2,,71.0,26,8,4,1,1,,1.5,6.5,SW,26,3,11,3,1,0,4,0,0,0
2018,6,184.0,제주,211.1,29.7,47.8,30,12,11,7,3,,2.7,12.8,SSW,27,3,16,5,0,0,4,0,0,0
2018,6,185.0,고산,186.7,38.0,61.3,28,11,8,7,2,,4.1,17.2,NW,28,0,0,4,,1,,,,
2018,6,188.0,성산,377.2,153.5,181.0,30,13,10,6,5,,2.7,10.5,SSW,27,0,0,6,,0,,,,
2018,6,189.0,서귀포,304.3,27.4,92.9,30,12,10,6,5,,1.7,6.6,NE,10,0,0,16,,0,,,,
2018,6,192.0,진주,207.7,-5.3,91.9,28,10,9,5,3,,1.2,4.2,ENE,15,0,0,4,,0,,,,
2018,6,201.0,강화,100.1,-23.3,65.5,26,9,7,2,1,,1.9,9.9,SW,26,0,0,4,,0,,,,
2018,6,202.0,양평,121.1,-22.5,78.0,26,8,3,3,1,,1.6,6.7,W,26,0,0,1,,0,,,,
2018,6,203.0,이천,104.7,-41.3,85.4,26,6,4,1,1,,1.5,5.4,SW,26,0,0,1,,0,,,,
2018,6,211.0,인제,71.3,-46.9,52.0,26,8,3,2,1,,1.7,5.7,SSE,27,0,0,2,,0,,,,
2018,6,212.0,홍천,101.4,-39.2,60.0,26,7,3,2,2,,1.5,4.7,WNW,21,0,0,1,,0,,,,
2018,6,216.0,태백,58.1,-84.1,38.4,26,7,7,1,1,,1.5,10.4,SW,26,0,0,4,,0,,,,
2018,6,221.0,제천,138.5,-15.7,82.0,26,5,3,2,2,,1.7,6.0,WSW,24,0,0,2,,0,,,,
2018,6,226.0,보은,75.3,-84.0,43.5,26,9,5,2,1,,1.3,5.0,S,16,0,0,3,,0,,,,
2018,6,232.0,천안,88.9,-44.2,77.6,26,5,3,1,1,,1.6,6.5,SE,30,0,0,2,,0,,,,
2018,6,235.0,보령,71.0,-66.5,23.4,26,7,7,3,0,,1.2,9.5,SSW,26,0,0,3,,0,,,,
2018,6,236.0,부여,107.1,-59.1,41.0,27,9,7,3,2,,1.3,7.0,SW,26,0,0,3,,0,,,,
2018,6,238.0,금산,104.3,-68.7,83.5,27,8,4,2,1,,1.4,5.2,E,9,0,0,3,,0,,,,
2018,6,243.0,부안,105.0,-45.0,66.0,27,6,6,2,1,,1.8,8.6,S,26,0,0,2,,0,,,,
2018,6,244.0,임실,181.4,12.2,88.0,27,10,6,5,2,,1.1,4.7,SSE,9,0,0,3,,0,,,,
2018,6,245.0,정읍,150.3,-5.8,93.7,27,7,5,2,2,,1.5,9.0,SSW,26,0,0,3,,0,,,,
2018,6,247.0,남원,225.5,48.8,117.1,27,8,7,5,2,,1.7,6.3,NNE,9,0,0,2,,0,,,,
2018,6,248.0,장수,182.2,-7.0,92.0,27,10,8,5,2,,1.5,5.8,SSW,27,0,0,2,,0,,,,
2018,6,260.0,장흥,220.2,1.2,139.3,28,8,7,5,2,,1.7,6.2,SSE,9,0,0,4,,0,,,,
2018,6,261.0,해남,238.9,39.4,130.2,28,9,7,4,3,,2.0,5.6,E,16,0,0,3,,0,,,,
2018,6,262.0,고흥,268.9,52.9,155.5,28,8,8,5,3,,1.1,5.2,SSW,27,0,0,4,,0,,,,
2018,6,268.0,진도군,202.6,,67.5,27,9,7,4,3,,1.9,7.7,SE,13,0,0,3,,0,,,,
2018,6,271.0,봉화,69.9,-87.5,50.5,26,8,5,1,1,,1.5,6.2,SSE,9,0,0,4,,0,,,,
2018,6,272.0,영주,78.8,-85.8,58.5,26,7,4,2,1,,1.9,5.7,NW,8,0,0,2,,0,,,,
2018,6,273.0,문경,62.9,-100.3,54.5,26,7,4,1,1,,1.9,6.1,SE,9,0,0,5,,0,,,,
2018,6,277.0,영덕,29.3,-90.5,12.0,27,9,6,2,0,,2.6,7.4,NNE,15,0,0,3,,0,,,,
2018,6,278.0,의성,70.4,-61.6,53.0,27,7,4,2,1,,1.3,5.2,NNW,24,0,0,2,,0,,,,
2018,6,279.0,구미,150.4,20.1,114.6,27,9,4,2,1,,1.1,3.6,NNW,29,0,0,4,,0,,,,
2018,6,281.0,영천,104.5,-31.3,67.0,27,9,6,3,1,,1.6,5.8,E,9,0,0,2,,0,,,,
2018,6,284.0,거창,129.6,-44.6,67.5,27,7,6,3,2,,1.3,6.3,SSW,26,0,0,2,,0,,,,
2018,6,285.0,합천,123.7,-45.2,47.0,27,9,7,4,2,,1.3,4.8,S,23,0,0,3,,0,,,,
2018,6,288.0,밀양,142.6,-43.7,59.9,28,9,7,4,2,,1.1,5.3,S,27,0,0,3,,0,,,,
2018,6,289.0,산청,173.6,-20.3,64.5,27,10,7,5,2,,1.5,5.9,W,21,0,0,4,,0,,,,
2018,6,294.0,거제,390.7,120.8,201.5,28,12,10,5,3,,1.9,6.6,NW,27,0,0,5,,0,,,,
2018,6,295.0,남해,332.0,63.7,179.5,28,11,8,4,2,,1.3,6.1,SW,27,0,0,3,,0,,,,
2018,7,90.0,속초,185.4,-61.5,53.2,1,12,10,8,2,,1.6,5.7,WNW,13,,,7,,0,,,,
2018,7,93.0,북춘천,189.7,,76.5,2,9,7,6,2,,1.3,6.7,E,7,9,8,4,3,0,1,0,0,0
2018,7,95.0,철원,174.2,-226.7,45.8,1,10,10,5,3,,2.0,8.1,NNE,7,0,0,5,,0,,,,
2018,7,98.0,동두천,216.9,-207.1,47.1,1,8,6,6,4,,1.4,7.9,E,28,0,0,5,,0,,,,
2018,7,99.0,파주,127.4,,39.1,1,7,5,5,2,,1.4,4.9,N,7,0,0,4,,0,,,,
2018,7,100.0,대관령,228.0,-98.7,56.4,1,13,12,6,2,,2.9,9.7,WSW,12,0,0,1,,0,,,,
2018,7,101.0,춘천,213.6,-170.2,90.0,2,9,7,5,3,,1.5,5.2,NE,7,0,0,3,,0,,,,
2018,7,102.0,백령도,181.7,-19.4,80.5,10,8,6,3,2,,3.1,10.9,SSE,10,5,16,4,18,0,0,0,0,0
2018,7,104.0,북강릉,204.0,,51.3,1,11,11,7,3,,1.3,7.6,ESE,3,12,14,7,4,0,0,0,0,0
2018,7,105.0,강릉,195.5,-47.3,47.0,4,12,11,7,2,,1.9,7.1,ESE,3,0,0,1,,0,,,,
2018,7,106.0,동해,286.0,51.3,65.3,1,13,11,7,4,,1.7,8.4,SE,3,0,0,5,,0,,,,
2018,7,108.0,서울,185.6,-209.1,83.5,1,9,7,4,2,,1.5,4.2,SSW,14,8,9,3,0,0,2,0,0,0
2018,7,112.0,인천,148.8,-170.8,61.8,1,5,5,3,2,,2.6,7.4,E,6,10,7,3,3,0,2,0,0,0
2018,7,114.0,원주,122.5,-239.7,65.0,1,8,7,3,2,,1.1,5.2,NNE,29,0,0,2,,0,,,,
2018,7,115.0,울릉도,184.9,14.7,50.9,5,11,11,5,2,,4.0,13.3,NNE,29,11,13,3,11,0,0,0,0,0
2018,7,119.0,수원,222.7,-128.4,105.7,1,9,7,4,2,,1.8,5.6,WNW,22,8,7,3,0,0,2,0,0,0
2018,7,121.0,영월,238.1,-54.2,75.8,2,9,7,4,3,,1.1,6.3,NE,29,0,0,2,,0,,,,
2018,7,127.0,충주,149.1,-144.4,80.4,1,9,5,3,2,,1.5,6.9,N,29,0,0,1,,0,,,,
2018,7,129.0,서산,152.9,-120.5,97.2,1,7,4,3,2,,1.8,5.6,S,25,0,0,2,,0,,,,
2018,7,130.0,울진,229.0,42.2,99.6,2,11,10,7,2,,2.2,8.2,NNW,29,1,0,4,,0,,,,
2018,7,131.0,청주,324.9,42.2,117.8,1,8,6,6,4,,1.7,5.9,ENE,3,6,8,2,0,0,2,0,0,0
2018,7,133.0,대전,226.9,-107.0,119.9,1,7,6,4,3,,1.5,6.3,E,6,7,7,2,0,0,2,0,0,0
2018,7,135.0,추풍령,123.8,-160.8,53.5,2,7,6,4,2,,2.2,6.9,NE,3,0,0,4,,0,,,,
2018,7,136.0,안동,154.0,-90.3,98.5,2,7,5,3,2,,1.6,5.6,SSE,7,11,10,2,0,0,1,0,0,0
2018,7,137.0,상주,131.3,,49.3,1,8,7,4,2,,1.0,4.1,SSW,11,0,0,3,,0,,,,
2018,7,138.0,포항,164.1,-39.1,48.8,4,10,8,5,2,,2.7,8.3,NNE,29,12,12,5,0,0,3,0,0,0
2018,7,140.0,군산,316.3,75.1,210.8,1,5,5,2,2,,1.9,5.9,SSE,2,1,0,2,,0,,,,
2018,7,143.0,대구,169.6,-54.4,62.5,2,8,7,5,2,,2.2,7.0,ESE,30,10,8,3,0,0,2,0,0,0
2018,7,146.0,전주,169.1,-130.5,107.4,1,7,5,3,2,,1.5,5.6,NNW,29,8,6,1,0,0,2,0,0,0
2018,7,152.0,울산,160.3,-72.0,107.3,3,11,8,3,1,,1.9,8.9,ENE,3,12,11,4,0,0,1,0,0,0
2018,7,155.0,창원,146.0,-147.8,56.6,1,8,8,3,2,,1.5,6.4,NE,3,10,8,4,0,0,1,0,0,0
2018,7,156.0,광주,84.5,-224.4,57.2,1,4,4,2,1,,1.7,6.0,NE,3,7,6,0,0,0,1,0,0,0
2018,7,159.0,부산,122.1,-194.8,90.9,3,9,8,2,1,,3.0,8.3,NE,3,14,9,3,1,0,1,0,0,0
2018,7,162.0,통영,139.2,-174.3,62.7,3,8,7,2,2,,2.0,8.7,SSE,1,0,0,4,,0,,,,
2018,7,165.0,목포,67.6,-169.1,47.9,1,3,3,2,1,,2.9,10.1,SSW,2,10,5,1,0,0,0,0,0,0
2018,7,168.0,여수,149.7,-141.8,75.6,2,6,6,4,2,,3.4,15.3,NE,3,14,7,4,0,1,1,0,0,0
2018,7,169.0,흑산도,217.9,-8.1,181.7,1,4,3,2,1,,4.5,15.3,S,2,4,9,3,14,2,1,0,0,0
2018,7,170.0,완도,47.8,-237.9,30.4,1,6,4,2,1,,2.6,10.3,SSE,1,0,0,4,,0,,,,
2018,7,172.0,고창,183.7,,75.3,1,6,5,3,3,,2.3,8.9,SE,9,0,0,0,,0,,,,
2018,7,174.0,순천,100.9,,61.0,1,5,5,2,1,,1.4,5.6,SE,1,1,0,4,,0,,,,
2018,7,175.0,진도(첨찰산),60.3,,39.0,1,5,5,2,1,,4.0,9.0,SW,1,0,0,2,,0,,,,
2018,7,177.0,홍성,222.3,,158.4,1,6,4,3,2,,1.4,5.5,SSE,2,11,7,2,0,0,3,0,0,0
2018,7,184.0,제주,48.7,-191.2,38.1,6,6,4,1,1,,2.7,10.0,NNE,3,8,8,4,0,0,0,0,0,0
2018,7,185.0,고산,20.8,-157.2,18.0,6,4,2,1,0,,4.9,14.8,E,3,0,0,1,,1,,,,
2018,7,188.0,성산,41.8,-241.4,22.0,6,7,3,2,0,,2.9,11.2,NNE,3,0,0,4,,0,,,,
2018,7,189.0,서귀포,23.2,-286.6,18.1,6,7,2,1,0,,1.8,7.2,NNE,3,10,9,4,0,0,0,0,0,0
2018,7,192.0,진주,240.8,-59.2,81.9,5,8,7,5,3,,1.1,4.3,NNW,29,0,0,3,,0,,,,
2018,7,201.0,강화,150.7,-207.5,44.5,9,10,7,4,3,,1.9,6.1,NE,6,0,0,5,,0,,,,
2018,7,202.0,양평,255.0,-144.0,130.5,2,8,8,4,2,,1.3,5.5,E,29,0,0,4,,0,,,,
2018,7,203.0,이천,228.6,-141.6,81.8,1,8,7,5,3,,1.2,4.6,SE,3,0,0,2,,0,,,,
2018,7,211.0,인제,278.5,-28.7,66.5,1,8,7,7,5,,1.8,7.0,N,6,0,0,3,,0,,,,
2018,7,212.0,홍천,204.5,-192.5,86.0,1,8,8,5,2,,1.4,4.9,ENE,3,0,0,2,,0,,,,
2018,7,216.0,태백,251.8,-35.5,73.1,1,14,13,5,2,,1.5,6.2,NNE,29,0,0,6,,0,,,,
2018,7,221.0,제천,161.5,-212.0,78.0,1,8,7,3,3,,1.6,6.7,ENE,6,0,0,2,,0,,,,
2018,7,226.0,보은,224.9,-88.1,87.5,1,8,6,5,4,,1.1,4.5,N,29,0,0,2,,0,,,,
2018,7,232.0,천안,185.8,-78.9,120.1,1,8,4,4,1,,1.5,5.5,E,3,0,0,2,,0,,,,
2018,7,235.0,보령,262.7,-6.0,196.2,1,4,4,3,2,,1.4,5.7,NE,7,0,0,3,,0,,,,
2018,7,236.0,부여,278.8,-40.8,187.0,1,5,4,3,2,,1.3,6.0,SE,2,0,0,2,,0,,,,
2018,7,238.0,금산,163.5,-144.9,76.5,1,5,5,3,2,,1.3,4.8,N,29,0,0,4,,0,,,,
2018,7,243.0,부안,258.2,-17.8,159.0,1,6,5,4,2,,1.7,6.6,S,10,0,0,1,,0,,,,
2018,7,244.0,임실,157.1,-158.8,94.5,1,7,5,3,2,,1.0,3.6,NNE,3,0,0,2,,0,,,,
2018,7,245.0,정읍,145.8,-133.9,61.6,1,7,4,4,2,,1.3,8.1,S,1,0,0,1,,0,,,,
2018,7,247.0,남원,100.0,-198.9,54.6,1,7,5,2,1,,1.8,6.8,NNE,6,1,0,2,,0,,,,
2018,7,248.0,장수,104.5,-229.1,62.0,1,6,5,2,2,,1.4,5.9,N,29,1,0,3,,0,,,,
2018,7,260.0,장흥,87.3,-203.6,75.4,1,5,3,1,1,,1.7,7.1,S,1,0,0,3,,0,,,,
2018,7,261.0,해남,18.8,-228.0,12.2,1,4,4,1,0,,2.2,5.6,ESE,11,0,0,0,,0,,,,
2018,7,262.0,고흥,107.7,-159.0,44.6,1,7,7,4,1,,1.2,7.7,SSE,1,0,0,3,,0,,,,
2018,7,268.0,진도군,52.6,,35.5,1,5,4,1,1,,1.9,6.7,NE,3,0,0,1,,0,,,,
2018,7,271.0,봉화,228.7,-67.8,103.5,2,10,8,4,3,,1.4,6.9,NNE,29,0,0,4,,0,,,,
2018,7,272.0,영주,234.2,-69.4,121.0,1,9,5,3,2,,1.7,5.9,NW,2,0,0,3,,0,,,,
2018,7,273.0,문경,174.2,-134.5,67.0,2,7,6,4,3,,1.5,5.8,WNW,4,0,0,4,,0,,,,
2018,7,277.0,영덕,211.6,21.9,55.0,3,9,8,6,4,,2.6,11.9,NNE,29,1,0,3,,0,,,,
2018,7,278.0,의성,197.6,-33.6,88.5,2,8,6,4,2,,1.3,5.9,NE,29,1,0,1,,0,,,,
2018,7,279.0,구미,262.8,24.9,90.0,1,9,7,3,3,,1.0,3.8,ENE,29,0,0,5,,0,,,,
2018,7,281.0,영천,156.6,-67.8,69.0,2,8,6,5,2,,1.6,6.3,E,3,1,0,3,,0,,,,
2018,7,284.0,거창,95.0,-206.4,29.8,1,7,6,4,0,,1.1,5.4,NNE,29,1,0,2,,0,,,,
2018,7,285.0,합천,206.9,-80.5,73.0,1,7,6,6,3,,1.3,4.8,S,4,0,0,4,,0,,,,
2018,7,288.0,밀양,145.9,-123.6,45.0,1,9,7,4,2,,0.9,4.7,WNW,4,1,0,3,,0,,,,
2018,7,289.0,산청,100.4,-224.4,44.0,1,8,6,4,1,,1.3,5.8,NE,1,0,0,3,,0,,,,
2018,7,294.0,거제,234.1,-192.3,137.0,3,9,7,3,2,,1.9,5.8,E,3,0,0,4,,0,,,,
2018,7,295.0,남해,201.0,-158.3,66.5,1,8,8,4,3,,1.2,4.6,SSE,1,0,0,4,,0,,,,
2018,8,90.0,속초,625.0,332.0,226.2,6,16,11,7,4,,1.6,9.1,NNW,24,,,4,,0,,,,
2018,8,93.0,북춘천,354.6,,189.5,29,13,9,5,4,,1.3,10.3,NE,15,3,11,3,0,0,5,0,0,0
2018,8,95.0,철원,527.0,188.8,384.3,29,11,8,6,2,,1.9,8.8,N,29,3,6,2,,0,,,,
2018,8,98.0,동두천,407.4,-0.9,279.6,29,13,11,3,2,,1.5,6.0,SSW,29,2,6,0,,0,,,,
2018,8,99.0,파주,129.5,,60.1,5,9,7,4,1,,1.4,6.4,S,21,3,7,1,,0,,,,
2018,8,100.0,대관령,542.6,121.7,81.0,27,18,14,11,7,,2.6,10.6,WSW,30,1,13,2,,0,,,,
2018,8,101.0,춘천,389.5,72.0,170.7,29,12,9,6,5,,1.6,8.4,NW,29,0,0,2,,0,,,,
2018,8,102.0,백령도,194.9,14.9,94.1,28,6,6,5,2,,2.9,15.3,S,20,5,8,2,5,1,2,0,0,0
2018,8,104.0,북강릉,432.2,,204.8,6,16,11,6,4,,1.3,7.5,WNW,24,2,14,3,0,0,4,0,0,0
2018,8,105.0,강릉,419.1,120.2,200.0,6,16,12,6,5,,1.7,5.8,NNW,6,2,10,0,,0,,,,
2018,8,106.0,동해,219.8,-20.5,105.5,6,13,12,6,1,,1.4,9.2,NNE,16,2,12,3,,0,,,,
2018,8,108.0,서울,202.6,-161.6,96.5,28,15,14,3,2,,1.7,7.1,S,21,3,9,3,0,0,4,0,0,0
2018,8,112.0,인천,214.9,-70.9,127.3,28,9,9,3,2,,3.0,9.1,SSW,21,3,9,3,2,0,4,0,0,0
2018,8,114.0,원주,258.2,-31.9,99.4,28,15,10,5,3,,1.3,6.4,NNE,16,2,9,4,,0,,,,
2018,8,115.0,울릉도,79.7,-88.2,16.7,26,11,7,4,0,,3.3,13.0,NNE,16,4,11,1,7,0,1,0,0,0
2018,8,119.0,수원,218.6,-81.2,124.8,28,11,10,3,2,,2.1,6.3,ESE,16,5,8,2,0,0,3,0,0,0
2018,8,121.0,영월,316.8,25.1,114.8,28,11,9,8,3,,1.1,8.8,S,14,2,10,4,,0,,,,
2018,8,127.0,충주,353.3,84.7,134.2,28,10,9,7,4,,1.6,6.2,ESE,24,2,9,2,,0,,,,
2018,8,129.0,서산,156.8,-139.1,65.8,27,9,9,6,1,,1.9,7.2,WNW,21,2,7,1,,0,,,,
2018,8,130.0,울진,211.3,2.5,55.0,28,17,13,7,2,,1.9,11.1,E,24,2,10,5,,0,,,,
2018,8,131.0,청주,247.9,-37.2,76.0,31,7,6,6,3,,2.0,6.9,ENE,23,3,8,0,0,0,1,0,0,0
2018,8,133.0,대전,408.6,79.1,140.0,28,8,7,6,5,,1.9,8.1,ESE,16,4,8,1,2,0,5,0,0,0
2018,8,135.0,추풍령,335.4,90.9,138.5,26,9,8,5,5,,2.3,10.3,ENE,24,2,8,2,,0,,,,
2018,8,136.0,안동,249.9,32.1,69.9,27,12,11,6,3,,1.8,7.0,W,24,5,12,2,0,0,2,0,0,0
2018,8,137.0,상주,342.8,,83.9,26,11,10,7,5,,1.1,5.6,WSW,24,3,8,2,,0,,,,
2018,8,138.0,포항,175.4,-52.0,67.1,26,14,11,5,1,,2.7,8.9,NE,16,5,11,4,0,0,1,0,0,0
2018,8,140.0,군산,495.9,232.8,142.6,26,10,9,6,4,,2.2,8.0,WNW,24,2,6,2,,0,,,,
2018,8,143.0,대구,334.2,98.3,127.5,26,12,9,5,4,,2.4,8.0,WSW,24,6,8,2,3,0,3,0,0,0
2018,8,146.0,전주,368.9,91.4,99.2,26,10,9,6,5,,1.8,6.3,WSW,24,3,8,3,2,0,3,0,0,0
2018,8,152.0,울산,279.3,39.0,136.4,26,13,11,6,3,,2.1,8.3,S,24,7,9,3,2,0,5,0,0,0
2018,8,155.0,창원,243.7,-55.3,51.8,27,12,11,7,4,,1.7,8.5,SSE,24,7,10,2,2,0,5,0,0,0
2018,8,156.0,광주,397.1,99.3,108.5,27,10,8,7,4,,2.0,7.9,ENE,23,1,8,3,0,0,5,0,0,0
2018,8,159.0,부산,169.7,-85.4,58.1,27,11,9,5,2,,3.5,15.5,SW,24,6,10,1,1,1,6,0,0,0
2018,8,162.0,통영,177.4,-48.4,68.4,15,13,9,4,3,,2.7,15.2,S,24,3,7,1,,1,,,,
2018,8,165.0,목포,246.2,53.6,151.9,23,9,7,4,2,,3.2,11.4,NW,24,0,6,1,0,0,2,0,0,0
2018,8,168.0,여수,89.8,-173.1,53.6,31,9,6,2,1,,4.0,16.2,SW,24,5,7,0,0,1,3,0,0,0
2018,8,169.0,흑산도,244.3,47.2,103.9,23,11,8,5,2,,4.9,24.7,NNE,23,4,7,2,6,2,2,0,0,0
2018,8,170.0,완도,147.2,-96.4,123.3,23,11,6,2,1,,3.5,21.8,ESE,23,0,6,1,,1,,,,
2018,8,172.0,고창,269.6,,100.0,23,10,10,5,4,,2.8,11.7,ENE,23,1,5,4,,0,,,,
2018,8,174.0,순천,359.4,,131.3,26,13,9,5,3,,1.7,10.0,SE,23,1,9,1,,0,,,,
2018,8,175.0,진도(첨찰산),175.2,,140.9,23,11,8,2,1,,4.8,13.3,SSE,23,0,0,3,,0,,,,
2018,8,177.0,홍성,211.3,,73.7,27,11,10,6,2,,1.5,6.3,ENE,16,3,9,0,1,0,2,0,0,0
2018,8,184.0,제주,376.5,114.0,265.4,23,10,8,4,3,,3.3,14.9,SW,23,6,6,1,0,2,0,0,0,0
2018,8,185.0,고산,127.2,-74.6,84.6,23,10,7,2,1,,6.0,28.1,NW,23,1,5,1,,3,,,,
2018,8,188.0,성산,125.0,-235.6,77.2,23,8,7,2,2,,3.8,18.2,E,23,1,4,2,,2,,,,
2018,8,189.0,서귀포,159.6,-132.0,66.5,23,7,6,3,2,,2.2,11.9,S,23,4,7,2,2,0,0,0,0,0
2018,8,192.0,진주,212.7,-104.2,70.5,26,14,9,5,3,,1.3,6.6,E,22,1,9,2,,0,,,,
2018,8,201.0,강화,293.7,-32.9,147.5,28,11,9,5,3,,2.2,8.3,SSW,20,4,6,2,,0,,,,
2018,8,202.0,양평,263.5,-109.6,80.0,28,13,11,5,4,,1.5,6.1,E,16,2,5,3,,0,,,,
2018,8,203.0,이천,327.3,7.4,168.4,28,13,11,4,3,,1.4,5.1,SW,28,3,8,4,,0,,,,
2018,8,211.0,인제,266.5,-27.5,171.5,29,15,11,4,3,,1.9,7.7,NNE,16,1,11,2,,0,,,,
2018,8,212.0,홍천,300.6,-15.7,67.5,27,12,10,8,5,,1.4,6.0,NE,15,2,11,0,,0,,,,
2018,8,216.0,태백,270.0,-9.6,63.4,24,17,16,7,3,,1.5,8.2,SW,21,2,13,3,,0,,,,
2018,8,221.0,제천,350.3,56.6,130.0,28,11,8,7,6,,1.5,6.4,ENE,16,2,10,5,,0,,,,
2018,8,226.0,보은,386.0,95.7,117.0,30,11,8,6,5,,1.3,5.3,N,31,2,10,2,,0,,,,
2018,8,232.0,천안,282.7,-15.6,105.4,31,8,7,6,3,,1.7,7.5,E,23,2,9,0,,0,,,,
2018,8,235.0,보령,239.6,-57.5,72.6,27,11,10,7,3,,1.4,6.7,SSW,29,2,6,1,,0,,,,
2018,8,236.0,부여,277.0,-6.0,88.0,26,11,8,7,3,,1.5,6.8,ESE,16,2,7,2,,0,,,,
2018,8,238.0,금산,410.4,143.6,168.5,26,11,10,8,5,,1.5,7.2,E,16,1,7,1,,0,,,,
2018,8,243.0,부안,299.5,49.3,60.5,30,9,9,7,4,,1.8,6.9,S,20,1,5,3,,0,,,,
2018,8,244.0,임실,415.6,103.8,131.5,26,11,10,7,4,,1.1,5.0,ESE,23,2,7,3,,0,,,,
2018,8,245.0,정읍,291.9,21.6,70.7,26,10,8,6,6,,1.8,6.7,WSW,24,1,6,3,,0,,,,
2018,8,247.0,남원,437.0,90.9,158.9,26,10,8,5,5,,1.9,8.0,N,17,2,7,2,,0,,,,
2018,8,248.0,장수,565.5,230.0,174.0,26,12,9,6,4,,1.7,7.5,WSW,24,3,9,1,,0,,,,
2018,8,260.0,장흥,302.8,-3.7,146.3,23,12,10,5,3,,2.2,13.6,ESE,23,0,10,1,,0,,,,
2018,8,261.0,해남,204.2,-44.3,157.8,23,11,7,2,1,,2.6,6.2,SW,31,1,7,4,,0,,,,
2018,8,262.0,고흥,109.2,-159.5,71.3,23,7,5,3,1,,1.5,9.4,SSE,23,0,9,1,,0,,,,
2018,8,268.0,진도군,355.7,,305.0,23,13,7,2,2,,2.3,10.5,E,23,0,4,1,,0,,,,
2018,8,271.0,봉화,319.4,77.4,115.5,28,10,9,7,4,,1.3,6.2,SE,23,3,11,5,,0,,,,
2018,8,272.0,영주,411.5,138.4,90.5,28,13,9,9,6,,1.4,4.7,NW,4,2,7,3,,0,,,,
2018,8,273.0,문경,275.1,11.4,82.5,31,10,9,6,5,,1.7,7.5,NW,31,3,9,3,,0,,,,
2018,8,277.0,영덕,196.2,-20.7,51.0,15,16,15,7,2,,2.0,9.3,NE,16,4,12,5,,0,,,,
2018,8,278.0,의성,180.0,-50.0,64.5,26,11,10,3,3,,1.4,7.3,W,24,1,9,2,,0,,,,
2018,8,279.0,구미,258.2,21.2,88.7,26,11,9,6,3,,1.1,5.6,ENE,16,1,9,3,,0,,,,
2018,8,281.0,영천,243.2,17.9,94.0,26,15,13,5,2,,1.8,6.5,W,24,4,11,3,,0,,,,
2018,8,284.0,거창,273.6,-11.2,92.4,26,12,7,4,4,,1.3,8.2,SW,24,2,9,4,,0,,,,
2018,8,285.0,합천,319.0,24.5,110.5,27,10,10,6,2,,1.3,5.7,S,9,3,8,3,,0,,,,
2018,8,288.0,밀양,372.3,134.7,197.0,26,15,12,6,2,,1.1,6.1,SSE,24,1,8,2,,0,,,,
2018,8,289.0,산청,489.7,122.8,252.5,26,16,11,8,5,,1.3,7.1,ENE,23,1,8,4,,0,,,,
2018,8,294.0,거제,363.1,27.5,96.5,15,15,14,9,4,,2.2,8.5,SE,24,1,8,3,,0,,,,
2018,8,295.0,남해,173.6,-138.6,61.5,26,10,8,3,2,,1.5,6.3,ESE,24,1,8,0,,0,,,,
2018,9,90.0,속초,66.1,-166.8,24.4,21,9,5,3,0,,1.5,5.9,WNW,5,,,3,,0,,,,
2018,9,93.0,북춘천,63.0,,28.0,3,9,6,3,0,,1.1,5.9,W,30,8,8,3,0,0,1,0,0,0
2018,9,95.0,철원,55.4,-93.1,24.1,21,8,4,2,0,,1.5,6.1,SSW,6,8,6,3,,0,,,,
2018,9,98.0,동두천,56.5,-116.3,23.1,3,9,4,2,0,,1.3,6.9,WSW,5,9,8,3,,0,,,,
2018,9,99.0,파주,50.3,,21.5,3,9,4,2,0,,1.3,6.0,SSW,6,10,9,3,,0,,,,
2018,9,100.0,대관령,195.4,-111.9,58.1,3,16,13,5,3,,2.4,10.7,WSW,6,1,10,3,,0,,,,
2018,9,101.0,춘천,69.9,-91.0,34.1,3,8,4,3,1,,1.5,5.6,WSW,30,0,0,3,,0,,,,
2018,9,102.0,백령도,44.2,-69.7,14.5,21,8,6,2,0,,3.2,11.1,NNW,7,10,11,2,1,0,2,0,0,0
2018,9,104.0,북강릉,171.7,,46.7,3,12,9,6,3,,1.2,6.7,WNW,30,2,9,4,0,0,0,0,0,0
2018,9,105.0,강릉,161.2,-82.6,37.0,3,14,11,4,3,,1.9,6.7,SW,30,2,10,1,,0,,,,
2018,9,106.0,동해,205.6,-35.5,64.5,4,17,11,5,3,,1.7,8.0,SW,7,2,9,4,,0,,,,
2018,9,108.0,서울,68.5,-100.8,34.5,3,11,6,2,1,,1.6,5.7,W,5,11,11,3,0,0,0,0,0,0
2018,9,112.0,인천,46.1,-107.4,19.7,3,9,6,2,0,,3.0,8.2,NNW,30,8,9,3,0,0,0,0,0,0
2018,9,114.0,원주,147.6,-25.8,80.3,3,11,7,3,2,,1.0,4.0,SW,6,5,9,3,,0,,,,
2018,9,115.0,울릉도,83.0,-87.7,21.1,13,15,10,2,0,,3.8,11.1,NNE,10,1,16,2,6,0,1,0,0,0
2018,9,119.0,수원,61.7,-92.2,20.0,21,11,8,2,0,,1.9,5.9,W,30,9,8,3,0,0,0,0,0,0
2018,9,121.0,영월,165.0,14.7,68.5,3,12,8,4,3,,1.0,6.0,WSW,5,2,12,3,,0,,,,
2018,9,127.0,충주,184.9,36.0,125.7,3,11,6,3,2,,1.5,6.2,W,30,5,10,4,,0,,,,
2018,9,129.0,서산,82.7,-79.7,40.2,21,10,6,2,1,,1.6,7.9,NNW,30,9,8,4,,0,,,,
2018,9,130.0,울진,143.7,-41.9,40.4,20,12,7,4,3,,2.2,9.7,E,21,1,14,6,,0,,,,
2018,9,131.0,청주,204.0,56.9,151.6,3,9,6,2,2,,1.8,5.3,ESE,11,7,10,5,0,0,0,0,0,0
2018,9,133.0,대전,149.4,-20.3,89.8,3,8,4,3,2,,1.6,6.2,ESE,1,7,10,4,0,0,0,0,0,0
2018,9,135.0,추풍령,92.3,-46.8,39.3,4,8,7,2,2,,2.3,7.7,WNW,30,2,12,4,,0,,,,
2018,9,136.0,안동,93.7,-38.2,50.8,4,9,7,2,1,,1.3,5.9,WNW,30,1,10,4,9,0,0,0,0,0
2018,9,137.0,상주,133.8,,59.9,4,7,6,4,2,,1.0,5.4,W,30,2,12,5,,0,,,,
2018,9,138.0,포항,160.0,-17.1,53.0,14,15,10,4,2,,2.6,8.5,NE,10,1,15,5,0,0,0,0,0,0
2018,9,140.0,군산,77.5,-49.8,32.1,3,9,6,2,1,,1.5,9.4,NW,30,7,10,1,,0,,,,
2018,9,143.0,대구,109.0,-34.5,40.0,21,10,7,3,2,,1.9,7.1,WNW,30,2,12,6,0,0,0,0,0,0
2018,9,146.0,전주,101.8,-35.8,56.9,3,7,6,3,1,,1.5,6.4,WNW,30,6,11,3,0,0,0,0,0,0
2018,9,152.0,울산,156.9,-11.3,40.3,21,17,11,8,1,,2.0,6.1,WNW,30,2,16,7,0,0,1,0,0,0
2018,9,155.0,창원,216.4,49.1,48.2,3,13,10,7,2,,1.3,5.3,NE,4,1,13,7,1,0,1,0,0,0
2018,9,156.0,광주,129.7,-20.8,76.1,4,11,11,3,1,,1.5,5.8,NE,14,4,13,4,0,0,0,0,0,0
2018,9,159.0,부산,308.4,150.4,82.8,1,12,12,8,4,,3.0,9.7,SW,7,2,15,5,1,0,1,0,0,0
2018,9,162.0,통영,529.4,392.7,111.4,14,12,12,9,6,,2.3,9.7,SSW,7,1,13,6,,0,,,,
2018,9,165.0,목포,151.4,3.9,75.1,4,12,10,3,1,,2.8,12.7,N,30,3,9,2,1,0,1,0,0,0
2018,9,168.0,여수,281.4,124.3,88.8,1,12,11,7,4,,4.3,11.7,NNE,30,4,13,6,0,0,1,0,0,0
2018,9,169.0,흑산도,232.1,114.6,93.5,3,13,11,6,2,,4.2,14.1,NNW,30,2,13,4,2,1,1,0,0,0
2018,9,170.0,완도,190.1,8.0,41.8,4,12,10,8,2,,2.0,7.7,SE,20,3,12,7,,0,,,,
2018,9,172.0,고창,118.1,,57.7,3,13,9,3,1,,2.1,10.9,NNW,30,2,10,3,,0,,,,
2018,9,174.0,순천,218.5,,100.0,4,10,10,6,2,,1.2,7.2,NNW,30,3,11,8,,0,,,,
2018,9,175.0,진도(첨찰산),168.0,,55.8,4,11,9,6,2,,3.9,8.7,SE,13,0,0,5,,0,,,,
2018,9,177.0,홍성,88.6,,36.3,21,10,7,2,1,,1.4,5.7,NW,30,8,9,6,4,0,1,0,0,0
2018,9,184.0,제주,187.7,-33.9,139.3,13,13,8,3,1,,2.8,9.0,N,30,1,15,6,0,0,2,0,0,0
2018,9,185.0,고산,136.6,20.4,55.4,13,12,9,5,1,,5.1,18.9,NNW,7,3,14,4,,4,,,,
2018,9,188.0,성산,521.8,293.4,176.2,13,16,13,8,4,,3.2,9.4,SE,13,1,13,5,,0,,,,
2018,9,189.0,서귀포,473.8,277.2,199.1,13,16,11,5,2,,2.0,6.8,ENE,29,4,16,4,0,0,3,0,0,0
2018,9,192.0,진주,201.6,17.1,58.1,3,11,10,8,2,,0.8,5.8,NNW,30,3,13,7,,0,,,,
2018,9,201.0,강화,57.3,-108.1,17.0,3,8,6,4,0,,1.9,7.3,SW,7,9,10,3,,0,,,,
2018,9,202.0,양평,83.7,-78.3,34.5,3,14,6,3,1,,1.4,5.9,NW,5,7,9,6,,0,,,,
2018,9,203.0,이천,96.0,-80.0,37.4,21,12,5,4,1,,1.1,5.1,WSW,5,6,10,3,,0,,,,
2018,9,211.0,인제,66.6,-89.8,27.5,3,12,4,3,0,,1.7,6.5,SSE,5,1,7,3,,0,,,,
2018,9,212.0,홍천,77.0,-101.9,25.0,3,11,8,3,0,,1.1,5.4,W,5,6,7,2,,0,,,,
2018,9,216.0,태백,180.8,-23.1,70.2,4,15,11,4,3,,1.3,6.0,SSW,23,0,15,7,,0,,,,
2018,9,221.0,제천,185.5,24.4,96.5,3,9,7,4,2,,1.4,6.1,W,30,4,12,4,,0,,,,
2018,9,226.0,보은,134.7,-8.4,64.0,3,10,7,3,2,,1.0,5.8,NNW,30,4,10,4,,0,,,,
2018,9,232.0,천안,124.6,-33.8,72.2,3,9,8,2,2,,1.6,5.9,E,1,8,9,6,,0,,,,
2018,9,235.0,보령,158.2,19.8,106.7,3,7,6,2,2,,1.3,6.2,SSW,7,8,9,2,,0,,,,
2018,9,236.0,부여,98.3,-54.0,57.5,3,10,5,2,1,,1.4,6.2,NW,30,7,10,2,,0,,,,
2018,9,238.0,금산,135.2,-4.6,51.0,3,10,7,3,2,,1.1,5.2,E,1,5,10,4,,0,,,,
2018,9,243.0,부안,67.0,-79.9,23.5,3,12,5,3,0,,1.4,6.4,NW,30,4,10,3,,0,,,,
2018,9,244.0,임실,142.9,4.4,81.0,4,12,8,3,1,,1.1,5.4,WNW,4,3,10,3,,0,,,,
2018,9,245.0,정읍,103.5,-47.5,60.5,3,14,7,3,1,,1.4,7.0,NNW,30,4,9,3,,0,,,,
2018,9,247.0,남원,91.3,-45.7,48.5,4,12,7,3,1,,2.0,6.6,NNE,11,3,11,4,,0,,,,
2018,9,248.0,장수,133.6,-11.2,58.5,4,13,10,4,2,,1.3,6.3,NW,30,2,9,5,,0,,,,
2018,9,260.0,장흥,144.3,-47.4,48.8,4,10,8,8,1,,1.4,9.1,NNW,30,3,11,4,,0,,,,
2018,9,261.0,해남,128.4,-35.9,38.2,4,9,9,6,2,,1.9,9.6,NNW,4,1,10,2,,0,,,,
2018,9,262.0,고흥,235.0,59.9,53.5,1,11,11,6,4,,1.0,7.0,WNW,4,3,10,6,,0,,,,
2018,9,268.0,진도군,185.1,,60.5,4,13,9,6,2,,1.8,8.1,N,30,2,11,4,,0,,,,
2018,9,271.0,봉화,111.7,-37.0,52.0,4,13,9,3,1,,1.2,5.6,NW,30,1,13,5,,0,,,,
2018,9,272.0,영주,166.5,13.3,91.0,4,12,6,4,1,,1.6,8.1,NW,30,1,13,4,,0,,,,
2018,9,273.0,문경,164.9,23.5,65.0,4,12,7,4,2,,1.5,6.0,NW,30,2,12,6,,0,,,,
2018,9,277.0,영덕,140.5,-15.4,37.0,21,14,12,6,1,,2.3,8.3,N,27,0,12,4,,0,,,,
2018,9,278.0,의성,101.7,-30.0,48.0,4,12,6,3,1,,1.2,5.6,WNW,30,2,9,4,,0,,,,
2018,9,279.0,구미,129.5,-16.8,55.3,4,11,6,4,2,,0.8,3.9,W,4,3,12,4,,0,,,,
2018,9,281.0,영천,107.1,-27.9,41.5,4,14,9,3,2,,1.4,6.0,WNW,30,1,13,5,,0,,,,
2018,9,284.0,거창,140.2,-25.8,70.8,4,11,9,2,2,,1.0,6.1,N,30,0,14,6,,0,,,,
2018,9,285.0,합천,137.9,-20.1,47.0,4,12,9,4,2,,1.0,5.4,NNW,30,1,13,6,,0,,,,
2018,9,288.0,밀양,97.7,-38.4,26.3,21,12,9,3,0,,1.0,5.9,NNW,30,1,14,5,,0,,,,
2018,9,289.0,산청,162.3,-60.0,69.5,4,12,10,4,1,,1.2,7.6,WNW,30,2,11,5,,0,,,,
2018,9,294.0,거제,221.0,20.3,69.5,14,12,12,7,2,,1.5,6.1,ESE,3,0,14,8,,0,,,,
2018,9,295.0,남해,346.5,133.1,90.0,1,12,12,10,4,,1.3,5.8,WNW,30,1,11,11,,0,,,,
2018,10,90.0,속초,257.6,168.9,130.0,6,6,4,4,3,,1.8,8.4,WNW,27,,,4,,0,,,,
2018,10,93.0,북춘천,102.6,,59.5,6,7,6,2,1,,1.1,8.6,ENE,6,7,4,2,11,0,1,0,7,2
2018,10,95.0,철원,74.8,30.1,27.1,6,6,6,3,0,,1.3,8.8,N,6,7,4,1,,0,,,,
2018,10,98.0,동두천,107.9,56.8,33.7,6,7,7,4,1,,1.4,8.3,WNW,27,10,5,1,0,0,2,0,0,0
2018,10,99.0,파주,102.0,,29.9,5,7,6,5,0,,1.2,6.6,WNW,28,9,3,1,0,0,2,0,0,0
2018,10,100.0,대관령,158.4,33.5,54.8,6,9,8,3,3,,3.3,14.3,WSW,27,11,5,2,0,1,2,0,0,0
2018,10,101.0,춘천,127.5,83.2,73.9,6,6,6,3,1,,1.2,6.8,NNW,6,0,0,1,,0,,,,
2018,10,102.0,백령도,36.4,7.2,14.2,26,7,5,2,0,,4.0,14.5,NW,28,9,5,0,0,1,3,0,0,0
2018,10,104.0,북강릉,232.5,,135.3,6,8,7,4,2,,1.9,8.7,NW,6,12,7,4,0,0,0,0,3,0
2018,10,105.0,강릉,248.0,137.6,144.5,6,9,7,4,2,,2.6,9.1,SW,10,13,7,3,0,0,1,0,0,0
2018,10,106.0,동해,273.2,189.7,139.9,6,7,7,3,2,,2.1,14.7,N,6,11,5,4,,1,,,,
2018,10,108.0,서울,120.5,68.7,55.5,6,6,6,3,2,,1.5,6.1,W,1,12,4,1,0,0,2,0,2,1
2018,10,112.0,인천,116.2,62.8,50.4,6,8,6,4,1,,2.9,10.9,WNW,28,10,3,1,0,0,5,0,0,0
2018,10,114.0,원주,89.5,39.4,33.2,5,7,7,2,2,,0.8,5.4,NNE,6,8,5,2,0,0,2,0,0,0
2018,10,115.0,울릉도,260.9,177.0,111.0,5,11,9,6,2,,3.8,26.0,NNW,6,5,9,1,2,1,2,0,0,0
2018,10,119.0,수원,132.7,79.6,76.0,6,9,7,2,1,,1.4,7.6,ESE,18,12,3,1,1,0,3,0,4,1
2018,10,121.0,영월,119.1,79.0,55.0,5,8,5,3,2,,1.0,6.4,NE,6,5,8,2,0,0,1,0,0,0
2018,10,127.0,충주,96.0,38.5,37.8,5,8,7,3,2,,1.3,7.3,E,6,6,5,2,0,0,1,0,0,0
2018,10,129.0,서산,153.2,101.0,94.6,6,11,9,2,2,,1.7,8.9,NW,28,11,3,1,0,0,3,0,0,0
2018,10,130.0,울진,336.1,271.9,104.4,18,8,8,4,3,,2.6,17.2,NW,6,14,8,2,0,1,1,0,0,0
2018,10,131.0,청주,112.2,62.1,58.7,5,8,7,3,1,,1.5,7.4,N,6,11,4,2,3,0,3,0,1,1
2018,10,133.0,대전,133.9,86.5,60.0,5,9,6,4,2,,1.2,7.1,NNW,28,13,5,2,2,0,1,0,1,0
2018,10,135.0,추풍령,196.4,152.5,110.9,6,8,6,2,2,,2.5,15.5,NNE,6,9,8,2,0,1,1,0,0,0
2018,10,136.0,안동,108.8,71.9,48.8,5,5,4,2,2,,1.3,6.9,NW,28,9,7,2,15,0,0,0,3,2
2018,10,137.0,상주,180.3,,91.6,6,7,6,3,2,,1.3,5.7,W,27,9,6,2,0,0,2,0,0,0
2018,10,138.0,포항,261.6,217.9,179.4,6,6,4,2,2,,2.6,13.6,N,6,13,4,2,0,0,1,0,0,0
2018,10,140.0,군산,138.1,83.9,55.5,5,10,8,3,2,,1.9,10.9,SW,28,9,3,1,0,0,1,0,0,0
2018,10,143.0,대구,165.1,131.3,98.5,6,9,4,2,2,,1.8,9.0,W,1,12,6,3,1,0,0,0,0,0
2018,10,146.0,전주,123.2,69.7,68.5,5,10,7,3,1,,1.7,8.3,SW,28,13,5,2,0,0,2,0,0,0
2018,10,152.0,울산,162.0,108.5,86.0,6,6,3,2,2,,2.0,12.9,S,6,13,4,2,0,0,0,0,0,0
2018,10,155.0,창원,146.2,96.0,102.2,6,4,4,2,2,,1.5,12.6,SE,6,16,6,2,1,0,0,0,0,0
2018,10,156.0,광주,125.2,78.4,63.3,5,10,5,2,2,,1.4,11.6,NE,6,11,4,1,0,0,0,0,0,0
2018,10,159.0,부산,123.7,65.3,67.4,6,4,4,2,2,,2.0,19.2,SW,6,16,4,1,1,1,0,0,0,0
2018,10,162.0,통영,170.3,116.1,90.7,6,5,4,2,2,,2.3,24.8,SSE,6,14,7,1,,1,,,,
2018,10,165.0,목포,138.4,91.5,91.8,5,7,3,2,2,,3.7,17.4,N,6,8,5,1,0,1,0,0,0,0
2018,10,168.0,여수,146.6,98.5,104.4,6,4,3,2,2,,3.9,19.6,NNE,6,17,5,1,0,2,1,0,0,0
2018,10,169.0,흑산도,112.1,66.7,55.7,5,7,5,2,2,,5.3,25.3,NNE,6,8,2,1,1,2,0,0,0,0
2018,10,170.0,완도,169.5,113.0,91.8,5,7,3,2,2,,2.1,11.4,E,6,8,7,2,,0,,,,
2018,10,172.0,고창,150.6,,98.6,5,10,8,3,1,,2.6,14.7,NE,6,11,6,2,0,1,1,0,0,0
2018,10,174.0,순천,178.1,,128.7,6,8,4,2,2,,1.7,7.3,WNW,29,6,5,2,,0,,,,
2018,10,175.0,진도(첨찰산),224.8,,111.8,5,4,4,2,2,,3.8,10.0,N,6,0,0,2,,0,,,,
2018,10,177.0,홍성,203.9,,109.5,6,10,6,2,2,,1.2,6.9,SW,28,8,3,1,6,0,1,0,1,1
2018,10,184.0,제주,347.0,266.7,310.0,5,6,5,2,1,,3.2,15.1,NE,5,8,9,3,0,1,0,0,0,0
2018,10,185.0,고산,121.2,75.5,103.1,5,7,6,1,1,,6.7,27.1,NNE,6,8,7,2,,6,,,,
2018,10,188.0,성산,184.2,93.4,137.8,5,7,6,3,1,,3.1,18.0,SSE,6,7,6,1,,2,,,,
2018,10,189.0,서귀포,210.2,128.6,172.5,5,7,6,3,1,,1.8,8.5,NE,5,11,5,1,0,0,0,0,0,0
2018,10,192.0,진주,224.1,179.1,165.8,6,6,3,2,2,,0.8,5.8,NNW,6,11,4,1,,0,,,,
2018,10,201.0,강화,73.5,22.3,20.5,6,9,7,4,0,,1.7,6.5,W,26,9,2,1,0,0,2,0,0,0
2018,10,202.0,양평,105.6,60.4,63.5,6,8,6,2,1,,1.3,6.5,N,6,6,4,2,,0,,,,
2018,10,203.0,이천,116.4,74.3,59.9,6,8,7,2,2,,1.1,5.9,W,27,7,3,1,0,0,3,0,0,0
2018,10,211.0,인제,107.7,67.0,53.0,6,9,8,3,1,,1.4,6.8,S,27,4,4,4,,0,,,,
2018,10,212.0,홍천,110.0,60.5,54.5,6,7,7,2,2,,1.0,5.9,W,1,3,5,2,0,0,2,0,0,0
2018,10,216.0,태백,239.1,187.3,102.5,6,7,7,4,2,,1.5,9.1,N,6,9,7,2,0,0,1,0,0,0
2018,10,221.0,제천,105.4,53.9,47.0,5,8,5,4,1,,1.4,8.0,NE,6,5,6,2,0,0,1,0,0,0
2018,10,226.0,보은,108.3,63.3,47.5,5,9,6,4,1,,0.9,7.6,N,6,6,6,2,0,0,1,0,0,0
2018,10,232.0,천안,99.8,46.7,50.9,6,9,7,2,2,,1.3,7.7,NNW,6,8,4,1,0,0,2,0,0,0
2018,10,235.0,보령,154.7,101.3,63.7,6,9,6,3,2,,1.3,7.8,N,6,10,3,1,0,0,1,0,0,0
2018,10,236.0,부여,159.2,106.1,66.0,6,9,7,4,2,,1.1,7.3,WNW,28,8,3,1,0,0,1,0,0,0
2018,10,238.0,금산,112.6,64.1,53.5,5,10,6,3,1,,1.1,6.3,SW,28,5,5,3,0,0,2,0,0,0
2018,10,243.0,부안,161.5,110.1,90.5,5,10,9,3,2,,1.4,8.1,W,28,10,6,1,0,0,1,0,0,0
2018,10,244.0,임실,117.4,75.5,60.5,5,11,8,3,1,,1.1,7.9,NNE,6,8,8,2,,0,,,,
2018,10,245.0,정읍,152.3,98.0,79.8,5,10,8,3,2,,1.4,10.1,NNE,6,9,5,1,0,0,1,0,0,0
2018,10,247.0,남원,90.2,43.9,36.7,6,10,6,2,2,,1.5,8.2,NNE,5,8,6,4,0,0,1,0,0,0
2018,10,248.0,장수,143.5,99.0,60.0,6,9,9,3,2,,1.6,8.7,N,6,6,7,3,,0,,,,
2018,10,260.0,장흥,193.5,149.0,95.5,6,4,3,2,2,,1.6,10.7,NE,6,10,4,3,,0,,,,
2018,10,261.0,해남,214.1,169.9,112.3,6,5,4,2,2,,1.9,13.6,N,6,10,7,1,,0,,,,
2018,10,262.0,고흥,174.7,131.1,108.1,6,3,3,2,2,,1.3,10.6,WNW,6,12,5,3,,0,,,,
2018,10,268.0,진도군,222.7,,112.0,5,9,4,2,2,,2.4,12.1,N,6,9,6,1,,0,,,,
2018,10,271.0,봉화,88.5,52.0,47.0,5,5,5,3,1,,1.4,11.3,NE,6,10,6,2,,0,,,,
2018,10,272.0,영주,129.8,86.6,70.0,5,7,5,3,2,,2.3,9.2,NW,27,7,7,2,,0,,,,
2018,10,273.0,문경,141.6,100.2,70.5,5,8,6,3,2,,1.8,10.3,NW,6,11,5,2,0,0,1,0,0,0
2018,10,277.0,영덕,358.1,304.9,220.5,6,6,4,3,3,,2.7,13.9,NNE,6,11,7,2,,1,,,,
2018,10,278.0,의성,113.0,81.3,49.5,6,7,7,2,2,,1.1,6.5,NNW,28,8,7,2,,0,,,,
2018,10,279.0,구미,158.5,123.1,96.5,6,8,5,2,2,,0.9,6.0,W,28,10,5,2,,0,,,,
2018,10,281.0,영천,144.7,112.9,71.0,6,9,4,2,2,,1.5,7.6,E,6,12,7,2,,0,,,,
2018,10,284.0,거창,160.3,116.0,77.2,6,7,4,2,2,,1.2,7.9,NNW,6,10,7,2,,0,,,,
2018,10,285.0,합천,239.0,200.7,182.5,6,6,3,2,2,,1.1,6.8,N,6,11,7,1,,0,,,,
2018,10,288.0,밀양,155.3,115.8,110.6,6,4,4,2,2,,0.9,6.3,W,6,13,6,2,,0,,,,
2018,10,289.0,산청,241.2,192.9,145.5,6,9,5,2,2,,1.6,9.0,W,6,11,6,1,,0,,,,
2018,10,294.0,거제,243.8,180.2,173.0,6,5,4,2,2,,1.4,12.4,ESE,6,11,7,2,,0,,,,
2018,10,295.0,남해,315.8,252.1,225.5,6,5,4,2,2,,1.4,6.5,ESE,6,12,5,2,,0,,,,
2018,11,90.0,속초,207.4,128.6,152.8,7,8,5,3,1,,1.6,6.3,ESE,6,13,8,3,,0,,,,
2018,11,93.0,북춘천,56.9,,44.5,8,4,4,1,1,,0.7,6.7,WSW,22,9,8,5,8,0,0,1,18,18
2018,11,95.0,철원,60.2,13.8,47.1,8,4,4,1,1,,1.0,7.2,SSW,8,9,4,5,,0,,,,
2018,11,98.0,동두천,61.5,25.7,49.0,8,6,4,1,1,,1.2,7.0,W,9,10,5,2,,0,,,,
2018,11,99.0,파주,50.5,,35.6,8,4,4,1,1,,1.0,5.7,SW,9,10,4,2,,0,,,,
2018,11,100.0,대관령,50.4,-26.5,39.7,8,6,5,1,1,,2.8,15.3,WSW,9,11,8,2,,1,,,,
2018,11,101.0,춘천,63.5,18.8,47.9,8,4,4,1,1,,1.0,6.2,SW,9,0,0,6,,0,,,,
2018,11,102.0,백령도,56.6,29.3,28.6,24,5,2,2,0,,3.6,13.2,NW,8,7,6,2,0,0,1,0,0,1
2018,11,104.0,북강릉,43.2,,30.6,8,5,4,1,1,,1.5,7.8,NW,22,11,7,3,0,0,0,0,7,6
2018,11,105.0,강릉,51.3,-29.0,31.0,8,8,6,1,1,,2.2,8.2,SW,9,11,5,1,,0,,,,
2018,11,106.0,동해,44.5,-23.1,29.3,8,8,5,1,0,,1.8,7.3,N,12,12,8,2,,0,,,,
2018,11,108.0,서울,79.1,26.6,64.0,8,6,5,2,1,,1.4,5.6,W,22,12,5,2,1,0,1,2,13,7
2018,11,112.0,인천,66.6,15.6,49.6,8,6,5,1,1,,2.6,9.8,W,9,11,6,3,1,0,1,2,2,5
2018,11,114.0,원주,45.0,1.5,30.8,8,5,5,1,1,,0.6,5.6,WSW,9,9,6,3,,0,,,,
2018,11,115.0,울릉도,42.9,-62.6,20.6,8,11,7,1,0,,3.4,12.8,SW,9,6,5,1,0,0,1,2,0,0
2018,11,119.0,수원,78.1,28.4,64.0,8,4,4,1,1,,1.3,6.9,W,8,13,6,2,3,0,1,1,19,17
2018,11,121.0,영월,58.3,26.1,40.9,8,5,4,1,1,,0.7,6.4,W,9,11,7,4,,0,,,,
2018,11,127.0,충주,50.0,2.8,34.4,8,5,4,1,1,,1.0,7.2,WSW,8,10,6,3,,0,,,,
2018,11,129.0,서산,73.9,17.4,54.7,8,6,4,1,1,,1.2,8.3,NW,8,11,6,2,0,0,1,0,0,0
2018,11,130.0,울진,82.9,25.6,45.4,8,9,6,2,1,,2.2,7.3,WNW,22,12,6,3,,0,,,,
2018,11,131.0,청주,45.9,-0.8,38.1,8,5,3,1,1,,1.1,5.1,WSW,8,11,4,4,3,0,0,1,10,9
2018,11,133.0,대전,49.8,8.7,37.1,8,5,4,2,1,,0.9,5.2,SSW,8,9,6,3,4,0,0,0,13,4
2018,11,135.0,추풍령,24.4,-16.9,20.2,8,4,3,1,0,,2.0,9.0,W,8,11,6,3,,0,,,,
2018,11,136.0,안동,29.8,-0.8,24.7,8,3,3,1,0,,0.9,6.7,NW,9,5,8,2,19,0,0,1,16,12
2018,11,137.0,상주,29.8,,23.2,8,4,3,1,0,,1.0,6.7,NW,22,10,7,3,,0,,,,
2018,11,138.0,포항,17.7,-23.4,17.3,8,3,1,1,0,,2.1,7.3,WSW,9,14,4,1,0,0,0,1,0,0
2018,11,140.0,군산,52.0,-6.5,41.5,8,4,3,1,1,,1.1,9.8,SSW,8,11,8,3,,0,,,,
2018,11,143.0,대구,17.2,-13.3,15.5,8,6,1,1,0,,1.3,7.7,WNW,9,15,4,3,4,0,0,1,17,13
2018,11,146.0,전주,35.0,-15.2,27.4,8,6,3,1,0,,1.4,8.1,SW,8,13,6,4,2,0,0,0,11,6
2018,11,152.0,울산,51.8,10.7,49.8,8,3,2,1,1,,1.7,6.9,NW,22,15,4,1,0,0,0,0,2,3
2018,11,155.0,창원,23.7,-28.5,20.3,8,4,3,1,0,,1.2,7.0,NE,22,15,4,3,1,0,0,0,0,1
2018,11,156.0,광주,47.2,-1.6,27.4,8,7,5,1,0,,1.0,7.7,SSW,8,13,7,4,2,0,0,0,7,4
2018,11,159.0,부산,107.3,61.5,101.2,8,4,4,1,1,,2.3,11.7,W,8,15,6,2,1,0,1,0,0,0
2018,11,162.0,통영,41.8,2.0,30.3,8,5,4,1,1,,1.9,8.7,S,8,12,6,4,,0,,,,
2018,11,165.0,목포,51.1,7.7,23.4,8,7,6,1,0,,2.7,11.8,NNW,8,10,7,3,3,0,0,0,4,0
2018,11,168.0,여수,32.2,-9.6,16.7,8,6,5,1,0,,2.8,10.7,W,8,14,5,3,0,0,0,0,0,0
2018,11,169.0,흑산도,52.3,17.3,27.2,8,6,5,1,0,,4.6,15.3,SE,8,9,7,4,1,2,0,0,0,0
2018,11,170.0,완도,49.3,-7.9,26.2,8,6,5,1,0,,1.4,8.8,WNW,8,10,5,2,,0,,,,
2018,11,172.0,고창,43.4,,28.1,8,6,5,1,0,,2.1,12.6,SE,24,9,6,3,,0,,,,
2018,11,174.0,순천,41.2,,25.8,8,7,5,1,0,,1.2,7.6,NW,22,9,5,4,,0,,,,
2018,11,175.0,진도(첨찰산),45.2,,26.7,8,7,6,1,0,,3.6,9.7,NW,8,0,0,4,,0,,,,
2018,11,177.0,홍성,66.1,,53.3,8,4,4,1,1,,0.9,8.4,WSW,8,9,7,4,12,0,0,0,12,16
2018,11,184.0,제주,28.6,-33.3,18.5,8,6,5,1,0,,2.6,9.4,NNE,22,9,6,4,0,0,0,0,0,0
2018,11,185.0,고산,42.1,-15.3,24.1,8,9,6,1,0,,5.4,20.1,NNW,8,12,6,2,,2,,,,
2018,11,188.0,성산,45.9,-39.2,16.2,8,9,8,1,0,,2.5,7.7,W,8,6,6,2,,0,,,,
2018,11,189.0,서귀포,55.6,-15.8,33.5,8,9,7,1,1,,1.6,5.2,SSW,8,9,6,2,0,0,1,0,0,0
2018,11,192.0,진주,27.5,-17.5,19.5,8,6,5,1,0,,0.6,5.7,NNW,22,12,6,3,,0,,,,
2018,11,201.0,강화,58.1,7.4,41.0,8,6,4,2,1,,1.3,8.5,SW,8,10,5,4,,0,,,,
2018,11,202.0,양평,66.2,26.8,52.0,8,5,4,1,1,,1.0,6.5,W,8,11,7,3,,0,,,,
2018,11,203.0,이천,74.7,35.9,55.8,8,5,5,2,1,,0.9,7.1,SSW,8,11,5,3,,0,,,,
2018,11,211.0,인제,45.6,6.1,35.5,8,4,3,1,1,,1.4,8.0,SSE,9,9,6,4,,0,,,,
2018,11,212.0,홍천,55.5,14.6,41.0,8,5,4,1,1,,0.8,6.7,SSW,8,8,8,3,,0,,,,
2018,11,216.0,태백,60.8,17.4,47.3,8,6,5,1,1,,1.1,8.7,SW,8,10,6,3,,0,,,,
2018,11,221.0,제천,60.3,17.9,42.5,8,6,5,1,1,,1.0,6.7,W,9,10,6,4,,0,,,,
2018,11,226.0,보은,52.2,8.1,40.0,8,6,4,1,1,,0.7,5.9,WNW,22,8,5,2,,0,,,,
2018,11,232.0,천안,48.3,-0.9,39.0,8,5,3,1,1,,0.9,7.5,SW,8,11,5,4,,0,,,,
2018,11,235.0,보령,46.7,-10.5,41.5,8,4,2,1,1,,1.2,12.6,SSW,8,10,8,2,0,0,1,0,0,0
2018,11,236.0,부여,66.0,12.8,53.5,8,4,3,2,1,,0.8,7.4,SW,8,12,7,5,,0,,,,
2018,11,238.0,금산,45.5,-2.0,36.5,8,5,4,1,1,,0.8,5.8,WSW,8,9,8,3,,0,,,,
2018,11,243.0,부안,39.7,-14.2,31.0,8,6,3,1,1,,1.1,6.9,S,24,8,8,4,,0,,,,
2018,11,244.0,임실,42.5,-3.7,30.5,8,6,6,1,1,,0.9,6.7,SW,8,10,6,5,,0,,,,
2018,11,245.0,정읍,39.7,-18.1,29.9,8,6,5,1,0,,1.1,10.1,WSW,8,10,7,4,,0,,,,
2018,11,247.0,남원,38.1,-4.7,21.1,8,7,6,1,0,,1.1,5.9,SE,8,9,8,4,,0,,,,
2018,11,248.0,장수,43.1,-1.1,32.0,8,7,6,1,1,,1.0,9.1,SW,8,10,7,5,,0,,,,
2018,11,260.0,장흥,35.2,-17.4,17.5,8,7,6,1,0,,1.1,6.8,NW,8,10,5,4,,0,,,,
2018,11,261.0,해남,44.6,-2.2,25.0,8,7,6,2,0,,1.0,7.9,N,22,9,5,4,,0,,,,
2018,11,262.0,고흥,38.4,-8.3,22.7,8,6,5,1,0,,0.7,7.0,S,8,9,6,2,,0,,,,
2018,11,268.0,진도군,39.0,,21.5,8,7,6,1,0,,1.8,9.7,SW,8,10,6,4,,0,,,,
2018,11,271.0,봉화,45.6,11.0,36.5,8,5,3,1,1,,1.1,5.9,NNW,22,10,6,3,,0,,,,
2018,11,272.0,영주,68.0,28.7,58.0,8,3,3,1,1,,2.0,8.0,NNW,30,9,7,3,,0,,,,
2018,11,273.0,문경,56.0,17.7,45.5,8,4,3,1,1,,1.6,7.5,WNW,9,9,5,4,,0,,,,
2018,11,277.0,영덕,42.2,-3.4,29.0,8,6,2,2,0,,2.3,8.0,WNW,22,12,5,3,,0,,,,
2018,11,278.0,의성,22.7,-8.8,21.0,8,7,2,1,0,,0.8,6.0,W,9,9,6,1,,0,,,,
2018,11,279.0,구미,15.2,-16.7,12.1,8,3,3,1,0,,0.6,4.4,W,9,10,6,3,,0,,,,
2018,11,281.0,영천,15.0,-17.8,14.0,8,5,1,1,0,,1.1,5.7,W,27,12,5,3,,0,,,,
2018,11,284.0,거창,24.8,-11.1,18.2,8,6,4,1,0,,0.8,5.7,NNE,22,12,5,3,,0,,,,
2018,11,285.0,합천,24.0,-8.0,16.5,8,6,6,1,0,,0.8,5.7,WSW,9,10,6,3,,0,,,,
2018,11,288.0,밀양,24.5,-13.7,20.8,8,5,3,1,0,,0.7,5.2,WNW,9,14,6,4,,0,,,,
2018,11,289.0,산청,33.1,-5.4,21.0,8,7,6,1,0,,1.0,7.2,NW,22,11,6,4,,0,,,,
2018,11,294.0,거제,63.0,8.3,51.5,8,5,4,1,1,,1.0,6.7,NW,8,12,6,3,0,0,1,0,0,0
2018,11,295.0,남해,42.5,-11.6,26.5,8,7,5,1,0,,1.0,5.5,WNW,9,11,6,5,0,0,1,0,0,0
2018,12,90.0,속초,10.4,-27.8,7.1,4,4,2,0,0,,1.8,7.1,WNW,27,,,2,,0,,,,
2018,12,93.0,북춘천,17.3,,8.0,3,5,3,0,0,,1.0,6.4,NNW,27,9,4,3,1,0,0,5,21,27
2018,12,95.0,철원,8.3,-12.9,4.5,3,3,2,0,0,,1.0,7.7,WNW,6,10,6,2,,0,,,,
2018,12,98.0,동두천,11.0,-8.6,5.8,3,4,2,0,0,,1.5,7.3,WNW,23,12,5,2,,0,,,,
2018,12,99.0,파주,11.2,,5.6,3,4,3,0,0,,1.2,6.4,WNW,7,14,6,1,,0,,,,
2018,12,100.0,대관령,21.0,-15.8,11.1,4,5,4,1,0,,3.7,11.5,W,19,10,4,2,,0,,,,
2018,12,101.0,춘천,16.8,-4.1,7.6,3,5,3,0,0,,1.1,6.0,NW,23,0,0,3,,0,,,,
2018,12,102.0,백령도,27.7,10.3,19.5,3,8,4,1,0,,5.9,16.1,NNW,7,2,13,2,1,4,0,9,2,18
2018,12,104.0,북강릉,16.4,,12.1,4,4,3,1,0,,1.8,8.7,WNW,28,14,4,2,2,0,0,3,9,26
2018,12,105.0,강릉,22.9,-15.4,13.5,4,5,4,1,0,,2.8,8.3,WSW,16,13,4,1,,0,,,,
2018,12,106.0,동해,22.2,0.9,17.2,4,5,4,1,0,,2.2,8.0,NE,23,13,4,2,,0,,,,
2018,12,108.0,서울,16.4,-5.1,9.5,3,5,3,0,0,,1.8,5.9,WNW,7,12,6,1,2,0,0,4,9,27
2018,12,112.0,인천,16.6,-2.7,6.6,3,4,3,0,0,,3.6,9.8,NNW,23,11,5,1,2,0,0,4,4,25
2018,12,114.0,원주,25.3,1.2,11.4,3,5,3,2,0,,0.8,5.0,WNW,7,9,5,2,,0,,,,
2018,12,115.0,울릉도,232.6,115.5,60.6,6,19,15,8,2,,3.5,12.1,NNE,27,0,19,3,2,0,0,14,0,12
2018,12,119.0,수원,24.1,2.3,10.3,3,5,4,2,0,,1.7,5.9,NW,7,12,3,2,1,0,0,6,8,29
2018,12,121.0,영월,36.9,17.6,17.2,4,6,5,2,0,,0.9,5.9,SW,27,8,3,2,,0,,,,
2018,12,127.0,충주,39.0,17.9,16.7,4,6,4,2,0,,1.2,6.4,WSW,27,9,5,2,,0,,,,
2018,12,129.0,서산,26.8,-3.9,14.2,3,9,4,1,0,,1.9,7.5,NNW,7,3,8,1,,0,,,,
2018,12,130.0,울진,20.3,-13.1,14.9,4,5,4,1,0,,2.7,9.3,WNW,8,11,5,1,,0,,,,
2018,12,131.0,청주,28.5,3.2,14.1,4,4,4,2,0,,1.4,5.3,NW,7,11,5,2,2,0,0,7,7,24
2018,12,133.0,대전,33.7,7.8,16.8,4,7,5,2,0,,1.2,5.6,NW,4,12,5,2,1,0,0,8,10,23
2018,12,135.0,추풍령,28.0,3.8,14.4,4,10,4,1,0,,3.1,9.7,W,27,8,5,1,,0,,,,
2018,12,136.0,안동,19.6,3.0,11.9,4,5,3,1,0,,1.5,6.5,NW,27,10,5,2,3,0,0,4,14,27
2018,12,137.0,상주,31.8,,16.0,4,6,3,1,0,,2.0,8.3,W,7,10,5,2,,0,,,,
2018,12,138.0,포항,31.1,5.4,20.2,4,6,5,1,0,,2.6,7.5,WSW,29,11,8,2,1,0,0,2,2,17
2018,12,140.0,군산,37.4,5.3,17.0,3,8,4,2,0,,1.7,8.8,NW,27,3,10,1,,0,,,,
2018,12,143.0,대구,23.8,8.5,14.0,4,6,6,1,0,,2.1,8.8,NW,7,13,6,1,1,0,0,2,10,26
2018,12,146.0,전주,28.6,-2.5,15.3,4,7,4,1,0,,1.6,6.9,NNW,7,6,7,1,3,0,0,6,13,22
2018,12,152.0,울산,28.1,5.1,9.7,4,6,6,0,0,,2.4,9.6,WNW,29,11,8,1,2,0,0,2,1,19
2018,12,155.0,창원,26.9,4.9,8.9,4,7,6,0,0,,1.8,7.5,NE,9,9,7,4,4,0,0,0,2,19
2018,12,156.0,광주,32.4,-1.1,13.7,4,7,4,2,0,,1.7,6.5,NNE,26,5,9,1,1,0,0,9,7,20
2018,12,159.0,부산,59.0,36.2,27.9,4,6,6,2,0,,2.9,8.8,N,29,11,7,3,2,0,1,1,0,16
2018,12,162.0,통영,59.5,38.4,36.7,4,7,6,1,1,,2.7,9.0,NNW,29,10,6,3,0,0,1,0,0,0
2018,12,165.0,목포,38.3,9.0,10.8,4,14,9,2,0,,4.1,14.4,N,7,0,11,1,2,1,0,11,0,14
2018,12,168.0,여수,45.5,26.9,16.8,3,8,5,2,0,,4.4,13.5,NW,27,8,6,4,2,0,0,1,0,16
2018,12,169.0,흑산도,48.3,24.4,13.4,3,15,12,1,0,,6.8,17.0,NNW,27,0,19,5,2,7,0,9,0,6
2018,12,170.0,완도,41.7,14.3,14.2,3,9,7,1,0,,2.1,8.2,WNW,17,4,12,4,,0,,,,
2018,12,172.0,고창,47.2,,16.9,4,13,8,2,0,,3.1,10.5,NNW,7,1,12,0,,0,,,,
2018,12,174.0,순천,29.1,,12.1,4,6,5,1,0,,2.3,8.0,NNW,27,7,7,2,,0,,,,
2018,12,175.0,진도(첨찰산),34.6,,12.3,4,11,8,1,0,,4.2,9.6,N,6,0,0,3,,0,,,,
2018,12,177.0,홍성,31.3,,19.2,3,7,3,1,0,,1.3,5.9,NW,6,5,7,1,1,0,0,9,8,26
2018,12,184.0,제주,96.0,48.3,21.8,20,13,10,4,0,,3.6,10.4,NNE,12,0,22,10,0,0,1,5,0,0
2018,12,185.0,고산,55.0,23.3,12.6,20,12,8,2,0,,7.9,16.8,NNE,28,0,18,5,,11,,,,
2018,12,188.0,성산,57.3,-14.7,17.0,11,13,10,2,0,,2.9,10.0,N,27,0,17,5,0,0,1,0,0,0
2018,12,189.0,서귀포,45.6,0.5,10.5,20,10,8,1,0,,1.5,5.9,SW,2,2,15,5,0,0,0,2,0,2
2018,12,192.0,진주,29.0,9.8,12.0,4,6,6,1,0,,1.1,5.6,N,7,8,8,3,,0,,,,
2018,12,201.0,강화,7.5,-11.3,4.5,3,4,2,0,0,,1.6,6.0,W,23,13,6,1,,0,,,,
2018,12,202.0,양평,20.2,1.9,9.5,3,6,3,0,0,,1.5,6.9,NW,23,12,5,2,,0,,,,
2018,12,203.0,이천,29.8,13.5,17.7,3,4,4,1,0,,1.2,5.7,WNW,7,12,6,2,,0,,,,
2018,12,211.0,인제,19.0,-0.7,8.5,3,5,4,0,0,,1.3,6.3,SSW,23,14,4,3,,0,,,,
2018,12,212.0,홍천,16.1,-3.0,7.5,4,5,3,0,0,,0.9,6.1,W,23,12,6,0,,0,,,,
2018,12,216.0,태백,23.2,4.0,14.5,4,4,3,1,0,,1.3,6.7,NNW,13,13,3,2,,0,,,,
2018,12,221.0,제천,30.0,7.0,14.5,3,5,5,2,0,,1.4,6.8,W,8,10,5,2,,0,,,,
2018,12,226.0,보은,38.0,11.6,17.5,4,6,4,2,0,,1.2,8.7,NW,7,9,5,2,,0,,,,
2018,12,232.0,천안,25.8,-1.0,13.6,3,5,4,1,0,,1.2,5.7,NW,27,10,5,2,,0,,,,
2018,12,235.0,보령,31.1,-0.2,18.2,3,8,4,1,0,,1.8,6.8,N,7,1,8,1,,0,,,,
2018,12,236.0,부여,31.5,4.1,17.5,3,5,4,2,0,,1.3,6.3,NW,7,5,5,1,,0,,,,
2018,12,238.0,금산,27.6,-0.6,15.5,4,5,4,1,0,,1.0,4.7,N,26,6,6,1,,0,,,,
2018,12,243.0,부안,26.4,-11.3,14.0,4,11,3,1,0,,1.4,6.1,NW,7,0,10,1,,0,,,,
2018,12,244.0,임실,27.4,-1.9,13.0,4,8,5,1,0,,1.2,5.7,NE,7,7,6,2,,0,,,,
2018,12,245.0,정읍,34.4,-7.2,17.1,4,12,5,1,0,,1.8,7.6,N,27,2,8,1,,0,,,,
2018,12,247.0,남원,36.6,11.2,15.7,4,9,6,1,0,,1.2,4.6,WNW,23,5,8,1,,0,,,,
2018,12,248.0,장수,28.3,-5.9,10.0,4,8,6,1,0,,1.7,6.9,NW,29,7,5,2,,0,,,,
2018,12,260.0,장흥,35.5,9.3,13.7,4,8,5,1,0,,2.1,8.5,N,7,6,5,4,,0,,,,
2018,12,261.0,해남,36.0,7.9,15.7,4,11,5,1,0,,1.6,7.2,NW,11,1,13,2,,0,,,,
2018,12,262.0,고흥,31.7,12.4,11.5,3,6,5,1,0,,1.4,6.4,NW,29,6,6,3,,0,,,,
2018,12,268.0,진도군,38.6,,13.0,4,13,8,1,0,,3.1,11.1,N,27,1,16,2,,0,,,,
2018,12,271.0,봉화,24.0,5.4,13.0,4,5,5,1,0,,1.4,7.3,NNW,8,9,5,2,,0,,,,
2018,12,272.0,영주,26.0,7.7,12.0,3,3,3,2,0,,3.3,10.0,NW,7,10,5,2,,0,,,,
2018,12,273.0,문경,32.0,12.0,18.0,4,6,3,1,0,,2.3,9.1,NW,7,10,5,2,,0,,,,
2018,12,277.0,영덕,19.0,-5.2,13.0,4,5,3,1,0,,2.7,8.6,WNW,29,12,7,1,,0,,,,
2018,12,278.0,의성,22.4,7.2,15.0,4,6,3,1,0,,1.1,7.1,NW,7,10,6,1,,0,,,,
2018,12,279.0,구미,22.9,6.1,13.1,4,6,4,1,0,,1.1,5.1,WNW,23,7,6,2,,0,,,,
2018,12,281.0,영천,24.5,9.3,13.0,4,6,6,1,0,,2.0,7.9,WNW,7,9,7,2,,0,,,,
2018,12,284.0,거창,19.4,0.2,8.5,4,6,4,0,0,,1.3,6.9,NW,23,8,6,1,,0,,,,
2018,12,285.0,합천,24.0,8.8,13.5,4,6,5,1,0,,1.0,5.4,NW,29,9,8,1,,0,,,,
2018,12,288.0,밀양,25.2,8.8,10.7,4,6,6,1,0,,1.0,6.4,NNW,7,11,8,3,,0,,,,
2018,12,289.0,산청,20.0,0.7,9.5,4,6,3,0,0,,2.1,9.1,W,18,7,7,2,,0,,,,
2018,12,294.0,거제,57.2,27.5,34.5,4,7,6,2,1,,1.5,5.6,NNW,29,11,7,5,0,0,1,0,0,0
2018,12,295.0,남해,50.6,27.2,22.5,3,7,6,2,0,,1.1,4.5,WNW,7,8,8,4,,0,,,,
2019,1,90.0,속초,8.7,-35.6,8.7,31,1,1,0,0,,1.9,9.9,NNW,25,,,1,,0,,,,
2019,1,93.0,북춘천,0.2,,0.2,28,1,0,0,0,,1.0,7.7,WSW,15,14,1,0,1,0,0,5,28,31
2019,1,95.0,철원,0.0,-20.6,0.0,28,0,0,0,0,,1.1,6.0,NW,28,10,2,1,,0,,,,
2019,1,98.0,동두천,0.4,-20.4,0.4,28,1,0,0,0,,1.4,7.2,WNW,15,12,1,1,,0,,,,
2019,1,99.0,파주,0.2,,0.2,28,1,0,0,0,,1.0,7.1,WNW,8,12,3,0,,0,,,,
2019,1,100.0,대관령,0.5,-62.1,0.5,31,1,0,0,0,,4.1,15.0,WSW,28,11,2,0,,2,,,,
2019,1,101.0,춘천,1.3,-19.0,0.6,28,4,0,0,0,,1.1,6.3,W,8,0,0,0,,0,,,,
2019,1,102.0,백령도,0.1,-11.5,0.1,15,1,0,0,0,,5.2,14.4,NNW,25,10,5,1,0,2,0,3,8,16
2019,1,104.0,북강릉,17.6,,15.8,31,3,2,1,0,,1.9,8.1,W,28,15,3,2,0,0,0,2,6,30
2019,1,105.0,강릉,16.6,-38.5,13.0,31,4,3,1,0,,3.3,7.9,SW,4,14,3,0,,0,,,,
2019,1,106.0,동해,14.3,-36.7,8.2,31,3,3,0,0,,2.3,10.3,NE,20,11,2,2,,0,,,,
2019,1,108.0,서울,0.0,-20.8,0.0,28,0,0,0,0,,1.8,6.8,NW,28,14,2,0,0,0,0,4,14,31
2019,1,112.0,인천,0.7,-19.9,0.6,16,2,0,0,0,,3.0,9.6,NNW,15,14,2,1,2,0,0,3,20,31
2019,1,114.0,원주,0.7,-21.3,0.7,28,1,0,0,0,,0.8,4.6,WSW,28,11,1,0,,0,,,,
2019,1,115.0,울릉도,57.2,-59.0,16.5,25,14,9,2,0,,3.4,14.9,NE,26,0,8,3,0,2,0,17,0,15
2019,1,119.0,수원,0.5,-21.9,0.4,28,2,0,0,0,,1.5,6.7,NW,15,14,1,1,1,0,0,5,21,31
2019,1,121.0,영월,0.7,-20.6,0.6,28,2,0,0,0,,0.9,6.1,W,25,12,1,0,,0,,,,
2019,1,127.0,충주,4.1,-17.1,4.0,28,2,1,0,0,,1.3,6.8,WSW,28,10,0,0,,0,,,,
2019,1,129.0,서산,1.1,-27.1,0.5,1,4,0,0,0,,1.6,7.9,NNW,15,7,3,0,,0,,,,
2019,1,130.0,울진,15.6,-31.1,10.0,12,3,2,1,0,,2.9,8.1,NW,26,10,2,2,,0,,,,
2019,1,131.0,청주,0.1,-25.4,0.1,15,1,0,0,0,,1.3,5.0,NNW,8,11,2,0,0,0,0,5,11,30
2019,1,133.0,대전,1.7,-27.9,0.8,28,4,0,0,0,,1.2,5.6,NW,20,12,3,1,1,0,0,4,18,30
2019,1,135.0,추풍령,7.7,-16.8,3.3,31,4,3,0,0,,3.8,9.5,WSW,20,14,1,0,,0,,,,
2019,1,136.0,안동,3.6,-16.5,3.3,12,2,1,0,0,,1.7,7.8,NNW,28,16,5,1,4,0,0,3,21,31
2019,1,137.0,상주,2.5,,1.9,12,2,1,0,0,,2.4,7.5,W,28,14,3,0,,0,,,,
2019,1,138.0,포항,17.7,-18.8,12.2,12,2,2,1,0,,2.8,7.5,WSW,2,16,3,2,0,0,0,1,0,27
2019,1,140.0,군산,6.7,-25.8,3.4,31,4,3,0,0,,1.5,9.5,NW,25,11,4,0,,0,,,,
2019,1,143.0,대구,9.5,-11.1,5.5,31,3,2,0,0,,2.3,8.6,WNW,28,13,3,1,2,0,0,1,20,31
2019,1,146.0,전주,13.2,-19.5,6.6,31,5,4,0,0,,1.6,6.8,W,20,8,2,0,2,0,0,5,18,31
2019,1,152.0,울산,15.5,-18.8,8.3,31,3,2,0,0,,2.5,6.9,WNW,16,16,2,1,0,0,0,1,0,27
2019,1,155.0,창원,8.3,-28.6,4.6,31,4,2,0,0,,1.8,6.7,NE,11,15,1,1,0,0,0,1,2,26
2019,1,156.0,광주,16.4,-20.7,10.3,31,5,3,1,0,,1.4,5.4,NE,29,11,5,0,0,0,0,5,8,30
2019,1,159.0,부산,12.7,-21.7,11.3,31,4,1,1,0,,3.1,8.2,W,28,14,3,0,0,0,0,1,0,22
2019,1,162.0,통영,18.3,-11.5,15.0,31,4,2,1,0,,2.4,8.4,WNW,15,13,2,0,,0,,,,
2019,1,165.0,목포,13.3,-19.9,10.0,31,5,2,1,0,,4.1,12.7,N,26,7,9,0,3,0,0,7,15,26
2019,1,168.0,여수,12.9,-12.2,11.9,31,3,1,1,0,,4.3,12.6,NW,31,14,2,0,0,0,0,1,2,22
2019,1,169.0,흑산도,10.6,-11.5,6.1,31,5,3,0,0,,6.4,18.8,NNW,26,3,12,5,0,6,0,6,2,1
2019,1,170.0,완도,13.8,-20.4,10.9,31,5,2,1,0,,2.6,7.9,NNW,20,8,7,1,,0,,,,
2019,1,172.0,고창,15.4,,8.7,31,6,3,0,0,,2.6,10.9,NNW,15,8,9,0,,0,,,,
2019,1,174.0,순천,12.1,,9.4,31,4,2,0,0,,2.9,8.2,NNW,20,10,4,0,,0,,,,
2019,1,175.0,진도(첨찰산),18.7,,15.4,31,5,3,1,0,,4.8,10.7,NNW,31,0,0,0,,0,,,,
2019,1,177.0,홍성,0.3,,0.3,28,1,0,0,0,,1.2,6.4,SW,28,11,3,0,1,0,0,4,16,31
2019,1,184.0,제주,24.2,-41.0,17.9,31,5,5,1,0,,3.3,13.2,N,31,3,13,5,0,0,0,1,0,0
2019,1,185.0,고산,17.4,-26.5,12.8,31,8,3,1,0,,8.1,19.0,NNE,26,3,14,2,,9,,,,
2019,1,188.0,성산,16.2,-67.0,13.5,31,8,2,1,0,,3.2,7.8,N,20,5,10,1,,0,,,,
2019,1,189.0,서귀포,21.7,-39.3,14.9,31,7,2,1,0,,1.4,5.3,SSW,21,5,7,3,1,0,0,0,0,0
2019,1,192.0,진주,13.5,-19.4,9.5,31,2,2,0,0,,0.9,5.3,NNW,20,12,2,0,,0,,,,
2019,1,201.0,강화,0.0,-17.7,0.0,28,0,0,0,0,,1.8,7.4,SW,21,12,5,0,,0,,,,
2019,1,202.0,양평,0.4,-17.8,0.4,28,1,0,0,0,,1.4,6.7,NW,8,10,1,0,,0,,,,
2019,1,203.0,이천,1.3,-21.2,0.8,28,3,0,0,0,,1.3,5.7,W,15,11,1,1,,0,,,,
2019,1,211.0,인제,0.0,-17.5,0.0,28,0,0,0,0,,1.5,6.2,S,8,13,2,0,,0,,,,
2019,1,212.0,홍천,0.0,-20.4,0.0,28,0,0,0,0,,1.0,5.4,W,28,13,1,0,,0,,,,
2019,1,216.0,태백,4.1,-28.5,4.1,12,1,1,0,0,,1.4,5.6,NNW,4,12,2,2,,0,,,,
2019,1,217.0,정선군,0.8,,0.5,28,2,0,0,0,,1.7,12.1,NNE,28,14,3,1,,0,,,,
2019,1,221.0,제천,1.0,-23.7,1.0,28,1,1,0,0,,1.6,7.3,W,28,14,0,0,,0,,,,
2019,1,226.0,보은,0.9,-26.4,0.5,15,3,0,0,0,,1.2,6.5,NW,28,11,3,1,,0,,,,
2019,1,232.0,천안,0.6,-22.8,0.6,28,1,0,0,0,,1.2,5.7,W,20,10,3,1,,0,,,,
2019,1,235.0,보령,1.9,-26.2,1.9,1,1,1,0,0,,1.1,5.2,N,8,10,7,0,,0,,,,
2019,1,236.0,부여,0.5,-28.3,0.5,28,1,0,0,0,,1.0,6.0,NW,25,10,2,0,,0,,,,
2019,1,238.0,금산,6.4,-23.0,3.5,31,4,2,0,0,,1.0,4.8,WNW,28,11,2,1,,0,,,,
2019,1,243.0,부안,8.8,-25.5,5.0,31,5,3,0,0,,1.3,6.0,WSW,21,5,9,0,,0,,,,
2019,1,244.0,임실,11.1,-26.2,5.5,31,6,3,0,0,,1.2,7.1,WNW,20,11,4,0,,0,,,,
2019,1,245.0,정읍,16.9,-23.3,9.7,31,7,3,0,0,,1.5,7.4,NNW,20,8,6,0,,0,,,,
2019,1,247.0,남원,20.2,-11.0,10.5,31,5,3,1,0,,1.3,5.2,WSW,28,9,4,0,,0,,,,
2019,1,248.0,장수,16.3,-17.4,9.0,31,7,4,0,0,,1.6,7.0,WNW,28,11,5,0,,0,,,,
2019,1,251.0,고창군,13.5,,8.5,31,3,3,0,0,,1.4,5.6,NNW,8,9,7,1,,0,,,,
2019,1,252.0,영광군,13.3,,8.0,31,5,3,0,0,,2.1,7.9,N,15,6,13,0,,0,,,,
2019,1,253.0,김해시,12.5,,9.9,31,3,2,0,0,,2.6,9.1,NW,16,14,2,0,,0,,,,
2019,1,254.0,순창군,10.0,,4.5,31,5,3,0,0,,1.5,8.8,NNW,25,11,2,0,,0,,,,
2019,1,255.0,북창원,14.8,,9.5,31,4,3,0,0,,1.5,5.7,NNW,16,12,2,1,,0,,,,
2019,1,257.0,양산시,12.6,,10.0,31,4,2,1,0,,1.9,6.7,N,25,12,3,1,,0,,,,
2019,1,258.0,보성군,7.4,,5.5,31,5,2,0,0,,4.0,11.6,NNW,25,12,5,0,,0,,,,
2019,1,259.0,강진군,10.1,,7.5,31,7,2,0,0,,2.6,9.0,NNW,20,10,6,0,,0,,,,
2019,1,260.0,장흥,13.1,-16.5,10.4,31,6,2,1,0,,2.2,8.6,NNW,20,10,4,0,,0,,,,
2019,1,261.0,해남,14.5,-18.0,11.2,31,5,2,1,0,,2.0,7.0,W,15,8,8,0,,0,,,,
2019,1,262.0,고흥,12.8,-14.9,12.7,31,2,1,1,0,,1.9,7.4,WNW,2,10,3,0,,0,,,,
2019,1,263.0,의령군,12.6,,8.5,31,4,2,0,0,,1.1,7.3,WSW,28,12,2,1,,0,,,,
2019,1,264.0,함양군,16.0,,9.5,31,4,3,0,0,,1.9,7.8,WSW,20,11,4,0,,0,,,,
2019,1,266.0,광양시,11.9,,8.0,31,4,2,0,0,,2.0,8.0,W,28,13,3,0,,0,,,,
2019,1,268.0,진도군,16.6,,14.0,31,5,2,1,0,,3.1,8.9,N,31,5,7,1,,0,,,,
2019,1,271.0,봉화,5.5,-15.6,5.5,12,1,1,0,0,,1.5,7.1,NW,15,11,1,2,,0,,,,
2019,1,272.0,영주,0.1,-19.7,0.1,12,1,0,0,0,,3.7,10.5,NW,28,14,2,1,,0,,,,
2019,1,273.0,문경,0.1,-22.7,0.1,28,1,0,0,0,,2.6,9.0,NW,8,16,2,0,,0,,,,
2019,1,276.0,청송군,10.0,,9.5,12,2,1,0,0,,1.8,9.0,W,28,15,6,3,,0,,,,
2019,1,277.0,영덕,9.5,-27.9,9.0,12,2,1,0,0,,2.8,9.4,NW,28,12,4,2,,0,,,,
2019,1,278.0,의성,5.0,-13.0,3.5,12,2,2,0,0,,1.2,7.2,WNW,28,15,4,1,,0,,,,
2019,1,279.0,구미,6.0,-14.2,3.1,12,3,2,0,0,,1.3,5.1,W,28,11,2,0,,0,,,,
2019,1,281.0,영천,11.9,-10.7,7.0,12,3,2,0,0,,2.3,8.1,WNW,28,10,4,1,,0,,,,
2019,1,283.0,경주시,13.0,,6.5,12,3,2,0,0,,2.7,9.5,WNW,16,13,3,1,,0,,,,
2019,1,284.0,거창,13.1,-14.8,5.8,31,4,4,0,0,,1.4,7.6,W,15,12,2,0,,0,,,,
2019,1,285.0,합천,15.0,-6.9,9.0,31,3,3,0,0,,1.0,5.0,NW,28,11,4,0,,0,,,,
2019,1,288.0,밀양,12.8,-9.5,10.0,31,2,2,1,0,,0.9,6.1,NNW,8,10,1,1,,0,,,,
2019,1,289.0,산청,16.4,-12.0,10.5,31,4,2,1,0,,2.5,9.6,W,28,10,2,0,,0,,,,
2019,1,294.0,거제,17.7,-23.3,15.0,31,4,2,1,0,,1.6,5.7,NNW,26,14,2,2,,0,,,,
2019,1,295.0,남해,19.1,-13.8,14.0,31,4,2,1,0,,1.1,5.6,WNW,28,14,3,0,,0,,,,
2019,2,90.0,속초,,,,,0,0,0,0,,,,,,,,0,,0,,,,
2019,2,93.0,북춘천,,,,,0,0,0,0,,,,,,0,0,0,0,0,0,4,22,26
2019,2,95.0,철원,,,,,0,0,0,0,,,,,,0,1,0,,0,,,,
2019,2,98.0,동두천,,,,,0,0,0,0,,,,,,0,1,0,,0,,,,
2019,2,99.0,파주,,,,,0,0,0,0,,,,,,0,0,0,,0,,,,
2019,2,100.0,대관령,,,,,0,0,0,0,,,,,,0,0,0,,0,,,,
2019,2,101.0,춘천,,,,,0,0,0,0,,,,,,0,0,0,,0,,,,
2019,2,102.0,백령도,,,,,1,0,0,0,,,,,,0,1,0,0,0,0,4,2,15
2019,2,104.0,북강릉,,,,,0,0,0,0,,,,,,0,0,0,0,0,0,3,18,24
2019,2,105.0,강릉,,,,,0,0,0,0,,,,,,0,0,0,,0,,,,
2019,2,106.0,동해,,,,,0,0,0,0,,,,,,0,0,0,,0,,,,
2019,2,108.0,서울,,,,,0,0,0,0,,,,,,0,1,0,1,0,0,8,7,24
2019,2,112.0,인천,,,,,0,0,0,0,,,,,,0,1,0,5,0,0,5,10,21
2019,2,114.0,원주,,,,,0,0,0,0,,,,,,0,0,0,,0,,,,
2019,2,115.0,울릉도,,,,,0,0,0,0,,,,,,0,0,0,1,0,0,14,0,12
2019,2,119.0,수원,,,,,0,0,0,0,,,,,,0,1,0,1,0,0,7,12,26
2019,2,121.0,영월,,,,,0,0,0,0,,,,,,0,0,0,,0,,,,
2019,2,127.0,충주,,,,,0,0,0,0,,,,,,0,0,0,,0,,,,
2019,2,129.0,서산,,,,,1,0,0,0,,,,,,0,1,0,,0,,,,
2019,2,130.0,울진,,,,,0,0,0,0,,,,,,0,0,0,,0,,,,
2019,2,131.0,청주,,,,,0,0,0,0,,,,,,0,0,0,1,0,0,4,11,25
2019,2,133.0,대전,,,,,0,0,0,0,,,,,,0,0,0,3,0,0,3,11,25
2019,2,135.0,추풍령,,,,,0,0,0,0,,,,,,0,0,0,,0,,,,
2019,2,136.0,안동,,,,,0,0,0,0,,,,,,0,0,0,4,0,0,2,8,23
2019,2,137.0,상주,,,,,0,0,0,0,,,,,,0,0,0,0,0,0,0,0,0
2019,2,138.0,포항,,,,,0,0,0,0,,,,,,0,0,0,0,0,0,1,0,15
2019,2,140.0,군산,,,,,1,0,0,0,,,,,,0,0,0,,0,,,,
2019,2,143.0,대구,,,,,0,0,0,0,,,,,,1,0,0,1,0,0,1,11,21
2019,2,146.0,전주,,,,,1,0,0,0,,,,,,0,1,0,3,0,0,3,15,25
2019,2,152.0,울산,,,,,0,0,0,0,,,,,,0,0,0,2,0,0,1,3,15
2019,2,155.0,창원,,,,,0,0,0,0,,,,,,0,0,0,1,0,0,0,1,14
2019,2,156.0,광주,,,,,0,0,0,0,,,,,,0,0,0,1,0,0,2,12,19
2019,2,159.0,부산,,,,,0,0,0,0,,,,,,0,0,0,0,0,0,1,0,11
2019,2,162.0,통영,,,,,0,0,0,0,,,,,,0,0,0,,0,,,,
2019,2,165.0,목포,,,,,1,0,0,0,,,,,,0,0,0,4,0,0,3,2,16
2019,2,168.0,여수,,,,,0,0,0,0,,,,,,0,0,0,1,0,0,0,1,9
2019,2,169.0,흑산도,,,,,1,1,0,0,,,,,,0,1,0,1,0,0,4,0,6
2019,2,170.0,완도,,,,,1,0,0,0,,,,,,0,0,0,0,0,0,0,0,0
2019,2,172.0,고창,,,,,0,0,0,0,,,,,,0,0,0,,0,,,,
2019,2,174.0,순천,,,,,0,0,0,0,,,,,,1,0,0,,0,,,,
2019,2,175.0,진도(첨찰산),,,,,0,0,0,0,,,,,,0,0,0,,0,,,,
2019,2,177.0,홍성,,,,,0,0,0,0,,,,,,0,1,0,2,0,0,6,10,27
2019,2,184.0,제주,,,,,0,0,0,0,,,,,,0,0,0,0,0,0,3,0,1
2019,2,185.0,고산,,,,,0,0,0,0,,,,,,0,1,0,,0,,,,
2019,2,188.0,성산,,,,,0,0,0,0,,,,,,0,1,0,,0,,,,
2019,2,189.0,서귀포,,,,,0,0,0,0,,,,,,0,1,0,0,0,0,0,0,0
2019,2,192.0,진주,,,,,0,0,0,0,,,,,,0,0,0,,0,,,,
2019,2,201.0,강화,,,,,0,0,0,0,,,,,,0,0,0,,0,,,,
2019,2,202.0,양평,,,,,0,0,0,0,,,,,,0,0,0,,0,,,,
2019,2,203.0,이천,,,,,0,0,0,0,,,,,,0,0,0,,0,,,,
2019,2,211.0,인제,,,,,0,0,0,0,,,,,,0,0,0,,0,,,,
2019,2,212.0,홍천,,,,,0,0,0,0,,,,,,0,0,0,,0,,,,
2019,2,216.0,태백,,,,,0,0,0,0,,,,,,0,0,0,,0,,,,
2019,2,217.0,정선군,,,,,0,0,0,0,,,,,,0,0,0,,0,,,,
2019,2,221.0,제천,,,,,0,0,0,0,,,,,,0,0,0,,0,,,,
2019,2,226.0,보은,,,,,0,0,0,0,,,,,,0,0,0,,0,,,,
2019,2,232.0,천안,,,,,0,0,0,0,,,,,,0,0,0,,0,,,,
2019,2,235.0,보령,,,,,0,0,0,0,,,,,,0,1,0,,0,,,,
2019,2,236.0,부여,,,,,1,0,0,0,,,,,,0,0,0,,0,,,,
2019,2,238.0,금산,,,,,0,0,0,0,,,,,,0,0,0,,0,,,,
2019,2,243.0,부안,,,,,0,0,0,0,,,,,,0,1,0,,0,,,,
2019,2,244.0,임실,,,,,0,0,0,0,,,,,,0,0,0,,0,,,,
2019,2,245.0,정읍,,,,,0,0,0,0,,,,,,0,0,0,,0,,,,
2019,2,247.0,남원,,,,,0,0,0,0,,,,,,0,0,0,,0,,,,
2019,2,248.0,장수,,,,,0,0,0,0,,,,,,0,0,0,,0,,,,
2019,2,251.0,고창군,,,,,0,0,0,0,,,,,,0,0,0,,0,,,,
2019,2,252.0,영광군,,,,,1,0,0,0,,,,,,0,1,0,,0,,,,
2019,2,253.0,김해시,,,,,0,0,0,0,,,,,,1,0,0,,0,,,,
2019,2,254.0,순창군,,,,,0,0,0,0,,,,,,0,0,0,,0,,,,
2019,2,255.0,북창원,,,,,0,0,0,0,,,,,,1,0,0,,0,,,,
2019,2,257.0,양산시,,,,,0,0,0,0,,,,,,1,0,0,,0,,,,
2019,2,258.0,보성군,,,,,1,0,0,0,,,,,,0,0,0,,0,,,,
2019,2,259.0,강진군,,,,,1,0,0,0,,,,,,0,0,0,,0,,,,
2019,2,260.0,장흥,,,,,0,0,0,0,,,,,,0,0,0,,0,,,,
2019,2,261.0,해남,,,,,0,0,0,0,,,,,,0,0,0,0,0,0,0,0,0
2019,2,262.0,고흥,,,,,0,0,0,0,,,,,,0,0,0,,0,,,,
2019,2,263.0,의령군,,,,,0,0,0,0,,,,,,0,0,0,,0,,,,
2019,2,264.0,함양군,,,,,0,0,0,0,,,,,,0,0,0,,0,,,,
2019,2,266.0,광양시,,,,,0,0,0,0,,,,,,0,0,0,,0,,,,
2019,2,268.0,진도군,,,,,0,0,0,0,,,,,,0,1,0,,0,,,,
2019,2,271.0,봉화,,,,,0,0,0,0,,,,,,0,0,0,,0,,,,
2019,2,272.0,영주,,,,,0,0,0,0,,,,,,0,0,0,,0,,,,
2019,2,273.0,문경,,,,,0,0,0,0,,,,,,0,0,0,,0,,,,
2019,2,276.0,청송군,,,,,0,0,0,0,,,,,,0,0,0,,0,,,,
2019,2,277.0,영덕,,,,,0,0,0,0,,,,,,0,0,0,,0,,,,
2019,2,278.0,의성,,,,,0,0,0,0,,,,,,0,0,0,,0,,,,
2019,2,279.0,구미,,,,,0,0,0,0,,,,,,0,0,0,,0,,,,
2019,2,281.0,영천,,,,,0,0,0,0,,,,,,0,0,0,,0,,,,
2019,2,283.0,경주시,,,,,0,0,0,0,,,,,,0,0,0,,0,,,,
2019,2,284.0,거창,,,,,0,0,0,0,,,,,,0,0,0,,0,,,,
2019,2,285.0,합천,,,,,0,0,0,0,,,,,,0,0,0,,0,,,,
2019,2,288.0,밀양,,,,,0,0,0,0,,,,,,1,0,0,,0,,,,
2019,2,289.0,산청,,,,,0,0,0,0,,,,,,0,0,0,,0,,,,
2019,2,294.0,거제,,,,,0,0,0,0,,,,,,0,0,0,,0,,,,
2019,2,295.0,남해,,,,,0,0,0,0,,,,,,0,0,0,,0,,,,
2019,3,90.0,속초,44.4,-12.5,12.3,20,9,8,2,0,,2.1,10.5,N,27,,,1,,0,,,,
2019,3,93.0,북춘천,30.9,,15.5,20,8,5,1,0,,1.4,8.4,SW,30,6,8,2,0,0,0,2,20,17
2019,3,95.0,철원,23.3,-16.9,12.2,20,7,3,1,0,,1.4,6.3,SSW,27,8,6,1,,0,,,,
2019,3,98.0,동두천,32.5,-6.3,12.6,20,7,4,2,0,,1.8,10.8,WNW,13,6,5,1,,0,,,,
2019,3,99.0,파주,25.5,,15.0,20,7,4,1,0,,1.6,8.4,W,30,6,7,1,,0,,,,
2019,3,100.0,대관령,48.5,-27.1,14.9,20,9,7,2,0,,3.5,14.8,W,21,8,6,2,0,1,1,0,0,0
2019,3,101.0,춘천,38.7,-3.0,16.4,20,10,6,1,0,,1.5,7.1,W,12,0,0,2,,0,,,,
2019,3,102.0,백령도,23.5,0.3,21.6,20,3,2,1,0,,4.8,18.0,NNW,21,9,5,2,12,5,0,0,4,0
2019,3,104.0,북강릉,39.3,,12.9,28,9,7,1,0,,2.1,10.6,WSW,27,8,4,2,1,0,1,2,5,3
2019,3,105.0,강릉,49.6,-19.3,10.0,28,12,8,1,0,,2.9,9.1,WSW,27,8,5,1,,0,,,,
2019,3,106.0,동해,51.5,-7.1,15.0,15,10,7,1,0,,2.4,9.3,WNW,27,9,5,2,,0,,,,
2019,3,108.0,서울,26.8,-20.4,16.5,20,5,5,1,0,,2.1,7.2,NW,13,9,5,1,1,0,2,3,4,8
2019,3,112.0,인천,28.4,-12.1,16.4,20,6,5,1,0,,3.3,10.9,W,30,7,4,1,11,0,2,2,11,8
2019,3,114.0,원주,42.8,-8.8,14.8,20,9,6,1,0,,1.2,6.1,WSW,27,7,7,0,,0,,,,
2019,3,115.0,울릉도,91.3,19.1,24.6,29,11,10,3,0,,4.0,14.0,NE,7,4,9,0,1,1,2,5,0,0
2019,3,119.0,수원,39.6,-8.3,23.6,20,7,6,1,0,,1.9,7.8,W,30,9,3,1,5,0,2,3,13,19
2019,3,121.0,영월,42.5,-7.5,15.9,20,7,6,1,0,,1.2,8.0,W,23,6,6,1,0,0,2,0,0,0
2019,3,127.0,충주,27.9,-17.0,9.0,20,9,6,0,0,,1.5,7.4,W,13,5,5,1,0,0,2,0,0,0
2019,3,129.0,서산,43.7,-2.6,38.1,20,6,4,1,1,,2.3,10.0,NW,15,8,7,2,,0,,,,
2019,3,130.0,울진,47.9,-10.1,10.8,15,10,10,1,0,,2.8,10.2,WNW,12,9,7,2,,0,,,,
2019,3,131.0,청주,20.3,-27.9,12.4,20,6,5,1,0,,1.5,6.8,WSW,27,7,5,2,3,0,1,4,10,11
2019,3,133.0,대전,33.7,-21.9,17.7,20,8,5,1,0,,1.6,6.6,S,20,5,8,0,4,0,2,2,11,12
2019,3,135.0,추풍령,33.5,-16.5,6.9,23,8,7,0,0,,3.1,10.3,W,30,7,5,2,0,0,1,0,0,0
2019,3,136.0,안동,33.2,-11.7,7.5,15,8,7,0,0,,1.9,9.7,WNW,27,8,5,1,2,0,1,4,8,16
2019,3,137.0,상주,26.8,,6.4,20,10,7,0,0,,2.0,9.2,WNW,13,7,6,1,0,0,1,0,0,0
2019,3,138.0,포항,27.6,-33.3,12.4,10,8,5,1,0,,2.8,7.7,WSW,31,8,6,1,0,0,0,0,0,3
2019,3,140.0,군산,33.6,-12.0,24.8,20,9,4,1,0,,2.7,11.5,NW,15,6,5,0,0,0,1,0,0,0
2019,3,143.0,대구,20.7,-26.4,7.5,10,8,4,0,0,,2.4,8.5,W,30,8,7,2,0,0,1,1,9,7
2019,3,146.0,전주,33.1,-21.2,13.2,15,8,6,1,0,,2.1,8.4,W,23,6,7,2,4,0,2,2,10,12
2019,3,152.0,울산,40.7,-25.1,19.7,10,9,6,1,0,,2.4,7.6,SSW,27,9,4,1,0,0,1,1,4,3
2019,3,155.0,창원,54.7,-19.6,28.0,20,6,6,2,0,,1.7,7.1,NE,19,9,6,1,0,0,1,0,0,2
2019,3,156.0,광주,33.9,-26.9,20.6,20,7,3,1,0,,1.7,9.1,SW,27,7,5,1,0,0,2,1,7,6
2019,3,159.0,부산,75.4,-5.3,33.7,20,7,6,2,1,,3.6,12.7,WSW,21,9,5,1,0,0,1,0,0,1
2019,3,162.0,통영,65.6,-17.5,33.3,20,8,4,2,1,,2.7,14.3,SSE,20,8,5,1,0,1,2,0,0,0
2019,3,165.0,목포,38.5,-21.5,16.8,20,7,5,2,0,,4.0,13.3,N,12,7,8,1,4,0,2,0,2,2
2019,3,168.0,여수,63.3,-12.4,31.4,20,8,5,2,1,,4.4,14.9,WNW,15,9,7,1,0,1,2,0,0,0
2019,3,169.0,흑산도,31.6,-17.2,12.3,20,7,5,2,0,,5.5,21.5,SSE,20,10,7,3,5,6,2,0,0,0
2019,3,170.0,완도,72.4,-23.1,30.9,20,6,5,2,2,,2.9,10.1,WNW,30,5,9,2,0,0,1,0,0,0
2019,3,172.0,고창,17.4,,6.0,20,7,6,0,0,,3.0,14.9,SE,20,4,7,1,0,1,2,0,0,0
2019,3,174.0,순천,42.9,,18.4,10,9,6,2,0,,2.4,8.4,NNW,21,8,7,2,0,0,1,0,0,0
2019,3,175.0,진도(첨찰산),49.0,,19.3,10,9,6,2,0,,5.4,16.5,S,20,0,0,2,0,1,2,0,0,0
2019,3,177.0,홍성,36.6,,32.6,20,6,3,1,1,,2.0,9.0,SW,27,8,3,1,5,0,0,1,6,16
2019,3,184.0,제주,55.5,-33.1,22.1,10,9,8,2,0,,3.5,14.3,SSW,20,4,9,4,0,1,2,0,0,0
2019,3,185.0,고산,46.0,-29.8,12.2,11,11,10,1,0,,6.1,19.6,NNE,30,5,9,5,0,9,1,0,0,0
2019,3,188.0,성산,133.5,-8.7,53.1,20,9,7,3,2,,3.5,10.7,NNW,30,3,10,3,,0,,,,
2019,3,189.0,서귀포,64.8,-66.4,18.4,9,10,7,3,0,,1.9,8.5,SSW,20,5,9,2,0,0,1,0,0,0
2019,3,192.0,진주,42.0,-30.1,21.0,10,3,3,2,0,,1.2,7.5,WSW,30,9,5,1,0,0,2,0,0,0
2019,3,201.0,강화,20.7,-18.9,15.0,20,6,3,1,0,,2.4,8.7,WSW,30,7,6,1,,0,,,,
2019,3,202.0,양평,37.0,-4.8,18.0,20,7,7,1,0,,1.7,7.6,W,30,6,7,1,,0,,,,
2019,3,203.0,이천,40.2,-7.2,20.6,20,9,5,1,0,,1.7,8.6,SW,27,9,7,0,0,0,1,0,0,0
2019,3,211.0,인제,35.2,-2.8,15.5,20,10,5,1,0,,1.8,7.3,N,10,4,4,2,,0,,,,
2019,3,212.0,홍천,38.5,-7.1,17.0,20,8,5,1,0,,1.3,7.2,WNW,13,6,5,0,,0,,,,
2019,3,216.0,태백,41.0,-19.7,12.9,20,10,7,1,0,,1.7,6.6,SW,15,8,5,2,0,0,2,0,0,0
2019,3,217.0,정선군,57.0,,18.0,20,10,6,2,0,,2.0,15.0,NNE,27,7,7,1,0,1,1,0,0,0
2019,3,221.0,제천,49.5,-6.5,17.0,20,8,7,2,0,,1.9,7.8,WSW,13,6,6,1,,0,,,,
2019,3,226.0,보은,29.0,-19.7,10.0,20,9,8,1,0,,1.5,8.3,NW,13,6,7,2,0,0,1,0,0,0
2019,3,232.0,천안,26.9,-19.0,16.0,20,8,5,1,0,,1.7,9.7,WSW,27,6,4,6,0,0,1,0,0,0
2019,3,235.0,보령,18.2,-28.7,12.8,20,7,3,1,0,,1.6,9.4,SSW,20,6,5,2,0,0,1,0,0,0
2019,3,236.0,부여,35.0,-21.1,25.0,20,7,6,1,0,,1.6,7.9,WNW,15,5,5,2,,0,,,,
2019,3,238.0,금산,33.0,-18.9,13.0,20,9,6,1,0,,1.5,6.3,SE,20,6,6,1,0,0,2,0,0,0
2019,3,243.0,부안,30.4,-18.5,17.5,20,9,5,1,0,,2.0,8.4,W,15,1,8,1,0,0,2,0,0,0
2019,3,244.0,임실,34.6,-19.2,13.0,20,9,6,1,0,,1.6,9.9,SW,20,7,7,2,0,0,1,0,0,0
2019,3,245.0,정읍,24.5,-30.7,8.6,20,8,5,0,0,,2.0,9.2,WSW,27,4,10,1,0,0,2,0,0,0
2019,3,247.0,남원,27.8,-24.7,10.6,20,10,6,1,0,,1.7,8.0,SSW,23,6,7,2,0,0,1,0,0,0
2019,3,248.0,장수,49.5,-10.1,14.5,20,10,9,2,0,,2.0,8.6,WSW,21,7,8,3,0,0,1,0,0,0
2019,3,251.0,고창군,21.2,,6.3,20,7,6,0,0,,1.8,10.5,SSE,20,5,7,1,0,0,1,0,0,0
2019,3,252.0,영광군,25.9,,9.9,20,9,4,0,0,,1.9,8.7,NW,15,6,6,1,0,0,1,0,0,0
2019,3,253.0,김해시,73.4,,33.3,20,7,6,2,1,,2.5,10.5,WNW,23,8,6,1,0,0,2,0,0,0
2019,3,254.0,순창군,38.3,,22.0,20,9,6,1,0,,2.0,11.3,W,15,5,8,1,0,0,2,0,0,0
2019,3,255.0,북창원,57.6,,25.0,20,9,6,2,0,,1.6,5.3,WNW,13,8,5,1,0,0,2,0,0,0
2019,3,257.0,양산시,84.0,,43.5,10,7,7,2,1,,2.4,8.4,N,12,8,6,1,0,0,2,0,0,0
2019,3,258.0,보성군,75.2,,42.5,20,8,5,2,1,,3.7,12.8,NNW,31,7,6,2,0,0,1,0,0,0
2019,3,259.0,강진군,56.8,,22.0,20,8,5,2,0,,2.8,9.4,SW,27,6,10,2,0,0,1,0,0,0
2019,3,260.0,장흥,62.4,-10.6,29.8,20,8,5,2,0,,2.2,9.2,S,20,9,9,3,0,0,1,0,0,0
2019,3,261.0,해남,49.0,-23.9,20.3,10,6,5,2,0,,2.4,10.1,SW,20,6,10,1,0,0,1,0,0,0
2019,3,262.0,고흥,71.7,-8.9,40.2,20,7,6,2,1,,2.0,9.2,WNW,22,9,7,1,0,0,2,0,0,0
2019,3,263.0,의령군,37.6,,19.0,10,9,4,2,0,,1.8,9.6,SW,27,8,6,1,0,0,2,0,0,0
2019,3,264.0,함양군,41.9,,17.0,10,10,6,2,0,,1.9,9.0,W,13,6,6,2,0,0,2,0,0,0
2019,3,266.0,광양시,50.2,,29.5,20,9,6,2,0,,2.3,9.6,NE,10,9,8,2,0,0,1,0,0,0
2019,3,268.0,진도군,43.0,,18.5,10,8,6,2,0,,2.7,9.0,SW,20,6,9,2,0,0,2,0,0,0
2019,3,271.0,봉화,33.7,-19.4,9.5,20,9,6,0,0,,1.7,7.3,NW,26,8,4,1,,0,,,,
2019,3,272.0,영주,48.7,-5.6,16.5,20,9,7,2,0,,3.2,10.1,NW,30,6,5,1,,0,,,,
2019,3,273.0,문경,28.9,-19.7,9.0,20,8,6,0,0,,2.5,8.2,NW,27,8,5,1,,0,,,,
2019,3,276.0,청송군,41.0,,9.0,7,9,9,0,0,,1.9,8.5,W,30,7,5,1,0,0,1,0,0,0
2019,3,277.0,영덕,18.6,-34.4,6.5,10,9,5,0,0,,3.1,8.8,WNW,25,8,6,2,,0,,,,
2019,3,278.0,의성,22.6,-18.9,7.0,30,8,6,0,0,,1.5,7.6,WNW,13,8,6,1,0,0,1,0,0,0
2019,3,279.0,구미,21.4,-24.0,9.9,10,7,4,0,0,,1.4,5.8,WNW,30,7,7,1,,0,,,,
2019,3,281.0,영천,20.2,-26.7,6.5,30,7,4,0,0,,2.1,8.0,NW,21,8,8,2,,0,,,,
2019,3,283.0,경주시,30.0,,15.5,10,9,8,1,0,,2.8,10.6,WNW,16,8,6,1,,0,,,,
2019,3,284.0,거창,36.0,-19.1,14.5,10,7,6,2,0,,1.8,8.5,WSW,21,8,5,2,0,0,1,0,0,0
2019,3,285.0,합천,36.6,-16.6,18.5,10,8,3,2,0,,1.4,7.1,S,27,7,6,2,,0,,,,
2019,3,288.0,밀양,40.5,-13.9,20.0,10,6,5,2,0,,1.3,7.2,WNW,30,7,5,1,0,0,1,0,0,0
2019,3,289.0,산청,42.9,-25.6,18.5,20,9,5,2,0,,2.3,9.5,WNW,30,8,5,2,0,0,1,0,0,0
2019,3,294.0,거제,77.9,-35.9,39.5,20,7,5,2,1,,2.0,6.9,NW,21,7,5,1,0,0,2,0,0,0
2019,3,295.0,남해,79.2,-20.7,42.0,20,10,5,2,1,,1.5,5.2,WNW,30,9,6,1,0,0,2,0,0,0
2019,4,90.0,속초,80.9,16.6,31.2,10,7,6,3,1,,2.1,11.0,NNW,8,,,3,,0,,,,
2019,4,93.0,북춘천,49.7,,16.4,25,8,7,2,0,,1.5,7.6,SSW,4,7,9,2,1,0,1,0,6,5
2019,4,95.0,철원,28.0,-36.0,14.3,25,6,5,1,0,,1.5,6.4,SSW,4,6,8,2,0,0,1,0,0,0
2019,4,98.0,동두천,34.8,-37.9,11.5,25,9,7,1,0,,1.6,9.5,WNW,14,7,7,2,0,0,1,0,0,0
2019,4,99.0,파주,38.6,,10.8,25,10,7,1,0,,1.6,7.6,N,14,7,6,3,0,0,1,0,0,0
2019,4,100.0,대관령,59.9,-29.6,14.7,9,9,7,3,0,,3.0,13.5,WSW,4,5,6,2,0,0,1,0,0,0
2019,4,101.0,춘천,49.4,-12.9,16.1,25,10,7,2,0,,1.6,5.9,WSW,15,0,0,3,0,0,1,0,0,0
2019,4,102.0,백령도,23.7,-31.1,14.7,9,4,3,1,0,,3.6,11.4,SW,4,7,7,3,3,0,0,0,1,0
2019,4,104.0,북강릉,77.5,,34.8,26,6,6,3,1,,1.9,12.3,WSW,5,5,7,3,0,0,1,0,3,0
2019,4,105.0,강릉,85.5,16.8,36.5,26,7,6,3,1,,2.5,11.6,SW,5,5,7,1,0,0,1,0,0,0
2019,4,106.0,동해,102.6,42.5,38.8,26,8,6,3,2,,2.3,13.4,W,5,6,7,3,0,0,1,0,0,0
2019,4,108.0,서울,47.3,-17.2,17.4,9,9,7,2,0,,1.9,7.3,NW,14,7,8,2,0,0,1,0,5,3
2019,4,112.0,인천,41.1,-16.6,14.9,9,8,7,1,0,,2.9,10.4,NW,14,5,9,3,7,0,1,0,0,0
2019,4,114.0,원주,45.7,-21.0,14.1,9,9,5,2,0,,1.2,4.8,WSW,8,5,8,2,,0,,,,
2019,4,115.0,울릉도,76.4,-4.9,19.9,24,11,11,2,0,,4.2,15.8,NNE,8,5,7,1,5,1,2,2,0,0
2019,4,119.0,수원,43.6,-17.7,18.1,9,9,5,2,0,,1.8,6.8,E,9,6,9,3,1,0,0,0,7,5
2019,4,121.0,영월,56.7,-13.8,23.7,9,8,6,2,0,,1.4,8.0,SE,9,5,10,2,,0,,,,
2019,4,127.0,충주,58.5,-4.6,22.8,9,9,5,2,0,,1.6,7.3,E,9,6,9,1,,0,,,,
2019,4,129.0,서산,43.9,-26.3,26.4,9,9,7,1,0,,1.9,7.3,NNW,14,6,9,1,,0,,,,
2019,4,130.0,울진,106.2,45.2,30.3,10,11,8,4,1,,2.7,9.2,WSW,5,7,9,2,,0,,,,
2019,4,131.0,청주,60.8,-5.8,27.3,9,8,7,2,0,,1.5,5.9,E,9,6,10,3,1,0,0,0,0,4
2019,4,133.0,대전,91.6,9.9,31.3,9,11,7,3,1,,1.6,7.8,ESE,9,6,11,2,2,0,0,0,2,4
2019,4,135.0,추풍령,91.7,22.1,30.0,9,9,8,3,1,,2.7,10.3,WSW,1,4,7,2,,0,,,,
2019,4,136.0,안동,86.2,18.0,28.6,9,7,7,5,0,,1.8,8.2,WNW,5,6,10,2,1,0,1,2,3,4
2019,4,137.0,상주,112.2,,35.0,9,8,7,5,1,,1.6,6.4,WNW,14,4,9,5,,0,,,,
2019,4,138.0,포항,95.4,26.5,45.9,29,7,6,3,1,,2.7,8.9,NE,9,9,11,4,0,0,0,0,0,1
2019,4,140.0,군산,78.8,0.6,23.2,29,10,7,3,0,,1.9,7.1,SW,18,5,8,4,,0,,,,
2019,4,143.0,대구,88.0,25.1,40.0,29,9,6,3,1,,2.2,7.9,ESE,8,8,11,4,0,0,0,0,2,1
2019,4,146.0,전주,98.5,21.2,33.3,9,10,7,3,2,,1.6,6.4,W,17,6,10,5,1,0,0,0,3,5
2019,4,152.0,울산,88.9,-2.2,42.0,29,10,6,4,1,,2.1,6.9,SSW,14,9,9,4,0,0,0,0,0,0
2019,4,155.0,창원,91.3,-38.6,38.4,29,9,8,2,1,,1.5,6.6,S,18,8,10,6,1,0,1,0,0,0
2019,4,156.0,광주,84.7,4.0,36.2,9,10,7,2,1,,1.5,8.0,SSW,27,7,11,7,2,0,2,0,2,0
2019,4,159.0,부산,85.0,-47.7,25.3,29,9,8,3,0,,3.2,10.0,W,5,7,9,4,1,0,1,0,0,0
2019,4,162.0,통영,105.6,-22.7,25.3,29,11,7,4,0,,2.0,7.2,S,18,5,8,3,0,0,1,0,0,0
2019,4,165.0,목포,86.3,17.0,35.4,29,11,7,2,2,,3.0,9.7,SSE,9,5,12,5,2,0,3,0,1,0
2019,4,168.0,여수,93.6,-23.0,22.6,29,10,8,4,0,,3.6,16.3,NNE,10,8,11,1,1,1,2,0,0,0
2019,4,169.0,흑산도,103.6,22.4,49.9,9,8,4,4,1,,4.1,19.9,SSE,9,5,12,4,9,2,2,0,0,0
2019,4,170.0,완도,91.7,-27.5,30.6,9,10,7,4,1,,2.6,13.3,ESE,9,6,11,5,0,0,3,0,0,0
2019,4,172.0,고창,79.1,,32.8,9,9,7,2,2,,2.4,11.1,E,9,5,12,6,0,0,1,0,0,0
2019,4,174.0,순천,109.9,,46.2,29,11,8,3,1,,1.9,6.8,WNW,1,6,12,5,0,0,2,0,0,0
2019,4,175.0,진도(첨찰산),57.1,,27.1,29,10,6,1,0,,4.7,18.5,SSE,9,0,0,6,0,2,3,0,0,0
2019,4,177.0,홍성,46.6,,27.2,9,8,4,1,0,,1.7,7.7,SW,18,5,10,1,4,0,0,0,4,2
2019,4,184.0,제주,46.4,-43.2,18.7,23,8,6,2,0,,3.0,9.6,ESE,9,7,10,6,1,0,0,0,0,0
2019,4,185.0,고산,27.9,-58.5,13.1,23,5,4,1,0,,4.0,10.8,NNE,10,5,9,1,,0,,,,
2019,4,188.0,성산,132.5,-17.6,56.3,9,9,5,3,2,,2.8,10.4,SSE,23,6,8,4,0,0,2,0,0,0
2019,4,189.0,서귀포,89.2,-85.7,39.4,9,8,3,2,2,,1.7,5.7,ENE,10,6,11,3,3,0,2,0,0,0
2019,4,192.0,진주,114.6,-3.6,54.2,29,7,6,4,1,,1.1,5.3,ESE,9,5,4,3,0,0,1,0,0,0
2019,4,201.0,강화,28.3,-38.6,9.5,9,10,6,0,0,,2.4,7.7,WSW,4,6,8,2,0,0,1,0,0,0
2019,4,202.0,양평,56.0,-12.3,23.5,9,9,6,2,0,,1.6,6.9,E,9,6,7,3,0,0,1,0,0,0
2019,4,203.0,이천,48.8,-25.2,22.3,9,10,5,2,0,,1.6,7.0,SW,18,7,7,3,,0,,,,
2019,4,211.0,인제,43.9,-17.2,15.5,25,10,7,1,0,,1.9,7.5,SSE,4,5,9,2,,0,,,,
2019,4,212.0,홍천,58.1,-8.1,17.0,9,8,7,3,0,,1.4,6.8,W,4,4,8,3,0,0,1,0,0,0
2019,4,216.0,태백,61.0,-16.4,22.7,9,8,6,2,0,,1.6,7.4,ENE,8,6,8,2,,0,,,,
2019,4,217.0,정선군,59.0,,24.5,9,9,8,2,0,,2.0,11.9,NE,4,4,10,1,,0,,,,
2019,4,221.0,제천,58.1,-18.0,19.5,9,10,5,2,0,,2.0,7.7,WNW,4,5,8,2,,0,,,,
2019,4,226.0,보은,100.8,27.7,34.5,9,9,8,3,1,,1.2,7.0,NW,1,5,9,3,,0,,,,
2019,4,232.0,천안,43.9,-17.5,22.0,9,9,6,1,0,,1.6,7.9,ESE,9,6,8,3,,0,,,,
2019,4,235.0,보령,71.9,3.0,34.5,9,9,7,3,1,,1.4,6.5,SSW,18,5,9,4,,0,,,,
2019,4,236.0,부여,73.7,-2.4,33.5,9,10,8,2,1,,1.4,6.7,E,9,5,8,4,,0,,,,
2019,4,238.0,금산,93.0,17.3,31.0,9,8,8,3,1,,1.4,5.6,E,9,6,8,5,,0,,,,
2019,4,243.0,부안,104.5,30.9,40.5,9,11,9,3,1,,1.5,6.6,NNE,10,4,10,4,,0,,,,
2019,4,244.0,임실,84.7,8.4,33.0,29,11,8,2,2,,1.4,6.8,WNW,1,5,10,6,,0,,,,
2019,4,245.0,정읍,95.6,20.3,42.5,9,10,7,2,2,,1.5,6.9,WSW,14,8,9,5,,0,,,,
2019,4,247.0,남원,80.5,9.0,32.5,29,11,7,2,2,,1.7,9.5,NNE,9,5,13,6,,0,,,,
2019,4,248.0,장수,89.0,0.1,35.5,29,9,6,2,2,,1.6,6.9,WSW,5,5,10,5,,0,,,,
2019,4,251.0,고창군,81.0,,36.4,9,10,8,2,2,,1.4,5.1,NW,3,6,14,6,0,0,1,0,0,0
2019,4,252.0,영광군,91.8,,39.5,9,10,8,2,2,,1.4,5.8,SSE,9,7,14,6,0,0,1,0,0,0
2019,4,253.0,김해시,81.4,,35.0,29,10,9,2,1,,2.0,8.5,WNW,14,7,7,5,,0,,,,
2019,4,254.0,순창군,87.4,,42.0,9,10,7,2,2,,1.6,8.3,NNW,1,8,9,5,0,0,1,0,0,0
2019,4,255.0,북창원,103.6,,40.5,29,10,9,3,1,,1.3,6.8,E,9,6,7,6,,0,,,,
2019,4,257.0,양산시,73.7,,33.5,29,10,7,2,1,,2.5,10.8,ESE,9,8,8,3,,0,,,,
2019,4,258.0,보성군,85.8,,31.0,29,11,7,4,1,,2.8,10.7,NNW,1,7,9,3,0,0,3,0,0,0
2019,4,259.0,강진군,96.3,,36.5,9,10,6,3,1,,2.2,11.9,E,9,7,10,7,0,0,3,0,0,0
2019,4,260.0,장흥,78.5,-22.9,27.1,29,11,7,3,0,,1.7,8.5,SE,9,8,9,7,0,0,3,0,0,0
2019,4,261.0,해남,61.1,-28.9,20.7,29,10,7,3,0,,2.2,12.2,ESE,9,5,10,5,0,0,3,0,0,0
2019,4,262.0,고흥,75.1,-45.0,21.0,29,9,6,4,0,,1.4,7.4,WNW,1,8,9,5,0,0,3,0,0,0
2019,4,263.0,의령군,92.0,,45.0,29,9,8,2,1,,1.4,6.5,WSW,2,5,7,6,,0,,,,
2019,4,264.0,함양군,110.7,,41.5,29,8,6,3,2,,1.4,6.3,WSW,14,5,10,4,,0,,,,
2019,4,266.0,광양시,80.1,,31.0,29,11,8,3,1,,1.8,11.3,NE,10,7,11,5,0,0,1,0,0,0
2019,4,268.0,진도군,65.8,,24.0,29,10,7,3,0,,2.1,8.9,SE,9,3,14,5,0,0,3,0,0,0
2019,4,271.0,봉화,58.0,-17.3,24.5,9,7,7,3,0,,1.6,7.3,N,8,6,8,1,,0,,,,
2019,4,272.0,영주,64.3,-18.6,20.0,9,9,7,3,0,,2.6,10.3,NW,4,5,10,1,,0,,,,
2019,4,273.0,문경,100.5,23.9,34.5,9,9,7,4,1,,2.1,7.2,WNW,14,6,10,4,,0,,,,
2019,4,276.0,청송군,74.0,,24.0,29,7,6,3,0,,1.6,8.2,WSW,18,6,9,4,,0,,,,
2019,4,277.0,영덕,103.5,39.5,29.0,10,7,5,4,0,,3.0,11.5,NNE,25,6,8,3,,0,,,,
2019,4,278.0,의성,83.1,17.2,28.5,9,8,6,2,0,,1.4,6.9,NW,1,4,10,4,,0,,,,
2019,4,279.0,구미,109.6,43.3,34.5,9,7,7,6,1,,1.1,4.9,WNW,1,5,8,5,,0,,,,
2019,4,281.0,영천,79.5,17.1,38.5,29,7,6,2,1,,1.9,6.7,NW,1,7,9,4,,0,,,,
2019,4,283.0,경주시,85.7,,46.0,29,8,7,3,1,,2.5,7.7,NNW,1,6,5,4,,0,,,,
2019,4,284.0,거창,103.0,27.6,34.1,29,8,6,3,2,,1.5,7.0,NW,1,5,9,4,,0,,,,
2019,4,285.0,합천,106.0,32.0,39.5,29,8,7,3,1,,1.3,5.2,S,6,6,7,6,,0,,,,
2019,4,288.0,밀양,76.4,-9.9,40.5,29,9,7,2,1,,1.1,5.8,N,1,7,7,6,,0,,,,
2019,4,289.0,산청,116.9,19.4,39.0,29,12,7,4,2,,1.7,8.9,WNW,14,5,9,4,,0,,,,
2019,4,294.0,거제,129.2,-47.8,33.5,29,11,7,7,1,,2.0,6.7,SSW,18,5,7,4,0,0,1,0,0,0
2019,4,295.0,남해,130.4,-31.4,43.5,29,12,8,5,1,,1.3,4.6,E,9,8,10,4,0,0,2,0,0,0
2019,5,90.0,속초,5.7,-89.8,4.0,27,3,1,0,0,,2.2,9.5,N,6,,,1,,0,,,,
2019,5,93.0,북춘천,31.4,,16.1,19,3,3,2,0,,1.6,8.0,W,21,11,5,1,0,0,0,0,0,0
2019,5,95.0,철원,26.4,-75.6,16.8,19,4,3,1,0,,1.5,6.4,SW,21,14,6,1,,0,,,,
2019,5,98.0,동두천,34.5,-59.1,20.7,19,3,3,1,0,,1.8,8.6,WSW,21,13,6,2,,0,,,,
2019,5,99.0,파주,37.1,,22.0,19,3,3,1,0,,1.6,6.7,WNW,21,11,5,1,,0,,,,
2019,5,100.0,대관령,5.6,-116.7,2.0,27,5,3,0,0,,3.4,12.6,WSW,20,9,4,0,,0,,,,
2019,5,101.0,춘천,27.1,-76.9,15.1,19,3,2,2,0,,1.7,7.0,SW,21,0,0,1,,0,,,,
2019,5,102.0,백령도,28.9,-50.0,13.1,19,5,3,2,0,,4.0,12.2,N,5,11,6,2,9,0,1,0,0,0
2019,5,104.0,북강릉,2.6,,1.6,19,2,2,0,0,,2.0,8.4,WNW,21,9,5,1,1,0,0,0,0,0
2019,5,105.0,강릉,4.5,-82.5,2.0,19,3,2,0,0,,2.7,8.5,WSW,21,8,3,0,,0,,,,
2019,5,106.0,동해,3.3,-70.7,1.6,6,3,2,0,0,,2.3,8.8,SSW,27,7,3,1,,0,,,,
2019,5,108.0,서울,37.8,-68.1,22.0,19,3,3,1,0,,2.1,6.1,SW,20,14,7,2,0,0,0,0,0,0
2019,5,112.0,인천,33.2,-67.1,14.4,19,3,3,2,0,,3.0,8.9,WNW,20,12,6,1,2,0,0,0,0,0
2019,5,114.0,원주,10.4,-83.1,4.9,27,4,3,0,0,,1.3,5.5,WSW,21,9,6,1,,0,,,,
2019,5,115.0,울릉도,19.0,-86.1,11.6,27,4,3,1,0,,4.1,14.5,NNW,29,9,4,0,2,1,0,0,0,0
2019,5,119.0,수원,26.7,-71.1,16.5,19,3,3,1,0,,2.0,7.2,W,20,12,7,2,0,0,0,0,0,0
2019,5,121.0,영월,20.9,-66.5,13.3,27,4,4,1,0,,1.3,6.1,W,20,9,4,1,,0,,,,
2019,5,127.0,충주,15.4,-73.3,9.9,27,5,3,0,0,,1.7,6.9,W,21,10,5,1,,0,,,,
2019,5,129.0,서산,20.1,-85.1,7.5,27,6,4,0,0,,2.2,7.9,WNW,20,13,5,0,,0,,,,
2019,5,130.0,울진,17.5,-52.5,8.7,27,4,3,0,0,,2.4,9.0,NW,6,9,6,0,,0,,,,
2019,5,131.0,청주,20.3,-68.0,13.2,27,5,3,1,0,,1.6,5.2,NW,20,11,5,1,0,0,0,0,0,0
2019,5,133.0,대전,35.6,-68.1,14.4,27,5,3,2,0,,1.8,6.3,SE,26,10,4,1,0,0,0,0,0,0
2019,5,135.0,추풍령,46.3,-38.2,26.1,18,5,3,2,0,,2.9,9.7,WSW,20,11,5,1,,0,,,,
2019,5,136.0,안동,49.5,-42.0,22.3,27,4,4,2,0,,1.7,7.9,WNW,20,10,4,1,1,0,0,0,0,0
2019,5,137.0,상주,46.3,,24.7,18,5,2,2,0,,1.5,5.9,W,22,13,3,2,,0,,,,
2019,5,138.0,포항,14.7,-70.5,8.4,18,4,2,0,0,,2.7,7.1,SSW,27,9,3,0,0,0,0,0,0,0
2019,5,140.0,군산,44.3,-37.5,25.9,27,7,4,2,0,,2.2,9.5,NW,6,10,6,1,,0,,,,
2019,5,143.0,대구,25.7,-54.3,16.0,18,5,4,1,0,,2.1,7.9,WNW,20,9,3,1,1,0,1,0,0,0
2019,5,146.0,전주,45.6,-45.9,20.0,27,6,4,2,0,,1.9,7.0,W,20,10,5,1,0,0,0,0,0,0
2019,5,152.0,울산,35.0,-73.1,18.9,27,5,4,1,0,,1.9,8.7,S,27,9,3,2,1,0,1,0,0,0
2019,5,155.0,창원,131.1,-11.1,63.7,27,9,6,3,2,,1.6,8.7,SSE,27,8,3,2,0,0,3,0,0,0
2019,5,156.0,광주,78.8,-17.8,40.1,18,6,5,2,1,,1.6,7.2,NE,18,9,4,2,0,0,0,0,0,0
2019,5,159.0,부산,76.1,-81.3,37.1,18,5,5,2,1,,3.3,14.8,SW,27,10,4,3,0,1,1,0,0,0
2019,5,162.0,통영,95.2,-84.9,44.9,27,7,4,2,2,,2.1,14.9,SSE,27,7,6,2,,1,,,,
2019,5,165.0,목포,122.9,33.7,57.2,18,7,7,2,2,,3.2,13.3,N,6,9,7,2,0,0,0,0,0,0
2019,5,168.0,여수,132.4,-14.1,61.5,18,7,5,3,2,,3.3,19.0,SSW,27,10,4,3,2,1,0,0,0,0
2019,5,169.0,흑산도,80.4,-22.0,31.5,27,7,5,3,1,,4.4,22.0,SSE,27,8,8,2,4,4,0,0,0,0
2019,5,170.0,완도,192.1,56.7,86.9,27,7,5,3,2,,2.6,11.1,ESE,18,9,9,3,,0,,,,
2019,5,172.0,고창,57.9,,24.2,27,7,4,2,0,,2.6,10.6,SE,27,9,5,1,,0,,,,
2019,5,174.0,순천,117.7,,48.4,18,8,5,3,2,,1.9,8.5,SE,27,8,7,3,,0,,,,
2019,5,175.0,진도(첨찰산),135.5,,97.4,27,7,7,3,1,,5.5,16.1,SSE,18,0,0,2,0,1,1,0,0,0
2019,5,177.0,홍성,21.7,,10.3,27,5,3,1,0,,1.9,6.6,SW,8,10,6,1,0,0,0,0,0,0
2019,5,184.0,제주,42.8,-53.6,19.6,18,5,3,2,0,,3.0,11.3,NNE,18,5,10,1,0,0,0,0,0,0
2019,5,185.0,고산,122.6,12.4,64.2,27,7,4,3,2,,3.6,9.0,SSE,18,5,10,1,,0,,,,
2019,5,188.0,성산,247.3,69.6,109.4,18,8,5,3,2,,3.0,10.7,SSE,18,5,8,3,,0,,,,
2019,5,189.0,서귀포,376.7,170.9,197.3,18,7,5,3,3,,1.6,8.5,S,27,6,11,3,1,0,0,0,0,0
2019,5,192.0,진주,132.3,9.5,66.0,27,7,5,3,2,,1.1,4.4,ESE,27,8,5,3,0,0,1,0,0,0
2019,5,201.0,강화,43.0,-65.8,26.0,19,4,3,2,0,,2.5,6.9,WSW,20,13,6,1,,0,,,,
2019,5,202.0,양평,25.5,-76.9,12.0,27,3,3,2,0,,1.7,9.2,W,21,13,6,2,,0,,,,
2019,5,203.0,이천,18.0,-75.8,8.0,19,3,3,0,0,,1.7,6.1,WSW,21,13,5,1,,0,,,,
2019,5,211.0,인제,12.5,-85.2,5.0,19,3,3,0,0,,1.9,7.3,S,21,10,6,1,0,0,1,0,0,0
2019,5,212.0,홍천,15.0,-90.2,7.5,19,3,3,0,0,,1.5,6.7,W,21,12,5,1,,0,,,,
2019,5,216.0,태백,24.2,-66.2,12.0,27,5,4,1,0,,1.8,7.5,SW,27,9,3,1,0,0,1,0,0,0
2019,5,217.0,정선군,18.5,,13.5,27,4,4,1,0,,2.1,13.8,NNE,21,10,5,1,0,0,1,0,0,0
2019,5,221.0,제천,26.1,-76.0,18.5,27,5,4,1,0,,2.0,7.9,WSW,21,9,6,2,,0,,,,
2019,5,226.0,보은,42.8,-51.9,18.5,27,6,4,2,0,,1.6,6.8,SSW,20,10,7,2,,0,,,,
2019,5,232.0,천안,15.1,-70.6,9.3,27,6,3,0,0,,1.6,7.6,SE,18,13,6,1,,0,,,,
2019,5,235.0,보령,31.3,-56.9,15.4,27,7,4,1,0,,1.5,10.5,SSW,27,9,6,2,,0,,,,
2019,5,236.0,부여,44.3,-54.9,28.0,27,8,4,1,0,,1.5,6.5,W,20,10,5,1,,0,,,,
2019,5,238.0,금산,44.2,-45.9,22.0,18,9,4,2,0,,1.4,6.3,E,18,10,5,0,0,0,1,0,0,0
2019,5,243.0,부안,60.7,-28.3,29.0,27,9,4,2,0,,1.8,8.4,SSE,27,10,6,1,,0,,,,
2019,5,244.0,임실,63.7,-24.3,27.5,18,9,5,2,0,,1.6,6.5,WNW,20,10,6,1,,0,,,,
2019,5,245.0,정읍,55.5,-39.1,24.6,18,6,4,2,0,,1.6,7.8,SSW,27,10,5,1,,0,,,,
2019,5,247.0,남원,51.7,-59.3,26.4,18,7,5,2,0,,1.9,7.7,NNE,18,10,5,2,,0,,,,
2019,5,248.0,장수,73.3,-35.9,33.0,18,7,6,2,2,,1.7,6.7,N,28,9,3,2,,0,,,,
2019,5,251.0,고창군,63.9,,24.7,18,8,5,2,0,,1.6,8.5,SSE,27,9,5,2,0,0,1,0,0,0
2019,5,252.0,영광군,70.1,,29.6,27,7,7,2,0,,1.7,7.5,SE,17,8,6,1,,0,,,,
2019,5,253.0,김해시,119.5,,86.1,27,6,4,3,1,,2.2,9.8,S,27,8,4,2,,0,,,,
2019,5,254.0,순창군,84.7,,44.5,18,8,6,2,1,,1.7,8.6,NNW,20,10,5,2,,0,,,,
2019,5,255.0,북창원,100.0,,68.5,27,8,6,2,1,,1.2,5.9,E,18,9,5,2,0,0,1,0,0,0
2019,5,257.0,양산시,97.5,,70.0,27,5,4,2,1,,2.2,9.1,WSW,27,8,3,2,,0,,,,
2019,5,258.0,보성군,165.1,,90.0,27,7,5,2,2,,3.2,11.2,NNW,28,9,7,2,,0,,,,
2019,5,259.0,강진군,137.0,,65.5,18,7,5,2,2,,2.5,12.0,E,18,8,7,2,,0,,,,
2019,5,260.0,장흥,145.9,20.7,58.4,27,7,5,3,2,,2.0,9.5,SSE,27,8,6,3,,0,,,,
2019,5,261.0,해남,99.0,-6.5,56.6,18,7,6,2,1,,2.3,11.6,E,18,9,7,2,,0,,,,
2019,5,262.0,고흥,140.6,0.4,80.7,18,6,5,3,2,,1.5,10.6,S,27,9,7,3,0,0,1,0,0,0
2019,5,263.0,의령군,82.0,,34.5,27,7,6,3,1,,1.3,6.1,SW,5,9,5,2,0,0,2,0,0,0
2019,5,264.0,함양군,78.0,,46.0,18,8,6,2,1,,1.4,6.9,WSW,21,9,6,3,,0,,,,
2019,5,266.0,광양시,152.4,,75.0,27,7,5,3,2,,1.6,8.9,NE,18,9,5,3,,0,,,,
2019,5,268.0,진도군,178.5,,102.5,27,7,7,3,2,,2.1,8.2,E,18,9,7,1,0,0,1,0,0,0
2019,5,271.0,봉화,46.1,-59.6,29.5,27,6,5,1,0,,1.7,7.4,N,25,8,3,2,,0,,,,
2019,5,272.0,영주,58.0,-51.9,42.0,27,6,4,1,1,,2.6,8.7,NW,21,8,6,1,,0,,,,
2019,5,273.0,문경,58.3,-47.8,40.5,27,6,4,2,1,,2.1,7.7,WNW,1,10,5,1,,0,,,,
2019,5,276.0,청송군,36.0,,20.0,27,5,3,2,0,,1.6,7.1,W,20,10,3,1,,0,,,,
2019,5,277.0,영덕,24.9,-50.7,17.5,27,3,3,1,0,,2.7,10.1,NNE,6,8,3,1,,0,,,,
2019,5,278.0,의성,39.7,-38.6,18.0,27,6,5,2,0,,1.5,6.5,W,21,9,6,1,,0,,,,
2019,5,279.0,구미,53.3,-23.7,29.1,18,6,3,2,0,,1.2,5.0,WNW,20,11,4,1,,0,,,,
2019,5,281.0,영천,23.0,-64.2,12.0,18,5,5,1,0,,1.9,6.2,W,20,9,4,2,,0,,,,
2019,5,283.0,경주시,20.9,,9.5,27,6,4,0,0,,2.4,10.3,S,27,9,4,1,,0,,,,
2019,5,284.0,거창,69.0,-25.9,37.1,18,6,4,2,1,,1.6,6.6,NNW,28,8,4,3,,0,,,,
2019,5,285.0,합천,65.0,-32.4,35.0,18,6,5,2,1,,1.4,4.9,NE,28,8,3,2,,0,,,,
2019,5,288.0,밀양,48.6,-60.1,23.7,27,7,4,2,0,,1.2,5.9,SSE,27,8,3,2,,0,,,,
2019,5,289.0,산청,120.3,16.0,52.5,18,7,4,3,2,,1.8,7.3,W,20,10,6,2,,0,,,,
2019,5,294.0,거제,158.1,-77.0,97.5,27,7,6,2,2,,1.9,9.8,ESE,27,8,5,3,,0,,,,
2019,5,295.0,남해,207.8,18.1,109.0,27,7,5,3,2,,1.4,5.7,ESE,27,7,4,3,,0,,,,
2019,6,90.0,속초,97.8,-17.9,44.0,7,14,9,2,1,,1.8,6.3,NNW,21,,,2,,0,,,,
2019,6,93.0,북춘천,88.7,,25.2,7,12,7,4,0,,1.2,7.4,ENE,9,3,11,0,0,0,4,0,0,0
2019,6,95.0,철원,57.1,-80.9,19.8,18,9,6,2,0,,1.4,7.1,NNE,15,5,8,0,0,0,2,0,0,0
2019,6,98.0,동두천,63.2,-79.6,24.1,18,9,6,2,0,,1.3,6.2,WNW,3,5,10,1,0,0,4,0,0,0
2019,6,99.0,파주,62.2,,24.1,7,5,4,2,0,,1.3,6.4,E,15,6,10,2,0,0,3,0,0,0
2019,6,100.0,대관령,168.5,-32.5,93.9,7,15,12,4,1,,2.2,7.7,W,18,4,13,0,0,0,3,0,0,0
2019,6,101.0,춘천,76.4,-46.7,24.6,7,11,8,4,0,,1.5,6.6,N,21,0,0,1,0,0,3,0,0,0
2019,6,102.0,백령도,48.5,-26.3,12.6,10,11,8,1,0,,3.0,11.0,SSE,3,5,15,5,17,0,7,0,0,0
2019,6,104.0,북강릉,122.4,,65.3,7,13,12,3,1,,1.4,5.6,ESE,7,7,13,1,2,0,3,0,0,0
2019,6,105.0,강릉,132.2,11.6,69.0,7,14,13,3,1,,1.9,6.0,SW,20,5,10,1,0,0,2,0,0,0
2019,6,106.0,동해,125.4,15.0,72.4,7,15,8,4,1,,1.9,8.0,NE,15,4,12,2,0,0,1,0,0,0
2019,6,108.0,서울,74.0,-59.2,35.3,7,10,8,2,1,,1.7,5.3,W,15,6,10,1,0,0,4,0,0,0
2019,6,112.0,인천,49.7,-62.3,26.8,7,10,6,1,0,,2.6,7.1,ENE,7,8,11,1,1,0,3,0,0,0
2019,6,114.0,원주,67.9,-72.2,23.4,7,10,8,2,0,,1.0,6.1,NNE,15,6,8,1,0,0,3,0,0,0
2019,6,115.0,울릉도,242.0,126.7,147.4,27,12,7,5,2,,4.0,15.9,NNE,7,2,15,4,10,1,3,0,0,0
2019,6,119.0,수원,68.8,-60.4,38.7,7,12,6,3,1,,1.8,5.7,WSW,15,7,12,1,0,0,2,0,0,0
2019,6,121.0,영월,126.9,-17.0,76.4,15,8,7,3,1,,1.1,7.8,E,9,5,9,0,0,0,3,0,0,0
2019,6,127.0,충주,59.6,-75.1,33.4,7,8,6,2,1,,1.3,6.3,NNW,15,6,11,1,0,0,2,0,0,0
2019,6,129.0,서산,56.3,-82.1,25.3,7,7,5,3,0,,1.7,6.2,NW,3,7,8,1,,0,,,,
2019,6,130.0,울진,142.1,36.3,77.9,7,10,6,4,1,,2.4,8.3,E,7,4,9,2,0,0,1,0,0,0
2019,6,131.0,청주,82.5,-61.6,33.6,7,6,5,4,1,,1.3,4.8,NE,6,7,11,2,0,0,0,0,0,0
2019,6,133.0,대전,77.9,-128.4,25.6,7,8,6,4,0,,1.3,5.6,WSW,15,5,13,2,0,0,2,0,0,0
2019,6,135.0,추풍령,116.5,-29.8,42.9,29,8,7,4,1,,1.9,8.2,ENE,7,5,8,2,0,0,1,0,0,0
2019,6,136.0,안동,88.7,-48.1,30.8,26,7,5,5,1,,1.5,5.9,ESE,9,4,10,1,1,0,2,0,0,0
2019,6,137.0,상주,109.5,,37.6,7,9,8,5,1,,1.0,4.1,WSW,15,5,9,2,0,0,1,0,0,0
2019,6,138.0,포항,190.1,48.5,46.4,26,10,8,5,3,,2.3,6.6,N,21,4,11,3,0,0,2,0,0,0
2019,6,140.0,군산,74.8,-80.0,29.5,6,8,6,2,0,,1.9,8.6,WNW,15,7,8,1,,0,,,,
2019,6,143.0,대구,160.8,18.2,60.0,26,8,8,5,2,,2.1,7.4,ESE,9,4,8,3,0,0,2,0,0,0
2019,6,146.0,전주,89.1,-78.8,46.1,29,8,7,3,1,,1.5,5.3,W,15,3,10,4,1,0,1,0,0,0
2019,6,152.0,울산,247.5,70.7,106.5,26,10,9,6,3,,1.7,5.2,ENE,8,4,9,3,0,0,3,0,0,0
2019,6,155.0,창원,324.0,91.7,112.5,26,8,7,5,3,,1.5,5.8,SSE,16,3,12,2,1,0,1,0,0,0
2019,6,156.0,광주,158.0,-23.5,83.0,29,9,6,4,1,,1.3,5.8,NE,26,3,10,3,0,0,1,0,0,0
2019,6,159.0,부산,324.3,117.6,112.5,26,9,7,5,4,,2.6,12.5,SSW,29,4,11,4,5,0,2,0,0,0
2019,6,162.0,통영,411.3,213.7,147.1,26,8,6,6,5,,2.0,10.6,S,29,2,10,3,0,0,4,0,0,0
2019,6,165.0,목포,172.3,-0.8,78.0,29,8,5,3,2,,2.7,9.1,N,15,2,9,1,3,0,2,0,0,0
2019,6,168.0,여수,289.2,75.5,105.4,29,9,6,5,4,,2.7,11.7,SW,15,4,9,2,1,0,0,0,0,0
2019,6,169.0,흑산도,199.1,24.4,92.5,29,7,4,3,2,,3.0,12.5,NNW,7,5,14,2,14,0,2,0,0,0
2019,6,170.0,완도,295.9,52.9,98.1,29,9,5,3,3,,2.1,9.6,ESE,6,2,9,3,0,0,2,0,0,0
2019,6,172.0,고창,72.2,,38.0,29,6,5,3,1,,2.1,9.9,NW,3,2,8,4,0,0,2,0,0,0
2019,6,174.0,순천,232.6,,87.4,29,12,10,5,2,,1.4,5.4,NW,15,3,7,3,0,0,2,0,0,0
2019,6,177.0,홍성,46.7,,19.7,7,5,5,2,0,,1.3,5.5,NE,6,8,10,1,1,0,1,0,0,0
2019,6,184.0,제주,145.8,-35.6,85.1,26,8,5,3,2,,2.6,11.4,SW,29,2,9,2,0,0,2,0,0,0
2019,6,185.0,고산,172.9,24.2,109.9,26,7,6,3,2,,2.3,9.3,N,7,1,8,2,0,0,2,0,0,0
2019,6,188.0,성산,170.2,-53.5,94.8,26,10,7,3,2,,2.6,13.1,NNW,7,0,8,4,0,0,2,0,0,0
2019,6,189.0,서귀포,189.1,-87.8,116.8,26,9,6,3,2,,1.6,6.8,SSW,6,2,9,4,3,0,2,0,0,0
2019,6,192.0,진주,243.7,30.7,93.7,26,11,8,5,3,,1.0,4.1,NW,15,3,7,2,0,0,1,0,0,0
2019,6,201.0,강화,43.4,-80.0,24.0,7,8,5,2,0,,2.1,6.6,ENE,7,7,11,1,0,0,2,0,0,0
2019,6,202.0,양평,61.6,-82.0,31.0,7,9,8,2,1,,1.5,8.3,NE,15,5,11,1,0,0,3,0,0,0
2019,6,203.0,이천,78.5,-67.5,43.8,7,11,7,2,1,,1.3,4.6,WSW,15,5,10,1,0,0,1,0,0,0
2019,6,211.0,인제,97.0,-21.2,26.0,7,11,9,4,0,,1.6,5.6,NNE,21,6,14,0,0,0,2,0,0,0
2019,6,212.0,홍천,65.6,-75.0,34.5,7,11,7,1,1,,1.3,6.3,N,15,7,9,1,0,0,2,0,0,0
2019,6,216.0,태백,132.6,-9.6,51.1,7,12,11,5,1,,1.6,6.3,NE,21,4,11,1,0,0,3,0,0,0
2019,6,217.0,정선군,88.2,,28.0,7,12,8,3,0,,1.3,8.5,NE,5,3,11,0,0,0,2,0,0,0
2019,6,221.0,제천,90.0,-64.2,34.0,7,12,9,3,1,,1.4,7.6,WSW,15,6,10,0,0,0,3,0,0,0
2019,6,226.0,보은,73.9,-85.4,21.0,7,9,7,4,0,,1.3,5.6,S,15,3,8,3,,0,,,,
2019,6,232.0,천안,84.9,-48.2,31.6,7,6,6,3,1,,1.2,6.2,SSE,9,7,9,2,0,0,2,0,0,0
2019,6,235.0,보령,56.0,-81.5,17.1,7,5,5,3,0,,1.1,5.4,SSW,18,6,6,3,,0,,,,
2019,6,236.0,부여,59.9,-106.3,24.5,6,8,4,3,0,,1.3,5.8,WNW,15,7,9,1,0,0,1,0,0,0
2019,6,238.0,금산,101.0,-72.0,40.0,29,8,8,4,1,,1.0,4.5,SSE,6,4,8,3,0,0,2,0,0,0
2019,6,243.0,부안,89.0,-61.0,48.0,29,7,6,3,1,,1.5,6.1,ESE,6,6,10,2,,0,,,,
2019,6,244.0,임실,98.5,-70.7,33.5,29,12,9,4,1,,1.3,6.5,SE,6,3,8,4,0,0,1,0,0,0
2019,6,245.0,정읍,71.8,-84.3,36.4,29,8,5,3,1,,,5.6,N,7,4,9,4,,0,,,,
2019,6,247.0,남원,217.5,40.8,62.6,22,11,10,7,3,,1.5,6.6,N,7,3,9,4,0,0,1,0,0,0
2019,6,248.0,장수,169.7,-19.5,46.5,29,12,9,6,2,,1.4,5.1,NW,15,3,9,4,0,0,2,0,0,0
2019,6,251.0,고창군,74.6,,39.0,29,6,5,3,1,,1.3,7.4,ESE,6,3,9,3,,0,,,,
2019,6,252.0,영광군,79.7,,40.1,29,5,4,3,1,,1.3,5.7,SE,6,3,9,2,,0,,,,
2019,6,253.0,김해시,257.6,,97.5,26,10,6,6,2,,1.8,6.5,SSE,2,3,9,2,0,0,2,0,0,0
2019,6,254.0,순창군,164.6,,46.0,29,10,9,5,2,,1.3,6.8,NNW,15,3,6,4,0,0,1,0,0,0
2019,6,255.0,북창원,322.5,,133.5,26,8,7,6,3,,1.0,4.3,E,23,3,9,3,0,0,2,0,0,0
2019,6,257.0,양산시,253.1,,106.0,26,10,7,6,2,,2.0,6.4,SW,29,3,11,3,0,0,2,0,0,0
2019,6,258.0,보성군,271.2,,99.0,26,11,9,4,3,,2.4,9.2,E,6,3,9,3,0,0,2,0,0,0
2019,6,259.0,강진군,275.1,,98.5,6,10,9,5,3,,1.8,7.4,E,6,4,12,3,0,0,1,0,0,0
2019,6,260.0,장흥,262.2,43.2,86.5,29,10,8,5,3,,1.5,7.0,SE,6,2,9,3,0,0,3,0,0,0
2019,6,261.0,해남,45.1,-154.4,27.5,6,6,4,2,0,,1.7,9.3,ESE,6,3,8,4,0,0,4,0,0,0
2019,6,262.0,고흥,266.7,50.7,99.7,29,8,7,3,3,,1.2,6.9,NW,7,4,10,3,0,0,3,0,0,0
2019,6,263.0,의령군,188.7,,91.5,26,11,8,4,3,,1.1,4.8,N,7,3,8,3,,0,,,,
2019,6,264.0,함양군,137.0,,50.0,26,10,10,4,2,,0.9,5.8,WSW,15,3,7,2,,0,,,,
2019,6,266.0,광양시,255.8,,100.0,26,13,9,5,2,,1.2,8.0,NE,6,3,10,4,0,0,2,0,0,0
2019,6,268.0,진도군,240.5,,104.0,29,7,6,4,2,,1.6,7.6,SW,29,4,9,3,0,0,2,0,0,0
2019,6,271.0,봉화,156.9,-0.5,61.5,27,12,7,6,1,,1.4,5.7,NNW,18,4,10,2,,0,,,,
2019,6,272.0,영주,87.7,-76.9,31.5,7,9,6,4,1,,1.7,7.2,NW,5,5,9,2,,0,,,,
2019,6,273.0,문경,82.5,-80.7,36.0,7,7,6,4,1,,1.5,8.9,NW,15,5,9,3,,0,,,,
2019,6,276.0,청송군,187.0,,46.0,15,7,7,6,4,,1.2,5.6,E,7,5,7,2,,0,,,,
2019,6,277.0,영덕,242.2,122.4,78.5,7,10,6,6,3,,2.2,10.2,NNE,21,4,9,3,0,0,1,0,0,0
2019,6,278.0,의성,100.6,-31.4,29.0,29,8,5,5,0,,1.2,6.1,NE,15,3,7,2,0,0,1,0,0,0
2019,6,279.0,구미,113.2,-17.1,36.5,26,9,6,4,2,,1.0,3.8,ENE,15,3,7,2,0,0,1,0,0,0
2019,6,281.0,영천,242.1,106.3,77.0,26,10,8,5,3,,1.7,6.2,E,21,4,8,2,0,0,3,0,0,0
2019,6,283.0,경주시,175.0,,51.5,26,9,9,4,2,,1.9,7.1,S,6,5,7,4,0,0,2,0,0,0
2019,6,284.0,거창,147.5,-26.7,48.6,26,9,7,5,2,,1.1,5.1,SE,25,3,8,2,0,0,2,0,0,0
2019,6,285.0,합천,208.6,39.7,75.0,26,10,9,6,3,,1.2,4.9,NE,21,3,8,3,0,0,2,0,0,0
2019,6,288.0,밀양,217.6,31.3,79.6,26,9,8,4,3,,1.1,4.8,SE,4,3,7,3,0,0,2,0,0,0
2019,6,289.0,산청,161.5,-32.4,72.5,26,12,10,4,2,,1.3,6.1,W,15,3,7,3,0,0,1,0,0,0
2019,6,294.0,거제,428.0,158.1,119.0,29,8,6,6,5,,1.7,5.5,NW,29,3,9,2,0,0,3,0,0,0
2019,6,295.0,남해,442.1,173.8,179.5,26,12,6,6,4,,1.2,3.9,WNW,15,2,10,3,0,0,1,0,0,0
2019,7,90.0,속초,234.4,-12.5,92.5,11,12,11,5,2,,1.7,6.7,NNW,11,,,3,,0,,,,
2019,7,93.0,북춘천,252.2,,85.7,26,13,9,7,2,,1.2,5.7,ENE,10,2,15,6,0,0,5,0,0,0
2019,7,95.0,철원,305.3,-95.6,105.4,26,17,12,7,3,,1.6,6.4,NNE,6,1,14,0,0,0,6,0,0,0
2019,7,98.0,동두천,329.8,-94.2,80.8,28,17,15,7,3,,1.4,5.8,WSW,1,0,12,3,0,0,7,0,0,0
2019,7,99.0,파주,259.6,,87.5,26,12,12,6,3,,1.4,5.2,WSW,30,0,13,3,0,0,4,0,0,0
2019,7,100.0,대관령,183.8,-142.9,62.0,11,17,15,5,2,,2.6,10.6,WSW,22,2,15,3,0,0,1,0,0,0
2019,7,101.0,춘천,238.6,-145.2,72.0,26,12,10,5,2,,1.5,6.2,ENE,6,0,0,4,0,0,3,0,0,0
2019,7,102.0,백령도,128.7,-72.4,43.0,26,9,8,4,2,,2.9,7.8,S,30,5,15,7,21,0,2,0,0,0
2019,7,104.0,북강릉,251.0,,103.6,11,15,11,6,2,,1.5,6.2,W,22,2,12,5,3,0,1,0,0,0
2019,7,105.0,강릉,220.8,-22.0,100.5,11,17,13,4,2,,2.1,6.4,SW,22,3,15,1,0,0,1,0,0,0
2019,7,106.0,동해,191.4,-43.3,70.5,11,14,9,3,3,,1.8,8.0,S,20,2,14,2,,0,,,,
2019,7,108.0,서울,194.4,-200.3,62.3,31,16,12,3,2,,1.8,5.9,SSW,30,1,17,6,0,0,5,0,0,0
2019,7,112.0,인천,220.8,-98.8,61.1,26,14,12,5,4,,2.9,8.2,ESE,20,0,16,6,15,0,4,0,0,0
2019,7,114.0,원주,137.1,-225.1,28.5,15,14,13,5,0,,1.1,6.8,NNE,7,1,14,3,0,0,3,0,0,0
2019,7,115.0,울릉도,105.8,-64.4,51.7,11,10,8,3,1,,4.3,11.1,SW,22,5,14,2,9,0,0,0,0,0
2019,7,119.0,수원,190.9,-160.2,108.0,26,13,10,6,1,,2.1,7.5,ESE,20,1,15,3,0,0,4,0,0,0
2019,7,121.0,영월,128.7,-163.6,28.7,21,13,9,5,0,,1.1,7.6,ESE,20,2,13,3,0,0,1,0,0,0
2019,7,127.0,충주,161.4,-132.1,33.1,25,16,11,7,1,,1.4,5.9,E,7,1,11,4,0,0,2,0,0,0
2019,7,129.0,서산,174.5,-98.9,56.3,26,13,11,4,2,,2.3,7.2,SSW,28,2,8,3,0,0,4,0,0,0
2019,7,130.0,울진,135.9,-50.9,49.0,20,14,7,4,2,,2.3,15.7,E,20,2,16,2,,1,,,,
2019,7,131.0,청주,204.8,-77.9,97.7,25,10,9,7,1,,1.5,5.2,E,7,2,15,4,0,0,4,0,0,0
2019,7,133.0,대전,199.0,-134.9,46.5,25,12,11,8,1,,1.6,7.0,ENE,6,2,15,3,3,0,4,0,0,0
2019,7,135.0,추풍령,185.4,-99.2,51.7,21,14,12,5,3,,2.1,10.9,ENE,20,2,16,3,0,0,2,0,0,0
2019,7,136.0,안동,106.7,-137.6,28.9,21,10,10,4,0,,1.6,5.7,SE,6,1,15,3,2,0,1,0,0,0
2019,7,137.0,상주,221.2,,45.6,21,13,11,8,3,,1.0,4.0,W,11,2,15,5,,0,,,,
2019,7,138.0,포항,94.9,-108.3,58.4,20,9,4,2,1,,2.7,8.5,ESE,20,2,18,4,0,0,0,0,0,0
2019,7,140.0,군산,198.1,-43.1,47.6,27,13,8,6,3,,2.1,8.5,SW,31,1,13,2,0,0,3,0,0,0
2019,7,143.0,대구,139.4,-84.6,64.5,20,12,10,4,1,,1.9,7.3,ESE,6,1,20,4,0,0,1,0,0,0
2019,7,146.0,전주,176.2,-123.4,44.0,21,13,11,7,2,,1.5,5.2,E,6,1,16,3,0,0,2,0,0,0
2019,7,152.0,울산,206.5,-25.8,128.2,20,11,8,4,1,,2.1,7.7,ESE,20,2,17,4,0,0,0,0,0,0
2019,7,155.0,창원,265.7,-28.1,129.3,20,14,11,6,3,,1.7,9.7,ESE,20,1,16,6,1,0,0,0,0,0
2019,7,156.0,광주,242.2,-66.7,61.6,27,13,12,9,3,,1.8,7.6,SSW,20,1,17,6,0,0,2,0,0,0
2019,7,159.0,부산,358.9,42.0,172.2,20,10,9,5,5,,3.7,10.7,SW,21,2,16,5,5,0,0,0,0,0
2019,7,162.0,통영,329.3,15.8,112.4,20,14,10,5,4,,2.5,12.4,SSE,20,1,15,7,,0,,,,
2019,7,165.0,목포,167.0,-69.7,64.3,20,15,9,5,1,,3.1,9.2,SE,20,1,16,4,2,0,2,0,0,0
2019,7,168.0,여수,303.5,12.0,119.4,19,11,7,6,2,,3.5,13.7,SSW,20,2,14,6,5,0,0,0,0,0
2019,7,169.0,흑산도,148.1,-77.9,47.7,26,10,10,6,1,,3.9,16.1,NNE,20,1,22,10,23,1,3,0,0,0
2019,7,170.0,완도,317.6,31.9,135.7,20,13,10,6,3,,2.4,15.0,E,20,2,16,5,0,2,1,0,0,0
2019,7,172.0,고창,142.9,,48.6,20,15,10,6,2,,2.6,12.4,E,20,1,16,6,,0,,,,
2019,7,174.0,순천,342.4,,180.8,20,14,8,6,2,,1.4,9.4,ESE,20,1,16,6,0,0,2,0,0,0
2019,7,177.0,홍성,228.6,,132.8,25,14,11,3,2,,1.8,7.1,SW,25,1,17,1,4,0,3,0,0,0
2019,7,184.0,제주,510.1,270.2,187.7,19,13,12,7,4,,2.6,9.6,SW,20,1,14,7,1,0,2,0,0,0
2019,7,185.0,고산,191.3,13.3,62.6,19,14,12,4,3,,2.5,5.0,ENE,10,1,14,5,,0,,,,
2019,7,188.0,성산,516.5,233.3,262.7,19,13,10,6,5,,3.5,12.5,SE,19,1,13,8,0,0,2,0,0,0
2019,7,189.0,서귀포,452.1,142.3,152.9,19,16,13,5,5,,1.9,10.3,S,20,0,21,9,8,0,3,0,0,0
2019,7,192.0,진주,234.0,-66.0,113.1,20,13,8,5,2,,1.1,4.7,WSW,11,1,18,5,,0,,,,
2019,7,201.0,강화,307.9,-50.3,108.5,26,15,9,5,4,,2.4,7.0,SW,28,2,10,6,0,0,6,0,0,0
2019,7,202.0,양평,215.1,-183.9,52.5,26,16,14,7,2,,1.5,5.5,SE,7,0,12,4,0,0,4,0,0,0
2019,7,203.0,이천,259.9,-110.3,63.8,26,18,12,8,4,,1.4,5.6,S,5,0,12,2,0,0,3,0,0,0
2019,7,211.0,인제,138.4,-168.8,59.0,26,14,10,5,1,,1.9,6.2,N,7,1,15,5,0,0,1,0,0,0
2019,7,212.0,홍천,198.6,-198.4,70.0,26,15,12,6,1,,1.2,5.3,ENE,7,2,14,3,0,0,5,0,0,0
2019,7,216.0,태백,215.1,-72.2,85.2,20,13,13,6,1,,1.6,6.4,SW,30,1,18,3,0,0,1,0,0,0
2019,7,217.0,정선군,128.5,,28.5,21,18,13,6,0,,1.6,7.8,NNE,30,1,16,6,0,0,3,0,0,0
2019,7,221.0,제천,158.6,-214.9,39.5,21,19,11,7,1,,1.5,6.4,NE,6,2,13,5,0,0,3,0,0,0
2019,7,226.0,보은,226.1,-86.9,64.5,25,14,13,6,2,,1.4,5.7,ENE,6,1,16,4,0,0,3,0,0,0
2019,7,232.0,천안,234.7,-30.0,132.6,25,11,9,5,1,,1.6,6.9,ESE,20,2,12,4,0,0,3,0,0,0
2019,7,235.0,보령,149.0,-119.7,28.6,28,11,10,7,0,,2.0,7.8,SSW,30,1,12,4,0,0,5,0,0,0
2019,7,236.0,부여,216.7,-102.9,79.5,27,13,10,8,2,,1.5,6.3,SW,31,1,13,5,0,0,3,0,0,0
2019,7,238.0,금산,141.1,-167.3,46.5,21,14,10,4,1,,1.2,4.6,E,7,1,13,5,0,0,2,0,0,0
2019,7,243.0,부안,225.5,-50.5,56.5,27,16,12,7,2,,1.9,5.7,S,26,1,13,2,0,0,3,0,0,0
2019,7,244.0,임실,259.1,-56.8,57.0,20,15,10,7,5,,1.4,5.8,SE,20,1,15,9,0,0,3,0,0,0
2019,7,245.0,정읍,258.8,-20.9,131.1,27,17,10,6,2,,1.7,7.0,SSW,25,1,13,6,0,0,2,0,0,0
2019,7,247.0,남원,345.6,46.7,144.1,15,17,12,8,3,,1.8,7.0,NNE,7,1,16,9,0,0,2,0,0,0
2019,7,248.0,장수,299.0,-34.6,72.0,21,18,12,7,5,,1.6,7.1,SE,20,1,16,7,0,0,3,0,0,0
2019,7,251.0,고창군,173.6,,64.4,20,17,14,7,1,,1.6,5.3,E,20,1,13,4,0,0,1,0,0,0
2019,7,252.0,영광군,147.7,,44.4,20,16,13,6,1,,1.7,6.4,SE,20,1,14,5,0,0,2,0,0,0
2019,7,253.0,김해시,371.4,,171.5,20,14,9,6,4,,2.0,12.8,ESE,20,1,15,8,0,0,1,0,0,0
2019,7,254.0,순창군,334.5,,110.0,27,16,14,6,4,,1.2,5.9,W,29,1,16,4,0,0,3,0,0,0
2019,7,255.0,북창원,298.6,,163.5,20,14,10,5,2,,1.3,6.7,SE,20,1,16,5,,0,,,,
2019,7,257.0,양산시,396.8,,214.5,20,12,9,6,5,,2.5,8.2,SSE,20,1,18,4,0,0,2,0,0,0
2019,7,258.0,보성군,251.0,,101.0,20,11,9,5,3,,2.4,13.1,ESE,20,1,16,7,0,0,1,0,0,0
2019,7,259.0,강진군,247.4,,116.5,20,15,10,6,3,,2.1,13.1,E,20,1,15,4,0,0,1,0,0,0
2019,7,260.0,장흥,268.5,-22.4,141.1,20,14,9,5,3,,1.8,13.0,E,20,1,15,6,0,0,1,0,0,0
2019,7,261.0,해남,181.9,-64.9,124.2,20,10,9,3,1,,2.2,14.1,E,20,1,13,5,0,1,2,0,0,0
2019,7,262.0,고흥,356.9,90.2,168.2,20,9,8,5,3,,1.3,8.0,SSE,20,2,16,4,0,0,1,0,0,0
2019,7,263.0,의령군,179.0,,77.5,20,14,10,7,1,,1.3,5.2,S,21,1,17,5,0,0,1,0,0,0
2019,7,264.0,함양군,334.3,,123.5,20,16,11,7,4,,0.8,5.5,SW,21,1,20,5,0,0,2,0,0,0
2019,7,266.0,광양시,276.0,,113.0,20,15,9,5,2,,1.7,8.6,E,20,1,17,7,,0,,,,
2019,7,268.0,진도군,244.5,,110.0,20,16,13,5,2,,2.2,7.4,E,20,1,13,9,0,0,2,0,0,0
2019,7,271.0,봉화,197.1,-99.4,48.5,21,15,13,7,1,,1.3,5.3,NNW,14,1,16,3,,0,,,,
2019,7,272.0,영주,208.9,-94.7,68.0,21,14,11,6,2,,1.4,7.0,NW,2,2,13,3,,0,,,,
2019,7,273.0,문경,234.8,-73.9,66.0,25,14,10,8,3,,1.5,6.2,ESE,20,2,15,5,0,0,3,0,0,0
2019,7,276.0,청송군,100.2,,39.5,20,10,6,4,1,,1.1,5.6,E,20,2,17,5,,0,,,,
2019,7,277.0,영덕,130.7,-59.0,62.0,20,12,8,4,1,,2.4,9.2,NE,9,3,16,2,,0,,,,
2019,7,278.0,의성,103.3,-127.9,33.5,21,13,9,4,1,,1.2,4.9,E,8,2,15,3,0,0,1,0,0,0
2019,7,279.0,구미,174.1,-63.8,55.0,20,11,8,5,2,,0.9,3.6,W,11,1,16,4,0,0,2,0,0,0
2019,7,281.0,영천,105.7,-118.7,60.5,20,10,9,3,1,,1.8,6.1,SE,20,1,18,4,,0,,,,
2019,7,283.0,경주시,159.2,,111.5,20,8,6,3,1,,2.1,8.6,SSE,20,0,18,5,,0,,,,
2019,7,284.0,거창,226.7,-74.7,104.3,20,14,11,6,2,,1.2,5.9,SE,20,1,18,4,0,0,2,0,0,0
2019,7,285.0,합천,252.4,-35.0,92.0,15,14,10,4,2,,1.3,5.0,NE,7,1,17,3,0,0,1,0,0,0
2019,7,288.0,밀양,201.4,-68.1,112.2,20,9,7,5,2,,1.2,5.5,SE,20,1,19,5,,0,,,,
2019,7,289.0,산청,427.2,102.4,220.5,20,16,12,7,5,,1.3,6.1,NE,19,1,20,4,0,0,2,0,0,0
2019,7,294.0,거제,512.2,85.8,199.0,20,16,10,6,5,,2.1,8.8,SE,20,2,15,7,,0,,,,
2019,7,295.0,남해,438.9,79.6,185.0,20,13,8,6,4,,1.3,6.1,ESE,20,2,15,4,,0,,,,
2019,8,90.0,속초,293.5,0.5,203.7,15,9,5,3,2,,1.7,7.2,N,15,3,5,2,,0,,,,
2019,8,93.0,북춘천,186.6,,68.6,12,11,8,3,3,,1.1,7.0,NNW,7,0,6,2,0,0,3,0,0,0
2019,8,95.0,철원,156.9,-181.3,47.5,12,10,7,5,2,,1.1,6.3,NNW,3,0,7,2,0,0,2,0,0,0
2019,8,98.0,동두천,135.2,-273.1,46.9,12,10,7,5,1,,1.1,6.3,WSW,16,1,6,1,0,0,4,0,0,0
2019,8,99.0,파주,161.9,,62.7,1,11,8,3,2,,1.1,4.8,SSE,11,4,7,1,0,0,5,0,0,0
2019,8,100.0,대관령,205.8,-215.1,102.3,7,14,9,2,2,,2.4,9.1,NE,7,0,9,3,0,0,3,0,0,0
2019,8,101.0,춘천,192.3,-125.2,68.8,12,11,7,3,3,,1.4,5.0,NE,11,0,0,2,0,0,1,0,0,0
2019,8,102.0,백령도,52.4,-127.6,31.1,11,9,4,2,1,,2.7,12.3,SE,12,6,7,1,9,0,1,0,0,0
2019,8,104.0,북강릉,260.4,,160.7,15,8,5,2,2,,1.3,5.5,ESE,7,3,8,2,0,0,2,0,0,0
2019,8,105.0,강릉,264.5,-34.4,161.5,15,11,6,4,2,,2.0,6.4,SW,8,1,6,2,0,0,1,0,0,0
2019,8,106.0,동해,149.9,-90.4,74.7,15,10,6,2,2,,1.6,8.8,NE,7,2,8,1,0,0,1,0,0,0
2019,8,108.0,서울,190.5,-173.7,56.2,12,13,11,5,2,,1.6,7.5,SSW,29,1,6,0,0,0,4,0,0,0
2019,8,112.0,인천,143.7,-142.1,52.7,12,9,8,4,2,,2.7,9.8,SE,11,2,7,0,1,0,3,0,0,0
2019,8,114.0,원주,142.4,-147.7,51.9,7,11,10,4,1,,1.1,5.5,S,8,0,5,1,0,0,2,0,0,0
2019,8,115.0,울릉도,41.0,-126.9,17.5,15,7,4,2,0,,3.3,11.1,ENE,15,5,8,1,6,0,0,0,0,0
2019,8,119.0,수원,117.9,-181.9,46.7,12,10,9,3,1,,1.8,7.2,ESE,11,1,4,0,0,0,2,0,0,0
2019,8,121.0,영월,118.4,-173.3,47.5,7,11,10,3,1,,1.0,6.3,E,11,0,9,0,0,0,3,0,0,0
2019,8,127.0,충주,102.6,-166.0,54.3,7,13,9,2,1,,1.3,5.8,WSW,17,1,7,0,,0,,,,
2019,8,129.0,서산,121.1,-174.8,66.5,12,11,10,3,1,,1.6,6.9,SSW,17,0,4,1,0,0,4,0,0,0
2019,8,130.0,울진,140.5,-68.3,62.5,6,10,7,4,2,,2.0,10.1,E,7,2,8,2,0,0,1,0,0,0
2019,8,131.0,청주,80.5,-204.6,23.3,22,10,7,4,0,,1.4,6.1,SE,11,1,6,1,1,0,2,0,0,0
2019,8,133.0,대전,104.3,-225.2,34.6,27,13,11,5,1,,1.3,8.2,ENE,11,0,8,1,0,0,2,0,0,0
2019,8,135.0,추풍령,218.1,-26.4,71.7,8,11,8,5,3,,2.0,7.4,ESE,11,1,8,0,0,0,1,0,0,0
2019,8,136.0,안동,126.1,-91.7,43.1,22,10,10,5,2,,1.5,6.3,SE,11,2,7,1,5,0,2,0,0,0
2019,8,137.0,상주,106.7,,42.1,22,11,10,3,1,,1.0,4.4,SSW,8,0,9,0,0,0,1,0,0,0
2019,8,138.0,포항,231.7,4.3,62.0,22,11,10,6,3,,2.2,8.6,NE,6,5,11,3,0,0,3,0,0,0
2019,8,140.0,군산,104.5,-158.6,36.6,12,10,6,2,2,,1.9,8.4,SW,17,1,8,1,0,0,2,0,0,0
2019,8,143.0,대구,141.9,-94.0,72.0,22,12,7,5,1,,1.9,7.2,ESE,11,2,9,3,0,0,3,0,0,0
2019,8,146.0,전주,117.7,-159.8,30.8,22,14,10,5,1,,1.5,6.0,W,17,0,10,2,0,0,4,0,0,0
2019,8,152.0,울산,195.7,-44.6,92.3,6,10,7,3,2,,1.8,5.8,ENE,6,4,9,2,0,0,0,0,0,0
2019,8,155.0,창원,87.9,-211.1,40.4,22,9,6,4,1,,1.4,5.6,SE,11,4,10,2,0,0,1,0,0,0
2019,8,156.0,광주,64.8,-233.0,24.2,22,8,7,3,0,,1.5,6.0,S,12,1,9,2,0,0,2,0,0,0
2019,8,159.0,부산,156.3,-98.8,72.5,6,9,8,3,2,,3.1,11.5,WSW,22,4,9,2,1,0,1,0,0,0
2019,8,162.0,통영,79.2,-146.6,23.2,21,10,8,4,0,,2.1,11.2,SSW,22,3,8,2,,0,,,,
2019,8,165.0,목포,144.9,-47.7,70.5,11,11,8,3,1,,2.8,9.3,SE,11,1,7,1,1,0,2,0,0,0
2019,8,168.0,여수,66.5,-196.4,22.4,27,11,8,3,0,,3.2,12.0,NW,22,7,9,1,0,0,1,0,0,0
2019,8,169.0,흑산도,67.0,-130.1,28.8,11,9,7,2,0,,3.5,19.7,SSE,11,1,9,1,12,2,1,0,0,0
2019,8,170.0,완도,109.7,-133.9,52.7,27,9,7,2,2,,2.3,13.4,ESE,11,2,9,6,0,0,5,0,0,0
2019,8,172.0,고창,238.8,,81.9,22,13,9,6,4,,2.1,10.1,SE,11,1,7,1,0,0,2,0,0,0
2019,8,174.0,순천,99.0,,44.4,22,8,7,2,1,,1.4,7.1,SE,11,2,9,3,0,0,2,0,0,0
2019,8,177.0,홍성,150.7,,53.4,15,12,8,6,2,,1.3,7.0,E,11,0,6,2,2,0,3,0,0,0
2019,8,184.0,제주,242.3,-20.2,87.2,27,12,9,5,3,,2.8,10.1,SE,11,4,11,4,0,0,2,0,0,0
2019,8,185.0,고산,321.5,119.7,106.8,27,14,9,6,3,,4.9,15.3,NE,15,3,10,1,0,3,2,0,0,0
2019,8,188.0,성산,377.4,16.8,135.7,27,11,9,6,4,,2.7,10.9,S,11,3,10,1,0,0,5,0,0,0
2019,8,189.0,서귀포,317.3,25.7,93.7,28,11,9,7,3,,1.7,6.4,S,11,2,12,4,0,0,4,0,0,0
2019,8,192.0,진주,65.4,-251.5,29.8,22,12,5,3,0,,1.0,5.3,WSW,16,2,8,2,0,0,1,0,0,0
2019,8,201.0,강화,122.4,-204.2,70.0,12,10,5,2,2,,1.7,5.8,WSW,16,3,5,1,,0,,,,
2019,8,202.0,양평,225.6,-147.5,94.0,12,13,9,5,4,,1.4,6.1,NW,29,0,4,1,0,0,4,0,0,0
2019,8,203.0,이천,94.5,-225.4,24.8,1,9,7,4,0,,1.2,6.0,SSW,17,1,4,1,0,0,4,0,0,0
2019,8,211.0,인제,147.1,-146.9,77.5,7,10,8,4,1,,1.5,6.0,SSE,17,0,7,2,0,0,2,0,0,0
2019,8,212.0,홍천,215.1,-101.2,63.5,1,14,9,5,3,,1.2,5.5,SW,8,0,6,0,0,0,5,0,0,0
2019,8,216.0,태백,197.5,-82.1,94.7,15,10,6,3,2,,1.4,6.2,WSW,7,0,11,2,0,0,2,0,0,0
2019,8,217.0,정선군,90.2,,55.5,7,14,8,2,1,,1.4,8.7,NE,30,0,10,3,0,0,3,0,0,0
2019,8,221.0,제천,99.1,-194.6,52.5,7,13,10,3,1,,1.4,6.2,WSW,16,0,6,1,0,0,3,0,0,0
2019,8,226.0,보은,132.7,-157.6,38.0,27,13,10,4,2,,1.3,5.6,S,8,1,8,0,0,0,3,0,0,0
2019,8,232.0,천안,90.7,-207.6,25.2,15,13,8,4,0,,1.2,7.9,SE,11,0,6,1,0,0,1,0,0,0
2019,8,235.0,보령,131.3,-165.8,49.1,12,9,6,4,2,,1.2,8.2,SSW,17,0,3,0,0,0,2,0,0,0
2019,8,236.0,부여,102.1,-180.9,31.5,27,12,10,4,1,,1.2,6.8,SE,11,0,5,1,0,0,1,0,0,0
2019,8,238.0,금산,105.8,-161.0,57.0,22,15,10,4,1,,1.2,5.4,E,11,0,6,2,0,0,1,0,0,0
2019,8,243.0,부안,127.4,-122.8,48.5,22,16,8,3,2,,1.6,7.6,ESE,11,1,8,1,0,0,2,0,0,0
2019,8,244.0,임실,141.6,-170.2,33.0,21,16,9,5,1,,1.3,6.4,S,3,0,10,2,0,0,5,0,0,0
2019,8,245.0,정읍,200.1,-70.2,52.9,21,13,9,6,3,,1.1,8.3,SSE,11,0,7,2,0,0,4,0,0,0
2019,8,247.0,남원,130.2,-215.9,53.2,22,14,9,3,1,,1.4,5.8,E,11,0,10,3,0,0,3,0,0,0
2019,8,248.0,장수,88.4,-247.1,30.5,22,12,8,4,1,,1.3,6.2,SSE,11,0,10,3,0,0,3,0,0,0
2019,8,251.0,고창군,236.1,,85.5,22,15,12,5,3,,1.4,8.1,SE,11,0,7,0,0,0,3,0,0,0
2019,8,252.0,영광군,261.2,,85.3,22,11,7,5,4,,1.3,6.9,ESE,11,1,6,3,0,0,2,0,0,0
2019,8,253.0,김해시,101.5,,45.0,6,9,7,2,2,,1.7,6.7,SSE,7,1,9,2,,0,,,,
2019,8,254.0,순창군,114.1,,47.5,22,13,10,3,1,,1.1,6.5,SE,11,0,8,2,0,0,3,0,0,0
2019,8,255.0,북창원,120.0,,40.0,22,9,9,4,2,,1.1,5.1,E,11,2,7,2,0,0,1,0,0,0
2019,8,257.0,양산시,152.3,,67.3,6,9,8,3,2,,2.0,6.0,ENE,14,2,8,3,,0,,,,
2019,8,258.0,보성군,77.5,,37.5,22,12,8,2,1,,2.3,9.6,SE,11,3,9,2,0,0,1,0,0,0
2019,8,259.0,강진군,94.0,,33.5,11,9,8,3,1,,1.9,11.0,ESE,11,2,11,2,0,0,2,0,0,0
2019,8,260.0,장흥,91.8,-214.7,32.4,14,10,7,3,1,,1.5,9.8,SSE,11,1,10,2,0,0,2,0,0,0
2019,8,261.0,해남,205.2,-43.3,70.8,11,12,7,3,3,,1.8,11.6,ESE,11,2,10,1,0,0,4,0,0,0
2019,8,262.0,고흥,89.7,-179.0,29.8,27,8,6,3,0,,1.2,7.5,S,11,3,12,2,0,0,1,0,0,0
2019,8,263.0,의령군,57.7,,25.5,22,11,5,2,0,,1.1,5.4,SSW,22,3,8,4,0,0,1,0,0,0
2019,8,264.0,함양군,87.9,,43.5,22,15,9,2,1,,0.8,4.5,WSW,30,0,11,2,0,0,4,0,0,0
2019,8,266.0,광양시,96.1,,60.0,22,12,7,2,1,,1.5,6.1,ENE,11,3,8,3,0,0,1,0,0,0
2019,8,268.0,진도군,145.8,,62.5,27,10,8,3,2,,1.7,6.9,ESE,11,3,8,0,0,0,3,0,0,0
2019,8,271.0,봉화,117.0,-125.0,40.5,27,12,8,4,2,,1.3,5.6,NNW,9,0,11,1,,0,,,,
2019,8,272.0,영주,93.3,-179.8,28.0,7,13,9,4,0,,1.7,6.9,NW,16,0,10,1,,0,,,,
2019,8,273.0,문경,142.2,-121.5,58.0,27,12,10,3,2,,1.5,6.9,NW,17,1,8,0,0,0,2,0,0,0
2019,8,276.0,청송군,121.0,,37.0,6,10,9,4,2,,1.2,5.9,WNW,8,0,10,2,,0,,,,
2019,8,277.0,영덕,152.6,-64.3,72.0,6,11,6,4,2,,2.3,8.7,NNE,6,4,10,3,0,0,1,0,0,0
2019,8,278.0,의성,131.5,-98.5,51.0,22,10,10,5,1,,1.2,4.8,NE,14,0,9,2,0,0,1,0,0,0
2019,8,279.0,구미,146.9,-90.1,48.8,21,9,8,3,2,,1.0,4.0,WNW,8,0,10,2,0,0,2,0,0,0
2019,8,281.0,영천,174.4,-50.9,85.0,22,10,8,5,1,,1.7,5.7,E,10,2,10,2,0,0,2,0,0,0
2019,8,283.0,경주시,184.9,,56.0,22,12,8,6,2,,1.7,7.1,NNE,6,2,9,4,0,0,2,0,0,0
2019,8,284.0,거창,92.3,-192.5,52.8,22,12,7,3,1,,1.1,5.6,SSE,11,0,10,3,0,0,1,0,0,0
2019,8,285.0,합천,101.8,-192.7,62.5,22,10,6,2,1,,1.1,5.6,NE,14,3,9,3,0,0,3,0,0,0
2019,8,288.0,밀양,89.9,-147.7,46.1,22,10,6,3,1,,1.0,4.3,NNE,14,1,8,2,0,0,1,0,0,0
2019,8,289.0,산청,104.6,-262.3,50.0,22,14,9,3,1,,1.2,5.8,W,16,3,11,2,0,0,3,0,0,0
2019,8,294.0,거제,130.9,-204.7,37.0,21,9,9,4,3,,1.7,5.4,SW,17,3,8,2,,0,,,,
2019,8,295.0,남해,77.1,-235.1,25.5,22,11,9,3,0,,1.3,4.4,W,15,2,9,2,0,0,1,0,0,0
2019,9,90.0,속초,209.9,-23.0,58.8,22,9,6,5,3,,1.5,9.9,SSE,7,,,5,,0,,,,
2019,9,93.0,북춘천,147.9,,54.4,5,11,7,4,2,,1.1,12.5,SSW,7,1,18,4,3,0,1,0,0,0
2019,9,95.0,철원,199.1,50.6,86.3,10,9,5,3,3,,1.3,9.4,SSE,7,3,15,3,0,0,2,0,0,0
2019,9,98.0,동두천,247.5,74.7,129.6,10,11,9,3,3,,1.1,13.9,SSE,7,3,16,3,0,1,1,0,0,0
2019,9,99.0,파주,283.2,,171.9,10,9,8,3,3,,1.3,14.8,SW,7,3,16,5,0,1,2,0,0,0
2019,9,100.0,대관령,251.5,-55.8,118.0,22,12,11,5,2,,1.8,12.2,WSW,7,3,18,4,0,0,2,0,0,0
2019,9,101.0,춘천,142.6,-18.3,50.1,5,10,6,4,2,,1.3,9.3,SSW,7,0,0,3,0,0,1,0,0,0
2019,9,102.0,백령도,144.4,30.5,81.8,7,7,5,3,2,,3.0,18.4,N,7,4,12,3,3,1,0,0,0,0
2019,9,104.0,북강릉,219.6,,66.7,22,12,11,6,2,,1.2,7.6,SE,7,3,17,6,0,0,1,0,0,0
2019,9,105.0,강릉,233.3,-10.5,78.5,22,13,11,7,2,,1.8,9.2,S,7,3,17,0,0,0,1,0,0,0
2019,9,106.0,동해,255.6,14.5,84.3,22,11,9,6,4,,1.7,11.8,NE,23,3,17,6,0,0,1,0,0,0
2019,9,108.0,서울,139.8,-29.5,63.2,10,10,7,3,2,,2.2,11.8,ESE,7,4,16,4,0,0,3,0,0,0
2019,9,112.0,인천,229.0,75.5,88.8,10,9,8,4,3,,2.8,18.7,S,7,5,17,2,3,1,4,0,0,0
2019,9,114.0,원주,171.1,-2.3,54.8,11,12,7,6,2,,0.9,7.3,SSW,7,2,17,6,0,0,1,0,0,0
2019,9,115.0,울릉도,256.2,85.5,94.9,22,7,7,6,4,,3.7,25.8,NNE,23,1,17,5,5,2,0,0,0,0
2019,9,119.0,수원,201.9,48.0,80.6,5,11,8,4,2,,1.8,13.6,SSE,7,4,16,4,1,0,2,0,0,0
2019,9,121.0,영월,127.5,-22.8,36.1,22,10,9,4,3,,0.9,9.6,ESE,7,2,20,5,0,0,2,0,0,0
2019,9,127.0,충주,165.9,17.0,60.6,5,12,8,4,2,,1.2,10.2,ENE,22,2,15,6,0,0,1,0,0,0
2019,9,129.0,서산,181.1,18.7,71.0,5,10,8,6,2,,1.7,12.1,SSE,7,4,16,4,0,0,1,0,0,0
2019,9,130.0,울진,184.5,-1.1,89.5,22,11,9,4,3,,2.2,10.4,NW,23,3,16,4,0,0,1,0,0,0
2019,9,131.0,청주,155.1,8.0,52.0,22,9,7,3,3,,1.3,8.7,S,7,5,16,5,0,0,1,0,0,0
2019,9,133.0,대전,167.0,-2.7,68.0,22,13,9,5,2,,1.3,10.9,E,7,6,13,5,0,0,1,0,0,0
2019,9,135.0,추풍령,191.8,52.7,76.2,22,13,10,5,2,,2.0,11.6,ENE,7,4,14,6,0,0,2,0,0,0
2019,9,136.0,안동,156.4,24.5,63.1,22,10,7,4,2,,1.2,7.6,SSE,7,3,16,3,7,0,1,0,0,0
2019,9,137.0,상주,159.5,,81.7,22,10,10,2,2,,0.8,6.1,SE,7,3,17,7,0,0,1,0,0,0
2019,9,138.0,포항,273.6,96.5,162.9,22,12,7,4,2,,2.4,14.1,NE,22,1,17,7,0,1,1,0,0,0
2019,9,140.0,군산,185.2,57.9,68.7,22,12,9,5,2,,1.7,14.6,S,7,3,14,5,0,1,1,0,0,0
2019,9,143.0,대구,185.5,42.0,72.5,22,12,9,3,2,,1.7,7.8,SE,7,1,16,6,1,0,2,0,0,0
2019,9,146.0,전주,194.8,57.2,70.0,22,12,9,5,2,,1.4,9.3,SSE,7,3,14,5,0,0,0,0,0,0
2019,9,152.0,울산,287.5,119.3,173.1,22,15,12,5,2,,1.9,8.5,NNE,22,2,16,4,0,0,3,0,0,0
2019,9,155.0,창원,252.0,84.7,94.2,22,11,9,5,3,,1.6,10.6,S,7,2,14,5,1,0,0,0,0,0
2019,9,156.0,광주,165.8,15.3,52.2,22,12,9,5,2,,1.6,12.5,NE,22,4,14,5,0,0,0,0,0,0
2019,9,159.0,부산,279.0,121.0,81.6,22,14,13,7,4,,2.8,12.2,NNE,22,4,16,3,2,0,0,0,0,0
2019,9,162.0,통영,237.1,100.4,112.2,22,14,11,4,3,,2.3,17.6,SSE,7,2,16,4,,2,,,,
2019,9,165.0,목포,259.3,111.8,94.3,22,11,11,5,4,,2.9,15.8,SSW,7,4,13,4,0,1,1,0,0,0
2019,9,168.0,여수,280.1,123.0,81.9,21,16,12,6,4,,4.0,28.0,N,22,5,16,6,0,3,0,0,0,0
2019,9,169.0,흑산도,201.7,84.2,57.5,21,11,11,7,2,,4.7,42.1,SSE,7,5,15,4,10,3,2,0,0,0
2019,9,170.0,완도,278.0,95.9,79.1,21,16,14,7,3,,2.1,22.3,SE,7,1,13,3,0,1,1,0,0,0
2019,9,172.0,고창,247.5,,77.1,22,11,10,5,3,,2.4,16.1,SE,7,2,14,5,0,2,1,0,0,0
2019,9,174.0,순천,304.5,,87.7,22,16,10,6,4,,1.2,11.7,SE,7,0,15,5,,0,,,,
2019,9,177.0,홍성,141.6,,35.5,22,9,8,4,2,,1.2,11.3,SSE,7,3,17,5,8,0,1,0,0,0
2019,9,184.0,제주,610.6,389.0,156.0,21,17,15,12,6,,2.9,17.4,NE,22,1,15,6,1,1,3,0,0,0
2019,9,185.0,고산,400.1,283.9,67.9,4,15,12,10,8,,5.3,26.9,SW,7,1,11,3,0,5,5,0,0,0
2019,9,188.0,성산,613.3,384.9,152.0,22,16,16,10,7,,3.6,17.7,S,7,1,14,5,0,3,4,0,0,0
2019,9,189.0,서귀포,394.9,198.3,78.9,22,17,14,11,4,,2.3,12.4,S,7,6,16,3,0,0,4,0,0,0
2019,9,192.0,진주,352.2,167.7,99.2,22,17,12,6,3,,0.9,6.7,E,7,1,15,7,0,0,3,0,0,0
2019,9,201.0,강화,359.4,194.0,216.5,10,10,7,6,4,,1.9,11.9,SW,7,4,15,5,0,0,2,0,0,0
2019,9,202.0,양평,224.5,62.5,95.0,5,10,9,5,2,,1.3,10.1,S,7,1,15,5,0,0,2,0,0,0
2019,9,203.0,이천,241.1,65.1,57.6,10,11,9,6,4,,1.0,9.8,SSW,7,2,16,6,0,0,3,0,0,0
2019,9,211.0,인제,175.7,19.3,64.0,10,10,8,4,2,,1.5,8.5,S,7,1,18,3,0,0,1,0,0,0
2019,9,212.0,홍천,136.7,-42.2,37.0,10,11,8,5,1,,1.1,9.2,SW,7,1,18,1,0,0,1,0,0,0
2019,9,216.0,태백,256.9,53.0,105.6,22,12,10,5,2,,1.4,11.2,SW,7,3,19,7,0,0,1,0,0,0
2019,9,217.0,정선군,190.6,,52.5,22,14,9,5,4,,1.2,11.1,NNE,7,0,18,5,0,0,2,0,0,0
2019,9,221.0,제천,164.5,3.4,39.0,11,14,9,4,3,,1.3,7.0,SE,7,2,17,7,0,0,1,0,0,0
2019,9,226.0,보은,186.2,43.1,82.0,22,14,11,4,2,,1.2,11.0,ENE,7,2,16,6,0,0,1,0,0,0
2019,9,232.0,천안,102.8,-55.6,40.5,22,13,8,2,2,,1.3,10.7,SE,7,3,17,5,0,0,2,0,0,0
2019,9,235.0,보령,118.7,-19.7,38.3,22,11,9,4,2,,1.6,16.7,S,7,3,16,3,0,1,2,0,0,0
2019,9,236.0,부여,191.9,39.6,64.0,22,13,12,6,2,,1.3,11.0,SE,7,2,16,6,0,0,2,0,0,0
2019,9,238.0,금산,236.4,96.6,75.5,22,12,10,6,3,,1.1,9.1,S,7,2,15,7,0,0,1,0,0,0
2019,9,243.0,부안,243.0,96.1,85.0,22,12,12,5,3,,1.6,12.5,SSE,7,3,16,5,0,0,2,0,0,0
2019,9,244.0,임실,151.8,13.3,57.5,22,12,9,4,2,,1.2,8.2,SW,7,2,15,6,0,0,1,0,0,0
2019,9,245.0,정읍,300.9,149.9,108.9,22,12,12,6,3,,1.2,13.8,SSE,7,5,14,4,0,0,1,0,0,0
2019,9,247.0,남원,170.0,33.0,62.6,21,15,9,5,2,,1.8,10.4,ESE,7,1,16,6,0,0,1,0,0,0
2019,9,248.0,장수,239.1,94.3,59.0,21,13,11,5,4,,1.4,8.0,SSE,7,1,16,7,0,0,2,0,0,0
2019,9,251.0,고창군,234.7,,96.1,22,12,10,6,2,,1.5,11.4,SSE,7,2,14,6,0,0,1,0,0,0
2019,9,252.0,영광군,242.6,,93.7,22,13,11,6,2,,1.4,12.7,WSW,7,5,14,6,0,0,3,0,0,0
2019,9,253.0,김해시,200.8,,108.0,22,14,12,4,2,,1.8,12.7,SSE,7,2,16,5,0,0,1,0,0,0
2019,9,254.0,순창군,174.2,,62.0,21,14,11,4,2,,1.2,10.7,SE,7,2,14,4,,0,,,,
2019,9,255.0,북창원,333.5,,170.5,22,11,10,5,3,,1.4,8.4,N,22,2,16,7,0,0,2,0,0,0
2019,9,257.0,양산시,191.8,,88.5,22,15,12,5,2,,2.4,10.2,E,22,2,15,5,0,0,1,0,0,0
2019,9,258.0,보성군,266.2,,71.5,21,17,16,7,3,,2.4,16.2,SE,7,2,14,5,0,1,2,0,0,0
2019,9,259.0,강진군,285.6,,62.5,21,15,11,7,4,,1.9,17.3,ESE,7,2,13,5,0,1,1,0,0,0
2019,9,260.0,장흥,252.2,60.5,65.1,22,15,14,7,2,,1.6,14.9,SE,7,2,15,4,0,1,1,0,0,0
2019,9,261.0,해남,258.9,94.6,59.2,21,14,12,5,4,,1.9,15.7,SE,7,3,12,4,0,1,1,0,0,0
2019,9,262.0,고흥,292.2,117.1,67.4,21,16,12,8,4,,1.2,10.7,S,7,3,15,4,0,0,3,0,0,0
2019,9,263.0,의령군,266.5,,82.5,22,16,13,5,3,,1.0,6.9,NNW,23,1,14,7,0,0,3,0,0,0
2019,9,264.0,함양군,348.9,,102.5,22,16,11,6,3,,0.6,7.1,ESE,7,1,17,7,0,0,3,0,0,0
2019,9,266.0,광양시,355.7,,95.5,3,18,14,6,4,,2.0,13.2,NNE,22,1,15,6,0,0,2,0,0,0
2019,9,268.0,진도군,294.1,,92.5,22,12,11,6,4,,2.0,14.0,NNE,22,4,12,4,,1,,,,
2019,9,271.0,봉화,180.2,31.5,50.0,22,11,9,5,2,,1.3,9.0,NE,22,2,17,5,,0,,,,
2019,9,272.0,영주,168.8,15.6,60.0,22,12,10,6,2,,1.4,6.7,SSE,7,3,17,7,,0,,,,
2019,9,273.0,문경,192.9,51.5,80.5,22,13,10,4,2,,1.3,7.7,ESE,7,3,16,8,0,0,1,0,0,0
2019,9,276.0,청송군,168.0,,63.5,22,11,10,5,2,,0.9,7.2,ESE,7,0,19,6,,0,,,,
2019,9,277.0,영덕,175.0,19.1,90.5,22,11,7,4,2,,2.4,17.4,NNE,22,2,15,5,0,2,1,0,0,0
2019,9,278.0,의성,155.1,23.4,65.0,22,12,8,4,2,,1.0,6.2,NE,22,0,14,6,0,0,1,0,0,0
2019,9,279.0,구미,219.4,73.1,96.4,22,9,8,4,3,,0.8,4.5,ESE,7,0,15,6,0,0,2,0,0,0
2019,9,281.0,영천,157.0,22.0,56.0,21,12,9,3,3,,1.5,7.8,E,22,1,17,6,0,0,1,0,0,0
2019,9,283.0,경주시,253.0,,113.0,22,12,8,5,3,,1.8,11.8,NNE,22,1,16,7,,0,,,,
2019,9,284.0,거창,301.3,135.3,91.1,22,13,11,4,3,,1.1,10.7,S,7,1,16,6,0,0,3,0,0,0
2019,9,285.0,합천,297.2,139.2,85.0,22,16,11,6,5,,1.0,6.5,NE,22,2,17,5,0,0,2,0,0,0
2019,9,288.0,밀양,241.7,105.6,68.4,22,12,9,6,3,,1.0,8.3,SSE,7,1,14,5,0,0,3,0,0,0
2019,9,289.0,산청,377.7,155.4,112.5,22,16,11,8,3,,1.0,8.0,E,7,2,16,5,0,0,1,0,0,0
2019,9,294.0,거제,439.3,238.6,262.5,22,14,11,7,3,,1.6,9.6,ESE,7,2,13,6,,0,,,,
2019,9,295.0,남해,405.0,191.6,141.5,22,17,11,7,4,,1.2,6.7,ESE,7,2,15,9,,0,,,,
2019,10,90.0,속초,185.5,96.8,78.8,3,7,5,5,2,,1.9,10.2,N,3,,,4,,0,,,,
2019,10,93.0,북춘천,48.4,,17.8,2,6,5,2,0,,1.0,6.2,NNW,3,2,6,3,3,0,0,0,3,1
2019,10,95.0,철원,30.8,-13.9,16.0,7,5,4,1,0,,1.2,6.1,N,3,5,6,1,,0,,,,
2019,10,98.0,동두천,38.2,-12.9,20.6,7,5,4,2,0,,1.1,5.9,WNW,8,6,4,2,,0,,,,
2019,10,99.0,파주,30.4,,18.1,7,5,4,1,0,,1.2,6.1,E,12,8,5,2,0,0,1,0,0,0
2019,10,100.0,대관령,176.9,52.0,107.1,3,11,6,2,2,,2.2,9.7,WSW,31,5,14,3,,0,,,,
2019,10,101.0,춘천,50.3,6.0,20.7,2,6,5,2,0,,1.2,5.8,NNW,3,0,0,2,,0,,,,
2019,10,102.0,백령도,9.6,-19.6,5.0,28,4,3,0,0,,3.8,15.3,NNW,5,11,6,3,4,1,1,0,0,0
2019,10,104.0,북강릉,432.1,,252.3,3,8,7,5,4,,1.5,9.3,NNW,3,7,13,4,0,0,0,0,0,0
2019,10,105.0,강릉,536.0,425.6,310.0,3,11,8,4,4,,2.2,10.2,N,3,6,11,0,,0,,,,
2019,10,106.0,동해,512.5,429.0,231.4,3,11,8,6,4,,2.1,12.1,NNE,3,6,8,3,,0,,,,
2019,10,108.0,서울,55.5,3.7,25.4,7,6,4,2,0,,2.1,6.7,N,12,12,4,2,0,0,0,0,2,0
2019,10,112.0,인천,31.9,-21.5,13.8,7,5,3,2,0,,2.8,8.0,E,12,12,4,3,1,0,1,0,0,0
2019,10,114.0,원주,40.3,-9.8,21.2,2,5,4,2,0,,0.8,5.7,NNE,12,5,7,2,,0,,,,
2019,10,115.0,울릉도,192.5,108.6,68.5,3,12,9,6,1,,4.4,16.4,NE,12,7,8,2,6,2,0,0,0,0
2019,10,119.0,수원,73.1,20.0,25.6,7,6,5,3,0,,1.7,5.6,E,6,9,4,3,2,0,2,0,1,0
2019,10,121.0,영월,98.9,58.8,56.7,2,6,4,3,1,,1.0,7.0,NNE,12,2,11,2,,0,,,,
2019,10,127.0,충주,59.0,1.5,36.4,2,5,3,2,1,,1.2,9.4,E,3,4,8,2,,0,,,,
2019,10,129.0,서산,81.0,28.8,41.1,2,5,4,2,1,,1.6,6.5,NW,8,6,6,3,0,0,1,0,0,0
2019,10,130.0,울진,661.3,597.1,332.9,2,10,8,6,3,,2.6,14.1,ENE,2,7,12,5,,1,,,,
2019,10,131.0,청주,84.3,34.2,56.9,2,4,4,2,1,,1.1,6.4,NNE,3,9,5,2,1,0,0,0,0,0
2019,10,133.0,대전,106.1,58.7,82.5,2,4,3,3,1,,1.1,5.2,NE,6,8,5,3,1,0,0,0,0,0
2019,10,135.0,추풍령,179.4,135.5,149.3,2,4,4,2,1,,2.2,9.3,NE,2,6,11,3,,0,,,,
2019,10,136.0,안동,133.0,96.1,94.4,2,5,3,2,2,,1.2,5.5,WNW,26,5,8,5,10,0,0,0,3,0
2019,10,137.0,상주,178.4,,132.2,2,6,4,2,2,,1.0,4.6,W,8,6,8,3,,0,,,,
2019,10,138.0,포항,381.9,338.2,309.2,2,10,8,5,1,,2.9,9.0,N,12,6,10,3,0,0,1,0,0,0
2019,10,140.0,군산,98.4,44.2,66.1,2,4,4,2,1,,1.7,7.5,NW,14,4,7,4,,0,,,,
2019,10,143.0,대구,155.2,121.4,104.5,2,7,4,2,2,,1.7,7.3,WNW,3,7,8,3,4,0,1,0,0,0
2019,10,146.0,전주,73.0,19.5,55.2,2,6,3,2,1,,1.4,6.5,W,8,9,7,4,0,0,0,0,0,0
2019,10,152.0,울산,222.2,168.7,158.5,2,9,7,4,2,,2.2,7.0,ESE,2,8,9,4,0,0,1,0,0,0
2019,10,155.0,창원,254.8,204.6,210.9,2,7,5,3,1,,1.5,10.4,SSE,3,11,7,3,1,0,1,0,0,0
2019,10,156.0,광주,149.9,103.1,88.1,2,7,4,2,2,,1.2,7.4,NE,2,10,8,3,0,0,2,0,0,0
2019,10,159.0,부산,139.9,81.5,94.8,2,7,7,2,1,,3.0,14.5,SSW,3,11,7,3,0,1,1,0,0,0
2019,10,162.0,통영,223.9,169.7,170.1,2,6,4,3,1,,2.4,15.9,SSE,3,7,7,4,0,2,2,0,0,0
2019,10,165.0,목포,159.0,112.1,107.0,2,4,4,2,2,,3.2,11.8,N,14,8,7,4,0,0,2,0,0,0
2019,10,168.0,여수,198.7,150.6,133.2,2,7,4,2,2,,4.5,17.8,S,3,14,5,3,0,2,2,0,0,0
2019,10,169.0,흑산도,157.7,112.3,79.0,2,6,4,3,2,,5.2,16.9,NNE,2,6,6,3,1,3,1,0,0,0
2019,10,170.0,완도,199.5,143.0,155.6,2,4,4,3,1,,2.0,11.3,ESE,2,8,8,3,0,0,2,0,0,0
2019,10,172.0,고창,119.8,,74.3,2,5,4,3,1,,2.1,10.9,NE,2,6,8,4,0,0,1,0,0,0
2019,10,174.0,순천,208.5,,194.0,2,4,4,1,1,,1.4,7.9,E,2,6,9,4,0,0,1,0,0,0
2019,10,177.0,홍성,77.0,,38.9,2,4,4,3,1,,1.1,5.8,NE,12,6,5,2,8,0,0,0,0,0
2019,10,184.0,제주,188.6,108.3,136.2,2,9,6,2,2,,2.9,10.5,WSW,3,5,10,5,0,0,2,0,0,0
2019,10,185.0,고산,127.2,81.5,88.4,2,5,4,2,2,,6.5,22.4,NNW,2,4,6,1,0,3,1,0,0,0
2019,10,188.0,성산,233.9,143.1,142.9,2,8,6,4,2,,3.5,15.2,NW,2,4,7,2,0,1,1,0,0,0
2019,10,189.0,서귀포,150.6,69.0,102.8,2,7,4,2,2,,2.0,11.2,S,2,10,5,2,0,0,2,0,0,0
2019,10,192.0,진주,177.4,132.4,139.6,2,5,5,2,1,,0.8,6.5,ESE,3,7,9,4,0,0,2,0,0,0
2019,10,201.0,강화,25.6,-25.6,15.5,7,5,3,1,0,,1.8,6.2,SW,31,12,3,2,0,0,1,0,0,0
2019,10,202.0,양평,62.0,16.8,24.0,2,6,5,2,0,,1.2,7.2,ENE,3,4,6,2,,0,,,,
2019,10,203.0,이천,79.6,37.5,37.5,2,4,4,3,1,,1.0,4.6,NE,12,4,6,2,,0,,,,
2019,10,211.0,인제,46.2,5.5,19.5,2,6,5,2,0,,1.6,8.0,N,3,2,10,2,,0,,,,
2019,10,212.0,홍천,57.0,7.5,22.5,2,5,5,2,0,,0.9,4.7,ENE,12,1,8,2,,0,,,,
2019,10,216.0,태백,152.8,101.0,79.7,2,12,8,2,2,,1.4,7.6,N,3,6,13,5,,0,,,,
2019,10,217.0,정선군,71.0,,52.0,2,6,3,2,1,,1.5,9.0,NNE,29,3,13,6,,0,,,,
2019,10,221.0,제천,66.9,15.4,35.6,2,9,6,3,1,,1.4,7.3,NE,12,3,8,2,,0,,,,
2019,10,226.0,보은,100.6,55.6,78.5,2,7,3,3,1,,1.0,6.2,SSW,8,3,6,3,,0,,,,
2019,10,232.0,천안,81.9,28.8,44.7,2,5,4,2,1,,1.1,9.1,ENE,2,7,7,3,,0,,,,
2019,10,235.0,보령,63.9,10.5,35.3,2,5,4,2,1,,1.2,7.0,SSW,28,7,7,3,,0,,,,
2019,10,236.0,부여,85.6,32.5,58.0,2,5,4,3,1,,1.2,5.5,WNW,8,6,8,4,,0,,,,
2019,10,238.0,금산,99.3,50.8,75.5,2,7,3,2,1,,1.0,4.5,ENE,12,3,8,4,,0,,,,
2019,10,243.0,부안,86.6,35.2,59.5,2,7,6,2,1,,1.2,6.8,NNE,2,5,8,4,,0,,,,
2019,10,244.0,임실,121.6,79.7,93.5,2,7,4,2,1,,1.0,5.8,NW,8,4,9,4,0,0,1,0,0,0
2019,10,245.0,정읍,100.8,46.5,64.4,2,9,5,3,1,,1.2,6.0,SSW,28,5,8,4,,0,,,,
2019,10,247.0,남원,181.9,135.6,101.4,2,5,4,3,2,,1.8,6.6,N,12,5,9,5,0,0,1,0,0,0
2019,10,248.0,장수,127.4,82.9,94.0,2,8,5,3,1,,1.3,7.4,ENE,12,4,8,3,0,0,1,0,0,0
2019,10,251.0,고창군,118.5,,81.6,2,6,4,3,1,,1.3,5.4,N,2,4,8,4,0,0,1,0,0,0
2019,10,252.0,영광군,145.5,,81.1,2,5,4,3,2,,1.2,6.1,N,14,6,8,4,0,0,1,0,0,0
2019,10,253.0,김해시,159.5,,117.0,2,6,5,3,1,,1.9,11.8,SSE,3,8,9,4,0,0,1,0,0,0
2019,10,254.0,순창군,178.1,,115.0,2,6,4,2,2,,1.2,7.0,NNW,14,5,8,3,0,0,2,0,0,0
2019,10,255.0,북창원,190.3,,136.0,2,7,5,4,1,,1.4,6.7,N,12,7,9,3,0,0,2,0,0,0
2019,10,257.0,양산시,175.9,,136.0,2,7,6,2,1,,2.2,9.2,SW,3,8,9,3,0,0,1,0,0,0
2019,10,258.0,보성군,217.9,,162.5,2,5,3,2,2,,2.7,14.6,E,2,8,7,4,0,1,2,0,0,0
2019,10,259.0,강진군,183.1,,137.5,2,5,4,3,2,,1.9,10.1,E,2,7,6,2,0,0,2,0,0,0
2019,10,260.0,장흥,236.5,192.0,180.4,2,5,4,2,2,,1.4,9.1,E,2,7,8,5,0,0,2,0,0,0
2019,10,261.0,해남,223.7,179.5,186.6,2,7,5,2,1,,1.6,8.6,ENE,2,5,7,2,0,0,2,0,0,0
2019,10,262.0,고흥,281.4,237.8,225.3,2,5,3,2,2,,1.2,9.9,S,2,9,6,3,0,0,2,0,0,0
2019,10,263.0,의령군,263.5,,235.5,2,5,5,1,1,,1.0,6.6,SSW,3,8,8,4,0,0,3,0,0,0
2019,10,264.0,함양군,233.7,,191.5,2,6,5,3,1,,0.9,6.0,SW,26,8,8,4,0,0,1,0,0,0
2019,10,266.0,광양시,192.6,,151.5,2,6,5,2,2,,2.0,7.6,NE,12,7,10,4,0,0,1,0,0,0
2019,10,268.0,진도군,232.0,,202.0,2,4,4,3,1,,1.7,7.7,N,2,7,7,2,0,0,2,0,0,0
2019,10,271.0,봉화,121.7,85.2,68.5,2,8,4,2,2,,1.4,7.4,N,12,6,13,3,,0,,,,
2019,10,272.0,영주,147.6,104.4,92.0,2,6,3,2,2,,2.0,8.3,NW,31,4,9,3,,0,,,,
2019,10,273.0,문경,125.9,84.5,91.0,2,6,3,2,1,,1.6,7.8,WNW,3,7,10,3,,0,,,,
2019,10,276.0,청송군,175.1,,131.5,2,7,6,2,2,,1.1,5.8,W,8,3,11,3,,0,,,,
2019,10,277.0,영덕,455.5,402.3,289.0,2,10,9,4,3,,3.0,14.2,NNE,12,7,10,3,0,1,1,0,0,0
2019,10,278.0,의성,125.6,93.9,88.5,2,6,3,2,2,,1.0,6.9,NE,12,5,9,4,,0,,,,
2019,10,279.0,구미,227.5,192.1,155.9,2,7,5,2,2,,0.8,4.2,WNW,3,5,8,4,,0,,,,
2019,10,281.0,영천,142.4,110.6,121.5,2,7,6,1,1,,1.6,6.2,NE,12,5,9,5,0,0,1,0,0,0
2019,10,283.0,경주시,241.5,,193.0,2,9,6,3,1,,2.2,10.2,NNE,12,5,11,4,0,0,1,0,0,0
2019,10,284.0,거창,167.1,122.8,114.3,2,6,5,2,2,,1.0,5.6,N,12,8,9,4,0,0,1,0,0,0
2019,10,285.0,합천,264.1,225.8,215.5,2,6,5,3,1,,1.0,5.3,NNE,12,9,11,4,0,0,2,0,0,0
2019,10,288.0,밀양,164.3,124.8,129.5,2,6,5,3,1,,1.0,6.8,SSE,3,7,9,5,0,0,1,0,0,0
2019,10,289.0,산청,319.1,270.8,250.0,2,6,5,3,2,,1.2,9.6,W,3,10,9,5,0,0,2,0,0,0
2019,10,294.0,거제,236.5,172.9,168.0,2,6,5,3,2,,1.4,8.9,SE,3,7,8,4,0,0,2,0,0,0
2019,10,295.0,남해,251.7,188.0,172.0,2,9,5,3,2,,1.3,5.6,ESE,2,7,7,4,0,0,2,0,0,0
2019,11,90.0,속초,157.3,78.5,71.1,25,9,7,4,1,,1.8,7.5,WNW,18,,,3,,0,,,,
2019,11,93.0,북춘천,57.8,,29.4,17,6,5,2,0,,0.9,7.9,WSW,19,8,6,3,10,0,0,1,18,16
2019,11,95.0,철원,53.0,6.6,15.1,18,7,7,3,0,,0.9,6.7,NNE,3,9,4,1,,0,,,,
2019,11,98.0,동두천,58.1,22.3,13.9,17,7,6,3,0,,1.2,7.7,W,18,9,6,2,,0,,,,
2019,11,99.0,파주,72.2,,23.0,13,7,6,4,0,,1.1,7.7,NW,18,11,6,2,0,0,1,0,0,0
2019,11,100.0,대관령,78.4,1.5,23.4,18,11,7,3,0,,2.5,15.0,W,18,7,6,1,0,1,1,0,0,0
2019,11,101.0,춘천,63.1,18.4,30.8,17,7,5,2,1,,0.9,5.7,SW,18,0,0,3,,0,,,,
2019,11,102.0,백령도,83.2,55.9,37.5,10,7,5,2,2,,5.2,19.7,NNW,24,10,7,3,0,5,1,2,2,4
2019,11,104.0,북강릉,127.0,,44.9,25,9,7,4,2,,1.6,9.6,WNW,13,9,6,3,1,0,3,0,3,3
2019,11,105.0,강릉,104.7,24.4,30.5,25,9,7,4,1,,2.5,9.1,SW,18,8,6,1,0,0,2,0,0,0
2019,11,106.0,동해,102.1,34.5,52.4,28,11,7,3,1,,2.1,10.7,NE,7,8,4,2,0,0,1,0,0,0
2019,11,108.0,서울,78.8,26.3,21.1,17,7,7,4,0,,2.2,7.0,W,18,12,5,2,1,0,2,3,10,11
2019,11,112.0,인천,89.4,38.4,23.7,17,7,7,3,0,,3.0,11.0,NNW,18,11,6,2,2,0,2,2,4,9
2019,11,114.0,원주,74.0,30.5,27.9,17,7,7,3,0,,0.8,5.3,NNE,3,10,4,2,,0,,,,
2019,11,115.0,울릉도,121.2,15.7,20.0,29,16,10,6,0,,3.8,15.4,NE,25,1,11,2,1,1,2,3,0,0
2019,11,119.0,수원,93.2,43.5,41.6,17,7,7,4,1,,1.7,7.5,WNW,18,11,5,2,2,0,2,2,12,13
2019,11,121.0,영월,56.7,24.5,23.9,17,9,6,3,0,,0.8,7.0,WNW,19,7,8,0,,0,,,,
2019,11,127.0,충주,84.6,37.4,40.0,17,8,8,2,1,,1.1,8.5,E,17,8,7,1,0,0,1,0,0,0
2019,11,129.0,서산,124.6,68.1,56.4,17,8,8,4,1,,1.7,7.9,NW,13,7,7,2,0,0,2,0,0,0
2019,11,130.0,울진,94.5,37.2,25.9,25,11,7,4,0,,2.4,10.6,WNW,25,6,6,1,,0,,,,
2019,11,131.0,청주,104.9,58.2,66.6,17,8,7,3,1,,0.9,4.6,ESE,17,10,4,1,1,0,1,2,11,9
2019,11,133.0,대전,94.0,52.9,65.2,17,7,5,2,1,,1.0,6.1,W,24,10,6,2,2,0,1,1,11,11
2019,11,135.0,추풍령,35.4,-5.9,14.2,18,8,7,2,0,,2.4,9.5,WSW,18,7,5,8,0,0,1,0,0,0
2019,11,136.0,안동,34.5,3.9,17.5,17,9,5,1,0,,1.2,8.2,WNW,19,9,8,1,11,0,1,0,10,10
2019,11,137.0,상주,34.2,,13.3,17,7,5,1,0,,1.2,6.7,WNW,25,7,6,1,,0,,,,
2019,11,138.0,포항,47.2,6.1,16.8,28,8,5,1,0,,2.4,10.0,WSW,18,10,6,2,0,0,1,0,1,2
2019,11,140.0,군산,114.7,56.2,83.0,17,6,5,3,1,,,8.6,NW,18,7,6,3,0,0,1,0,0,0
2019,11,143.0,대구,15.3,-15.2,8.0,18,3,2,0,0,,1.7,8.4,WNW,14,10,5,2,0,0,1,0,10,7
2019,11,146.0,전주,57.0,6.8,32.8,18,6,5,2,1,,1.6,7.1,SW,10,9,6,2,0,0,1,0,10,9
2019,11,152.0,울산,31.0,-10.1,10.1,18,8,5,1,0,,2.0,5.1,NW,14,11,5,0,0,0,1,0,3,2
2019,11,155.0,창원,36.4,-15.8,27.6,18,4,3,1,0,,1.4,6.8,NE,25,12,4,1,0,0,1,0,0,0
2019,11,156.0,광주,22.8,-26.0,9.8,10,6,4,0,0,,1.2,7.7,WSW,10,10,4,3,0,0,1,0,9,3
2019,11,159.0,부산,13.8,-32.0,6.8,18,5,5,0,0,,2.7,15.8,WSW,18,13,4,0,0,2,1,0,0,0
2019,11,162.0,통영,26.1,-13.7,15.5,18,5,4,1,0,,2.4,12.1,S,18,11,4,1,0,0,1,0,0,0
2019,11,165.0,목포,14.6,-28.8,5.6,18,10,4,0,0,,3.9,13.1,N,25,7,7,1,0,0,1,0,2,1
2019,11,168.0,여수,14.7,-27.1,10.9,18,3,2,1,0,,3.8,13.8,SSW,18,13,3,1,0,0,1,0,0,0
2019,11,169.0,흑산도,13.5,-21.5,6.4,17,6,3,0,0,,6.3,18.5,N,25,3,9,2,0,8,1,0,0,0
2019,11,170.0,완도,22.7,-34.5,9.6,18,8,5,0,0,,2.1,8.2,WNW,18,8,6,1,,0,,,,
2019,11,172.0,고창,44.6,,19.9,17,8,4,2,0,,2.1,9.9,WNW,10,4,7,2,0,0,1,0,0,0
2019,11,174.0,순천,23.0,,11.5,18,6,4,1,0,,1.8,8.2,NW,25,7,5,3,0,0,1,0,0,0
2019,11,177.0,홍성,119.7,,67.2,17,9,7,2,1,,1.1,6.6,NW,24,11,7,2,4,0,2,1,9,9
2019,11,184.0,제주,27.5,-34.4,8.2,26,7,6,0,0,,3.0,9.7,NW,13,6,8,4,0,0,0,0,0,0
2019,11,185.0,고산,16.1,-41.3,10.0,18,8,3,1,0,,7.0,22.2,W,18,5,6,2,,8,,,,
2019,11,188.0,성산,36.2,-48.9,12.4,24,10,5,1,0,,3.0,9.3,NW,18,5,6,3,,0,,,,
2019,11,189.0,서귀포,31.3,-40.1,9.9,18,7,4,0,0,,1.8,7.9,SW,18,6,5,1,0,0,0,0,0,0
2019,11,192.0,진주,21.5,-23.5,12.8,18,4,2,1,0,,0.8,4.9,W,10,11,4,1,0,0,1,0,0,0
2019,11,201.0,강화,80.5,29.8,19.5,15,7,7,4,0,,1.4,7.2,SW,18,9,6,2,0,0,2,0,0,0
2019,11,202.0,양평,82.6,43.2,40.5,17,8,7,3,1,,1.2,7.3,WNW,18,9,5,2,,0,,,,
2019,11,203.0,이천,82.5,43.7,49.7,17,7,6,2,1,,1.0,4.9,WSW,18,9,5,2,0,0,2,0,0,0
2019,11,211.0,인제,47.1,7.6,22.0,17,8,5,2,0,,1.3,6.6,SSE,18,7,5,1,,0,,,,
2019,11,212.0,홍천,56.9,16.0,30.0,17,7,5,2,1,,0.9,5.8,WNW,18,7,6,1,,0,,,,
2019,11,216.0,태백,67.0,23.6,23.2,17,9,7,3,0,,1.2,9.0,SW,17,9,4,1,,0,,,,
2019,11,217.0,정선군,57.5,,21.5,18,9,7,2,0,,1.5,12.3,NNE,18,6,8,2,,0,,,,
2019,11,221.0,제천,81.0,38.6,34.0,17,9,7,3,1,,1.2,7.1,WSW,18,8,6,2,,0,,,,
2019,11,226.0,보은,86.2,42.1,38.5,17,9,7,3,1,,1.2,7.1,SW,14,7,7,2,,0,,,,
2019,11,232.0,천안,120.6,71.4,60.5,17,9,7,3,1,,1.1,7.2,SE,17,6,5,2,0,0,2,0,0,0
2019,11,235.0,보령,130.6,73.4,92.1,17,10,6,2,1,,1.5,8.5,SSW,15,10,7,2,0,0,2,0,0,0
2019,11,236.0,부여,113.5,60.3,92.5,17,6,6,2,1,,1.1,6.4,SW,15,7,6,3,0,0,2,0,0,0
2019,11,238.0,금산,47.9,0.4,17.0,18,7,5,2,0,,1.1,5.3,WNW,24,6,7,3,0,0,1,0,0,0
2019,11,243.0,부안,55.6,1.7,20.8,17,5,5,3,0,,1.3,6.8,W,17,5,6,2,0,0,1,0,0,0
2019,11,244.0,임실,42.2,-4.0,27.0,18,7,5,2,0,,1.1,6.4,SW,17,6,6,2,0,0,1,0,0,0
2019,11,245.0,정읍,56.0,-1.8,28.7,18,6,4,2,0,,1.6,9.4,SSW,17,5,3,1,0,0,1,0,0,0
2019,11,247.0,남원,26.5,-16.3,15.7,18,4,2,2,0,,1.3,7.9,SSW,10,6,6,0,0,0,1,0,0,0
2019,11,248.0,장수,28.0,-16.2,25.0,18,5,2,1,0,,1.5,7.9,WSW,18,5,6,5,0,0,1,0,0,0
2019,11,251.0,고창군,42.9,,19.7,18,4,4,2,0,,1.6,7.3,SSE,17,5,4,0,0,0,1,0,0,0
2019,11,252.0,영광군,54.1,,19.3,17,9,6,3,0,,1.7,7.0,NNE,27,5,7,1,0,0,1,0,0,0
2019,11,253.0,김해시,28.5,,14.5,18,4,3,1,0,,1.9,9.2,WNW,10,10,3,1,0,0,1,0,0,0
2019,11,254.0,순창군,27.3,,15.5,18,6,3,2,0,,1.3,9.1,NNW,24,7,5,2,0,0,1,0,0,0
2019,11,255.0,북창원,40.5,,28.5,18,4,3,1,0,,1.2,5.7,S,18,9,3,0,0,0,1,0,0,0
2019,11,257.0,양산시,31.7,,18.5,18,6,4,1,0,,1.7,7.9,W,10,10,3,0,0,0,1,0,0,0
2019,11,258.0,보성군,26.5,,17.0,18,6,2,1,0,,3.1,10.4,NW,18,8,5,0,0,0,1,0,0,0
2019,11,259.0,강진군,22.0,,10.5,18,8,4,1,0,,2.1,9.4,WNW,18,8,6,0,0,0,1,0,0,0
2019,11,260.0,장흥,30.1,-22.5,16.3,18,9,3,1,0,,1.6,8.3,NNW,25,8,4,0,0,0,1,0,0,0
2019,11,261.0,해남,12.8,-34.0,7.2,18,5,2,0,0,,1.9,9.6,SW,18,3,8,0,0,0,1,0,0,0
2019,11,262.0,고흥,23.7,-23.0,17.6,18,5,3,1,0,,1.3,8.0,NW,24,11,4,1,0,0,2,0,0,0
2019,11,263.0,의령군,20.2,,13.5,18,4,2,1,0,,1.0,5.9,SSW,18,6,4,1,0,0,1,0,0,0
2019,11,264.0,함양군,13.1,,8.5,10,4,2,0,0,,1.1,7.4,WSW,18,7,6,2,0,0,1,0,0,0
2019,11,266.0,광양시,30.1,,21.0,18,5,3,1,0,,1.6,7.2,WNW,18,11,4,2,0,0,1,0,0,0
2019,11,268.0,진도군,13.9,,9.0,18,10,3,0,0,,2.5,8.8,NNE,24,7,8,3,0,0,1,0,0,0
2019,11,271.0,봉화,46.6,12.0,23.0,17,10,8,1,0,,1.3,7.1,NW,14,6,5,1,0,0,1,0,0,0
2019,11,272.0,영주,72.4,33.1,49.0,17,10,7,1,1,,2.4,10.0,NW,25,7,7,2,,0,,,,
2019,11,273.0,문경,64.1,25.8,43.0,17,8,6,1,1,,1.8,7.5,NW,14,8,7,1,,0,,,,
2019,11,276.0,청송군,28.2,,11.5,18,6,5,1,0,,1.3,9.8,W,14,6,8,1,,0,,,,
2019,11,277.0,영덕,105.2,59.6,33.5,28,9,8,4,1,,2.4,10.1,NNE,25,7,6,2,0,0,2,0,0,0
2019,11,278.0,의성,21.6,-9.9,10.5,10,7,3,1,0,,1.0,6.3,WNW,18,5,5,1,0,0,1,0,0,0
2019,11,279.0,구미,20.4,-11.5,11.9,10,5,3,1,0,,0.8,5.2,W,18,9,6,2,0,0,1,0,0,0
2019,11,281.0,영천,26.0,-6.8,12.5,18,3,3,1,0,,1.5,8.0,WNW,18,7,4,2,0,0,1,0,0,0
2019,11,283.0,경주시,19.5,,8.0,18,5,5,0,0,,2.1,9.7,NW,14,9,4,2,0,0,1,0,0,0
2019,11,284.0,거창,22.3,-13.6,13.2,10,4,2,1,0,,1.2,6.2,NW,19,9,5,2,0,0,1,0,0,0
2019,11,285.0,합천,16.0,-16.0,8.5,18,3,3,0,0,,0.9,5.2,NNW,19,9,7,2,0,0,1,0,0,0
2019,11,288.0,밀양,22.1,-16.1,13.3,18,5,3,1,0,,0.8,5.8,NNW,14,12,3,4,0,0,1,0,0,0
2019,11,289.0,산청,19.3,-19.2,10.5,18,5,3,1,0,,1.4,8.5,WNW,11,9,5,3,0,0,1,0,0,0
2019,11,294.0,거제,24.2,-30.5,13.5,18,6,4,1,0,,1.4,7.0,NW,10,10,4,0,0,0,1,0,0,0
2019,11,295.0,남해,26.1,-28.0,14.0,18,4,4,1,0,,1.3,5.0,NW,19,11,4,2,0,0,1,0,0,0
2019,12,90.0,속초,9.8,-28.4,9.8,18,1,1,0,0,,1.9,9.9,WNW,2,,,2,,0,,,,
2019,12,93.0,북춘천,10.5,,2.7,23,8,6,0,0,,0.9,7.7,WSW,11,8,9,4,6,0,0,5,23,28
2019,12,95.0,철원,20.0,-1.2,5.8,17,10,6,0,0,,0.9,5.4,WNW,11,9,6,2,,0,,,,
2019,12,98.0,동두천,27.2,7.6,11.0,17,13,7,1,0,,1.3,7.5,WNW,11,9,4,3,,0,,,,
2019,12,99.0,파주,28.2,,9.6,17,12,7,0,0,,1.1,6.5,NW,30,10,5,3,,0,,,,
2019,12,100.0,대관령,2.4,-34.4,1.6,14,4,1,0,0,,3.8,12.7,W,11,11,5,0,,0,,,,
2019,12,101.0,춘천,14.4,-6.5,4.6,17,7,5,0,0,,1.0,6.3,WSW,2,0,0,5,,0,,,,
2019,12,102.0,백령도,31.3,13.9,10.8,22,10,9,1,0,,5.3,17.4,NNW,30,2,16,6,0,5,0,9,6,19
2019,12,104.0,북강릉,6.5,,6.5,18,1,1,0,0,,2.0,9.5,W,31,14,4,2,0,0,0,0,4,19
2019,12,105.0,강릉,5.1,-33.2,5.0,18,2,1,0,0,,2.7,7.3,WSW,21,13,5,2,,0,,,,
2019,12,106.0,동해,8.8,-12.5,6.9,18,5,2,0,0,,1.9,6.9,WNW,11,11,3,4,,0,,,,
2019,12,108.0,서울,22.6,1.1,9.8,17,13,6,0,0,,2.1,7.5,NNW,31,11,7,4,1,0,0,6,16,26
2019,12,112.0,인천,25.0,5.7,6.7,17,13,7,0,0,,3.4,11.6,NNW,30,9,5,2,5,0,0,8,12,24
2019,12,114.0,원주,14.1,-10.0,4.6,1,9,3,0,0,,0.8,5.0,WSW,30,8,7,6,,0,,,,
2019,12,115.0,울릉도,68.2,-48.9,11.2,23,16,12,2,0,,3.4,16.4,NNE,27,1,11,1,0,1,1,11,0,7
2019,12,119.0,수원,26.2,4.4,6.2,17,13,8,0,0,,1.7,7.7,NW,30,10,5,4,0,0,0,6,23,28
2019,12,121.0,영월,18.2,-1.1,4.3,1,10,6,0,0,,0.8,6.8,W,30,11,5,5,,0,,,,
2019,12,127.0,충주,27.5,6.4,10.1,29,10,6,1,0,,1.0,6.3,W,2,8,6,6,,0,,,,
2019,12,129.0,서산,37.4,6.7,11.7,3,15,8,1,0,,1.7,7.7,WNW,11,7,5,3,,0,,,,
2019,12,130.0,울진,15.3,-18.1,7.0,1,5,3,0,0,,2.4,8.0,WNW,5,11,5,1,,0,,,,
2019,12,131.0,청주,20.1,-5.2,7.3,1,8,5,0,0,,1.0,4.8,WNW,31,8,7,3,2,0,0,7,15,21
2019,12,133.0,대전,27.0,1.1,12.3,1,11,5,1,0,,1.1,5.8,W,30,9,5,4,3,0,0,5,19,22
2019,12,135.0,추풍령,27.2,3.0,11.2,1,8,6,1,0,,2.6,11.0,W,31,10,3,5,,0,,,,
2019,12,136.0,안동,19.8,3.2,9.9,1,4,4,0,0,,1.4,7.5,WNW,2,10,5,2,7,0,0,3,20,26
2019,12,137.0,상주,27.4,,12.5,1,7,5,1,0,,1.7,9.1,WNW,31,11,5,3,,0,,,,
2019,12,138.0,포항,27.6,1.9,18.9,1,6,4,1,0,,2.4,6.9,WSW,31,11,3,3,0,0,0,0,5,18
2019,12,140.0,군산,33.3,1.2,12.6,1,9,6,2,0,,1.8,9.2,NNW,31,7,5,4,,0,,,,
2019,12,143.0,대구,27.5,12.2,21.0,1,4,4,1,0,,2.1,9.1,WNW,31,9,3,3,0,0,0,0,14,24
2019,12,146.0,전주,31.6,0.5,12.9,1,9,7,1,0,,1.6,6.2,NNW,31,9,6,5,2,0,0,4,17,23
2019,12,152.0,울산,40.8,17.8,27.2,1,5,4,1,0,,2.1,5.7,NW,31,11,4,3,2,0,0,0,7,20
2019,12,155.0,창원,34.8,12.8,25.6,1,5,2,1,0,,1.6,7.9,NE,19,11,3,4,0,0,0,0,5,12
2019,12,156.0,광주,31.6,-1.9,18.3,1,7,3,1,0,,1.3,5.7,NNE,31,6,7,4,0,0,0,6,18,17
2019,12,159.0,부산,50.3,27.5,33.3,1,5,5,2,1,,2.6,10.1,WNW,11,12,3,3,0,0,0,0,4,9
2019,12,162.0,통영,39.8,18.7,29.3,1,5,3,1,0,,2.3,7.3,NNW,31,9,6,4,,0,,,,
2019,12,165.0,목포,40.7,11.4,20.6,1,11,5,2,0,,4.1,14.0,N,31,2,12,5,1,1,0,2,5,10
2019,12,168.0,여수,28.6,10.0,21.2,1,5,2,1,0,,4.2,16.2,WNW,31,11,4,4,0,1,0,0,1,6
2019,12,169.0,흑산도,38.6,14.7,22.0,29,7,3,2,0,,6.5,18.5,N,31,1,14,4,0,7,0,3,1,0
2019,12,170.0,완도,41.5,14.1,18.4,1,7,5,2,0,,2.2,8.7,NW,31,4,7,5,,0,,,,
2019,12,172.0,고창,32.4,,16.1,1,12,5,1,0,,1.9,10.8,NW,26,4,8,5,,0,,,,
2019,12,174.0,순천,35.1,,24.0,1,3,3,2,0,,2.2,10.2,WNW,31,10,5,5,,0,,,,
2019,12,177.0,홍성,29.6,,8.0,17,9,7,0,0,,1.0,5.7,NW,31,6,7,4,4,0,0,8,17,24
2019,12,184.0,제주,48.2,0.5,18.9,1,7,5,2,0,,3.3,10.4,NW,26,0,15,5,0,0,0,1,0,0
2019,12,185.0,고산,83.8,52.1,26.8,29,7,6,3,0,,7.8,22.7,NNW,26,0,16,4,,13,,,,
2019,12,188.0,성산,103.7,31.7,33.1,29,10,5,5,1,,2.9,9.8,NW,1,0,13,4,,0,,,,
2019,12,189.0,서귀포,84.9,39.8,34.3,29,7,6,3,1,,1.5,7.4,SSW,29,1,8,3,0,0,0,0,0,0
2019,12,192.0,진주,41.5,22.3,26.7,1,4,3,2,0,,0.8,5.7,W,11,11,4,4,,0,,,,
2019,12,201.0,강화,30.1,11.3,10.0,17,10,6,1,0,,1.6,6.8,WSW,30,10,7,3,,0,,,,
2019,12,202.0,양평,20.0,1.7,7.9,17,10,5,0,0,,1.1,6.7,WNW,2,8,5,5,,0,,,,
2019,12,203.0,이천,19.0,2.7,4.8,1,11,7,0,0,,0.9,6.0,NW,11,8,6,7,,0,,,,
2019,12,211.0,인제,8.2,-11.5,3.0,1,6,4,0,0,,1.6,7.1,S,11,8,5,4,,0,,,,
2019,12,212.0,홍천,9.9,-9.2,3.5,17,9,3,0,0,,0.9,6.2,W,2,9,5,5,,0,,,,
2019,12,216.0,태백,2.5,-16.7,1.8,1,3,1,0,0,,1.2,5.5,WSW,11,10,4,1,,0,,,,
2019,12,217.0,정선군,7.6,,2.0,1,8,5,0,0,,1.8,13.1,NNE,11,10,5,3,,0,,,,
2019,12,221.0,제천,19.7,-3.3,4.5,29,9,7,0,0,,1.1,7.3,WNW,2,11,4,7,,0,,,,
2019,12,226.0,보은,27.2,0.8,11.4,1,8,5,1,0,,0.9,5.7,W,31,9,3,6,,0,,,,
2019,12,232.0,천안,18.0,-8.8,5.9,1,9,6,0,0,,1.1,6.1,WNW,31,9,4,4,,0,,,,
2019,12,235.0,보령,31.3,0.0,8.8,29,12,8,0,0,,1.6,6.5,S,14,5,6,4,,0,,,,
2019,12,236.0,부여,31.2,3.8,11.0,29,9,6,1,0,,0.9,5.2,W,2,8,4,4,,0,,,,
2019,12,238.0,금산,33.0,4.8,13.8,1,7,5,1,0,,1.0,5.5,WNW,31,8,4,5,,0,,,,
2019,12,243.0,부안,30.9,-6.8,13.2,1,8,8,1,0,,1.3,5.5,WNW,11,4,9,5,,0,,,,
2019,12,244.0,임실,29.9,0.6,17.3,1,9,3,1,0,,0.8,5.1,NNE,31,8,7,5,,0,,,,
2019,12,245.0,정읍,32.3,-9.3,15.3,1,13,5,1,0,,1.5,8.0,NNW,31,6,6,6,,0,,,,
2019,12,247.0,남원,36.1,10.7,24.7,1,8,4,1,0,,1.4,5.7,WNW,30,9,7,5,,0,,,,
2019,12,248.0,장수,38.5,4.3,22.6,1,8,7,1,0,,1.4,8.7,WNW,31,8,4,5,,0,,,,
2019,12,251.0,고창군,32.5,,15.9,1,8,4,1,0,,1.6,6.7,NW,31,5,8,5,,0,,,,
2019,12,252.0,영광군,40.5,,17.6,1,12,6,2,0,,1.8,8.2,NNE,31,2,12,4,,0,,,,
2019,12,253.0,김해시,41.7,,30.0,1,4,3,2,1,,2.2,6.9,WNW,11,10,3,3,,0,,,,
2019,12,254.0,순창군,31.4,,17.0,1,8,3,1,0,,1.7,9.5,NW,31,7,7,6,,0,,,,
2019,12,255.0,북창원,41.1,,30.0,1,5,2,1,1,,1.3,6.0,NNW,31,11,4,4,,0,,,,
2019,12,257.0,양산시,27.6,,19.0,1,5,3,1,0,,1.6,6.8,NE,1,10,2,3,,0,,,,
2019,12,258.0,보성군,28.4,,19.5,1,3,2,1,0,,3.3,13.4,WNW,31,6,5,4,,0,,,,
2019,12,259.0,강진군,39.0,,22.5,1,6,3,2,0,,2.1,8.5,NNW,31,5,8,5,,0,,,,
2019,12,260.0,장흥,34.8,8.6,22.7,1,3,3,2,0,,1.7,7.9,NNW,31,7,8,5,,0,,,,
2019,12,261.0,해남,37.3,9.2,21.8,1,6,3,2,0,,1.6,8.4,NW,1,4,9,5,,0,,,,
2019,12,262.0,고흥,25.1,5.8,16.6,1,4,2,1,0,,1.5,8.3,WNW,30,8,4,5,,0,,,,
2019,12,263.0,의령군,32.5,,23.5,1,4,2,1,0,,1.1,7.2,WSW,2,11,4,4,,0,,,,
2019,12,264.0,함양군,27.4,,21.0,1,6,2,1,0,,1.3,6.8,WSW,11,8,6,4,,0,,,,
2019,12,266.0,광양시,22.8,,18.0,1,5,2,1,0,,1.6,8.9,WNW,31,9,4,3,,0,,,,
2019,12,268.0,진도군,31.1,,18.0,1,6,4,1,0,,2.9,9.6,WNW,31,2,10,5,,0,,,,
2019,12,271.0,봉화,13.5,-5.1,5.0,1,7,4,0,0,,1.3,6.3,NNW,5,9,4,1,,0,,,,
2019,12,272.0,영주,17.5,-0.8,8.2,29,9,3,0,0,,3.0,12.1,NW,30,8,4,2,,0,,,,
2019,12,273.0,문경,20.3,0.3,8.3,29,8,4,0,0,,2.0,9.1,WNW,11,9,5,3,,0,,,,
2019,12,276.0,청송군,21.8,,12.0,1,6,4,1,0,,1.5,9.4,W,31,11,3,1,,0,,,,
2019,12,277.0,영덕,21.1,-3.1,11.5,1,6,3,1,0,,2.7,9.0,W,27,10,4,2,,0,,,,
2019,12,278.0,의성,20.2,5.0,9.5,1,8,5,0,0,,1.1,6.7,W,5,10,3,2,,0,,,,
2019,12,279.0,구미,18.1,1.3,10.8,1,6,4,1,0,,1.0,4.8,WNW,31,11,3,3,,0,,,,
2019,12,281.0,영천,30.5,15.3,23.0,1,5,4,1,0,,1.8,7.8,WNW,31,12,3,3,,0,,,,
2019,12,283.0,경주시,31.6,,23.5,1,5,3,1,0,,2.5,10.8,WNW,27,12,4,2,,0,,,,
2019,12,284.0,거창,24.6,5.4,15.9,1,5,2,1,0,,1.3,7.7,W,30,9,4,3,,0,,,,
2019,12,285.0,합천,26.9,11.7,19.6,1,4,3,1,0,,0.9,5.7,NW,2,10,3,4,,0,,,,
2019,12,288.0,밀양,31.7,15.3,24.4,1,5,3,1,0,,0.8,7.0,NNW,31,10,3,4,,0,,,,
2019,12,289.0,산청,32.9,13.6,21.6,1,5,3,1,0,,1.9,10.4,WNW,31,10,5,4,,0,,,,
2019,12,294.0,거제,49.4,19.7,38.0,1,6,3,1,1,,1.2,5.0,NNW,27,9,4,7,,0,,,,
2019,12,295.0,남해,35.0,11.6,25.0,1,5,2,1,0,,1.1,4.5,WNW,2,9,3,4,,0,,,,
2020,1,90.0,속초,148.1,103.8,58.6,7,9,7,5,2,,2.1,9.7,NNW,8,,,3,,0,,,,
2020,1,93.0,북춘천,55.9,,37.5,7,5,3,2,1,,1.0,5.9,NE,27,7,6,3,0,0,0,4,26,27
2020,1,95.0,철원,79.7,59.1,52.3,7,4,3,2,1,,1.1,6.0,N,7,6,6,3,,0,,,,
2020,1,98.0,동두천,71.4,50.6,49.1,7,6,3,2,1,,1.1,7.4,WSW,20,7,7,4,,0,,,,
2020,1,99.0,파주,82.3,,63.7,7,4,3,2,1,,1.2,5.9,NW,20,9,6,3,,0,,,,
2020,1,100.0,대관령,86.3,23.7,44.6,7,7,6,3,1,,2.8,11.1,W,19,10,11,2,,0,,,,
2020,1,101.0,춘천,80.0,59.7,58.2,7,4,4,2,1,,1.1,5.7,NE,27,0,0,3,,0,,,,
2020,1,102.0,백령도,40.9,29.3,35.1,7,3,3,1,1,,4.5,17.5,NNW,8,5,9,4,0,2,0,3,6,21
2020,1,104.0,북강릉,102.7,,48.9,7,10,8,3,1,,1.8,8.0,NW,8,11,11,6,0,0,0,2,1,20
2020,1,105.0,강릉,107.5,52.4,50.0,7,11,10,2,1,,2.7,7.0,SW,2,12,10,6,,0,,,,
2020,1,106.0,동해,97.9,46.9,42.4,7,12,8,3,1,,2.4,9.7,NE,28,12,9,6,,0,,,,
2020,1,108.0,서울,60.5,39.7,46.3,7,6,3,2,1,,2.1,7.0,ENE,27,8,7,6,0,0,0,4,13,25
2020,1,112.0,인천,48.6,28.0,42.2,7,5,3,1,1,,3.0,8.6,NNW,20,8,8,4,3,0,0,2,16,24
2020,1,114.0,원주,58.7,36.7,47.5,7,6,3,1,1,,0.8,6.2,SW,8,5,9,6,,0,,,,
2020,1,115.0,울릉도,112.9,-3.3,26.3,7,18,15,5,0,,4.0,22.2,SW,8,0,18,4,2,3,2,9,0,9
2020,1,119.0,수원,61.0,38.6,50.8,7,6,4,1,1,,1.6,9.4,WSW,8,6,8,6,0,0,1,5,22,24
2020,1,121.0,영월,63.1,41.8,48.8,7,8,5,1,1,,1.0,6.3,W,20,7,9,4,,0,,,,
2020,1,127.0,충주,60.2,39.0,48.0,7,6,4,1,1,,1.2,7.5,WSW,8,4,9,7,,0,,,,
2020,1,129.0,서산,46.0,17.8,42.2,7,5,3,1,1,,1.7,8.3,W,8,1,12,4,,0,,,,
2020,1,130.0,울진,103.0,56.3,35.7,7,12,9,4,1,,2.8,8.8,N,28,11,10,3,,0,,,,
2020,1,131.0,청주,62.0,36.5,51.7,7,4,4,1,1,,1.1,6.3,NE,27,4,11,6,0,0,0,5,15,22
2020,1,133.0,대전,78.5,48.9,57.0,7,6,4,2,1,,1.2,7.5,NNE,26,4,9,4,2,0,0,4,16,23
2020,1,135.0,추풍령,71.0,46.5,30.6,7,8,5,3,1,,3.0,15.5,W,8,4,11,8,,1,,,,
2020,1,136.0,안동,50.5,30.4,35.4,7,5,4,1,1,,1.4,7.9,W,8,6,12,3,5,0,0,1,18,23
2020,1,137.0,상주,60.9,,38.2,7,6,5,2,1,,1.6,8.7,W,8,3,11,4,,0,,,,
2020,1,138.0,포항,152.3,115.8,62.7,7,10,8,2,2,,2.8,12.6,NE,27,10,13,7,0,0,0,1,1,16
2020,1,140.0,군산,70.6,38.1,52.1,7,6,4,2,1,,1.8,10.8,SW,7,1,9,6,,0,,,,
2020,1,143.0,대구,70.4,49.8,27.0,7,8,5,3,0,,2.1,8.6,WNW,8,5,11,5,1,0,0,0,7,21
2020,1,146.0,전주,76.8,44.1,50.2,7,8,6,2,1,,1.5,9.1,SW,8,2,11,6,1,0,0,3,14,23
2020,1,152.0,울산,178.7,144.4,113.6,27,10,7,3,1,,2.5,6.8,NNE,27,8,13,6,2,0,0,1,0,11
2020,1,155.0,창원,112.6,75.7,44.9,27,7,5,4,2,,1.7,7.8,SSW,7,7,10,5,2,0,0,0,1,11
2020,1,156.0,광주,74.9,37.8,32.0,7,6,6,3,1,,1.4,10.0,SW,7,5,13,7,2,0,0,0,12,16
2020,1,159.0,부산,127.7,93.3,73.3,27,7,6,3,1,,3.0,15.9,WSW,7,9,11,5,0,1,0,0,0,8
2020,1,162.0,통영,124.6,94.8,56.7,27,7,7,3,2,,2.5,14.3,SSE,7,8,10,6,0,1,1,0,0,0
2020,1,165.0,목포,72.0,38.8,29.9,7,8,4,4,0,,3.8,14.8,SW,7,0,13,6,1,1,0,1,4,11
2020,1,168.0,여수,81.3,56.2,28.6,7,8,5,4,0,,4.7,15.7,S,7,8,12,5,0,1,0,1,2,8
2020,1,169.0,흑산도,52.2,30.1,24.2,6,8,6,2,0,,6.4,15.6,SSE,6,1,20,6,1,1,0,4,0,0
2020,1,170.0,완도,95.4,61.2,31.3,6,7,5,4,1,,2.4,12.4,WNW,8,3,13,7,,0,,,,
2020,1,172.0,고창,58.0,,31.6,7,10,7,2,1,,2.6,13.6,SE,6,0,14,6,0,0,1,0,0,0
2020,1,174.0,순천,100.1,,34.3,7,9,8,5,1,,2.5,11.6,W,7,5,10,7,,0,,,,
2020,1,177.0,홍성,73.0,,56.7,7,4,4,2,1,,1.1,9.0,WSW,8,1,11,5,1,0,0,4,20,26
2020,1,184.0,제주,116.7,51.5,60.3,27,10,7,4,1,,3.5,11.5,SSW,7,1,23,11,0,0,1,0,0,0
2020,1,185.0,고산,76.1,32.2,37.0,22,11,5,3,1,,8.1,26.6,W,7,1,21,7,,9,,,,
2020,1,188.0,성산,94.4,11.2,39.7,27,11,6,3,1,,2.8,8.5,W,8,2,17,4,,0,,,,
2020,1,189.0,서귀포,110.1,49.1,32.6,27,10,8,4,2,,1.7,9.1,SSW,7,2,12,6,0,0,0,0,0,0
2020,1,192.0,진주,105.7,72.8,40.3,7,7,5,4,1,,0.7,8.0,WSW,8,8,9,5,,0,,,,
2020,1,201.0,강화,63.4,45.7,51.0,7,4,3,2,1,,1.8,6.8,W,8,9,7,3,,0,,,,
2020,1,202.0,양평,64.1,45.9,57.1,7,6,3,1,1,,1.0,5.6,ENE,26,6,5,6,,0,,,,
2020,1,203.0,이천,72.6,50.1,64.0,7,6,4,1,1,,1.0,7.2,WNW,8,8,7,7,0,0,1,0,0,0
2020,1,211.0,인제,83.3,65.8,51.5,7,7,3,2,2,,1.5,6.2,N,28,9,5,3,,0,,,,
2020,1,212.0,홍천,61.1,40.7,53.5,7,4,2,1,1,,0.9,5.1,WSW,8,7,8,4,,0,,,,
2020,1,216.0,태백,79.4,46.8,30.0,7,7,5,3,1,,1.2,5.6,NNW,4,8,10,6,,0,,,,
2020,1,217.0,정선군,91.0,,60.5,7,8,5,2,1,,1.7,12.5,NNE,20,9,9,4,,0,,,,
2020,1,221.0,제천,68.1,43.4,56.6,7,7,5,1,1,,1.2,7.4,SW,8,6,9,5,,0,,,,
2020,1,226.0,보은,71.8,44.5,47.3,7,7,5,2,1,,0.9,5.6,SSW,8,1,9,6,,0,,,,
2020,1,232.0,천안,59.7,36.3,44.0,7,5,4,1,1,,1.2,9.0,W,8,3,9,7,,0,,,,
2020,1,235.0,보령,49.4,21.3,34.7,7,6,3,2,1,,1.3,12.4,SSW,7,1,10,5,,0,,,,
2020,1,236.0,부여,79.6,50.8,55.5,7,5,4,2,1,,1.0,7.1,SW,7,2,9,6,,0,,,,
2020,1,238.0,금산,80.8,51.4,44.5,7,8,5,2,1,,0.9,7.5,SW,7,4,9,6,,0,,,,
2020,1,243.0,부안,79.1,44.8,52.3,7,7,6,2,1,,1.3,8.0,W,8,1,10,7,,0,,,,
2020,1,244.0,임실,73.9,36.6,32.6,7,10,6,3,1,,0.9,7.3,WSW,7,3,11,6,,0,,,,
2020,1,245.0,정읍,73.3,33.1,35.7,7,9,7,3,1,,1.2,13.4,WSW,7,1,10,7,,0,,,,
2020,1,247.0,남원,59.8,28.6,24.8,7,8,7,2,0,,1.5,9.2,WSW,7,4,11,7,,0,,,,
2020,1,248.0,장수,108.6,74.9,49.8,7,10,7,3,1,,1.4,11.2,W,8,1,11,8,,0,,,,
2020,1,251.0,고창군,59.0,,27.0,7,8,7,2,0,,1.5,10.6,S,7,1,13,7,,0,,,,
2020,1,252.0,영광군,62.9,,29.6,7,9,6,2,0,,1.6,10.1,WSW,7,0,16,7,,0,,,,
2020,1,253.0,김해시,117.2,,49.5,27,8,6,4,2,,2.4,11.4,SSW,7,7,9,5,,0,,,,
2020,1,254.0,순창군,80.9,,45.8,7,9,6,2,1,,1.6,13.4,W,8,2,11,6,,0,,,,
2020,1,255.0,북창원,98.9,,41.5,27,8,5,3,2,,1.4,6.5,ENE,27,7,8,5,0,0,1,0,0,0
2020,1,257.0,양산시,103.7,,61.0,27,9,6,2,1,,2.1,12.1,SW,7,7,6,5,,0,,,,
2020,1,258.0,보성군,85.2,,32.4,7,6,5,4,1,,3.6,12.5,WNW,8,4,11,7,,0,,,,
2020,1,259.0,강진군,95.0,,33.0,7,11,6,4,1,,2.3,12.4,WSW,7,4,10,6,,0,,,,
2020,1,260.0,장흥,100.8,71.2,32.9,7,7,5,4,2,,1.8,8.3,ESE,26,3,11,7,,0,,,,
2020,1,261.0,해남,75.8,43.3,26.2,27,8,5,4,0,,2.0,11.8,SW,7,1,15,6,,0,,,,
2020,1,262.0,고흥,79.0,51.3,25.3,27,7,5,3,0,,1.6,8.7,W,7,5,12,7,,0,,,,
2020,1,263.0,의령군,100.0,,42.5,7,6,5,4,2,,1.2,10.8,SW,7,7,9,5,,0,,,,
2020,1,264.0,함양군,95.6,,37.0,7,8,7,3,1,,1.4,9.9,WSW,8,6,12,6,,0,,,,
2020,1,266.0,광양시,78.2,,36.5,7,8,6,4,1,,1.9,9.8,W,8,7,9,6,,0,,,,
2020,1,268.0,진도군,69.0,,27.0,27,7,5,4,0,,3.0,11.7,SW,7,0,15,6,,0,,,,
2020,1,271.0,봉화,60.7,39.6,44.8,7,6,5,1,1,,1.4,6.7,NNW,1,7,9,5,,0,,,,
2020,1,272.0,영주,67.6,47.8,58.4,7,6,3,1,1,,2.7,10.5,NW,8,4,11,5,,0,,,,
2020,1,273.0,문경,61.5,38.7,43.5,7,6,5,2,1,,1.9,7.4,WNW,8,5,10,5,,0,,,,
2020,1,276.0,청송군,95.2,,39.0,7,9,7,2,2,,1.4,8.9,WSW,8,8,11,4,,0,,,,
2020,1,277.0,영덕,118.4,81.0,55.5,7,11,10,3,1,,3.1,12.1,NNE,28,8,8,4,,0,,,,
2020,1,278.0,의성,58.9,40.9,31.5,7,11,4,2,1,,1.1,7.4,WNW,8,6,9,4,,0,,,,
2020,1,279.0,구미,61.0,40.8,27.2,7,7,5,3,0,,1.1,5.5,WNW,8,6,11,5,,0,,,,
2020,1,281.0,영천,101.3,78.7,48.0,7,11,6,3,1,,2.0,7.5,W,8,7,10,6,,0,,,,
2020,1,283.0,경주시,161.6,,71.5,27,8,7,4,2,,2.7,10.6,W,8,6,10,7,,0,,,,
2020,1,284.0,거창,85.5,57.6,34.8,7,8,6,3,1,,1.3,8.0,SSW,7,4,9,6,,0,,,,
2020,1,285.0,합천,78.1,56.2,26.8,7,6,5,3,0,,0.9,6.3,W,8,6,10,5,,0,,,,
2020,1,288.0,밀양,78.2,55.9,34.1,7,6,5,3,1,,0.8,6.2,WSW,7,8,9,5,,0,,,,
2020,1,289.0,산청,89.1,60.7,35.4,7,6,6,3,1,,1.8,10.6,W,8,7,10,9,,0,,,,
2020,1,294.0,거제,147.6,106.6,63.9,27,7,7,3,2,,1.3,8.8,ESE,7,7,10,6,,0,,,,
2020,1,295.0,남해,154.1,121.2,59.0,7,8,7,4,3,,1.1,5.2,WNW,8,6,11,5,,0,,,,
2020,2,90.0,속초,55.8,8.9,24.1,25,7,7,2,0,,2.0,8.4,W,16,,,5,,0,,,,
2020,2,93.0,북춘천,35.3,,19.4,25,9,3,2,0,,1.2,8.6,WSW,22,9,5,3,2,0,0,7,21,22
2020,2,95.0,철원,46.8,20.4,14.1,16,11,8,2,0,,1.1,6.6,NNE,25,6,8,1,,0,,,,
2020,2,98.0,동두천,54.8,32.1,22.9,25,9,8,2,0,,1.4,8.2,WNW,22,8,6,3,,0,,,,
2020,2,99.0,파주,54.3,,24.3,25,9,7,2,0,,1.3,7.4,WNW,22,9,6,3,,0,,,,
2020,2,100.0,대관령,45.5,-8.1,30.5,25,8,4,1,1,,3.3,10.8,W,5,9,7,1,,0,,,,
2020,2,101.0,춘천,54.2,30.4,24.8,25,9,7,2,0,,1.3,7.0,WSW,22,0,0,2,,0,,,,
2020,2,102.0,백령도,28.4,14.9,14.9,25,7,4,1,0,,4.6,14.9,NNW,17,5,12,6,1,3,0,8,7,17
2020,2,104.0,북강릉,70.7,,41.7,25,6,5,2,1,,2.0,8.9,WSW,22,12,7,3,0,0,0,5,3,18
2020,2,105.0,강릉,77.5,27.9,43.5,25,6,5,2,1,,2.8,10.0,WSW,16,11,7,3,,0,,,,
2020,2,106.0,동해,73.7,37.4,33.0,25,9,5,3,1,,2.3,10.9,W,16,11,6,4,,0,,,,
2020,2,108.0,서울,53.1,28.1,16.6,25,10,9,2,0,,2.3,8.2,NW,22,8,7,2,1,0,0,9,9,18
2020,2,112.0,인천,49.7,28.9,17.5,25,10,7,2,0,,3.1,9.9,WNW,22,9,6,2,6,0,0,8,15,16
2020,2,114.0,원주,65.5,39.2,21.9,25,11,7,3,0,,1.0,7.6,WSW,22,7,4,3,,0,,,,
2020,2,115.0,울릉도,215.7,137.6,78.4,17,13,11,6,2,,3.7,12.2,NE,25,0,10,2,4,0,0,10,0,14
2020,2,119.0,수원,59.2,35.0,22.6,25,10,8,2,0,,1.9,8.4,WNW,22,8,6,4,0,0,0,6,11,21
2020,2,121.0,영월,47.1,21.8,17.3,25,9,5,2,0,,1.1,8.0,W,22,6,5,3,,0,,,,
2020,2,127.0,충주,61.9,38.7,29.4,25,11,6,2,0,,1.3,9.3,W,22,9,5,3,,0,,,,
2020,2,129.0,서산,72.3,45.7,40.8,25,10,7,1,1,,1.9,8.7,W,22,8,9,2,,0,,,,
2020,2,130.0,울진,64.8,23.5,27.2,25,10,8,2,0,,2.6,8.7,WSW,16,11,5,3,,0,,,,
2020,2,131.0,청주,62.7,33.3,37.5,25,9,6,1,1,,1.3,5.9,WNW,22,8,7,3,1,0,0,6,9,19
2020,2,133.0,대전,91.2,57.0,55.3,25,13,7,2,1,,1.3,5.9,WSW,22,8,6,4,4,0,0,6,11,18
2020,2,135.0,추풍령,68.2,33.7,44.2,25,11,7,2,1,,3.0,11.7,WSW,22,8,6,3,,0,,,,
2020,2,136.0,안동,58.6,31.7,38.5,25,6,3,2,1,,1.7,9.2,WNW,22,9,5,3,4,0,0,1,15,20
2020,2,137.0,상주,79.6,,49.9,25,8,7,2,1,,1.8,8.5,W,22,9,4,3,,0,,,,
2020,2,138.0,포항,59.9,19.1,46.9,25,8,5,1,1,,2.7,7.9,WSW,22,13,5,3,0,0,0,2,6,16
2020,2,140.0,군산,60.5,27.8,23.6,25,11,9,2,0,,2.0,9.7,NW,16,7,7,3,,0,,,,
2020,2,143.0,대구,40.2,12.0,29.0,25,5,4,1,0,,2.4,9.2,W,22,9,6,3,1,0,0,3,10,19
2020,2,146.0,전주,65.9,25.9,32.4,25,12,7,2,1,,1.7,7.1,W,16,6,7,3,3,0,0,8,10,20
2020,2,152.0,울산,53.6,11.0,29.9,25,6,5,2,0,,2.2,5.6,WNW,17,11,6,2,0,0,0,1,2,16
2020,2,155.0,창원,64.2,18.9,32.2,12,7,4,2,1,,1.7,6.5,NE,6,12,5,3,3,0,0,1,4,13
2020,2,156.0,광주,47.8,-0.1,10.9,12,12,9,1,0,,1.4,5.5,WSW,12,6,6,3,0,0,0,6,13,17
2020,2,159.0,부산,94.9,44.7,49.8,25,8,6,2,2,,3.1,14.2,WNW,22,13,5,3,1,1,0,0,1,8
2020,2,162.0,통영,75.0,34.2,46.0,12,6,3,2,1,,2.5,9.4,SSE,12,9,6,3,,0,,,,
2020,2,165.0,목포,28.9,-13.5,6.6,15,13,7,0,0,,3.7,12.6,NNW,17,4,9,5,3,0,0,4,6,14
2020,2,168.0,여수,61.3,20.0,36.5,12,9,6,2,1,,4.3,17.4,WNW,16,12,5,3,3,1,0,2,1,9
2020,2,169.0,흑산도,34.0,0.8,8.0,15,10,6,0,0,,5.7,17.5,N,17,4,12,3,5,5,0,5,1,3
2020,2,170.0,완도,49.0,-3.8,24.9,12,10,8,1,0,,2.7,11.1,WNW,17,6,9,4,,0,,,,
2020,2,172.0,고창,41.6,,11.3,16,13,8,1,0,,3.0,11.2,WNW,17,5,7,4,,0,,,,
2020,2,174.0,순천,35.9,,17.8,12,10,5,1,0,,2.5,8.8,WNW,22,6,7,3,,0,,,,
2020,2,177.0,홍성,85.2,,50.3,25,10,8,1,1,,1.2,7.0,W,22,7,8,3,5,0,0,7,12,20
2020,2,184.0,제주,29.8,-32.8,14.2,29,10,5,1,0,,3.3,12.9,NW,17,3,11,4,0,0,1,4,0,2
2020,2,185.0,고산,41.6,-5.3,14.9,12,10,7,2,0,,7.8,26.8,NNW,17,3,11,3,0,8,1,0,0,0
2020,2,188.0,성산,98.7,29.0,31.2,12,13,7,4,1,,2.8,9.2,NNW,25,4,10,2,,0,,,,
2020,2,189.0,서귀포,95.5,18.4,60.1,12,10,8,2,1,,1.7,7.6,W,16,5,8,2,0,0,0,3,0,2
2020,2,192.0,진주,46.1,3.1,20.8,12,8,5,2,0,,1.0,7.7,W,22,11,6,3,,0,,,,
2020,2,201.0,강화,43.1,23.9,15.0,25,9,7,2,0,,1.8,6.8,SW,22,8,8,3,,0,,,,
2020,2,202.0,양평,50.1,23.2,18.6,25,10,9,1,0,,1.2,6.6,WSW,22,10,5,3,,0,,,,
2020,2,203.0,이천,59.5,35.6,24.0,25,9,7,2,0,,1.2,8.3,NNW,22,9,7,3,,0,,,,
2020,2,211.0,인제,43.6,22.9,25.0,25,11,6,1,0,,1.7,6.9,S,22,6,7,3,,0,,,,
2020,2,212.0,홍천,45.0,19.3,21.0,25,9,7,2,0,,1.1,5.9,WNW,22,9,5,1,,0,,,,
2020,2,216.0,태백,36.1,0.3,23.6,25,7,4,1,0,,1.2,5.7,SW,17,12,6,4,,0,,,,
2020,2,217.0,정선군,62.1,,32.0,25,10,5,3,1,,2.0,14.2,NNE,22,11,7,3,,1,,,,
2020,2,221.0,제천,57.4,28.0,20.9,25,10,6,2,0,,1.5,8.1,W,22,8,5,3,,0,,,,
2020,2,226.0,보은,80.8,48.4,45.6,25,10,7,2,1,,1.1,6.7,WSW,22,8,5,3,,0,,,,
2020,2,232.0,천안,63.1,36.7,35.5,25,10,6,1,1,,1.4,8.4,W,22,7,8,3,,0,,,,
2020,2,235.0,보령,75.3,46.8,41.5,25,10,8,2,1,,1.3,6.1,SSW,21,5,7,4,,0,,,,
2020,2,236.0,부여,92.4,58.3,57.8,25,10,8,2,1,,1.1,6.8,W,22,10,7,4,,0,,,,
2020,2,238.0,금산,83.9,46.1,51.6,25,11,7,2,1,,1.1,7.2,WNW,22,7,6,4,,0,,,,
2020,2,243.0,부안,59.0,20.6,22.0,25,12,8,3,0,,1.4,6.8,WNW,16,3,7,4,,0,,,,
2020,2,244.0,임실,59.6,15.9,16.7,25,11,10,3,0,,1.0,5.3,WNW,16,7,7,4,,0,,,,
2020,2,245.0,정읍,58.1,16.8,17.1,25,14,8,1,0,,1.2,6.1,NNW,16,7,6,4,,0,,,,
2020,2,247.0,남원,62.2,21.2,22.6,25,10,8,2,0,,1.6,6.6,ENE,25,5,6,3,,0,,,,
2020,2,248.0,장수,65.3,18.4,31.6,25,12,8,1,1,,1.6,6.8,NNW,22,7,6,4,,0,,,,
2020,2,251.0,고창군,48.0,,12.1,25,8,8,2,0,,1.6,6.8,WSW,17,8,6,3,,0,,,,
2020,2,252.0,영광군,45.7,,11.0,16,14,9,1,0,,1.8,8.7,NW,17,3,7,3,,0,,,,
2020,2,253.0,김해시,65.7,,31.0,25,9,5,2,1,,2.2,11.2,WNW,22,12,5,3,,0,,,,
2020,2,254.0,순창군,62.9,,23.7,25,11,8,2,0,,1.7,8.5,W,22,5,7,3,,0,,,,
2020,2,255.0,북창원,63.5,,26.5,12,8,6,2,0,,1.4,6.3,W,22,11,3,3,,0,,,,
2020,2,257.0,양산시,70.0,,37.2,25,8,4,2,1,,2.1,9.1,W,17,11,4,3,,0,,,,
2020,2,258.0,보성군,44.9,,23.6,12,10,6,2,0,,3.6,14.3,NW,16,6,5,4,,1,,,,
2020,2,259.0,강진군,40.9,,16.0,12,12,8,1,0,,2.3,8.9,WNW,16,6,8,4,,0,,,,
2020,2,260.0,장흥,41.3,-3.7,13.7,12,10,7,2,0,,1.8,6.5,NNW,3,5,8,3,,0,,,,
2020,2,261.0,해남,27.8,-18.5,9.1,12,11,8,0,0,,2.3,10.2,WNW,16,5,9,5,,0,,,,
2020,2,262.0,고흥,44.5,-4.4,19.6,12,7,7,2,0,,1.6,9.9,WNW,16,7,6,4,,0,,,,
2020,2,263.0,의령군,38.1,,18.0,25,8,4,2,0,,1.5,10.0,W,22,11,4,2,,0,,,,
2020,2,264.0,함양군,45.3,,23.5,25,9,6,1,0,,1.7,7.9,W,22,8,6,3,,0,,,,
2020,2,266.0,광양시,41.4,,21.0,12,9,4,2,0,,2.0,8.5,W,22,10,6,3,,0,,,,
2020,2,268.0,진도군,27.5,,9.0,12,10,7,0,0,,2.7,8.8,NW,17,4,8,5,,0,,,,
2020,2,271.0,봉화,51.8,23.4,21.7,25,8,5,2,0,,1.5,7.1,NW,17,10,8,3,,0,,,,
2020,2,272.0,영주,62.1,33.3,31.1,25,10,6,2,1,,3.0,11.0,NW,16,8,5,3,,0,,,,
2020,2,273.0,문경,71.8,42.6,39.1,25,9,6,2,1,,2.1,9.4,WNW,22,10,4,3,,0,,,,
2020,2,276.0,청송군,54.1,,43.0,25,5,3,1,1,,1.7,9.8,W,22,11,6,3,,0,,,,
2020,2,277.0,영덕,51.6,14.2,33.3,25,6,4,1,1,,3.3,13.7,WNW,17,9,7,3,,0,,,,
2020,2,278.0,의성,54.8,30.0,38.7,25,7,5,1,1,,1.2,8.2,W,22,11,5,3,,0,,,,
2020,2,279.0,구미,56.5,28.3,39.5,25,6,5,1,1,,1.2,6.5,W,22,7,6,3,,0,,,,
2020,2,281.0,영천,55.4,28.1,42.5,25,4,3,1,1,,2.0,7.6,WNW,16,10,6,3,,0,,,,
2020,2,283.0,경주시,43.1,,34.0,25,7,5,1,1,,2.7,10.8,WNW,22,11,6,3,,0,,,,
2020,2,284.0,거창,47.8,10.3,25.1,25,7,6,2,0,,1.4,7.7,W,17,8,5,3,,0,,,,
2020,2,285.0,합천,37.4,2.7,19.1,25,7,4,2,0,,1.1,6.4,WNW,16,11,3,3,,0,,,,
2020,2,288.0,밀양,61.6,27.6,40.9,25,8,5,2,1,,1.0,6.8,WNW,22,11,5,3,,0,,,,
2020,2,289.0,산청,37.4,-6.5,15.6,12,6,5,2,0,,2.1,10.8,WNW,16,9,5,3,,0,,,,
2020,2,294.0,거제,77.8,17.9,42.5,25,6,4,2,1,,1.4,6.0,ESE,12,9,7,3,,0,,,,
2020,2,295.0,남해,88.5,27.7,54.0,12,9,4,2,1,,1.2,5.6,WNW,17,9,6,3,,0,,,,
2020,3,90.0,속초,38.0,-18.9,20.7,10,8,6,1,0,,2.4,8.7,W,19,,,2,,0,,,,
2020,3,93.0,북춘천,13.7,,7.0,10,6,5,0,0,,1.5,9.6,SW,19,12,4,2,2,0,1,2,22,22
2020,3,95.0,철원,16.9,-23.3,9.3,10,6,3,0,0,,1.4,7.5,WNW,19,13,2,1,0,0,1,0,0,0
2020,3,98.0,동두천,19.7,-19.1,14.0,10,6,3,1,0,,2.0,10.7,WSW,19,13,0,1,,0,,,,
2020,3,99.0,파주,12.1,,11.2,10,5,1,1,0,,1.7,8.7,WNW,19,12,0,0,,0,,,,
2020,3,100.0,대관령,39.1,-36.5,16.6,10,10,6,1,0,,3.4,17.0,WSW,19,11,3,3,0,1,1,0,0,0
2020,3,101.0,춘천,13.8,-27.9,10.3,10,6,2,1,0,,1.5,8.4,WSW,19,0,0,1,,0,,,,
2020,3,102.0,백령도,6.9,-16.3,6.8,26,2,1,0,0,,5.3,18.2,NNW,15,14,3,1,1,5,0,1,6,7
2020,3,104.0,북강릉,48.8,,19.5,10,9,6,2,0,,2.1,11.3,W,19,12,3,2,0,0,3,2,5,6
2020,3,105.0,강릉,47.1,-21.8,17.3,10,9,5,2,0,,2.6,10.6,SW,19,13,2,2,0,0,1,0,0,0
2020,3,106.0,동해,48.3,-10.3,19.4,10,9,5,2,0,,2.6,11.1,W,19,13,2,2,0,0,1,0,0,0
2020,3,108.0,서울,16.3,-30.9,11.8,10,5,3,1,0,,2.5,8.2,WSW,19,13,2,1,0,0,0,1,10,9
2020,3,112.0,인천,10.7,-29.8,6.1,10,3,3,0,0,,3.6,12.2,W,19,12,3,0,6,0,0,1,5,9
2020,3,114.0,원주,21.2,-30.4,11.1,10,4,2,1,0,,1.2,7.1,WSW,19,10,3,1,,0,,,,
2020,3,115.0,울릉도,65.5,-6.7,23.5,10,11,8,2,0,,4.1,13.7,NE,16,7,5,1,3,0,0,5,1,3
2020,3,119.0,수원,19.5,-28.4,7.6,27,6,3,0,0,,2.4,9.7,SW,19,14,5,1,1,0,0,1,15,16
2020,3,121.0,영월,21.3,-28.7,12.3,10,6,4,1,0,,1.4,9.9,W,19,10,6,1,,0,,,,
2020,3,127.0,충주,20.7,-24.2,12.7,10,3,2,1,0,,1.6,8.4,W,19,10,2,1,,0,,,,
2020,3,129.0,서산,23.0,-23.3,11.2,27,4,4,1,0,,2.6,10.1,WNW,15,12,5,0,,0,,,,
2020,3,130.0,울진,35.8,-22.2,17.2,10,7,6,1,0,,2.8,10.2,NW,22,12,7,2,,0,,,,
2020,3,131.0,청주,22.9,-25.3,14.4,27,3,2,1,0,,1.6,6.6,WSW,19,13,2,1,1,0,0,2,8,9
2020,3,133.0,대전,24.4,-31.2,12.6,27,4,4,1,0,,1.6,7.0,WSW,15,12,3,1,2,0,0,2,6,10
2020,3,135.0,추풍령,21.0,-29.0,10.0,10,6,3,1,0,,3.1,13.2,W,19,15,7,3,0,0,2,0,0,0
2020,3,136.0,안동,11.0,-33.9,6.8,10,3,3,0,0,,2.0,11.3,WNW,19,16,7,1,0,0,0,0,11,13
2020,3,137.0,상주,13.3,,7.3,10,5,3,0,0,,2.0,10.8,WNW,19,15,4,1,,0,,,,
2020,3,138.0,포항,29.4,-31.5,21.0,10,6,4,1,0,,2.7,9.0,WSW,19,14,10,3,0,0,0,0,0,3
2020,3,140.0,군산,16.8,-28.8,7.3,27,6,4,0,0,,2.7,10.4,NW,15,9,5,2,,0,,,,
2020,3,143.0,대구,24.5,-22.6,10.0,10,5,5,1,0,,2.5,10.6,WNW,19,15,7,3,0,0,0,0,4,8
2020,3,146.0,전주,25.4,-28.9,13.7,27,5,4,1,0,,2.0,9.6,SW,19,11,5,3,2,0,0,1,7,10
2020,3,152.0,울산,41.6,-24.2,19.3,10,7,4,2,0,,2.3,7.1,SW,19,14,8,4,2,0,0,0,0,4
2020,3,155.0,창원,37.9,-36.4,13.0,26,5,5,2,0,,1.9,8.3,WNW,15,14,7,3,1,0,0,0,0,3
2020,3,156.0,광주,43.5,-17.3,17.7,26,5,5,1,0,,1.7,7.9,WSW,17,13,8,3,2,0,0,1,6,6
2020,3,159.0,부산,58.8,-21.9,24.6,26,6,5,3,0,,3.6,13.3,WSW,19,16,7,6,2,0,0,0,0,1
2020,3,162.0,통영,61.8,-21.3,33.2,26,5,5,3,1,,2.7,9.9,WNW,19,12,5,5,,0,,,,
2020,3,165.0,목포,28.8,-31.2,11.1,26,6,4,1,0,,4.3,12.4,NNW,15,10,6,4,4,0,0,2,2,3
2020,3,168.0,여수,52.3,-23.4,31.0,26,5,4,2,1,,4.2,16.7,WNW,19,14,8,2,2,4,0,2,1,2
2020,3,169.0,흑산도,15.8,-33.0,7.3,26,5,4,0,0,,6.5,18.0,N,15,10,5,3,6,9,0,0,2,0
2020,3,170.0,완도,55.9,-39.6,32.4,26,6,4,2,1,,2.7,11.8,WNW,15,10,9,5,,0,,,,
2020,3,172.0,고창,42.9,,25.2,26,5,5,1,0,,3.2,11.9,W,15,6,8,3,,0,,,,
2020,3,174.0,순천,50.7,,30.6,26,5,5,1,1,,2.4,10.5,WNW,19,12,7,5,,0,,,,
2020,3,177.0,홍성,26.6,,12.5,27,5,4,1,0,,1.9,8.9,SW,19,12,2,1,5,0,0,2,10,17
2020,3,184.0,제주,81.6,-7.0,25.3,9,8,7,3,0,,3.2,10.4,NW,10,10,12,5,1,0,1,0,0,0
2020,3,185.0,고산,61.2,-14.6,26.8,26,8,5,2,0,,7.5,22.4,NNW,10,5,12,4,0,12,1,0,0,0
2020,3,188.0,성산,110.7,-31.5,43.0,9,10,6,3,2,,3.0,8.4,W,10,5,11,5,,0,,,,
2020,3,189.0,서귀포,132.2,1.0,80.4,26,8,5,2,2,,1.7,6.4,W,10,8,11,4,2,0,0,0,0,0
2020,3,192.0,진주,41.1,-31.0,18.6,26,5,4,2,0,,1.2,8.5,WNW,15,14,8,3,,0,,,,
2020,3,201.0,강화,6.7,-32.9,5.0,10,5,1,0,0,,2.5,9.7,SW,19,12,2,1,0,0,1,0,0,0
2020,3,202.0,양평,15.7,-26.1,8.1,10,5,3,0,0,,1.6,9.9,WSW,19,12,2,1,0,0,1,0,0,0
2020,3,203.0,이천,20.4,-27.0,8.7,10,4,3,0,0,,1.6,8.8,WNW,19,13,2,2,,0,,,,
2020,3,211.0,인제,17.6,-20.4,5.5,10,8,6,0,0,,1.9,8.7,SSE,19,11,4,2,,0,,,,
2020,3,212.0,홍천,17.0,-28.6,11.5,10,5,3,1,0,,1.4,6.8,WSW,19,13,3,2,0,0,1,0,0,0
2020,3,216.0,태백,24.8,-35.9,15.6,10,7,4,1,0,,1.6,7.9,WSW,19,10,4,2,0,0,1,0,0,0
2020,3,217.0,정선군,24.1,,10.5,10,12,4,1,0,,2.3,17.0,NNE,19,11,4,3,0,2,1,0,0,0
2020,3,221.0,제천,14.4,-41.6,8.3,10,5,2,0,0,,1.7,9.4,WSW,19,9,1,1,,0,,,,
2020,3,226.0,보은,23.6,-25.1,10.8,10,4,3,1,0,,1.3,6.9,WSW,19,12,4,1,,0,,,,
2020,3,232.0,천안,21.7,-24.2,12.9,27,4,3,1,0,,1.6,8.9,W,19,11,5,1,,0,,,,
2020,3,235.0,보령,22.8,-24.1,12.2,27,5,4,1,0,,1.6,9.3,S,19,11,6,2,,0,,,,
2020,3,236.0,부여,19.3,-36.8,11.4,27,4,4,1,0,,1.3,9.0,WNW,19,9,5,2,,0,,,,
2020,3,238.0,금산,20.5,-31.4,10.1,10,5,3,1,0,,1.5,8.0,SW,19,12,8,2,,0,,,,
2020,3,243.0,부안,22.1,-26.8,9.6,27,4,4,0,0,,1.9,7.8,SSW,19,5,6,2,,0,,,,
2020,3,244.0,임실,45.3,-8.5,16.1,27,6,5,2,0,,1.3,8.2,WNW,19,10,8,3,,0,,,,
2020,3,245.0,정읍,39.1,-16.1,20.8,27,6,4,1,0,,1.8,9.2,WSW,19,8,7,2,,0,,,,
2020,3,247.0,남원,38.1,-14.4,9.6,7,7,6,0,0,,1.8,9.2,W,19,8,8,4,,0,,,,
2020,3,248.0,장수,43.2,-16.4,14.3,27,5,5,1,0,,1.9,8.1,W,23,10,8,4,0,0,1,0,0,0
2020,3,251.0,고창군,45.0,,18.3,26,5,5,2,0,,1.9,7.2,W,15,8,7,3,,0,,,,
2020,3,252.0,영광군,47.0,,27.1,26,5,5,1,0,,2.3,8.6,WSW,19,8,7,3,,0,,,,
2020,3,253.0,김해시,41.7,,17.0,26,5,5,2,0,,2.2,12.0,WNW,19,14,7,5,,0,,,,
2020,3,254.0,순창군,38.2,,14.9,26,7,5,1,0,,2.1,11.5,NW,15,10,9,5,,0,,,,
2020,3,255.0,북창원,35.3,,11.7,10,5,5,2,0,,1.7,7.4,NW,15,14,7,3,,0,,,,
2020,3,257.0,양산시,47.0,,22.6,26,5,5,2,0,,2.5,9.0,WSW,19,14,8,4,,0,,,,
2020,3,258.0,보성군,57.4,,32.5,26,6,4,2,1,,3.7,14.7,NW,15,11,7,5,0,2,1,0,0,0
2020,3,259.0,강진군,37.9,,18.0,26,6,4,2,0,,2.7,10.0,WNW,15,10,8,6,,0,,,,
2020,3,260.0,장흥,39.6,-33.4,19.1,26,5,4,1,0,,2.1,9.5,N,19,11,9,4,,0,,,,
2020,3,261.0,해남,27.0,-45.9,9.7,26,6,3,0,0,,2.3,10.6,NW,22,7,7,5,,0,,,,
2020,3,262.0,고흥,45.1,-35.5,26.8,26,4,4,1,0,,1.8,8.1,WNW,11,12,8,3,,0,,,,
2020,3,263.0,의령군,33.0,,12.0,26,5,5,2,0,,1.8,11.8,W,15,12,7,3,,0,,,,
2020,3,264.0,함양군,31.0,,7.5,7,5,5,0,0,,1.9,10.0,WSW,19,11,7,3,,0,,,,
2020,3,266.0,광양시,41.2,,23.0,26,6,5,1,0,,2.1,10.7,W,19,11,8,4,,0,,,,
2020,3,268.0,진도군,26.7,,10.0,9,6,3,1,0,,3.2,10.1,NW,15,7,6,5,,0,,,,
2020,3,271.0,봉화,17.1,-36.0,7.7,10,7,3,0,0,,1.5,7.1,NW,19,10,6,2,,0,,,,
2020,3,272.0,영주,16.1,-38.2,7.0,26,5,3,0,0,,3.0,11.6,NW,15,12,8,2,,0,,,,
2020,3,273.0,문경,15.4,-33.2,6.6,10,4,4,0,0,,2.5,12.7,WNW,19,14,5,1,,0,,,,
2020,3,276.0,청송군,14.5,,9.5,10,5,2,0,0,,1.9,10.8,W,19,14,7,3,,0,,,,
2020,3,277.0,영덕,14.3,-38.7,10.9,10,3,2,1,0,,3.0,13.9,WNW,19,15,9,3,,1,,,,
2020,3,278.0,의성,17.1,-24.4,8.0,10,5,3,0,0,,1.4,9.4,W,19,11,6,3,,0,,,,
2020,3,279.0,구미,19.9,-25.5,9.1,10,5,5,0,0,,1.4,7.6,W,19,11,6,0,,0,,,,
2020,3,281.0,영천,21.1,-25.8,10.5,10,5,5,1,0,,1.9,8.7,W,19,13,7,3,,0,,,,
2020,3,283.0,경주시,24.5,,15.0,10,6,4,1,0,,2.8,12.0,WSW,15,13,7,3,,0,,,,
2020,3,284.0,거창,28.3,-26.8,9.1,10,6,5,0,0,,1.8,8.6,W,19,15,7,2,,0,,,,
2020,3,285.0,합천,29.7,-23.5,8.2,26,5,5,0,0,,1.3,8.1,WSW,19,13,8,3,,0,,,,
2020,3,288.0,밀양,36.1,-18.3,12.9,26,5,5,2,0,,1.2,7.8,WNW,19,14,8,2,,0,,,,
2020,3,289.0,산청,29.2,-39.3,9.0,26,5,5,0,0,,2.3,14.7,WNW,19,13,8,3,,1,,,,
2020,3,294.0,거제,72.1,-41.7,37.0,26,5,5,3,1,,1.9,7.2,ESE,21,11,6,5,,0,,,,
2020,3,295.0,남해,70.0,-29.9,41.5,26,5,5,2,1,,1.5,6.7,WNW,19,14,6,4,0,0,1,0,0,0
2020,4,90.0,속초,38.4,-25.9,18.1,19,9,6,2,0,,2.5,10.1,N,4,,,2,,0,,,,
2020,4,93.0,북춘천,17.0,,10.2,17,6,3,1,0,,1.9,9.5,WSW,21,9,3,1,0,0,0,0,10,9
2020,4,95.0,철원,20.9,-43.1,12.0,17,5,4,1,0,,1.7,7.7,NE,1,12,1,0,0,0,1,0,0,0
2020,4,98.0,동두천,19.5,-53.2,13.7,17,3,2,1,0,,2.1,9.6,WNW,21,9,1,1,0,0,1,0,0,0
2020,4,99.0,파주,17.5,,10.7,17,4,2,1,0,,2.0,7.5,NE,12,11,2,0,0,0,1,0,0,0
2020,4,100.0,대관령,64.2,-25.3,26.4,12,8,6,2,0,,3.6,12.9,W,25,8,5,1,0,0,2,0,0,0
2020,4,101.0,춘천,14.4,-47.9,9.3,17,6,2,0,0,,1.9,7.5,WSW,21,0,0,1,,0,,,,
2020,4,102.0,백령도,20.5,-34.3,10.7,19,4,2,1,0,,5.0,13.9,NNW,1,18,3,2,3,1,0,0,0,0
2020,4,104.0,북강릉,68.5,,23.0,19,9,9,2,0,,2.3,8.6,WSW,25,7,4,3,0,0,2,0,0,0
2020,4,105.0,강릉,65.6,-3.1,23.3,19,9,8,2,0,,2.8,9.7,WSW,4,7,3,2,0,0,2,0,0,0
2020,4,106.0,동해,50.9,-9.2,17.0,19,9,5,2,0,,2.5,9.3,NE,15,9,2,1,,0,,,,
2020,4,108.0,서울,16.9,-47.6,10.3,19,3,2,1,0,,3.0,8.9,WNW,21,13,2,0,0,0,1,1,2,1
2020,4,112.0,인천,13.8,-43.9,11.2,19,2,2,1,0,,3.9,10.4,WNW,21,14,3,0,0,0,0,0,2,0
2020,4,114.0,원주,15.7,-51.0,9.1,19,3,2,0,0,,1.5,7.1,WSW,21,11,1,1,0,0,1,0,0,0
2020,4,115.0,울릉도,44.5,-36.8,13.5,19,8,6,2,0,,4.4,14.3,WSW,25,6,3,2,2,3,1,2,0,0
2020,4,119.0,수원,15.8,-45.5,11.5,19,3,2,1,0,,2.7,9.5,WSW,24,14,2,0,0,0,1,0,5,0
2020,4,121.0,영월,18.1,-52.4,13.0,19,4,2,1,0,,1.7,8.0,W,24,9,3,0,0,0,1,0,0,0
2020,4,127.0,충주,25.9,-37.2,13.4,19,5,3,1,0,,2.0,8.7,W,25,13,2,1,0,0,1,0,0,0
2020,4,129.0,서산,20.7,-49.5,17.2,19,5,3,1,0,,2.7,9.2,WNW,22,11,1,1,,0,,,,
2020,4,130.0,울진,54.3,-6.7,20.0,19,9,7,2,0,,3.1,11.9,NW,13,9,3,1,0,0,1,0,0,0
2020,4,131.0,청주,15.7,-50.9,11.5,19,3,2,1,0,,1.9,7.8,W,25,15,2,0,0,0,1,0,0,2
2020,4,133.0,대전,17.8,-63.9,12.4,19,4,3,1,0,,2.0,7.6,NE,12,14,1,1,0,0,0,0,1,0
2020,4,135.0,추풍령,39.7,-29.9,20.2,19,4,4,2,0,,3.8,13.3,W,21,12,4,1,0,0,2,0,0,0
2020,4,136.0,안동,22.1,-46.1,14.3,19,5,3,1,0,,2.3,9.5,WNW,21,11,5,0,2,0,0,0,3,4
2020,4,137.0,상주,36.3,,22.4,19,4,3,2,0,,2.2,8.1,W,24,13,3,0,0,0,2,0,0,0
2020,4,138.0,포항,45.5,-23.4,17.6,19,6,3,3,0,,3.3,10.3,NE,12,12,7,1,1,0,0,0,0,0
2020,4,140.0,군산,20.3,-57.9,13.2,19,4,3,1,0,,3.1,10.3,SSW,25,12,3,1,,0,,,,
2020,4,143.0,대구,32.4,-30.5,19.0,19,6,3,2,0,,2.9,9.9,E,12,14,7,1,0,0,0,0,3,2
2020,4,146.0,전주,23.0,-54.3,15.5,19,4,4,1,0,,2.2,9.7,SW,25,13,4,1,0,0,1,0,1,0
2020,4,152.0,울산,73.2,-17.9,26.4,17,8,4,3,0,,2.5,7.7,SSW,25,13,7,1,0,0,0,0,0,0
2020,4,155.0,창원,59.1,-70.8,30.0,19,5,4,2,1,,1.8,7.0,S,24,15,5,2,0,0,0,0,0,0
2020,4,156.0,광주,55.3,-25.4,27.3,19,4,4,2,0,,1.8,9.1,SSW,25,15,3,2,0,0,0,0,1,1
2020,4,159.0,부산,83.5,-49.2,33.2,19,6,5,3,2,,3.7,13.0,SW,25,15,5,2,0,0,0,0,0,0
2020,4,162.0,통영,72.2,-56.1,31.1,19,6,5,2,1,,2.8,12.5,SSW,25,13,4,2,,0,,,,
2020,4,165.0,목포,60.9,-8.4,30.0,19,5,3,2,1,,4.3,12.0,NNW,4,14,4,2,0,0,0,0,1,0
2020,4,168.0,여수,80.5,-36.1,37.3,17,5,5,3,1,,4.7,14.8,W,22,14,4,1,0,2,0,0,0,0
2020,4,169.0,흑산도,52.2,-29.0,20.6,19,3,3,3,0,,5.5,16.3,SSE,17,12,4,2,3,4,0,0,0,0
2020,4,170.0,완도,87.1,-32.1,32.6,17,6,5,3,1,,3.0,11.5,WNW,22,11,5,2,,0,,,,
2020,4,172.0,고창,33.9,,23.8,19,5,4,1,0,,3.3,13.7,SE,17,10,4,2,,0,,,,
2020,4,174.0,순천,73.4,,34.7,17,5,4,3,1,,2.9,10.2,WNW,22,12,6,3,,0,,,,
2020,4,177.0,홍성,13.8,,12.2,19,4,1,1,0,,2.3,9.2,SW,25,14,2,1,2,0,0,0,3,3
2020,4,184.0,제주,82.3,-7.3,25.4,12,6,5,3,0,,3.3,10.1,SW,25,12,4,2,0,0,0,0,0,0
2020,4,185.0,고산,32.5,-53.9,12.7,11,5,3,2,0,,7.5,18.4,NNW,13,9,5,1,,6,,,,
2020,4,188.0,성산,87.0,-63.1,27.1,17,6,5,4,0,,3.1,8.5,NW,25,11,6,2,,0,,,,
2020,4,189.0,서귀포,81.8,-93.1,32.6,17,5,5,3,1,,1.7,6.8,SSW,17,10,5,1,0,0,0,0,0,0
2020,4,192.0,진주,67.9,-50.3,30.0,19,5,4,2,1,,1.1,7.0,WSW,24,17,5,2,,0,,,,
2020,4,201.0,강화,10.5,-56.4,6.0,19,3,3,0,0,,3.0,9.7,SW,21,9,3,0,0,0,1,0,0,0
2020,4,202.0,양평,17.4,-50.9,11.5,19,5,2,1,0,,1.8,8.6,WSW,24,11,1,1,0,0,1,0,0,0
2020,4,203.0,이천,28.3,-45.7,13.5,19,5,4,1,0,,1.9,7.1,WSW,24,14,1,0,0,0,2,0,0,0
2020,4,211.0,인제,33.9,-27.2,12.5,12,6,4,1,0,,2.1,7.7,SSE,21,6,3,1,0,0,1,0,0,0
2020,4,212.0,홍천,14.2,-52.0,10.0,19,5,2,1,0,,1.7,6.9,W,21,9,2,1,0,0,1,0,0,0
2020,4,216.0,태백,46.4,-31.0,23.3,12,8,5,2,0,,1.7,7.4,SW,25,8,3,1,0,0,2,0,0,0
2020,4,217.0,정선군,34.5,,10.5,19,8,5,2,0,,2.8,16.5,NNE,25,7,4,1,0,3,2,0,0,0
2020,4,221.0,제천,28.9,-47.2,14.1,17,4,3,2,0,,2.1,9.1,SW,25,12,2,0,0,0,1,0,0,0
2020,4,226.0,보은,35.9,-37.2,19.8,17,3,2,2,0,,1.6,6.4,SW,25,12,2,1,0,0,3,0,0,0
2020,4,232.0,천안,15.1,-46.3,12.0,19,5,2,1,0,,2.0,9.2,WSW,25,18,1,0,,0,,,,
2020,4,235.0,보령,16.5,-52.4,11.4,19,5,4,1,0,,1.6,10.0,SSW,25,13,3,1,,0,,,,
2020,4,236.0,부여,17.7,-58.4,10.8,19,5,3,1,0,,1.5,8.5,SW,25,15,2,1,,0,,,,
2020,4,238.0,금산,35.6,-40.1,18.5,17,4,2,2,0,,1.7,8.0,SW,25,13,2,1,0,0,1,0,0,0
2020,4,239.0,세종,17.6,,11.5,19,4,2,1,0,,1.9,7.3,NNW,8,13,1,0,0,0,1,0,0,0
2020,4,243.0,부안,22.2,-51.4,16.3,19,4,4,1,0,,2.0,7.8,S,25,10,5,2,,0,,,,
2020,4,244.0,임실,40.5,-35.8,22.1,19,4,3,2,0,,1.6,7.9,W,22,12,5,1,0,0,1,0,0,0
2020,4,245.0,정읍,34.5,-40.8,24.4,19,6,4,1,0,,2.0,11.6,WSW,25,14,3,2,0,0,1,0,0,0
2020,4,247.0,남원,55.6,-15.9,27.7,19,5,4,2,0,,2.0,8.5,SW,25,11,6,2,0,0,1,0,0,0
2020,4,248.0,장수,45.7,-43.2,27.1,19,5,3,2,0,,2.1,9.1,SW,25,14,5,1,,0,,,,
2020,4,251.0,고창군,31.8,,24.4,19,7,3,1,0,,1.8,9.7,ESE,17,12,3,2,,0,,,,
2020,4,252.0,영광군,41.1,,28.6,19,4,4,1,0,,2.1,8.4,WSW,25,11,4,2,,0,,,,
2020,4,253.0,김해시,57.4,,24.6,17,5,4,2,0,,2.3,9.7,WNW,21,15,5,2,,0,,,,
2020,4,254.0,순창군,55.2,,29.4,19,4,4,2,0,,2.3,12.0,W,25,13,5,2,,0,,,,
2020,4,255.0,북창원,55.4,,30.2,19,6,4,2,1,,1.7,6.8,WNW,21,16,5,4,,0,,,,
2020,4,257.0,양산시,59.5,,25.7,19,6,4,2,0,,2.7,9.4,SW,25,16,5,2,0,0,1,0,0,0
2020,4,258.0,보성군,80.2,,37.5,17,5,4,3,1,,4.1,13.9,NW,22,13,4,3,,1,,,,
2020,4,259.0,강진군,63.6,,25.5,17,6,5,3,0,,2.7,10.2,NNW,21,13,4,2,0,0,1,0,0,0
2020,4,260.0,장흥,63.3,-38.1,26.0,17,6,5,3,0,,2.0,8.3,NNW,21,14,4,2,,0,,,,
2020,4,261.0,해남,56.7,-33.3,17.3,17,5,5,4,0,,2.5,9.0,WNW,22,11,5,2,0,0,1,0,0,0
2020,4,262.0,고흥,80.2,-39.9,40.5,17,5,5,3,1,,2.0,8.4,WNW,1,12,4,4,,0,,,,
2020,4,263.0,의령군,51.3,,24.0,19,6,4,2,0,,2.2,11.2,W,21,15,5,1,,0,,,,
2020,4,264.0,함양군,60.1,,33.5,19,5,4,2,1,,2.1,9.4,WSW,25,13,5,2,0,0,1,0,0,0
2020,4,266.0,광양시,54.0,,23.0,17,5,5,2,0,,2.2,8.3,WNW,22,14,4,4,,0,,,,
2020,4,268.0,진도군,61.5,,24.7,17,5,3,3,0,,3.0,9.0,NW,13,11,5,2,,0,,,,
2020,4,271.0,봉화,30.1,-45.2,13.1,19,4,3,2,0,,1.9,7.7,N,13,11,4,1,0,0,1,0,0,0
2020,4,272.0,영주,26.2,-56.7,14.9,19,3,3,2,0,,3.3,11.3,NW,21,11,2,1,0,0,1,0,0,0
2020,4,273.0,문경,28.7,-47.9,16.0,19,6,3,2,0,,2.6,9.4,WNW,21,13,2,1,0,0,1,0,0,0
2020,4,276.0,청송군,39.5,,18.5,19,5,5,2,0,,2.2,9.8,W,21,13,4,0,0,0,1,0,0,0
2020,4,277.0,영덕,40.0,-24.0,27.4,19,7,3,1,0,,3.6,11.7,NNE,13,13,5,1,0,0,1,0,0,0
2020,4,278.0,의성,35.2,-30.7,16.7,19,5,3,2,0,,1.7,7.8,NW,21,14,4,1,0,0,2,0,0,0
2020,4,279.0,구미,36.4,-29.9,23.4,19,4,3,2,0,,1.5,5.6,W,24,14,5,0,,0,,,,
2020,4,281.0,영천,36.5,-25.9,18.2,17,4,3,2,0,,2.2,7.7,W,21,14,5,1,,0,,,,
2020,4,283.0,경주시,53.4,,30.5,19,7,4,2,1,,3.1,11.2,W,21,16,6,2,,0,,,,
2020,4,284.0,거창,48.3,-27.1,27.6,19,5,3,2,0,,2.1,8.9,SW,25,15,4,1,,0,,,,
2020,4,285.0,합천,44.6,-29.4,24.9,19,6,3,2,0,,1.6,7.2,SSW,25,15,4,2,,0,,,,
2020,4,288.0,밀양,44.4,-41.9,21.7,19,6,3,2,0,,1.4,6.8,WNW,21,16,5,1,,0,,,,
2020,4,289.0,산청,63.6,-33.9,33.3,17,4,4,2,1,,2.5,12.6,WNW,21,16,4,1,,0,,,,
2020,4,294.0,거제,92.1,-84.9,41.7,19,6,5,2,2,,2.0,6.8,NW,25,14,5,3,,0,,,,
2020,4,295.0,남해,93.8,-68.0,39.0,19,6,5,3,2,,1.7,6.5,NW,21,15,4,3,,0,,,,
2020,5,90.0,속초,245.1,149.6,140.0,19,11,8,4,3,,2.2,9.6,W,11,,,6,,0,,,,
2020,5,93.0,북춘천,122.2,,40.5,9,10,9,5,1,,1.5,8.7,ENE,18,4,10,3,0,0,2,0,0,0
2020,5,95.0,철원,161.7,59.7,57.3,18,13,9,4,2,,1.4,6.6,NNE,19,4,11,1,0,0,2,0,0,0
2020,5,98.0,동두천,134.3,40.7,38.8,9,12,10,3,2,,1.4,8.4,WSW,13,4,14,2,0,0,2,0,0,0
2020,5,99.0,파주,131.8,,39.0,9,17,9,4,2,,1.4,8.2,WSW,13,4,15,2,0,0,1,0,0,0
2020,5,100.0,대관령,104.6,-17.7,28.8,9,14,8,4,0,,3.1,12.4,W,13,5,9,3,0,0,2,0,0,0
2020,5,101.0,춘천,118.3,14.3,36.4,9,11,8,5,1,,1.6,6.6,WSW,11,0,0,2,0,0,2,0,0,0
2020,5,102.0,백령도,223.2,144.3,85.0,17,12,10,8,2,,4.2,19.8,SSE,22,3,16,5,13,1,4,0,0,0
2020,5,104.0,북강릉,111.5,,38.9,9,11,7,3,1,,1.8,8.7,W,19,6,8,4,3,0,2,0,0,0
2020,5,105.0,강릉,95.5,8.5,26.7,9,9,6,4,0,,2.3,7.6,NW,19,6,12,2,0,0,2,0,0,0
2020,5,106.0,동해,90.3,16.3,30.1,18,13,5,4,1,,2.2,8.5,NNW,19,5,8,4,0,0,1,0,0,0
2020,5,108.0,서울,112.4,6.5,29.8,18,12,11,5,0,,2.4,7.2,ENE,19,5,14,2,0,0,2,0,0,0
2020,5,112.0,인천,101.2,0.9,35.7,18,15,9,4,1,,2.7,10.7,WNW,18,6,17,3,9,0,2,0,0,0
2020,5,114.0,원주,80.0,-13.5,33.8,18,11,5,3,1,,1.2,5.1,WNW,18,3,12,3,0,0,2,0,0,0
2020,5,115.0,울릉도,124.6,19.5,53.3,9,9,7,4,2,,3.8,13.3,WSW,19,5,9,5,7,0,2,0,0,0
2020,5,119.0,수원,97.9,0.1,36.7,18,16,11,3,1,,1.9,8.0,W,18,4,11,3,0,0,2,0,0,0
2020,5,121.0,영월,88.0,0.6,26.2,18,10,8,4,0,,1.3,8.5,SE,18,2,13,2,0,0,2,0,0,0
2020,5,127.0,충주,109.7,21.0,53.7,18,11,10,3,1,,1.5,7.0,E,18,2,9,2,0,0,1,0,0,0
2020,5,129.0,서산,101.3,-3.9,22.3,9,13,9,4,0,,2.1,8.8,WSW,18,3,8,3,0,0,2,0,0,0
2020,5,130.0,울진,58.9,-11.1,25.0,9,8,6,2,0,,2.3,7.8,NW,19,4,5,3,0,0,1,0,0,0
2020,5,131.0,청주,65.3,-23.0,23.7,18,9,8,3,0,,1.7,6.9,SE,18,2,12,2,1,0,2,0,0,0
2020,5,133.0,대전,80.4,-23.3,24.9,15,11,9,2,0,,1.6,7.8,ENE,18,4,12,2,1,0,3,0,0,0
2020,5,135.0,추풍령,65.3,-19.2,22.2,9,8,7,3,0,,2.8,9.8,W,12,2,12,3,0,0,2,0,0,0
2020,5,136.0,안동,71.9,-19.6,31.3,9,8,8,3,1,,1.8,7.3,SE,6,5,10,3,1,0,2,0,0,0
2020,5,137.0,상주,106.5,,35.1,18,8,7,3,2,,1.3,6.4,W,12,3,11,3,0,0,2,0,0,0
2020,5,138.0,포항,41.7,-43.5,23.7,9,7,5,2,0,,2.7,7.3,WSW,19,3,9,3,0,0,1,0,0,0
2020,5,140.0,군산,98.7,16.9,31.0,15,9,9,4,1,,2.3,8.6,WNW,18,4,11,2,0,0,2,0,0,0
2020,5,143.0,대구,38.1,-41.9,16.5,9,8,7,1,0,,2.5,8.6,WNW,12,5,10,2,0,0,2,0,0,0
2020,5,146.0,전주,79.0,-12.5,21.8,3,11,8,4,0,,1.7,7.2,WSW,19,5,13,4,3,0,3,0,0,0
2020,5,152.0,울산,51.5,-56.6,24.2,9,7,5,2,0,,1.9,5.8,NW,11,5,12,3,1,0,0,0,0,0
2020,5,155.0,창원,78.8,-63.4,50.3,9,8,5,3,1,,1.7,6.5,S,12,6,11,4,3,0,0,0,0,0
2020,5,156.0,광주,96.8,0.2,25.4,3,9,8,4,0,,1.7,7.9,SSW,1,6,12,1,0,0,1,0,0,0
2020,5,159.0,부산,96.2,-61.2,50.8,9,8,7,3,1,,3.1,11.8,WSW,19,7,13,3,4,0,1,0,0,0
2020,5,162.0,통영,119.5,-60.6,60.0,9,9,7,3,1,,2.2,9.8,SSW,19,6,12,4,,0,,,,
2020,5,165.0,목포,141.4,52.2,54.3,3,11,8,4,2,,3.5,9.8,W,19,5,9,1,4,0,2,0,0,0
2020,5,168.0,여수,139.4,-7.1,64.7,9,8,6,3,2,,3.4,12.0,NW,18,5,11,2,6,0,0,0,0,0
2020,5,169.0,흑산도,203.6,101.2,57.0,9,9,7,6,4,,4.9,18.5,SSE,8,3,13,4,15,3,4,0,0,0
2020,5,170.0,완도,258.6,123.2,111.2,9,9,8,4,3,,2.9,11.3,WNW,19,3,11,4,0,0,2,0,0,0
2020,5,172.0,고창,100.3,,41.0,3,10,8,4,1,,3.0,15.1,SE,15,3,13,3,0,1,1,0,0,0
2020,5,174.0,순천,112.3,,43.3,9,10,6,3,2,,2.2,7.8,W,12,5,11,3,0,0,1,0,0,0
2020,5,177.0,홍성,91.3,,23.7,9,9,9,3,0,,1.6,10.6,W,18,2,11,3,2,0,2,0,0,0
2020,5,184.0,제주,20.6,-75.8,5.3,16,9,5,0,0,,2.9,12.1,WSW,19,7,10,2,6,0,0,0,0,0
2020,5,185.0,고산,90.3,-19.9,41.8,9,10,7,2,1,,5.3,17.0,WNW,19,4,10,3,,2,,,,
2020,5,188.0,성산,246.4,68.7,98.3,9,10,8,5,3,,2.4,9.6,WNW,19,4,12,3,,0,,,,
2020,5,189.0,서귀포,244.0,38.2,108.4,9,11,8,5,3,,1.6,6.6,W,19,5,14,4,8,0,1,0,0,0
2020,5,192.0,진주,110.1,-12.7,45.9,9,7,6,4,1,,0.9,6.0,WSW,12,6,11,4,0,0,1,0,0,0
2020,5,201.0,강화,124.2,15.4,54.8,9,12,9,5,1,,1.9,7.8,WSW,24,4,13,4,0,0,3,0,0,0
2020,5,202.0,양평,102.8,0.4,40.8,18,13,8,3,1,,1.4,6.1,WSW,13,3,10,4,0,0,1,0,0,0
2020,5,203.0,이천,115.3,21.5,44.7,18,11,8,3,1,,1.2,5.3,SW,5,4,8,2,0,0,2,0,0,0
2020,5,211.0,인제,140.8,43.1,43.0,9,12,10,4,2,,1.6,7.1,S,13,4,12,4,0,0,2,0,0,0
2020,5,212.0,홍천,105.0,-0.2,39.1,9,9,7,3,2,,1.2,6.6,ESE,18,3,10,3,0,0,2,0,0,0
2020,5,216.0,태백,102.4,12.0,31.7,18,10,7,4,1,,1.6,7.6,ENE,4,5,10,2,0,0,2,0,0,0
2020,5,217.0,정선군,107.5,,32.5,9,15,7,4,1,,1.7,11.5,NNE,12,2,11,3,0,0,3,0,0,0
2020,5,221.0,제천,130.1,28.0,47.9,18,12,9,4,1,,1.5,6.5,W,13,2,10,2,0,0,1,0,0,0
2020,5,226.0,보은,89.1,-5.6,33.1,18,9,8,3,1,,1.3,6.8,SSE,18,2,11,3,0,0,2,0,0,0
2020,5,232.0,천안,86.4,0.7,37.5,18,11,7,3,1,,1.4,7.8,SE,18,2,11,2,0,0,1,0,0,0
2020,5,235.0,보령,92.4,4.2,26.9,18,13,10,3,0,,1.7,7.6,SSW,19,3,10,5,0,0,2,0,0,0
2020,5,236.0,부여,108.5,9.3,34.3,15,13,9,4,1,,1.3,6.0,SW,12,3,9,4,0,0,1,0,0,0
2020,5,238.0,금산,80.5,-9.6,21.1,18,10,8,3,0,,1.3,7.5,SW,12,4,12,1,0,0,2,0,0,0
2020,5,239.0,세종,91.6,,30.3,15,11,8,3,1,,1.5,5.2,E,18,1,11,2,0,0,1,0,0,0
2020,5,243.0,부안,111.9,22.9,30.2,3,9,6,5,1,,1.9,7.9,S,18,4,12,2,0,0,2,0,0,0
2020,5,244.0,임실,77.7,-10.3,18.6,18,8,7,4,0,,1.4,7.0,SSW,18,2,14,1,0,0,1,0,0,0
2020,5,245.0,정읍,86.1,-8.5,30.1,3,11,7,5,1,,1.9,8.4,WSW,12,3,14,2,0,0,2,0,0,0
2020,5,247.0,남원,73.4,-37.6,23.2,3,9,6,4,0,,1.9,7.8,WSW,12,3,12,2,0,0,1,0,0,0
2020,5,248.0,장수,81.4,-27.8,26.7,18,9,6,4,0,,1.7,7.4,ENE,7,3,13,2,0,0,2,0,0,0
2020,5,251.0,고창군,90.4,,31.6,3,11,7,4,1,,1.7,8.9,ESE,9,4,12,3,0,0,1,0,0,0
2020,5,252.0,영광군,125.7,,52.1,3,10,8,4,1,,1.9,7.7,SW,1,4,13,2,0,0,1,0,0,0
2020,5,253.0,김해시,73.4,,30.9,9,8,5,2,1,,1.9,7.0,WNW,11,5,12,4,0,0,1,0,0,0
2020,5,254.0,순창군,93.6,,24.6,9,10,6,4,0,,1.9,9.2,W,19,3,11,3,0,0,1,0,0,0
2020,5,255.0,북창원,51.5,,26.2,9,8,4,2,0,,1.3,5.9,E,7,5,9,3,,0,,,,
2020,5,257.0,양산시,67.3,,36.0,9,8,5,3,1,,2.2,7.2,SSW,12,3,13,4,,0,,,,
2020,5,258.0,보성군,194.9,,92.3,9,10,5,4,2,,3.2,9.3,NW,28,2,12,4,0,0,2,0,0,0
2020,5,259.0,강진군,161.5,,56.5,9,10,8,4,3,,2.4,10.0,W,19,5,12,3,0,0,2,0,0,0
2020,5,260.0,장흥,152.7,27.5,70.3,9,9,7,4,2,,1.9,9.3,SSE,9,3,13,1,0,0,2,0,0,0
2020,5,261.0,해남,188.1,82.6,59.4,3,12,8,5,3,,2.7,9.4,WSW,19,2,12,1,0,0,2,0,0,0
2020,5,262.0,고흥,151.1,10.9,88.9,9,7,6,3,1,,1.6,8.0,SSE,9,4,10,4,,0,,,,
2020,5,263.0,의령군,63.5,,26.5,9,8,4,3,0,,1.5,8.5,WSW,13,5,12,4,0,0,1,0,0,0
2020,5,264.0,함양군,62.7,,15.5,9,8,5,4,0,,1.4,7.6,W,12,4,13,3,0,0,1,0,0,0
2020,5,266.0,광양시,176.9,,73.0,9,10,7,4,2,,1.6,7.4,WNW,18,6,11,2,0,0,1,0,0,0
2020,5,268.0,진도군,212.9,,83.5,9,10,8,4,2,,2.4,8.1,SW,19,4,12,4,0,0,2,0,0,0
2020,5,271.0,봉화,114.8,9.1,38.5,18,11,7,4,2,,1.5,5.8,NNW,10,3,11,2,0,0,1,0,0,0
2020,5,272.0,영주,147.2,37.3,57.2,9,10,8,4,3,,2.2,9.5,NW,13,2,11,3,0,0,2,0,0,0
2020,5,273.0,문경,129.3,23.2,44.5,9,8,8,3,2,,1.8,6.2,E,6,2,10,3,0,0,1,0,0,0
2020,5,276.0,청송군,50.5,,23.5,9,9,7,2,0,,1.7,7.8,W,13,6,8,2,,0,,,,
2020,5,277.0,영덕,56.1,-19.5,33.6,9,6,5,2,1,,2.5,11.4,NE,4,5,8,3,,0,,,,
2020,5,278.0,의성,54.9,-23.4,22.2,9,7,7,2,0,,1.2,6.4,WNW,12,4,8,3,0,0,1,0,0,0
2020,5,279.0,구미,67.4,-9.6,24.1,9,8,6,3,0,,1.2,4.4,WNW,12,4,11,2,0,0,2,0,0,0
2020,5,281.0,영천,46.4,-40.8,21.3,9,8,7,1,0,,1.9,6.2,W,13,4,10,3,0,0,1,0,0,0
2020,5,283.0,경주시,39.9,,18.0,9,8,4,2,0,,2.5,10.1,WNW,13,4,11,1,0,0,1,0,0,0
2020,5,284.0,거창,75.7,-19.2,21.7,9,6,6,4,0,,1.6,6.7,WNW,12,5,13,3,0,0,4,0,0,0
2020,5,285.0,합천,84.3,-13.1,39.0,9,6,5,3,1,,1.2,5.2,WNW,12,4,12,4,,0,,,,
2020,5,288.0,밀양,50.3,-58.4,25.5,9,6,4,3,0,,1.2,5.3,WNW,12,5,12,3,0,0,1,0,0,0
2020,5,289.0,산청,71.7,-32.6,26.9,3,8,5,3,0,,2.0,8.5,WNW,12,4,12,2,0,0,1,0,0,0
2020,5,294.0,거제,115.9,-119.2,63.7,9,8,7,3,1,,1.9,6.5,SSW,1,4,11,4,0,0,1,0,0,0
2020,5,295.0,남해,184.1,-5.6,81.4,9,8,6,3,3,,1.4,6.4,WNW,12,5,11,4,,0,,,,
2020,6,90.0,속초,271.9,156.2,214.6,30,8,4,2,2,,2.2,9.3,N,30,,,5,,0,,,,
2020,6,93.0,북춘천,79.1,,45.1,24,11,7,2,1,,1.5,7.9,SSW,15,4,11,2,0,0,2,0,0,0
2020,6,95.0,철원,92.2,-45.8,46.3,24,9,8,3,1,,1.4,7.5,N,27,4,9,2,0,0,1,0,0,0
2020,6,98.0,동두천,128.6,-14.2,57.1,30,9,7,3,2,,1.4,9.0,SE,2,4,10,3,,0,,,,
2020,6,99.0,파주,131.4,,71.2,24,8,8,3,2,,1.3,7.6,SSE,2,6,11,3,0,0,2,0,0,0
2020,6,100.0,대관령,157.5,-43.5,130.7,30,7,6,1,1,,2.7,9.8,W,15,4,9,2,0,0,2,0,0,0
2020,6,101.0,춘천,75.8,-47.3,46.3,24,9,6,2,1,,1.7,6.5,N,30,0,0,2,0,0,3,0,0,0
2020,6,102.0,백령도,119.4,44.6,79.1,24,9,7,2,1,,3.1,12.8,ESE,24,0,15,6,20,0,0,0,0,0
2020,6,104.0,북강릉,244.4,,217.0,30,7,4,2,1,,1.6,6.5,W,30,5,11,4,0,0,1,0,0,0
2020,6,105.0,강릉,270.4,149.8,250.0,30,7,4,2,1,,2.2,8.0,SW,4,3,10,5,,0,,,,
2020,6,106.0,동해,120.4,10.0,100.5,30,7,7,2,1,,1.8,8.9,ENE,30,2,10,3,,0,,,,
2020,6,108.0,서울,139.6,6.4,64.7,30,11,8,4,2,,2.3,7.6,NE,30,5,11,2,0,0,0,0,0,0
2020,6,112.0,인천,100.2,-11.8,32.5,30,11,7,3,1,,2.6,9.0,E,29,4,12,3,10,0,1,0,0,0
2020,6,114.0,원주,49.6,-90.5,17.8,30,10,10,1,0,,1.3,5.1,NNE,30,3,10,5,,0,,,,
2020,6,115.0,울릉도,100.9,-14.4,61.7,30,6,6,2,2,,3.6,11.4,NE,16,5,9,1,10,0,0,0,0,0
2020,6,119.0,수원,91.1,-38.1,29.5,29,13,8,4,0,,2.0,7.7,SE,2,4,12,3,0,0,2,0,0,0
2020,6,121.0,영월,53.1,-90.8,17.8,30,11,8,2,0,,1.2,6.7,E,20,2,9,3,0,0,2,0,0,0
2020,6,127.0,충주,112.1,-22.6,31.0,10,12,10,3,1,,1.4,6.9,SE,2,3,9,3,,0,,,,
2020,6,129.0,서산,144.0,5.6,66.7,29,14,8,3,2,,2.0,6.2,NNW,30,4,9,3,0,0,1,0,0,0
2020,6,130.0,울진,126.9,21.1,73.5,30,10,8,3,1,,2.3,10.5,E,30,5,8,2,,0,,,,
2020,6,131.0,청주,145.9,1.8,59.8,10,14,8,4,2,,1.6,5.6,NNE,29,4,10,4,0,0,1,0,0,0
2020,6,133.0,대전,192.5,-13.8,58.7,10,14,9,5,2,,1.4,6.7,E,2,3,11,3,2,0,2,0,0,0
2020,6,135.0,추풍령,182.8,36.5,79.5,14,11,10,4,2,,2.2,9.8,W,14,5,11,5,,0,,,,
2020,6,136.0,안동,123.4,-13.4,39.5,29,9,9,3,2,,1.7,6.8,WNW,1,6,9,3,0,0,0,0,0,0
2020,6,137.0,상주,192.2,,45.5,29,11,9,8,2,,1.1,4.3,WSW,1,6,9,4,,0,,,,
2020,6,138.0,포항,112.9,-28.7,40.4,29,10,8,4,1,,2.5,7.0,WSW,15,6,10,2,0,0,0,0,0,0
2020,6,140.0,군산,196.6,41.8,61.8,14,17,12,4,3,,2.1,7.7,WNW,30,2,9,3,0,0,1,0,0,0
2020,6,143.0,대구,185.3,42.7,51.0,12,11,8,5,3,,2.2,7.5,W,30,7,10,3,0,0,1,0,0,0
2020,6,146.0,전주,187.5,19.6,90.6,14,13,10,4,1,,1.5,6.6,WSW,30,2,13,4,0,0,0,0,0,0
2020,6,152.0,울산,218.6,41.8,65.8,29,10,8,6,2,,1.7,5.9,SSW,30,4,8,2,1,0,0,0,0,0
2020,6,155.0,창원,278.9,46.6,98.9,29,11,10,5,4,,1.6,8.9,S,30,4,10,3,2,0,1,0,0,0
2020,6,156.0,광주,199.9,18.4,50.3,14,12,10,5,4,,1.6,6.9,SSW,30,2,12,4,0,0,0,0,0,0
2020,6,159.0,부산,321.1,114.4,99.2,29,10,9,7,4,,3.0,13.0,SW,30,5,9,2,5,0,2,0,0,0
2020,6,162.0,통영,371.3,173.7,100.1,13,11,10,7,4,,2.1,14.1,SSW,30,5,10,3,0,1,2,0,0,0
2020,6,165.0,목포,261.5,88.4,65.2,18,12,10,6,4,,2.8,10.4,W,30,2,13,3,4,0,1,0,0,0
2020,6,168.0,여수,367.0,153.3,80.5,29,14,10,6,5,,2.9,16.8,S,29,4,12,5,7,2,3,0,0,0
2020,6,169.0,흑산도,305.2,130.5,71.0,14,11,9,8,5,,3.9,17.5,SSE,29,4,16,7,18,2,1,0,0,0
2020,6,170.0,완도,343.3,100.3,110.6,18,12,10,7,4,,2.3,10.4,S,29,4,10,5,0,0,2,0,0,0
2020,6,172.0,고창,136.4,,31.6,29,13,10,5,1,,2.5,13.4,SE,24,1,12,5,0,0,1,0,0,0
2020,6,174.0,순천,246.7,,59.8,29,13,13,7,3,,1.7,7.2,E,29,3,11,5,0,0,1,0,0,0
2020,6,177.0,홍성,191.7,,80.7,29,12,10,3,2,,1.7,6.5,SSE,24,5,13,5,2,0,1,0,0,0
2020,6,184.0,제주,221.5,40.1,49.3,18,12,9,8,3,,2.7,12.8,WSW,30,6,16,7,5,0,2,0,0,0
2020,6,185.0,고산,290.5,141.8,100.0,13,12,9,6,4,,4.7,22.1,WSW,29,3,15,9,0,3,4,0,0,0
2020,6,188.0,성산,326.6,102.9,66.8,24,14,12,9,4,,2.1,11.2,NW,29,1,17,6,0,0,1,0,0,0
2020,6,189.0,서귀포,406.1,129.2,123.2,24,13,12,8,5,,1.6,9.9,SSW,29,3,17,7,11,0,3,0,0,0
2020,6,192.0,진주,234.2,21.2,92.6,29,13,11,6,3,,0.9,7.5,WSW,30,3,11,4,0,0,1,0,0,0
2020,6,201.0,강화,152.4,29.0,78.8,24,10,8,3,2,,2.0,6.6,WSW,15,6,11,4,0,0,1,0,0,0
2020,6,202.0,양평,102.1,-41.5,39.7,30,10,7,3,1,,1.4,7.5,SSE,2,5,11,3,0,0,1,0,0,0
2020,6,203.0,이천,98.1,-47.9,32.2,30,13,8,3,1,,1.2,5.7,SSW,13,5,9,3,0,0,1,0,0,0
2020,6,211.0,인제,58.5,-59.7,37.2,24,10,5,2,1,,1.6,8.9,N,30,5,11,3,0,0,1,0,0,0
2020,6,212.0,홍천,90.1,-50.5,36.4,24,8,6,2,2,,1.3,5.6,NNE,30,5,10,4,0,0,1,0,0,0
2020,6,216.0,태백,85.5,-56.7,49.7,30,9,7,2,1,,1.5,5.7,NE,5,4,8,1,0,0,1,0,0,0
2020,6,217.0,정선군,56.4,,26.0,30,11,7,1,0,,1.5,9.2,NNE,1,3,11,3,0,0,1,0,0,0
2020,6,221.0,제천,78.6,-75.6,18.8,30,13,10,3,0,,1.4,5.6,WSW,1,3,8,4,0,0,1,0,0,0
2020,6,226.0,보은,171.2,11.9,52.8,10,12,11,5,2,,1.1,5.9,ESE,24,3,12,4,,0,,,,
2020,6,232.0,천안,121.9,-11.2,45.7,10,10,9,3,2,,1.2,6.3,ENE,29,2,11,3,0,0,1,0,0,0
2020,6,235.0,보령,139.7,2.2,55.3,10,17,11,3,2,,1.5,6.8,S,24,3,13,4,0,0,1,0,0,0
2020,6,236.0,부여,188.4,22.2,71.6,10,15,11,4,3,,1.2,4.9,SW,14,4,11,4,0,0,1,0,0,0
2020,6,238.0,금산,234.0,61.0,95.4,14,14,11,6,3,,1.2,7.2,SSE,10,4,12,3,0,0,1,0,0,0
2020,6,239.0,세종,214.2,,66.2,10,15,10,5,4,,1.3,4.7,NW,30,3,11,4,0,0,2,0,0,0
2020,6,243.0,부안,157.6,7.6,48.6,14,14,9,5,2,,1.6,7.2,SSE,24,2,11,5,0,0,2,0,0,0
2020,6,244.0,임실,173.9,4.7,39.2,14,15,12,6,2,,1.1,6.5,W,30,4,12,3,0,0,2,0,0,0
2020,6,245.0,정읍,109.6,-46.5,24.3,14,13,10,4,0,,1.6,7.6,WSW,14,3,10,3,0,0,1,0,0,0
2020,6,247.0,남원,218.5,41.8,45.8,6,16,12,7,3,,1.7,7.0,S,30,2,10,4,0,0,1,0,0,0
2020,6,248.0,장수,210.2,21.0,72.2,14,16,11,6,2,,1.5,6.1,W,30,2,11,3,0,0,1,0,0,0
2020,6,251.0,고창군,157.1,,38.6,14,13,10,6,1,,1.4,8.3,ESE,24,2,10,6,0,0,1,0,0,0
2020,6,252.0,영광군,180.3,,37.6,29,15,10,8,3,,1.5,6.4,S,29,1,11,3,,0,,,,
2020,6,253.0,김해시,239.1,,87.7,29,11,8,5,3,,1.7,8.0,ESE,29,5,10,3,,0,,,,
2020,6,254.0,순창군,180.3,,40.1,29,15,10,7,2,,1.7,8.3,W,30,3,10,5,0,0,1,0,0,0
2020,6,255.0,북창원,217.7,,78.0,29,11,9,4,3,,1.2,7.0,S,30,4,11,3,,0,,,,
2020,6,257.0,양산시,217.6,,70.4,29,10,8,7,2,,2.2,8.2,SW,30,5,10,3,,0,,,,
2020,6,258.0,보성군,417.8,,100.1,29,13,12,7,5,,2.7,12.1,SW,29,3,10,6,0,0,3,0,0,0
2020,6,259.0,강진군,332.1,,93.0,18,13,12,7,5,,2.2,11.9,WSW,30,3,10,5,0,0,2,0,0,0
2020,6,260.0,장흥,311.5,92.5,87.0,18,12,9,6,5,,1.6,7.4,S,24,2,9,6,0,0,2,0,0,0
2020,6,261.0,해남,293.7,94.2,100.2,18,11,9,6,5,,2.0,10.6,WSW,30,4,12,4,0,0,1,0,0,0
2020,6,262.0,고흥,304.9,88.9,82.2,18,13,11,5,5,,1.3,8.6,S,29,3,11,6,0,0,3,0,0,0
2020,6,263.0,의령군,180.2,,66.0,29,12,9,5,3,,1.4,6.1,SSW,14,3,10,4,,0,,,,
2020,6,264.0,함양군,171.5,,42.0,29,14,11,6,2,,1.1,7.0,WSW,30,6,12,2,0,0,1,0,0,0
2020,6,266.0,광양시,353.0,,99.5,13,13,12,6,4,,1.3,5.5,W,30,4,12,5,0,0,3,0,0,0
2020,6,268.0,진도군,324.3,,119.6,18,12,9,7,4,,2.0,10.2,WSW,30,3,11,5,0,0,1,0,0,0
2020,6,271.0,봉화,115.3,-42.1,38.1,30,11,10,5,1,,1.3,5.2,WNW,1,5,9,3,0,0,1,0,0,0
2020,6,272.0,영주,142.3,-22.3,50.0,30,10,9,5,2,,1.8,8.2,NW,1,5,10,4,0,0,2,0,0,0
2020,6,273.0,문경,175.9,12.7,67.4,29,11,9,5,2,,1.5,6.9,E,29,5,9,3,,0,,,,
2020,6,276.0,청송군,117.1,,31.5,11,10,9,3,1,,1.4,7.1,WSW,1,6,10,2,,0,,,,
2020,6,277.0,영덕,165.6,45.8,68.8,30,10,8,4,2,,2.3,10.5,WNW,26,5,9,2,,0,,,,
2020,6,278.0,의성,144.3,12.3,43.2,14,10,8,3,3,,1.1,5.6,NW,1,7,10,3,,0,,,,
2020,6,279.0,구미,198.1,67.8,78.7,14,12,9,5,2,,1.0,4.7,W,1,6,9,4,,0,,,,
2020,6,281.0,영천,142.0,6.2,39.2,29,10,9,4,2,,1.6,5.6,W,30,7,11,3,0,0,2,0,0,0
2020,6,283.0,경주시,186.0,,51.5,12,9,9,7,3,,2.2,8.0,SW,30,6,9,2,0,0,1,0,0,0
2020,6,284.0,거창,181.4,7.2,40.1,29,13,11,8,2,,1.2,6.6,SW,30,6,10,3,0,0,1,0,0,0
2020,6,285.0,합천,186.8,17.9,52.0,29,11,11,6,2,,1.1,5.3,WSW,30,4,10,2,,0,,,,
2020,6,288.0,밀양,204.7,18.4,69.5,29,10,9,6,2,,1.1,5.2,WNW,30,5,9,3,,0,,,,
2020,6,289.0,산청,194.8,0.9,71.7,29,11,11,5,3,,1.6,9.9,W,30,5,11,3,0,0,1,0,0,0
2020,6,294.0,거제,383.1,113.2,86.6,29,11,10,8,5,,1.7,8.2,ESE,29,4,9,3,0,0,2,0,0,0
2020,6,295.0,남해,364.6,96.3,91.9,13,13,10,6,4,,1.3,7.5,SSW,29,4,12,4,0,0,2,0,0,0
2020,7,90.0,속초,374.7,127.8,115.5,24,12,12,8,4,,1.9,8.6,E,24,,,7,,0,,,,
2020,7,93.0,북춘천,183.6,,60.9,23,19,10,7,2,,1.3,10.5,ENE,23,0,17,5,0,0,2,0,0,0
2020,7,95.0,철원,184.5,-216.4,48.5,23,13,11,7,2,,1.6,7.6,NE,24,0,13,2,0,0,2,0,0,0
2020,7,98.0,동두천,248.0,-176.0,95.2,23,19,13,6,3,,1.2,6.2,SSW,20,0,15,4,0,0,1,0,0,0
2020,7,99.0,파주,231.2,,94.7,23,15,11,6,2,,1.4,6.3,SSW,20,0,16,5,0,0,1,0,0,0
2020,7,100.0,대관령,382.3,55.6,136.8,24,17,13,6,5,,2.1,9.5,WSW,20,2,13,7,0,0,1,0,0,0
2020,7,101.0,춘천,174.3,-209.5,63.0,23,15,11,7,2,,1.5,5.5,N,25,0,0,6,0,0,1,0,0,0
2020,7,102.0,백령도,214.3,13.2,78.2,19,11,7,4,2,,2.8,12.7,SSE,20,1,16,6,16,0,1,0,0,0
2020,7,104.0,북강릉,435.7,,128.2,24,18,13,8,6,,1.3,5.7,WSW,20,3,18,10,8,0,3,0,0,0
2020,7,105.0,강릉,375.9,133.1,121.8,24,16,13,7,5,,1.6,6.2,SW,20,3,15,10,0,0,2,0,0,0
2020,7,106.0,동해,346.1,111.4,99.9,24,18,14,8,6,,1.6,7.9,NE,14,2,13,9,0,0,2,0,0,0
2020,7,108.0,서울,270.4,-124.3,103.1,23,16,13,6,3,,2.4,8.7,NE,24,0,15,9,0,0,3,0,0,0
2020,7,112.0,인천,243.5,-76.1,101.8,23,16,11,5,2,,2.7,10.1,E,24,1,18,7,4,0,3,0,0,0
2020,7,114.0,원주,204.7,-157.5,50.4,29,20,15,5,3,,1.1,4.5,N,13,0,17,8,0,0,2,0,0,0
2020,7,115.0,울릉도,308.2,138.0,83.0,10,16,12,7,5,,2.9,19.7,WNW,1,0,23,9,19,1,0,0,0,0
2020,7,119.0,수원,384.7,33.6,92.9,22,19,12,6,5,,1.9,8.0,E,23,1,18,6,1,0,2,0,0,0
2020,7,121.0,영월,248.4,-43.9,74.7,29,19,14,6,3,,1.0,5.3,NE,10,0,17,3,0,0,2,0,0,0
2020,7,127.0,충주,352.2,58.7,82.3,29,20,17,7,5,,1.5,7.9,E,10,0,18,9,0,0,2,0,0,0
2020,7,129.0,서산,329.4,56.0,112.8,23,15,11,8,2,,1.6,7.5,NNW,20,0,14,7,0,0,1,0,0,0
2020,7,130.0,울진,482.7,295.9,178.4,24,18,14,9,4,,1.9,10.7,E,24,2,18,6,0,0,2,0,0,0
2020,7,131.0,청주,386.6,103.9,79.3,13,18,17,11,5,,1.5,6.5,E,23,0,20,7,0,0,4,0,0,0
2020,7,133.0,대전,544.9,211.0,141.3,30,21,17,9,5,,1.4,6.7,ESE,23,0,23,8,1,0,2,0,0,0
2020,7,135.0,추풍령,499.3,214.7,83.8,13,22,17,11,7,,2.0,9.0,ENE,10,1,18,10,0,0,2,0,0,0
2020,7,136.0,안동,412.1,167.8,79.3,13,19,16,11,4,,1.4,8.8,ESE,23,1,20,8,4,0,3,0,0,0
2020,7,137.0,상주,466.7,,107.2,13,21,17,11,5,,0.8,3.6,SW,20,1,15,10,0,0,2,0,0,0
2020,7,138.0,포항,346.1,142.9,115.0,13,19,18,9,3,,2.4,7.5,NE,13,0,23,10,0,0,1,0,0,0
2020,7,140.0,군산,446.2,205.0,124.0,13,19,16,11,4,,1.6,8.2,SW,20,0,19,6,0,0,2,0,0,0
2020,7,143.0,대구,330.5,106.5,63.1,23,18,14,10,4,,2.2,8.5,ESE,23,1,23,12,0,0,4,0,0,0
2020,7,146.0,전주,644.7,345.1,114.6,30,25,18,12,9,,1.3,7.0,SW,20,0,25,10,2,0,7,0,0,0
2020,7,152.0,울산,498.3,266.0,113.7,13,18,15,9,6,,1.5,6.1,SSW,20,1,23,11,5,0,5,0,0,0
2020,7,155.0,창원,524.1,230.3,96.7,13,21,18,10,7,,1.3,7.1,S,20,0,25,12,9,0,5,0,0,0
2020,7,156.0,광주,533.3,224.4,121.2,13,17,16,8,6,,1.5,8.3,SSW,24,0,25,9,0,0,4,0,0,0
2020,7,159.0,부산,796.8,479.9,208.7,10,19,16,9,8,,2.7,13.2,SW,20,1,24,10,12,0,6,0,0,0
2020,7,162.0,통영,607.8,294.3,147.4,10,19,15,10,6,,1.9,10.7,S,23,0,21,9,0,0,4,0,0,0
2020,7,165.0,목포,366.3,129.6,116.3,10,18,12,6,4,,2.9,10.5,SW,23,0,23,7,6,0,1,0,0,0
2020,7,168.0,여수,552.0,260.5,116.7,13,21,17,10,5,,2.9,11.8,SSW,24,0,26,8,6,0,4,0,0,0
2020,7,169.0,흑산도,205.0,-21.0,57.3,12,18,12,6,3,,3.9,17.7,SSE,23,1,22,10,19,4,1,0,0,0
2020,7,170.0,완도,282.1,-3.6,72.7,13,21,16,7,2,,2.3,10.5,SE,12,0,20,9,0,0,2,0,0,0
2020,7,172.0,고창,454.2,,126.0,29,19,17,8,5,,2.3,12.9,SE,23,0,20,7,0,0,6,0,0,0
2020,7,174.0,순천,453.1,,111.8,13,20,16,11,5,,1.3,5.5,WNW,1,1,12,11,0,0,4,0,0,0
2020,7,177.0,홍성,353.6,,96.7,13,19,12,9,3,,1.4,5.6,SW,20,0,21,6,4,0,1,0,0,0
2020,7,184.0,제주,184.7,-55.2,71.5,27,18,13,5,2,,2.9,12.1,SSW,20,0,22,7,2,0,3,0,0,0
2020,7,185.0,고산,247.8,69.8,92.4,7,17,9,5,3,,5.2,19.3,W,23,0,16,6,0,3,2,0,0,0
2020,7,188.0,성산,378.1,94.9,82.3,10,19,13,6,6,,2.4,7.2,SW,24,1,19,10,0,0,2,0,0,0
2020,7,189.0,서귀포,322.0,12.2,70.8,7,20,14,7,6,,1.6,7.3,S,10,1,22,9,10,0,1,0,0,0
2020,7,192.0,진주,587.5,287.5,121.1,13,18,17,10,7,,0.8,4.5,ENE,30,0,21,11,0,0,5,0,0,0
2020,7,201.0,강화,285.9,-72.3,106.1,23,15,12,6,3,,1.9,9.2,WSW,20,0,16,8,0,0,3,0,0,0
2020,7,202.0,양평,183.9,-215.1,73.7,23,18,14,4,2,,1.3,7.9,NE,24,0,14,8,0,0,3,0,0,0
2020,7,203.0,이천,414.0,43.8,86.3,23,19,13,6,5,,1.1,4.5,SW,20,0,14,9,0,0,3,0,0,0
2020,7,211.0,인제,123.8,-183.4,31.7,23,15,12,5,1,,1.5,6.4,S,20,1,14,7,0,0,1,0,0,0
2020,7,212.0,홍천,213.9,-183.1,61.6,23,18,17,6,2,,1.1,6.0,ENE,16,0,15,5,0,0,2,0,0,0
2020,7,216.0,태백,329.3,42.0,79.9,13,16,16,8,5,,1.4,6.9,SSW,20,2,14,5,,0,,,,
2020,7,217.0,정선군,225.7,,51.5,29,19,15,7,3,,1.2,10.2,NNE,20,0,17,4,0,0,1,0,0,0
2020,7,221.0,제천,317.5,-56.0,105.6,29,18,15,6,3,,1.3,6.3,NE,10,0,17,7,0,0,2,0,0,0
2020,7,226.0,보은,500.8,187.8,131.5,30,21,16,9,5,,1.0,5.7,ESE,23,0,16,9,0,0,3,0,0,0
2020,7,232.0,천안,356.4,91.7,71.3,29,17,15,8,5,,1.3,7.4,E,23,0,16,7,0,0,2,0,0,0
2020,7,235.0,보령,345.9,77.2,96.7,23,18,14,8,4,,1.4,9.7,SSW,20,0,15,6,0,0,4,0,0,0
2020,7,236.0,부여,492.6,173.0,123.9,13,19,15,10,5,,1.1,5.3,S,20,0,16,10,0,0,2,0,0,0
2020,7,238.0,금산,628.0,319.6,158.3,30,24,21,14,6,,1.0,6.8,S,20,0,19,12,0,0,4,0,0,0
2020,7,239.0,세종,436.4,,120.4,13,18,16,12,4,,1.3,6.7,E,23,0,15,7,0,0,2,0,0,0
2020,7,243.0,부안,509.8,233.8,125.6,29,24,18,8,4,,1.5,7.1,S,19,0,17,10,0,0,4,0,0,0
2020,7,244.0,임실,514.6,198.7,111.6,13,23,18,13,5,,1.1,5.8,SE,23,0,20,10,0,0,5,0,0,0
2020,7,245.0,정읍,465.8,186.1,116.1,13,23,18,10,6,,1.4,8.5,SSW,20,0,19,8,0,0,5,0,0,0
2020,7,247.0,남원,568.9,270.0,107.1,13,21,17,13,7,,1.5,6.8,S,19,0,19,10,0,0,7,0,0,0
2020,7,248.0,장수,584.6,251.0,124.1,13,22,19,13,7,,1.1,5.5,SW,20,0,17,12,0,0,7,0,0,0
2020,7,251.0,고창군,455.5,,100.4,13,25,18,8,7,,1.2,8.5,ESE,23,0,22,8,0,0,6,0,0,0
2020,7,252.0,영광군,531.4,,191.6,29,22,17,8,5,,1.2,6.5,SSE,23,0,21,7,0,0,3,0,0,0
2020,7,253.0,김해시,534.9,,107.8,10,21,15,9,7,,1.3,5.8,SSE,24,1,20,11,0,0,6,0,0,0
2020,7,254.0,순창군,560.5,,143.2,13,19,18,11,7,,1.4,7.2,W,20,0,21,10,0,0,6,0,0,0
2020,7,255.0,북창원,468.6,,86.5,10,18,17,9,5,,1.0,5.7,ENE,30,1,20,9,0,0,5,0,0,0
2020,7,257.0,양산시,495.7,,96.5,23,18,15,9,6,,2.1,8.4,NE,30,1,21,11,0,0,6,0,0,0
2020,7,258.0,보성군,405.7,,96.7,23,19,16,10,4,,2.3,8.3,SSW,23,0,20,12,0,0,3,0,0,0
2020,7,259.0,강진군,398.5,,91.5,13,25,16,9,6,,1.9,8.1,WSW,23,0,22,10,0,0,4,0,0,0
2020,7,260.0,장흥,354.1,63.2,91.3,13,18,16,9,3,,1.4,6.6,SSE,23,0,19,8,0,0,3,0,0,0
2020,7,261.0,해남,319.6,72.8,81.8,13,18,16,10,4,,2.2,9.9,SW,23,0,19,8,0,0,4,0,0,0
2020,7,262.0,고흥,334.2,67.5,102.5,13,17,15,9,4,,1.2,5.8,NW,1,0,18,7,0,0,3,0,0,0
2020,7,263.0,의령군,559.5,,99.5,23,20,17,11,8,,0.9,6.7,NNE,30,0,21,10,0,0,6,0,0,0
2020,7,264.0,함양군,605.8,,123.0,13,21,18,14,8,,0.6,4.3,WNW,20,1,18,10,0,0,6,0,0,0
2020,7,266.0,광양시,483.1,,116.5,13,21,18,13,5,,1.3,6.8,NE,10,0,20,10,0,0,5,0,0,0
2020,7,268.0,진도군,320.2,,75.7,13,17,13,9,4,,2.1,8.9,WSW,24,0,16,10,0,0,1,0,0,0
2020,7,271.0,봉화,272.5,-24.0,62.6,13,18,16,8,3,,1.0,4.9,NE,24,2,17,9,0,0,1,0,0,0
2020,7,272.0,영주,445.9,142.3,92.9,13,19,18,10,6,,1.2,7.9,NW,21,0,19,11,0,0,1,0,0,0
2020,7,273.0,문경,595.7,287.0,103.7,13,21,19,11,6,,1.1,5.5,E,23,0,17,11,0,0,1,0,0,0
2020,7,276.0,청송군,389.6,,87.0,13,20,17,10,3,,1.0,4.6,ESE,9,1,17,11,0,0,1,0,0,0
2020,7,277.0,영덕,507.5,317.8,124.2,23,19,14,10,3,,2.0,8.5,NE,13,2,18,14,0,0,2,0,0,0
2020,7,278.0,의성,373.8,142.6,71.5,13,20,17,11,5,,0.8,5.5,WNW,20,1,18,11,0,0,2,0,0,0
2020,7,279.0,구미,434.0,196.1,85.6,13,19,17,10,6,,0.8,3.4,E,23,1,17,12,0,0,6,0,0,0
2020,7,281.0,영천,338.5,114.1,74.9,13,19,15,10,4,,1.5,6.1,ESE,23,1,15,12,0,0,1,0,0,0
2020,7,283.0,경주시,381.5,,84.5,13,21,17,8,4,,1.8,7.2,S,20,1,18,9,0,0,1,0,0,0
2020,7,284.0,거창,591.6,290.2,115.8,13,21,18,12,7,,0.9,5.6,S,19,0,17,10,0,0,5,0,0,0
2020,7,285.0,합천,573.2,285.8,106.9,22,21,18,13,5,,0.8,5.2,ENE,30,0,18,12,0,0,4,0,0,0
2020,7,288.0,밀양,403.6,134.1,75.4,13,20,16,9,6,,0.9,5.6,NNW,30,1,18,11,0,0,4,0,0,0
2020,7,289.0,산청,658.1,333.3,114.2,22,19,17,10,6,,1.2,5.8,ENE,19,0,20,10,0,0,6,0,0,0
2020,7,294.0,거제,673.4,247.0,165.7,10,20,18,12,6,,1.6,6.2,SE,13,0,21,13,0,0,4,0,0,0
2020,7,295.0,남해,687.0,327.7,146.4,13,19,15,11,6,,1.0,4.7,SSW,20,0,21,10,0,0,6,0,0,0
2020,8,90.0,속초,411.3,118.3,127.9,5,21,19,9,3,,1.4,9.1,N,6,,,7,,0,,,,
2020,8,93.0,북춘천,821.2,,188.5,3,22,17,13,9,,1.0,7.3,SSE,27,0,22,5,0,0,12,0,0,0
2020,8,95.0,철원,903.0,564.8,155.5,2,20,18,14,9,,1.3,8.3,SE,27,0,20,1,0,0,6,0,0,0
2020,8,98.0,동두천,757.8,349.5,129.1,9,19,18,15,9,,1.5,10.3,SE,27,0,19,4,0,0,9,0,0,0
2020,8,99.0,파주,682.6,,143.0,9,20,16,15,8,,1.5,10.6,SSE,27,0,19,4,0,0,7,0,0,0
2020,8,100.0,대관령,296.7,-124.2,79.2,15,20,16,8,4,,2.9,11.0,WSW,6,2,17,5,0,0,3,0,0,0
2020,8,101.0,춘천,773.7,456.2,178.7,3,20,18,13,7,,1.3,6.0,S,27,0,0,3,0,0,6,0,0,0
2020,8,102.0,백령도,302.9,122.9,74.3,10,19,15,8,3,,3.6,17.6,ENE,27,0,28,8,23,1,4,0,0,0
2020,8,104.0,북강릉,171.1,,29.6,15,20,17,7,0,,1.3,5.6,SW,14,1,20,9,5,0,5,0,0,0
2020,8,105.0,강릉,150.4,-148.5,37.9,15,22,14,5,1,,1.8,8.7,SW,3,2,18,10,0,0,2,0,0,0
2020,8,106.0,동해,171.9,-68.4,50.3,10,20,18,5,1,,1.3,7.4,NNE,11,2,19,9,0,0,3,0,0,0
2020,8,108.0,서울,675.7,311.5,102.6,3,19,17,14,10,,2.3,8.3,S,3,1,23,7,0,0,9,0,0,0
2020,8,112.0,인천,486.4,200.6,106.6,11,21,13,11,5,,3.1,12.0,S,27,0,23,4,7,0,6,0,0,0
2020,8,114.0,원주,634.0,343.9,93.2,2,20,18,15,9,,0.9,5.5,WNW,22,2,18,3,0,0,10,0,0,0
2020,8,115.0,울릉도,68.4,-99.5,30.5,6,13,10,1,1,,4.3,15.1,WSW,11,2,15,3,12,1,1,0,0,0
2020,8,119.0,수원,659.3,359.5,134.2,9,19,15,13,6,,2.0,9.1,SSE,27,1,21,5,2,0,8,0,0,0
2020,8,121.0,영월,606.5,314.8,204.7,2,19,18,12,8,,0.9,8.9,ESE,27,0,17,6,0,0,6,0,0,0
2020,8,127.0,충주,505.6,237.0,84.2,3,19,16,14,6,,1.2,5.7,SSW,6,2,20,7,0,0,8,0,0,0
2020,8,129.0,서산,400.0,104.1,102.9,3,18,16,9,4,,2.4,11.1,NNE,6,0,14,6,0,0,5,0,0,0
2020,8,130.0,울진,148.9,-59.9,50.8,2,20,12,4,1,,2.0,6.4,NNW,6,1,18,2,0,0,5,0,0,0
2020,8,131.0,청주,385.8,100.7,61.1,11,16,16,12,4,,1.4,6.5,E,26,2,17,4,1,0,8,0,0,0
2020,8,133.0,대전,361.6,32.1,59.3,11,20,18,13,4,,1.5,8.1,ESE,26,1,15,2,4,0,8,0,0,0
2020,8,135.0,추풍령,333.5,89.0,69.4,7,18,14,7,5,,1.6,9.0,ENE,26,3,17,3,0,0,5,0,0,0
2020,8,136.0,안동,300.4,82.6,62.9,10,19,18,9,2,,1.3,6.4,ESE,26,3,18,2,5,0,6,0,0,0
2020,8,137.0,상주,428.6,,75.0,30,18,13,10,6,,0.8,4.3,W,16,3,15,2,0,0,5,0,0,0
2020,8,138.0,포항,180.0,-47.4,95.5,8,8,6,2,2,,2.6,6.5,ESE,26,4,13,1,0,0,1,0,0,0
2020,8,140.0,군산,520.6,257.5,153.8,8,17,15,10,4,,2.4,10.4,S,27,2,17,3,0,0,6,0,0,0
2020,8,143.0,대구,322.7,86.8,168.2,8,10,7,4,2,,1.9,6.9,ESE,26,5,15,2,0,0,6,0,0,0
2020,8,146.0,전주,471.5,194.0,192.8,8,14,12,8,3,,1.5,6.9,SW,6,3,14,3,1,0,10,0,0,0
2020,8,152.0,울산,137.1,-103.2,37.4,28,11,9,4,3,,2.2,6.1,SSW,9,4,11,2,1,0,4,0,0,0
2020,8,155.0,창원,193.1,-105.9,46.4,8,13,12,7,1,,1.7,7.8,S,26,6,15,2,1,0,3,0,0,0
2020,8,156.0,광주,738.1,440.3,259.5,7,13,12,8,5,,2.2,8.4,S,27,2,16,4,0,0,9,0,0,0
2020,8,159.0,부산,399.2,144.1,163.1,8,10,10,8,3,,4.0,13.4,SW,6,5,14,2,4,0,5,0,0,0
2020,8,162.0,통영,273.4,47.6,109.7,8,11,10,7,2,,2.9,12.7,SSE,27,5,10,2,0,0,6,0,0,0
2020,8,165.0,목포,206.4,13.8,90.9,7,11,9,4,2,,3.5,13.8,S,26,3,13,3,4,0,5,0,0,0
2020,8,168.0,여수,180.1,-82.8,68.1,10,10,9,4,2,,3.0,12.1,ESE,26,7,16,2,3,0,2,0,0,0
2020,8,169.0,흑산도,179.7,-17.4,61.2,26,10,7,6,2,,5.3,36.4,SSE,26,1,20,4,26,4,3,0,0,0
2020,8,170.0,완도,100.4,-143.2,49.6,26,10,8,3,1,,2.9,16.5,SE,26,3,9,3,0,1,3,0,0,0
2020,8,172.0,고창,362.3,,179.3,8,15,10,6,3,,2.9,14.5,ESE,26,4,14,4,0,1,9,0,0,0
2020,8,174.0,순천,544.1,,169.4,8,16,14,8,6,,1.6,9.9,E,26,4,8,3,0,0,6,0,0,0
2020,8,177.0,홍성,456.4,,89.6,3,18,16,10,5,,1.9,7.8,SE,27,1,19,4,4,0,6,0,0,0
2020,8,184.0,제주,140.4,-122.1,114.3,26,9,8,1,1,,2.9,13.5,SE,26,8,7,2,0,0,3,0,0,0
2020,8,185.0,고산,181.2,-20.6,67.4,26,11,7,4,3,,5.9,23.5,SSE,26,7,4,1,0,1,3,0,0,0
2020,8,188.0,성산,204.7,-155.9,68.8,26,9,7,4,3,,3.3,11.0,SSE,26,6,7,4,0,0,2,0,0,0
2020,8,189.0,서귀포,159.2,-132.4,67.4,26,10,8,5,1,,1.8,10.0,S,26,6,17,5,1,0,6,0,0,0
2020,8,192.0,진주,356.7,39.8,107.5,8,13,11,7,3,,1.1,6.8,ESE,26,3,13,3,0,0,9,0,0,0
2020,8,201.0,강화,479.4,152.8,133.6,9,20,17,12,5,,2.2,9.0,SW,27,0,20,9,0,0,5,0,0,0
2020,8,202.0,양평,624.1,251.0,116.1,6,19,16,13,7,,1.3,8.7,N,21,2,18,5,0,0,11,0,0,0
2020,8,203.0,이천,616.7,296.8,143.2,2,19,18,14,5,,1.1,6.6,SSW,27,2,17,6,0,0,8,0,0,0
2020,8,211.0,인제,668.8,374.8,135.0,4,21,16,14,7,,1.4,5.8,S,27,1,21,7,0,0,4,0,0,0
2020,8,212.0,홍천,744.8,428.5,136.8,3,18,17,15,9,,1.1,5.4,SSW,2,1,20,5,0,0,11,0,0,0
2020,8,216.0,태백,293.5,13.9,60.7,2,20,18,8,4,,1.6,8.6,SW,6,1,21,5,0,0,5,0,0,0
2020,8,217.0,정선군,466.6,,66.0,6,21,18,13,6,,1.5,10.2,NNE,6,1,21,5,0,0,5,0,0,0
2020,8,221.0,제천,685.8,392.1,259.0,2,20,18,14,7,,1.0,5.9,SSW,4,0,18,7,0,0,6,0,0,0
2020,8,226.0,보은,587.8,297.5,93.1,28,18,18,15,7,,1.0,5.2,ESE,27,2,17,3,0,0,7,0,0,0
2020,8,232.0,천안,481.7,183.4,182.9,3,17,17,12,4,,1.2,7.6,ESE,27,3,15,5,0,0,10,0,0,0
2020,8,235.0,보령,321.5,24.4,65.5,9,15,14,9,5,,2.6,15.4,SSW,6,2,15,4,0,1,6,0,0,0
2020,8,236.0,부여,367.8,84.8,53.1,11,17,15,10,6,,1.4,8.4,SE,27,2,16,3,0,0,7,0,0,0
2020,8,238.0,금산,373.4,106.6,69.7,8,17,14,8,5,,1.3,6.6,S,6,1,15,2,0,0,5,0,0,0
2020,8,239.0,세종,501.1,,71.3,28,19,17,16,5,,1.4,5.8,SSE,6,2,16,3,0,0,8,0,0,0
2020,8,243.0,부안,421.6,171.4,143.1,8,14,13,8,4,,2.0,10.6,SSE,27,3,13,4,0,0,9,0,0,0
2020,8,244.0,임실,631.4,319.6,195.5,8,16,16,10,6,,1.3,6.6,SSW,6,3,13,3,0,0,7,0,0,0
2020,8,245.0,정읍,530.4,260.1,176.6,8,16,14,12,5,,2.2,10.9,SSW,27,4,13,4,0,0,8,0,0,0
2020,8,247.0,남원,657.0,310.9,289.4,8,16,15,10,4,,1.7,9.1,SSE,26,3,14,2,0,0,11,0,0,0
2020,8,248.0,장수,623.4,287.9,237.0,8,16,15,10,5,,1.5,6.9,SSE,26,3,16,3,0,0,9,0,0,0
2020,8,251.0,고창군,464.9,,230.5,8,15,14,8,3,,1.9,10.5,ESE,27,4,14,3,0,0,9,0,0,0
2020,8,252.0,영광군,382.4,,152.4,8,14,13,6,4,,2.2,11.2,S,27,3,13,4,0,0,7,0,0,0
2020,8,253.0,김해시,200.1,,80.7,8,10,9,5,1,,1.8,8.2,SE,27,3,12,4,0,0,4,0,0,0
2020,8,254.0,순창군,822.0,,361.3,8,16,14,10,5,,1.6,10.2,SE,26,4,13,3,0,0,8,0,0,0
2020,8,255.0,북창원,233.8,,70.1,30,12,11,7,2,,1.5,5.5,S,6,5,11,4,0,0,5,0,0,0
2020,8,257.0,양산시,270.4,,95.0,8,11,11,8,2,,2.5,6.6,SW,27,3,11,3,0,0,4,0,0,0
2020,8,258.0,보성군,204.2,,58.4,26,12,9,5,3,,2.6,13.1,S,26,5,12,4,0,0,3,0,0,0
2020,8,259.0,강진군,253.1,,112.0,26,13,10,6,2,,2.3,13.7,ESE,26,5,11,3,0,0,3,0,0,0
2020,8,260.0,장흥,355.1,48.6,96.3,26,12,10,8,4,,1.8,11.5,SE,26,5,10,3,0,0,5,0,0,0
2020,8,261.0,해남,153.7,-94.8,85.4,26,10,8,3,2,,2.8,14.0,ESE,26,4,9,3,0,1,3,0,0,0
2020,8,262.0,고흥,181.8,-86.9,90.8,26,11,10,4,2,,1.6,8.9,S,26,5,10,2,0,0,3,0,0,0
2020,8,263.0,의령군,346.6,,99.5,8,14,13,7,4,,1.4,8.6,NNW,30,3,13,2,0,0,5,0,0,0
2020,8,264.0,함양군,618.0,,203.5,8,17,13,8,6,,0.7,4.7,ENE,26,4,17,2,0,0,9,0,0,0
2020,8,266.0,광양시,336.5,,93.0,26,13,12,8,3,,1.3,7.9,ESE,26,4,14,3,0,0,3,0,0,0
2020,8,268.0,진도군,100.3,,51.1,26,10,7,2,2,,2.7,9.8,SSW,27,4,11,2,0,0,1,0,0,0
2020,8,271.0,봉화,434.9,192.9,151.2,2,19,17,12,4,,0.9,4.9,SSE,27,1,19,4,0,0,7,0,0,0
2020,8,272.0,영주,437.1,164.0,72.2,2,21,19,12,6,,1.2,6.6,ESE,26,2,18,6,0,0,7,0,0,0
2020,8,273.0,문경,454.4,190.7,80.0,2,18,18,13,5,,1.0,6.3,ESE,26,3,18,1,0,0,7,0,0,0
2020,8,276.0,청송군,249.2,,67.0,8,16,13,7,3,,0.9,6.6,W,11,3,16,2,0,0,3,0,0,0
2020,8,277.0,영덕,123.3,-93.6,47.3,8,11,8,4,1,,1.8,7.9,W,19,3,16,2,0,0,1,0,0,0
2020,8,278.0,의성,222.3,-7.7,67.8,8,14,12,4,3,,0.9,4.5,WSW,28,2,16,2,0,0,3,0,0,0
2020,8,279.0,구미,401.0,164.0,107.6,10,16,12,5,5,,0.9,4.0,ESE,27,3,16,3,,0,,,,
2020,8,281.0,영천,246.9,21.6,110.6,8,11,10,4,2,,1.5,5.5,ESE,27,3,15,3,0,0,3,0,0,0
2020,8,283.0,경주시,137.8,,80.5,8,10,4,3,2,,2.4,9.6,S,9,3,10,2,0,0,1,0,0,0
2020,8,284.0,거창,467.0,182.2,171.9,8,16,13,7,5,,1.1,8.2,SE,26,4,16,3,0,0,6,0,0,0
2020,8,285.0,합천,466.2,171.7,186.3,8,15,10,6,4,,1.0,5.0,NE,30,3,15,2,0,0,4,0,0,0
2020,8,288.0,밀양,197.2,-40.4,92.7,8,13,11,3,2,,1.2,5.0,SSE,27,3,12,3,0,0,4,0,0,0
2020,8,289.0,산청,712.0,345.1,197.9,8,15,12,8,6,,1.2,6.2,NE,27,5,15,4,0,0,6,0,0,0
2020,8,294.0,거제,427.8,92.2,199.3,8,12,10,8,3,,1.9,7.6,ESE,27,5,10,6,0,0,5,0,0,0
2020,8,295.0,남해,196.0,-116.2,51.4,26,14,12,5,2,,1.5,8.2,ESE,26,5,11,3,0,0,3,0,0,0
2020,9,90.0,속초,482.8,249.9,192.5,7,16,12,5,4,,2.2,10.2,NE,3,,,3,,0,,,,
2020,9,93.0,북춘천,153.1,,43.1,3,12,9,7,1,,1.3,11.2,NNW,3,2,13,3,2,0,3,0,0,0
2020,9,95.0,철원,166.0,17.5,37.4,3,11,10,4,4,,1.6,6.5,NNE,7,5,10,1,0,0,2,0,0,0
2020,9,98.0,동두천,130.4,-42.4,45.0,7,9,8,4,2,,1.4,8.7,WSW,3,6,11,2,0,0,2,0,0,0
2020,9,99.0,파주,195.7,,59.2,9,11,8,4,3,,1.5,7.5,SW,3,6,9,4,0,0,2,0,0,0
2020,9,100.0,대관령,551.0,243.7,137.3,7,17,16,8,5,,3.0,17.0,W,3,3,11,3,0,2,1,0,0,0
2020,9,101.0,춘천,157.2,-3.7,44.5,3,12,9,7,1,,1.5,7.2,SW,3,0,0,2,0,0,2,0,0,0
2020,9,102.0,백령도,232.9,119.0,104.8,16,9,7,6,2,,3.1,14.1,NNW,7,9,9,3,5,2,3,0,0,0
2020,9,104.0,북강릉,541.7,,206.5,7,16,13,6,4,,1.7,8.0,WSW,3,4,15,4,1,0,2,0,0,0
2020,9,105.0,강릉,613.8,370.0,236.2,7,16,13,7,5,,2.2,10.3,SW,3,4,14,6,0,0,2,0,0,0
2020,9,106.0,동해,304.0,62.9,83.8,7,13,10,8,3,,2.4,15.1,SSE,7,4,10,4,0,1,1,0,0,0
2020,9,108.0,서울,181.5,12.2,61.0,7,11,9,4,3,,2.5,9.8,W,3,5,12,4,0,0,5,0,0,0
2020,9,112.0,인천,167.7,14.2,62.7,7,8,7,4,3,,3.3,13.2,W,7,6,9,3,0,0,3,0,0,0
2020,9,114.0,원주,148.9,-24.5,40.0,3,10,9,5,2,,1.1,5.5,SW,8,3,10,4,0,0,1,0,0,0
2020,9,115.0,울릉도,110.8,-59.9,47.3,12,14,10,3,1,,4.8,15.4,ENE,12,4,14,5,7,1,0,0,0,0
2020,9,119.0,수원,163.4,9.5,59.9,7,10,9,5,2,,1.9,9.9,NW,3,6,11,4,0,0,1,0,0,0
2020,9,121.0,영월,139.6,-10.7,35.4,3,11,9,6,2,,1.1,8.7,WSW,3,2,11,6,0,0,1,0,0,0
2020,9,127.0,충주,146.4,-2.5,46.0,3,9,8,6,2,,1.5,8.2,WSW,3,3,8,5,0,0,1,0,0,0
2020,9,129.0,서산,257.7,95.3,118.6,7,9,7,4,3,,1.8,10.6,S,3,5,7,5,,0,,,,
2020,9,130.0,울진,236.3,50.7,75.2,7,16,11,6,4,,3.2,24.2,E,3,2,8,3,,2,,,,
2020,9,131.0,청주,160.6,13.5,56.0,3,8,8,4,3,,1.7,7.5,WNW,3,4,9,3,0,0,2,0,0,0
2020,9,133.0,대전,173.6,3.9,61.8,3,11,9,5,1,,1.4,7.2,NW,3,3,9,5,0,0,1,0,0,0
2020,9,135.0,추풍령,226.8,87.7,78.0,3,12,8,6,3,,2.1,13.7,W,3,3,10,7,0,0,1,0,0,0
2020,9,136.0,안동,124.3,-7.6,39.7,3,10,8,3,2,,1.3,10.4,W,3,4,11,1,5,0,0,0,0,0
2020,9,137.0,상주,147.3,,41.8,3,11,8,4,3,,0.9,11.1,W,3,2,10,4,0,0,1,0,0,0
2020,9,138.0,포항,246.7,69.6,103.4,7,18,13,4,2,,3.1,15.5,SE,3,3,12,3,0,2,2,0,0,0
2020,9,140.0,군산,171.0,43.7,62.9,7,12,10,6,1,,2.0,13.1,NW,3,4,6,4,0,0,1,0,0,0
2020,9,143.0,대구,161.0,17.5,44.8,3,12,12,4,3,,2.0,11.3,E,3,3,12,5,0,0,2,0,0,0
2020,9,146.0,전주,135.2,-2.4,49.9,3,11,8,4,2,,1.7,9.3,WSW,7,2,10,4,0,0,2,0,0,0
2020,9,152.0,울산,243.0,74.8,118.4,7,13,10,5,3,,2.5,12.6,ESE,7,3,13,3,2,0,1,0,0,0
2020,9,155.0,창원,241.7,74.4,118.6,7,11,9,4,3,,1.4,16.0,E,2,3,14,5,0,2,1,0,0,0
2020,9,156.0,광주,178.3,27.8,49.4,2,12,11,6,2,,1.5,7.0,WSW,7,3,12,4,0,0,2,0,0,0
2020,9,159.0,부산,230.5,72.5,113.6,7,10,10,4,2,,3.5,20.5,SE,3,3,13,4,0,2,2,0,0,0
2020,9,162.0,통영,338.2,201.5,139.1,7,9,7,5,4,,2.6,13.6,NNE,7,3,11,5,0,0,1,0,0,0
2020,9,165.0,목포,208.6,61.1,87.4,7,12,11,4,2,,3.1,19.7,N,3,1,9,3,1,3,1,0,0,0
2020,9,168.0,여수,181.2,24.1,86.3,2,14,9,5,2,,4.2,21.2,NW,3,3,13,5,2,4,1,0,0,0
2020,9,169.0,흑산도,71.9,-45.6,23.7,2,9,7,3,0,,4.1,21.5,N,7,3,10,4,7,3,2,0,0,0
2020,9,170.0,완도,266.3,84.2,86.2,2,15,11,5,3,,1.9,13.5,WNW,3,1,10,4,0,0,3,0,0,0
2020,9,172.0,고창,227.9,,66.8,7,12,10,7,3,,2.4,17.3,NW,3,2,8,4,0,1,1,0,0,0
2020,9,174.0,순천,239.3,,71.5,2,14,11,6,3,,1.3,9.1,WNW,3,1,10,6,0,0,1,0,0,0
2020,9,177.0,홍성,251.2,,101.0,7,10,10,7,3,,1.8,12.1,NW,3,5,10,5,7,0,2,0,0,0
2020,9,184.0,제주,400.5,178.9,183.6,2,14,10,5,3,,3.0,25.0,NNE,2,2,16,8,1,1,0,0,0,0
2020,9,185.0,고산,132.8,16.6,37.2,2,13,11,5,1,,5.0,45.0,SSW,2,2,13,5,,3,,,,
2020,9,188.0,성산,469.3,240.9,262.9,2,16,13,7,5,,2.8,16.3,NNW,2,4,11,7,,1,,,,
2020,9,189.0,서귀포,424.9,228.3,235.0,2,14,13,7,3,,2.1,12.3,N,2,3,15,5,1,0,0,0,0,0
2020,9,192.0,진주,200.0,15.5,50.5,3,14,12,5,3,,1.1,8.6,WSW,3,3,10,3,0,0,1,0,0,0
2020,9,201.0,강화,215.6,50.2,70.5,7,9,7,4,4,,2.1,7.7,W,3,7,7,4,0,0,1,0,0,0
2020,9,202.0,양평,139.4,-22.6,37.1,3,10,7,6,1,,1.4,8.2,WSW,3,3,10,2,0,0,2,0,0,0
2020,9,203.0,이천,191.9,15.9,49.0,3,12,10,6,2,,1.1,7.1,NW,3,5,9,5,0,0,2,0,0,0
2020,9,211.0,인제,193.5,37.1,67.1,3,10,10,5,3,,1.7,8.0,SSE,8,2,17,1,0,0,1,0,0,0
2020,9,212.0,홍천,136.3,-42.6,37.9,3,11,10,6,1,,1.2,7.8,WSW,3,3,11,3,0,0,1,0,0,0
2020,9,216.0,태백,494.4,290.5,158.5,7,15,12,7,5,,1.8,8.2,SW,3,2,11,4,,0,,,,
2020,9,217.0,정선군,182.7,,43.5,3,16,9,6,3,,2.0,12.5,NNE,8,1,16,5,0,0,2,0,0,0
2020,9,221.0,제천,134.1,-27.0,39.7,7,12,9,7,1,,1.3,9.3,WNW,3,2,10,5,0,0,1,0,0,0
2020,9,226.0,보은,162.2,19.1,53.8,3,9,7,5,2,,1.0,6.9,W,3,1,9,8,0,0,2,0,0,0
2020,9,232.0,천안,167.2,8.8,56.6,3,10,8,5,3,,1.3,7.8,WNW,3,3,9,4,0,0,1,0,0,0
2020,9,235.0,보령,177.1,38.7,93.0,7,10,7,3,2,,1.6,6.8,N,7,3,9,7,0,0,1,0,0,0
2020,9,236.0,부여,208.9,56.6,65.8,7,12,9,6,2,,1.2,7.5,WNW,3,3,7,7,0,0,1,0,0,0
2020,9,238.0,금산,167.2,27.4,58.3,3,12,9,5,1,,1.1,8.4,WNW,3,4,7,4,0,0,1,0,0,0
2020,9,239.0,세종,171.3,,50.0,3,9,9,4,2,,1.5,8.4,NNW,3,4,6,6,,0,,,,
2020,9,243.0,부안,224.3,77.4,92.0,7,12,8,5,3,,1.5,9.3,W,7,4,6,6,0,0,2,0,0,0
2020,9,244.0,임실,158.0,19.5,40.8,3,12,10,5,2,,1.0,7.1,WNW,3,2,7,4,0,0,2,0,0,0
2020,9,245.0,정읍,211.4,60.4,52.2,7,13,10,7,3,,1.6,11.7,NNW,3,1,6,5,0,0,1,0,0,0
2020,9,247.0,남원,216.6,79.6,63.2,2,13,12,5,4,,2.1,9.8,W,3,2,8,5,0,0,3,0,0,0
2020,9,248.0,장수,268.2,123.4,83.1,3,14,10,5,3,,1.4,12.0,WNW,3,1,11,7,0,0,2,0,0,0
2020,9,251.0,고창군,237.4,,54.9,7,14,11,7,3,,1.5,10.1,W,3,3,6,5,0,0,2,0,0,0
2020,9,252.0,영광군,266.7,,95.4,7,12,10,6,3,,1.4,10.6,NNW,3,2,7,4,0,0,1,0,0,0
2020,9,253.0,김해시,278.8,,96.7,7,10,8,4,3,,1.6,18.3,ESE,3,3,11,5,0,1,1,0,0,0
2020,9,254.0,순창군,168.2,,54.4,9,14,11,5,2,,1.6,14.9,NW,3,1,7,6,0,1,1,0,0,0
2020,9,255.0,북창원,473.8,,149.0,7,11,9,5,3,,1.7,11.2,E,3,3,10,5,0,0,2,0,0,0
2020,9,257.0,양산시,452.0,,195.5,7,10,9,5,4,,2.7,12.4,SSW,3,2,13,4,0,0,2,0,0,0
2020,9,258.0,보성군,181.0,,54.5,2,13,11,6,2,,2.5,20.2,NNW,3,2,12,5,0,3,2,0,0,0
2020,9,259.0,강진군,221.0,,84.5,2,16,13,6,2,,1.6,12.2,NNW,2,2,10,4,0,0,2,0,0,0
2020,9,260.0,장흥,219.2,27.5,89.6,2,14,11,6,3,,1.2,9.5,NNW,3,2,12,4,0,0,2,0,0,0
2020,9,261.0,해남,295.7,131.4,113.9,2,12,11,6,2,,1.7,12.9,N,2,1,9,5,0,0,1,0,0,0
2020,9,262.0,고흥,256.0,80.9,105.3,2,13,11,4,4,,1.1,9.8,WNW,7,2,10,5,0,0,1,0,0,0
2020,9,263.0,의령군,317.8,,122.5,2,14,12,7,3,,1.4,11.9,WNW,7,2,10,4,0,0,2,0,0,0
2020,9,264.0,함양군,177.5,,45.0,2,15,13,5,2,,0.8,10.7,WSW,3,1,10,6,0,0,2,0,0,0
2020,9,266.0,광양시,199.8,,120.5,2,14,9,5,1,,2.0,10.1,NNE,2,3,10,6,0,0,1,0,0,0
2020,9,268.0,진도군,309.1,,144.8,7,12,11,5,2,,1.9,11.5,WSW,7,1,7,5,0,0,1,0,0,0
2020,9,271.0,봉화,153.5,4.8,55.2,3,8,8,3,2,,1.3,8.4,NNE,7,1,13,4,,0,,,,
2020,9,272.0,영주,108.3,-44.9,35.8,7,11,7,4,1,,1.6,10.9,WNW,3,3,11,4,,0,,,,
2020,9,273.0,문경,118.4,-23.0,31.9,3,12,8,4,2,,1.3,11.3,WNW,7,3,10,6,0,0,1,0,0,0
2020,9,276.0,청송군,221.5,,89.5,7,10,10,5,2,,0.9,8.6,ENE,3,2,10,4,,0,,,,
2020,9,277.0,영덕,205.7,49.8,77.1,7,14,9,4,2,,2.9,14.8,SE,7,5,8,3,0,2,1,0,0,0
2020,9,278.0,의성,116.5,-15.2,37.6,7,10,8,3,2,,1.1,8.2,WSW,3,3,9,3,0,0,2,0,0,0
2020,9,279.0,구미,152.5,6.2,50.0,3,11,8,4,3,,0.9,6.6,W,7,2,8,6,0,0,1,0,0,0
2020,9,281.0,영천,201.6,66.6,79.9,3,13,12,4,2,,1.5,11.9,ENE,3,3,10,4,0,0,1,0,0,0
2020,9,283.0,경주시,314.5,,118.0,7,17,13,6,2,,2.5,16.7,S,3,2,11,5,0,1,2,0,0,0
2020,9,284.0,거창,160.7,-5.3,56.0,2,14,13,4,2,,1.1,8.4,NNW,3,1,9,7,0,0,3,0,0,0
2020,9,285.0,합천,193.7,35.7,68.4,2,14,13,3,3,,1.1,8.0,N,3,3,8,6,0,0,2,0,0,0
2020,9,288.0,밀양,236.0,99.9,78.1,2,12,11,4,3,,1.2,7.6,WSW,3,2,10,4,0,0,2,0,0,0
2020,9,289.0,산청,228.5,6.2,78.5,2,13,12,4,3,,1.2,14.1,WNW,3,3,10,6,0,1,3,0,0,0
2020,9,294.0,거제,400.9,200.2,173.1,7,10,8,5,4,,1.5,10.2,ESE,3,3,11,8,,0,,,,
2020,9,295.0,남해,313.2,99.8,125.4,2,14,11,5,3,,1.6,10.5,WNW,3,2,9,6,0,0,1,0,0,0
2020,10,90.0,속초,0.0,-88.7,0.0,13,0,0,0,0,,1.7,6.4,N,14,,,1,,0,,,,
2020,10,93.0,북춘천,0.3,,0.2,2,2,0,0,0,,0.9,8.1,ESE,9,7,2,1,6,0,0,0,9,6
2020,10,95.0,철원,4.1,-40.6,1.6,22,3,3,0,0,,0.9,5.1,WNW,4,11,3,0,,0,,,,
2020,10,98.0,동두천,2.9,-48.2,1.5,4,2,2,0,0,,1.0,5.8,NW,4,9,4,1,,0,,,,
2020,10,99.0,파주,3.5,,3.5,2,1,1,0,0,,1.1,6.2,NNW,4,6,3,1,,0,,,,
2020,10,100.0,대관령,1.8,-123.1,1.2,3,2,1,0,0,,2.2,9.0,W,24,11,8,0,,0,,,,
2020,10,101.0,춘천,0.1,-44.2,0.1,4,1,0,0,0,,1.1,5.9,ENE,9,0,0,1,,0,,,,
2020,10,102.0,백령도,22.5,-6.7,11.8,16,6,3,1,0,,3.7,14.5,NNW,23,8,5,1,2,1,0,1,0,0
2020,10,104.0,북강릉,0.2,,0.1,3,2,0,0,0,,1.2,6.4,W,5,11,4,0,0,0,0,0,0,1
2020,10,105.0,강릉,0.6,-109.8,0.5,1,2,0,0,0,,2.2,5.7,SW,22,11,6,0,,0,,,,
2020,10,106.0,동해,5.1,-78.4,5.1,3,1,1,0,0,,1.9,7.5,NE,13,12,7,0,,0,,,,
2020,10,108.0,서울,0.0,-51.8,0.0,22,0,0,0,0,,2.1,7.2,NW,4,11,3,1,0,0,0,0,4,1
2020,10,112.0,인천,1.9,-51.5,1.2,2,4,1,0,0,,2.8,8.8,NNW,4,9,3,1,2,0,0,0,0,0
2020,10,114.0,원주,11.3,-38.8,10.7,3,2,1,1,0,,0.8,4.2,NNE,9,12,4,0,,0,,,,
2020,10,115.0,울릉도,82.5,-1.4,44.8,15,9,6,2,1,,3.3,12.5,NNE,5,6,9,2,1,0,0,0,0,0
2020,10,119.0,수원,22.2,-30.9,21.9,3,2,1,1,0,,1.5,7.5,WNW,4,12,3,2,1,0,0,0,3,1
2020,10,121.0,영월,10.5,-29.6,10.3,3,3,1,1,0,,0.8,6.8,NNE,9,9,5,0,,0,,,,
2020,10,127.0,충주,10.7,-46.8,10.4,3,3,1,1,0,,1.1,4.9,WNW,24,10,4,1,,0,,,,
2020,10,129.0,서산,12.6,-39.6,12.2,3,3,1,1,0,,1.4,8.0,NW,4,7,5,1,,0,,,,
2020,10,130.0,울진,1.9,-62.3,0.8,3,4,0,0,0,,2.3,6.9,NNW,13,10,9,0,,0,,,,
2020,10,131.0,청주,5.8,-44.3,5.8,3,1,1,0,0,,1.3,5.6,E,9,13,3,0,0,0,0,0,3,0
2020,10,133.0,대전,3.2,-44.2,2.1,3,3,1,0,0,,1.3,7.1,ESE,8,9,5,0,0,0,0,0,1,0
2020,10,135.0,추풍령,5.0,-38.9,3.1,21,3,2,0,0,,2.3,10.2,W,24,8,4,0,,0,,,,
2020,10,136.0,안동,1.5,-35.4,0.8,21,2,0,0,0,,1.2,6.0,NW,24,3,6,0,9,0,0,0,5,1
2020,10,137.0,상주,2.7,,1.6,21,3,1,0,0,,1.1,4.5,WNW,22,7,6,0,,0,,,,
2020,10,138.0,포항,4.0,-39.7,3.2,21,3,1,0,0,,2.7,10.5,NE,9,8,6,0,0,0,0,0,0,0
2020,10,140.0,군산,4.1,-50.1,3.1,3,3,1,0,0,,1.7,7.9,NW,4,8,5,2,,0,,,,
2020,10,143.0,대구,13.1,-20.7,12.0,21,3,2,1,0,,2.0,8.2,ESE,8,8,5,1,0,0,0,0,0,0
2020,10,146.0,전주,4.2,-49.3,1.9,3,3,3,0,0,,1.3,5.9,W,23,10,4,3,0,0,0,0,0,0
2020,10,152.0,울산,18.9,-34.6,11.1,22,3,2,1,0,,2.2,6.1,NNE,9,8,5,1,0,0,0,0,0,0
2020,10,155.0,창원,20.5,-29.7,12.9,21,2,2,1,0,,1.4,6.4,NE,8,8,6,0,0,0,0,0,0,0
2020,10,156.0,광주,12.1,-34.7,10.7,21,3,1,1,0,,1.2,5.3,NE,8,8,5,1,1,0,0,0,0,0
2020,10,159.0,부산,26.4,-32.0,15.8,22,3,2,2,0,,2.8,8.9,NW,5,10,5,3,0,0,0,0,0,0
2020,10,162.0,통영,28.0,-26.2,16.4,21,3,2,2,0,,2.3,8.3,N,5,6,5,0,,0,,,,
2020,10,165.0,목포,20.5,-26.4,15.6,21,3,2,1,0,,3.5,11.2,N,22,3,7,1,0,0,0,0,0,0
2020,10,168.0,여수,27.6,-20.5,26.0,21,2,2,1,0,,3.9,12.9,NE,8,8,4,0,0,0,0,0,0,0
2020,10,169.0,흑산도,11.3,-34.1,5.8,4,5,3,0,0,,5.5,15.4,N,23,5,7,3,1,2,0,0,0,0
2020,10,170.0,완도,20.1,-36.4,20.0,21,2,1,1,0,,1.6,6.2,WNW,23,7,6,3,0,0,1,0,0,0
2020,10,172.0,고창,10.2,,4.0,21,3,3,0,0,,2.3,8.9,NNW,4,3,5,1,,0,,,,
2020,10,174.0,순천,17.9,,17.1,21,3,1,1,0,,1.7,7.3,WNW,23,6,5,2,,0,,,,
2020,10,177.0,홍성,19.5,,18.4,3,3,1,1,0,,1.3,6.3,NE,8,8,4,2,2,0,0,0,3,1
2020,10,184.0,제주,53.7,-26.6,46.4,21,4,4,1,1,,2.9,8.8,ENE,8,3,7,2,0,0,0,0,0,0
2020,10,185.0,고산,34.7,-11.0,30.9,21,4,3,1,1,,6.3,19.4,NE,23,4,8,2,,3,,,,
2020,10,188.0,성산,34.4,-56.4,20.8,21,5,3,1,0,,2.7,8.1,NW,24,0,7,1,,0,,,,
2020,10,189.0,서귀포,39.2,-42.4,25.0,21,4,3,1,0,,1.7,8.7,ENE,8,9,7,0,0,0,0,0,0,0
2020,10,192.0,진주,28.6,-16.4,27.6,21,3,1,1,0,,0.8,5.2,ENE,9,8,5,0,,0,,,,
2020,10,201.0,강화,3.4,-47.8,3.3,2,2,1,0,0,,1.6,6.1,W,4,10,4,1,,0,,,,
2020,10,202.0,양평,4.2,-41.0,4.1,3,2,1,0,0,,1.0,5.6,WNW,4,7,4,1,,0,,,,
2020,10,203.0,이천,7.1,-35.0,7.1,3,1,1,0,0,,0.9,3.9,WSW,23,7,4,1,,0,,,,
2020,10,211.0,인제,0.7,-40.0,0.7,2,1,0,0,0,,1.1,5.4,SSE,4,10,4,1,,0,,,,
2020,10,212.0,홍천,1.7,-47.8,1.6,3,2,1,0,0,,0.9,5.5,WNW,4,8,3,0,,0,,,,
2020,10,216.0,태백,1.5,-50.3,1.4,3,2,1,0,0,,1.2,6.4,NNE,8,9,10,0,,0,,,,
2020,10,217.0,정선군,8.0,,7.5,3,2,1,0,0,,1.3,9.2,NNE,24,8,9,1,,0,,,,
2020,10,221.0,제천,12.4,-39.1,12.2,3,2,1,1,0,,0.9,5.3,W,4,10,5,2,,0,,,,
2020,10,226.0,보은,3.0,-42.0,1.8,3,4,1,0,0,,0.8,5.6,SE,9,6,4,1,,0,,,,
2020,10,232.0,천안,18.9,-34.2,18.1,3,2,1,1,0,,0.9,4.9,E,9,11,3,1,,0,,,,
2020,10,235.0,보령,16.2,-37.2,12.1,3,5,3,1,0,,1.0,5.6,SSW,2,8,5,2,,0,,,,
2020,10,236.0,부여,4.4,-48.7,3.3,3,3,1,0,0,,1.0,4.8,NW,23,8,5,0,,0,,,,
2020,10,238.0,금산,4.1,-44.4,1.5,21,4,3,0,0,,1.0,5.1,E,8,5,5,3,,0,,,,
2020,10,239.0,세종,6.4,,5.9,3,3,1,0,0,,1.2,6.7,NW,24,9,4,0,,0,,,,
2020,10,243.0,부안,6.8,-44.6,4.9,3,3,2,0,0,,1.2,5.4,WNW,24,1,5,3,,0,,,,
2020,10,244.0,임실,7.6,-34.3,5.1,21,3,2,0,0,,0.8,5.1,WNW,23,7,5,3,,0,,,,
2020,10,245.0,정읍,5.9,-48.4,2.9,21,3,3,0,0,,1.1,6.4,N,5,3,4,2,,0,,,,
2020,10,247.0,남원,11.9,-34.4,8.8,21,3,3,0,0,,1.7,9.5,ENE,9,4,6,1,,0,,,,
2020,10,248.0,장수,8.5,-36.0,6.2,21,3,2,0,0,,1.2,6.5,NE,8,7,5,3,,0,,,,
2020,10,251.0,고창군,8.1,,4.1,21,3,3,0,0,,1.3,6.0,WNW,5,3,5,1,,0,,,,
2020,10,252.0,영광군,16.5,,9.7,4,3,3,0,0,,1.4,6.7,N,23,1,5,1,,0,,,,
2020,10,253.0,김해시,26.6,,15.5,22,3,2,2,0,,1.6,6.6,NW,5,7,5,1,,0,,,,
2020,10,254.0,순창군,9.4,,7.0,21,3,3,0,0,,1.6,7.9,NW,5,5,4,2,,0,,,,
2020,10,255.0,북창원,19.4,,11.8,21,3,2,1,0,,1.4,6.0,NW,9,8,6,0,,0,,,,
2020,10,257.0,양산시,27.5,,16.7,22,3,2,2,0,,1.8,6.5,NE,9,7,6,2,,0,,,,
2020,10,258.0,보성군,24.7,,24.4,21,2,1,1,0,,3.1,10.7,NNW,23,7,5,0,,0,,,,
2020,10,259.0,강진군,24.7,,24.0,21,4,1,1,0,,1.8,7.4,NNW,23,5,5,1,,0,,,,
2020,10,260.0,장흥,21.9,-22.6,21.9,21,1,1,1,0,,1.4,7.1,N,5,6,5,1,,0,,,,
2020,10,261.0,해남,27.4,-16.8,27.0,21,4,1,1,0,,1.4,6.3,N,5,3,7,1,,0,,,,
2020,10,262.0,고흥,24.9,-18.7,24.7,21,2,1,1,0,,1.1,7.0,WNW,24,9,6,0,,0,,,,
2020,10,263.0,의령군,23.5,,20.5,21,4,3,1,0,,1.2,7.9,N,8,8,5,0,,0,,,,
2020,10,264.0,함양군,12.8,,11.0,21,3,2,1,0,,0.9,6.0,SW,28,4,6,1,,0,,,,
2020,10,266.0,광양시,33.9,,33.5,21,2,1,1,1,,1.6,7.0,NE,9,8,6,1,,0,,,,
2020,10,268.0,진도군,24.9,,24.4,21,3,1,1,0,,2.5,8.2,NNW,22,5,6,2,,0,,,,
2020,10,271.0,봉화,1.4,-35.1,1.1,3,3,1,0,0,,1.2,6.7,N,24,8,8,0,,0,,,,
2020,10,272.0,영주,1.2,-42.0,1.1,3,2,1,0,0,,2.1,8.8,WNW,25,11,6,1,,0,,,,
2020,10,273.0,문경,1.7,-39.7,1.2,3,4,1,0,0,,1.7,9.3,WNW,23,11,6,1,,0,,,,
2020,10,276.0,청송군,4.5,,4.0,21,2,1,0,0,,0.9,5.0,WNW,24,6,7,0,,0,,,,
2020,10,277.0,영덕,1.5,-51.7,1.3,21,3,1,0,0,,2.7,10.8,WNW,23,8,8,0,,0,,,,
2020,10,278.0,의성,4.6,-27.1,4.0,21,3,1,0,0,,0.9,6.4,NE,8,8,7,2,,0,,,,
2020,10,279.0,구미,6.0,-29.4,5.4,21,2,1,0,0,,0.8,4.6,WNW,24,8,5,1,,0,,,,
2020,10,281.0,영천,11.1,-20.7,10.0,21,3,1,1,0,,1.6,7.1,ENE,8,9,7,0,,0,,,,
2020,10,283.0,경주시,7.9,,6.0,21,4,2,0,0,,2.3,8.7,WNW,23,9,9,0,,0,,,,
2020,10,284.0,거창,11.9,-32.4,10.0,21,2,2,1,0,,1.1,5.4,NNW,24,7,7,1,,0,,,,
2020,10,285.0,합천,16.3,-22.0,15.1,21,3,2,1,0,,0.8,7.0,ENE,8,4,5,0,,0,,,,
2020,10,288.0,밀양,13.6,-25.9,10.4,21,3,2,1,0,,0.9,5.7,NNW,5,7,7,0,,0,,,,
2020,10,289.0,산청,15.9,-32.4,14.7,21,3,2,1,0,,1.5,7.6,W,24,7,6,0,,0,,,,
2020,10,294.0,거제,31.9,-31.7,17.8,22,3,2,2,0,,1.2,6.5,NW,5,6,5,1,,0,,,,
2020,10,295.0,남해,28.9,-34.8,25.3,21,3,3,1,0,,1.4,5.8,WNW,24,8,7,0,,0,,,,
2020,11,90.0,속초,19.2,-59.6,15.3,19,6,2,1,0,,2.0,8.2,SW,20,,,1,,0,,,,
2020,11,93.0,북춘천,75.2,,62.8,19,5,4,1,1,,1.2,7.3,SSW,19,11,6,3,5,0,1,0,18,18
2020,11,95.0,철원,72.3,25.9,51.0,19,5,4,2,1,,1.1,6.4,WNW,3,11,5,1,0,0,1,0,0,0
2020,11,98.0,동두천,73.9,38.1,52.5,19,5,4,2,1,,1.4,7.8,WNW,3,10,5,3,0,0,1,0,0,0
2020,11,99.0,파주,64.2,,40.0,19,7,4,2,1,,1.2,7.7,WNW,3,10,4,3,0,0,1,0,0,0
2020,11,100.0,대관령,22.6,-54.3,21.1,19,4,1,1,0,,3.6,14.0,W,19,11,6,2,,1,,,,
2020,11,101.0,춘천,84.2,39.5,72.0,19,4,4,1,1,,1.2,6.6,WNW,3,0,0,2,0,0,1,0,0,0
2020,11,102.0,백령도,37.4,10.1,18.0,19,5,4,2,0,,4.8,15.9,SSE,18,7,7,3,1,4,1,3,1,1
2020,11,104.0,북강릉,5.8,,5.8,19,1,1,0,0,,1.5,7.6,W,3,15,5,0,0,0,0,0,1,5
2020,11,105.0,강릉,7.7,-72.6,7.7,19,1,1,0,0,,2.7,10.8,SSW,20,15,5,0,,0,,,,
2020,11,106.0,동해,11.5,-56.1,11.5,19,1,1,1,0,,2.0,8.9,NE,8,14,5,0,,0,,,,
2020,11,108.0,서울,120.1,67.6,86.9,19,9,5,3,1,,2.2,8.4,WNW,3,11,5,4,0,0,1,0,15,12
2020,11,112.0,인천,81.6,30.6,47.7,19,8,4,2,1,,3.1,9.4,SSW,19,11,5,4,5,0,1,1,8,9
2020,11,114.0,원주,23.6,-19.9,17.9,19,6,3,1,0,,0.9,6.0,WNW,3,10,6,4,0,0,1,0,0,0
2020,11,115.0,울릉도,118.8,13.3,35.2,27,11,8,4,1,,3.2,14.3,ENE,27,6,10,5,1,1,2,1,0,0
2020,11,119.0,수원,56.8,7.1,43.3,19,7,5,1,1,,1.8,8.1,NW,3,11,5,4,2,0,1,1,15,14
2020,11,121.0,영월,38.4,6.2,31.7,19,5,4,1,1,,1.0,6.3,W,3,11,7,4,0,0,1,0,0,0
2020,11,127.0,충주,30.0,-17.2,19.9,19,6,4,1,0,,1.3,6.5,W,3,11,9,4,0,0,2,0,0,0
2020,11,129.0,서산,72.0,15.5,50.8,19,8,6,1,1,,1.7,9.4,S,19,5,6,5,0,0,1,0,0,0
2020,11,130.0,울진,21.3,-36.0,20.5,19,3,1,1,0,,2.5,9.1,E,16,14,6,1,0,0,1,0,0,0
2020,11,131.0,청주,41.0,-5.7,23.7,19,5,5,1,0,,1.2,5.5,WNW,3,10,6,6,2,0,1,0,11,8
2020,11,133.0,대전,41.8,0.7,28.5,19,7,5,1,0,,1.3,6.9,S,19,10,6,4,2,0,2,0,12,5
2020,11,135.0,추풍령,38.3,-3.0,22.3,19,6,5,1,0,,2.8,9.7,WSW,27,12,6,4,0,0,2,0,0,0
2020,11,136.0,안동,35.0,4.4,30.6,19,6,3,1,1,,1.5,8.0,WNW,3,14,6,1,7,0,1,0,14,16
2020,11,137.0,상주,27.9,,22.1,19,5,3,1,0,,1.5,7.2,WNW,27,12,7,4,,0,,,,
2020,11,138.0,포항,20.4,-20.7,19.3,19,3,1,1,0,,2.5,7.1,WNW,3,15,5,3,0,0,0,0,0,2
2020,11,140.0,군산,47.6,-10.9,23.8,19,6,5,2,0,,1.8,8.7,NW,27,7,9,4,0,0,2,0,0,0
2020,11,143.0,대구,23.9,-6.6,19.0,19,4,3,1,0,,2.2,9.0,WNW,3,15,5,2,0,0,1,0,10,6
2020,11,146.0,전주,58.5,8.3,35.2,19,6,5,2,1,,1.6,6.9,WSW,19,9,7,4,1,0,2,0,6,6
2020,11,152.0,울산,37.7,-3.4,30.5,19,5,4,1,1,,2.1,6.1,NW,28,13,4,2,0,0,0,0,0,2
2020,11,155.0,창원,55.6,3.4,49.7,19,5,3,1,1,,1.5,8.5,S,19,13,6,1,0,0,1,0,0,0
2020,11,156.0,광주,28.3,-20.5,21.1,19,6,4,1,0,,1.4,8.8,SW,19,9,9,4,0,0,1,0,6,2
2020,11,159.0,부산,36.3,-9.5,31.8,19,3,2,1,1,,2.8,15.6,SW,19,12,4,2,1,1,1,0,0,0
2020,11,162.0,통영,54.4,14.6,48.6,19,5,3,1,1,,2.5,14.8,S,19,12,3,1,0,1,1,0,0,0
2020,11,165.0,목포,14.0,-29.4,7.2,19,7,4,0,0,,4.1,11.9,NNW,3,6,11,4,0,0,0,0,0,0
2020,11,168.0,여수,15.4,-26.4,12.0,19,4,3,1,0,,4.0,16.2,NW,20,13,6,1,0,1,0,0,0,0
2020,11,169.0,흑산도,23.3,-11.7,9.5,1,8,4,0,0,,6.4,19.7,SSE,18,7,14,4,1,9,1,3,0,0
2020,11,170.0,완도,3.4,-53.8,1.4,2,4,1,0,0,,2.2,9.6,SSE,18,8,10,3,0,0,1,0,0,0
2020,11,172.0,고창,58.3,,43.6,19,7,5,1,1,,3.0,10.1,SSW,19,6,9,5,0,0,2,0,0,0
2020,11,174.0,순천,22.4,,14.6,19,5,2,1,0,,2.2,7.9,WNW,8,8,6,5,0,0,2,0,0,0
2020,11,177.0,홍성,41.7,,23.4,19,6,6,1,0,,1.2,7.2,SSW,19,8,8,6,6,0,1,1,11,12
2020,11,184.0,제주,28.2,-33.7,12.2,19,7,6,1,0,,2.9,9.9,SSW,19,7,11,4,0,0,0,0,0,0
2020,11,185.0,고산,19.4,-38.0,5.9,2,7,6,0,0,,7.1,19.6,NE,27,6,10,1,,10,,,,
2020,11,188.0,성산,14.9,-70.2,6.7,2,7,4,0,0,,2.7,8.1,SSW,19,5,9,1,,0,,,,
2020,11,189.0,서귀포,11.7,-59.7,3.8,2,7,4,0,0,,1.5,5.9,S,19,8,7,0,0,0,0,0,0,0
2020,11,192.0,진주,25.6,-19.4,20.4,19,5,4,1,0,,0.8,5.2,W,19,11,6,1,,0,,,,
2020,11,201.0,강화,45.1,-5.6,16.2,19,6,6,2,0,,1.6,10.7,WSW,19,11,6,4,0,0,1,0,0,0
2020,11,202.0,양평,58.0,18.6,40.1,19,6,4,1,1,,1.2,7.3,WNW,3,8,5,4,0,0,1,0,0,0
2020,11,203.0,이천,39.6,0.8,30.2,19,5,5,1,1,,1.0,6.5,SSW,19,9,4,6,0,0,1,0,0,0
2020,11,211.0,인제,59.8,20.3,49.8,19,4,4,1,1,,1.4,6.9,S,19,13,7,5,0,0,1,0,0,0
2020,11,212.0,홍천,50.6,9.7,38.3,19,6,3,1,1,,1.0,7.1,WNW,3,12,6,3,0,0,1,0,0,0
2020,11,216.0,태백,33.0,-10.4,31.5,19,4,1,1,1,,1.4,8.9,SW,19,13,7,1,0,0,1,0,0,0
2020,11,217.0,정선군,38.0,,29.5,19,4,4,1,0,,1.9,12.2,NNE,3,11,6,4,0,0,1,0,0,0
2020,11,221.0,제천,13.4,-29.0,6.8,18,5,4,0,0,,1.1,7.4,WNW,3,13,7,4,0,0,2,0,0,0
2020,11,226.0,보은,37.0,-7.1,22.3,19,7,5,1,0,,1.1,7.1,SSE,19,11,8,5,0,0,1,0,0,0
2020,11,232.0,천안,45.9,-3.3,28.8,19,6,6,1,0,,1.1,5.7,W,27,7,7,5,0,0,1,0,0,0
2020,11,235.0,보령,35.4,-21.8,15.9,19,6,5,1,0,,1.4,10.6,SSW,19,5,7,5,0,0,1,0,0,0
2020,11,236.0,부여,41.8,-11.4,22.8,19,7,5,1,0,,1.0,6.9,S,19,6,7,3,0,0,2,0,0,0
2020,11,238.0,금산,41.9,-5.6,23.6,19,7,5,1,0,,1.0,6.2,S,19,9,6,4,0,0,1,0,0,0
2020,11,239.0,세종,50.1,,32.1,19,7,5,1,1,,1.2,6.7,NNW,3,11,8,4,0,0,1,0,0,0
2020,11,243.0,부안,49.4,-4.5,24.8,19,6,5,2,0,,1.3,7.8,S,19,0,10,5,0,0,1,0,0,0
2020,11,244.0,임실,71.0,24.8,54.3,19,6,5,1,1,,1.0,6.4,W,8,9,8,5,0,0,1,0,0,0
2020,11,245.0,정읍,69.8,12.0,47.5,19,6,6,1,1,,1.3,9.4,WSW,19,3,9,5,0,0,2,0,0,0
2020,11,247.0,남원,33.1,-9.7,22.5,19,8,5,1,0,,1.5,7.0,S,19,7,6,5,0,0,1,0,0,0
2020,11,248.0,장수,73.4,29.2,63.0,19,6,4,1,1,,1.5,9.0,WSW,19,8,8,4,0,0,1,0,0,0
2020,11,251.0,고창군,63.4,,42.3,19,7,5,1,1,,1.6,7.2,SE,18,8,9,5,0,0,2,0,0,0
2020,11,252.0,영광군,71.9,,55.7,19,7,6,1,1,,1.7,7.2,S,19,3,11,5,0,0,2,0,0,0
2020,11,253.0,김해시,61.3,,55.5,19,5,3,1,1,,1.9,8.5,S,19,12,5,3,0,0,1,0,0,0
2020,11,254.0,순창군,48.0,,34.8,19,7,5,1,1,,1.8,10.9,W,19,7,6,6,0,0,2,0,0,0
2020,11,255.0,북창원,71.2,,64.7,19,6,3,1,1,,1.5,6.5,S,19,12,4,3,0,0,1,0,0,0
2020,11,257.0,양산시,74.8,,69.4,19,5,3,1,1,,1.8,10.6,WSW,19,11,6,4,0,0,1,0,0,0
2020,11,258.0,보성군,11.5,,5.6,19,5,5,0,0,,3.4,12.9,NNW,3,9,7,4,0,0,1,0,0,0
2020,11,259.0,강진군,12.1,,7.5,19,5,4,0,0,,2.4,9.7,WSW,19,8,8,3,0,0,1,0,0,0
2020,11,260.0,장흥,20.1,-32.5,14.8,19,5,3,1,0,,1.9,7.6,N,8,10,8,3,0,0,1,0,0,0
2020,11,261.0,해남,6.9,-39.9,2.5,19,6,4,0,0,,,6.9,N,9,6,11,3,0,0,1,0,0,0
2020,11,262.0,고흥,9.1,-37.6,5.0,19,5,3,0,0,,1.4,6.9,S,19,11,9,2,0,0,1,0,0,0
2020,11,263.0,의령군,24.8,,19.0,19,7,3,1,0,,1.2,8.6,WNW,3,11,5,2,,0,,,,
2020,11,264.0,함양군,26.2,,20.5,19,7,4,1,0,,1.3,7.8,WNW,3,9,5,3,0,0,2,0,0,0
2020,11,266.0,광양시,11.0,,8.0,19,5,3,0,0,,1.8,7.3,WNW,3,10,5,2,,0,,,,
2020,11,268.0,진도군,17.3,,10.3,19,7,4,1,0,,3.0,9.5,SW,19,6,12,4,,0,,,,
2020,11,271.0,봉화,40.4,5.8,35.8,19,5,2,1,1,,1.3,9.6,NW,3,13,7,3,,0,,,,
2020,11,272.0,영주,40.1,0.8,32.0,19,6,4,1,1,,2.8,12.4,WNW,3,11,9,3,,0,,,,
2020,11,273.0,문경,38.4,0.1,28.6,19,5,5,1,0,,2.0,7.9,WNW,3,13,6,4,0,0,1,0,0,0
2020,11,276.0,청송군,48.1,,44.5,19,5,3,1,1,,1.5,9.3,WNW,3,12,6,4,0,0,1,0,0,0
2020,11,277.0,영덕,24.6,-21.0,22.6,19,4,1,1,0,,2.8,9.8,WNW,20,12,9,3,0,0,1,0,0,0
2020,11,278.0,의성,45.1,13.6,38.9,19,5,5,1,1,,0.9,8.3,NW,3,13,6,3,0,0,2,0,0,0
2020,11,279.0,구미,34.2,2.3,29.2,19,5,4,1,0,,0.9,4.7,WNW,8,13,7,2,0,0,1,0,0,0
2020,11,281.0,영천,32.8,0.0,28.9,19,4,3,1,0,,1.7,7.5,W,29,11,6,4,0,0,1,0,0,0
2020,11,283.0,경주시,19.6,,15.9,19,4,3,1,0,,2.9,10.2,WNW,9,13,6,4,0,0,1,0,0,0
2020,11,284.0,거창,24.9,-11.0,18.6,19,4,4,1,0,,1.4,6.9,NW,3,10,6,2,0,0,2,0,0,0
2020,11,285.0,합천,17.8,-14.2,13.3,19,5,3,1,0,,0.9,5.8,WNW,19,12,4,2,0,0,1,0,0,0
2020,11,288.0,밀양,68.0,29.8,62.7,19,4,4,1,1,,0.9,6.3,NNW,3,13,4,3,0,0,1,0,0,0
2020,11,289.0,산청,31.4,-7.1,25.3,19,6,3,1,0,,2.0,10.6,WNW,3,10,6,4,0,0,1,0,0,0
2020,11,294.0,거제,48.5,-6.2,42.4,19,5,3,1,1,,1.3,9.0,ENE,19,12,5,2,0,0,1,0,0,0
2020,11,295.0,남해,62.8,8.7,59.6,19,4,3,1,1,,1.5,6.3,WNW,20,12,7,3,0,0,1,0,0,0
2020,12,90.0,속초,0.5,-37.7,0.5,13,1,0,0,0,,2.1,7.8,WNW,31,,,0,,0,,,,
2020,12,93.0,북춘천,4.8,,4.5,13,4,1,0,0,,0.9,6.1,NNW,19,13,6,1,1,0,0,5,28,31
2020,12,95.0,철원,1.2,-20.0,1.2,13,1,1,0,0,,0.9,5.1,WNW,25,12,3,1,,0,,,,
2020,12,98.0,동두천,0.6,-19.0,0.3,28,3,0,0,0,,1.3,7.6,WNW,24,13,3,1,,0,,,,
2020,12,99.0,파주,5.7,,4.8,13,5,1,0,0,,1.1,6.0,WNW,13,14,2,1,,0,,,,
2020,12,100.0,대관령,4.2,-32.6,3.2,13,3,1,0,0,,4.1,13.3,W,23,16,2,1,,0,,,,
2020,12,101.0,춘천,4.9,-16.0,4.5,13,3,1,0,0,,1.0,5.7,WSW,7,0,0,2,,0,,,,
2020,12,102.0,백령도,9.1,-8.3,3.6,31,10,4,0,0,,5.3,15.6,NNW,29,1,13,0,0,4,0,15,2,18
2020,12,104.0,북강릉,0.6,,0.6,13,1,0,0,0,,1.8,6.8,W,19,19,1,0,0,0,0,1,8,26
2020,12,105.0,강릉,0.9,-37.4,0.9,13,1,0,0,0,,3.0,7.9,SSW,23,17,1,0,,0,,,,
2020,12,106.0,동해,2.3,-19.0,1.6,29,2,1,0,0,,2.4,8.2,NW,30,18,2,0,,0,,,,
2020,12,108.0,서울,4.6,-16.9,2.9,13,4,2,0,0,,2.2,6.5,WNW,24,15,4,1,0,0,0,6,20,27
2020,12,112.0,인천,6.6,-12.7,3.7,13,6,3,0,0,,3.2,10.3,N,13,15,3,1,3,0,0,8,16,24
2020,12,114.0,원주,3.8,-20.3,2.5,13,3,2,0,0,,0.8,4.7,WNW,30,11,4,1,,0,,,,
2020,12,115.0,울릉도,109.2,-7.9,35.1,14,15,11,2,2,,2.9,12.7,NE,30,0,13,1,0,0,1,14,0,13
2020,12,119.0,수원,4.6,-17.2,2.4,13,5,2,0,0,,1.8,7.0,WNW,24,13,3,1,1,0,0,7,19,30
2020,12,121.0,영월,10.0,-9.3,8.6,13,3,2,0,0,,0.9,5.6,W,24,13,4,1,,0,,,,
2020,12,127.0,충주,11.1,-10.0,8.1,13,4,3,0,0,,1.1,5.8,W,30,10,3,1,,0,,,,
2020,12,129.0,서산,9.7,-21.0,7.0,13,8,1,0,0,,1.7,9.5,NW,13,3,7,1,,0,,,,
2020,12,130.0,울진,1.4,-32.0,1.4,29,1,1,0,0,,2.7,8.3,WNW,30,14,3,0,,0,,,,
2020,12,131.0,청주,4.3,-21.0,1.6,30,5,3,0,0,,1.2,4.9,WNW,24,10,2,0,1,0,0,8,18,26
2020,12,133.0,대전,4.1,-21.8,2.5,29,2,2,0,0,,1.3,5.7,NNE,30,11,3,0,0,0,0,9,22,29
2020,12,135.0,추풍령,3.1,-21.1,1.5,13,3,2,0,0,,3.1,10.2,WSW,16,10,5,0,,0,,,,
2020,12,136.0,안동,1.0,-15.6,0.8,13,2,0,0,0,,1.7,7.2,WNW,24,16,3,0,3,0,0,3,23,31
2020,12,137.0,상주,1.7,,1.5,13,3,1,0,0,,1.9,8.5,WNW,30,14,3,0,,0,,,,
2020,12,138.0,포항,0.0,-25.7,0.0,30,0,0,0,0,,2.8,9.5,WSW,30,14,2,0,0,0,0,1,6,22
2020,12,140.0,군산,11.8,-20.3,3.5,30,7,4,0,0,,1.7,10.5,NW,13,1,6,1,,0,,,,
2020,12,143.0,대구,2.8,-12.5,1.3,29,3,2,0,0,,2.5,9.7,WNW,30,13,2,0,1,0,0,2,17,29
2020,12,146.0,전주,9.1,-22.0,3.2,29,7,3,0,0,,1.6,7.1,W,24,6,6,0,1,0,0,9,15,29
2020,12,152.0,울산,5.7,-17.3,4.3,29,2,2,0,0,,2.4,6.4,WNW,31,15,1,0,0,0,0,1,4,22
2020,12,155.0,창원,6.3,-15.7,4.1,27,3,2,0,0,,1.6,7.3,NE,4,16,2,0,0,0,0,2,7,16
2020,12,156.0,광주,18.7,-14.8,7.9,27,5,4,0,0,,1.4,5.3,NNE,14,6,5,1,1,0,0,8,13,24
2020,12,159.0,부산,10.2,-12.6,6.6,29,3,3,0,0,,2.9,10.0,W,30,15,2,0,0,0,0,1,2,13
2020,12,162.0,통영,11.5,-9.6,5.6,27,3,2,0,0,,2.4,8.1,NNW,13,15,3,0,,0,,,,
2020,12,165.0,목포,18.4,-10.9,11.3,27,6,4,1,0,,3.7,13.4,NNW,30,1,7,2,2,0,0,11,6,14
2020,12,168.0,여수,13.8,-4.8,7.0,27,3,2,0,0,,4.0,14.7,NW,29,16,3,1,0,3,0,2,1,14
2020,12,169.0,흑산도,33.0,9.1,12.2,27,11,7,1,0,,6.4,20.0,N,29,2,18,4,1,7,0,9,0,2
2020,12,170.0,완도,19.1,-8.3,12.8,27,4,2,1,0,,1.8,10.0,WNW,30,6,7,1,0,0,1,0,0,0
2020,12,172.0,고창,28.7,,7.9,30,11,7,0,0,,2.8,10.6,WNW,30,1,10,2,,0,,,,
2020,12,174.0,순천,10.2,,7.6,27,3,2,0,0,,2.5,8.2,WNW,24,11,5,1,,0,,,,
2020,12,177.0,홍성,5.7,,3.7,13,4,2,0,0,,1.2,6.7,NW,13,4,7,1,1,0,0,14,23,31
2020,12,184.0,제주,29.5,-18.2,14.4,27,6,5,1,0,,3.4,12.7,NW,30,1,15,4,0,0,0,5,0,2
2020,12,185.0,고산,20.8,-10.9,14.0,27,9,4,1,0,,8.0,27.5,NNW,30,2,17,1,0,11,1,0,0,0
2020,12,188.0,성산,51.0,-21.0,34.4,27,8,5,1,1,,2.4,9.3,NW,30,1,12,2,,0,,,,
2020,12,189.0,서귀포,62.9,17.8,53.2,27,5,4,1,1,,1.4,4.9,S,4,7,8,2,0,0,1,2,0,5
2020,12,192.0,진주,9.2,-10.0,5.3,27,3,2,0,0,,1.0,6.1,NNW,30,11,3,0,,0,,,,
2020,12,201.0,강화,7.2,-11.6,3.9,13,7,3,0,0,,1.5,6.9,W,24,12,2,1,,0,,,,
2020,12,202.0,양평,4.6,-13.7,3.5,13,4,1,0,0,,1.2,5.6,WNW,24,12,3,0,,0,,,,
2020,12,203.0,이천,5.3,-11.0,3.7,13,5,1,0,0,,1.0,5.1,W,24,13,3,0,,0,,,,
2020,12,211.0,인제,4.8,-14.9,3.2,13,2,2,0,0,,1.3,6.2,S,24,15,4,1,,0,,,,
2020,12,212.0,홍천,6.1,-13.0,4.6,13,4,2,0,0,,0.9,5.3,W,24,13,3,0,,0,,,,
2020,12,216.0,태백,3.8,-15.4,3.8,13,1,1,0,0,,1.3,6.3,SW,23,15,3,0,,0,,,,
2020,12,217.0,정선군,8.8,,8.0,13,2,1,0,0,,1.7,9.5,NNE,24,13,2,1,,0,,,,
2020,12,221.0,제천,11.1,-11.9,10.1,13,5,1,1,0,,1.1,6.2,WNW,14,12,4,1,,0,,,,
2020,12,226.0,보은,5.6,-20.8,2.2,13,4,3,0,0,,1.1,5.4,W,30,8,4,1,,0,,,,
2020,12,232.0,천안,5.5,-21.3,3.4,13,3,2,0,0,,1.1,5.4,W,24,10,3,0,,0,,,,
2020,12,235.0,보령,9.7,-21.6,2.0,5,8,4,0,0,,1.6,6.3,S,13,2,9,0,,0,,,,
2020,12,236.0,부여,3.4,-24.0,2.2,13,5,1,0,0,,0.9,7.2,WNW,24,9,2,0,0,0,1,0,0,0
2020,12,238.0,금산,8.3,-19.9,5.2,13,5,2,0,0,,1.0,5.3,WNW,13,8,6,0,,0,,,,
2020,12,239.0,세종,3.5,,1.8,29,5,1,0,0,,1.3,6.9,NW,13,10,3,1,,0,,,,
2020,12,243.0,부안,31.0,-6.7,19.3,30,9,6,1,0,,1.1,7.0,SSW,13,0,13,3,,0,,,,
2020,12,244.0,임실,16.3,-13.0,4.9,27,8,5,0,0,,0.9,5.2,NNE,15,4,6,2,,0,,,,
2020,12,245.0,정읍,34.9,-6.7,20.2,30,7,6,1,0,,1.3,7.4,NNW,30,3,8,2,,0,,,,
2020,12,247.0,남원,12.1,-13.3,4.1,27,6,5,0,0,,1.3,7.8,WSW,13,4,6,2,,0,,,,
2020,12,248.0,장수,13.5,-20.7,4.6,27,6,4,0,0,,1.5,7.2,NW,14,4,7,1,,0,,,,
2020,12,251.0,고창군,11.1,,5.7,27,7,3,0,0,,1.5,6.5,WNW,30,2,11,1,,0,,,,
2020,12,252.0,영광군,16.3,,8.1,27,10,4,0,0,,1.5,9.0,NNE,29,0,15,1,,0,,,,
2020,12,253.0,김해시,6.3,,3.0,29,3,2,0,0,,2.2,8.3,NW,30,14,2,0,,0,,,,
2020,12,254.0,순창군,14.5,,5.7,27,7,5,0,0,,1.7,9.4,NW,13,4,5,1,,0,,,,
2020,12,255.0,북창원,9.5,,5.1,29,3,2,0,0,,1.7,7.0,NW,30,12,3,0,,0,,,,
2020,12,257.0,양산시,7.0,,4.0,29,3,2,0,0,,2.0,9.3,WNW,30,13,3,0,,0,,,,
2020,12,258.0,보성군,8.7,,6.5,27,4,2,0,0,,3.4,12.1,NNW,30,10,6,1,,0,,,,
2020,12,259.0,강진군,14.0,,7.5,27,6,4,0,0,,2.2,8.3,NNW,30,9,7,1,,0,,,,
2020,12,260.0,장흥,12.6,-13.6,8.2,27,5,2,0,0,,1.7,8.9,NNW,30,7,5,1,,0,,,,
2020,12,261.0,해남,13.9,-14.2,8.4,27,5,2,0,0,,1.6,8.7,W,30,5,6,1,,0,,,,
2020,12,262.0,고흥,9.4,-9.9,7.0,27,2,2,0,0,,1.3,7.7,WNW,8,11,6,1,,0,,,,
2020,12,263.0,의령군,9.2,,5.0,29,2,2,0,0,,1.6,10.2,WNW,30,12,3,0,,0,,,,
2020,12,264.0,함양군,4.1,,3.0,27,3,2,0,0,,1.6,7.1,W,24,5,6,0,,0,,,,
2020,12,266.0,광양시,12.0,,5.0,29,4,3,0,0,,1.8,8.1,WNW,30,10,4,1,,0,,,,
2020,12,268.0,진도군,21.8,,9.0,27,7,4,0,0,,2.7,12.8,NW,29,1,9,3,,0,,,,
2020,12,271.0,봉화,4.8,-13.8,4.8,13,1,1,0,0,,1.3,6.9,NW,30,15,3,1,,0,,,,
2020,12,272.0,영주,5.8,-12.5,5.8,13,1,1,0,0,,3.5,10.0,WNW,30,10,4,1,,0,,,,
2020,12,273.0,문경,3.2,-16.8,3.2,13,1,1,0,0,,2.3,9.4,WNW,30,14,2,1,,0,,,,
2020,12,276.0,청송군,2.0,,2.0,29,1,1,0,0,,2.2,8.8,W,30,15,2,1,,0,,,,
2020,12,277.0,영덕,0.2,-24.0,0.2,29,1,0,0,0,,3.2,13.2,WNW,30,15,3,0,,0,,,,
2020,12,278.0,의성,1.4,-13.8,1.2,29,2,1,0,0,,1.0,6.8,WNW,30,14,2,1,,0,,,,
2020,12,279.0,구미,2.5,-14.3,2.3,13,2,1,0,0,,1.0,4.6,WNW,30,12,3,0,,0,,,,
2020,12,281.0,영천,0.9,-14.3,0.9,29,1,0,0,0,,2.1,9.1,W,30,12,4,0,,0,,,,
2020,12,283.0,경주시,1.8,,0.7,13,3,0,0,0,,3.4,11.4,WNW,30,13,2,0,,0,,,,
2020,12,284.0,거창,3.6,-15.6,3.6,27,1,1,0,0,,1.6,7.0,W,30,7,4,0,,0,,,,
2020,12,285.0,합천,5.4,-9.8,3.0,27,2,2,0,0,,0.9,5.7,NNW,14,11,4,0,,0,,,,
2020,12,288.0,밀양,5.1,-11.3,3.4,27,2,2,0,0,,0.9,5.9,WNW,30,10,3,0,,0,,,,
2020,12,289.0,산청,5.1,-14.2,3.5,27,3,2,0,0,,2.5,11.2,WNW,30,9,3,0,,0,,,,
2020,12,294.0,거제,10.7,-19.0,5.1,27,3,3,0,0,,1.4,6.6,WNW,30,15,3,0,,0,,,,
2020,12,295.0,남해,15.0,-8.4,7.8,27,3,2,0,0,,1.5,7.3,NW,30,13,3,1,,0,,,,
2021,1,90.0,속초,0.0,-43.5,0.0,31,0,0,0,0,,2.3,9.0,WNW,7,,,3,,0,,,,
2021,1,93.0,북춘천,14.3,,3.3,18,13,6,0,0,,1.0,10.2,W,28,11,5,3,2,0,0,10,23,29
2021,1,95.0,철원,7.6,-10.6,3.1,21,8,2,0,0,,1.2,6.8,NW,18,7,5,1,,0,,,,
2021,1,98.0,동두천,15.4,-3.0,4.7,21,8,5,0,0,,1.4,10.7,WNW,28,10,4,3,,0,,,,
2021,1,99.0,파주,12.9,-4.5,4.9,21,8,3,0,0,,1.4,9.5,WNW,28,9,4,2,,0,,,,
2021,1,100.0,대관령,7.8,-45.3,2.6,28,8,4,0,0,,4.0,14.3,W,13,14,4,1,,1,,,,
2021,1,101.0,춘천,17.7,-0.9,4.5,21,13,7,0,0,,1.2,9.2,W,28,0,0,3,,0,,,,
2021,1,102.0,백령도,64.5,51.2,13.7,10,16,11,2,0,,4.9,17.1,NNW,28,4,14,4,2,4,0,17,2,25
2021,1,104.0,북강릉,13.0,,10.3,23,4,2,1,0,,1.8,7.9,W,28,17,4,2,0,0,0,6,4,27
2021,1,105.0,강릉,11.4,-36.5,8.8,23,5,3,0,0,,2.6,8.7,WSW,15,15,4,3,,0,,,,
2021,1,106.0,동해,2.7,-43.7,1.5,22,5,1,0,0,,2.5,9.4,W,28,14,3,2,,0,,,,
2021,1,108.0,서울,18.9,2.1,9.2,21,9,5,0,0,,2.5,8.7,WSW,28,10,4,5,1,0,0,9,6,26
2021,1,112.0,인천,20.8,4.9,14.4,21,6,4,1,0,,3.4,13.9,NW,28,9,7,4,4,1,0,11,12,25
2021,1,114.0,원주,8.4,-9.6,3.8,21,8,2,0,0,,0.9,8.0,W,28,10,5,2,,0,,,,
2021,1,115.0,울릉도,105.9,-11.5,36.0,16,18,13,4,1,,3.4,14.1,WSW,7,1,18,4,0,1,0,19,0,23
2021,1,119.0,수원,24.1,6.0,9.1,21,7,6,0,0,,1.9,10.4,WNW,28,11,4,2,2,0,0,10,20,27
2021,1,121.0,영월,13.1,-6.0,4.4,18,11,4,0,0,,1.1,9.1,W,28,11,5,2,,0,,,,
2021,1,127.0,충주,13.6,-6.4,4.9,21,9,3,0,0,,1.4,8.3,W,28,9,5,2,,0,,,,
2021,1,129.0,서산,25.3,1.8,13.2,21,11,6,1,0,,1.9,10.3,NW,6,5,10,2,,0,,,,
2021,1,130.0,울진,7.2,-41.7,3.0,23,6,3,0,0,,3.0,10.7,WNW,7,14,4,1,,0,,,,
2021,1,131.0,청주,12.7,-7.9,3.5,21,10,5,0,0,,1.3,6.1,W,28,12,5,3,4,0,0,12,9,25
2021,1,133.0,대전,23.6,-1.9,4.6,21,10,9,0,0,,1.4,6.3,NNE,28,8,6,3,3,0,0,13,15,25
2021,1,135.0,추풍령,18.2,-5.9,3.9,26,12,7,0,0,,3.1,10.8,W,28,7,3,2,,0,,,,
2021,1,136.0,안동,6.0,-10.7,4.2,26,5,1,0,0,,1.9,10.1,WNW,28,11,7,1,1,0,0,7,20,27
2021,1,137.0,상주,16.5,-5.2,3.9,26,9,6,0,0,,1.9,10.4,WNW,7,11,4,1,,0,,,,
2021,1,138.0,포항,26.9,-12.9,15.7,23,6,3,1,0,,2.9,8.4,W,28,14,6,2,0,0,0,4,4,24
2021,1,140.0,군산,28.8,0.6,8.6,21,12,8,0,0,,2.0,12.9,NW,7,4,8,2,,0,,,,
2021,1,143.0,대구,11.9,-6.7,10.3,26,5,2,1,0,,2.5,10.4,WNW,28,12,5,3,0,0,0,5,10,25
2021,1,146.0,전주,28.7,1.8,8.3,21,9,7,0,0,,1.6,8.8,WNW,28,6,6,2,2,0,0,11,7,24
2021,1,152.0,울산,20.6,-18.0,11.1,26,6,3,1,0,,2.5,7.9,WNW,17,15,6,3,0,0,0,2,6,25
2021,1,155.0,창원,14.3,-15.3,12.2,26,3,2,1,0,,1.5,6.0,WNW,28,12,5,3,1,0,0,2,7,24
2021,1,156.0,광주,33.0,0.4,8.7,26,11,9,0,0,,1.5,5.6,SW,15,3,12,3,1,0,0,11,8,23
2021,1,159.0,부산,25.8,-8.7,17.4,26,4,4,1,0,,3.2,11.8,WSW,28,13,5,3,1,0,0,2,2,21
2021,1,162.0,통영,19.3,-12.9,13.9,26,6,3,1,0,,2.6,9.4,WNW,28,10,6,3,,0,,,,
2021,1,165.0,목포,39.7,7.9,13.2,23,17,9,1,0,,3.6,12.9,NNW,28,2,11,2,3,0,0,15,5,22
2021,1,168.0,여수,17.3,-7.2,10.1,26,8,4,1,0,,4.3,15.0,WNW,18,9,4,2,1,3,0,7,3,21
2021,1,169.0,흑산도,54.2,31.2,24.3,23,15,7,1,0,,6.4,18.8,N,28,4,16,3,5,9,0,13,3,15
2021,1,170.0,완도,39.7,5.7,12.4,26,11,6,2,0,,2.2,11.1,WNW,28,4,6,3,,0,,,,
2021,1,172.0,고창,46.2,15.1,10.3,7,15,12,1,0,,2.9,13.8,WNW,6,4,14,5,,0,,,,
2021,1,174.0,순천,27.8,,10.3,26,10,6,1,0,,2.2,10.1,WNW,16,6,5,3,,0,,,,
2021,1,177.0,홍성,28.6,,13.7,21,13,7,1,0,,1.3,7.7,WNW,28,5,7,2,4,0,0,13,12,27
2021,1,184.0,제주,116.6,49.1,57.8,23,14,8,3,1,,3.9,12.2,NW,7,5,16,7,1,0,0,12,0,9
2021,1,185.0,고산,72.0,31.4,24.2,23,11,8,4,0,,9.8,25.9,NNW,28,4,16,2,0,19,2,0,0,0
2021,1,188.0,성산,93.7,16.2,22.1,23,15,12,4,0,,2.8,8.4,NW,28,3,15,2,,0,,,,
2021,1,189.0,서귀포,54.6,-6.1,21.6,23,11,8,3,0,,1.8,6.2,SSW,31,4,11,3,0,0,0,9,0,9
2021,1,192.0,진주,15.8,-12.2,10.3,26,6,5,1,0,,1.1,7.6,W,28,9,3,3,,0,,,,
2021,1,201.0,강화,14.1,-1.5,8.1,21,7,3,0,0,,1.7,10.1,WSW,28,7,7,5,,0,,,,
2021,1,202.0,양평,24.3,7.1,7.4,21,11,6,0,0,,1.4,7.9,WNW,28,12,5,4,,0,,,,
2021,1,203.0,이천,15.6,-3.6,5.8,21,11,5,0,0,,1.1,7.0,WNW,28,8,5,3,,0,,,,
2021,1,211.0,인제,11.0,-5.6,2.9,21,11,4,0,0,,1.6,6.0,SW,28,10,5,3,,0,,,,
2021,1,212.0,홍천,16.0,0.2,4.9,21,12,5,0,0,,1.0,9.0,WNW,28,12,3,3,,0,,,,
2021,1,216.0,태백,5.6,-21.0,1.5,28,5,4,0,0,,1.5,8.0,SW,15,12,4,4,,0,,,,
2021,1,217.0,정선군,14.5,-3.0,3.8,18,10,6,0,0,,2.2,12.8,NNE,28,12,4,4,,0,,,,
2021,1,221.0,제천,18.2,-2.1,6.1,18,11,4,0,0,,1.3,7.9,W,28,11,3,2,,0,,,,
2021,1,226.0,보은,19.8,-3.6,5.6,21,12,7,0,0,,1.1,7.6,WNW,28,11,5,3,,0,,,,
2021,1,232.0,천안,17.8,-1.2,7.9,21,9,6,0,0,,1.3,7.1,WNW,28,7,5,2,,0,,,,
2021,1,235.0,보령,32.0,9.4,9.0,21,12,10,0,0,,1.7,7.1,SSW,15,4,9,2,,0,,,,
2021,1,236.0,부여,32.1,7.2,9.1,21,11,9,0,0,,1.1,7.6,WNW,18,9,4,3,,0,,,,
2021,1,238.0,금산,23.5,-2.0,6.1,26,11,7,0,0,,1.1,7.0,WNW,28,5,5,2,,0,,,,
2021,1,239.0,세종,22.0,,6.8,21,9,8,0,0,,1.3,8.2,NW,7,10,6,3,,0,,,,
2021,1,243.0,부안,32.6,0.9,9.2,7,14,6,0,0,,1.4,7.6,W,7,2,12,3,,0,,,,
2021,1,244.0,임실,40.6,12.1,7.8,26,13,7,0,0,,1.0,6.4,WNW,18,5,9,2,,0,,,,
2021,1,245.0,정읍,42.6,6.1,8.8,18,14,9,0,0,,1.6,8.5,N,28,6,12,3,,0,,,,
2021,1,247.0,남원,34.1,5.6,10.6,26,12,8,1,0,,1.6,7.9,ENE,23,3,9,2,,0,,,,
2021,1,248.0,장수,36.0,4.1,7.3,21,13,7,0,0,,1.6,7.9,W,18,3,8,2,,0,,,,
2021,1,251.0,고창군,12.3,,4.8,7,10,5,0,0,,1.6,7.9,W,28,3,14,3,,0,,,,
2021,1,252.0,영광군,34.4,1.7,7.5,21,19,8,0,0,,1.6,8.0,NW,6,2,15,4,,0,,,,
2021,1,253.0,김해시,15.2,-11.2,11.9,26,5,3,1,0,,2.0,10.3,NW,28,11,5,3,,0,,,,
2021,1,254.0,순창군,43.0,17.1,8.8,26,14,8,0,0,,1.5,9.5,NW,5,4,8,2,,0,,,,
2021,1,255.0,북창원,16.3,,13.6,26,6,2,1,0,,1.8,7.3,NW,7,11,6,3,,0,,,,
2021,1,257.0,양산시,18.3,-8.7,11.3,26,4,4,1,0,,2.4,9.4,NW,28,11,7,3,,0,,,,
2021,1,258.0,보성군,24.5,,9.5,26,8,5,0,0,,3.2,14.7,NNW,28,6,6,2,,1,,,,
2021,1,259.0,강진군,38.4,8.7,11.5,23,15,9,1,0,,2.1,10.2,WSW,18,6,6,2,,0,,,,
2021,1,260.0,장흥,32.2,4.0,11.3,26,9,5,2,0,,1.7,7.7,NNW,7,7,3,2,,0,,,,
2021,1,261.0,해남,36.3,5.9,13.9,23,12,7,1,0,,1.8,9.0,W,28,4,9,2,,0,,,,
2021,1,262.0,고흥,19.8,-6.1,10.2,26,5,4,1,0,,1.4,8.0,NW,16,7,6,3,,0,,,,
2021,1,263.0,의령군,14.7,-7.8,12.1,26,7,1,1,0,,2.0,12.5,WNW,28,10,4,3,,0,,,,
2021,1,264.0,함양군,24.7,1.9,9.7,26,7,5,0,0,,1.8,8.4,SW,16,3,4,1,,0,,,,
2021,1,266.0,광양시,17.7,,9.0,26,8,5,0,0,,2.0,8.1,WNW,17,7,3,1,,0,,,,
2021,1,268.0,진도군,43.9,12.0,17.1,23,17,10,1,0,,2.7,9.3,NW,28,4,12,3,,0,,,,
2021,1,271.0,봉화,12.3,-4.2,5.7,18,7,4,0,0,,1.5,8.0,NNW,8,11,5,2,,0,,,,
2021,1,272.0,영주,11.4,-7.0,5.0,18,7,3,0,0,,3.3,11.9,WNW,28,9,4,3,,0,,,,
2021,1,273.0,문경,13.4,-5.5,2.9,26,8,5,0,0,,2.3,9.8,WNW,7,13,5,1,,0,,,,
2021,1,276.0,청송군,8.6,-8.2,5.4,26,6,2,0,0,,2.4,9.6,NW,29,13,5,2,,0,,,,
2021,1,277.0,영덕,8.1,-29.3,4.8,23,6,2,0,0,,3.2,13.9,WNW,7,14,6,2,,1,,,,
2021,1,278.0,의성,8.6,-6.9,5.1,26,7,2,0,0,,1.1,8.1,WNW,28,14,4,1,,0,,,,
2021,1,279.0,구미,9.8,-8.6,5.6,26,7,2,0,0,,1.0,5.3,WNW,28,11,4,2,,0,,,,
2021,1,281.0,영천,11.9,-10.2,10.1,26,3,2,1,0,,2.1,9.1,NW,28,13,5,3,,0,,,,
2021,1,283.0,경주시,19.3,-12.9,12.5,26,4,3,1,0,,3.2,12.3,WNW,28,14,4,4,,0,,,,
2021,1,284.0,거창,12.5,-11.2,6.8,26,7,4,0,0,,1.5,8.0,NW,28,7,4,1,,0,,,,
2021,1,285.0,합천,16.9,-2.8,12.0,26,6,4,1,0,,1.0,6.0,NNW,7,9,3,2,,0,,,,
2021,1,288.0,밀양,16.6,-4.6,14.3,26,3,3,1,0,,1.0,8.6,WNW,28,13,4,2,,0,,,,
2021,1,289.0,산청,18.9,-5.5,10.9,26,7,5,1,0,,2.2,11.6,WNW,28,8,5,2,,0,,,,
2021,1,294.0,거제,22.8,-17.6,16.8,26,6,3,1,0,,1.5,6.0,WNW,28,13,6,3,,0,,,,
2021,1,295.0,남해,21.2,-12.4,12.3,26,7,4,1,0,,1.4,9.2,WNW,7,8,5,3,,0,,,,
2021,2,90.0,속초,5.0,-41.9,4.8,27,3,1,0,0,,2.3,8.1,WNW,2,,,2,,0,,,,
2021,2,93.0,북춘천,5.6,,2.6,3,5,2,0,0,,1.5,7.9,NNW,4,10,4,1,2,0,0,3,19,27
2021,2,95.0,철원,4.8,-21.6,2.5,3,4,2,0,0,,1.5,5.7,WNW,17,8,2,0,,0,,,,
2021,2,98.0,동두천,8.5,-14.2,5.8,3,4,3,0,0,,1.9,9.3,WNW,15,10,2,1,,0,,,,
2021,2,99.0,파주,10.0,,7.5,3,4,3,0,0,,1.8,7.3,WNW,17,7,3,1,,0,,,,
2021,2,100.0,대관령,2.2,-51.4,1.4,27,4,1,0,0,,4.6,13.6,W,19,10,3,1,,0,,,,
2021,2,101.0,춘천,6.6,-17.2,2.6,3,4,3,0,0,,1.6,7.0,WNW,15,0,0,1,,0,,,,
2021,2,102.0,백령도,4.6,-8.9,1.8,16,6,1,0,0,,5.2,16.4,NNW,17,8,5,1,7,7,0,4,5,19
2021,2,104.0,북강릉,5.6,,5.5,27,2,1,0,0,,1.9,9.2,SW,15,12,4,2,0,0,0,2,9,19
2021,2,105.0,강릉,5.1,-44.5,5.1,27,1,1,0,0,,2.9,12.1,WSW,19,11,3,1,,0,,,,
2021,2,106.0,동해,0.9,-35.4,0.9,27,1,0,0,0,,2.5,10.6,W,15,12,4,0,,0,,,,
2021,2,108.0,서울,7.1,-17.9,3.4,3,5,3,0,0,,2.6,7.5,W,17,9,4,1,1,0,1,5,4,22
2021,2,112.0,인천,6.6,-14.2,3.3,3,4,2,0,0,,3.6,11.6,NNW,16,9,3,1,7,0,1,4,7,20
2021,2,114.0,원주,4.2,-22.1,1.9,1,5,1,0,0,,1.2,6.5,W,15,11,2,1,,0,,,,
2021,2,115.0,울릉도,74.6,-3.5,26.6,8,10,7,3,0,,4.2,15.1,WSW,19,3,8,2,1,2,0,10,0,13
2021,2,119.0,수원,9.7,-14.5,3.8,3,6,4,0,0,,2.2,8.4,E,27,11,4,1,2,0,0,4,10,23
2021,2,121.0,영월,9.4,-15.9,6.2,1,6,2,0,0,,1.4,7.0,W,15,12,2,0,,0,,,,
2021,2,127.0,충주,12.3,-10.9,7.5,1,6,3,0,0,,1.7,7.7,WSW,21,11,5,1,,0,,,,
2021,2,129.0,서산,9.6,-17.0,4.4,3,6,3,0,0,,2.6,10.1,NW,15,8,7,2,,0,,,,
2021,2,130.0,울진,3.1,-38.2,2.2,14,3,1,0,0,,3.0,10.2,WSW,15,12,3,0,,0,,,,
2021,2,131.0,청주,7.5,-21.9,4.2,1,5,3,0,0,,1.6,6.1,W,21,11,5,1,0,0,0,6,7,21
2021,2,133.0,대전,14.1,-20.1,8.1,1,8,3,0,0,,1.8,7.4,S,27,11,6,0,0,0,0,7,7,20
2021,2,135.0,추풍령,14.8,-19.7,8.4,1,10,4,0,0,,3.8,13.5,WSW,15,13,4,0,,0,,,,
2021,2,136.0,안동,13.8,-13.1,10.5,1,4,3,1,0,,2.2,9.6,WNW,15,15,4,0,1,0,0,2,13,23
2021,2,137.0,상주,9.7,,7.9,1,7,1,0,0,,2.3,9.4,WNW,15,13,3,1,,0,,,,
2021,2,138.0,포항,15.5,-25.3,7.2,1,5,5,0,0,,3.0,8.7,WSW,17,15,7,0,0,0,0,1,1,15
2021,2,140.0,군산,13.8,-18.9,3.6,1,9,5,0,0,,2.5,10.2,NW,15,11,6,2,,0,,,,
2021,2,143.0,대구,19.2,-9.0,9.5,1,5,5,0,0,,2.7,10.6,WNW,17,14,7,1,0,0,0,3,10,18
2021,2,146.0,전주,13.7,-26.3,4.3,25,9,5,0,0,,1.8,8.4,W,15,10,7,3,0,0,0,5,6,18
2021,2,152.0,울산,28.8,-13.8,12.1,1,5,4,1,0,,2.5,7.0,WNW,17,16,7,0,1,0,0,2,0,12
2021,2,155.0,창원,36.9,-8.4,20.2,1,5,3,2,0,,1.8,7.6,ENE,27,15,6,1,3,0,0,0,1,13
2021,2,156.0,광주,31.1,-16.8,14.8,25,8,4,2,0,,1.5,7.8,NE,26,11,9,3,0,0,1,5,5,13
2021,2,159.0,부산,49.5,-0.7,22.9,1,5,4,2,0,,3.7,12.1,W,15,14,7,2,0,0,0,0,0,10
2021,2,162.0,통영,70.3,29.5,37.8,1,5,4,2,1,,2.9,11.1,WNW,17,14,6,2,,0,,,,
2021,2,165.0,목포,25.9,-16.5,13.3,25,10,3,1,0,,4.3,14.0,NNW,8,5,10,2,0,1,0,6,4,13
2021,2,168.0,여수,36.7,-4.6,17.8,1,7,4,1,0,,4.8,19.9,WNW,15,12,8,2,2,1,0,3,0,10
2021,2,169.0,흑산도,16.1,-17.1,12.3,25,9,2,1,0,,6.4,17.8,N,18,4,8,3,1,11,0,6,3,7
2021,2,170.0,완도,46.5,-6.3,21.7,1,7,5,2,0,,2.9,12.1,ESE,27,6,10,2,,0,,,,
2021,2,172.0,고창,33.0,,16.0,25,11,9,1,0,,3.1,10.8,WSW,16,8,11,3,0,0,1,0,0,0
2021,2,174.0,순천,37.0,,19.6,1,7,4,2,0,,2.6,9.9,WNW,15,12,6,2,,0,,,,
2021,2,177.0,홍성,12.5,,6.3,1,5,3,0,0,,2.0,7.2,WNW,15,9,4,1,2,0,0,7,6,21
2021,2,184.0,제주,52.8,-9.8,22.4,1,8,5,2,0,,3.9,11.3,NW,17,7,12,4,0,0,0,2,0,4
2021,2,185.0,고산,41.9,-5.0,23.2,1,7,4,1,0,,8.6,25.8,NNW,17,5,10,2,0,13,1,0,0,0
2021,2,188.0,성산,72.7,3.0,26.5,1,10,7,3,0,,3.2,7.8,NW,17,6,9,2,0,0,1,0,0,0
2021,2,189.0,서귀포,51.2,-25.9,25.0,1,10,7,2,0,,2.2,8.5,ENE,27,10,9,3,0,0,0,2,1,3
2021,2,192.0,진주,24.9,-18.1,16.0,1,5,4,1,0,,1.2,7.3,WSW,19,14,7,1,,0,,,,
2021,2,201.0,강화,11.8,-7.4,8.4,3,4,3,0,0,,2.1,7.6,W,15,5,3,1,0,0,1,0,0,0
2021,2,202.0,양평,6.8,-20.1,2.2,1,6,4,0,0,,1.6,6.9,WNW,17,14,2,1,,0,,,,
2021,2,203.0,이천,10.6,-13.3,3.2,1,8,4,0,0,,1.4,6.1,W,15,12,3,1,,0,,,,
2021,2,211.0,인제,4.6,-16.1,1.8,4,4,2,0,0,,2.0,6.8,SSW,16,10,2,1,,0,,,,
2021,2,212.0,홍천,4.3,-21.4,1.8,1,4,2,0,0,,1.3,6.5,NW,17,12,2,1,,0,,,,
2021,2,216.0,태백,2.0,-33.8,1.4,1,3,1,0,0,,1.7,6.4,SW,1,13,4,0,,0,,,,
2021,2,217.0,정선군,9.2,,6.9,1,5,2,0,0,,2.4,11.0,NNE,15,12,2,1,,0,,,,
2021,2,221.0,제천,12.2,-17.2,8.4,1,5,3,0,0,,1.6,7.3,W,15,11,2,0,,0,,,,
2021,2,226.0,보은,14.1,-18.3,7.1,1,8,6,0,0,,1.4,6.0,W,17,11,5,1,,0,,,,
2021,2,232.0,천안,9.2,-17.2,5.6,1,5,2,0,0,,1.6,8.1,ESE,27,10,5,1,,0,,,,
2021,2,235.0,보령,18.7,-9.8,8.7,16,9,5,0,0,,2.0,7.8,SSW,21,10,9,3,,0,,,,
2021,2,236.0,부여,18.1,-16.0,7.5,1,8,3,0,0,,1.3,6.8,WNW,15,10,6,2,,0,,,,
2021,2,238.0,금산,19.3,-18.5,8.6,1,8,4,0,0,,1.6,6.9,SW,21,10,6,0,,0,,,,
2021,2,239.0,세종,14.4,,7.5,1,8,3,0,0,,1.7,7.9,NNW,22,10,5,1,,0,,,,
2021,2,243.0,부안,23.3,-15.1,8.7,25,8,7,0,0,,1.9,7.6,W,22,6,9,1,,0,,,,
2021,2,244.0,임실,29.5,-14.2,8.8,1,11,7,0,0,,1.2,6.3,E,26,11,7,2,,0,,,,
2021,2,245.0,정읍,36.9,-4.4,11.8,25,11,8,1,0,,2.0,8.9,SW,16,9,7,1,,0,,,,
2021,2,247.0,남원,33.6,-7.4,12.6,1,11,5,2,0,,1.9,9.2,ENE,26,12,9,3,,0,,,,
2021,2,248.0,장수,38.1,-8.8,21.3,1,8,5,1,0,,2.0,8.9,WNW,17,12,9,1,,0,,,,
2021,2,251.0,고창군,12.6,,7.1,25,6,5,0,0,,1.9,7.1,W,15,8,11,2,0,0,1,0,0,0
2021,2,252.0,영광군,29.4,,17.0,25,10,6,1,0,,2.2,8.9,N,8,6,12,2,0,0,1,0,0,0
2021,2,253.0,김해시,36.5,,19.6,1,5,4,2,0,,2.2,11.5,WNW,17,15,6,2,,0,,,,
2021,2,254.0,순창군,45.8,,15.0,25,10,7,2,0,,1.9,11.9,W,16,10,7,2,,0,,,,
2021,2,255.0,북창원,34.4,,16.8,1,5,3,2,0,,1.8,6.3,WNW,17,14,8,1,,0,,,,
2021,2,257.0,양산시,44.8,,26.6,1,5,3,2,0,,2.7,10.3,W,15,13,7,1,,0,,,,
2021,2,258.0,보성군,30.1,,14.8,1,7,4,1,0,,3.9,16.8,NNW,15,10,8,2,,1,,,,
2021,2,259.0,강진군,33.7,,15.5,1,10,7,1,0,,2.6,8.5,WSW,16,11,9,3,,0,,,,
2021,2,260.0,장흥,34.5,-10.5,17.1,1,9,6,1,0,,2.0,9.0,NNW,15,10,7,2,,0,,,,
2021,2,261.0,해남,33.1,-13.2,16.4,1,7,6,2,0,,2.3,10.7,E,27,9,11,3,,0,,,,
2021,2,262.0,고흥,35.5,-13.4,17.6,1,6,4,1,0,,1.9,7.9,WNW,4,11,7,2,,0,,,,
2021,2,263.0,의령군,25.1,,15.1,1,5,4,1,0,,2.3,12.9,W,15,13,6,2,,0,,,,
2021,2,264.0,함양군,27.9,,14.5,1,7,4,1,0,,2.6,11.2,WSW,15,11,8,1,,0,,,,
2021,2,266.0,광양시,27.1,,13.5,1,6,4,1,0,,2.4,9.0,WNW,15,12,6,1,,0,,,,
2021,2,268.0,진도군,44.1,,21.6,1,9,5,2,0,,3.1,10.0,NE,2,6,11,4,,0,,,,
2021,2,271.0,봉화,11.6,-16.8,8.1,1,5,3,0,0,,1.6,7.2,NW,17,15,5,1,,0,,,,
2021,2,272.0,영주,8.2,-20.6,7.1,1,5,1,0,0,,3.7,11.9,WNW,15,12,4,2,,0,,,,
2021,2,273.0,문경,10.7,-18.5,8.6,1,5,2,0,0,,2.6,8.8,WNW,15,13,2,1,,0,,,,
2021,2,276.0,청송군,13.0,,9.9,1,4,3,0,0,,2.6,10.4,WNW,15,17,6,0,,0,,,,
2021,2,277.0,영덕,8.4,-29.0,5.7,1,3,2,0,0,,3.2,13.0,WNW,15,14,5,1,,0,,,,
2021,2,278.0,의성,14.6,-10.2,10.2,1,6,3,1,0,,1.4,8.0,NW,17,15,5,1,,0,,,,
2021,2,279.0,구미,14.7,-13.5,10.0,1,7,3,1,0,,1.2,5.7,WNW,15,14,6,1,,0,,,,
2021,2,281.0,영천,15.5,-11.8,10.1,1,4,2,1,0,,2.4,8.8,W,17,15,5,1,,0,,,,
2021,2,283.0,경주시,20.2,,8.9,1,5,4,0,0,,3.4,12.9,WNW,17,16,6,1,,0,,,,
2021,2,284.0,거창,26.3,-11.2,12.5,1,8,5,1,0,,1.8,7.2,WNW,17,15,8,1,,0,,,,
2021,2,285.0,합천,19.9,-14.8,11.0,1,7,3,1,0,,1.1,5.9,ENE,26,16,7,2,,0,,,,
2021,2,288.0,밀양,23.1,-10.9,14.7,1,5,3,1,0,,1.1,7.0,WNW,17,15,6,1,,0,,,,
2021,2,289.0,산청,26.5,-17.4,14.1,1,8,5,1,0,,2.5,11.8,WNW,15,13,6,1,,0,,,,
2021,2,294.0,거제,81.4,21.5,50.5,1,4,4,2,1,,1.7,6.2,WNW,17,10,6,3,,0,,,,
2021,2,295.0,남해,50.4,-10.4,28.1,1,6,4,1,0,,1.7,8.2,NW,17,13,7,4,,0,,,,
2021,3,90.0,속초,104.2,47.3,73.4,1,8,6,1,1,,2.0,9.3,W,29,,,5,,0,,,,
2021,3,93.0,북춘천,100.1,,66.2,1,7,4,3,1,,1.3,8.8,WSW,23,7,5,5,1,0,0,2,15,14
2021,3,95.0,철원,103.7,63.5,63.2,1,7,4,3,1,,1.5,7.4,NNE,1,9,6,2,,0,,,,
2021,3,98.0,동두천,107.8,69.0,70.7,1,8,4,3,1,,1.6,8.1,WNW,21,8,5,2,,0,,,,
2021,3,99.0,파주,112.4,,64.8,1,7,5,3,1,,1.5,6.8,NW,21,8,4,4,,0,,,,
2021,3,100.0,대관령,86.2,10.6,52.8,1,9,6,3,1,,3.0,12.7,WSW,23,9,8,1,,0,,,,
2021,3,101.0,춘천,104.1,62.4,69.7,1,8,5,3,1,,1.5,7.5,WNW,21,0,0,4,,0,,,,
2021,3,102.0,백령도,68.0,44.8,37.7,27,7,3,2,1,,3.7,12.1,NW,21,9,10,4,8,0,0,0,4,5
2021,3,104.0,북강릉,115.7,,75.6,1,8,6,2,1,,1.6,8.5,WSW,29,10,7,6,0,0,1,4,3,7
2021,3,105.0,강릉,122.0,53.1,79.7,1,8,5,2,1,,2.3,8.3,WSW,28,9,8,6,0,0,1,0,0,0
2021,3,106.0,동해,99.8,41.2,67.3,1,8,7,1,1,,2.1,8.6,NE,6,9,8,5,,0,,,,
2021,3,108.0,서울,110.9,63.7,67.5,1,9,6,2,1,,2.4,6.9,SW,22,9,5,4,2,0,0,2,11,6
2021,3,112.0,인천,93.4,52.9,58.7,1,6,4,2,1,,2.8,11.1,NNW,21,8,6,4,8,0,0,2,7,3
2021,3,114.0,원주,73.2,21.6,55.5,1,9,5,1,1,,1.2,6.0,WNW,23,8,9,4,,0,,,,
2021,3,115.0,울릉도,59.3,-12.9,28.9,1,6,5,2,0,,4.1,18.5,NE,1,5,8,5,5,2,0,3,0,5
2021,3,119.0,수원,102.8,54.9,70.7,1,9,5,2,1,,1.9,8.2,W,21,8,6,4,3,0,0,2,15,11
2021,3,121.0,영월,93.8,43.8,62.2,1,8,6,2,1,,1.3,6.3,WNW,21,9,7,4,,0,,,,
2021,3,127.0,충주,80.5,35.6,48.0,1,8,6,3,1,,1.6,6.9,W,21,7,7,4,,0,,,,
2021,3,129.0,서산,112.8,66.5,72.5,1,7,4,2,2,,2.0,9.5,WNW,21,9,6,3,,0,,,,
2021,3,130.0,울진,106.6,48.6,51.6,1,9,7,3,1,,2.8,10.9,NW,1,6,10,5,,0,,,,
2021,3,131.0,청주,76.6,28.4,53.3,1,6,6,2,1,,1.4,5.6,WNW,21,8,6,5,1,0,0,2,10,2
2021,3,133.0,대전,95.2,39.6,50.8,1,7,6,3,1,,1.5,7.5,SSE,6,6,8,1,3,0,0,1,7,2
2021,3,135.0,추풍령,83.8,33.8,37.1,1,8,8,3,1,,2.8,10.0,W,29,7,6,4,,0,,,,
2021,3,136.0,안동,110.6,65.7,58.7,1,6,6,3,1,,1.8,7.7,WNW,21,6,8,3,5,0,0,2,9,7
2021,3,137.0,상주,98.4,,44.1,1,8,7,3,1,,1.6,8.9,WNW,21,8,7,3,,0,,,,
2021,3,138.0,포항,88.6,27.7,41.1,1,8,6,2,1,,2.8,8.7,NE,6,3,9,4,0,0,0,1,4,2
2021,3,140.0,군산,91.9,46.3,48.1,1,9,5,2,1,,1.8,10.3,NW,21,5,7,6,,0,,,,
2021,3,143.0,대구,95.2,48.1,35.5,1,7,6,3,1,,2.4,8.7,NW,21,6,8,3,0,0,0,1,5,4
2021,3,146.0,전주,95.7,41.4,42.5,1,8,6,3,1,,1.7,7.6,W,21,7,10,3,6,0,0,0,4,4
2021,3,152.0,울산,138.9,73.1,60.3,1,11,8,4,1,,2.4,6.6,NW,22,6,9,3,0,0,0,1,2,3
2021,3,155.0,창원,177.1,102.8,67.5,27,9,8,5,2,,1.6,7.3,SSE,1,8,7,4,1,0,0,0,1,1
2021,3,156.0,광주,122.4,61.6,39.7,1,9,8,4,2,,1.5,5.4,WSW,23,8,8,5,0,0,0,0,1,1
2021,3,159.0,부산,127.5,46.8,37.8,1,9,9,5,1,,3.3,11.3,SSW,28,6,7,3,0,0,0,0,0,0
2021,3,162.0,통영,157.8,74.7,47.0,27,10,9,6,2,,2.7,14.5,S,1,7,8,3,,2,,,,
2021,3,165.0,목포,127.4,67.4,41.7,27,8,8,4,2,,3.7,13.9,NNW,21,3,8,4,6,1,0,0,1,1
2021,3,168.0,여수,106.0,30.3,29.8,27,9,7,5,0,,3.9,15.5,S,1,8,6,4,1,2,0,0,1,0
2021,3,169.0,흑산도,94.1,45.3,35.8,27,8,7,3,1,,5.2,17.6,SSE,27,5,11,5,11,6,0,0,1,0
2021,3,170.0,완도,179.7,84.2,56.5,27,10,7,5,2,,2.5,10.2,WNW,1,6,10,3,,0,,,,
2021,3,172.0,고창,86.0,,33.3,1,8,8,3,1,,2.9,12.5,WNW,21,4,9,5,,0,,,,
2021,3,174.0,순천,161.1,,56.0,1,10,7,5,2,,2.1,9.3,WNW,21,5,7,5,,0,,,,
2021,3,177.0,홍성,100.5,,61.4,1,7,5,2,2,,1.5,7.1,WNW,21,5,9,4,8,0,0,0,11,11
2021,3,184.0,제주,81.1,-7.5,26.9,4,9,8,3,0,,3.1,10.5,NW,21,8,12,4,0,0,0,0,0,0
2021,3,185.0,고산,111.8,36.0,31.8,4,8,8,5,1,,6.7,24.0,NNW,21,6,12,3,,6,,,,
2021,3,188.0,성산,214.1,71.9,73.8,4,10,8,6,2,,2.9,8.2,NW,21,5,13,5,,0,,,,
2021,3,189.0,서귀포,156.3,25.1,35.2,4,11,9,6,1,,1.8,7.0,S,27,7,10,3,1,0,0,0,0,0
2021,3,192.0,진주,159.2,87.1,68.4,27,10,8,4,2,,1.1,5.8,WSW,28,6,7,4,,0,,,,
2021,3,201.0,강화,102.4,62.8,55.6,1,7,4,3,1,,2.2,7.3,ENE,1,7,6,3,,0,,,,
2021,3,202.0,양평,105.9,64.1,72.2,1,9,6,2,1,,1.4,7.1,WNW,21,7,4,4,,0,,,,
2021,3,203.0,이천,102.3,54.9,71.1,1,9,6,2,1,,1.3,6.1,W,23,9,4,4,,0,,,,
2021,3,211.0,인제,87.8,49.8,62.2,1,8,5,2,1,,1.7,7.2,S,23,10,7,5,,0,,,,
2021,3,212.0,홍천,111.1,65.5,82.7,1,7,6,2,1,,1.2,5.9,WNW,23,7,8,5,,0,,,,
2021,3,216.0,태백,99.3,38.6,59.7,1,8,6,2,1,,1.5,6.4,SSW,15,6,11,6,,0,,,,
2021,3,217.0,정선군,115.8,,81.8,1,6,6,2,1,,2.0,11.8,NE,23,8,8,5,,0,,,,
2021,3,221.0,제천,100.1,44.1,60.5,1,8,7,2,1,,1.4,6.7,W,21,8,7,4,,0,,,,
2021,3,226.0,보은,93.0,44.3,52.5,1,9,7,3,1,,1.3,6.1,ESE,27,6,6,5,,0,,,,
2021,3,232.0,천안,75.3,29.4,55.8,1,7,4,2,1,,1.5,7.9,WSW,23,6,6,4,,0,,,,
2021,3,235.0,보령,76.1,29.2,55.6,1,6,4,2,1,,1.5,7.8,SSW,28,7,8,4,,0,,,,
2021,3,236.0,부여,95.7,39.6,54.4,1,7,5,2,2,,1.1,6.5,WNW,21,7,4,5,,0,,,,
2021,3,238.0,금산,88.0,36.1,35.7,1,8,7,3,1,,1.2,5.7,W,22,6,7,4,,0,,,,
2021,3,239.0,세종,99.8,,63.3,1,7,6,2,1,,1.4,6.8,NNW,1,7,6,5,,0,,,,
2021,3,243.0,부안,100.4,51.5,37.0,1,8,6,3,2,,1.6,7.8,SSW,1,6,9,5,,0,,,,
2021,3,244.0,임실,105.5,51.7,35.0,27,8,7,4,2,,1.2,6.1,W,22,4,5,4,,0,,,,
2021,3,245.0,정읍,94.2,39.0,35.4,1,8,7,3,1,,1.7,8.9,SSW,1,4,8,4,,0,,,,
2021,3,247.0,남원,87.3,34.8,27.1,27,8,7,4,0,,1.8,7.7,ENE,6,5,9,4,,0,,,,
2021,3,248.0,장수,109.3,49.7,33.7,1,9,7,3,2,,1.5,7.7,WSW,28,6,7,4,,0,,,,
2021,3,251.0,고창군,71.8,,22.2,27,9,7,3,0,,1.7,7.9,ESE,27,5,9,5,,0,,,,
2021,3,252.0,영광군,97.0,,38.4,1,8,7,3,1,,1.8,7.0,SW,1,2,8,3,,0,,,,
2021,3,253.0,김해시,163.5,,52.2,1,9,9,5,2,,2.0,9.3,SSE,27,7,7,3,,0,,,,
2021,3,254.0,순창군,115.6,,42.9,27,9,8,3,2,,1.7,10.4,NW,21,6,8,4,,0,,,,
2021,3,255.0,북창원,192.2,,76.9,27,9,8,5,2,,1.7,6.0,S,1,7,8,4,,0,,,,
2021,3,257.0,양산시,161.7,,58.0,1,9,9,4,2,,2.5,9.1,ENE,1,4,8,3,,0,,,,
2021,3,258.0,보성군,175.4,,58.6,27,7,7,5,2,,3.2,14.5,NNW,21,5,6,5,,1,,,,
2021,3,259.0,강진군,153.3,,47.8,27,8,7,5,2,,1.9,7.7,W,1,6,9,4,,0,,,,
2021,3,260.0,장흥,160.0,87.0,60.8,27,10,7,5,2,,1.8,9.1,NNW,21,6,8,4,,0,,,,
2021,3,261.0,해남,127.2,54.3,34.6,1,11,7,5,2,,2.3,9.5,W,21,6,10,5,,0,,,,
2021,3,262.0,고흥,128.8,48.2,39.8,27,8,7,5,2,,1.6,8.9,S,1,7,7,4,,0,,,,
2021,3,263.0,의령군,132.2,,55.1,27,8,8,3,2,,1.9,9.4,WNW,22,5,8,5,,0,,,,
2021,3,264.0,함양군,68.3,,21.6,27,7,6,3,0,,1.8,8.4,WNW,21,6,9,3,,0,,,,
2021,3,266.0,광양시,136.7,,58.0,27,10,8,4,2,,1.9,8.9,WNW,21,6,7,4,,0,,,,
2021,3,268.0,진도군,142.3,,45.9,27,9,8,5,2,,2.6,9.2,NW,21,5,10,4,,0,,,,
2021,3,271.0,봉화,97.6,44.5,59.4,1,7,6,2,1,,1.4,7.4,NW,29,5,10,3,,0,,,,
2021,3,272.0,영주,144.2,89.9,77.0,1,7,7,3,2,,2.4,9.8,WNW,21,6,8,4,,0,,,,
2021,3,273.0,문경,107.1,58.5,48.0,1,7,7,3,2,,1.9,8.4,WNW,22,7,7,3,,0,,,,
2021,3,276.0,청송군,96.5,,54.7,1,6,6,3,1,,2.0,8.3,WNW,29,8,7,4,,0,,,,
2021,3,277.0,영덕,73.9,20.9,35.8,1,8,7,2,1,,2.8,11.4,NE,6,5,9,5,,0,,,,
2021,3,278.0,의성,100.4,58.9,53.7,1,7,6,3,1,,1.1,7.5,WNW,22,6,4,4,,0,,,,
2021,3,279.0,구미,89.7,44.3,41.7,1,7,7,3,1,,1.1,4.5,WNW,21,6,6,4,,0,,,,
2021,3,281.0,영천,99.7,52.8,41.1,1,6,6,5,1,,1.7,7.5,W,22,7,7,3,,0,,,,
2021,3,283.0,경주시,89.9,,36.7,1,7,6,2,1,,2.7,10.5,NW,21,8,6,4,,0,,,,
2021,3,284.0,거창,82.5,27.4,27.5,27,7,7,3,0,,1.5,7.9,NNW,22,6,9,3,,0,,,,
2021,3,285.0,합천,113.1,59.9,38.0,27,8,7,3,2,,1.0,5.4,N,22,7,9,3,,0,,,,
2021,3,288.0,밀양,134.3,79.9,46.6,1,8,7,4,2,,1.1,6.2,ENE,1,7,8,4,,0,,,,
2021,3,289.0,산청,122.4,53.9,42.7,27,8,7,3,2,,1.8,10.6,WNW,28,5,9,4,,0,,,,
2021,3,294.0,거제,181.7,67.9,42.8,27,11,9,6,3,,1.7,8.8,ENE,1,6,8,4,,0,,,,
2021,3,295.0,남해,234.4,134.5,80.6,27,10,7,5,3,,1.5,7.1,ESE,27,5,6,4,,0,,,,
2021,4,90.0,속초,97.2,23.9,40.5,3,7,7,4,1,,2.3,9.5,W,19,,,2,,0,,,,
2021,4,93.0,북춘천,110.2,,56.6,3,8,5,3,1,,1.5,7.8,WNW,17,8,7,1,1,0,0,0,5,1
2021,4,95.0,철원,99.3,30.3,43.9,3,8,8,3,1,,1.7,6.4,NW,17,9,7,1,,0,,,,
2021,4,98.0,동두천,99.3,26.1,49.0,3,10,6,3,1,,1.7,9.0,NW,17,10,7,1,,0,,,,
2021,4,99.0,파주,106.4,32.2,48.5,3,9,5,3,2,,1.8,8.8,NW,17,9,7,2,,0,,,,
2021,4,100.0,대관령,98.4,4.9,41.6,3,10,7,4,1,,3.0,12.1,W,28,7,7,0,0,0,2,0,0,0
2021,4,101.0,춘천,121.7,50.2,63.1,3,8,6,3,1,,1.6,8.6,W,17,0,0,2,,0,,,,
2021,4,102.0,백령도,67.1,19.6,41.5,3,9,6,2,1,,4.0,13.8,NNW,13,11,9,3,2,0,0,0,0,0
2021,4,104.0,북강릉,115.0,,50.9,3,7,6,3,1,,1.7,7.8,WSW,19,7,8,2,0,0,1,0,2,0
2021,4,105.0,강릉,108.1,26.2,43.3,3,8,6,3,2,,2.2,7.4,SW,16,7,7,2,0,0,1,0,0,0
2021,4,106.0,동해,80.3,8.0,34.8,3,9,8,3,1,,2.3,9.5,SSE,26,7,8,1,0,0,1,0,0,0
2021,4,108.0,서울,124.1,51.2,56.2,3,9,7,3,1,,2.6,7.1,WNW,17,10,9,2,0,0,0,0,2,0
2021,4,112.0,인천,116.9,53.4,54.7,3,9,6,3,1,,3.2,8.9,NW,17,9,9,2,3,0,0,0,0,0
2021,4,114.0,원주,88.9,15.9,53.5,3,7,7,2,1,,1.4,5.3,W,14,9,8,3,,0,,,,
2021,4,115.0,울릉도,143.9,46.1,33.7,3,11,10,5,1,,4.2,15.2,NNW,20,6,6,0,4,2,3,0,0,0
2021,4,119.0,수원,106.4,34.8,46.7,3,8,6,3,1,,2.2,7.1,E,23,11,11,2,1,0,0,0,1,0
2021,4,121.0,영월,95.8,22.3,50.5,3,8,6,2,1,,1.5,7.8,E,1,9,7,3,0,0,1,0,0,0
2021,4,127.0,충주,63.4,-10.4,36.4,3,9,7,2,1,,1.9,9.9,SW,30,7,8,2,0,0,1,0,0,0
2021,4,129.0,서산,110.6,35.9,42.5,3,8,6,3,2,,2.3,8.0,WNW,13,8,9,2,,0,,,,
2021,4,130.0,울진,76.2,-0.2,30.2,4,8,5,2,1,,2.7,9.2,NW,4,8,7,2,0,0,1,0,0,0
2021,4,131.0,청주,46.4,-29.1,23.2,3,7,4,2,0,,1.8,8.2,WSW,30,10,11,2,0,0,0,0,1,0
2021,4,133.0,대전,47.4,-34.2,22.0,3,8,4,2,0,,1.9,11.6,WSW,30,9,9,2,1,0,0,0,1,0
2021,4,135.0,추풍령,43.8,-36.5,15.1,12,5,4,3,0,,3.1,10.8,WSW,30,8,10,4,,0,,,,
2021,4,136.0,안동,107.3,33.3,57.0,3,6,4,3,1,,2.0,7.1,WNW,13,9,10,4,0,0,3,0,4,1
2021,4,137.0,상주,70.5,-16.1,27.5,3,6,3,3,0,,1.6,7.1,WSW,30,8,10,3,0,0,3,0,0,0
2021,4,138.0,포항,69.8,-11.4,31.3,3,6,4,4,1,,3.0,7.6,SW,30,7,9,2,0,0,0,0,2,0
2021,4,140.0,군산,43.9,-37.7,22.6,12,6,5,2,0,,2.3,10.4,SSW,30,7,9,2,,0,,,,
2021,4,143.0,대구,43.0,-27.6,19.3,4,4,3,2,0,,2.9,8.9,E,1,7,7,3,0,0,1,0,2,1
2021,4,146.0,전주,34.9,-43.5,15.0,12,7,5,2,0,,1.9,7.5,W,17,8,11,3,1,0,0,0,1,0
2021,4,152.0,울산,73.9,-23.0,32.5,3,6,5,3,1,,2.3,6.3,SSW,30,9,5,2,0,0,0,0,0,0
2021,4,155.0,창원,86.5,-47.3,38.7,3,5,5,3,1,,1.7,6.7,NE,1,6,7,2,0,0,0,0,0,0
2021,4,156.0,광주,34.2,-52.4,16.9,12,6,4,2,0,,1.4,7.9,SSW,29,8,11,3,0,0,0,0,0,0
2021,4,159.0,부산,107.1,-33.8,39.5,3,5,5,4,1,,3.4,12.9,SW,30,6,6,2,0,0,0,0,0,0
2021,4,162.0,통영,103.1,-35.7,49.7,3,5,5,3,2,,2.6,11.6,S,12,6,7,2,0,0,1,0,0,0
2021,4,165.0,목포,51.9,-28.4,32.0,12,6,4,2,1,,3.7,12.7,S,29,8,11,3,2,0,0,0,0,0
2021,4,168.0,여수,95.3,-29.9,50.0,3,5,5,3,1,,4.1,14.7,WSW,30,7,9,1,1,1,0,0,0,0
2021,4,169.0,흑산도,63.4,-25.4,36.2,12,6,5,2,1,,5.1,18.0,SSW,29,8,10,4,4,3,2,0,0,0
2021,4,170.0,완도,86.8,-54.9,53.9,12,5,4,2,1,,3.2,10.8,WNW,17,4,10,2,,0,,,,
2021,4,172.0,고창,29.3,-54.5,18.2,12,8,5,1,0,,3.1,13.2,ESE,3,6,11,2,,0,,,,
2021,4,174.0,순천,62.6,,25.7,12,6,5,2,0,,2.3,10.2,W,30,5,9,3,,0,,,,
2021,4,177.0,홍성,72.9,,38.3,3,8,7,2,1,,1.8,8.6,WNW,30,10,12,2,0,0,1,0,1,0
2021,4,184.0,제주,58.8,-30.9,16.9,12,7,6,2,0,,3.2,10.7,SSW,30,5,10,2,0,0,1,0,0,0
2021,4,185.0,고산,101.2,6.5,51.7,12,7,6,3,1,,6.4,24.8,W,30,4,8,3,0,8,1,0,0,0
2021,4,188.0,성산,94.7,-66.6,53.0,12,8,7,2,1,,3.1,8.9,NW,13,5,9,3,,0,,,,
2021,4,189.0,서귀포,182.0,-5.0,117.9,12,6,4,3,2,,2.1,6.9,ENE,1,5,8,3,0,0,1,0,0,0
2021,4,192.0,진주,82.2,-44.2,35.6,3,5,5,2,2,,1.2,7.4,WSW,17,4,6,3,0,0,1,0,0,0
2021,4,201.0,강화,107.7,42.8,49.5,3,9,7,3,1,,2.3,7.4,WSW,14,9,8,3,,0,,,,
2021,4,202.0,양평,96.2,23.7,47.9,3,9,7,3,1,,1.5,6.4,NW,17,9,8,3,,0,,,,
2021,4,203.0,이천,94.3,15.8,46.6,3,7,6,3,1,,1.5,5.4,W,17,10,8,3,,0,,,,
2021,4,211.0,인제,101.6,31.8,46.0,3,8,7,4,1,,1.8,6.6,SSW,13,8,7,2,,0,,,,
2021,4,212.0,홍천,100.1,25.3,47.8,3,7,6,3,1,,1.4,7.0,WNW,17,9,8,3,,0,,,,
2021,4,216.0,태백,112.0,26.2,45.4,3,8,8,4,1,,1.5,7.5,NE,25,6,8,3,0,0,2,0,0,0
2021,4,217.0,정선군,109.2,27.8,53.2,3,7,6,4,1,,2.1,9.7,NNE,14,8,8,4,0,0,1,0,0,0
2021,4,221.0,제천,104.0,18.9,51.2,3,9,6,3,1,,1.5,6.6,SW,30,8,8,3,0,0,1,0,0,0
2021,4,226.0,보은,52.5,-29.7,19.2,4,6,4,3,0,,1.6,7.8,SSE,30,9,11,2,,0,,,,
2021,4,232.0,천안,54.7,-12.8,35.0,3,7,6,1,1,,1.8,8.7,W,30,8,8,2,0,0,2,0,0,0
2021,4,235.0,보령,43.4,-29.3,22.8,3,6,4,2,0,,1.5,15.2,SSW,30,9,12,2,,1,,,,
2021,4,236.0,부여,42.3,-43.0,20.5,12,6,4,2,0,,1.4,9.9,SSW,30,9,6,2,0,0,1,0,0,0
2021,4,238.0,금산,39.3,-45.4,17.5,12,7,3,2,0,,1.5,7.7,SSW,29,7,8,3,0,0,1,0,0,0
2021,4,239.0,세종,56.0,,27.3,3,8,5,2,0,,1.7,6.7,S,30,8,5,2,,0,,,,
2021,4,243.0,부안,46.4,-33.6,25.4,12,6,5,2,0,,1.9,8.5,SSW,30,8,11,3,,0,,,,
2021,4,244.0,임실,43.3,-40.3,22.0,12,6,4,2,0,,1.4,6.9,WNW,17,6,8,3,0,0,1,0,0,0
2021,4,245.0,정읍,26.7,-55.8,12.8,12,7,5,1,0,,1.8,11.7,SW,29,5,10,3,,0,,,,
2021,4,247.0,남원,42.8,-39.0,16.2,3,7,4,2,0,,2.3,11.3,SW,29,6,9,3,,0,,,,
2021,4,248.0,장수,50.8,-45.8,24.2,3,8,4,2,0,,1.8,8.6,WSW,30,7,7,3,,0,,,,
2021,4,251.0,고창군,29.0,,14.5,12,8,7,1,0,,1.9,8.8,SE,30,9,10,3,,0,,,,
2021,4,252.0,영광군,38.8,-51.3,26.2,12,7,5,1,0,,1.9,7.8,SW,29,5,12,3,,0,,,,
2021,4,253.0,김해시,84.0,-44.4,31.9,3,4,4,4,1,,2.0,10.8,WNW,17,5,7,2,,0,,,,
2021,4,254.0,순창군,42.5,-62.3,20.2,3,6,3,2,0,,1.9,10.0,W,30,5,9,3,,0,,,,
2021,4,255.0,북창원,76.5,,26.8,3,5,4,3,0,,1.6,6.3,E,22,6,7,2,,0,,,,
2021,4,257.0,양산시,91.2,-35.6,34.8,3,4,4,4,1,,2.6,8.3,ESE,1,8,6,2,0,0,2,0,0,0
2021,4,258.0,보성군,94.9,,48.0,12,5,5,2,1,,3.6,13.5,NW,17,6,10,3,,0,,,,
2021,4,259.0,강진군,50.5,-74.4,24.2,12,5,4,2,0,,2.2,8.1,W,17,5,10,4,,0,,,,
2021,4,260.0,장흥,53.8,-54.7,29.3,12,5,5,2,0,,2.1,8.0,N,17,6,8,4,,0,,,,
2021,4,261.0,해남,43.5,-51.0,22.9,12,6,5,2,0,,2.7,9.0,SSW,29,4,10,3,,0,,,,
2021,4,262.0,고흥,71.8,-56.4,29.8,12,5,5,3,0,,1.7,8.0,WNW,29,6,7,3,,0,,,,
2021,4,263.0,의령군,64.0,-54.4,26.1,3,4,4,3,0,,2.0,10.4,WNW,17,3,6,3,,0,,,,
2021,4,264.0,함양군,37.2,-67.5,18.9,3,5,4,2,0,,2.1,8.3,SSW,30,4,7,3,,0,,,,
2021,4,266.0,광양시,78.6,,33.5,12,6,5,2,2,,2.0,7.6,NE,2,5,9,3,,0,,,,
2021,4,268.0,진도군,75.5,-51.0,53.0,12,6,4,2,1,,2.6,8.8,S,29,6,9,4,,0,,,,
2021,4,271.0,봉화,92.3,11.6,40.1,3,6,5,4,1,,1.6,6.6,SSE,29,6,10,3,0,0,1,0,0,0
2021,4,272.0,영주,118.8,24.0,51.8,3,6,5,3,2,,2.6,10.4,NW,17,7,8,3,0,0,1,0,0,0
2021,4,273.0,문경,90.8,1.3,43.2,3,7,5,3,1,,2.1,8.2,ESE,1,7,10,4,0,0,2,0,0,0
2021,4,276.0,청송군,74.2,-7.5,25.0,4,6,4,3,0,,2.2,8.6,W,13,7,9,3,0,0,3,0,0,0
2021,4,277.0,영덕,68.6,-10.9,27.6,3,7,6,3,0,,3.2,11.7,NNE,4,8,9,3,0,0,1,0,0,0
2021,4,278.0,의성,72.4,-1.2,26.1,3,6,4,3,0,,1.3,6.9,WNW,17,9,10,4,0,0,1,0,0,0
2021,4,279.0,구미,46.9,-32.1,19.6,4,5,3,3,0,,1.2,4.6,W,17,6,10,2,,0,,,,
2021,4,281.0,영천,66.5,-9.9,31.6,3,6,3,3,1,,2.1,7.1,WNW,13,7,10,4,0,0,1,0,0,0
2021,4,283.0,경주시,45.2,-50.9,19.4,3,5,3,2,0,,3.1,10.1,WSW,30,5,8,2,,0,,,,
2021,4,284.0,거창,49.2,-35.6,20.8,3,6,3,2,0,,1.7,7.6,NNW,14,5,7,3,,0,,,,
2021,4,285.0,합천,53.9,-28.0,22.6,3,4,3,2,0,,1.2,6.2,SW,30,4,5,3,,0,,,,
2021,4,288.0,밀양,66.7,-23.8,28.2,3,5,4,3,0,,1.2,6.9,WNW,17,5,5,3,0,0,1,0,0,0
2021,4,289.0,산청,50.5,-56.0,28.1,12,4,3,2,0,,2.0,9.8,WNW,17,4,8,3,,0,,,,
2021,4,294.0,거제,138.2,-39.0,64.4,3,5,5,4,2,,1.8,7.1,ENE,12,5,8,3,,0,,,,
2021,4,295.0,남해,119.7,-60.0,57.8,12,5,5,2,2,,1.7,8.0,WNW,13,6,8,3,,0,,,,
2021,5,90.0,속초,154.9,66.4,67.0,16,15,14,3,2,,2.1,10.0,W,7,,,2,,0,,,,
2021,5,93.0,북춘천,159.3,,67.4,16,15,15,4,1,,1.4,9.1,W,9,4,10,4,1,0,1,0,0,0
2021,5,95.0,철원,199.1,96.7,79.4,16,17,14,6,1,,1.5,7.3,WNW,24,4,9,2,0,0,3,0,0,0
2021,5,98.0,동두천,228.8,133.6,79.4,16,17,14,8,1,,1.5,8.2,WNW,9,4,8,3,0,0,5,0,0,0
2021,5,99.0,파주,243.0,141.0,100.0,16,16,15,6,2,,1.5,7.1,SSW,8,4,6,4,0,0,3,0,0,0
2021,5,100.0,대관령,154.0,45.8,59.9,16,15,14,4,1,,3.1,12.0,W,7,5,12,3,0,0,3,0,0,0
2021,5,101.0,춘천,172.3,72.9,69.1,16,16,15,4,1,,1.4,6.6,W,9,0,0,5,0,0,1,0,0,0
2021,5,102.0,백령도,67.3,-7.0,14.4,10,11,8,4,0,,3.8,12.7,SE,28,5,7,3,6,0,0,0,0,0
2021,5,104.0,북강릉,157.6,,73.2,16,14,12,5,1,,1.7,10.3,SW,7,5,9,3,1,0,2,0,0,0
2021,5,105.0,강릉,157.5,78.3,63.5,16,14,11,5,1,,2.4,9.7,SW,7,5,8,4,,0,,,,
2021,5,106.0,동해,116.9,53.6,49.6,16,14,9,3,1,,2.1,11.2,W,7,5,11,5,0,0,1,0,0,0
2021,5,108.0,서울,183.1,79.5,66.9,16,17,13,5,1,,2.4,8.4,SSW,8,4,10,5,1,0,5,0,0,0
2021,5,112.0,인천,191.5,95.2,61.4,16,15,13,5,2,,3.0,10.9,NNW,1,5,10,4,5,0,4,0,0,0
2021,5,114.0,원주,142.7,56.6,45.1,16,17,14,4,1,,1.1,5.7,W,9,2,11,7,0,0,3,0,0,0
2021,5,115.0,울릉도,92.2,-16.3,20.6,1,15,14,2,0,,3.8,14.5,WSW,16,5,10,3,9,1,0,0,0,0
2021,5,119.0,수원,179.2,84.2,32.6,16,16,15,7,1,,2.0,8.8,W,30,4,10,6,0,0,5,0,0,0
2021,5,121.0,영월,154.3,75.9,63.9,16,17,15,4,1,,1.1,6.5,WNW,9,4,12,5,0,0,3,0,0,0
2021,5,127.0,충주,178.4,91.0,54.9,16,18,16,6,1,,1.6,7.5,WSW,8,5,9,4,0,0,2,0,0,0
2021,5,129.0,서산,132.3,31.2,25.8,28,16,13,5,0,,2.3,8.0,S,7,5,10,2,0,0,3,0,0,0
2021,5,130.0,울진,137.2,66.7,64.1,16,15,12,4,1,,2.4,9.6,WSW,7,4,11,5,0,0,2,0,0,0
2021,5,131.0,청주,136.4,53.6,35.9,16,18,16,4,1,,1.5,7.8,NNE,28,4,11,5,0,0,4,0,0,0
2021,5,133.0,대전,134.2,42.4,43.7,16,17,16,4,2,,1.6,6.4,S,11,4,10,4,0,0,5,0,0,0
2021,5,135.0,추풍령,165.7,85.6,53.0,16,17,17,5,1,,2.6,12.4,N,28,4,8,12,0,0,7,0,0,0
2021,5,136.0,안동,143.8,58.7,65.3,16,18,13,3,1,,1.6,8.3,WNW,9,4,10,6,5,0,2,0,0,0
2021,5,137.0,상주,166.5,78.9,53.0,16,17,14,4,1,,1.3,6.5,WNW,25,6,10,7,0,0,5,0,0,0
2021,5,138.0,포항,109.8,25.2,31.7,16,17,16,4,1,,2.6,8.0,NNE,28,6,11,3,0,0,5,0,0,0
2021,5,140.0,군산,137.0,51.2,38.8,11,14,13,5,1,,2.6,9.2,SW,28,6,9,3,0,0,8,0,0,0
2021,5,143.0,대구,90.9,13.0,24.7,16,14,11,4,0,,2.5,8.9,WNW,25,3,10,4,0,0,4,0,0,0
2021,5,146.0,전주,182.2,99.4,62.7,11,17,12,4,3,,1.9,7.5,WSW,7,4,10,3,2,0,6,0,0,0
2021,5,152.0,울산,120.4,13.0,31.2,28,15,9,5,1,,1.9,7.4,SSW,28,4,11,3,0,0,2,0,0,0
2021,5,155.0,창원,147.9,1.5,63.9,4,11,9,4,1,,1.5,7.5,S,4,4,11,4,3,0,2,0,0,0
2021,5,156.0,광주,139.4,48.0,59.6,16,9,7,6,2,,1.4,7.2,SSW,28,4,11,4,0,0,4,0,0,0
2021,5,159.0,부산,139.2,-16.7,45.1,16,14,11,5,1,,3.5,14.8,SW,28,6,10,6,3,1,2,0,0,0
2021,5,162.0,통영,163.1,3.5,40.5,16,10,9,5,3,,2.6,14.5,SSE,4,5,12,4,0,1,3,0,0,0
2021,5,165.0,목포,112.3,21.0,33.5,15,9,6,4,2,,3.4,9.3,NW,1,4,9,1,1,0,3,0,0,0
2021,5,168.0,여수,134.9,-8.6,33.6,16,9,7,5,2,,3.9,14.5,S,4,6,10,1,3,1,2,0,0,0
2021,5,169.0,흑산도,97.3,0.6,45.1,15,9,7,3,1,,4.9,17.8,SSE,4,6,10,3,8,2,2,0,0,0
2021,5,170.0,완도,139.9,-7.1,68.0,4,10,7,4,1,,2.6,10.2,S,28,4,10,4,0,0,4,0,0,0
2021,5,172.0,고창,93.5,23.9,33.9,16,13,8,4,1,,3.2,11.0,NNE,10,5,10,4,0,0,4,0,0,0
2021,5,174.0,순천,92.1,,27.1,4,12,8,5,0,,2.1,8.7,WNW,5,5,9,6,0,0,3,0,0,0
2021,5,177.0,홍성,141.7,,39.3,28,16,15,5,1,,1.9,8.6,SW,8,5,11,3,1,0,4,0,0,0
2021,5,184.0,제주,100.7,5.1,24.4,20,11,9,5,0,,3.0,10.9,SW,28,4,10,3,0,0,3,0,0,0
2021,5,185.0,고산,132.2,14.5,45.4,4,12,9,5,1,,6.1,16.7,NNW,28,5,9,3,0,7,2,0,0,0
2021,5,188.0,성산,154.1,-23.9,55.4,4,13,10,5,2,,2.8,8.1,SW,28,4,11,6,0,0,3,0,0,0
2021,5,189.0,서귀포,159.2,-64.4,52.6,4,11,10,5,1,,1.7,10.1,S,4,3,11,5,2,0,3,0,0,0
2021,5,192.0,진주,116.9,-20.4,50.5,4,10,8,5,1,,1.2,6.2,W,25,6,11,5,0,0,2,0,0,0
2021,5,201.0,강화,240.9,130.0,76.0,16,16,13,6,3,,2.3,8.3,WSW,8,6,8,3,0,0,3,0,0,0
2021,5,202.0,양평,148.7,54.3,49.1,16,16,12,3,1,,1.4,7.3,ESE,20,4,8,3,0,0,4,0,0,0
2021,5,203.0,이천,164.8,71.6,33.2,16,17,16,7,1,,1.3,5.7,ESE,20,3,9,6,0,0,5,0,0,0
2021,5,211.0,인제,172.0,79.4,70.3,16,16,15,5,1,,1.5,7.4,S,8,2,12,5,0,0,1,0,0,0
2021,5,212.0,홍천,175.0,73.7,68.0,16,15,15,4,1,,1.3,6.1,WSW,9,3,10,6,0,0,4,0,0,0
2021,5,216.0,태백,154.5,64.3,74.9,16,15,12,3,1,,1.6,7.7,SW,7,6,10,4,,0,,,,
2021,5,217.0,정선군,161.9,95.1,80.7,16,16,15,4,1,,1.6,10.9,NE,9,4,12,8,0,0,2,0,0,0
2021,5,221.0,제천,157.8,60.9,55.8,16,16,15,5,1,,1.2,6.4,SW,8,3,11,6,0,0,1,0,0,0
2021,5,226.0,보은,154.5,61.7,50.7,16,17,17,5,1,,1.3,7.7,NW,28,5,8,4,0,0,3,0,0,0
2021,5,232.0,천안,135.9,57.2,27.7,16,17,16,3,0,,1.5,8.2,WSW,8,4,8,5,0,0,5,0,0,0
2021,5,235.0,보령,110.0,22.5,29.3,16,15,12,3,0,,1.7,8.4,SSW,28,4,11,3,0,0,5,0,0,0
2021,5,236.0,부여,136.9,39.4,39.1,16,15,13,4,1,,1.3,6.5,SW,8,4,9,6,0,0,5,0,0,0
2021,5,238.0,금산,162.7,81.1,51.4,28,17,16,4,2,,1.3,6.3,SSW,26,5,10,8,0,0,7,0,0,0
2021,5,239.0,세종,141.9,,38.5,28,17,14,4,2,,1.4,6.7,NNW,28,4,10,4,0,0,4,0,0,0
2021,5,243.0,부안,81.7,-3.2,21.9,16,14,10,3,0,,2.0,9.0,S,28,5,11,3,0,0,6,0,0,0
2021,5,244.0,임실,89.5,3.6,32.2,16,15,11,3,1,,1.4,6.7,W,25,3,11,5,0,0,5,0,0,0
2021,5,245.0,정읍,96.4,9.2,49.1,16,13,8,3,1,,2.1,9.6,SSW,28,4,10,3,0,0,5,0,0,0
2021,5,247.0,남원,60.3,-30.2,16.3,15,12,7,3,0,,2.0,7.2,WSW,8,4,10,3,0,0,4,0,0,0
2021,5,248.0,장수,117.9,17.4,49.8,16,17,13,3,1,,1.6,7.5,WSW,5,3,11,5,0,0,6,0,0,0
2021,5,251.0,고창군,101.3,,41.6,16,16,10,3,1,,1.8,7.1,NNW,10,4,11,4,0,0,5,0,0,0
2021,5,252.0,영광군,91.1,-2.7,25.8,16,14,7,3,0,,1.9,6.8,SSW,28,5,9,4,0,0,4,0,0,0
2021,5,253.0,김해시,149.7,39.1,58.0,4,14,10,4,1,,1.9,11.0,WNW,5,5,10,5,0,0,2,0,0,0
2021,5,254.0,순창군,137.4,50.1,63.6,16,12,9,5,1,,1.9,9.0,W,21,4,12,5,0,0,4,0,0,0
2021,5,255.0,북창원,147.0,,68.4,4,13,10,5,1,,1.3,5.2,SE,4,5,9,6,0,0,2,0,0,0
2021,5,257.0,양산시,121.4,11.2,34.7,4,14,10,5,1,,2.3,8.9,SW,28,4,9,5,0,0,2,0,0,0
2021,5,258.0,보성군,144.9,,55.9,4,8,8,5,1,,3.3,13.8,NNW,25,7,10,5,0,0,1,0,0,0
2021,5,259.0,강진군,130.8,7.9,43.9,16,10,6,5,2,,2.0,7.7,W,25,5,10,3,0,0,1,0,0,0
2021,5,260.0,장흥,122.8,1.2,34.8,16,10,7,5,2,,1.8,7.9,SSE,4,6,9,3,0,0,1,0,0,0
2021,5,261.0,해남,128.9,26.5,39.9,16,9,6,5,2,,2.4,8.3,W,1,4,10,2,0,0,2,0,0,0
2021,5,262.0,고흥,112.9,-20.4,37.3,4,8,7,5,1,,1.5,8.1,SSE,4,7,9,5,0,0,2,0,0,0
2021,5,263.0,의령군,102.7,14.7,27.6,4,10,10,4,0,,2.0,10.0,WNW,25,6,9,6,0,0,2,0,0,0
2021,5,264.0,함양군,108.3,43.9,42.0,16,15,8,3,1,,1.9,8.3,SW,28,3,11,5,0,0,4,0,0,0
2021,5,266.0,광양시,80.1,,28.0,16,11,7,4,0,,1.6,7.2,NE,11,6,11,5,0,0,2,0,0,0
2021,5,268.0,진도군,144.7,-0.9,48.9,4,8,5,5,2,,2.3,7.6,NW,25,5,8,3,0,0,2,0,0,0
2021,5,271.0,봉화,191.6,90.1,93.7,16,15,14,5,1,,1.3,7.8,NNW,28,5,11,7,0,0,2,0,0,0
2021,5,272.0,영주,153.3,34.8,64.9,16,16,13,4,1,,2.3,10.5,NW,9,5,10,6,0,0,3,0,0,0
2021,5,273.0,문경,178.4,70.3,74.1,16,17,13,5,1,,1.7,7.8,W,9,7,11,7,0,0,4,0,0,0
2021,5,276.0,청송군,125.4,68.7,30.7,16,17,14,6,1,,1.9,8.6,WNW,9,3,12,5,0,0,4,0,0,0
2021,5,277.0,영덕,130.7,56.2,50.3,16,13,9,3,2,,2.3,11.5,NNE,28,6,12,5,0,0,2,0,0,0
2021,5,278.0,의성,121.2,42.6,35.8,16,18,13,5,1,,1.1,7.1,NNE,28,3,11,6,0,0,5,0,0,0
2021,5,279.0,구미,121.3,42.6,21.9,28,16,14,5,0,,1.1,5.1,WNW,5,3,10,5,0,0,5,0,0,0
2021,5,281.0,영천,93.7,7.9,25.3,16,16,12,3,0,,1.7,7.1,WNW,5,5,11,4,0,0,5,0,0,0
2021,5,283.0,경주시,93.6,38.3,37.0,16,14,10,3,1,,2.7,9.5,WNW,25,7,12,3,0,0,5,0,0,0
2021,5,284.0,거창,102.5,13.8,33.7,16,15,10,4,1,,1.6,8.4,WNW,5,3,10,6,0,0,5,0,0,0
2021,5,285.0,합천,117.0,22.9,33.4,16,13,8,5,1,,1.2,5.8,NNE,28,4,8,5,0,0,2,0,0,0
2021,5,288.0,밀양,107.9,1.2,28.5,16,13,12,4,0,,1.2,7.1,WNW,5,5,10,5,0,0,3,0,0,0
2021,5,289.0,산청,123.4,17.9,35.1,16,13,9,4,1,,2.0,10.1,WNW,25,5,11,5,0,0,3,0,0,0
2021,5,294.0,거제,197.3,-5.7,64.5,16,11,10,5,3,,1.7,8.2,ENE,4,5,12,4,0,0,2,0,0,0
2021,5,295.0,남해,170.6,-25.7,70.0,4,7,6,5,3,,1.7,7.4,SE,4,5,11,4,0,0,1,0,0,0
2021,6,90.0,속초,43.8,-75.7,10.2,3,12,7,1,0,,1.7,8.0,N,3,,,7,,0,,,,
2021,6,93.0,북춘천,128.1,,26.2,26,15,9,5,0,,1.2,7.3,WSW,4,0,11,2,0,0,4,0,0,0
2021,6,95.0,철원,67.6,-51.4,18.0,30,11,8,3,0,,1.3,6.0,NNE,21,1,11,0,0,0,4,0,0,0
2021,6,98.0,동두천,103.3,-27.2,23.7,28,13,11,5,0,,1.1,6.2,W,29,0,9,0,0,0,5,0,0,0
2021,6,99.0,파주,50.4,-57.0,14.3,10,10,7,2,0,,1.2,6.5,SSE,11,2,9,0,0,0,2,0,0,0
2021,6,100.0,대관령,78.6,-83.9,34.5,16,13,9,2,1,,2.3,10.2,W,5,2,16,2,0,0,3,0,0,0
2021,6,101.0,춘천,99.7,-23.2,31.6,26,14,7,5,1,,1.5,4.9,N,21,0,0,1,0,0,3,0,0,0
2021,6,102.0,백령도,178.5,106.5,131.6,10,15,6,2,1,,2.9,12.3,SE,1,3,18,5,19,0,3,0,0,0
2021,6,104.0,북강릉,30.4,,15.4,3,11,5,1,0,,1.1,6.5,WSW,4,2,13,4,4,0,0,0,0,0
2021,6,105.0,강릉,32.5,-86.0,14.2,16,9,3,2,0,,1.8,8.6,SW,5,2,11,6,,0,,,,
2021,6,106.0,동해,40.6,-65.3,14.6,3,10,5,2,0,,1.5,8.5,NE,21,3,12,2,,0,,,,
2021,6,108.0,서울,104.6,-24.9,38.2,27,13,11,2,1,,2.2,7.8,SSW,27,0,7,1,0,0,6,0,0,0
2021,6,112.0,인천,45.4,-60.6,16.1,3,10,7,2,0,,2.4,9.5,S,11,0,9,2,12,0,1,0,0,0
2021,6,114.0,원주,133.0,-3.7,67.4,22,14,10,4,1,,1.1,5.4,NNE,16,0,10,1,0,0,5,0,0,0
2021,6,115.0,울릉도,82.3,-34.5,61.9,3,8,6,1,1,,3.1,12.1,WSW,5,2,13,6,7,0,0,0,0,0
2021,6,119.0,수원,50.1,-72.8,17.2,3,13,5,1,0,,1.8,6.7,SW,20,3,5,1,2,0,6,0,0,0
2021,6,121.0,영월,141.0,3.9,72.9,22,17,11,4,1,,1.0,5.5,ESE,25,1,14,1,0,0,4,0,0,0
2021,6,127.0,충주,130.4,-4.3,42.3,29,14,11,4,2,,1.4,5.5,WSW,20,0,9,0,0,0,4,0,0,0
2021,6,129.0,서산,70.9,-67.3,22.3,23,9,7,3,0,,1.9,7.1,SW,11,2,9,1,0,0,2,0,0,0
2021,6,130.0,울진,49.5,-54.8,17.0,3,10,7,2,0,,2.0,6.7,NNW,21,2,9,4,0,0,2,0,0,0
2021,6,131.0,청주,75.4,-64.6,25.7,3,11,8,3,0,,1.5,7.0,ENE,28,2,7,1,0,0,3,0,0,0
2021,6,133.0,대전,105.9,-61.4,24.2,29,13,11,4,0,,1.5,5.8,SSE,16,1,7,2,0,0,3,0,0,0
2021,6,135.0,추풍령,50.8,-85.8,25.2,3,12,8,2,0,,1.8,8.7,W,5,2,8,2,0,0,1,0,0,0
2021,6,136.0,안동,58.2,-64.9,28.6,3,11,5,2,0,,1.4,6.0,ESE,21,0,12,1,1,0,1,0,0,0
2021,6,137.0,상주,57.0,-58.2,26.6,3,8,7,2,0,,0.9,3.8,W,4,1,10,3,0,0,1,0,0,0
2021,6,138.0,포항,36.6,-90.2,15.7,15,10,7,1,0,,2.5,5.9,E,20,0,14,2,1,0,1,0,0,0
2021,6,140.0,군산,98.8,-43.4,28.0,10,13,8,4,0,,2.1,7.8,SSE,11,1,5,3,0,0,2,0,0,0
2021,6,143.0,대구,55.1,-74.1,17.5,3,14,9,2,0,,2.3,7.3,ESE,21,0,13,1,0,0,3,0,0,0
2021,6,146.0,전주,145.3,-13.7,44.0,11,11,10,3,2,,1.4,5.5,SE,28,1,8,3,2,0,4,0,0,0
2021,6,152.0,울산,93.8,-61.7,30.3,11,10,8,3,1,,1.6,5.2,SSW,5,1,11,4,3,0,0,0,0,0
2021,6,155.0,창원,140.6,-50.1,59.2,11,10,9,5,1,,1.3,5.4,S,6,1,11,3,3,0,0,0,0,0
2021,6,156.0,광주,118.1,-34.5,27.4,11,14,10,4,0,,1.3,5.7,NE,15,2,7,2,0,0,1,0,0,0
2021,6,159.0,부산,232.3,43.9,82.6,11,9,8,5,3,,2.6,9.4,WSW,5,1,10,6,3,0,0,0,0,0
2021,6,162.0,통영,182.3,-13.5,92.4,11,10,8,4,2,,2.0,8.5,SSE,11,0,7,4,0,0,1,0,0,0
2021,6,165.0,목포,108.3,-41.9,45.1,10,8,7,4,1,,2.7,10.1,N,3,1,6,2,3,0,0,0,0,0
2021,6,168.0,여수,130.2,-64.1,55.0,11,10,7,4,2,,2.7,10.6,NE,16,1,10,2,2,0,0,0,0,0
2021,6,169.0,흑산도,68.1,-89.4,34.3,10,7,6,3,1,,4.2,19.1,SSE,10,0,15,3,15,1,0,0,0,0
2021,6,170.0,완도,143.0,-64.2,50.8,11,7,6,4,2,,2.5,12.2,SSE,10,1,7,3,0,0,2,0,0,0
2021,6,172.0,고창,143.2,54.2,64.1,11,9,6,4,1,,2.5,9.8,ESE,10,1,6,3,0,0,1,0,0,0
2021,6,174.0,순천,76.0,,35.8,11,8,7,3,1,,1.6,6.5,ESE,10,1,10,2,0,0,1,0,0,0
2021,6,177.0,홍성,67.5,,25.3,23,9,7,2,0,,1.5,6.8,WSW,20,2,10,3,4,0,1,0,0,0
2021,6,184.0,제주,122.4,-48.8,86.8,11,7,7,2,1,,2.4,7.6,WSW,3,2,15,5,3,0,0,0,0,0
2021,6,185.0,고산,174.5,16.4,100.3,11,8,6,3,2,,4.5,13.2,NNW,4,2,11,1,,0,,,,
2021,6,188.0,성산,190.6,-41.3,110.4,11,9,6,3,2,,2.2,6.5,NW,4,1,10,5,,0,,,,
2021,6,189.0,서귀포,200.8,-66.8,92.8,11,9,6,3,2,,1.6,5.5,S,11,1,16,3,2,0,0,0,0,0
2021,6,192.0,진주,101.7,-72.6,33.1,11,11,8,3,1,,0.9,3.4,ESE,11,0,13,2,0,0,1,0,0,0
2021,6,201.0,강화,61.3,-48.7,19.0,18,10,8,3,0,,1.8,6.7,WSW,11,1,11,2,0,0,3,0,0,0
2021,6,202.0,양평,68.8,-65.4,17.3,11,11,9,3,0,,1.2,6.9,NNE,22,1,7,0,0,0,3,0,0,0
2021,6,203.0,이천,51.7,-76.5,15.7,11,12,8,3,0,,1.0,5.0,WSW,20,1,8,1,0,0,4,0,0,0
2021,6,211.0,인제,62.1,-54.7,22.2,3,10,8,2,0,,1.5,6.0,S,4,3,12,4,0,0,3,0,0,0
2021,6,212.0,홍천,67.2,-57.7,17.1,3,14,8,2,0,,1.2,5.7,ENE,16,1,13,1,0,0,2,0,0,0
2021,6,216.0,태백,88.1,-52.3,24.5,22,12,9,4,0,,1.3,5.7,SSW,3,2,15,4,0,0,3,0,0,0
2021,6,217.0,정선군,89.0,-18.4,17.0,26,13,9,6,0,,1.4,8.3,NE,5,1,13,2,0,0,3,0,0,0
2021,6,221.0,제천,81.6,-65.9,23.6,22,15,9,4,0,,1.1,5.5,NE,16,1,12,0,0,0,2,0,0,0
2021,6,226.0,보은,76.8,-79.6,26.5,3,10,9,3,0,,1.1,5.7,ENE,25,0,6,1,0,0,2,0,0,0
2021,6,232.0,천안,44.8,-82.2,18.7,3,9,8,1,0,,1.2,6.3,N,3,1,9,0,0,0,3,0,0,0
2021,6,235.0,보령,55.0,-79.0,18.2,3,8,6,2,0,,1.6,8.3,SSW,5,0,6,3,0,0,1,0,0,0
2021,6,236.0,부여,76.9,-80.2,18.7,3,10,7,4,0,,1.1,5.5,SSE,11,3,6,2,0,0,2,0,0,0
2021,6,238.0,금산,105.6,-56.2,28.8,3,12,8,5,0,,1.1,4.6,E,16,0,8,2,0,0,3,0,0,0
2021,6,239.0,세종,67.8,,25.5,3,11,9,3,0,,1.3,5.0,NW,21,1,7,1,0,0,1,0,0,0
2021,6,243.0,부안,97.1,-34.7,29.8,11,11,6,4,0,,1.6,6.4,S,11,0,5,3,0,0,1,0,0,0
2021,6,244.0,임실,113.3,-29.1,28.8,11,14,11,4,0,,1.1,6.1,SSW,10,0,8,3,0,0,5,0,0,0
2021,6,245.0,정읍,124.2,-11.9,47.1,11,12,8,3,1,,1.5,7.7,SSW,6,0,6,2,0,0,3,0,0,0
2021,6,247.0,남원,112.9,-44.4,25.1,29,15,10,5,0,,1.8,10.2,ENE,16,0,8,3,0,0,3,0,0,0
2021,6,248.0,장수,150.0,-14.9,27.4,25,15,13,6,0,,1.1,6.8,WNW,22,0,13,3,0,0,4,0,0,0
2021,6,251.0,고창군,131.4,,66.8,11,13,7,4,1,,1.4,7.3,ESE,10,1,7,3,0,0,1,0,0,0
2021,6,252.0,영광군,153.4,48.7,60.3,10,10,6,4,2,,1.5,6.7,NNE,3,0,6,3,,0,,,,
2021,6,253.0,김해시,120.5,-20.3,48.0,11,11,8,4,1,,1.4,5.9,SSE,6,1,9,3,,0,,,,
2021,6,254.0,순창군,114.6,-7.7,31.1,11,15,11,4,1,,1.4,6.8,NW,4,0,7,3,0,0,1,0,0,0
2021,6,255.0,북창원,120.3,,46.6,11,10,9,5,1,,1.1,3.8,NW,21,1,11,5,,0,,,,
2021,6,257.0,양산시,109.1,-38.6,48.8,11,9,7,4,1,,2.0,6.0,SSW,5,2,9,4,,0,,,,
2021,6,258.0,보성군,119.4,,64.1,11,7,5,3,1,,2.7,8.0,ESE,16,1,7,2,,0,,,,
2021,6,259.0,강진군,134.3,-22.3,53.9,11,8,5,5,1,,1.6,7.2,NW,3,1,7,3,0,0,1,0,0,0
2021,6,260.0,장흥,110.1,-76.9,60.5,11,9,6,3,1,,1.6,7.5,SSE,10,1,8,1,0,0,1,0,0,0
2021,6,261.0,해남,127.4,-33.5,31.9,11,7,6,5,3,,2.1,7.6,SE,10,1,6,3,0,0,1,0,0,0
2021,6,262.0,고흥,80.9,-106.0,40.8,11,7,4,3,1,,1.1,6.5,SSE,10,0,8,2,,0,,,,
2021,6,263.0,의령군,73.0,-48.5,23.7,15,12,9,3,0,,1.5,5.6,NNE,16,0,10,4,0,0,1,0,0,0
2021,6,264.0,함양군,112.7,-1.3,23.1,23,11,9,6,0,,1.2,5.9,WNW,5,0,10,2,0,0,2,0,0,0
2021,6,266.0,광양시,98.8,,52.0,11,9,6,3,1,,1.3,6.4,NE,16,1,11,2,0,0,1,0,0,0
2021,6,268.0,진도군,147.8,-6.1,103.2,10,8,6,3,1,,2.0,8.0,NNE,3,1,7,3,,0,,,,
2021,6,271.0,봉화,70.7,-72.5,24.3,3,13,8,2,0,,1.1,5.4,SE,25,2,14,0,0,0,2,0,0,0
2021,6,272.0,영주,74.2,-84.3,25.6,3,12,7,3,0,,1.4,7.2,NW,4,1,11,2,0,0,1,0,0,0
2021,6,273.0,문경,86.5,-68.3,25.2,3,10,6,4,0,,1.2,5.6,ESE,16,1,12,2,0,0,4,0,0,0
2021,6,276.0,청송군,70.1,-23.6,21.8,3,11,10,2,0,,1.6,6.7,NE,25,1,9,5,0,0,2,0,0,0
2021,6,277.0,영덕,58.6,-54.8,20.8,3,11,6,2,0,,1.9,10.0,NE,21,0,10,3,0,0,1,0,0,0
2021,6,278.0,의성,62.6,-53.2,24.8,3,13,12,2,0,,0.9,4.4,W,4,0,8,1,0,0,4,0,0,0
2021,6,279.0,구미,44.2,-76.1,20.6,3,12,7,2,0,,0.9,3.1,ENE,22,0,6,1,0,0,2,0,0,0
2021,6,281.0,영천,28.7,-97.3,13.1,3,11,5,1,0,,1.6,5.7,ESE,21,0,11,2,0,0,1,0,0,0
2021,6,283.0,경주시,30.1,-70.5,9.8,3,9,6,0,0,,2.1,6.6,SW,5,0,11,5,0,0,2,0,0,0
2021,6,284.0,거창,82.1,-67.3,28.3,26,13,9,3,0,,1.2,5.0,S,20,0,13,3,0,0,2,0,0,0
2021,6,285.0,합천,71.2,-75.5,20.2,3,11,9,3,0,,0.9,4.9,ENE,16,0,10,3,0,0,1,0,0,0
2021,6,288.0,밀양,68.9,-87.0,24.3,11,12,9,3,0,,1.0,5.0,SE,11,0,10,3,0,0,1,0,0,0
2021,6,289.0,산청,86.8,-85.6,23.3,22,13,10,4,0,,1.3,7.3,NE,22,0,12,3,0,0,2,0,0,0
2021,6,294.0,거제,266.1,29.0,122.3,11,12,9,5,3,,1.6,7.0,SSW,5,0,11,6,,0,,,,
2021,6,295.0,남해,140.3,-103.5,56.6,11,9,6,3,2,,1.2,4.4,ESE,11,0,7,5,,0,,,,
2021,7,90.0,속초,104.1,-161.5,50.3,4,7,7,2,2,,1.5,5.9,N,4,,,1,,0,,,,
2021,7,93.0,북춘천,202.0,,58.7,8,8,8,6,3,,1.0,7.7,SE,19,2,7,1,0,0,7,0,0,0
2021,7,95.0,철원,117.2,-282.8,52.5,8,8,6,3,2,,1.1,7.2,NNE,8,1,4,0,0,0,3,0,0,0
2021,7,98.0,동두천,100.2,-331.5,34.8,3,9,8,4,1,,0.9,6.9,SE,16,0,4,1,0,0,8,0,0,0
2021,7,99.0,파주,93.6,-301.6,46.2,3,10,8,3,1,,1.1,5.2,WSW,10,2,4,1,0,0,7,0,0,0
2021,7,100.0,대관령,124.8,-211.5,46.3,3,9,9,4,2,,1.7,6.0,WSW,11,1,11,1,0,0,3,0,0,0
2021,7,101.0,춘천,169.5,-228.7,41.4,3,11,9,6,2,,1.4,5.3,NNW,15,0,0,1,0,0,6,0,0,0
2021,7,102.0,백령도,39.7,-161.3,32.3,3,6,4,1,1,,2.8,9.6,E,3,6,11,4,9,0,0,0,0,0
2021,7,104.0,북강릉,146.0,,64.7,3,6,6,3,2,,0.9,3.9,E,16,2,9,1,6,0,1,0,0,0
2021,7,105.0,강릉,142.2,-108.0,57.7,3,6,5,4,2,,1.5,4.8,SW,10,3,7,2,0,0,1,0,0,0
2021,7,106.0,동해,110.8,-120.0,51.0,3,8,8,3,1,,1.2,5.6,NNE,4,2,5,1,0,0,2,0,0,0
2021,7,108.0,서울,168.3,-246.1,67.4,19,8,6,4,2,,2.0,7.4,NE,16,3,6,1,0,0,7,0,0,0
2021,7,112.0,인천,84.2,-253.5,52.7,3,8,5,3,1,,2.2,8.5,ENE,16,1,8,2,2,0,2,0,0,0
2021,7,114.0,원주,199.8,-158.0,80.4,8,14,10,6,1,,1.0,4.1,SSW,15,2,9,1,0,0,8,0,0,0
2021,7,115.0,울릉도,89.0,-86.0,44.0,4,8,8,3,1,,2.2,10.4,SW,4,1,10,4,7,0,2,0,0,0
2021,7,119.0,수원,134.4,-250.7,33.3,3,11,10,5,1,,1.8,7.5,SE,18,2,8,1,0,0,4,0,0,0
2021,7,121.0,영월,180.2,-114.6,30.8,8,11,10,7,1,,0.9,6.6,E,15,0,9,1,0,0,5,0,0,0
2021,7,127.0,충주,310.7,17.4,85.4,8,13,11,8,5,,1.3,9.4,N,11,1,9,1,0,0,5,0,0,0
2021,7,129.0,서산,121.6,-153.0,67.1,3,13,10,3,1,,1.8,7.1,SSW,4,3,10,1,0,0,5,0,0,0
2021,7,130.0,울진,120.2,-82.8,44.4,3,9,8,5,1,,1.7,6.2,E,3,2,9,2,,0,,,,
2021,7,131.0,청주,138.1,-155.7,38.3,7,11,10,4,2,,1.6,6.1,NNE,16,4,10,0,0,0,4,0,0,0
2021,7,133.0,대전,151.8,-155.1,42.2,3,12,11,6,2,,1.6,7.8,S,16,2,10,2,0,0,6,0,0,0
2021,7,135.0,추풍령,217.1,-43.6,69.1,8,13,12,5,3,,1.7,8.6,ENE,3,1,8,1,0,0,4,0,0,0
2021,7,136.0,안동,127.5,-107.7,34.6,8,12,10,5,1,,1.5,5.8,SE,16,1,11,1,1,0,3,0,0,0
2021,7,137.0,상주,216.1,-63.2,51.2,27,14,13,6,3,,0.8,7.0,NNW,11,0,9,1,0,0,4,0,0,0
2021,7,138.0,포항,203.7,3.1,56.6,8,10,9,6,2,,2.5,5.8,E,29,0,15,0,1,0,2,0,0,0
2021,7,140.0,군산,251.3,-26.0,67.7,8,13,11,6,4,,1.8,7.9,SSW,4,2,9,4,0,0,4,0,0,0
2021,7,143.0,대구,153.3,-70.6,39.7,7,14,12,6,1,,2.1,6.7,ESE,3,2,11,2,0,0,6,0,0,0
2021,7,146.0,전주,255.1,-47.7,88.7,5,16,12,7,3,,1.3,5.2,SW,4,2,9,2,1,0,4,0,0,0
2021,7,152.0,울산,189.3,-44.8,60.4,6,10,7,6,2,,1.7,5.4,SSW,4,2,12,2,1,0,2,0,0,0
2021,7,155.0,창원,521.2,216.7,152.7,7,11,10,8,6,,1.4,7.3,S,4,3,14,2,5,0,3,0,0,0
2021,7,156.0,광주,227.6,-66.6,119.5,6,11,8,5,1,,1.5,8.0,SSW,4,1,10,2,1,0,2,0,0,0
2021,7,159.0,부산,399.9,73.1,137.5,7,11,9,5,4,,3.2,14.6,SW,4,2,12,3,5,2,2,0,0,0
2021,7,162.0,통영,404.5,115.4,133.0,6,10,8,6,5,,2.3,13.0,SSW,6,0,12,2,0,0,2,0,0,0
2021,7,165.0,목포,327.5,106.8,154.5,6,11,8,6,4,,2.9,10.5,SE,16,0,11,3,2,0,4,0,0,0
2021,7,168.0,여수,445.3,168.5,234.4,6,10,7,7,3,,3.6,16.5,SSW,6,1,8,3,1,2,3,0,0,0
2021,7,169.0,흑산도,176.0,-32.1,109.0,6,8,5,3,2,,4.4,18.7,SSE,3,1,17,4,13,1,3,0,0,0
2021,7,170.0,완도,425.1,167.9,141.8,6,12,11,5,3,,2.9,9.4,ESE,3,1,12,3,0,0,7,0,0,0
2021,7,172.0,고창,185.5,-99.1,74.6,6,10,8,5,1,,2.5,10.9,SSW,4,0,9,3,0,0,4,0,0,0
2021,7,174.0,순천,337.7,,163.6,6,9,9,6,4,,1.3,5.7,E,3,1,10,4,0,0,2,0,0,0
2021,7,177.0,홍성,114.5,,71.1,3,13,11,2,1,,1.3,6.2,E,16,2,10,2,1,0,4,0,0,0
2021,7,184.0,제주,247.1,36.9,155.3,31,11,8,5,2,,3.1,10.7,SW,3,1,14,2,0,0,5,0,0,0
2021,7,185.0,고산,122.7,-45.0,37.0,7,13,11,3,2,,5.2,13.8,SSE,3,1,14,3,0,0,2,0,0,0
2021,7,188.0,성산,218.4,-52.9,60.7,3,13,10,4,3,,2.9,7.7,ESE,3,1,14,4,0,0,5,0,0,0
2021,7,189.0,서귀포,218.4,-57.4,88.1,4,15,11,3,3,,2.0,6.3,SW,4,2,21,7,0,0,6,0,0,0
2021,7,192.0,진주,359.3,47.1,142.7,6,11,10,6,4,,0.9,4.3,SSW,16,0,13,2,0,0,5,0,0,0
2021,7,201.0,강화,83.9,-271.7,63.1,3,6,2,2,1,,1.5,5.5,WSW,8,3,2,3,0,0,2,0,0,0
2021,7,202.0,양평,127.3,-281.7,43.2,3,11,10,4,1,,1.2,5.9,ENE,16,1,6,1,0,0,6,0,0,0
2021,7,203.0,이천,134.7,-229.6,58.9,3,14,12,3,1,,0.9,5.4,SSE,15,2,6,1,0,0,8,0,0,0
2021,7,211.0,인제,118.9,-213.5,36.4,4,7,5,4,2,,1.3,4.4,NNE,27,2,9,2,0,0,6,0,0,0
2021,7,212.0,홍천,105.6,-290.1,38.1,3,8,7,4,1,,1.2,4.1,WSW,16,2,6,1,0,0,5,0,0,0
2021,7,216.0,태백,147.0,-127.2,41.4,3,12,10,5,1,,1.1,5.1,SW,4,1,10,1,0,0,4,0,0,0
2021,7,217.0,정선군,157.1,-175.6,42.4,4,11,10,6,2,,1.1,7.3,NE,4,0,10,2,0,0,7,0,0,0
2021,7,221.0,제천,223.1,-132.9,61.3,8,12,11,8,2,,0.9,4.9,ENE,15,1,10,1,0,0,5,0,0,0
2021,7,226.0,보은,163.9,-142.1,48.6,8,12,11,5,2,,1.1,5.9,NNE,10,2,8,2,0,0,5,0,0,0
2021,7,232.0,천안,117.6,-166.5,43.4,7,11,6,3,2,,1.3,6.8,NE,16,2,7,1,0,0,3,0,0,0
2021,7,235.0,보령,131.3,-116.8,36.5,3,12,11,4,1,,1.4,10.1,SSW,4,1,10,2,0,0,4,0,0,0
2021,7,236.0,부여,187.7,-108.0,55.3,3,11,11,6,2,,1.1,7.0,SW,4,2,10,3,0,0,2,0,0,0
2021,7,238.0,금산,300.8,3.0,85.4,8,13,13,7,5,,1.1,5.0,ESE,3,2,8,2,0,0,4,0,0,0
2021,7,239.0,세종,180.7,,60.3,3,11,10,6,1,,1.3,5.2,WNW,18,2,8,3,0,0,3,0,0,0
2021,7,243.0,부안,224.6,-50.9,83.2,5,13,10,6,2,,1.4,6.5,SSW,4,0,8,3,0,0,3,0,0,0
2021,7,244.0,임실,223.2,-88.8,62.8,7,12,11,6,3,,1.1,5.7,ESE,3,2,11,2,0,0,6,0,0,0
2021,7,245.0,정읍,260.3,-23.7,88.5,7,15,14,8,2,,1.3,7.0,SSW,3,0,8,3,0,0,4,0,0,0
2021,7,247.0,남원,204.4,-98.8,73.6,7,10,9,4,2,,1.6,6.2,W,10,0,12,2,0,0,5,0,0,0
2021,7,248.0,장수,203.6,-136.1,67.4,7,12,10,6,2,,1.0,8.0,SW,4,2,11,3,0,0,4,0,0,0
2021,7,251.0,고창군,209.9,,53.1,6,15,12,7,1,,1.4,7.3,SE,3,0,10,4,0,0,4,0,0,0
2021,7,252.0,영광군,195.4,-64.5,100.4,6,14,8,4,2,,1.5,7.4,SW,4,0,9,4,,0,,,,
2021,7,253.0,김해시,427.3,136.2,151.7,6,9,8,6,4,,1.5,5.1,SSE,12,1,11,4,0,0,4,0,0,0
2021,7,254.0,순창군,231.0,-135.6,65.7,6,10,9,6,3,,1.2,8.0,W,4,0,10,4,0,0,7,0,0,0
2021,7,255.0,북창원,443.5,,169.4,6,11,9,7,5,,1.4,6.3,S,4,0,12,3,0,0,5,0,0,0
2021,7,257.0,양산시,450.1,136.8,200.5,6,10,8,8,4,,2.2,7.4,SW,4,1,11,4,0,0,3,0,0,0
2021,7,258.0,보성군,525.1,,279.2,6,11,7,5,3,,2.3,9.2,SW,3,2,10,4,0,0,2,0,0,0
2021,7,259.0,강진군,498.1,264.4,210.9,6,11,10,6,5,,1.6,5.2,ESE,22,2,11,4,0,0,4,0,0,0
2021,7,260.0,장흥,452.5,177.2,211.2,6,11,9,6,3,,1.6,7.4,E,16,2,12,3,0,0,3,0,0,0
2021,7,261.0,해남,500.7,274.1,297.3,6,13,10,4,2,,2.3,8.8,SW,4,2,12,5,0,0,5,0,0,0
2021,7,262.0,고흥,450.8,185.9,294.3,6,10,5,4,3,,1.3,7.6,S,3,1,11,4,0,0,1,0,0,0
2021,7,263.0,의령군,389.9,122.7,155.3,6,13,9,7,5,,1.5,8.7,SW,4,0,13,4,0,0,5,0,0,0
2021,7,264.0,함양군,196.1,-89.0,75.8,7,13,11,5,3,,1.1,6.0,SSW,11,1,13,3,0,0,6,0,0,0
2021,7,266.0,광양시,379.1,,206.5,6,11,8,5,4,,1.6,4.7,ENE,25,0,12,3,0,0,4,0,0,0
2021,7,268.0,진도군,551.9,319.3,266.3,6,10,8,4,4,,2.0,8.6,SSW,3,2,13,5,0,0,3,0,0,0
2021,7,271.0,봉화,176.9,-100.8,44.0,8,12,9,6,2,,1.1,4.8,NW,15,1,12,1,0,0,4,0,0,0
2021,7,272.0,영주,272.6,-26.2,67.2,8,12,9,6,5,,1.3,6.1,NW,5,0,11,2,0,0,3,0,0,0
2021,7,273.0,문경,332.7,23.2,74.3,8,12,11,8,5,,1.1,9.0,NW,11,0,10,1,0,0,3,0,0,0
2021,7,276.0,청송군,155.6,-41.0,29.9,3,11,10,6,0,,1.5,6.6,WNW,10,2,10,1,0,0,2,0,0,0
2021,7,277.0,영덕,139.2,-55.1,38.7,7,10,8,5,2,,1.7,7.6,NNE,2,2,10,1,,0,,,,
2021,7,278.0,의성,134.5,-86.9,27.8,3,11,10,7,0,,0.9,5.3,SE,15,2,11,2,0,0,4,0,0,0
2021,7,279.0,구미,259.7,25.8,80.0,7,12,11,6,4,,0.8,3.9,W,4,1,9,2,0,0,3,0,0,0
2021,7,281.0,영천,271.4,41.6,50.4,7,13,11,8,5,,1.4,5.1,SW,11,1,12,3,0,0,6,0,0,0
2021,7,283.0,경주시,175.2,-14.9,34.3,7,12,11,7,1,,1.9,8.1,WSW,4,1,13,4,0,0,2,0,0,0
2021,7,284.0,거창,211.3,-74.9,95.7,7,11,10,5,2,,1.1,8.3,NW,10,0,14,2,0,0,6,0,0,0
2021,7,285.0,합천,227.1,-62.4,56.4,7,12,10,6,3,,0.8,5.4,SSW,9,0,15,3,0,0,5,0,0,0
2021,7,288.0,밀양,308.2,48.9,87.9,6,13,10,7,5,,1.0,5.7,SE,16,1,15,3,0,0,8,0,0,0
2021,7,289.0,산청,205.3,-123.2,60.0,7,11,8,5,3,,1.0,5.6,ENE,18,0,16,4,0,0,4,0,0,0
2021,7,294.0,거제,494.8,127.2,139.4,6,11,7,6,6,,1.8,5.8,NNW,6,0,13,3,0,0,3,0,0,0
2021,7,295.0,남해,507.5,153.6,269.0,6,9,8,5,4,,1.3,6.4,WSW,6,0,11,3,0,0,1,0,0,0
2021,8,90.0,속초,247.1,-50.9,83.5,8,17,12,8,1,,1.6,7.3,NNE,9,,,4,,0,,,,
2021,8,93.0,북춘천,122.5,,31.2,1,14,9,4,3,,1.1,7.2,NNW,6,0,14,4,0,0,3,0,0,0
2021,8,95.0,철원,219.6,-127.8,53.4,21,10,9,5,5,,1.4,6.6,SE,1,2,13,3,0,0,4,0,0,0
2021,8,98.0,동두천,140.6,-206.9,52.7,21,14,10,4,2,,0.9,5.8,WNW,4,1,16,3,0,0,3,0,0,0
2021,8,99.0,파주,183.3,-99.6,72.5,21,15,12,4,2,,1.3,5.6,ENE,21,2,15,3,0,0,4,0,0,0
2021,8,100.0,대관령,217.2,-151.2,34.9,18,19,16,7,3,,1.9,9.3,WSW,22,0,20,4,0,0,4,0,0,0
2021,8,101.0,춘천,129.6,-190.3,34.8,31,15,9,4,2,,1.5,5.9,NNW,10,0,0,3,0,0,2,0,0,0
2021,8,102.0,백령도,346.4,187.9,81.1,21,14,11,9,5,,2.7,10.0,NNW,21,3,14,3,9,0,2,0,0,0
2021,8,104.0,북강릉,479.1,,145.8,8,19,14,8,3,,1.1,4.9,SW,9,0,18,4,1,0,6,0,0,0
2021,8,105.0,강릉,438.1,145.2,135.9,8,17,14,7,4,,1.8,6.9,SW,21,0,16,5,0,0,5,0,0,0
2021,8,106.0,동해,423.3,196.1,85.5,18,18,16,10,6,,1.6,8.8,NE,9,0,16,4,0,0,6,0,0,0
2021,8,108.0,서울,211.2,-137.0,77.4,31,13,9,5,2,,2.1,8.3,NW,6,1,15,5,1,0,4,0,0,0
2021,8,112.0,인천,269.0,-5.6,82.7,31,15,12,7,2,,2.5,8.8,N,21,1,13,4,2,0,5,0,0,0
2021,8,114.0,원주,172.9,-116.9,74.2,1,14,13,4,2,,1.0,4.9,S,3,0,18,4,0,0,4,0,0,0
2021,8,115.0,울릉도,312.2,135.5,92.7,24,22,18,4,4,,3.2,18.1,ENE,24,1,17,3,8,2,4,0,0,0
2021,8,119.0,수원,161.1,-135.2,42.1,31,13,13,6,2,,1.8,10.4,ESE,21,0,16,4,1,0,5,0,0,0
2021,8,121.0,영월,192.6,-87.8,31.3,1,13,10,9,1,,0.9,7.6,E,1,0,20,5,0,0,5,0,0,0
2021,8,127.0,충주,239.9,-33.1,45.9,1,16,13,8,3,,1.3,6.5,W,6,0,20,5,0,0,5,0,0,0
2021,8,129.0,서산,217.8,-65.7,59.8,23,16,13,7,2,,1.7,9.7,SSE,21,0,14,2,0,0,2,0,0,0
2021,8,130.0,울진,291.3,78.3,53.9,14,18,18,11,3,,2.1,8.1,E,24,0,18,4,0,0,6,0,0,0
2021,8,131.0,청주,233.1,-41.1,53.2,23,15,12,10,1,,1.5,7.2,E,18,0,18,3,0,0,5,0,0,0
2021,8,133.0,대전,289.2,-10.6,65.0,23,20,14,9,3,,1.3,7.3,SE,6,0,18,2,2,0,7,0,0,0
2021,8,135.0,추풍령,285.6,21.7,73.8,24,18,13,7,3,,1.6,8.1,WSW,6,0,18,2,0,0,7,0,0,0
2021,8,136.0,안동,188.9,-37.5,42.7,23,20,16,7,1,,1.1,5.6,SE,12,1,22,4,3,0,7,0,0,0
2021,8,137.0,상주,324.9,71.0,56.5,23,17,14,11,5,,0.8,4.9,WSW,2,0,20,3,0,0,6,0,0,0
2021,8,138.0,포항,449.9,219.7,127.1,24,22,20,11,7,,2.4,8.4,NE,18,3,17,3,0,0,6,0,0,0
2021,8,140.0,군산,218.3,-48.2,45.5,21,16,10,8,4,,1.7,7.9,SSE,21,0,15,2,0,0,4,0,0,0
2021,8,143.0,대구,256.3,11.0,69.0,24,20,16,9,2,,1.6,7.0,WNW,27,0,19,2,0,0,7,0,0,0
2021,8,146.0,전주,454.8,165.2,70.6,24,18,16,9,8,,1.4,7.3,SW,24,0,14,2,2,0,12,0,0,0
2021,8,152.0,울산,443.9,209.8,122.4,21,24,18,9,5,,1.7,6.2,E,24,3,18,2,3,0,5,0,0,0
2021,8,155.0,창원,413.0,129.2,168.2,21,18,12,5,3,,1.4,6.3,ENE,23,3,15,3,3,0,7,0,0,0
2021,8,156.0,광주,338.7,12.3,59.4,6,19,18,13,3,,1.3,8.0,SSW,24,0,13,3,0,0,12,0,0,0
2021,8,159.0,부산,481.2,214.7,146.2,25,19,12,7,6,,3.0,18.0,SSW,24,3,16,5,5,1,6,0,0,0
2021,8,162.0,통영,477.0,233.1,183.5,21,14,10,6,3,,2.4,18.5,S,23,2,11,2,0,2,6,0,0,0
2021,8,165.0,목포,124.4,-84.6,33.6,21,14,11,6,1,,2.7,10.7,SW,21,0,11,1,0,0,5,0,0,0
2021,8,168.0,여수,369.7,104.9,114.1,23,12,8,5,4,,3.6,14.8,SSW,21,4,8,3,1,1,4,0,0,0
2021,8,169.0,흑산도,166.8,-44.4,51.1,1,15,14,3,2,,3.8,18.1,S,21,2,17,1,7,2,7,0,0,0
2021,8,170.0,완도,368.9,130.1,200.3,3,15,11,6,3,,2.1,8.6,SE,23,0,13,1,0,0,7,0,0,0
2021,8,172.0,고창,345.7,60.5,66.5,27,14,14,9,5,,2.3,10.1,SW,24,0,16,3,0,0,8,0,0,0
2021,8,174.0,순천,282.1,,80.7,21,16,13,8,3,,1.3,5.7,SW,24,0,15,3,0,0,7,0,0,0
2021,8,177.0,홍성,280.8,,85.7,23,12,12,8,4,,1.3,7.0,SW,21,0,16,4,2,0,2,0,0,0
2021,8,184.0,제주,227.8,-44.5,57.7,14,18,13,8,3,,2.5,10.5,SE,24,2,14,4,0,0,4,0,0,0
2021,8,185.0,고산,196.7,-5.2,63.4,22,17,13,4,4,,4.7,26.1,W,21,1,10,5,0,1,5,0,0,0
2021,8,188.0,성산,417.8,74.6,92.6,14,17,15,10,5,,2.6,8.4,SW,21,1,11,5,0,0,5,0,0,0
2021,8,189.0,서귀포,318.4,2.7,69.9,22,18,15,9,4,,1.8,8.8,SW,21,1,15,5,0,0,7,0,0,0
2021,8,192.0,진주,320.2,23.4,102.3,23,14,10,6,3,,0.9,4.1,WSW,21,0,14,2,0,0,7,0,0,0
2021,8,201.0,강화,152.6,-147.8,46.8,21,15,12,4,2,,1.6,6.0,WSW,24,1,14,3,0,0,4,0,0,0
2021,8,202.0,양평,190.6,-140.3,62.0,31,13,11,5,2,,1.2,7.0,ESE,8,1,21,5,0,0,5,0,0,0
2021,8,203.0,이천,168.5,-119.5,43.4,31,15,12,6,1,,0.9,5.8,S,21,1,18,5,0,0,6,0,0,0
2021,8,211.0,인제,154.1,-133.5,30.2,31,15,12,6,1,,1.2,5.5,NNE,19,0,18,5,0,0,3,0,0,0
2021,8,212.0,홍천,152.9,-159.6,56.4,31,14,12,3,2,,1.2,5.6,SSW,21,0,17,4,0,0,4,0,0,0
2021,8,216.0,태백,324.0,45.3,39.6,1,19,17,11,4,,1.2,6.0,SW,21,0,21,6,0,0,4,0,0,0
2021,8,217.0,정선군,196.2,-6.5,33.6,2,16,15,7,2,,1.1,7.3,NE,21,0,21,6,0,0,4,0,0,0
2021,8,221.0,제천,174.9,-126.0,28.0,21,15,11,9,0,,0.9,4.9,WSW,6,0,18,6,0,0,4,0,0,0
2021,8,226.0,보은,275.8,-20.8,52.4,21,16,12,8,3,,1.0,5.2,ENE,19,0,19,4,0,0,5,0,0,0
2021,8,232.0,천안,230.0,-69.7,68.4,23,15,14,7,1,,1.1,7.1,NNE,18,0,19,5,0,0,7,0,0,0
2021,8,235.0,보령,253.7,-16.6,95.0,23,13,10,6,3,,1.4,11.6,SSW,21,0,14,3,0,0,5,0,0,0
2021,8,236.0,부여,227.6,-57.2,48.0,23,12,9,8,4,,1.2,6.7,SE,21,0,16,4,0,0,4,0,0,0
2021,8,238.0,금산,297.2,12.9,94.3,24,18,11,6,4,,0.9,4.0,SSE,12,0,17,4,0,0,7,0,0,0
2021,8,239.0,세종,232.1,,61.9,23,12,11,8,3,,1.2,6.0,NW,6,0,18,4,0,0,6,0,0,0
2021,8,243.0,부안,409.7,149.4,87.9,23,18,14,9,6,,1.2,6.9,S,2,0,14,2,0,0,10,0,0,0
2021,8,244.0,임실,370.9,58.8,76.6,10,16,14,9,4,,1.0,6.3,SSE,10,0,19,3,0,0,8,0,0,0
2021,8,245.0,정읍,358.7,60.6,93.9,24,16,15,6,5,,1.4,10.4,WSW,24,0,16,1,0,0,9,0,0,0
2021,8,247.0,남원,315.9,2.6,55.6,10,17,12,9,4,,1.7,7.6,ENE,18,0,17,3,0,0,8,0,0,0
2021,8,248.0,장수,380.7,44.2,107.7,24,18,15,9,5,,1.0,7.3,SW,24,0,18,3,0,0,8,0,0,0
2021,8,251.0,고창군,329.7,,71.7,24,17,15,6,5,,1.2,7.5,N,27,0,16,1,0,0,7,0,0,0
2021,8,252.0,영광군,275.2,-11.5,47.2,24,16,15,8,4,,1.3,8.0,WSW,24,0,13,2,0,0,7,0,0,0
2021,8,253.0,김해시,360.3,172.3,132.5,21,18,11,6,3,,1.4,9.9,SE,24,1,14,5,0,0,7,0,0,0
2021,8,254.0,순창군,276.8,-59.3,71.9,27,14,12,9,3,,1.2,6.8,W,24,0,16,3,0,0,9,0,0,0
2021,8,255.0,북창원,295.0,,146.9,21,19,11,5,3,,1.3,5.8,S,24,1,13,5,0,0,9,0,0,0
2021,8,257.0,양산시,453.4,238.8,160.2,21,18,14,7,4,,1.9,9.2,SW,24,1,16,5,0,0,6,0,0,0
2021,8,258.0,보성군,408.7,,198.9,3,15,9,5,3,,2.2,9.8,NW,18,0,12,3,0,0,7,0,0,0
2021,8,259.0,강진군,269.9,-7.3,126.9,3,14,14,5,2,,1.3,5.5,SW,24,0,12,4,0,0,8,0,0,0
2021,8,260.0,장흥,330.7,14.2,118.2,3,18,13,8,3,,1.1,7.2,NNE,18,1,11,3,0,0,8,0,0,0
2021,8,261.0,해남,172.3,-76.1,29.0,3,12,11,8,0,,1.6,10.1,SW,21,1,13,1,0,0,5,0,0,0
2021,8,262.0,고흥,275.6,10.7,95.7,25,16,10,4,3,,1.1,6.7,S,21,1,10,4,0,0,4,0,0,0
2021,8,263.0,의령군,207.1,-47.3,71.4,23,13,9,5,3,,1.4,7.9,SW,24,0,13,4,0,0,7,0,0,0
2021,8,264.0,함양군,229.7,-59.4,57.1,24,15,13,7,2,,1.0,5.3,S,10,0,19,2,0,0,6,0,0,0
2021,8,266.0,광양시,354.3,,83.0,23,18,13,8,3,,1.3,5.2,NE,23,0,15,4,0,0,7,0,0,0
2021,8,268.0,진도군,188.2,-47.1,45.3,25,15,11,7,2,,1.6,9.3,SSW,21,1,12,1,0,0,3,0,0,0
2021,8,271.0,봉화,228.2,-18.6,50.4,23,16,12,9,2,,1.0,4.8,N,6,0,20,4,0,0,7,0,0,0
2021,8,272.0,영주,270.3,-13.4,59.1,21,14,12,6,4,,1.1,6.0,WNW,9,0,21,5,0,0,7,0,0,0
2021,8,273.0,문경,272.8,-1.9,49.3,21,17,13,9,4,,0.9,6.2,E,1,0,21,7,0,0,5,0,0,0
2021,8,276.0,청송군,195.4,20.9,45.0,24,17,13,9,1,,1.3,5.3,SE,7,0,18,5,0,0,4,0,0,0
2021,8,277.0,영덕,456.7,243.1,110.0,1,19,17,11,3,,2.0,9.8,NE,9,2,19,5,0,0,5,0,0,0
2021,8,278.0,의성,220.9,-8.7,42.1,24,21,16,9,2,,0.8,5.8,WNW,6,0,19,4,0,0,7,0,0,0
2021,8,279.0,구미,290.0,33.9,58.3,23,20,16,7,4,,0.7,4.1,E,1,0,20,3,0,0,5,0,0,0
2021,8,281.0,영천,272.0,38.8,95.6,24,18,15,8,3,,1.2,6.7,WNW,27,0,15,3,0,0,5,0,0,0
2021,8,283.0,경주시,359.0,167.1,89.3,24,21,15,10,5,,1.8,7.0,WNW,27,1,17,3,0,0,8,0,0,0
2021,8,284.0,거창,328.4,43.1,72.3,24,19,12,9,6,,1.0,5.7,WSW,24,0,18,2,0,0,6,0,0,0
2021,8,285.0,합천,322.0,27.2,78.2,24,16,13,8,4,,0.8,7.8,SSW,7,0,16,2,0,0,6,0,0,0
2021,8,288.0,밀양,302.3,61.7,121.6,21,18,14,6,3,,1.0,4.7,SSE,24,1,16,3,0,0,8,0,0,0
2021,8,289.0,산청,264.3,-98.0,60.4,24,18,12,7,3,,1.1,5.1,NE,21,0,16,2,0,0,3,0,0,0
2021,8,294.0,거제,503.3,172.9,149.3,23,17,13,7,3,,1.5,10.6,ESE,23,2,13,4,0,0,6,0,0,0
2021,8,295.0,남해,473.2,153.5,185.7,21,14,11,5,4,,1.3,7.2,SSW,21,2,11,5,0,0,7,0,0,0
2021,9,90.0,속초,141.6,-59.0,43.1,7,15,13,4,2,,1.7,8.7,N,29,,,4,,0,,,,
2021,9,93.0,북춘천,103.7,,37.5,21,7,5,4,2,,1.1,6.2,SW,22,2,9,3,0,0,2,0,0,0
2021,9,95.0,철원,105.9,-15.3,44.5,21,8,5,2,2,,1.4,5.7,N,11,5,8,1,0,0,1,0,0,0
2021,9,98.0,동두천,100.6,-37.3,50.1,21,8,8,2,1,,1.0,6.0,SW,21,3,8,2,0,0,2,0,0,0
2021,9,99.0,파주,93.5,-41.0,47.2,21,7,7,3,1,,1.6,5.0,WSW,22,4,7,2,0,0,1,0,0,0
2021,9,100.0,대관령,153.9,-95.7,69.0,1,19,11,3,1,,2.0,8.9,W,22,2,11,4,,0,,,,
2021,9,101.0,춘천,106.0,-22.1,38.3,21,9,5,4,2,,1.6,5.4,ENE,5,0,0,3,,0,,,,
2021,9,102.0,백령도,164.4,73.8,42.1,20,7,6,6,4,,3.4,14.1,ESE,6,11,9,5,1,1,1,0,0,0
2021,9,104.0,북강릉,128.7,,86.7,1,16,9,3,1,,1.0,4.7,SSE,23,2,9,4,0,0,0,0,0,0
2021,9,105.0,강릉,111.6,-117.7,76.9,1,14,8,2,1,,1.7,5.3,WNW,22,2,9,3,,0,,,,
2021,9,106.0,동해,176.8,-43.0,103.5,1,14,10,4,1,,1.6,7.1,NE,29,2,9,2,,0,,,,
2021,9,108.0,서울,131.0,-10.5,68.1,21,8,7,4,1,,2.3,7.1,NW,21,8,9,4,0,0,2,0,0,0
2021,9,112.0,인천,125.8,-4.5,74.6,21,8,7,3,1,,2.8,7.4,W,22,6,8,0,0,0,3,0,0,0
2021,9,114.0,원주,183.5,36.5,68.7,1,9,8,5,2,,0.9,4.4,SE,7,1,9,4,0,0,1,0,0,0
2021,9,115.0,울릉도,179.2,5.6,80.6,1,10,10,5,2,,3.8,10.1,ENE,17,2,8,4,4,0,0,0,0,0
2021,9,119.0,수원,164.1,30.6,70.9,1,8,7,6,2,,2.1,6.5,ESE,6,5,10,2,0,0,2,0,0,0
2021,9,121.0,영월,136.9,-2.5,53.2,1,9,7,6,1,,1.0,6.3,E,15,1,9,3,0,0,2,0,0,0
2021,9,127.0,충주,240.3,100.1,111.5,1,11,8,6,3,,1.4,5.9,ENE,15,2,8,3,0,0,1,0,0,0
2021,9,129.0,서산,206.0,61.6,93.4,1,11,9,4,3,,2.0,7.2,W,22,6,8,1,0,0,2,0,0,0
2021,9,130.0,울진,142.7,-38.5,88.0,1,15,10,3,1,,2.2,6.6,WSW,23,1,11,3,,0,,,,
2021,9,131.0,청주,185.0,42.7,66.5,1,10,8,6,3,,1.7,6.2,E,15,5,10,2,0,0,3,0,0,0
2021,9,133.0,대전,161.2,8.7,52.4,1,11,7,5,3,,1.8,7.1,SSE,15,4,13,1,1,0,3,0,0,0
2021,9,135.0,추풍령,161.2,25.6,46.6,17,13,10,5,2,,2.2,7.6,W,7,3,11,5,0,0,3,0,0,0
2021,9,136.0,안동,132.5,12.7,53.3,1,10,7,4,1,,1.3,6.2,WNW,23,0,14,4,6,0,3,0,0,0
2021,9,137.0,상주,188.8,50.3,54.7,17,12,6,6,3,,0.8,3.4,WSW,22,2,11,3,0,0,1,0,0,0
2021,9,138.0,포항,196.5,7.2,56.8,1,13,11,4,3,,3.1,8.8,NE,15,2,18,4,0,0,1,0,0,0
2021,9,140.0,군산,138.8,1.3,48.3,21,10,8,4,2,,1.8,7.1,WNW,23,4,12,2,0,0,3,0,0,0
2021,9,143.0,대구,84.1,-58.3,40.7,1,10,9,2,1,,2.0,7.6,ESE,15,2,15,2,0,0,0,0,0,0
2021,9,146.0,전주,162.1,33.9,41.2,21,11,9,5,3,,1.4,6.1,WSW,21,3,13,3,0,0,3,0,0,0
2021,9,152.0,울산,125.2,-45.1,36.2,1,13,10,4,1,,2.1,5.7,N,17,2,17,3,1,0,1,0,0,0
2021,9,155.0,창원,92.2,-80.7,28.1,29,15,11,3,0,,1.2,5.5,WNW,22,3,16,4,1,0,1,0,0,0
2021,9,156.0,광주,131.1,-13.9,45.7,1,14,13,3,3,,1.5,5.6,NE,17,1,17,4,0,0,5,0,0,0
2021,9,159.0,부산,164.7,4.1,50.1,17,14,10,5,2,,3.0,9.4,SW,21,2,18,3,2,0,2,0,0,0
2021,9,162.0,통영,145.5,-31.6,41.7,17,12,11,4,1,,2.1,9.9,NNE,17,1,16,6,0,0,3,0,0,0
2021,9,165.0,목포,91.4,-46.3,43.7,21,14,9,2,1,,2.9,9.2,SE,6,3,15,2,0,0,1,0,0,0
2021,9,168.0,여수,144.7,-7.0,70.8,29,14,11,3,1,,4.6,15.5,NNE,17,2,15,5,0,1,3,0,0,0
2021,9,169.0,흑산도,101.1,-19.4,24.5,21,16,13,2,0,,4.8,17.4,SSE,6,3,15,1,1,5,2,0,0,0
2021,9,170.0,완도,115.1,-61.3,34.8,29,15,12,3,1,,2.7,10.0,SSE,21,1,16,7,0,0,3,0,0,0
2021,9,172.0,고창,139.9,16.1,59.7,21,14,12,4,1,,2.6,13.4,ESE,7,2,13,4,0,0,4,0,0,0
2021,9,174.0,순천,154.3,,58.5,29,13,10,5,2,,1.3,8.0,WNW,22,0,17,4,0,0,3,0,0,0
2021,9,177.0,홍성,260.2,,147.4,1,11,9,4,3,,1.3,7.3,SW,1,4,11,3,5,0,3,0,0,0
2021,9,184.0,제주,493.1,265.3,155.0,17,16,15,10,4,,3.4,15.3,NE,17,2,14,7,0,1,5,0,0,0
2021,9,185.0,고산,348.0,227.6,89.5,2,16,15,11,3,,5.0,20.2,NNW,17,1,11,3,0,1,4,0,0,0
2021,9,188.0,성산,431.7,183.1,102.9,14,15,13,9,4,,3.1,9.0,ESE,14,1,11,6,0,0,4,0,0,0
2021,9,189.0,서귀포,692.4,483.6,219.7,14,15,14,11,6,,2.3,7.9,NE,17,2,12,7,2,0,6,0,0,0
2021,9,192.0,진주,122.4,-58.3,51.4,29,15,10,3,1,,0.9,4.7,N,17,1,15,3,0,0,3,0,0,0
2021,9,201.0,강화,135.8,4.3,79.6,21,7,6,3,1,,1.8,6.9,W,22,5,9,2,0,0,2,0,0,0
2021,9,202.0,양평,148.9,4.4,38.8,21,8,8,5,2,,1.1,7.3,NNW,22,2,8,3,0,0,1,0,0,0
2021,9,203.0,이천,222.1,69.0,83.9,1,10,9,6,2,,0.9,4.3,SSE,20,2,9,4,0,0,2,0,0,0
2021,9,211.0,인제,84.0,-43.4,29.6,7,9,5,5,0,,1.3,5.8,NNE,5,2,11,4,,0,,,,
2021,9,212.0,홍천,122.7,-18.6,33.1,21,6,6,5,2,,1.1,4.9,NE,15,2,11,4,,0,,,,
2021,9,216.0,태백,161.8,-36.6,75.4,1,16,12,4,2,,1.3,5.8,SW,21,1,13,3,,0,,,,
2021,9,217.0,정선군,177.1,57.9,66.6,1,9,7,6,2,,1.2,5.5,NE,29,1,15,4,0,0,2,0,0,0
2021,9,221.0,제천,209.2,63.9,63.7,1,11,9,6,3,,1.0,5.2,ENE,15,1,8,3,0,0,2,0,0,0
2021,9,226.0,보은,162.2,24.8,52.8,1,11,8,5,2,,1.1,5.4,ENE,21,2,10,4,0,0,2,0,0,0
2021,9,232.0,천안,250.8,104.4,117.1,1,10,9,6,3,,1.6,6.3,ESE,6,5,9,3,0,0,2,0,0,0
2021,9,235.0,보령,215.9,80.5,72.5,1,10,7,4,4,,1.6,8.8,SSW,1,5,11,3,0,0,3,0,0,0
2021,9,236.0,부여,187.1,41.1,47.4,21,10,8,6,3,,1.3,5.1,E,15,5,11,2,0,0,3,0,0,0
2021,9,238.0,금산,151.9,21.4,42.5,17,12,8,5,2,,1.1,4.9,E,15,5,12,3,0,0,2,0,0,0
2021,9,239.0,세종,184.6,,63.6,1,9,8,4,3,,1.6,5.5,ENE,15,3,9,4,0,0,3,0,0,0
2021,9,243.0,부안,166.6,27.2,63.1,17,10,8,5,2,,1.5,6.0,W,21,5,15,3,0,0,3,0,0,0
2021,9,244.0,임실,90.8,-47.5,36.2,21,15,12,3,1,,1.1,5.0,WSW,22,3,15,2,0,0,4,0,0,0
2021,9,245.0,정읍,156.8,8.3,47.4,21,12,10,4,3,,1.6,9.0,SW,1,5,12,2,0,0,4,0,0,0
2021,9,247.0,남원,108.5,-35.7,30.5,21,15,11,4,1,,2.5,11.3,ENE,15,2,16,3,0,0,3,0,0,0
2021,9,248.0,장수,111.8,-42.0,36.1,1,14,10,4,1,,1.2,6.5,NE,14,2,15,5,0,0,4,0,0,0
2021,9,251.0,고창군,161.7,,59.1,21,16,12,5,1,,1.4,6.2,ESE,21,5,12,3,0,0,4,0,0,0
2021,9,252.0,영광군,116.4,-18.4,71.0,21,14,10,2,1,,1.3,5.8,SSE,7,2,13,3,0,0,4,0,0,0
2021,9,253.0,김해시,101.7,-83.2,37.5,1,14,7,3,1,,1.2,9.9,WNW,22,2,16,3,0,0,2,0,0,0
2021,9,254.0,순창군,103.0,-34.8,34.7,29,15,11,3,1,,1.3,6.4,NW,30,4,14,1,0,0,4,0,0,0
2021,9,255.0,북창원,112.5,,33.3,29,16,10,4,1,,1.4,5.6,W,1,3,15,3,0,0,3,0,0,0
2021,9,257.0,양산시,171.1,-36.7,64.9,1,13,9,3,3,,2.4,7.0,ENE,17,2,16,5,0,0,2,0,0,0
2021,9,258.0,보성군,110.3,,39.8,29,15,10,5,1,,2.5,9.3,ESE,15,1,17,6,0,0,3,0,0,0
2021,9,259.0,강진군,105.6,-58.7,26.0,21,12,11,3,0,,1.6,5.7,E,6,1,15,6,0,0,3,0,0,0
2021,9,260.0,장흥,96.3,-67.3,38.9,29,13,10,3,1,,1.5,8.1,ESE,14,2,15,6,0,0,2,0,0,0
2021,9,261.0,해남,108.2,-42.2,36.5,29,15,9,3,1,,2.3,8.9,E,14,1,16,4,0,0,2,0,0,0
2021,9,262.0,고흥,96.3,-70.9,24.4,14,14,10,3,0,,1.1,5.3,S,21,2,17,6,0,0,3,0,0,0
2021,9,263.0,의령군,94.3,-94.1,37.1,29,13,10,3,1,,,9.7,WNW,22,2,14,4,0,0,3,0,0,0
2021,9,264.0,함양군,105.5,-59.6,18.0,29,14,11,6,0,,1.1,6.5,WSW,22,1,14,6,0,0,2,0,0,0
2021,9,266.0,광양시,146.6,,41.0,29,15,11,4,2,,2.0,7.8,NE,17,1,15,3,0,0,2,0,0,0
2021,9,268.0,진도군,124.7,-30.6,40.3,21,16,12,4,2,,1.9,7.5,WNW,17,1,16,5,0,0,1,0,0,0
2021,9,271.0,봉화,159.6,24.5,77.1,1,13,7,4,1,,1.2,4.9,WNW,22,1,13,4,,0,,,,
2021,9,272.0,영주,199.9,45.8,111.0,1,8,6,5,2,,1.3,6.3,NW,23,2,9,4,0,0,1,0,0,0
2021,9,273.0,문경,199.2,60.8,69.0,1,11,9,6,2,,1.2,5.4,WNW,8,2,11,4,0,0,2,0,0,0
2021,9,276.0,청송군,142.7,5.1,41.7,1,12,9,4,2,,1.4,7.1,WNW,22,1,14,3,0,0,2,0,0,0
2021,9,277.0,영덕,159.5,-0.1,45.2,1,13,8,5,3,,2.2,8.7,NE,17,1,11,3,0,0,1,0,0,0
2021,9,278.0,의성,125.9,1.6,48.2,1,11,7,4,2,,0.8,5.1,E,15,1,14,3,0,0,2,0,0,0
2021,9,279.0,구미,115.9,-31.7,39.9,1,10,8,2,2,,0.7,4.2,E,15,2,13,4,0,0,1,0,0,0
2021,9,281.0,영천,120.4,-17.2,67.4,1,12,9,3,1,,1.3,6.8,E,15,2,14,3,0,0,1,0,0,0
2021,9,283.0,경주시,143.5,-50.6,58.8,1,17,12,3,1,,2.0,6.7,W,23,2,15,5,0,0,1,0,0,0
2021,9,284.0,거창,91.9,-74.3,20.6,17,13,10,5,0,,1.1,5.6,N,17,2,15,5,0,0,2,0,0,0
2021,9,285.0,합천,122.4,-36.2,47.6,29,12,9,3,2,,0.8,4.8,NE,17,3,14,6,0,0,2,0,0,0
2021,9,288.0,밀양,60.9,-83.5,19.1,29,11,8,2,0,,1.0,4.8,NNE,17,3,14,3,0,0,2,0,0,0
2021,9,289.0,산청,146.1,-61.1,37.5,29,14,10,6,2,,0.9,6.4,NE,21,1,14,5,0,0,2,0,0,0
2021,9,294.0,거제,220.0,10.5,68.1,17,17,13,6,4,,1.4,6.1,ESE,21,1,16,7,0,0,3,0,0,0
2021,9,295.0,남해,164.6,-57.3,56.2,29,14,13,4,2,,1.5,5.5,S,21,0,18,7,0,0,3,0,0,0
2021,10,90.0,속초,216.9,129.0,56.9,5,11,9,6,4,,1.8,8.2,ENE,19,,,6,,0,,,,
2021,10,93.0,북춘천,64.4,,29.7,4,12,10,2,0,,0.9,5.2,NNW,16,4,9,5,9,0,1,0,9,2
2021,10,95.0,철원,128.3,78.4,70.7,4,12,10,3,1,,1.0,6.0,N,27,6,8,4,0,0,1,0,0,0
2021,10,98.0,동두천,71.2,16.1,36.8,4,14,10,2,1,,0.9,5.6,SW,5,10,9,4,0,0,2,0,0,0
2021,10,99.0,파주,79.4,29.3,42.5,4,11,10,2,1,,1.1,5.2,SW,4,9,6,4,0,0,2,0,0,0
2021,10,100.0,대관령,65.2,-32.4,18.1,15,13,10,1,0,,2.0,8.9,W,5,7,13,6,0,0,1,0,0,0
2021,10,101.0,춘천,60.6,11.3,24.6,4,12,10,2,0,,1.1,4.3,NNW,5,0,0,4,0,0,2,0,0,0
2021,10,102.0,백령도,60.7,29.7,32.9,10,9,4,2,1,,4.1,16.0,NNW,16,10,8,3,1,3,3,0,0,0
2021,10,104.0,북강릉,143.1,,60.7,6,14,11,3,1,,1.2,4.7,SW,5,8,12,5,0,0,2,0,0,0
2021,10,105.0,강릉,130.9,17.0,48.8,6,12,12,2,2,,1.9,6.9,NW,5,9,13,6,0,0,3,0,0,0
2021,10,106.0,동해,150.5,47.6,43.4,6,13,11,6,1,,1.8,8.1,NNE,5,8,11,7,0,0,2,0,0,0
2021,10,108.0,서울,57.0,4.8,14.2,10,11,8,2,0,,2.1,10.6,WNW,1,9,8,4,0,0,3,0,1,2
2021,10,112.0,인천,31.6,-19.5,7.8,1,10,8,0,0,,2.6,10.0,NNW,1,9,8,2,3,0,1,0,0,0
2021,10,114.0,원주,45.6,-7.1,17.0,10,11,9,1,0,,0.7,3.9,SSW,4,5,8,4,0,0,2,0,0,0
2021,10,115.0,울릉도,191.8,90.9,43.1,22,13,11,8,1,,3.8,17.3,W,11,5,11,7,5,2,3,0,0,0
2021,10,119.0,수원,36.0,-18.1,11.3,19,11,6,1,0,,1.7,6.8,NW,1,10,9,2,2,0,2,0,1,0
2021,10,121.0,영월,44.8,-4.6,12.5,16,8,6,2,0,,0.7,5.5,E,12,5,9,5,0,0,1,0,0,0
2021,10,127.0,충주,45.5,-11.2,13.6,16,11,9,2,0,,1.0,5.3,WSW,1,5,9,2,0,0,2,0,0,0
2021,10,129.0,서산,55.9,2.9,19.9,19,8,6,3,0,,1.5,10.7,WNW,1,8,7,1,0,0,3,0,0,0
2021,10,130.0,울진,201.2,103.9,101.6,9,13,7,5,2,,2.5,9.6,E,9,7,10,8,,0,,,,
2021,10,131.0,청주,29.4,-28.6,10.9,11,10,6,1,0,,1.1,5.9,WNW,1,10,6,2,1,0,2,0,1,0
2021,10,133.0,대전,40.8,-18.5,13.5,11,8,6,1,0,,1.2,4.8,S,6,12,6,2,2,0,2,0,4,0
2021,10,135.0,추풍령,41.0,-17.1,15.1,11,8,5,1,0,,1.9,7.8,WSW,16,11,5,4,0,0,1,0,0,0
2021,10,136.0,안동,50.8,4.3,20.2,11,6,4,3,0,,1.0,4.5,ESE,28,3,11,5,16,0,2,0,2,2
2021,10,137.0,상주,41.4,-15.7,17.7,11,7,5,1,0,,0.8,4.5,WSW,5,7,7,4,0,0,1,0,0,0
2021,10,138.0,포항,176.7,100.0,53.9,9,9,8,5,2,,2.4,8.4,NE,12,10,8,5,1,0,0,0,0,0
2021,10,140.0,군산,32.7,-22.5,8.8,19,7,6,0,0,,1.5,7.4,NW,16,8,5,3,,0,,,,
2021,10,143.0,대구,57.8,7.7,23.1,11,6,4,4,0,,1.5,6.8,WNW,19,12,5,2,1,0,0,0,2,1
2021,10,146.0,전주,37.0,-20.3,9.1,15,9,8,0,0,,1.4,6.2,NNW,16,12,5,2,0,0,0,0,1,1
2021,10,152.0,울산,49.0,-25.8,25.7,11,8,5,1,0,,1.8,5.1,NNW,17,12,5,5,1,0,0,0,0,0
2021,10,155.0,창원,25.0,-47.3,15.6,11,5,3,1,0,,1.2,6.7,NE,17,12,5,3,0,0,0,0,0,0
2021,10,156.0,광주,35.3,-23.7,12.3,15,6,5,1,0,,1.2,6.2,NE,17,9,6,3,0,0,0,0,0,0
2021,10,159.0,부산,18.2,-61.4,8.5,16,6,3,0,0,,2.6,9.6,SW,4,13,4,3,0,0,0,0,0,0
2021,10,162.0,통영,5.9,-70.5,5.5,16,2,1,0,0,,2.2,8.1,N,17,10,3,1,,0,,,,
2021,10,165.0,목포,14.7,-44.2,4.3,15,7,5,0,0,,3.2,14.9,N,16,10,6,1,1,2,0,0,0,0
2021,10,168.0,여수,45.4,-21.2,26.0,11,4,3,2,0,,3.3,11.4,NW,16,14,5,2,0,0,0,0,0,0
2021,10,169.0,흑산도,26.3,-32.4,5.9,11,8,7,0,0,,5.1,18.9,N,16,8,10,3,1,3,0,0,0,0
2021,10,170.0,완도,6.2,-66.8,2.7,16,6,3,0,0,,1.7,6.6,NNW,16,10,5,1,,0,,,,
2021,10,172.0,고창,43.9,-32.2,10.3,15,8,8,1,0,,2.3,9.1,NNE,17,10,5,3,,0,,,,
2021,10,174.0,순천,35.6,,20.6,10,6,5,1,0,,1.5,7.5,NW,17,10,4,3,,0,,,,
2021,10,177.0,홍성,41.6,,14.5,19,10,6,2,0,,1.2,7.0,WNW,1,8,8,1,7,0,3,0,3,0
2021,10,184.0,제주,32.1,-63.0,16.4,12,7,4,1,0,,2.9,10.5,NNE,16,5,6,4,0,0,0,0,0,0
2021,10,185.0,고산,19.8,-37.1,10.7,10,5,4,1,0,,5.7,18.0,NNW,16,9,3,1,,4,,,,
2021,10,188.0,성산,101.2,-12.8,92.8,9,5,5,1,1,,2.5,5.7,SSW,4,10,4,3,0,0,1,0,0,0
2021,10,189.0,서귀포,33.4,-67.0,26.7,16,6,3,1,0,,1.6,5.4,ENE,12,8,8,1,0,0,0,0,0,0
2021,10,192.0,진주,46.2,-22.1,19.8,11,5,4,2,0,,0.7,4.8,NNW,16,9,4,3,0,0,1,0,0,0
2021,10,201.0,강화,49.5,-6.3,20.8,4,10,7,1,0,,1.6,7.4,WSW,5,9,7,3,0,0,2,0,0,0
2021,10,202.0,양평,38.3,-8.8,11.6,10,13,10,1,0,,0.9,5.7,WNW,1,4,10,4,0,0,1,0,0,0
2021,10,203.0,이천,40.9,-10.0,14.3,10,11,8,1,0,,0.8,4.4,NW,1,6,8,3,0,0,1,0,0,0
2021,10,211.0,인제,66.4,21.6,24.7,4,11,11,2,0,,1.1,6.4,NE,19,2,9,7,0,0,1,0,0,0
2021,10,212.0,홍천,41.2,-8.5,11.2,10,13,10,1,0,,0.7,5.2,WSW,1,4,10,4,0,0,2,0,0,0
2021,10,216.0,태백,79.8,14.3,24.2,11,10,9,4,0,,1.0,6.1,NE,19,8,10,6,0,0,1,0,0,0
2021,10,217.0,정선군,37.0,-20.9,9.3,16,9,7,0,0,,1.0,6.5,NE,10,5,13,7,0,0,1,0,0,0
2021,10,221.0,제천,26.6,-30.8,9.5,11,9,7,0,0,,0.9,4.7,WNW,2,5,10,5,0,0,2,0,0,0
2021,10,226.0,보은,33.8,-22.8,12.8,11,10,6,2,0,,0.8,4.3,NNW,22,5,6,4,,0,,,,
2021,10,232.0,천안,49.5,-6.0,13.4,7,13,10,2,0,,0.9,5.6,NNW,1,7,6,4,0,0,1,0,0,0
2021,10,235.0,보령,39.6,-20.3,14.1,19,9,7,2,0,,1.4,7.2,SSW,4,9,5,2,0,0,3,0,0,0
2021,10,236.0,부여,36.9,-26.7,14.0,11,9,6,1,0,,0.8,5.4,SW,4,7,6,3,0,0,1,0,0,0
2021,10,238.0,금산,44.0,-11.7,11.0,12,8,7,2,0,,0.8,4.1,WNW,16,6,4,4,,0,,,,
2021,10,239.0,세종,36.4,,13.4,11,7,6,1,0,,1.1,5.9,NW,1,5,5,2,0,0,2,0,0,0
2021,10,243.0,부안,50.3,-5.7,10.3,10,10,8,1,0,,1.1,5.6,W,7,8,5,3,0,0,1,0,0,0
2021,10,244.0,임실,41.3,-16.8,14.8,11,8,6,1,0,,0.8,4.1,SSW,4,9,5,2,,0,,,,
2021,10,245.0,정읍,39.9,-21.1,13.4,15,8,7,1,0,,1.3,6.8,ESE,16,9,5,2,,0,,,,
2021,10,247.0,남원,54.9,-8.1,22.3,10,5,5,2,0,,1.6,7.1,ENE,12,10,4,3,,0,,,,
2021,10,248.0,장수,49.8,-13.8,15.0,11,9,5,2,0,,1.0,6.4,N,17,9,5,2,,0,,,,
2021,10,251.0,고창군,43.2,,11.8,15,8,7,2,0,,1.3,6.6,WNW,19,10,5,2,,0,,,,
2021,10,252.0,영광군,50.7,-24.3,12.8,10,8,7,2,0,,1.3,8.1,NNE,16,9,5,2,,0,,,,
2021,10,253.0,김해시,24.3,-65.5,14.0,11,6,2,1,0,,1.4,4.7,WNW,22,11,3,3,,0,,,,
2021,10,254.0,순창군,40.5,-48.1,12.1,10,5,5,1,0,,1.3,7.5,NW,17,11,4,2,,0,,,,
2021,10,255.0,북창원,47.0,,36.2,11,6,3,1,1,,1.1,4.7,NW,22,11,4,3,,0,,,,
2021,10,257.0,양산시,18.6,-93.8,8.7,11,4,3,0,0,,1.8,6.2,NE,12,9,5,4,,0,,,,
2021,10,258.0,보성군,35.2,,26.0,10,5,4,1,0,,2.6,10.8,NW,22,11,5,2,,0,,,,
2021,10,259.0,강진군,21.4,-84.9,8.5,10,7,5,0,0,,1.4,8.4,NW,17,11,4,2,,0,,,,
2021,10,260.0,장흥,35.4,-28.0,22.1,10,7,6,1,0,,1.3,6.4,N,17,9,6,2,,0,,,,
2021,10,261.0,해남,25.8,-39.3,12.2,10,8,5,1,0,,1.6,9.4,N,17,8,5,2,,0,,,,
2021,10,262.0,고흥,16.5,-50.3,9.0,11,4,4,0,0,,0.9,5.9,NW,22,12,5,1,,0,,,,
2021,10,263.0,의령군,57.3,-52.4,31.2,11,7,4,2,1,,1.3,5.9,SW,4,8,5,3,,0,,,,
2021,10,264.0,함양군,59.6,-56.0,22.9,12,5,5,2,0,,1.0,5.3,WSW,19,6,6,3,,0,,,,
2021,10,266.0,광양시,57.8,,26.0,10,6,4,3,0,,1.1,6.0,WNW,16,12,5,2,,0,,,,
2021,10,268.0,진도군,9.9,-66.1,3.4,11,5,4,0,0,,2.1,10.5,NNE,16,11,7,1,,0,,,,
2021,10,271.0,봉화,41.6,-6.5,15.5,11,10,5,2,0,,1.0,9.6,N,2,7,11,5,,0,,,,
2021,10,272.0,영주,43.5,-14.7,15.6,11,8,4,3,0,,1.5,9.6,NW,11,7,8,5,,0,,,,
2021,10,273.0,문경,36.7,-22.1,12.3,11,8,4,2,0,,1.2,6.4,WNW,16,9,8,5,,0,,,,
2021,10,276.0,청송군,59.9,-23.9,28.6,11,6,5,3,0,,1.2,6.5,W,27,3,7,5,,0,,,,
2021,10,277.0,영덕,148.1,61.9,46.5,9,8,8,5,2,,2.1,9.9,NNE,22,7,8,6,0,0,1,0,0,0
2021,10,278.0,의성,54.2,12.7,29.4,11,6,5,2,0,,0.7,4.6,NNW,19,4,7,4,0,0,1,0,0,0
2021,10,279.0,구미,50.0,-3.3,21.9,11,5,4,2,0,,0.6,3.4,W,19,9,6,5,,0,,,,
2021,10,281.0,영천,63.7,15.1,22.8,11,9,7,2,0,,0.9,5.0,W,19,9,8,3,,0,,,,
2021,10,283.0,경주시,93.4,-14.8,50.6,11,8,6,3,1,,1.9,8.4,WNW,16,8,5,5,,0,,,,
2021,10,284.0,거창,54.6,-6.2,26.7,12,6,5,2,0,,1.0,5.5,N,22,8,6,4,,0,,,,
2021,10,285.0,합천,38.2,-26.3,19.8,11,5,4,1,0,,0.7,4.1,SSW,4,9,5,3,,0,,,,
2021,10,288.0,밀양,61.2,7.9,40.7,11,6,4,1,1,,0.8,4.2,NNW,19,10,5,3,,0,,,,
2021,10,289.0,산청,46.6,-27.6,19.9,11,6,5,2,0,,1.1,7.0,W,22,7,5,3,,0,,,,
2021,10,294.0,거제,11.8,-84.6,8.1,16,4,3,0,0,,1.0,4.9,NNW,17,10,4,2,,0,,,,
2021,10,295.0,남해,43.6,-52.3,18.2,10,4,4,3,0,,1.3,4.9,NW,19,11,6,3,,0,,,,
2021,11,90.0,속초,16.2,-75.8,10.9,2,6,2,1,0,,2.2,9.3,WNW,11,,,0,,0,,,,
2021,11,93.0,북춘천,49.8,,27.1,30,5,4,2,0,,1.2,7.9,WSW,23,6,4,1,6,0,0,3,15,15
2021,11,95.0,철원,57.3,9.2,25.0,30,7,4,2,0,,1.1,6.2,SSW,8,9,4,1,,0,,,,
2021,11,98.0,동두천,51.6,4.2,22.6,30,7,4,2,0,,1.3,8.8,WNW,30,6,4,1,,0,,,,
2021,11,99.0,파주,47.2,-5.5,23.1,30,4,3,2,0,,1.1,7.6,NW,30,7,4,2,,0,,,,
2021,11,100.0,대관령,32.6,-36.8,14.3,8,6,4,2,0,,4.1,13.9,W,30,11,4,1,,2,,,,
2021,11,101.0,춘천,53.0,4.7,30.2,30,5,4,2,1,,1.2,7.0,W,22,0,0,1,,0,,,,
2021,11,102.0,백령도,46.2,4.3,18.7,8,8,6,2,0,,4.9,18.3,NNW,30,8,9,2,1,3,0,3,2,0
2021,11,104.0,북강릉,16.6,,8.5,2,7,4,0,0,,1.6,8.3,W,30,11,3,0,0,0,0,0,2,5
2021,11,105.0,강릉,13.1,-68.0,5.2,2,5,3,0,0,,2.6,9.1,SW,8,12,3,0,,0,,,,
2021,11,106.0,동해,7.6,-64.0,3.1,30,5,3,0,0,,2.1,8.9,W,8,12,3,0,,0,,,,
2021,11,108.0,서울,62.4,11.3,27.2,30,6,5,2,0,,2.1,9.3,W,8,8,5,3,0,0,0,2,11,11
2021,11,112.0,인천,79.0,28.2,31.4,8,7,5,3,1,,2.9,12.4,NNW,30,8,4,1,3,0,0,3,4,8
2021,11,114.0,원주,55.9,13.8,25.4,8,6,4,2,0,,0.9,6.9,WNW,22,7,4,2,,0,,,,
2021,11,115.0,울릉도,38.3,-78.6,9.8,20,10,8,0,0,,3.6,16.0,WSW,8,6,6,3,0,2,1,1,1,0
2021,11,119.0,수원,104.2,55.3,38.4,8,10,6,3,2,,1.6,8.5,WNW,21,8,4,1,4,0,1,4,11,13
2021,11,121.0,영월,40.8,3.4,20.1,30,4,3,2,0,,1.0,8.2,W,22,5,3,2,,0,,,,
2021,11,127.0,충주,44.9,5.5,20.5,30,5,4,2,0,,1.2,7.1,WNW,22,7,4,2,0,0,1,0,0,0
2021,11,129.0,서산,126.2,72.1,36.0,8,10,9,4,2,,1.7,9.5,WNW,30,5,6,0,0,0,1,0,0,0
2021,11,130.0,울진,18.1,-42.9,10.0,30,5,2,1,0,,2.6,9.2,WSW,23,12,2,0,,0,,,,
2021,11,131.0,청주,57.3,10.7,23.9,30,9,5,2,0,,1.1,6.0,WNW,22,6,5,2,3,0,0,3,7,6
2021,11,133.0,대전,41.7,-6.3,20.7,30,8,5,2,0,,1.2,6.3,S,7,9,5,0,3,0,0,2,5,5
2021,11,135.0,추풍령,43.9,0.9,19.1,30,7,6,2,0,,2.7,11.0,W,8,9,2,3,,0,,,,
2021,11,136.0,안동,34.6,3.7,17.4,8,4,2,2,0,,1.6,8.4,WNW,22,9,4,0,10,0,1,0,13,13
2021,11,137.0,상주,39.8,4.6,18.5,8,7,5,2,0,,1.5,8.5,WSW,30,8,4,1,,0,,,,
2021,11,138.0,포항,31.4,-8.7,20.2,8,2,2,2,0,,2.6,7.4,WSW,30,15,1,1,0,0,0,0,2,0
2021,11,140.0,군산,81.9,28.0,22.8,8,10,9,3,0,,2.1,12.9,NW,30,5,6,1,,0,,,,
2021,11,143.0,대구,43.1,13.4,26.8,8,4,2,2,0,,2.0,10.3,WNW,22,14,3,1,0,0,1,0,10,2
2021,11,146.0,전주,81.1,31.3,26.0,30,9,9,3,0,,1.6,8.1,W,8,8,7,1,3,0,0,1,4,3
2021,11,152.0,울산,49.7,5.5,25.3,8,4,3,2,0,,1.8,6.1,S,8,14,1,1,0,0,1,0,0,3
2021,11,155.0,창원,53.5,5.6,30.7,30,2,2,2,1,,1.2,6.0,S,8,13,2,2,1,0,0,0,0,0
2021,11,156.0,광주,85.8,35.6,23.2,30,9,7,3,0,,1.0,6.1,W,10,7,8,1,1,0,0,0,5,3
2021,11,159.0,부산,57.9,7.5,28.9,30,3,2,2,0,,3.0,11.8,W,30,17,1,1,0,0,1,0,0,0
2021,11,162.0,통영,67.1,18.5,41.7,30,3,2,2,1,,2.3,12.3,S,8,12,2,1,0,0,1,0,0,0
2021,11,165.0,목포,63.9,15.0,25.6,8,10,8,2,0,,3.4,13.7,NNW,30,7,8,0,3,0,0,0,1,0
2021,11,168.0,여수,43.0,-3.8,26.1,8,4,2,2,0,,3.6,13.7,WNW,8,13,2,0,0,0,2,0,0,0
2021,11,169.0,흑산도,42.1,-4.0,28.5,8,8,6,1,0,,4.5,18.2,N,30,6,8,0,0,4,0,0,0,0
2021,11,170.0,완도,53.0,-9.7,27.6,30,8,6,2,0,,2.3,10.5,WNW,30,10,5,0,,0,,,,
2021,11,172.0,고창,86.4,27.3,31.8,8,9,7,2,1,,2.6,14.3,W,30,8,7,1,,1,,,,
2021,11,174.0,순천,50.9,,20.6,30,8,4,2,0,,1.8,9.4,WNW,30,7,2,2,,0,,,,
2021,11,177.0,홍성,105.6,,37.8,30,10,10,2,2,,1.2,7.9,W,30,5,8,1,7,0,1,2,7,9
2021,11,184.0,제주,63.8,-5.7,34.5,8,7,7,2,1,,3.7,12.6,NNW,11,8,8,1,0,0,2,0,0,0
2021,11,185.0,고산,48.8,-11.4,21.4,8,8,6,2,0,,8.4,27.2,NW,30,9,9,0,,9,,,,
2021,11,188.0,성산,67.0,-35.8,33.6,30,9,8,2,1,,2.8,8.9,NW,8,8,7,0,0,0,2,0,0,0
2021,11,189.0,서귀포,55.0,-31.2,36.7,30,7,4,2,1,,1.8,8.0,SSW,30,9,7,0,0,0,1,0,0,0
2021,11,192.0,진주,44.3,-0.4,29.5,8,2,2,2,0,,0.8,6.4,WSW,24,13,2,0,0,0,1,0,0,0
2021,11,201.0,강화,46.6,0.3,22.8,8,8,4,2,0,,1.5,8.4,W,30,8,5,2,,0,,,,
2021,11,202.0,양평,55.9,9.5,26.9,30,8,5,2,0,,1.1,7.3,WNW,30,6,4,2,,0,,,,
2021,11,203.0,이천,64.9,19.8,27.6,30,7,4,2,0,,1.0,6.6,WNW,30,6,5,2,,0,,,,
2021,11,211.0,인제,54.7,13.8,25.7,30,5,4,3,0,,1.5,6.4,SSW,8,8,2,1,,0,,,,
2021,11,212.0,홍천,50.7,9.8,23.6,30,4,3,2,0,,0.9,6.5,WNW,22,7,4,3,,0,,,,
2021,11,216.0,태백,31.6,-13.6,17.4,8,3,2,2,0,,1.4,6.7,SW,30,7,3,2,,0,,,,
2021,11,217.0,정선군,40.8,-6.5,19.1,30,5,3,2,0,,2.0,12.5,NNE,23,6,3,3,,0,,,,
2021,11,221.0,제천,48.0,4.6,23.9,30,7,4,2,0,,1.3,8.2,WSW,8,7,3,3,,0,,,,
2021,11,226.0,보은,44.9,-0.3,17.9,30,7,6,2,0,,1.0,5.8,ESE,8,7,5,2,,0,,,,
2021,11,232.0,천안,67.9,20.3,26.5,30,11,8,2,0,,0.9,6.3,W,30,5,2,2,,0,,,,
2021,11,235.0,보령,117.8,64.1,37.9,8,11,9,3,2,,1.3,6.6,SSW,18,6,9,1,0,0,1,0,0,0
2021,11,236.0,부여,73.4,21.6,31.1,30,11,10,2,1,,0.9,6.7,W,30,4,5,2,0,0,1,0,0,0
2021,11,238.0,금산,50.7,3.5,25.2,30,9,5,2,0,,1.0,6.6,WNW,22,7,4,1,,0,,,,
2021,11,239.0,세종,60.9,,28.6,30,8,5,2,0,,1.1,7.0,NNW,22,7,4,1,,0,,,,
2021,11,243.0,부안,100.3,48.0,25.6,8,9,9,5,0,,1.3,7.6,WNW,30,9,9,2,,0,,,,
2021,11,244.0,임실,101.8,51.1,31.1,30,9,9,3,1,,0.9,5.5,WNW,30,7,4,1,,0,,,,
2021,11,245.0,정읍,94.8,39.2,28.6,8,9,8,4,0,,1.3,7.7,NNW,30,8,6,2,,0,,,,
2021,11,247.0,남원,76.2,30.9,27.9,8,10,9,3,0,,1.4,7.2,WSW,8,7,6,1,,0,,,,
2021,11,248.0,장수,92.2,40.1,35.0,30,9,8,3,1,,1.3,8.6,WNW,30,3,2,6,,0,,,,
2021,11,251.0,고창군,63.5,,20.6,8,9,8,2,0,,1.2,8.4,W,30,8,7,1,,0,,,,
2021,11,252.0,영광군,108.6,51.3,31.4,8,11,7,5,1,,1.6,8.3,NW,30,8,8,1,0,0,1,0,0,0
2021,11,253.0,김해시,66.1,19.1,41.4,30,2,2,2,1,,1.8,8.2,WNW,30,15,1,1,0,0,1,0,0,0
2021,11,254.0,순창군,69.6,10.4,29.3,30,9,8,3,0,,1.2,9.3,W,30,4,5,1,,0,,,,
2021,11,255.0,북창원,68.2,,43.2,30,2,2,2,1,,1.0,5.8,WNW,22,11,2,2,,0,,,,
2021,11,257.0,양산시,65.3,13.1,35.2,30,2,2,2,2,,1.6,8.2,W,23,14,1,1,0,0,1,0,0,0
2021,11,258.0,보성군,37.7,,19.4,8,6,3,2,0,,3.1,13.8,NNW,22,8,2,0,0,0,1,0,0,0
2021,11,259.0,강진군,54.5,-10.4,22.2,30,8,6,2,0,,1.6,7.9,W,8,8,3,1,,0,,,,
2021,11,260.0,장흥,43.5,-11.3,18.1,8,8,6,2,0,,1.4,8.8,NNW,30,9,3,1,0,0,1,0,0,0
2021,11,261.0,해남,77.9,26.8,33.5,8,9,7,2,1,,1.7,9.0,W,22,7,8,0,0,0,1,0,0,0
2021,11,262.0,고흥,50.0,-1.4,34.3,8,4,2,2,1,,1.4,8.0,NW,8,12,4,1,0,0,1,0,0,0
2021,11,263.0,의령군,43.2,-4.9,28.2,8,2,2,2,0,,1.6,9.0,WNW,30,9,2,1,,0,,,,
2021,11,264.0,함양군,43.5,-7.4,22.6,8,9,4,2,0,,1.8,7.2,WSW,22,9,4,0,,0,,,,
2021,11,266.0,광양시,44.6,,28.5,8,8,3,2,0,,1.3,6.5,NE,7,11,1,0,0,0,1,0,0,0
2021,11,268.0,진도군,65.8,13.7,31.1,8,10,9,2,1,,2.1,8.8,NW,30,7,8,1,0,0,1,0,0,0
2021,11,271.0,봉화,43.9,10.7,21.8,30,5,3,2,0,,1.3,7.2,NW,23,6,3,2,,0,,,,
2021,11,272.0,영주,47.7,5.5,22.8,8,6,3,2,0,,2.7,12.0,WNW,22,6,3,1,,0,,,,
2021,11,273.0,문경,36.5,-4.4,19.3,30,6,4,2,0,,1.9,9.5,WNW,22,8,5,1,,0,,,,
2021,11,276.0,청송군,39.0,1.4,19.9,8,3,2,2,0,,1.9,8.5,WNW,23,9,3,1,0,0,1,0,0,0
2021,11,277.0,영덕,35.2,-14.6,20.4,8,5,2,2,0,,2.5,9.4,WNW,12,13,2,1,,0,,,,
2021,11,278.0,의성,46.3,15.8,28.6,8,5,3,2,0,,1.0,6.7,W,8,9,2,1,0,0,1,0,0,0
2021,11,279.0,구미,55.7,22.9,37.6,8,5,3,2,1,,0.7,4.6,W,30,7,3,0,0,0,1,0,0,0
2021,11,281.0,영천,50.6,19.0,30.2,8,2,2,2,1,,1.5,7.3,W,22,12,1,2,0,0,1,0,0,0
2021,11,283.0,경주시,40.4,2.6,22.8,8,4,2,2,0,,2.4,10.1,NW,22,14,1,1,,0,,,,
2021,11,284.0,거창,38.9,1.1,22.8,8,5,3,2,0,,1.4,7.6,NW,22,9,4,0,,0,,,,
2021,11,285.0,합천,43.5,8.8,29.7,8,3,2,2,0,,0.7,5.0,NNW,22,10,2,1,,0,,,,
2021,11,288.0,밀양,49.4,9.3,29.0,30,2,2,2,0,,0.9,6.2,WNW,8,13,2,1,,0,,,,
2021,11,289.0,산청,50.3,6.7,27.1,8,4,2,2,0,,1.8,10.5,WNW,30,12,3,0,0,0,1,0,0,0
2021,11,294.0,거제,105.5,46.5,80.6,30,2,2,2,1,,1.1,5.9,ESE,8,13,2,2,,0,,,,
2021,11,295.0,남해,53.5,-9.4,31.3,8,2,2,2,1,,1.6,7.5,NW,23,11,2,1,,0,,,,
2021,12,90.0,속초,68.7,28.6,42.1,24,3,3,3,1,,2.2,9.2,W,2,,,2,,0,,,,
2021,12,93.0,북춘천,5.2,,1.9,19,7,3,0,0,,1.1,8.4,WSW,17,13,7,2,5,0,1,8,26,28
2021,12,95.0,철원,4.9,-17.2,1.6,15,6,2,0,0,,1.1,5.9,WNW,30,12,3,1,,0,,,,
2021,12,98.0,동두천,8.3,-13.9,3.3,15,8,4,0,0,,1.4,7.9,WNW,17,12,5,2,,0,,,,
2021,12,99.0,파주,5.8,-14.2,1.8,10,8,3,0,0,,1.2,8.2,NW,17,14,4,1,,0,,,,
2021,12,100.0,대관령,6.4,-28.3,6.2,7,3,1,0,0,,4.5,14.3,WNW,17,13,2,0,0,2,1,0,0,0
2021,12,101.0,춘천,5.1,-19.1,1.4,15,7,3,0,0,,1.2,7.8,WNW,17,0,0,3,0,0,1,0,0,0
2021,12,102.0,백령도,12.4,-9.2,3.6,18,12,5,0,0,,5.7,18.4,NNW,1,6,9,2,0,7,0,11,2,18
2021,12,104.0,북강릉,41.6,,18.0,25,4,3,2,0,,1.8,9.0,W,17,19,2,0,0,0,1,3,8,21
2021,12,105.0,강릉,43.9,7.0,17.6,25,4,3,3,0,,2.9,7.9,WSW,21,17,3,0,0,0,1,0,0,0
2021,12,106.0,동해,34.4,11.9,21.3,25,3,3,2,0,,2.4,9.8,W,1,17,2,0,,0,,,,
2021,12,108.0,서울,7.9,-14.7,2.8,18,9,3,0,0,,2.3,8.1,WNW,17,15,3,2,0,0,0,6,15,27
2021,12,112.0,인천,7.6,-14.7,4.6,18,6,2,0,0,,3.3,12.3,NNW,1,16,3,0,1,0,1,6,8,23
2021,12,114.0,원주,4.9,-18.6,3.7,15,4,1,0,0,,1.0,6.7,WNW,17,14,4,1,,0,,,,
2021,12,115.0,울릉도,164.3,35.0,29.0,26,19,13,6,0,,3.5,12.4,WSW,1,1,13,3,0,0,1,16,0,12
2021,12,119.0,수원,12.3,-13.5,3.4,15,8,5,0,0,,1.9,9.1,WNW,17,17,4,2,2,0,0,5,15,27
2021,12,121.0,영월,3.7,-18.6,1.5,15,7,1,0,0,,1.1,8.6,W,17,12,3,1,,0,,,,
2021,12,127.0,충주,5.6,-19.3,2.1,3,8,3,0,0,,1.2,8.3,WSW,17,13,5,0,,0,,,,
2021,12,129.0,서산,18.3,-15.9,4.7,15,13,7,0,0,,2.0,8.7,NW,1,6,5,1,,0,,,,
2021,12,130.0,울진,5.6,-27.6,2.9,25,2,2,0,0,,3.0,11.0,W,17,14,1,0,,0,,,,
2021,12,131.0,청주,3.7,-23.0,1.0,10,5,2,0,0,,1.3,5.5,WNW,1,13,4,0,2,0,0,7,15,24
2021,12,133.0,대전,4.4,-25.3,1.6,3,8,2,0,0,,1.5,7.0,NE,17,11,4,0,2,0,0,12,10,25
2021,12,135.0,추풍령,3.2,-22.6,1.4,3,5,1,0,0,,3.5,10.5,W,25,11,2,1,,0,,,,
2021,12,136.0,안동,0.0,-18.6,0.0,29,0,0,0,0,,2.0,10.9,WNW,17,13,4,0,8,0,0,1,18,27
2021,12,137.0,상주,1.2,-22.1,0.4,30,5,0,0,0,,2.1,9.1,WSW,1,15,4,1,,0,,,,
2021,12,138.0,포항,0.3,-25.8,0.3,16,1,0,0,0,,2.8,11.4,W,17,18,1,0,0,0,0,0,11,22
2021,12,140.0,군산,14.5,-22.7,3.2,18,9,5,0,0,,2.3,9.5,NW,1,7,2,0,,0,,,,
2021,12,143.0,대구,0.1,-18.6,0.1,16,1,0,0,0,,2.5,10.6,WNW,17,18,1,0,0,0,0,2,18,28
2021,12,146.0,전주,6.0,-28.0,2.3,3,8,1,0,0,,1.7,7.5,NNW,17,10,5,0,1,0,0,9,16,23
2021,12,152.0,울산,3.5,-24.9,3.5,16,1,1,0,0,,2.3,7.7,WNW,17,20,1,0,0,0,0,1,6,23
2021,12,155.0,창원,2.4,-25.3,2.4,16,1,1,0,0,,1.4,6.1,NE,25,20,1,1,1,0,0,1,4,19
2021,12,156.0,광주,7.1,-30.0,3.5,17,6,3,0,0,,1.2,5.5,W,29,9,5,0,0,0,0,7,13,21
2021,12,159.0,부산,4.5,-29.3,4.4,16,2,1,0,0,,3.0,11.2,W,1,22,1,0,0,0,0,0,0,15
2021,12,162.0,통영,4.2,-28.2,3.8,16,2,1,0,0,,2.6,9.6,NNW,17,14,1,0,,0,,,,
2021,12,165.0,목포,13.6,-23.6,6.7,26,10,4,0,0,,4.0,15.2,NNW,17,7,7,0,0,1,0,7,4,10
2021,12,168.0,여수,2.7,-23.7,2.4,16,3,1,0,0,,4.4,14.4,WNW,1,14,1,1,0,1,0,4,0,11
2021,12,169.0,흑산도,14.0,-19.1,2.5,26,11,7,0,0,,6.8,19.8,N,17,6,16,2,0,12,0,8,1,4
2021,12,170.0,완도,3.3,-33.9,1.8,17,5,2,0,0,,2.2,10.3,WNW,30,6,5,0,,0,,,,
2021,12,172.0,고창,23.2,-19.9,6.1,1,10,6,0,0,,2.9,11.3,W,30,5,8,1,,0,,,,
2021,12,174.0,순천,3.7,,2.1,16,4,1,0,0,,2.6,9.1,NW,25,10,2,1,,0,,,,
2021,12,177.0,홍성,16.4,,2.7,18,12,7,0,0,,1.2,6.7,NW,1,8,4,0,6,0,1,9,15,27
2021,12,184.0,제주,31.4,-24.2,21.5,16,11,4,1,0,,4.2,14.0,NNW,17,5,17,5,0,1,1,5,0,2
2021,12,185.0,고산,18.3,-22.4,13.7,16,12,2,1,0,,9.6,29.0,NNW,1,4,15,1,,17,,,,
2021,12,188.0,성산,30.3,-48.5,19.5,16,7,4,1,0,,2.9,11.8,NW,30,3,13,2,,0,,,,
2021,12,189.0,서귀포,14.5,-41.1,11.7,16,5,3,1,0,,1.5,6.3,W,30,6,4,1,0,0,0,3,0,3
2021,12,192.0,진주,1.9,-24.2,1.9,16,1,1,0,0,,1.0,7.0,NW,17,13,1,0,,0,,,,
2021,12,201.0,강화,7.0,-14.3,3.2,18,6,2,0,0,,1.5,7.3,WSW,17,14,4,0,,0,,,,
2021,12,202.0,양평,7.2,-14.2,2.3,15,9,2,0,0,,1.3,7.1,WNW,17,16,4,5,,0,,,,
2021,12,203.0,이천,6.2,-16.7,2.2,15,7,3,0,0,,1.1,5.7,WNW,17,14,4,5,,0,,,,
2021,12,211.0,인제,5.8,-15.0,2.1,15,8,1,0,0,,1.6,6.5,SSW,17,10,5,2,,0,,,,
2021,12,212.0,홍천,3.5,-15.6,1.2,15,7,2,0,0,,0.9,5.8,WNW,17,11,4,2,,0,,,,
2021,12,216.0,태백,1.7,-17.7,1.7,7,1,1,0,0,,1.5,5.5,ENE,7,16,3,0,,0,,,,
2021,12,217.0,정선군,4.3,-16.7,2.2,15,7,1,0,0,,2.1,10.6,NE,12,11,4,1,,0,,,,
2021,12,221.0,제천,6.5,-18.1,3.8,15,5,3,0,0,,1.4,8.3,W,17,16,5,1,,0,,,,
2021,12,226.0,보은,6.4,-21.8,2.1,30,9,3,0,0,,1.1,6.9,NW,17,12,3,1,,0,,,,
2021,12,232.0,천안,5.4,-22.5,2.0,3,5,2,0,0,,1.1,7.0,NNW,17,14,4,2,,0,,,,
2021,12,235.0,보령,14.4,-20.6,3.5,17,9,5,0,0,,1.7,5.8,S,15,6,7,1,,0,,,,
2021,12,236.0,부여,8.7,-22.7,2.6,10,9,4,0,0,,1.1,5.9,WNW,17,8,2,0,,0,,,,
2021,12,238.0,금산,7.1,-22.2,1.8,3,7,3,0,0,,1.2,6.1,WNW,17,9,3,1,,0,,,,
2021,12,239.0,세종,8.0,,1.8,3,11,3,0,0,,1.3,8.1,NNW,17,9,3,0,0,0,1,0,0,0
2021,12,243.0,부안,21.0,-21.4,6.1,1,10,7,0,0,,1.3,6.3,WNW,1,6,11,0,,0,,,,
2021,12,244.0,임실,9.5,-23.8,2.2,1,7,5,0,0,,1.0,6.4,N,25,9,4,1,,0,,,,
2021,12,245.0,정읍,23.1,-22.2,8.7,1,10,4,0,0,,1.7,7.9,N,17,6,6,0,,0,,,,
2021,12,247.0,남원,5.9,-24.1,2.1,30,7,2,0,0,,1.3,6.0,W,30,8,4,1,,0,,,,
2021,12,248.0,장수,5.0,-31.4,1.5,19,7,3,0,0,,1.7,7.4,N,17,9,5,1,,0,,,,
2021,12,251.0,고창군,8.2,,3.3,17,7,3,0,0,,1.6,7.7,WNW,17,5,7,1,,0,,,,
2021,12,252.0,영광군,12.2,-34.0,2.5,3,11,5,0,0,,1.8,8.5,NNE,25,5,14,0,,0,,,,
2021,12,253.0,김해시,3.5,-28.6,3.5,16,1,1,0,0,,2.0,9.1,WNW,30,20,1,0,,0,,,,
2021,12,254.0,순창군,12.8,-23.1,4.3,1,8,3,0,0,,1.6,9.7,NW,25,9,4,1,,0,,,,
2021,12,255.0,북창원,2.9,,2.9,16,1,1,0,0,,1.8,10.2,NW,17,20,1,0,,0,,,,
2021,12,257.0,양산시,3.2,-30.4,3.2,16,1,1,0,0,,2.0,8.4,WNW,17,20,2,0,,0,,,,
2021,12,258.0,보성군,2.1,,2.1,16,1,1,0,0,,3.9,13.3,NNW,30,10,2,1,,0,,,,
2021,12,259.0,강진군,4.3,-32.2,1.9,16,7,2,0,0,,1.9,7.7,W,30,9,3,0,,0,,,,
2021,12,260.0,장흥,3.7,-28.1,1.8,16,5,2,0,0,,1.8,9.9,NNW,1,8,3,0,,0,,,,
2021,12,261.0,해남,6.6,-28.0,2.2,25,7,4,0,0,,1.6,10.5,WNW,17,7,8,0,,0,,,,
2021,12,262.0,고흥,0.9,-25.7,0.9,16,1,0,0,0,,1.8,8.9,NW,25,10,1,0,,0,,,,
2021,12,263.0,의령군,2.0,-26.6,2.0,16,1,1,0,0,,1.9,11.8,WNW,17,15,1,0,,0,,,,
2021,12,264.0,함양군,1.4,-21.0,0.8,16,4,0,0,0,,2.3,7.6,W,17,10,2,0,,0,,,,
2021,12,266.0,광양시,1.6,,1.5,16,2,1,0,0,,1.7,8.2,WNW,17,11,1,0,,0,,,,
2021,12,268.0,진도군,10.3,-32.9,6.2,26,7,3,0,0,,2.7,10.1,NW,1,6,11,1,,0,,,,
2021,12,271.0,봉화,2.8,-17.5,1.7,19,4,1,0,0,,1.6,7.6,NW,30,13,3,0,,0,,,,
2021,12,272.0,영주,2.4,-20.9,1.1,3,5,1,0,0,,3.7,12.3,WNW,17,13,3,0,,0,,,,
2021,12,273.0,문경,2.5,-20.4,1.0,19,6,1,0,0,,2.4,9.0,WNW,29,15,2,7,,0,,,,
2021,12,276.0,청송군,7.3,-10.4,6.6,14,3,1,0,0,,2.4,11.1,NW,17,16,4,0,,0,,,,
2021,12,277.0,영덕,0.0,-24.3,0.0,29,0,0,0,0,,3.3,15.2,WNW,17,15,1,0,,1,,,,
2021,12,278.0,의성,0.1,-16.2,0.1,19,1,0,0,0,,1.3,9.1,WNW,17,16,3,0,,0,,,,
2021,12,279.0,구미,0.1,-18.2,0.1,3,1,0,0,0,,1.0,5.6,NW,1,16,1,0,,0,,,,
2021,12,281.0,영천,0.1,-18.7,0.1,16,1,0,0,0,,2.1,9.4,W,17,18,2,0,,0,,,,
2021,12,283.0,경주시,2.3,-22.1,2.3,16,1,1,0,0,,3.1,14.2,NW,17,18,2,0,,1,,,,
2021,12,284.0,거창,0.0,-22.3,0.0,30,0,0,0,0,,1.7,8.4,NNW,17,12,1,0,,0,,,,
2021,12,285.0,합천,1.2,-18.9,1.2,16,1,1,0,0,,0.9,6.4,NNW,17,16,1,1,,0,,,,
2021,12,288.0,밀양,3.0,-19.6,3.0,16,1,1,0,0,,1.2,7.0,NNW,17,18,1,0,,0,,,,
2021,12,289.0,산청,1.7,-22.2,1.7,16,1,1,0,0,,2.7,11.8,WNW,17,12,2,0,,0,,,,
2021,12,294.0,거제,5.0,-32.0,3.9,16,2,2,0,0,,1.4,7.4,WNW,17,18,1,1,,0,,,,
2021,12,295.0,남해,2.4,-32.8,2.4,16,1,1,0,0,,1.8,7.8,NW,17,13,1,1,,0,,,,
2022,1,90.0,속초,3.6,-39.9,3.1,19,4,1,0,0,,1.9,7.1,NNW,27,,,2,,0,,,,
2022,1,93.0,북춘천,1.9,,1.5,19,4,1,0,0,,0.8,6.4,WSW,13,17,3,1,1,0,0,12,26,31
2022,1,95.0,철원,2.5,-15.7,1.6,19,4,1,0,0,,0.8,5.0,WNW,13,9,2,1,,0,,,,
2022,1,98.0,동두천,6.5,-11.9,2.8,19,6,2,0,0,,1.1,6.9,WNW,13,13,2,2,,0,,,,
2022,1,99.0,파주,7.2,-10.2,2.8,31,5,3,0,0,,1.0,5.5,WNW,11,10,1,1,,0,,,,
2022,1,100.0,대관령,1.3,-51.8,0.7,24,3,0,0,0,,3.0,11.3,W,16,14,3,1,,0,,,,
2022,1,101.0,춘천,2.8,-15.8,2.2,19,3,1,0,0,,1.0,5.7,WNW,17,0,0,1,,0,,,,
2022,1,102.0,백령도,12.2,-1.1,4.0,31,9,3,0,0,,5.2,14.5,NNW,11,11,6,1,0,1,0,7,11,28
2022,1,104.0,북강릉,5.8,,3.5,19,4,2,0,0,,1.4,7.4,WNW,13,19,4,2,0,0,0,5,9,30
2022,1,105.0,강릉,7.4,-40.5,2.8,19,4,3,0,0,,2.5,7.8,SW,8,16,4,1,,0,,,,
2022,1,106.0,동해,10.8,-35.6,7.8,20,4,3,0,0,,2.2,7.1,NE,6,14,3,2,,0,,,,
2022,1,108.0,서울,5.5,-11.3,1.7,19,7,2,0,0,,2.2,7.6,W,13,15,2,2,0,0,0,12,27,30
2022,1,112.0,인천,4.4,-11.5,1.9,31,7,2,0,0,,2.9,9.5,NNW,11,12,1,0,1,0,0,10,19,30
2022,1,114.0,원주,0.8,-17.2,0.6,10,3,0,0,0,,0.8,4.2,SW,16,14,1,1,,0,,,,
2022,1,115.0,울릉도,53.4,-64.0,9.8,11,22,13,0,0,,3.1,16.1,ENE,20,1,10,1,0,2,0,17,0,23
2022,1,119.0,수원,3.9,-14.2,0.8,31,7,0,0,0,,1.7,7.3,WNW,13,18,2,0,0,0,0,10,28,30
2022,1,121.0,영월,1.2,-17.9,0.7,25,3,0,0,0,,0.9,6.9,WNW,13,17,0,2,,0,,,,
2022,1,127.0,충주,2.0,-18.0,0.9,25,6,0,0,0,,0.9,6.4,WSW,13,13,2,1,,0,,,,
2022,1,129.0,서산,8.6,-14.9,3.1,31,8,4,0,0,,1.7,7.6,WNW,13,8,4,1,,0,,,,
2022,1,130.0,울진,14.6,-34.3,5.1,23,4,4,0,0,,2.8,9.3,WNW,17,13,3,1,,0,,,,
2022,1,131.0,청주,1.4,-19.2,0.8,10,4,0,0,0,,1.2,5.7,WNW,13,13,2,1,0,0,0,9,20,29
2022,1,133.0,대전,1.2,-24.3,0.4,13,4,0,0,0,,1.8,7.3,NW,13,10,4,1,0,0,0,9,18,29
2022,1,135.0,추풍령,3.4,-20.7,2.2,25,5,1,0,0,,3.3,9.9,W,11,10,2,1,,0,,,,
2022,1,136.0,안동,0.0,-16.7,0.0,25,0,0,0,0,,1.6,8.3,WNW,13,16,3,1,1,0,0,3,21,31
2022,1,137.0,상주,1.6,-20.1,1.4,25,3,1,0,0,,2.0,8.1,WSW,13,16,4,1,,0,,,,
2022,1,138.0,포항,4.4,-35.4,2.2,24,2,2,0,0,,2.6,7.5,W,17,15,4,1,0,0,0,1,3,28
2022,1,140.0,군산,4.3,-23.9,1.7,31,9,1,0,0,,1.7,9.0,NNW,13,7,2,1,,0,,,,
2022,1,143.0,대구,0.0,-18.6,0.0,25,0,0,0,0,,2.3,9.3,WNW,13,15,3,0,0,0,0,4,12,28
2022,1,146.0,전주,2.1,-24.8,0.4,31,7,0,0,0,,1.4,6.8,WNW,13,7,3,2,0,0,0,9,24,30
2022,1,152.0,울산,0.9,-37.7,0.7,24,2,0,0,0,,2.3,6.5,WNW,12,15,4,1,0,0,0,0,2,27
2022,1,155.0,창원,0.0,-29.6,0.0,25,0,0,0,0,,1.5,7.0,NE,29,15,4,0,0,0,0,1,3,23
2022,1,156.0,광주,0.3,-32.3,0.2,11,2,0,0,0,,1.2,4.9,NE,18,6,6,2,0,0,0,6,15,25
2022,1,159.0,부산,0.0,-34.5,0.0,24,0,0,0,0,,2.8,8.9,NW,12,15,4,0,0,0,0,0,2,20
2022,1,162.0,통영,0.0,-32.2,0.0,25,0,0,0,0,,2.3,9.5,WNW,11,9,4,0,,0,,,,
2022,1,165.0,목포,4.3,-27.5,1.7,13,7,2,0,0,,3.9,13.2,N,11,6,9,2,0,0,0,8,4,24
2022,1,168.0,여수,0.0,-24.5,0.0,25,0,0,0,0,,4.2,14.2,WNW,11,10,5,2,0,1,0,2,1,21
2022,1,169.0,흑산도,4.5,-18.5,3.6,13,3,1,0,0,,6.8,18.2,N,13,0,17,2,0,4,0,5,1,7
2022,1,170.0,완도,3.1,-30.9,2.5,5,3,1,0,0,,2.0,7.2,NNW,16,8,6,1,,0,,,,
2022,1,172.0,고창,7.3,-23.8,4.2,11,5,2,0,0,,2.5,9.0,NW,13,7,12,3,,0,,,,
2022,1,174.0,순천,0.0,,0.0,25,0,0,0,0,,2.7,9.0,NW,11,9,5,0,,0,,,,
2022,1,177.0,홍성,5.2,,3.1,31,6,2,0,0,,1.0,5.4,NW,11,12,4,2,0,0,0,9,24,31
2022,1,184.0,제주,33.6,-33.9,18.8,5,8,6,1,0,,3.5,10.8,NNW,11,1,16,4,0,0,1,5,5,3
2022,1,185.0,고산,31.6,-9.0,17.4,5,8,5,1,0,,8.1,23.5,NNW,11,0,19,3,0,10,1,0,0,0
2022,1,188.0,성산,28.2,-49.3,12.3,5,6,5,1,0,,3.0,8.4,W,1,1,13,3,,0,,,,
2022,1,189.0,서귀포,33.8,-26.9,21.6,5,7,4,1,0,,1.5,5.6,ENE,23,3,12,3,0,0,0,1,0,2
2022,1,192.0,진주,0.0,-28.0,0.0,6,0,0,0,0,,0.7,5.6,NNW,11,10,3,0,,0,,,,
2022,1,201.0,강화,9.2,-6.4,5.3,31,6,3,0,0,,1.5,6.5,WSW,11,13,4,1,,0,,,,
2022,1,202.0,양평,3.6,-13.6,1.1,19,6,2,0,0,,1.1,5.5,WNW,13,13,2,2,,0,,,,
2022,1,203.0,이천,5.7,-13.5,1.7,25,6,2,0,0,,1.1,5.0,WNW,13,13,2,1,,0,,,,
2022,1,211.0,인제,2.6,-14.0,1.5,19,7,1,0,0,,1.2,5.6,NNE,23,17,2,2,,0,,,,
2022,1,212.0,홍천,3.1,-12.7,1.5,19,6,1,0,0,,0.6,5.0,WNW,13,18,1,2,,0,,,,
2022,1,216.0,태백,0.1,-26.5,0.1,19,1,0,0,0,,1.1,4.6,SW,15,12,1,1,,0,,,,
2022,1,217.0,정선군,2.3,-15.2,0.9,19,7,0,0,0,,1.3,8.4,NNE,13,13,2,2,,0,,,,
2022,1,221.0,제천,3.0,-17.3,1.0,25,5,1,0,0,,1.1,6.7,WSW,13,15,3,1,,0,,,,
2022,1,226.0,보은,4.3,-19.1,2.5,25,5,1,0,0,,0.9,5.8,NW,13,11,3,1,,0,,,,
2022,1,232.0,천안,3.3,-15.7,1.0,17,6,1,0,0,,1.0,5.7,W,16,11,4,1,,0,,,,
2022,1,235.0,보령,8.4,-14.2,2.4,19,9,2,0,0,,1.2,5.4,SSW,19,6,4,1,,0,,,,
2022,1,236.0,부여,3.5,-21.4,1.4,25,8,1,0,0,,1.0,6.7,WNW,13,10,2,1,,0,,,,
2022,1,238.0,금산,1.5,-24.0,0.6,25,4,0,0,0,,1.0,5.8,WNW,13,8,4,1,,0,,,,
2022,1,239.0,세종,2.7,,1.1,25,6,1,0,0,,1.1,6.3,NNW,17,9,3,1,,0,,,,
2022,1,243.0,부안,5.2,-26.5,2.1,31,5,3,0,0,,1.0,6.0,W,19,5,8,3,,0,,,,
2022,1,244.0,임실,2.1,-26.4,0.6,17,6,0,0,0,,0.9,5.6,W,16,7,2,1,,0,,,,
2022,1,245.0,정읍,3.7,-32.8,1.3,11,6,1,0,0,,1.4,7.4,N,13,7,4,3,,0,,,,
2022,1,247.0,남원,0.7,-27.8,0.5,11,3,0,0,0,,1.4,6.8,WNW,13,7,4,1,,0,,,,
2022,1,248.0,장수,1.8,-30.1,0.6,19,4,0,0,0,,1.3,7.5,W,11,9,4,1,,0,,,,
2022,1,251.0,고창군,1.9,,1.7,11,2,1,0,0,,1.4,6.6,W,17,6,9,2,,0,,,,
2022,1,252.0,영광군,5.9,-26.8,1.9,11,9,3,0,0,,1.6,6.9,NNE,11,5,12,3,,0,,,,
2022,1,253.0,김해시,0.0,-26.4,0.0,25,0,0,0,0,,1.9,7.9,NW,11,13,2,0,,0,,,,
2022,1,254.0,순창군,0.8,-25.1,0.3,16,4,0,0,0,,1.5,8.8,NW,16,7,6,3,,0,,,,
2022,1,255.0,북창원,0.0,,0.0,5,0,0,0,0,,1.8,9.3,NW,11,13,4,0,,0,,,,
2022,1,257.0,양산시,0.2,-26.8,0.2,5,1,0,0,0,,1.8,7.9,NW,13,14,2,2,,0,,,,
2022,1,258.0,보성군,0.6,,0.6,5,1,0,0,0,,3.8,12.4,N,11,9,5,2,,0,,,,
2022,1,259.0,강진군,2.2,-27.5,1.1,5,3,1,0,0,,2.0,7.5,WNW,13,8,5,2,,0,,,,
2022,1,260.0,장흥,1.7,-26.5,0.9,5,3,0,0,0,,1.9,7.5,NNW,16,8,5,1,,0,,,,
2022,1,261.0,해남,5.0,-25.4,1.9,5,4,3,0,0,,1.7,6.1,WNW,27,7,9,1,,0,,,,
2022,1,262.0,고흥,0.2,-25.7,0.2,5,1,0,0,0,,1.8,8.0,WNW,12,8,6,2,,0,,,,
2022,1,263.0,의령군,,,-999.0,,0,0,0,0,,1.6,8.7,WNW,11,11,3,0,,0,,,,
2022,1,264.0,함양군,,,-999.0,,0,0,0,0,,2.1,7.7,W,13,9,3,2,,0,,,,
2022,1,266.0,광양시,0.3,,0.3,5,1,0,0,0,,1.7,6.9,WNW,11,9,4,2,,0,,,,
2022,1,268.0,진도군,3.7,-28.2,2.4,11,4,2,0,0,,3.0,9.2,NNW,13,5,12,2,,0,,,,
2022,1,271.0,봉화,1.0,-15.5,0.6,25,3,0,0,0,,1.2,6.5,NW,11,14,1,1,,0,,,,
2022,1,272.0,영주,1.1,-17.3,1.1,25,1,1,0,0,,3.4,10.7,NW,16,16,2,1,,0,,,,
2022,1,273.0,문경,3.0,-15.9,1.4,25,4,1,0,0,,2.1,7.8,WNW,11,15,2,1,,0,,,,
2022,1,276.0,청송군,,,-999.0,,0,0,0,0,,1.9,8.2,WNW,13,16,2,1,,0,,,,
2022,1,277.0,영덕,3.3,-34.1,2.0,24,3,1,0,0,,2.9,12.2,WNW,13,15,3,1,,0,,,,
2022,1,278.0,의성,0.5,-15.0,0.3,17,2,0,0,0,,0.9,7.3,W,13,16,2,1,,0,,,,
2022,1,279.0,구미,0.9,-17.5,0.8,25,2,0,0,0,,0.9,4.7,WNW,11,13,3,1,,0,,,,
2022,1,281.0,영천,,,-999.0,,0,0,0,0,,1.8,8.8,WNW,13,13,5,1,,0,,,,
2022,1,283.0,경주시,0.6,-31.6,0.6,24,1,0,0,0,,2.7,8.9,NW,11,15,3,1,,0,,,,
2022,1,284.0,거창,0.0,-23.7,0.0,25,0,0,0,0,,1.3,8.0,W,16,11,4,2,,0,,,,
2022,1,285.0,합천,,,-999.0,,0,0,0,0,,0.7,5.4,NNW,13,11,3,1,,0,,,,
2022,1,288.0,밀양,0.0,-21.2,0.0,25,0,0,0,0,,0.9,6.6,NW,13,13,2,2,,0,,,,
2022,1,289.0,산청,0.0,-24.4,0.0,25,0,0,0,0,,2.1,11.5,W,13,11,3,0,,0,,,,
2022,1,294.0,거제,0.2,-40.2,0.2,5,1,0,0,0,,1.1,6.2,WNW,13,13,5,2,,0,,,,
2022,1,295.0,남해,0.0,-33.6,0.0,25,0,0,0,0,,1.4,7.5,NW,13,8,5,1,,0,,,,
2022,2,90.0,속초,11.1,-34.8,8.1,13,3,3,0,0,,2.3,7.8,W,26,,,0,,0,,,,
2022,2,93.0,북춘천,6.3,,4.6,26,3,2,0,0,,1.5,8.1,SSW,26,16,1,0,0,0,0,4,23,28
2022,2,95.0,철원,8.9,-17.4,7.6,26,3,2,0,0,,1.4,6.3,WNW,22,10,1,1,,0,,,,
2022,2,98.0,동두천,7.1,-18.9,3.4,26,4,3,0,0,,1.8,8.2,SW,26,14,1,0,,0,,,,
2022,2,99.0,파주,2.6,-25.3,1.5,14,4,1,0,0,,1.5,6.5,WNW,6,15,0,1,,0,,,,
2022,2,100.0,대관령,2.2,-47.0,1.2,26,3,1,0,0,,4.4,12.7,WNW,26,14,1,0,,0,,,,
2022,2,101.0,춘천,6.6,-21.0,4.7,26,4,1,0,0,,1.6,6.3,WSW,14,0,0,0,,0,,,,
2022,2,102.0,백령도,4.9,-12.5,2.6,14,6,2,0,0,,5.2,15.3,NNW,20,6,4,0,0,2,0,13,9,25
2022,2,104.0,북강릉,3.2,,1.7,14,2,2,0,0,,2.0,8.2,WSW,26,17,2,0,0,0,0,2,7,24
2022,2,105.0,강릉,1.2,-46.8,0.7,26,2,0,0,0,,3.0,8.9,SW,26,16,1,0,,0,,,,
2022,2,106.0,동해,0.8,-43.2,0.5,27,2,0,0,0,,2.7,8.4,W,26,16,1,0,,0,,,,
2022,2,108.0,서울,4.7,-23.5,1.7,14,5,3,0,0,,2.6,7.4,WSW,27,13,2,0,0,0,0,6,21,26
2022,2,112.0,인천,2.7,-22.4,1.2,1,3,2,0,0,,3.3,9.9,WSW,26,15,0,0,1,0,0,7,16,27
2022,2,114.0,원주,6.8,-21.7,4.6,26,3,2,0,0,,1.3,5.8,W,21,12,2,0,,0,,,,
2022,2,115.0,울릉도,59.0,-32.3,13.9,14,18,12,1,0,,3.0,15.2,ENE,20,2,17,1,0,1,1,18,1,21
2022,2,119.0,수원,4.0,-24.3,1.7,14,3,3,0,0,,2.3,8.1,WNW,21,13,1,0,1,0,0,8,19,27
2022,2,121.0,영월,3.6,-24.6,2.1,26,5,1,0,0,,1.5,7.5,WNW,4,11,1,0,,0,,,,
2022,2,127.0,충주,4.3,-25.1,2.8,26,3,2,0,0,,1.6,7.2,W,21,10,1,0,,0,,,,
2022,2,129.0,서산,4.7,-26.4,1.7,14,5,2,0,0,,2.4,8.9,W,26,7,2,0,,0,,,,
2022,2,130.0,울진,4.3,-32.6,4.2,13,2,1,0,0,,3.0,8.8,NW,22,16,1,0,,0,,,,
2022,2,131.0,청주,2.4,-26.6,1.7,26,6,1,0,0,,1.6,5.7,WNW,6,10,1,0,0,0,0,11,12,26
2022,2,133.0,대전,1.4,-35.8,1.4,26,1,1,0,0,,2.2,8.0,NW,16,9,2,0,0,0,0,10,14,25
2022,2,135.0,추풍령,2.3,-31.9,1.3,26,5,1,0,0,,4.0,10.9,WSW,5,6,1,0,,0,,,,
2022,2,136.0,안동,0.1,-24.8,0.1,26,1,0,0,0,,2.4,8.2,WNW,4,14,0,0,0,0,0,3,12,28
2022,2,137.0,상주,2.1,-31.2,1.8,26,4,1,0,0,,2.4,8.2,W,26,6,0,0,,0,,,,
2022,2,138.0,포항,9.6,-26.9,5.6,14,2,2,0,0,,2.9,7.9,W,27,14,2,0,0,0,0,0,4,23
2022,2,140.0,군산,7.1,-28.8,2.1,4,7,3,0,0,,2.5,10.2,NW,26,7,3,0,,0,,,,
2022,2,143.0,대구,0.1,-25.3,0.1,26,1,0,0,0,,3.1,9.5,WNW,6,14,0,0,0,0,0,2,7,25
2022,2,146.0,전주,2.5,-34.3,0.8,1,6,0,0,0,,2.0,6.9,WSW,15,7,2,0,0,0,0,12,19,28
2022,2,152.0,울산,2.2,-37.7,1.8,14,2,1,0,0,,2.5,6.4,WNW,25,13,2,0,0,0,0,0,0,22
2022,2,155.0,창원,0.0,-46.0,0.0,27,0,0,0,0,,1.7,5.7,NE,8,14,2,0,0,0,0,0,1,22
2022,2,156.0,광주,2.7,-40.9,1.1,16,6,1,0,0,,1.5,6.6,WSW,26,4,5,0,0,0,0,12,13,25
2022,2,159.0,부산,0.0,-49.6,0.0,19,0,0,0,0,,3.3,11.6,SW,26,15,2,0,0,0,0,0,0,19
2022,2,162.0,통영,0.0,-49.5,0.0,19,0,0,0,0,,2.9,10.0,SSW,26,11,3,0,,0,,,,
2022,2,165.0,목포,4.5,-32.3,1.4,5,10,1,0,0,,4.5,12.6,NNW,20,3,5,0,0,0,0,13,6,23
2022,2,168.0,여수,0.0,-44.6,0.0,20,0,0,0,0,,4.9,14.1,NW,5,9,2,0,0,2,0,6,1,21
2022,2,169.0,흑산도,1.6,-31.2,1.0,19,3,1,0,0,,6.7,16.8,N,19,3,11,0,0,5,0,10,2,12
2022,2,170.0,완도,0.4,-52.2,0.1,20,4,0,0,0,,2.4,9.6,WNW,26,4,5,0,,0,,,,
2022,2,172.0,고창,5.1,-28.0,2.4,16,9,1,0,0,,3.1,10.6,W,26,4,7,0,,0,,,,
2022,2,174.0,순천,0.0,,0.0,26,0,0,0,0,,3.1,8.7,WNW,15,3,5,0,,0,,,,
2022,2,177.0,홍성,4.0,,1.7,14,4,2,0,0,,1.7,7.7,WSW,27,7,3,0,0,0,0,10,15,28
2022,2,181.0,서청주(예),2.7,,1.0,26,7,2,0,0,,2.2,9.1,NW,6,6,3,0,,0,,,,
2022,2,184.0,제주,25.1,-32.1,11.3,19,7,4,1,0,,4.1,10.2,NNW,19,4,13,2,0,0,0,8,0,9
2022,2,185.0,고산,4.6,-43.2,1.5,10,6,3,0,0,,9.0,23.3,NNW,20,3,16,1,,15,,,,
2022,2,188.0,성산,34.7,-48.5,14.6,19,8,5,2,0,,3.0,9.1,W,15,3,13,2,,0,,,,
2022,2,189.0,서귀포,18.6,-59.3,5.2,9,6,5,0,0,,1.6,5.7,W,5,2,6,1,0,0,0,3,0,6
2022,2,192.0,진주,0.0,-45.6,0.0,27,0,0,0,0,,1.2,6.8,NNW,5,12,3,0,,0,,,,
2022,2,201.0,강화,3.2,-19.3,1.8,14,3,2,0,0,,2.0,7.9,WSW,26,12,0,0,,0,,,,
2022,2,202.0,양평,6.7,-21.3,4.0,26,3,2,0,0,,1.6,7.3,WNW,26,14,0,0,,0,,,,
2022,2,203.0,이천,5.3,-24.3,3.5,26,3,2,0,0,,1.6,7.3,W,21,13,0,0,,0,,,,
2022,2,211.0,인제,9.5,-13.3,6.8,26,4,2,0,0,,1.8,6.7,S,27,13,1,0,,0,,,,
2022,2,212.0,홍천,5.9,-20.3,4.5,26,3,2,0,0,,1.2,5.1,WSW,22,15,2,0,,0,,,,
2022,2,216.0,태백,2.8,-26.0,2.0,26,3,1,0,0,,1.4,6.1,SW,26,12,1,0,,0,,,,
2022,2,217.0,정선군,7.4,-28.3,3.9,26,4,3,0,0,,2.2,9.7,NE,14,11,2,0,,0,,,,
2022,2,221.0,제천,6.8,-25.4,3.6,26,4,2,0,0,,1.8,6.8,SW,26,11,2,0,,0,,,,
2022,2,226.0,보은,4.3,-28.7,3.0,26,6,1,0,0,,1.5,6.0,NW,26,6,3,0,,0,,,,
2022,2,232.0,천안,3.3,-23.7,1.0,14,5,1,0,0,,1.5,7.3,W,21,7,2,0,,0,,,,
2022,2,235.0,보령,5.3,-24.9,2.3,16,6,2,0,0,,1.4,8.5,SSW,26,5,4,0,,0,,,,
2022,2,236.0,부여,2.5,-35.1,1.6,1,4,1,0,0,,1.4,6.7,W,21,6,2,0,,0,,,,
2022,2,238.0,금산,4.1,-33.8,1.9,26,6,2,0,0,,1.5,6.0,WNW,26,4,2,0,,0,,,,
2022,2,239.0,세종,2.2,,1.5,26,5,1,0,0,,1.5,7.1,NNW,20,7,1,0,,0,,,,
2022,2,243.0,부안,11.0,-25.4,4.1,16,8,3,0,0,,1.5,6.7,W,26,2,9,0,,0,,,,
2022,2,244.0,임실,7.1,-29.8,1.6,16,8,4,0,0,,1.2,5.4,W,26,4,4,0,,0,,,,
2022,2,245.0,정읍,15.3,-23.7,7.7,16,11,4,0,0,,1.8,8.7,WSW,26,1,5,0,,0,,,,
2022,2,247.0,남원,3.9,-35.5,1.1,1,7,1,0,0,,1.6,6.5,WSW,26,5,5,0,,0,,,,
2022,2,248.0,장수,6.6,-38.9,2.8,26,8,2,0,0,,1.9,7.8,WNW,26,2,6,0,,0,,,,
2022,2,251.0,고창군,2.6,,1.6,16,3,1,0,0,,1.8,6.6,SSE,26,5,5,0,,0,,,,
2022,2,252.0,영광군,5.3,-33.1,1.5,5,10,2,0,0,,2.1,7.4,NNE,23,3,8,0,,0,,,,
2022,2,253.0,김해시,0.0,-52.1,0.0,14,0,0,0,0,,2.4,8.6,WNW,16,14,2,0,,0,,,,
2022,2,254.0,순창군,7.7,-39.0,3.8,16,8,2,0,0,,2.1,9.7,W,26,5,5,0,,0,,,,
2022,2,255.0,북창원,0.0,,0.0,13,0,0,0,0,,2.4,8.6,NW,20,14,2,0,,0,,,,
2022,2,257.0,양산시,,,-999.0,,0,0,0,0,,2.4,8.3,WNW,27,15,2,0,,0,,,,
2022,2,258.0,보성군,0.3,,0.1,16,3,0,0,0,,4.3,12.7,NW,27,5,2,0,,0,,,,
2022,2,259.0,강진군,1.9,-42.8,0.6,5,5,0,0,0,,2.3,7.6,W,4,4,4,0,,0,,,,
2022,2,260.0,장흥,0.2,-42.2,0.2,1,1,0,0,0,,2.3,7.8,NNW,4,3,3,0,,0,,,,
2022,2,261.0,해남,3.9,-35.4,1.4,16,8,2,0,0,,2.1,7.5,SW,26,3,6,0,,0,,,,
2022,2,262.0,고흥,0.0,-46.5,0.0,20,0,0,0,0,,2.4,8.6,NW,16,6,3,0,,0,,,,
2022,2,263.0,의령군,0.2,-34.5,0.2,27,1,0,0,0,,2.6,10.1,NW,15,11,2,0,,0,,,,
2022,2,264.0,함양군,1.0,-29.5,1.0,26,1,1,0,0,,2.8,7.4,WSW,5,5,3,0,,0,,,,
2022,2,266.0,광양시,0.0,,0.0,26,0,0,0,0,,2.5,7.7,WNW,27,6,3,0,,0,,,,
2022,2,268.0,진도군,1.8,-44.6,0.8,16,3,0,0,0,,3.3,8.2,NW,20,3,7,1,,0,,,,
2022,2,271.0,봉화,2.5,-23.4,1.5,26,2,2,0,0,,1.7,7.4,NW,20,11,1,0,0,0,1,0,0,0
2022,2,272.0,영주,2.7,-27.5,2.4,26,2,1,0,0,,4.3,11.1,WNW,16,6,1,0,0,0,1,0,0,0
2022,2,273.0,문경,1.9,-27.8,1.6,26,3,1,0,0,,2.8,10.0,WNW,15,8,3,0,,0,,,,
2022,2,276.0,청송군,1.6,-22.5,1.6,13,1,1,0,0,,2.8,8.5,WNW,5,14,1,0,,0,,,,
2022,2,277.0,영덕,4.4,-26.1,3.9,13,3,1,0,0,,3.5,10.7,W,16,14,2,0,,0,,,,
2022,2,278.0,의성,0.3,-22.3,0.3,26,1,0,0,0,,1.6,6.9,WNW,5,13,0,0,0,0,1,0,0,0
2022,2,279.0,구미,0.3,-26.7,0.3,26,1,0,0,0,,1.3,4.7,W,5,9,1,0,,0,,,,
2022,2,281.0,영천,0.0,-26.0,0.0,27,0,0,0,0,,2.4,8.2,W,5,13,0,0,,0,,,,
2022,2,283.0,경주시,0.9,-29.9,0.5,13,3,0,0,0,,3.3,10.2,WNW,3,14,2,0,,0,,,,
2022,2,284.0,거창,0.8,-33.3,0.8,26,1,0,0,0,,2.0,7.4,NW,20,7,2,0,,0,,,,
2022,2,285.0,합천,0.0,-31.3,0.0,26,0,0,0,0,,1.1,5.4,NNW,20,9,2,0,,0,,,,
2022,2,288.0,밀양,0.0,-33.0,0.0,27,0,0,0,0,,1.5,6.5,WNW,1,11,2,0,,0,,,,
2022,2,289.0,산청,0.1,-40.8,0.1,26,1,0,0,0,,3.3,9.8,W,5,5,3,0,,0,,,,
2022,2,294.0,거제,,,-999.0,,0,0,0,0,,1.6,5.6,NNW,4,13,3,0,,0,,,,
2022,2,295.0,남해,0.0,-65.2,0.0,19,0,0,0,0,,2.0,6.9,NW,20,11,3,0,,0,,,,
2022,3,90.0,속초,114.5,62.2,29.2,19,11,9,4,0,,2.1,11.9,N,26,,,5,,0,,,,
2022,3,93.0,북춘천,88.3,,31.7,26,10,6,2,1,,1.4,9.1,SSW,4,9,8,5,0,0,0,2,18,18
2022,3,95.0,철원,90.9,60.1,36.6,26,11,9,3,1,,1.6,6.9,SSW,4,9,9,1,,0,,,,
2022,3,98.0,동두천,91.0,59.0,25.9,13,10,7,5,0,,1.6,11.2,SSW,4,9,8,3,,0,,,,
2022,3,99.0,파주,103.3,71.8,41.2,26,8,7,5,1,,1.5,8.9,SW,4,7,9,3,,0,,,,
2022,3,100.0,대관령,76.6,4.0,16.0,13,11,8,5,0,,3.5,13.8,W,5,10,11,3,,0,,,,
2022,3,101.0,춘천,103.0,69.5,38.6,13,10,6,3,2,,1.6,6.6,WSW,5,0,0,4,,0,,,,
2022,3,102.0,백령도,69.8,51.6,45.0,25,7,6,2,1,,4.7,15.8,NNW,26,7,11,3,10,3,0,1,7,7
2022,3,104.0,북강릉,100.0,,32.0,19,9,9,3,1,,1.6,8.5,WNW,5,9,9,6,0,0,0,1,5,9
2022,3,105.0,강릉,102.9,37.8,36.7,19,9,9,4,1,,2.3,9.3,NW,26,10,8,5,,0,,,,
2022,3,106.0,동해,94.4,36.8,30.5,19,9,9,5,1,,2.1,8.8,NNE,26,9,9,5,,0,,,,
2022,3,108.0,서울,102.6,65.7,42.1,13,9,8,4,1,,2.5,8.8,S,4,8,9,5,1,0,0,1,12,10
2022,3,112.0,인천,84.6,50.8,32.8,13,8,7,3,1,,3.0,11.1,SSW,4,8,8,4,5,0,0,1,5,6
2022,3,114.0,원주,71.6,27.8,27.9,13,8,8,1,0,,1.2,6.5,SSW,4,9,11,4,,0,,,,
2022,3,115.0,울릉도,51.1,-25.3,28.9,13,11,7,2,0,,3.9,18.5,N,26,4,9,5,3,2,0,5,0,4
2022,3,119.0,수원,74.7,34.0,22.1,13,8,6,3,0,,2.0,9.9,SW,4,10,9,4,2,0,0,1,15,15
2022,3,121.0,영월,68.7,23.6,22.7,13,11,7,2,0,,1.3,7.4,W,5,9,9,4,,0,,,,
2022,3,127.0,충주,79.9,38.4,32.4,13,10,10,3,1,,1.3,8.1,W,5,8,10,4,,0,,,,
2022,3,129.0,서산,72.1,30.6,23.1,26,9,7,3,0,,2.2,10.3,W,5,6,11,4,0,0,2,0,0,0
2022,3,130.0,울진,77.2,21.2,19.5,26,9,8,4,0,,2.8,8.7,WNW,26,10,10,4,,0,,,,
2022,3,131.0,청주,59.0,16.1,19.0,13,8,8,2,0,,1.4,6.3,WNW,5,9,11,4,2,0,0,0,7,8
2022,3,133.0,대전,74.0,22.4,24.6,13,9,7,3,0,,1.9,9.3,NW,5,9,11,4,2,0,0,0,11,10
2022,3,135.0,추풍령,71.2,18.3,15.7,13,10,8,4,0,,2.7,12.7,W,5,8,10,5,,0,,,,
2022,3,136.0,안동,80.0,35.5,31.0,13,9,8,2,1,,1.7,8.4,WNW,5,10,11,4,2,0,0,1,9,14
2022,3,137.0,상주,95.7,48.8,37.3,13,10,7,4,1,,1.7,9.4,WNW,5,9,11,6,,0,,,,
2022,3,138.0,포항,57.1,-3.4,16.8,18,7,5,3,0,,2.9,9.3,NE,18,8,10,4,0,0,0,0,0,3
2022,3,140.0,군산,78.6,33.9,21.8,26,8,8,3,0,,2.4,11.6,WNW,5,7,11,4,,0,,,,
2022,3,143.0,대구,34.3,-14.7,11.7,26,7,6,1,0,,2.4,9.6,WNW,5,10,10,4,0,0,0,0,8,7
2022,3,146.0,전주,93.0,39.3,24.1,13,11,9,4,0,,1.9,7.8,W,5,7,12,5,3,0,0,0,13,13
2022,3,152.0,울산,55.5,-12.9,20.5,26,8,5,2,0,,2.2,6.9,SSW,4,9,10,4,1,0,0,0,0,6
2022,3,155.0,창원,135.0,56.5,85.9,26,9,8,3,1,,1.6,6.7,SSE,25,9,10,4,3,0,0,0,2,2
2022,3,156.0,광주,105.2,43.3,37.2,26,8,8,4,1,,1.4,7.9,SW,12,7,10,6,0,0,0,0,6,6
2022,3,159.0,부산,127.4,37.7,80.3,26,10,7,3,1,,3.4,12.0,SW,13,10,9,4,2,0,0,0,0,1
2022,3,162.0,통영,121.0,28.6,58.1,26,9,8,4,1,,2.3,14.9,SSE,26,10,13,4,,1,,,,
2022,3,165.0,목포,78.9,14.0,24.4,25,10,9,2,0,,3.9,13.1,NNW,27,6,12,4,3,0,2,0,2,1
2022,3,168.0,여수,149.3,65.4,80.4,26,8,7,4,1,,3.9,14.2,NW,5,9,10,2,4,1,1,0,0,1
2022,3,169.0,흑산도,83.8,33.0,47.6,25,11,8,2,1,,5.7,21.3,SSE,25,5,15,3,13,4,1,0,0,0
2022,3,170.0,완도,111.9,8.2,28.7,26,10,7,5,0,,2.4,11.7,SE,25,7,11,4,,0,,,,
2022,3,172.0,고창,91.8,44.8,33.2,25,8,7,4,1,,2.9,12.0,ESE,25,6,13,6,,0,,,,
2022,3,174.0,순천,111.3,,39.2,26,8,7,3,2,,2.3,9.7,NW,19,7,12,5,,0,,,,
2022,3,177.0,홍성,79.4,,21.6,13,9,7,4,0,,1.7,8.3,SW,4,9,11,3,4,0,1,0,12,11
2022,3,184.0,제주,96.1,5.5,32.1,18,11,10,3,1,,3.2,12.1,S,25,6,14,5,4,0,0,0,0,0
2022,3,185.0,고산,100.6,24.4,31.3,17,10,8,4,1,,6.8,20.1,NNW,26,6,14,3,0,6,1,0,0,0
2022,3,188.0,성산,161.0,21.6,43.4,18,10,7,5,2,,3.4,13.3,WNW,26,6,12,4,,0,,,,
2022,3,189.0,서귀포,104.8,-25.5,26.2,17,11,8,5,0,,1.7,11.2,S,25,6,13,4,4,0,1,0,0,0
2022,3,192.0,진주,115.9,38.3,66.0,26,9,9,2,1,,1.1,7.0,WSW,27,8,11,3,,0,,,,
2022,3,201.0,강화,95.3,63.9,30.9,26,9,8,4,1,,2.1,9.7,WSW,4,6,9,4,,0,,,,
2022,3,202.0,양평,88.8,50.8,24.4,13,9,6,4,0,,1.4,9.1,SW,4,9,11,4,0,0,1,0,0,0
2022,3,203.0,이천,104.4,61.5,32.4,13,11,8,3,1,,1.4,7.1,WSW,4,9,11,3,,0,,,,
2022,3,211.0,인제,70.4,38.3,24.7,13,10,7,2,0,,1.7,7.8,S,4,8,11,3,,0,,,,
2022,3,212.0,홍천,83.8,47.1,25.1,26,8,6,3,0,,1.1,5.6,WNW,5,7,9,3,,0,,,,
2022,3,216.0,태백,96.4,41.6,30.5,13,9,9,4,1,,1.5,7.6,SW,26,9,10,5,,0,,,,
2022,3,217.0,정선군,80.0,43.0,24.6,13,10,8,3,0,,1.8,13.0,NNE,5,10,10,9,,0,,,,
2022,3,221.0,제천,88.3,38.6,26.1,13,11,9,3,0,,1.4,7.2,W,5,9,9,5,,0,,,,
2022,3,226.0,보은,98.2,50.7,43.2,13,10,8,4,1,,1.1,6.8,NW,5,9,11,6,,0,,,,
2022,3,232.0,천안,57.6,19.3,16.9,13,8,7,2,0,,1.4,8.4,WSW,4,9,10,5,,0,,,,
2022,3,235.0,보령,60.9,18.9,16.1,26,9,7,2,0,,1.5,10.1,SSW,4,8,11,3,,0,,,,
2022,3,236.0,부여,76.1,25.2,22.4,26,8,7,4,0,,1.3,8.7,SSW,4,8,10,4,0,0,1,0,0,0
2022,3,238.0,금산,80.6,28.3,20.2,13,9,9,4,0,,1.2,6.5,WNW,5,9,11,4,,0,,,,
2022,3,239.0,세종,77.1,,23.7,13,8,8,3,0,,1.4,6.2,NW,5,9,13,3,0,0,1,0,0,0
2022,3,243.0,부안,69.7,22.4,20.8,25,9,8,2,0,,1.7,8.3,SSW,4,2,12,3,,0,,,,
2022,3,244.0,임실,86.5,32.7,22.7,25,10,8,4,0,,1.3,7.5,SSW,26,7,12,5,,0,,,,
2022,3,245.0,정읍,72.3,16.3,20.2,25,9,8,2,0,,1.8,9.6,SSE,25,6,13,5,,0,,,,
2022,3,247.0,남원,73.0,16.3,21.9,26,11,8,4,0,,1.7,9.5,ENE,18,6,13,3,,0,,,,
2022,3,248.0,장수,99.7,35.2,28.7,26,9,8,4,0,,1.6,8.0,WNW,5,7,12,4,,0,,,,
2022,3,251.0,고창군,52.1,,20.1,25,7,5,2,0,,1.7,9.5,ESE,25,6,13,3,,0,,,,
2022,3,252.0,영광군,97.7,39.5,41.0,25,10,8,3,1,,1.9,7.5,SW,4,5,12,3,,0,,,,
2022,3,253.0,김해시,114.2,29.6,76.7,26,9,7,2,1,,1.8,8.1,WNW,5,9,10,4,,0,,,,
2022,3,254.0,순창군,115.6,53.5,35.8,26,9,8,4,2,,1.8,10.3,NW,5,7,12,6,,0,,,,
2022,3,255.0,북창원,104.7,,64.5,26,8,7,2,1,,1.7,7.6,W,5,10,10,4,,0,,,,
2022,3,257.0,양산시,102.7,19.6,56.7,26,7,7,3,1,,2.4,8.5,WSW,4,10,11,3,,0,,,,
2022,3,258.0,보성군,173.3,,82.4,26,8,8,4,2,,3.1,14.5,NW,5,8,13,3,0,1,1,0,0,0
2022,3,259.0,강진군,162.9,82.5,46.6,25,9,7,5,3,,2.0,9.6,SE,25,8,13,6,,0,,,,
2022,3,260.0,장흥,151.9,73.2,44.3,25,8,7,5,2,,1.9,9.7,NNW,5,8,12,5,,0,,,,
2022,3,261.0,해남,113.7,35.4,29.6,25,9,8,5,0,,2.2,10.5,ESE,25,5,14,4,,0,,,,
2022,3,262.0,고흥,116.4,29.7,37.6,26,7,7,4,1,,1.7,8.1,NW,26,8,10,3,0,0,1,0,0,0
2022,3,263.0,의령군,81.3,7.8,47.9,26,9,8,1,1,,2.2,9.3,NW,19,8,10,3,,0,,,,
2022,3,264.0,함양군,84.9,24.4,23.8,26,10,8,4,0,,2.0,9.4,W,5,8,11,3,,0,,,,
2022,3,266.0,광양시,142.7,,87.2,26,7,7,4,1,,2.2,9.7,WNW,5,8,10,3,,0,,,,
2022,3,268.0,진도군,119.3,43.4,53.8,25,9,7,5,1,,2.7,9.9,SW,13,5,14,4,,0,,,,
2022,3,271.0,봉화,98.3,51.7,42.9,13,9,7,3,1,,1.3,6.0,WNW,5,9,10,5,,0,,,,
2022,3,272.0,영주,124.3,71.0,39.2,26,10,8,4,2,,2.6,12.9,WNW,5,9,8,7,,0,,,,
2022,3,273.0,문경,133.6,84.9,43.3,13,11,9,4,2,,2.0,9.5,W,5,9,10,5,,0,,,,
2022,3,276.0,청송군,51.2,4.8,17.2,13,8,7,2,0,,2.0,10.0,WNW,5,9,11,5,,0,,,,
2022,3,277.0,영덕,79.6,30.5,25.5,13,8,7,3,0,,2.8,12.1,W,5,8,10,6,,0,,,,
2022,3,278.0,의성,51.5,10.0,12.4,19,9,8,3,0,,1.2,7.9,WNW,5,9,12,4,,0,,,,
2022,3,279.0,구미,42.2,-5.5,9.7,26,8,7,0,0,,0.9,4.9,WNW,5,7,11,5,,0,,,,
2022,3,281.0,영천,39.7,-10.3,9.5,18,7,5,0,0,,1.7,8.1,W,5,9,9,5,,0,,,,
2022,3,283.0,경주시,47.1,-12.6,11.0,18,7,5,3,0,,2.7,10.8,W,5,9,9,6,,0,,,,
2022,3,284.0,거창,65.5,10.1,25.9,26,7,6,2,0,,1.5,7.1,W,26,9,10,4,,0,,,,
2022,3,285.0,합천,64.0,10.0,34.5,26,9,7,1,1,,1.1,6.4,SSW,4,9,10,4,,0,,,,
2022,3,288.0,밀양,58.7,-0.3,30.0,26,9,7,1,1,,1.2,6.1,NNW,5,10,9,4,,0,,,,
2022,3,289.0,산청,88.7,21.9,43.7,26,8,7,2,1,,2.0,10.6,WNW,5,8,12,3,,0,,,,
2022,3,294.0,거제,144.3,32.1,82.6,26,11,8,4,1,,1.6,6.8,E,26,10,13,3,,0,,,,
2022,3,295.0,남해,169.2,56.1,99.8,26,9,7,5,1,,1.6,8.2,WNW,2,9,11,3,,0,,,,
2022,4,90.0,속초,33.5,-39.8,15.6,29,6,4,2,0,,2.3,8.6,W,9,,,2,,0,,,,
2022,4,93.0,북춘천,27.7,,16.7,29,5,3,1,0,,1.7,7.1,E,15,13,6,2,0,0,1,0,6,6
2022,4,95.0,철원,17.9,-51.1,13.8,29,3,2,1,0,,1.7,6.4,NNE,15,12,8,0,,0,,,,
2022,4,98.0,동두천,17.8,-55.4,15.2,29,5,2,1,0,,1.7,7.0,WSW,7,11,6,1,,0,,,,
2022,4,99.0,파주,19.5,-54.7,14.8,29,6,3,1,0,,1.7,6.5,ENE,13,9,7,1,,0,,,,
2022,4,100.0,대관령,43.5,-50.0,15.9,26,5,4,2,0,,3.7,12.1,W,22,12,5,2,,0,,,,
2022,4,101.0,춘천,28.5,-43.0,18.6,29,4,3,1,0,,1.7,5.9,SW,7,0,0,2,0,0,1,0,0,0
2022,4,102.0,백령도,3.7,-43.8,2.3,12,2,2,0,0,,4.0,10.9,N,27,16,7,3,7,0,0,0,0,0
2022,4,104.0,북강릉,65.1,,23.3,13,5,4,3,0,,1.7,7.9,W,9,12,5,2,0,0,0,0,2,1
2022,4,105.0,강릉,68.8,-13.1,23.5,26,5,4,3,0,,2.5,9.1,WSW,9,12,5,3,,0,,,,
2022,4,106.0,동해,42.7,-29.6,14.9,26,5,4,3,0,,2.3,9.7,WNW,9,10,6,2,,0,,,,
2022,4,108.0,서울,20.4,-52.5,15.5,29,7,4,1,0,,2.7,8.4,NE,13,13,7,3,0,0,1,0,5,0
2022,4,112.0,인천,21.1,-42.4,17.0,29,6,3,1,0,,3.0,10.7,E,13,14,8,2,5,0,0,0,1,0
2022,4,114.0,원주,51.7,-21.3,18.8,13,5,5,3,0,,1.2,4.8,NNE,15,11,5,2,,0,,,,
2022,4,115.0,울릉도,39.5,-58.3,17.8,26,5,4,2,0,,4.5,15.8,NNE,27,11,5,4,4,1,0,0,0,0
2022,4,119.0,수원,42.4,-29.2,14.2,29,6,6,2,0,,2.1,7.3,SW,9,12,7,1,0,0,1,0,4,2
2022,4,121.0,영월,30.8,-42.7,8.2,13,4,4,0,0,,1.3,6.1,WSW,7,10,7,2,,0,,,,
2022,4,127.0,충주,45.8,-28.0,18.7,13,5,5,2,0,,1.3,6.2,E,13,10,7,2,,0,,,,
2022,4,129.0,서산,52.2,-22.5,18.1,29,6,5,3,0,,2.3,8.5,SSE,9,9,6,1,,0,,,,
2022,4,130.0,울진,38.8,-37.6,20.3,26,5,4,2,0,,2.9,9.9,NW,12,10,6,2,,0,,,,
2022,4,131.0,청주,45.2,-30.3,22.1,13,5,5,1,0,,1.6,6.2,NNE,14,9,7,1,0,0,0,0,2,0
2022,4,133.0,대전,69.7,-11.9,29.0,13,6,5,2,0,,1.9,6.1,NW,15,12,7,1,0,0,0,0,2,0
2022,4,135.0,추풍령,57.0,-23.3,24.9,26,6,6,2,0,,2.6,8.9,WSW,7,10,7,3,,0,,,,
2022,4,136.0,안동,38.3,-35.7,15.2,26,5,4,1,0,,1.8,7.8,WNW,7,14,7,2,1,0,0,0,1,1
2022,4,137.0,상주,55.0,-31.6,24.1,26,5,5,3,0,,1.4,5.8,WNW,7,10,8,2,,0,,,,
2022,4,138.0,포항,36.6,-44.6,20.5,26,4,2,2,0,,3.0,7.3,NE,15,13,6,3,0,0,0,0,0,0
2022,4,140.0,군산,83.3,1.7,39.7,13,6,5,4,1,,2.2,9.4,WNW,15,7,8,1,0,0,2,0,0,0
2022,4,143.0,대구,38.5,-32.1,20.3,26,6,4,2,0,,2.2,8.5,ESE,13,12,6,3,0,0,0,0,4,0
2022,4,146.0,전주,85.0,6.6,30.3,13,6,5,4,1,,1.7,6.5,WSW,22,9,7,2,0,0,2,0,4,2
2022,4,152.0,울산,81.0,-15.9,53.0,26,6,3,2,1,,2.1,5.8,SSW,11,12,6,2,0,0,0,0,1,0
2022,4,155.0,창원,102.1,-31.7,69.3,26,4,4,2,1,,1.6,6.4,S,22,10,5,2,1,0,1,0,0,0
2022,4,156.0,광주,49.4,-37.2,24.4,25,6,5,2,0,,1.4,6.5,SW,22,10,8,2,0,0,1,0,0,0
2022,4,159.0,부산,130.6,-10.3,101.8,26,6,4,2,1,,3.3,11.9,SSW,22,11,6,2,2,0,1,0,0,0
2022,4,162.0,통영,191.7,52.9,143.7,26,6,5,3,1,,2.0,8.8,W,9,10,8,1,0,0,2,0,0,0
2022,4,165.0,목포,74.7,-5.6,45.4,25,5,4,3,1,,3.4,10.5,NW,16,10,7,2,6,0,0,0,0,0
2022,4,168.0,여수,102.2,-23.0,43.9,26,4,4,3,2,,3.3,10.8,NNE,29,8,8,2,2,0,2,0,0,0
2022,4,169.0,흑산도,93.3,4.5,78.7,25,6,4,1,1,,4.9,15.4,S,22,6,12,2,12,3,2,0,1,0
2022,4,170.0,완도,101.7,-40.0,64.6,25,5,5,3,1,,2.0,9.8,SE,13,8,9,2,0,0,1,0,0,0
2022,4,172.0,고창,38.3,-45.5,17.5,25,7,4,2,0,,2.7,9.0,ESE,26,9,7,1,,0,,,,
2022,4,174.0,순천,69.1,,38.3,25,4,4,2,1,,1.9,7.1,WNW,7,9,7,1,0,0,1,0,0,0
2022,4,177.0,홍성,68.0,,27.3,13,6,5,4,0,,1.9,8.6,SW,22,9,6,1,1,0,0,0,4,4
2022,4,184.0,제주,84.0,-5.7,26.0,29,6,6,3,0,,2.8,10.8,NE,14,7,7,3,4,0,1,0,0,0
2022,4,185.0,고산,77.7,-17.0,35.9,26,8,7,2,1,,5.2,16.1,NNW,15,6,10,1,0,2,1,0,0,0
2022,4,188.0,성산,111.3,-50.0,34.8,26,7,7,4,2,,2.9,9.8,S,25,7,9,3,,0,,,,
2022,4,189.0,서귀포,125.4,-61.6,62.1,26,8,7,3,1,,1.7,7.1,S,25,8,9,2,3,0,1,0,0,0
2022,4,192.0,진주,69.5,-56.9,29.8,26,6,4,3,0,,1.1,4.9,SE,10,8,8,2,,0,,,,
2022,4,201.0,강화,17.1,-47.8,12.0,29,6,3,1,0,,2.4,7.7,WSW,21,12,6,1,,0,,,,
2022,4,202.0,양평,51.6,-20.9,21.1,13,7,4,3,0,,1.4,5.6,N,15,12,6,2,,0,,,,
2022,4,203.0,이천,45.3,-33.2,19.4,29,6,5,2,0,,1.5,5.6,WNW,7,10,6,2,,0,,,,
2022,4,211.0,인제,29.2,-40.6,14.9,29,5,3,2,0,,1.9,6.9,SSW,22,13,6,2,,0,,,,
2022,4,212.0,홍천,45.7,-29.1,19.4,13,5,4,2,0,,1.3,5.1,WNW,7,12,5,1,,0,,,,
2022,4,216.0,태백,34.2,-51.6,14.3,26,3,3,2,0,,1.6,6.2,ENE,15,13,7,3,,0,,,,
2022,4,217.0,정선군,38.5,-42.9,12.7,26,4,4,2,0,,1.9,10.1,NE,7,13,7,2,,0,,,,
2022,4,221.0,제천,40.5,-44.6,12.7,13,5,4,2,0,,1.6,6.5,ENE,28,9,7,2,,0,,,,
2022,4,226.0,보은,61.1,-21.1,28.2,26,6,5,2,0,,1.1,4.9,SE,28,10,7,2,,0,,,,
2022,4,232.0,천안,51.6,-15.9,16.4,13,5,5,2,0,,1.4,6.9,ENE,13,11,6,2,,0,,,,
2022,4,235.0,보령,34.8,-37.9,8.3,29,8,6,0,0,,1.7,8.2,SSW,9,7,7,1,,0,,,,
2022,4,236.0,부여,62.6,-22.7,29.0,13,6,6,3,0,,1.2,7.6,SSW,9,10,8,1,,0,,,,
2022,4,238.0,금산,63.3,-21.4,22.2,13,6,6,2,0,,1.1,5.5,SW,22,7,8,1,,0,,,,
2022,4,239.0,세종,53.7,,19.0,13,6,5,3,0,,1.4,5.5,NNW,15,12,7,1,,0,,,,
2022,4,243.0,부안,58.3,-21.7,18.3,25,5,5,4,0,,1.7,6.7,SSW,22,4,6,1,0,0,1,0,0,0
2022,4,244.0,임실,61.7,-21.9,23.5,13,7,5,3,0,,1.2,5.1,WNW,15,9,7,1,0,0,1,0,0,0
2022,4,245.0,정읍,89.9,7.4,37.8,13,6,4,4,1,,1.7,7.7,WSW,22,8,7,2,0,0,1,0,0,0
2022,4,247.0,남원,42.6,-39.2,13.1,25,9,6,3,0,,1.8,7.0,ENE,14,8,7,1,,0,,,,
2022,4,248.0,장수,62.5,-34.1,20.8,26,6,6,3,0,,1.5,6.4,W,15,10,7,1,0,0,1,0,0,0
2022,4,251.0,고창군,27.4,,14.3,25,5,4,1,0,,1.6,5.7,S,22,10,7,1,,0,,,,
2022,4,252.0,영광군,50.3,-39.8,25.0,25,6,4,2,0,,1.7,6.7,SSW,22,7,6,1,,0,,,,
2022,4,253.0,김해시,115.2,-13.2,88.5,26,5,4,2,1,,1.7,7.0,SSE,17,9,8,3,0,0,1,0,0,0
2022,4,254.0,순창군,48.8,-56.0,14.3,25,6,4,3,0,,1.7,8.5,W,9,10,7,1,,0,,,,
2022,4,255.0,북창원,106.7,,76.1,26,4,4,2,1,,1.5,5.5,NW,14,9,8,2,0,0,1,0,0,0
2022,4,257.0,양산시,92.7,-34.1,63.8,26,5,4,2,1,,2.4,8.0,ENE,14,9,7,3,0,0,1,0,0,0
2022,4,258.0,보성군,102.6,,60.6,25,4,4,3,1,,2.9,7.9,E,25,9,8,1,0,0,1,0,0,0
2022,4,259.0,강진군,99.0,-25.9,66.3,25,6,4,3,1,,1.6,6.1,WSW,26,10,8,1,0,0,1,0,0,0
2022,4,260.0,장흥,91.9,-16.6,54.2,25,4,4,3,1,,1.5,6.4,N,15,10,9,1,0,0,1,0,0,0
2022,4,261.0,해남,24.5,-70.0,18.1,29,7,2,1,0,,2.0,7.8,ESE,13,8,8,2,0,0,1,0,0,0
2022,4,262.0,고흥,81.6,-46.6,40.1,25,5,4,3,1,,1.3,6.5,WNW,7,10,9,1,0,0,2,0,0,0
2022,4,263.0,의령군,54.0,-64.4,28.0,26,4,4,2,0,,1.9,7.4,WNW,7,9,7,2,,0,,,,
2022,4,264.0,함양군,44.0,-60.7,14.3,26,7,6,2,0,,1.7,7.0,SW,22,7,8,2,,0,,,,
2022,4,266.0,광양시,70.2,,30.2,25,4,4,3,1,,1.9,6.7,ENE,14,9,8,1,,0,,,,
2022,4,268.0,진도군,114.6,-11.9,80.2,25,5,4,3,1,,2.2,7.8,SE,14,7,8,2,0,0,1,0,0,0
2022,4,271.0,봉화,32.0,-48.7,19.0,26,4,4,1,0,,1.6,5.8,NW,18,12,7,2,,0,,,,
2022,4,272.0,영주,51.3,-43.5,24.6,26,5,5,2,0,,2.5,10.5,NW,7,12,8,2,,0,,,,
2022,4,273.0,문경,68.3,-21.2,30.1,26,5,5,2,1,,1.9,6.4,WNW,7,10,8,2,,0,,,,
2022,4,276.0,청송군,30.7,-51.0,14.1,26,6,4,1,0,,2.0,7.5,WNW,7,11,7,3,,0,,,,
2022,4,277.0,영덕,35.6,-43.9,16.3,26,4,4,2,0,,3.0,10.8,NE,13,10,7,4,,0,,,,
2022,4,278.0,의성,34.0,-39.6,13.9,26,6,4,1,0,,1.2,5.5,WSW,7,11,7,3,,0,,,,
2022,4,279.0,구미,42.3,-36.7,14.8,26,6,6,3,0,,0.9,3.5,NNW,8,11,7,3,,0,,,,
2022,4,281.0,영천,41.4,-35.0,26.3,26,6,3,2,0,,1.7,6.6,E,13,12,6,3,,0,,,,
2022,4,283.0,경주시,43.3,-52.8,24.8,26,4,2,2,0,,2.7,8.4,S,11,11,6,3,,0,,,,
2022,4,284.0,거창,44.0,-40.8,17.7,26,7,4,2,0,,1.5,6.2,NNW,7,8,8,2,,0,,,,
2022,4,285.0,합천,41.9,-40.0,21.4,26,6,5,2,0,,1.1,5.1,S,9,7,6,2,,0,,,,
2022,4,288.0,밀양,59.6,-30.9,37.5,26,5,4,2,1,,1.3,5.2,SE,11,10,7,2,,0,,,,
2022,4,289.0,산청,55.9,-50.6,27.1,26,8,4,2,0,,1.5,6.3,W,30,9,7,1,,0,,,,
2022,4,294.0,거제,164.4,-12.8,129.3,26,7,6,3,1,,1.7,8.5,SE,22,10,7,3,0,0,2,0,0,0
2022,4,295.0,남해,142.1,-37.6,72.8,26,7,5,3,2,,1.5,5.9,SSW,22,10,8,1,0,0,2,0,0,0
2022,5,90.0,속초,9.1,-79.4,7.7,7,2,2,0,0,,2.2,8.4,W,7,,,2,,0,,,,
2022,5,93.0,북춘천,8.1,,4.6,25,4,2,0,0,,1.7,8.6,SW,1,7,4,2,0,0,2,0,0,0
2022,5,95.0,철원,14.5,-87.9,10.7,25,5,2,1,0,,1.6,6.3,SW,1,6,3,0,,0,,,,
2022,5,98.0,동두천,16.4,-78.8,13.3,25,5,2,1,0,,1.6,8.7,WSW,1,7,2,1,,0,,,,
2022,5,99.0,파주,12.7,-89.3,8.5,25,4,3,0,0,,1.5,7.4,WSW,1,8,2,1,0,0,1,0,0,0
2022,5,100.0,대관령,9.3,-98.9,3.9,26,4,4,0,0,,3.7,11.0,W,3,9,5,1,,0,,,,
2022,5,101.0,춘천,10.9,-88.5,7.1,25,4,2,0,0,,1.7,6.3,WSW,1,0,0,2,0,0,2,0,0,0
2022,5,102.0,백령도,5.1,-69.2,2.3,30,3,2,0,0,,4.0,10.7,WSW,1,7,7,3,11,0,1,0,0,0
2022,5,104.0,북강릉,6.5,,5.6,7,3,1,0,0,,1.5,6.9,WNW,1,13,4,1,0,0,0,0,0,0
2022,5,105.0,강릉,5.8,-73.4,4.6,7,3,1,0,0,,2.6,8.0,SW,4,7,4,0,,0,,,,
2022,5,106.0,동해,4.4,-58.9,2.3,7,3,2,0,0,,2.0,7.3,NE,30,12,5,2,,0,,,,
2022,5,108.0,서울,7.5,-96.1,3.5,25,4,3,0,0,,2.6,7.6,SSW,26,11,3,1,0,0,1,0,0,0
2022,5,112.0,인천,5.4,-90.9,2.4,18,4,2,0,0,,2.9,8.0,WSW,15,12,4,2,2,0,1,0,0,0
2022,5,114.0,원주,11.0,-75.1,6.2,26,4,2,0,0,,1.3,4.9,W,27,8,4,1,,0,,,,
2022,5,115.0,울릉도,5.0,-103.5,2.4,1,3,2,0,0,,3.7,13.3,W,3,11,4,2,0,0,1,0,0,0
2022,5,119.0,수원,13.4,-81.6,10.0,25,5,2,1,0,,2.3,7.3,WSW,1,11,3,1,0,0,1,0,0,0
2022,5,121.0,영월,10.5,-67.9,6.6,13,5,3,0,0,,1.2,5.9,WSW,1,10,4,1,0,0,1,0,0,0
2022,5,127.0,충주,8.6,-78.8,4.7,26,5,2,0,0,,1.5,6.3,W,1,12,4,0,0,0,2,0,0,0
2022,5,129.0,서산,2.9,-98.2,2.0,25,4,1,0,0,,2.6,7.3,S,18,11,2,1,,0,,,,
2022,5,130.0,울진,2.6,-67.9,2.0,13,2,1,0,0,,2.4,7.3,WNW,7,9,5,1,0,0,1,0,0,0
2022,5,131.0,청주,9.1,-73.7,6.5,26,3,2,0,0,,1.7,5.5,WSW,18,15,3,0,0,0,0,0,0,0
2022,5,133.0,대전,8.1,-83.7,4.5,26,3,2,0,0,,2.1,6.8,SE,10,15,4,0,0,0,0,0,0,0
2022,5,135.0,추풍령,4.7,-75.4,2.4,9,5,1,0,0,,2.7,9.1,WSW,14,12,3,0,,0,,,,
2022,5,136.0,안동,7.3,-77.8,4.8,13,3,2,0,0,,1.9,6.5,WNW,27,10,4,1,0,0,0,0,0,0
2022,5,137.0,상주,2.8,-84.8,1.0,26,5,1,0,0,,1.5,5.4,WNW,27,13,5,0,,0,,,,
2022,5,138.0,포항,0.1,-84.5,0.1,2,1,0,0,0,,2.8,7.4,SE,29,10,5,0,0,0,1,0,0,0
2022,5,140.0,군산,4.9,-80.9,2.3,26,3,2,0,0,,2.6,9.9,W,15,13,4,0,,0,,,,
2022,5,143.0,대구,4.2,-73.7,2.6,13,3,2,0,0,,2.5,9.1,W,27,13,4,1,0,0,1,0,0,0
2022,5,146.0,전주,6.8,-76.0,3.5,30,2,2,0,0,,1.7,6.1,WSW,18,16,6,0,0,0,0,0,0,0
2022,5,152.0,울산,6.1,-101.3,6.1,2,1,1,0,0,,1.8,5.0,WNW,27,12,5,0,0,0,0,0,0,0
2022,5,155.0,창원,2.4,-144.0,2.4,13,1,1,0,0,,1.5,7.0,NE,2,12,6,0,0,0,1,0,0,0
2022,5,156.0,광주,0.4,-91.0,0.4,26,1,0,0,0,,1.3,6.9,SW,29,14,8,1,0,0,1,0,0,0
2022,5,159.0,부산,5.4,-150.5,3.3,2,3,2,0,0,,3.2,9.0,SSW,27,12,5,1,1,0,1,0,0,0
2022,5,162.0,통영,0.1,-159.5,0.1,10,1,0,0,0,,1.8,8.1,N,2,12,7,0,,0,,,,
2022,5,165.0,목포,2.6,-88.7,1.0,29,3,1,0,0,,3.3,10.9,NNW,15,14,8,0,0,0,0,0,0,0
2022,5,168.0,여수,0.6,-142.9,0.3,30,3,0,0,0,,3.4,10.5,NW,14,12,6,1,0,0,0,0,0,0
2022,5,169.0,흑산도,8.4,-88.3,4.8,29,3,2,0,0,,3.9,10.3,SW,18,11,7,0,5,0,0,0,0,0
2022,5,170.0,완도,13.3,-133.7,5.4,29,4,4,0,0,,2.1,8.1,SE,8,14,9,1,,0,,,,
2022,5,172.0,고창,1.5,-68.1,1.0,26,3,1,0,0,,2.4,8.2,W,12,14,6,2,,0,,,,
2022,5,174.0,순천,0.2,,0.2,30,1,0,0,0,,2.0,7.0,WNW,14,12,6,2,,0,,,,
2022,5,177.0,홍성,4.4,,1.6,8,4,2,0,0,,2.1,6.9,SW,18,14,3,0,0,0,0,0,0,0
2022,5,184.0,제주,9.1,-86.5,8.9,13,2,1,0,0,,2.9,8.3,NNE,13,10,11,2,2,0,0,0,0,0
2022,5,185.0,고산,7.1,-110.6,6.5,13,3,1,0,0,,4.8,12.8,NNW,13,8,9,1,,0,,,,
2022,5,188.0,성산,20.2,-157.8,9.1,11,4,3,0,0,,2.6,8.5,WNW,27,11,13,4,,0,,,,
2022,5,189.0,서귀포,31.8,-191.8,21.8,29,5,3,1,0,,1.5,5.6,SW,2,7,12,2,1,0,0,0,0,0
2022,5,192.0,진주,0.9,-136.4,0.9,13,1,0,0,0,,1.1,6.0,WSW,27,12,6,0,,0,,,,
2022,5,201.0,강화,10.6,-100.3,8.7,25,5,1,0,0,,2.4,7.5,WSW,26,9,3,1,0,0,1,0,0,0
2022,5,202.0,양평,7.9,-86.5,3.6,25,5,2,0,0,,1.5,7.0,WSW,1,8,2,2,0,0,1,0,0,0
2022,5,203.0,이천,7.6,-85.6,3.0,25,5,3,0,0,,1.5,5.4,WSW,19,10,3,1,0,0,1,0,0,0
2022,5,211.0,인제,9.0,-83.6,3.4,26,6,3,0,0,,1.6,6.5,S,1,5,3,1,,0,,,,
2022,5,212.0,홍천,10.9,-90.4,3.9,8,5,3,0,0,,1.3,5.7,S,18,7,3,2,0,0,1,0,0,0
2022,5,216.0,태백,10.2,-80.0,4.0,13,6,2,0,0,,1.5,5.7,SW,18,10,6,0,0,0,1,0,0,0
2022,5,217.0,정선군,10.2,-56.6,3.8,26,7,3,0,0,,1.7,10.0,NE,4,10,5,1,0,0,1,0,0,0
2022,5,221.0,제천,7.5,-89.4,5.0,26,5,2,0,0,,1.5,6.0,WSW,1,11,4,0,0,0,1,0,0,0
2022,5,226.0,보은,5.6,-87.2,4.2,26,4,2,0,0,,1.1,6.1,NW,2,14,4,0,,0,,,,
2022,5,232.0,천안,9.8,-68.9,5.6,26,5,3,0,0,,1.3,6.1,W,14,11,3,0,,0,,,,
2022,5,235.0,보령,5.7,-81.8,3.9,25,6,2,0,0,,1.8,7.5,SSW,18,13,2,0,,0,,,,
2022,5,236.0,부여,4.0,-93.5,2.3,26,4,2,0,0,,1.4,6.1,SSW,22,14,4,0,,0,,,,
2022,5,238.0,금산,4.7,-76.9,2.3,26,3,2,0,0,,1.3,5.0,SW,18,14,4,1,,0,,,,
2022,5,239.0,세종,9.4,,5.0,26,3,2,0,0,,1.5,6.0,NNW,2,14,4,0,,0,,,,
2022,5,243.0,부안,7.2,-77.7,4.3,26,3,2,0,0,,1.6,5.9,SSW,18,15,5,0,,0,,,,
2022,5,244.0,임실,4.1,-81.8,2.3,30,3,2,0,0,,1.2,5.4,WNW,2,11,6,2,,0,,,,
2022,5,245.0,정읍,7.0,-80.2,4.5,30,3,2,0,0,,1.7,8.4,WSW,18,15,5,0,,0,,,,
2022,5,247.0,남원,1.6,-88.9,1.5,13,2,1,0,0,,1.6,7.2,SW,29,12,7,1,,0,,,,
2022,5,248.0,장수,3.8,-96.7,3.2,30,3,1,0,0,,1.5,7.7,W,14,12,4,1,,0,,,,
2022,5,251.0,고창군,0.2,,0.2,26,1,0,0,0,,1.6,5.7,S,18,14,6,0,,0,,,,
2022,5,252.0,영광군,4.4,-89.4,2.3,30,3,2,0,0,,1.7,5.6,NNW,15,13,6,1,,0,,,,
2022,5,253.0,김해시,5.6,-105.0,5.2,2,3,1,0,0,,1.7,9.0,WNW,27,12,7,0,0,0,1,0,0,0
2022,5,254.0,순창군,0.2,-87.1,0.1,30,2,0,0,0,,1.8,9.0,W,18,12,9,0,,0,,,,
2022,5,255.0,북창원,5.6,,5.0,2,2,1,0,0,,1.4,7.1,NW,2,11,7,0,0,0,1,0,0,0
2022,5,257.0,양산시,9.8,-100.4,9.5,2,2,1,0,0,,2.3,7.0,W,27,10,7,1,0,0,1,0,0,0
2022,5,258.0,보성군,2.5,,1.2,30,4,1,0,0,,3.1,9.5,NNW,27,13,7,1,,0,,,,
2022,5,259.0,강진군,1.4,-121.5,0.8,29,3,0,0,0,,1.7,6.3,WNW,15,14,6,1,,0,,,,
2022,5,260.0,장흥,0.8,-120.8,0.5,10,2,0,0,0,,1.4,5.9,NNW,14,14,6,2,,0,,,,
2022,5,261.0,해남,1.3,-101.1,0.5,29,5,0,0,0,,1.7,6.6,ESE,8,13,8,1,,0,,,,
2022,5,262.0,고흥,1.6,-131.7,1.3,13,3,1,0,0,,1.5,6.1,WNW,21,13,8,1,,0,,,,
2022,5,263.0,의령군,0.5,-87.5,0.5,13,1,0,0,0,,1.9,10.0,WNW,27,11,6,0,,0,,,,
2022,5,264.0,함양군,1.7,-62.7,1.7,13,1,1,0,0,,1.9,7.2,W,22,14,5,1,,0,,,,
2022,5,266.0,광양시,1.2,,1.2,13,1,1,0,0,,1.7,5.5,WNW,7,13,5,1,0,0,1,0,0,0
2022,5,268.0,진도군,0.3,-145.3,0.2,30,2,0,0,0,,2.1,7.5,NW,7,12,8,1,,0,,,,
2022,5,271.0,봉화,5.7,-95.8,3.0,13,4,3,0,0,,1.5,6.7,NNW,2,10,5,0,,0,,,,
2022,5,272.0,영주,3.8,-114.7,1.6,13,4,2,0,0,,2.7,10.4,NW,14,12,4,0,,0,,,,
2022,5,273.0,문경,5.0,-103.1,2.3,26,4,3,0,0,,1.8,7.1,NW,17,14,4,1,0,0,1,0,0,0
2022,5,276.0,청송군,6.4,-50.3,3.8,24,5,3,0,0,,2.0,7.2,WNW,27,7,4,1,0,0,1,0,0,0
2022,5,277.0,영덕,5.4,-69.1,4.6,21,4,1,0,0,,2.6,9.9,NE,22,8,6,0,0,0,1,0,0,0
2022,5,278.0,의성,5.4,-73.2,4.8,13,3,1,0,0,,1.4,7.3,WNW,27,12,4,1,,0,,,,
2022,5,279.0,구미,8.2,-70.5,3.9,13,3,2,0,0,,1.2,4.2,WNW,27,13,4,0,,0,,,,
2022,5,281.0,영천,2.1,-83.7,1.6,13,2,1,0,0,,1.8,7.8,W,27,10,3,1,,0,,,,
2022,5,283.0,경주시,2.9,-52.4,2.3,2,2,1,0,0,,2.6,8.1,WNW,27,12,4,1,,0,,,,
2022,5,284.0,거창,0.0,-88.7,0.0,30,0,0,0,0,,1.6,7.0,NNW,14,12,5,1,,0,,,,
2022,5,285.0,합천,2.2,-91.9,1.5,13,2,1,0,0,,1.1,4.5,E,2,12,5,1,,0,,,,
2022,5,288.0,밀양,3.3,-103.4,3.3,2,1,1,0,0,,1.3,5.8,NW,27,11,5,0,0,0,1,0,0,0
2022,5,289.0,산청,13.4,-92.1,9.2,25,3,3,0,0,,1.8,8.1,W,14,14,5,1,,0,,,,
2022,5,294.0,거제,0.3,-202.7,0.3,13,1,0,0,0,,1.7,6.4,SSW,28,11,7,0,0,0,1,0,0,0
2022,5,295.0,남해,6.7,-189.6,6.0,21,4,1,0,0,,1.4,6.8,W,21,12,8,1,0,0,1,0,0,0
2022,6,90.0,속초,248.7,129.2,75.4,6,14,10,7,3,,1.9,7.9,ESE,6,,,6,,0,,,,
2022,6,93.0,북춘천,386.5,,129.9,30,14,14,8,3,,1.3,6.8,ESE,14,1,15,6,0,0,5,0,0,0
2022,6,95.0,철원,437.2,318.2,144.1,30,14,11,7,3,,1.8,7.1,NNW,29,0,10,2,0,0,6,0,0,0
2022,6,98.0,동두천,522.8,392.3,219.9,30,13,12,7,5,,1.4,9.1,SSW,28,1,10,7,0,0,7,0,0,0
2022,6,99.0,파주,509.9,402.5,199.1,30,15,11,6,4,,1.6,7.9,SSW,28,1,9,9,0,0,5,0,0,0
2022,6,100.0,대관령,245.2,82.7,54.7,24,16,13,7,4,,3.2,13.2,W,28,3,12,1,0,0,3,0,0,0
2022,6,101.0,춘천,402.5,279.6,138.9,30,14,12,8,3,,1.7,6.5,ENE,14,0,9,5,0,0,6,0,0,0
2022,6,102.0,백령도,219.8,147.8,68.8,28,19,13,5,3,,3.7,11.4,S,27,1,21,11,20,0,2,0,0,0
2022,6,104.0,북강릉,168.4,,74.9,6,14,9,5,1,,1.2,5.2,WSW,24,5,15,3,4,0,3,0,0,0
2022,6,105.0,강릉,186.0,67.5,64.5,6,12,11,5,1,,1.9,7.7,SW,25,4,14,4,0,0,3,0,0,0
2022,6,106.0,동해,118.0,12.1,66.1,6,11,8,2,1,,1.8,7.3,W,25,3,11,2,0,0,2,0,0,0
2022,6,108.0,서울,393.8,264.3,176.2,30,12,11,6,3,,2.5,9.9,SSW,28,1,14,9,0,0,7,0,0,0
2022,6,112.0,인천,286.0,180.0,126.1,30,13,10,4,2,,3.0,10.8,SSW,29,1,15,6,8,0,5,0,0,0
2022,6,114.0,원주,226.7,90.0,68.8,30,10,9,5,4,,1.3,5.1,SSW,23,3,11,1,0,0,6,0,0,0
2022,6,115.0,울릉도,164.3,47.5,65.2,6,8,6,5,2,,4.4,13.9,WSW,26,2,12,3,12,1,0,0,0,0
2022,6,119.0,수원,472.1,349.2,285.0,30,12,8,5,4,,2.3,9.8,SW,28,1,11,2,0,0,5,0,0,0
2022,6,121.0,영월,194.8,57.7,96.5,30,11,11,5,1,,1.2,6.5,E,11,4,10,1,0,0,4,0,0,0
2022,6,127.0,충주,219.0,84.3,89.8,30,11,9,5,3,,1.5,5.9,SW,26,5,10,1,0,0,4,0,0,0
2022,6,129.0,서산,352.4,214.2,209.6,29,11,6,4,3,,2.8,9.6,S,28,1,9,8,0,0,3,0,0,0
2022,6,130.0,울진,82.0,-22.3,45.7,6,9,6,3,1,,2.4,7.7,SW,25,2,10,2,0,0,1,0,0,0
2022,6,131.0,청주,129.6,-10.4,48.4,29,10,9,4,2,,1.8,6.6,ENE,14,3,10,2,0,0,1,0,0,0
2022,6,133.0,대전,117.6,-49.7,36.5,15,11,9,4,1,,2.4,7.5,SSW,28,3,11,3,0,0,2,0,0,0
2022,6,135.0,추풍령,98.5,-38.1,33.6,24,9,8,4,1,,2.2,8.1,E,5,3,8,2,0,0,3,0,0,0
2022,6,136.0,안동,48.3,-74.8,16.0,5,9,6,2,0,,1.8,6.6,ESE,13,4,11,2,1,0,2,0,0,0
2022,6,137.0,상주,88.9,-26.3,19.5,5,12,7,4,0,,1.1,4.7,W,24,4,5,2,0,0,3,0,0,0
2022,6,138.0,포항,106.3,-20.5,34.8,24,7,6,4,1,,3.0,8.1,NE,14,5,10,2,0,0,2,0,0,0
2022,6,140.0,군산,94.9,-47.3,37.9,29,9,8,4,1,,2.7,9.2,S,28,4,8,1,0,0,2,0,0,0
2022,6,143.0,대구,81.8,-47.4,32.4,24,10,7,2,2,,2.4,7.9,E,3,2,10,3,1,0,4,0,0,0
2022,6,146.0,전주,164.2,5.2,59.2,24,12,8,4,3,,1.6,6.9,WSW,15,3,14,2,0,0,2,0,0,0
2022,6,152.0,울산,147.1,-8.4,53.8,5,10,8,3,2,,2.2,6.8,SSW,28,4,8,3,0,0,2,0,0,0
2022,6,155.0,창원,194.0,3.3,54.8,5,13,8,5,3,,1.8,7.1,S,27,3,12,4,0,0,3,0,0,0
2022,6,156.0,광주,131.7,-20.9,28.7,23,14,12,4,0,,1.9,7.9,SW,24,2,10,2,0,0,4,0,0,0
2022,6,159.0,부산,152.0,-36.4,49.8,5,11,7,5,2,,4.3,13.9,SW,29,3,12,7,4,1,1,0,0,0
2022,6,162.0,통영,101.5,-94.3,51.3,5,11,10,3,1,,3.0,10.1,S,29,2,8,5,0,0,2,0,0,0
2022,6,165.0,목포,90.2,-60.0,47.4,24,10,5,3,1,,3.5,11.1,S,28,0,9,3,2,0,2,0,0,0
2022,6,168.0,여수,91.7,-102.6,44.2,5,12,7,2,2,,3.8,13.6,SW,24,2,12,7,4,0,2,0,0,0
2022,6,169.0,흑산도,87.4,-70.1,30.8,23,7,5,4,1,,5.2,16.2,SSE,27,1,20,7,19,3,2,0,0,0
2022,6,170.0,완도,76.4,-130.8,28.4,5,8,4,3,0,,2.7,10.1,ESE,5,0,11,3,0,0,1,0,0,0
2022,6,172.0,고창,130.4,41.4,41.6,5,9,8,4,1,,3.1,10.5,SSE,28,0,9,2,0,0,1,0,0,0
2022,6,174.0,순천,94.8,,36.6,24,12,8,2,2,,1.7,5.4,WNW,6,2,10,4,0,0,1,0,0,0
2022,6,177.0,홍성,191.6,,122.5,29,10,8,4,2,,2.1,6.7,E,14,1,13,1,1,0,4,0,0,0
2022,6,184.0,제주,143.6,-27.6,71.4,24,8,4,4,2,,3.3,11.7,WSW,24,1,8,3,3,0,1,0,0,0
2022,6,185.0,고산,172.8,14.7,83.7,24,12,7,3,2,,5.3,18.5,W,24,1,11,2,0,1,2,0,0,0
2022,6,188.0,성산,203.8,-28.1,101.6,5,15,11,3,2,,3.4,10.7,SSW,28,0,13,7,0,0,2,0,0,0
2022,6,189.0,서귀포,269.7,2.1,110.8,5,18,10,4,2,,1.7,6.2,ENE,5,0,19,6,7,0,2,0,0,0
2022,6,192.0,진주,121.3,-53.0,59.6,5,14,10,3,1,,1.2,4.1,WSW,16,2,8,3,0,0,2,0,0,0
2022,6,201.0,강화,484.2,374.2,196.8,30,13,10,6,4,,2.4,10.6,WSW,29,1,10,8,0,0,5,0,0,0
2022,6,202.0,양평,408.7,274.5,181.6,30,12,8,6,4,,1.4,5.9,NE,6,2,12,5,0,0,4,0,0,0
2022,6,203.0,이천,238.8,110.6,95.0,30,11,7,6,3,,1.4,6.5,SW,28,2,8,6,0,0,6,0,0,0
2022,6,211.0,인제,356.3,239.5,97.1,30,12,12,8,3,,1.8,7.0,S,29,1,18,6,0,0,5,0,0,0
2022,6,212.0,홍천,301.0,176.1,107.3,30,12,10,6,3,,1.3,5.5,ENE,14,3,12,4,0,0,3,0,0,0
2022,6,216.0,태백,187.9,47.5,83.5,27,13,9,6,1,,1.8,7.8,SW,28,3,12,2,0,0,2,0,0,0
2022,6,217.0,정선군,278.9,171.5,94.5,30,10,8,7,4,,1.5,7.6,NE,2,3,12,1,0,0,2,0,0,0
2022,6,221.0,제천,273.9,126.4,87.5,30,12,12,6,3,,1.3,5.0,NE,14,5,9,1,0,0,4,0,0,0
2022,6,226.0,보은,98.3,-58.1,28.4,23,11,10,3,0,,1.4,6.3,S,28,5,10,2,0,0,3,0,0,0
2022,6,232.0,천안,168.0,41.0,55.5,29,10,9,5,3,,1.5,6.5,ESE,14,4,10,1,0,0,2,0,0,0
2022,6,235.0,보령,225.0,91.0,117.5,29,12,8,5,2,,2.6,10.8,SSW,28,3,11,3,0,0,4,0,0,0
2022,6,236.0,부여,123.4,-33.7,52.0,29,12,10,3,1,,1.7,7.1,S,28,3,11,3,0,0,4,0,0,0
2022,6,238.0,금산,145.4,-16.4,43.1,24,11,8,4,2,,1.5,6.1,S,23,2,11,2,0,0,4,0,0,0
2022,6,239.0,세종,118.5,,49.9,29,10,8,4,1,,1.6,5.4,E,14,3,8,1,0,0,3,0,0,0
2022,6,243.0,부안,172.8,41.0,52.0,7,12,9,4,3,,2.1,8.3,S,28,1,11,4,0,0,3,0,0,0
2022,6,244.0,임실,263.8,121.4,57.7,23,17,13,7,5,,1.4,5.2,SSW,28,2,8,3,0,0,5,0,0,0
2022,6,245.0,정읍,233.7,97.6,56.7,7,11,8,5,4,,2.1,9.8,SSW,27,2,9,2,0,0,1,0,0,0
2022,6,247.0,남원,162.3,5.0,40.2,5,13,10,5,3,,2.1,8.3,ENE,14,2,10,2,0,0,5,0,0,0
2022,6,248.0,장수,226.2,61.3,71.7,23,16,9,5,2,,1.7,6.9,SW,24,1,9,4,0,0,4,0,0,0
2022,6,251.0,고창군,155.1,,85.8,7,10,8,4,1,,2.0,8.7,SSE,27,0,8,2,0,0,2,0,0,0
2022,6,252.0,영광군,116.0,11.3,35.6,23,9,8,4,2,,2.2,7.8,SSW,28,0,8,2,0,0,1,0,0,0
2022,6,253.0,김해시,117.4,-23.4,46.2,5,14,10,4,1,,1.7,7.3,SSE,25,2,9,4,0,0,2,0,0,0
2022,6,254.0,순창군,181.2,58.9,36.5,5,12,10,6,3,,1.8,7.6,W,15,2,9,2,0,0,2,0,0,0
2022,6,255.0,북창원,157.9,,46.7,5,14,10,5,1,,1.6,5.4,S,27,2,8,4,0,0,3,0,0,0
2022,6,257.0,양산시,113.2,-34.5,42.5,5,12,9,4,1,,2.9,7.2,SW,28,2,9,4,0,0,1,0,0,0
2022,6,258.0,보성군,103.6,,51.2,24,13,7,2,2,,3.2,8.7,SE,5,1,8,3,0,0,1,0,0,0
2022,6,259.0,강진군,97.4,-59.2,61.0,24,11,6,2,1,,1.8,6.7,WSW,24,1,9,4,0,0,1,0,0,0
2022,6,260.0,장흥,84.4,-102.6,58.9,24,7,3,2,1,,1.9,6.2,SE,5,2,7,3,0,0,1,0,0,0
2022,6,261.0,해남,70.7,-90.2,50.6,24,11,4,2,1,,2.8,9.4,E,5,0,11,3,0,0,1,0,0,0
2022,6,262.0,고흥,86.3,-100.6,41.4,5,8,6,2,2,,1.7,7.1,S,28,2,8,3,,0,,,,
2022,6,263.0,의령군,90.2,-31.3,40.6,5,11,9,3,1,,2.2,7.5,SW,29,2,9,2,0,0,2,0,0,0
2022,6,264.0,함양군,109.1,-4.9,31.9,5,11,8,4,1,,1.5,6.2,SW,24,1,8,4,0,0,3,0,0,0
2022,6,266.0,광양시,110.3,,46.2,24,12,9,2,2,,2.1,7.9,NE,14,2,7,3,0,0,1,0,0,0
2022,6,268.0,진도군,83.7,-70.2,58.1,24,7,5,2,1,,2.6,7.4,SW,24,0,13,8,0,0,1,0,0,0
2022,6,271.0,봉화,138.5,-4.7,58.4,27,11,11,4,1,,1.4,6.0,SE,3,2,9,3,0,0,3,0,0,0
2022,6,272.0,영주,134.7,-23.8,39.0,27,12,11,4,1,,1.8,8.2,NW,2,3,12,4,0,0,4,0,0,0
2022,6,273.0,문경,95.9,-58.9,18.0,23,13,12,3,0,,1.3,6.6,ESE,13,4,7,3,0,0,6,0,0,0
2022,6,276.0,청송군,80.2,-13.5,26.1,24,10,9,2,0,,1.9,6.8,SE,5,1,10,2,0,0,1,0,0,0
2022,6,277.0,영덕,54.0,-59.4,14.4,6,7,7,3,0,,2.4,9.6,NNE,3,1,11,2,0,0,1,0,0,0
2022,6,278.0,의성,73.5,-42.3,34.9,24,10,7,2,1,,1.3,5.8,SW,28,3,9,2,0,0,1,0,0,0
2022,6,279.0,구미,122.9,2.6,34.8,24,12,9,4,1,,1.0,3.4,SW,29,3,8,2,0,0,4,0,0,0
2022,6,281.0,영천,129.6,3.6,41.8,24,8,6,5,1,,1.7,6.1,ESE,3,2,7,6,0,0,3,0,0,0
2022,6,283.0,경주시,136.5,35.9,51.3,27,8,7,4,1,,2.7,8.7,S,25,2,9,2,0,0,1,0,0,0
2022,6,284.0,거창,63.2,-86.2,35.4,24,9,4,3,1,,1.5,6.1,SSW,24,2,10,2,0,0,2,0,0,0
2022,6,285.0,합천,93.2,-53.5,34.0,24,13,7,2,2,,1.4,5.5,NNE,6,2,8,3,0,0,2,0,0,0
2022,6,288.0,밀양,232.8,76.9,125.6,27,11,8,4,2,,1.4,5.5,SE,1,1,9,2,0,0,3,0,0,0
2022,6,289.0,산청,156.9,-15.5,40.2,5,11,8,4,3,,1.6,5.6,ENE,28,2,9,2,0,0,3,0,0,0
2022,6,294.0,거제,211.4,-25.7,53.3,5,15,11,7,2,,1.9,6.6,SSW,16,2,7,9,,0,,,,
2022,6,295.0,남해,137.1,-106.7,47.7,5,15,12,3,2,,1.6,6.0,WSW,24,2,9,4,,0,,,,
2022,7,90.0,속초,213.1,-52.5,87.2,21,14,11,6,1,,1.5,7.5,N,14,,,4,,0,,,,
2022,7,93.0,북춘천,223.8,,74.7,13,16,14,6,2,,1.0,6.5,ESE,4,0,14,2,1,0,3,0,0,0
2022,7,95.0,철원,247.6,-152.4,75.1,31,18,16,7,3,,1.1,5.6,N,15,1,12,2,0,0,1,0,0,0
2022,7,98.0,동두천,302.7,-129.0,92.2,31,16,12,6,3,,1.0,5.5,SSW,7,1,11,1,0,0,1,0,0,0
2022,7,99.0,파주,290.2,-105.0,109.0,13,15,13,6,3,,1.2,5.8,S,6,1,11,3,0,0,2,0,0,0
2022,7,100.0,대관령,173.3,-163.0,35.6,11,12,11,7,3,,1.9,8.2,W,8,1,15,2,0,0,1,0,0,0
2022,7,101.0,춘천,208.2,-190.0,75.9,13,16,13,6,2,,1.3,5.0,E,4,2,12,2,0,0,1,0,0,0
2022,7,102.0,백령도,255.0,54.0,155.6,13,14,10,6,1,,3.0,11.5,SSE,7,1,15,6,15,0,1,0,0,0
2022,7,104.0,북강릉,239.4,,73.2,21,17,11,6,2,,0.8,3.7,S,8,1,17,3,6,0,1,0,0,0
2022,7,105.0,강릉,227.9,-22.3,69.9,21,15,11,8,2,,1.4,6.4,SE,15,1,11,7,,0,,,,
2022,7,106.0,동해,159.7,-71.1,37.5,21,17,11,5,2,,1.4,6.8,NE,9,1,11,2,0,0,1,0,0,0
2022,7,108.0,서울,252.3,-162.1,114.5,13,14,12,5,3,,2.1,5.6,SSE,30,0,13,3,0,0,2,0,0,0
2022,7,112.0,인천,215.2,-122.5,168.0,13,8,4,4,1,,2.5,9.6,S,13,1,11,1,5,0,2,0,0,0
2022,7,114.0,원주,238.9,-118.9,82.9,13,15,11,6,2,,1.1,4.6,ESE,4,0,12,3,,0,,,,
2022,7,115.0,울릉도,152.8,-22.2,54.7,21,8,7,5,2,,2.5,12.4,NE,22,2,13,4,12,0,0,0,0,0
2022,7,119.0,수원,243.0,-142.1,139.1,13,13,6,5,2,,1.9,7.2,S,6,0,12,2,0,0,2,0,0,0
2022,7,121.0,영월,274.3,-20.5,76.8,13,16,11,7,2,,0.9,6.9,E,4,2,11,3,0,0,2,0,0,0
2022,7,127.0,충주,350.5,57.2,83.2,13,18,15,9,5,,1.3,5.6,SSE,10,2,13,3,0,0,2,0,0,0
2022,7,129.0,서산,178.4,-96.2,60.6,13,13,8,5,3,,1.9,8.5,SSE,13,1,6,2,,0,,,,
2022,7,130.0,울진,78.2,-124.8,31.6,13,11,8,2,1,,1.8,6.0,N,22,1,10,1,,0,,,,
2022,7,131.0,청주,171.7,-122.1,27.0,21,17,12,8,0,,1.4,4.5,E,30,1,14,3,0,0,2,0,0,0
2022,7,133.0,대전,195.0,-111.9,57.4,18,13,10,7,2,,1.9,7.0,ESE,30,1,12,3,0,0,4,0,0,0
2022,7,135.0,추풍령,189.1,-71.6,87.4,18,13,10,5,1,,2.2,7.7,W,21,0,11,4,0,0,1,0,0,0
2022,7,136.0,안동,158.8,-76.4,32.8,11,13,9,6,2,,1.6,6.5,SE,10,1,15,2,3,0,1,0,0,0
2022,7,137.0,상주,211.7,-67.6,67.5,10,15,11,7,2,,0.9,4.1,WSW,22,0,11,3,,0,,,,
2022,7,138.0,포항,77.7,-122.9,19.7,13,8,8,3,0,,2.3,6.1,E,2,1,16,2,0,0,1,0,0,0
2022,7,140.0,군산,152.2,-125.1,71.6,18,13,13,4,1,,2.4,9.5,WNW,21,0,9,3,,0,,,,
2022,7,143.0,대구,88.8,-135.1,34.0,18,10,9,3,1,,2.3,6.2,E,30,0,14,3,0,0,2,0,0,0
2022,7,146.0,전주,184.0,-118.8,80.0,18,17,14,4,1,,1.6,6.4,SW,21,0,15,3,0,0,1,0,0,0
2022,7,152.0,울산,125.0,-109.1,69.4,18,11,9,2,1,,1.5,4.9,SSW,7,2,11,2,1,0,0,0,0,0
2022,7,155.0,창원,167.9,-136.6,81.4,18,10,7,5,1,,1.4,6.2,SE,31,2,11,3,1,0,1,0,0,0
2022,7,156.0,광주,169.0,-125.2,54.1,18,13,11,6,1,,1.5,8.0,SW,21,1,11,3,1,0,1,0,0,0
2022,7,159.0,부산,145.0,-181.8,63.1,18,8,6,4,2,,2.6,10.1,SSW,21,2,11,3,3,0,1,0,0,0
2022,7,162.0,통영,151.8,-137.3,70.7,18,8,7,4,1,,2.0,12.3,SSW,21,2,10,2,,0,,,,
2022,7,165.0,목포,196.3,-24.4,81.0,18,14,12,6,2,,3.1,12.7,SSW,21,2,10,3,1,0,3,0,0,0
2022,7,168.0,여수,260.1,-16.7,118.1,18,10,10,5,3,,3.3,13.4,SW,21,2,11,3,2,0,2,0,0,0
2022,7,169.0,흑산도,131.4,-76.7,77.7,18,15,9,2,1,,4.5,14.0,SSE,6,2,11,2,14,1,2,0,0,0
2022,7,170.0,완도,111.5,-145.7,38.6,31,11,10,3,2,,2.8,10.0,SE,31,1,11,3,,0,,,,
2022,7,172.0,고창,120.5,-164.1,54.8,18,14,13,2,1,,2.8,12.7,ESE,23,0,12,2,,0,,,,
2022,7,174.0,순천,281.8,,104.5,31,16,11,7,2,,1.8,8.4,SE,31,1,13,3,,0,,,,
2022,7,177.0,홍성,141.5,,40.9,13,9,8,5,2,,1.5,5.6,SW,7,1,12,2,0,0,0,0,0,0
2022,7,184.0,제주,149.0,-61.2,48.3,30,10,8,5,2,,3.1,9.6,WSW,7,3,7,1,0,0,4,0,0,0
2022,7,185.0,고산,258.4,90.7,93.2,30,10,7,5,3,,5.2,15.0,WNW,21,4,7,0,,2,,,,
2022,7,188.0,성산,225.9,-45.4,64.7,30,11,10,5,3,,2.9,11.7,SSE,31,2,9,3,0,0,1,0,0,0
2022,7,189.0,서귀포,272.0,-3.8,85.2,11,14,10,6,4,,1.6,7.9,S,31,2,14,2,1,0,3,0,0,0
2022,7,192.0,진주,218.0,-94.2,100.3,18,11,7,4,3,,0.9,5.2,WSW,21,1,12,2,,0,,,,
2022,7,201.0,강화,220.4,-135.2,100.5,13,13,10,6,2,,1.8,7.2,WSW,7,0,9,3,,0,,,,
2022,7,202.0,양평,255.9,-153.1,133.3,13,17,14,6,1,,1.2,5.2,E,30,0,12,4,,0,,,,
2022,7,203.0,이천,278.6,-85.7,141.0,13,15,11,7,1,,0.9,5.5,SW,7,0,11,3,0,0,1,0,0,0
2022,7,211.0,인제,151.2,-181.2,37.4,13,16,14,4,3,,1.2,4.2,NNE,11,0,12,2,0,0,1,0,0,0
2022,7,212.0,홍천,226.8,-168.9,55.9,13,18,15,8,2,,1.0,8.3,N,15,0,13,2,0,0,1,0,0,0
2022,7,216.0,태백,156.6,-117.6,37.2,11,15,12,5,3,,1.1,4.7,ENE,29,0,11,2,0,0,1,0,0,0
2022,7,217.0,정선군,233.2,-99.5,60.2,11,14,12,8,2,,0.7,6.2,NE,1,0,15,2,,0,,,,
2022,7,221.0,제천,310.9,-45.1,112.3,13,14,13,8,3,,1.1,4.6,NE,4,0,12,3,,0,,,,
2022,7,226.0,보은,160.5,-145.5,43.4,18,12,11,7,1,,1.1,5.3,ESE,13,1,9,3,0,0,2,0,0,0
2022,7,232.0,천안,117.0,-167.1,36.1,13,15,13,4,1,,1.2,5.3,ESE,30,0,9,3,0,0,1,0,0,0
2022,7,235.0,보령,119.9,-128.2,41.1,18,13,8,5,1,,1.3,7.9,SSW,7,0,8,3,,0,,,,
2022,7,236.0,부여,168.5,-127.2,51.9,18,11,11,6,1,,1.1,4.9,SSW,16,0,9,3,,0,,,,
2022,7,238.0,금산,183.7,-114.1,75.2,18,15,11,5,2,,1.1,6.6,S,7,0,7,2,0,0,1,0,0,0
2022,7,239.0,세종,239.5,,76.8,18,14,12,6,2,,1.2,6.8,SSE,3,0,8,3,0,0,1,0,0,0
2022,7,243.0,부안,126.1,-149.4,70.8,18,15,10,3,1,,1.6,7.4,S,7,0,7,3,,0,,,,
2022,7,244.0,임실,133.8,-178.2,38.0,31,16,10,4,2,,1.2,6.0,W,21,0,9,3,,0,,,,
2022,7,245.0,정읍,109.2,-174.8,48.2,18,17,11,2,1,,1.4,8.6,SW,21,0,10,2,,0,,,,
2022,7,247.0,남원,158.2,-145.0,44.3,18,15,11,4,2,,1.6,6.4,WSW,21,2,13,2,,0,,,,
2022,7,248.0,장수,157.1,-182.6,58.9,18,18,11,4,2,,1.2,6.9,WSW,21,1,12,2,0,0,1,0,0,0
2022,7,251.0,고창군,101.7,,35.9,18,10,10,3,1,,1.6,8.0,ESE,23,0,12,3,,0,,,,
2022,7,252.0,영광군,132.6,-127.3,59.3,18,17,13,4,1,,1.7,7.7,WSW,21,0,10,3,,0,,,,
2022,7,253.0,김해시,143.6,-147.5,78.0,18,8,6,3,1,,1.5,7.0,WNW,21,1,11,4,,0,,,,
2022,7,254.0,순창군,193.4,-173.2,63.5,18,14,9,4,3,,1.5,7.3,W,16,0,15,3,,0,,,,
2022,7,255.0,북창원,170.5,,72.5,18,8,6,6,1,,1.2,5.9,WNW,21,1,10,3,,0,,,,
2022,7,257.0,양산시,128.0,-185.3,64.1,18,8,6,4,2,,1.8,6.0,SW,21,1,14,4,,0,,,,
2022,7,258.0,보성군,264.3,,142.3,18,12,9,3,2,,2.9,11.5,NW,21,1,12,3,,0,,,,
2022,7,259.0,강진군,230.8,-2.9,116.8,18,13,9,5,3,,1.9,7.4,W,21,1,10,3,,0,,,,
2022,7,260.0,장흥,205.5,-69.8,101.0,18,14,8,4,2,,1.8,8.3,SSE,31,1,13,3,,0,,,,
2022,7,261.0,해남,193.6,-33.0,108.5,18,13,12,3,2,,2.4,8.6,SSE,31,1,10,2,,0,,,,
2022,7,262.0,고흥,268.7,3.8,115.9,18,11,8,5,2,,1.6,8.7,WNW,21,1,9,3,,0,,,,
2022,7,263.0,의령군,143.8,-123.4,71.1,18,10,8,4,1,,1.4,9.3,NW,21,1,10,2,,0,,,,
2022,7,264.0,함양군,161.7,-123.4,71.1,18,12,9,3,2,,1.4,6.2,SW,21,1,13,3,,0,,,,
2022,7,266.0,광양시,240.7,,102.1,18,14,8,5,4,,1.7,6.7,SE,31,1,10,3,,0,,,,
2022,7,268.0,진도군,177.3,-55.3,99.3,18,11,8,2,2,,2.0,8.7,SW,21,2,8,2,,0,,,,
2022,7,271.0,봉화,157.5,-120.2,59.2,13,14,11,5,1,,1.0,4.6,SSE,30,1,16,3,0,0,1,0,0,0
2022,7,272.0,영주,201.7,-97.1,80.0,13,14,13,6,1,,1.5,7.7,NW,21,0,19,4,,0,,,,
2022,7,273.0,문경,216.5,-93.0,52.1,10,15,13,8,3,,1.2,6.5,WNW,16,0,12,4,,0,,,,
2022,7,276.0,청송군,86.5,-110.1,22.1,13,13,8,4,0,,1.6,5.8,SSE,26,1,14,2,0,0,1,0,0,0
2022,7,277.0,영덕,115.6,-78.7,28.4,13,10,8,4,0,,1.7,7.3,NE,12,1,12,3,,0,,,,
2022,7,278.0,의성,109.5,-111.9,29.9,18,10,9,5,0,,1.0,5.4,W,21,1,12,2,,0,,,,
2022,7,279.0,구미,113.3,-120.6,59.5,18,9,6,3,1,,1.0,3.5,ESE,21,0,11,2,,0,,,,
2022,7,281.0,영천,106.1,-123.7,25.4,18,12,9,4,0,,1.4,6.2,NW,21,1,14,3,0,0,1,0,0,0
2022,7,283.0,경주시,107.8,-82.3,46.7,18,11,9,3,1,,1.8,5.8,SSW,7,1,14,4,,0,,,,
2022,7,284.0,거창,128.7,-157.5,55.1,18,13,8,3,2,,1.2,6.7,SE,31,1,12,3,,0,,,,
2022,7,285.0,합천,129.4,-160.1,66.0,18,11,9,4,2,,0.8,4.5,SSW,7,1,15,2,,0,,,,
2022,7,288.0,밀양,112.8,-146.5,68.3,18,10,6,2,1,,1.0,5.1,WNW,21,2,14,2,,0,,,,
2022,7,289.0,산청,166.7,-161.8,87.7,31,11,7,2,2,,1.5,7.2,W,21,0,15,2,,0,,,,
2022,7,294.0,거제,173.6,-194.0,87.9,18,10,6,5,1,,1.5,5.2,NW,21,1,8,2,,0,,,,
2022,7,295.0,남해,236.5,-117.4,77.5,18,9,9,5,4,,1.3,7.0,SE,31,2,11,2,,0,,,,
2022,8,90.0,속초,323.7,25.7,110.9,9,19,13,10,2,,1.3,6.2,N,5,,,4,,0,,,,
2022,8,93.0,북춘천,418.4,,110.8,9,17,15,11,3,,1.0,6.1,SSW,15,1,19,6,1,0,5,0,0,0
2022,8,95.0,철원,420.4,73.0,119.9,8,23,16,10,4,,1.2,5.7,S,17,1,17,3,,0,,,,
2022,8,98.0,동두천,506.8,159.3,147.2,8,23,17,8,6,,1.1,7.2,SSW,15,3,15,6,,0,,,,
2022,8,99.0,파주,353.5,70.6,134.5,8,17,13,7,4,,1.3,8.7,WSW,8,2,17,7,,0,,,,
2022,8,100.0,대관령,415.6,47.2,101.9,9,20,18,6,5,,2.8,10.9,W,15,2,19,8,,0,,,,
2022,8,101.0,춘천,491.7,171.8,110.2,8,19,16,11,5,,1.2,5.8,S,15,1,19,7,0,0,0,0,0,0
2022,8,102.0,백령도,155.9,-2.6,32.8,19,13,11,7,1,,3.2,10.8,NNW,23,7,14,4,7,0,1,0,0,0
2022,8,104.0,북강릉,303.3,,74.1,11,18,13,6,5,,1.0,6.1,WSW,15,2,17,6,0,0,4,0,0,0
2022,8,105.0,강릉,307.5,14.6,62.7,11,16,10,6,5,,1.7,6.5,SW,15,2,15,5,,0,,,,
2022,8,106.0,동해,237.2,10.0,72.0,30,17,10,5,2,,1.2,6.6,NE,27,2,18,5,,0,,,,
2022,8,108.0,서울,564.8,216.6,129.6,8,19,17,10,8,,2.3,8.6,SSW,8,1,18,7,0,0,6,0,0,0
2022,8,112.0,인천,635.9,361.3,207.8,8,14,14,8,6,,2.8,10.2,S,2,0,16,6,4,0,6,0,0,0
2022,8,114.0,원주,512.3,222.5,121.0,9,21,17,10,7,,1.0,4.7,WSW,17,2,17,5,,0,,,,
2022,8,115.0,울릉도,167.9,-8.8,50.0,11,10,9,4,3,,4.0,12.1,WSW,16,1,16,5,4,0,1,0,0,0
2022,8,119.0,수원,640.8,344.5,192.8,9,19,16,8,7,,1.9,6.7,SSW,15,0,17,5,0,0,6,0,0,0
2022,8,121.0,영월,442.4,162.0,109.5,10,19,17,10,5,,0.7,4.5,W,8,1,17,8,,0,,,,
2022,8,127.0,충주,457.3,184.3,143.7,10,19,16,9,4,,1.1,6.7,W,6,1,16,8,,0,,,,
2022,8,129.0,서산,468.7,185.2,118.0,30,16,10,8,6,,2.2,7.0,SSE,15,0,14,7,,0,,,,
2022,8,130.0,울진,172.2,-40.8,48.4,30,16,11,6,2,,1.9,6.7,SW,8,1,14,6,,0,,,,
2022,8,131.0,청주,519.4,245.2,212.6,10,19,16,10,5,,1.4,6.0,E,1,1,18,7,0,0,4,0,0,0
2022,8,133.0,대전,496.1,196.3,192.9,10,18,16,7,6,,1.9,7.2,SE,1,1,18,6,0,0,4,0,0,0
2022,8,135.0,추풍령,272.6,8.7,67.0,16,18,15,8,3,,1.7,9.1,WSW,16,0,17,8,,0,,,,
2022,8,136.0,안동,202.8,-23.6,36.1,31,18,15,7,3,,1.2,4.8,ESE,20,0,17,6,1,0,0,0,0,0
2022,8,137.0,상주,220.3,-33.6,38.1,10,18,15,9,2,,0.9,4.5,WSW,7,0,16,8,,0,,,,
2022,8,138.0,포항,141.2,-89.0,40.2,30,12,10,5,2,,2.3,6.9,SW,15,2,17,7,0,0,1,0,0,0
2022,8,140.0,군산,340.9,74.4,110.9,11,17,12,7,3,,2.5,9.8,WSW,20,0,15,5,,0,,,,
2022,8,143.0,대구,143.3,-102.0,39.8,16,14,11,5,1,,1.7,7.4,W,13,0,16,9,0,0,2,0,0,0
2022,8,146.0,전주,311.3,21.7,116.2,16,17,15,4,3,,1.5,6.0,W,16,0,15,7,0,0,4,0,0,0
2022,8,152.0,울산,138.5,-95.6,38.2,24,12,10,6,1,,2.0,6.0,SSW,15,1,14,7,1,0,1,0,0,0
2022,8,155.0,창원,224.6,-59.2,56.4,24,12,11,6,3,,1.2,5.5,SSW,2,0,18,6,4,0,3,0,0,0
2022,8,156.0,광주,106.4,-220.0,32.2,20,13,10,4,1,,1.8,8.3,SW,15,0,14,5,0,0,3,0,0,0
2022,8,159.0,부산,176.7,-89.8,52.6,16,12,9,5,2,,3.7,10.5,SW,2,1,14,5,2,0,1,0,0,0
2022,8,162.0,통영,186.9,-57.0,35.1,24,11,9,8,1,,2.6,11.1,SSE,1,0,17,3,,0,,,,
2022,8,165.0,목포,92.3,-116.7,25.7,20,12,7,4,0,,3.4,10.0,SSW,16,0,15,3,1,0,1,0,0,0
2022,8,168.0,여수,210.8,-54.0,73.0,16,14,10,6,2,,3.8,12.3,SSW,1,0,16,2,3,0,4,0,0,0
2022,8,169.0,흑산도,62.9,-148.3,28.3,12,10,4,2,0,,4.9,14.0,S,15,1,17,1,9,1,2,0,0,0
2022,8,170.0,완도,58.1,-180.7,12.6,16,11,10,1,0,,2.1,10.5,SE,1,0,14,10,,0,,,,
2022,8,172.0,고창,126.9,-158.3,38.5,1,14,9,5,1,,2.9,9.5,SSW,15,0,11,5,,0,,,,
2022,8,174.0,순천,176.8,,62.8,1,13,11,6,2,,1.3,6.5,SE,1,0,11,6,,0,,,,
2022,8,177.0,홍성,524.7,,109.2,10,19,13,9,7,,1.7,6.9,SW,15,0,15,6,2,0,4,0,0,0
2022,8,184.0,제주,124.3,-148.0,94.3,17,6,6,2,1,,3.1,9.1,WSW,16,2,8,0,0,0,3,0,0,0
2022,8,185.0,고산,143.2,-58.7,61.1,17,6,5,3,2,,5.6,17.0,WNW,17,0,6,0,,1,,,,
2022,8,188.0,성산,233.8,-109.4,181.0,17,10,6,3,1,,3.4,10.8,SE,1,0,6,1,,0,,,,
2022,8,189.0,서귀포,263.1,-52.6,212.5,17,11,7,4,1,,1.8,6.2,SW,17,0,11,1,0,0,1,0,0,0
2022,8,192.0,진주,157.3,-139.5,40.2,24,12,10,6,1,,1.0,5.2,WSW,15,0,15,3,,0,,,,
2022,8,201.0,강화,287.1,-13.3,92.4,9,21,15,7,3,,1.9,9.1,WSW,15,2,12,8,,0,,,,
2022,8,202.0,양평,947.4,616.5,261.9,8,21,19,11,7,,1.1,5.5,SW,15,1,19,5,,0,,,,
2022,8,203.0,이천,513.5,225.5,110.8,9,20,15,9,7,,1.0,5.7,SE,17,1,18,8,,0,,,,
2022,8,211.0,인제,460.1,172.5,125.7,9,20,18,14,3,,1.4,6.5,S,15,0,18,11,,0,,,,
2022,8,212.0,홍천,595.4,282.9,152.0,9,18,15,12,7,,0.9,5.3,NW,8,1,17,9,,0,,,,
2022,8,216.0,태백,270.2,-8.5,69.0,10,19,16,8,3,,1.3,6.5,SW,15,2,19,7,,0,,,,
2022,8,217.0,정선군,463.3,260.6,99.0,10,19,18,9,5,,1.2,8.8,NE,15,1,20,10,,0,,,,
2022,8,221.0,제천,485.3,184.4,96.3,10,20,17,10,7,,1.0,4.1,ENE,17,1,17,8,,0,,,,
2022,8,226.0,보은,391.9,95.3,140.7,10,20,17,9,4,,1.1,5.2,SE,1,0,16,9,,0,,,,
2022,8,232.0,천안,366.6,66.9,101.5,10,19,13,8,3,,1.1,6.3,ESE,1,0,17,8,,0,,,,
2022,8,235.0,보령,637.1,366.8,154.2,11,18,13,7,7,,2.4,9.5,SSW,15,0,15,9,,0,,,,
2022,8,236.0,부여,615.6,330.8,175.3,10,16,15,10,5,,1.4,6.8,W,15,0,16,5,,0,,,,
2022,8,238.0,금산,265.7,-18.6,60.7,16,17,14,8,4,,1.0,5.7,SW,20,0,17,6,,0,,,,
2022,8,239.0,세종,421.0,,139.3,10,18,15,7,5,,1.3,4.7,NW,10,0,15,6,,0,,,,
2022,8,243.0,부안,276.7,16.4,95.8,16,17,12,5,2,,1.7,7.8,WSW,15,0,14,4,,0,,,,
2022,8,244.0,임실,168.9,-143.2,36.0,13,17,13,7,2,,1.2,5.5,WNW,13,0,17,6,,0,,,,
2022,8,245.0,정읍,134.4,-163.7,54.1,11,15,13,3,2,,1.9,6.7,SW,15,0,13,5,,0,,,,
2022,8,247.0,남원,162.7,-150.6,30.8,16,17,12,6,1,,1.6,7.2,SSW,7,0,17,5,,0,,,,
2022,8,248.0,장수,167.5,-169.0,32.5,11,18,16,6,2,,1.4,6.3,SSW,7,0,19,6,,0,,,,
2022,8,251.0,고창군,51.7,,11.0,11,16,10,2,0,,1.6,5.7,ESE,1,0,12,5,,0,,,,
2022,8,252.0,영광군,114.6,-172.1,32.7,1,16,11,3,1,,2.0,6.6,SW,15,0,13,4,,0,,,,
2022,8,253.0,김해시,173.7,-14.3,34.2,20,13,11,7,2,,1.5,7.9,SSE,1,0,17,6,,0,,,,
2022,8,254.0,순창군,104.8,-231.3,20.0,16,17,14,4,0,,1.6,6.7,W,16,0,15,5,,0,,,,
2022,8,255.0,북창원,180.3,,34.7,20,12,11,7,1,,1.3,5.2,SE,1,0,19,5,0,0,1,0,0,0
2022,8,257.0,양산시,135.9,-78.7,30.9,31,12,11,5,1,,2.4,7.0,SSW,1,0,18,6,,0,,,,
2022,8,258.0,보성군,156.2,,53.2,16,14,10,5,1,,2.1,9.0,SE,1,0,14,5,,0,,,,
2022,8,259.0,강진군,158.9,-118.3,71.4,16,12,11,5,1,,1.5,6.9,SE,1,0,16,4,,0,,,,
2022,8,260.0,장흥,157.2,-159.3,81.7,16,13,9,3,2,,1.2,8.4,SSE,1,0,15,5,,0,,,,
2022,8,261.0,해남,115.6,-132.8,37.7,12,12,9,4,2,,2.0,7.4,SW,16,0,13,1,,0,,,,
2022,8,262.0,고흥,109.9,-155.0,52.9,16,11,9,4,1,,1.3,7.3,SSE,1,0,14,3,,0,,,,
2022,8,263.0,의령군,191.2,-63.2,40.0,24,13,13,6,2,,1.7,7.7,SW,15,0,18,7,0,0,1,0,0,0
2022,8,264.0,함양군,130.9,-158.2,21.1,20,15,12,6,0,,1.1,5.7,SSW,4,0,18,7,,0,,,,
2022,8,266.0,광양시,186.1,,42.1,2,14,12,5,3,,1.7,7.4,ESE,1,0,15,3,,0,,,,
2022,8,268.0,진도군,84.7,-150.6,23.7,12,10,7,4,0,,2.3,6.8,SSW,15,0,11,2,,0,,,,
2022,8,271.0,봉화,370.4,123.6,103.3,10,19,17,8,5,,0.9,4.7,NW,7,1,19,8,,0,,,,
2022,8,272.0,영주,362.3,78.6,93.8,10,19,16,6,4,,1.3,6.7,NW,3,1,18,7,,0,,,,
2022,8,273.0,문경,338.6,63.9,115.2,10,20,17,9,3,,1.0,4.9,WNW,25,0,15,7,,0,,,,
2022,8,276.0,청송군,229.4,54.9,44.0,31,17,14,7,3,,1.3,5.7,WNW,3,2,18,8,,0,,,,
2022,8,277.0,영덕,124.7,-88.9,42.0,31,15,11,2,2,,1.7,8.5,NNE,27,3,17,6,,0,,,,
2022,8,278.0,의성,203.3,-26.3,30.4,31,17,14,9,1,,0.8,5.0,SW,7,1,19,7,,0,,,,
2022,8,279.0,구미,229.2,-26.9,59.4,16,18,13,8,2,,0.7,3.7,W,17,0,16,6,,0,,,,
2022,8,281.0,영천,181.0,-52.2,46.2,16,14,12,6,1,,1.3,6.3,WSW,3,1,17,7,,0,,,,
2022,8,283.0,경주시,114.7,-77.2,35.0,30,11,8,5,1,,2.1,7.9,WSW,15,0,16,8,,0,,,,
2022,8,284.0,거창,120.2,-165.1,25.4,16,15,12,5,0,,1.1,6.3,WSW,15,0,17,6,,0,,,,
2022,8,285.0,합천,201.3,-93.5,34.6,2,15,11,8,1,,0.8,5.6,NNW,7,0,16,6,,0,,,,
2022,8,288.0,밀양,176.6,-64.0,30.9,2,13,12,8,1,,1.0,6.1,SSE,1,0,17,6,,0,,,,
2022,8,289.0,산청,232.6,-129.7,74.2,1,15,10,6,3,,1.0,6.8,WNW,13,0,17,7,,0,,,,
2022,8,294.0,거제,220.0,-110.4,49.0,16,10,8,7,4,,1.8,6.9,SE,1,0,16,6,,0,,,,
2022,8,295.0,남해,235.0,-84.7,64.3,16,10,9,8,2,,1.4,6.7,ESE,1,0,14,3,,0,,,,
2022,9,90.0,속초,263.8,63.2,119.4,5,9,5,4,3,,1.8,8.6,NE,19,,,3,,0,,,,
2022,9,93.0,북춘천,239.0,,158.0,5,8,5,3,3,,1.1,6.7,NNE,19,3,10,2,1,0,1,0,0,0
2022,9,95.0,철원,257.4,136.2,131.5,5,6,6,5,2,,1.4,6.9,NE,19,8,9,2,,0,,,,
2022,9,98.0,동두천,204.5,66.6,106.6,5,6,6,4,2,,0.8,5.5,W,23,8,9,2,,0,,,,
2022,9,99.0,파주,152.4,17.9,91.4,5,8,6,3,1,,1.1,5.5,WSW,23,6,8,2,,0,,,,
2022,9,100.0,대관령,206.5,-43.1,77.5,19,10,8,3,3,,2.0,10.5,W,23,6,12,2,,0,,,,
2022,9,101.0,춘천,256.7,128.6,166.4,5,7,5,3,3,,1.5,6.4,NNE,19,2,12,2,,0,,,,
2022,9,102.0,백령도,145.8,55.2,52.4,5,7,5,4,2,,3.3,17.2,NNW,19,11,6,4,5,1,0,0,0,0
2022,9,104.0,북강릉,235.9,,105.0,6,8,5,3,3,,1.1,5.7,N,19,7,11,3,0,0,0,0,0,0
2022,9,105.0,강릉,202.5,-26.8,99.4,6,7,6,3,2,,1.8,6.4,NE,19,8,11,4,,0,,,,
2022,9,106.0,동해,116.9,-102.9,65.6,6,7,5,3,2,,2.0,14.2,NE,19,6,11,2,,1,,,,
2022,9,108.0,서울,201.5,60.0,120.0,5,8,6,4,2,,2.4,8.0,NE,14,8,10,2,0,0,1,0,0,0
2022,9,112.0,인천,167.8,37.5,95.5,5,6,5,4,1,,2.6,10.2,NE,5,6,10,2,2,0,0,0,0,0
2022,9,114.0,원주,118.3,-28.7,64.8,5,4,3,2,2,,1.1,5.8,NNE,19,4,9,2,,0,,,,
2022,9,115.0,울릉도,73.6,-100.0,40.8,19,4,2,2,2,,3.6,23.0,ENE,19,5,12,3,4,3,0,0,0,0
2022,9,119.0,수원,190.1,56.6,120.4,5,6,6,3,2,,1.8,7.6,WNW,23,5,11,3,2,0,0,0,0,0
2022,9,121.0,영월,115.8,-23.6,57.3,6,4,3,2,2,,1.0,6.6,E,14,2,12,1,,0,,,,
2022,9,127.0,충주,102.0,-38.2,50.6,6,4,4,2,2,,1.2,6.5,W,23,3,12,2,,0,,,,
2022,9,129.0,서산,165.9,21.5,108.1,5,6,4,3,2,,2.0,9.8,ENE,6,3,12,4,,0,,,,
2022,9,130.0,울진,129.6,-51.6,79.0,6,6,6,3,1,,2.4,14.5,WNW,6,4,12,2,,1,,,,
2022,9,131.0,청주,116.0,-26.3,56.0,5,5,4,2,2,,1.6,6.7,NE,19,4,10,2,2,0,0,0,0,0
2022,9,133.0,대전,90.2,-62.3,46.5,5,5,3,2,2,,2.2,9.6,WNW,6,4,11,2,2,0,0,0,0,0
2022,9,135.0,추풍령,117.1,-18.5,76.5,6,5,2,2,2,,2.2,10.4,NE,6,3,11,1,,0,,,,
2022,9,136.0,안동,29.9,-89.9,17.1,6,3,2,2,0,,1.3,7.3,WNW,6,1,13,1,6,0,0,0,0,0
2022,9,137.0,상주,109.2,-29.3,70.1,6,4,2,2,2,,0.9,5.1,NNW,6,2,13,2,,0,,,,
2022,9,138.0,포항,512.0,322.7,342.4,6,8,7,6,4,,2.8,13.2,N,6,3,16,3,1,0,0,0,0,0
2022,9,140.0,군산,80.6,-56.9,55.6,5,6,4,2,1,,2.0,10.0,WNW,23,3,13,3,,0,,,,
2022,9,143.0,대구,114.2,-28.2,81.1,6,7,2,2,2,,2.3,9.4,W,6,4,11,5,0,0,0,0,0,0
2022,9,146.0,전주,64.5,-63.7,32.9,5,6,2,2,2,,1.5,8.8,NNW,6,5,9,2,1,0,0,0,0,0
2022,9,152.0,울산,284.8,114.5,110.4,6,8,7,6,3,,2.1,10.0,NNW,6,3,17,3,2,0,0,0,0,0
2022,9,155.0,창원,156.0,-16.9,97.9,6,9,6,3,1,,1.5,9.2,NNE,6,3,11,3,0,0,0,0,0,0
2022,9,156.0,광주,89.2,-55.8,50.7,5,5,4,2,2,,1.5,7.5,NE,6,3,12,3,0,0,0,0,0,0
2022,9,159.0,부산,162.4,1.8,69.2,6,9,8,5,1,,3.0,16.2,W,6,3,13,4,1,1,0,0,0,0
2022,9,162.0,통영,159.4,-17.7,81.4,6,10,7,5,1,,2.5,13.2,NW,6,3,11,4,,0,,,,
2022,9,165.0,목포,101.9,-35.8,80.9,5,7,5,1,1,,3.3,23.1,NW,6,2,12,3,1,3,0,0,0,0
2022,9,168.0,여수,175.6,23.9,102.0,6,6,4,3,2,,4.8,21.9,NNE,6,3,12,3,0,4,0,0,0,0
2022,9,169.0,흑산도,108.6,-11.9,52.6,5,8,7,3,1,,5.1,27.0,N,6,2,17,3,5,6,2,0,0,0
2022,9,170.0,완도,160.4,-16.0,126.5,5,11,7,2,1,,2.1,10.9,SSE,4,2,13,4,,0,,,,
2022,9,172.0,고창,81.9,-41.9,54.8,5,7,5,2,1,,2.6,13.3,NNE,6,4,12,3,,0,,,,
2022,9,174.0,순천,161.4,,98.9,5,6,3,2,2,,1.5,9.6,WNW,6,2,14,3,,0,,,,
2022,9,177.0,홍성,135.0,,77.5,5,9,5,3,2,,1.5,6.7,NW,19,4,13,2,7,0,0,0,0,0
2022,9,184.0,제주,265.8,38.0,174.0,5,12,8,4,2,,3.4,17.7,NNE,6,2,16,7,0,2,1,0,0,0
2022,9,185.0,고산,361.9,241.5,183.1,4,13,7,4,4,,5.8,37.3,NNW,6,1,13,3,,4,,,,
2022,9,188.0,성산,271.3,22.7,134.2,2,8,7,3,2,,3.9,18.2,WNW,6,1,17,4,,2,,,,
2022,9,189.0,서귀포,326.1,117.3,121.0,2,8,7,5,3,,2.5,9.5,NE,5,2,16,4,0,0,2,0,0,0
2022,9,192.0,진주,166.6,-14.1,103.7,6,6,5,2,2,,0.9,7.3,N,6,2,11,2,,0,,,,
2022,9,201.0,강화,139.2,7.7,80.9,5,6,5,3,2,,1.7,7.5,W,23,4,8,3,,0,,,,
2022,9,202.0,양평,217.0,72.5,143.5,5,4,3,3,2,,1.1,5.6,SW,23,4,12,3,,0,,,,
2022,9,203.0,이천,192.2,39.1,118.0,5,5,3,2,2,,0.8,4.8,SSE,23,3,13,2,,0,,,,
2022,9,211.0,인제,227.1,99.7,149.0,5,5,3,3,2,,1.4,6.9,NNE,19,4,12,3,,0,,,,
2022,9,212.0,홍천,242.9,101.6,158.6,5,5,4,3,2,,1.0,5.5,NE,19,2,11,2,,0,,,,
2022,9,216.0,태백,190.8,-7.6,83.4,6,6,5,3,3,,1.3,7.9,N,19,5,14,3,,0,,,,
2022,9,217.0,정선군,97.3,-21.9,52.3,6,5,3,2,2,,1.2,7.0,NE,23,2,14,3,,0,,,,
2022,9,221.0,제천,93.7,-51.6,58.0,5,6,4,2,2,,1.1,6.2,NE,18,3,11,1,,0,,,,
2022,9,226.0,보은,71.7,-65.7,37.5,5,6,2,2,2,,1.3,9.6,NNW,6,3,12,1,,0,,,,
2022,9,232.0,천안,133.3,-13.1,76.5,5,5,4,2,2,,1.3,5.8,N,6,3,11,2,,0,,,,
2022,9,235.0,보령,102.0,-33.4,62.2,5,6,5,2,1,,1.5,8.2,NNE,5,5,12,2,0,0,0,0,0,0
2022,9,236.0,부여,87.0,-59.0,52.1,5,6,4,2,2,,1.2,6.3,NNW,6,2,11,1,,0,,,,
2022,9,238.0,금산,68.2,-62.3,35.4,5,5,2,2,2,,1.1,5.0,ESE,14,3,11,2,,0,,,,
2022,9,239.0,세종,138.8,,72.2,6,6,4,2,2,,1.5,8.2,NNW,6,2,12,2,,0,,,,
2022,9,243.0,부안,85.9,-53.5,55.4,5,7,4,2,1,,,5.8,NE,6,4,11,4,,0,,,,
2022,9,244.0,임실,73.3,-65.0,49.3,5,6,3,2,1,,1.1,5.4,N,18,1,12,2,,0,,,,
2022,9,245.0,정읍,124.5,-24.0,70.0,5,6,4,2,2,,1.5,10.3,NNE,6,3,14,2,,0,,,,
2022,9,247.0,남원,70.4,-73.8,37.3,5,4,3,2,2,,2.4,10.5,ENE,14,3,12,2,,0,,,,
2022,9,248.0,장수,74.9,-78.9,40.3,6,5,2,2,2,,1.4,9.2,N,6,2,12,1,,0,,,,
2022,9,251.0,고창군,95.1,,59.1,5,8,5,2,2,,1.6,8.1,NNW,6,3,12,3,,0,,,,
2022,9,252.0,영광군,112.6,-22.2,79.1,5,7,5,2,1,,1.6,11.0,NW,6,4,12,3,,0,,,,
2022,9,253.0,김해시,137.1,-47.8,68.2,6,10,7,5,1,,1.4,13.2,ESE,6,3,12,6,,0,,,,
2022,9,254.0,순창군,72.3,-65.5,47.7,5,6,3,2,1,,1.6,13.4,NW,6,2,13,2,,0,,,,
2022,9,255.0,북창원,204.7,,126.5,6,8,5,5,2,,1.9,15.0,NW,6,3,15,5,,1,,,,
2022,9,257.0,양산시,262.0,54.2,153.9,6,8,8,5,2,,2.4,10.2,ENE,6,3,14,4,,0,,,,
2022,9,258.0,보성군,143.5,,111.6,5,6,3,2,1,,2.9,21.3,NW,6,1,12,4,,1,,,,
2022,9,259.0,강진군,189.3,25.0,148.2,5,10,6,2,2,,1.8,10.2,NW,6,2,12,4,,0,,,,
2022,9,260.0,장흥,154.9,-8.7,97.9,5,10,6,2,2,,1.7,9.3,NNW,6,2,12,3,,0,,,,
2022,9,261.0,해남,180.0,29.6,140.4,5,8,6,3,1,,2.2,14.9,N,6,2,12,2,,1,,,,
2022,9,262.0,고흥,187.6,20.4,110.6,5,5,3,2,2,,1.4,9.5,NNW,6,3,13,3,,0,,,,
2022,9,263.0,의령군,136.1,-52.3,86.9,6,9,5,2,2,,1.5,13.2,NNW,6,2,12,3,,0,,,,
2022,9,264.0,함양군,196.3,31.2,117.5,5,7,5,2,2,,0.9,7.3,WNW,6,2,14,4,,0,,,,
2022,9,266.0,광양시,156.5,,84.6,5,6,4,2,2,,2.4,11.6,WNW,6,2,12,4,,0,,,,
2022,9,268.0,진도군,229.4,74.1,183.1,5,11,5,2,1,,2.2,13.2,W,6,2,12,3,,0,,,,
2022,9,271.0,봉화,34.3,-100.8,16.5,6,7,2,2,0,,1.2,12.1,N,6,4,15,2,,0,,,,
2022,9,272.0,영주,76.1,-78.0,42.3,5,5,2,2,2,,1.6,12.8,NW,6,3,12,2,,0,,,,
2022,9,273.0,문경,78.1,-60.3,40.1,6,5,2,2,2,,1.4,10.2,NW,6,4,11,1,,0,,,,
2022,9,276.0,청송군,48.7,-88.9,33.0,6,6,3,1,1,,1.5,8.6,WNW,6,3,16,3,,0,,,,
2022,9,277.0,영덕,141.5,-18.1,47.8,2,10,7,4,2,,2.8,15.8,NNE,6,4,13,5,,1,,,,
2022,9,278.0,의성,38.3,-86.0,25.3,6,6,3,2,0,,1.0,6.6,NE,19,3,12,2,,0,,,,
2022,9,279.0,구미,141.4,-6.2,91.6,6,6,4,2,2,,0.6,5.3,WNW,6,3,12,3,,0,,,,
2022,9,281.0,영천,102.3,-35.3,71.0,6,8,5,2,1,,1.4,7.6,W,6,3,13,4,,0,,,,
2022,9,283.0,경주시,321.0,126.9,212.3,6,10,7,5,3,,2.3,13.8,W,6,4,16,4,,0,,,,
2022,9,284.0,거창,126.2,-40.0,61.6,6,6,5,2,2,,1.2,8.2,N,6,3,13,3,,0,,,,
2022,9,285.0,합천,163.0,4.4,89.4,6,7,4,3,2,,0.9,8.2,NNE,6,3,12,5,,0,,,,
2022,9,288.0,밀양,123.6,-20.8,69.7,6,10,6,3,1,,1.0,9.2,WNW,6,2,14,2,,0,,,,
2022,9,289.0,산청,153.6,-53.6,75.1,6,7,4,2,2,,1.1,9.6,WNW,6,2,12,5,,0,,,,
2022,9,294.0,거제,280.4,70.9,144.0,6,11,8,6,2,,1.4,8.9,SE,6,3,12,4,,0,,,,
2022,9,295.0,남해,328.8,106.9,192.6,6,6,5,3,2,,1.5,8.6,ENE,6,3,12,5,,0,,,,
2022,10,90.0,속초,377.1,289.2,76.8,4,12,10,8,6,,1.8,8.6,W,10,,,5,,0,,,,
2022,10,93.0,북춘천,116.1,,82.1,3,7,4,3,1,,1.0,6.6,WSW,10,6,10,4,6,0,0,0,6,4
2022,10,95.0,철원,162.1,112.2,109.5,3,7,6,4,1,,1.0,5.0,WNW,10,7,9,4,,0,,,,
2022,10,98.0,동두천,146.3,91.2,90.1,3,7,5,4,1,,0.7,6.2,WSW,9,10,8,4,,0,,,,
2022,10,99.0,파주,181.6,131.5,118.4,3,6,5,3,2,,0.9,5.4,NE,2,11,9,3,,0,,,,
2022,10,100.0,대관령,145.4,47.8,83.0,4,13,12,3,1,,2.0,15.2,W,10,5,11,4,,1,,,,
2022,10,101.0,춘천,137.3,88.0,102.9,3,4,4,3,1,,1.1,6.6,NW,3,4,10,4,,0,,,,
2022,10,102.0,백령도,82.9,51.9,37.8,3,5,4,3,2,,4.6,16.3,NNW,4,11,8,3,2,3,1,0,0,0
2022,10,104.0,북강릉,347.7,,105.5,4,13,11,7,4,,1.3,8.7,WSW,10,7,11,7,0,0,0,0,0,0
2022,10,105.0,강릉,293.2,179.3,116.9,4,11,9,7,4,,2.0,9.4,W,10,6,15,9,,0,,,,
2022,10,106.0,동해,260.4,157.5,90.3,4,12,10,6,5,,1.9,8.3,W,10,6,12,6,,0,,,,
2022,10,108.0,서울,124.1,71.9,76.0,3,5,4,4,1,,2.2,6.8,W,10,12,8,3,0,0,1,0,3,1
2022,10,112.0,인천,102.1,51.0,57.1,3,5,5,3,1,,2.6,10.9,S,3,13,8,3,2,0,1,0,0,0
2022,10,114.0,원주,95.2,42.5,60.2,4,6,5,3,1,,0.8,5.0,SSW,4,5,8,2,,0,,,,
2022,10,115.0,울릉도,265.0,164.1,81.8,7,14,12,8,3,,4.0,15.2,NE,7,6,10,4,3,1,1,0,0,0
2022,10,119.0,수원,108.5,54.4,38.7,3,5,5,5,1,,1.7,7.3,SSW,3,14,7,2,1,0,2,0,2,1
2022,10,121.0,영월,78.3,28.9,53.6,4,8,7,2,1,,0.8,5.5,W,9,2,10,2,,0,,,,
2022,10,127.0,충주,96.5,39.8,59.0,4,7,6,3,1,,1.1,5.7,SSW,4,7,8,3,,0,,,,
2022,10,129.0,서산,160.0,107.0,78.7,3,5,5,3,2,,1.7,8.0,WNW,17,9,9,2,,0,,,,
2022,10,130.0,울진,296.0,198.7,94.5,6,13,12,8,4,,2.4,8.6,E,6,5,11,3,,0,,,,
2022,10,131.0,청주,105.9,47.9,59.1,4,7,5,3,1,,1.1,4.7,WNW,10,12,7,1,1,0,2,0,2,0
2022,10,133.0,대전,89.3,30.0,43.5,4,5,5,3,1,,1.7,7.1,NW,17,13,9,1,1,0,1,0,3,0
2022,10,135.0,추풍령,62.5,4.4,35.1,4,5,4,2,1,,2.2,10.7,WSW,10,8,8,2,,0,,,,
2022,10,136.0,안동,50.8,4.3,41.4,4,7,4,1,1,,1.3,7.8,WNW,10,6,8,2,11,0,0,0,4,1
2022,10,137.0,상주,62.0,4.9,31.9,4,8,6,2,1,,1.0,6.3,W,10,5,9,1,,0,,,,
2022,10,138.0,포항,25.8,-50.9,9.9,4,8,6,0,0,,2.4,9.1,WSW,10,5,9,2,0,0,0,0,0,0
2022,10,140.0,군산,73.8,18.6,34.3,3,5,4,3,1,,2.2,12.0,WNW,10,9,7,2,,0,,,,
2022,10,143.0,대구,25.6,-24.5,18.0,4,5,3,1,0,,2.1,8.7,WSW,10,11,6,1,0,0,0,0,2,0
2022,10,146.0,전주,51.1,-6.2,23.5,4,6,4,3,0,,1.4,6.3,WNW,10,12,6,2,0,0,1,0,2,0
2022,10,152.0,울산,30.4,-44.4,24.9,4,6,4,1,0,,2.0,6.0,SSW,4,6,7,1,0,0,0,0,0,0
2022,10,155.0,창원,9.8,-62.5,7.5,4,2,2,0,0,,1.4,6.9,NE,17,15,6,1,0,0,1,0,0,0
2022,10,156.0,광주,38.3,-20.7,33.4,4,4,3,1,1,,1.1,6.6,SW,4,13,5,2,0,0,1,0,1,0
2022,10,159.0,부산,9.7,-69.9,4.7,4,4,3,0,0,,3.1,12.6,WNW,17,9,6,3,0,0,0,0,0,0
2022,10,162.0,통영,10.4,-66.0,5.5,4,3,2,0,0,,2.6,11.5,SSW,4,12,7,2,,0,,,,
2022,10,165.0,목포,38.3,-20.6,29.4,4,4,3,1,0,,4.1,15.1,NW,17,11,8,1,1,2,1,0,0,0
2022,10,168.0,여수,13.0,-53.6,8.4,4,4,2,0,0,,4.4,13.9,SW,4,16,7,1,0,1,1,0,0,0
2022,10,169.0,흑산도,35.2,-23.5,22.0,4,4,3,1,0,,6.4,17.1,N,17,12,8,2,1,7,1,0,0,0
2022,10,170.0,완도,14.7,-58.3,8.9,4,4,3,0,0,,1.8,7.1,WSW,4,8,6,1,,0,,,,
2022,10,172.0,고창,40.4,-35.7,26.5,4,3,3,1,0,,2.5,10.9,NNW,17,6,6,2,,0,,,,
2022,10,174.0,순천,32.5,,27.2,4,3,3,1,0,,1.8,7.6,WNW,17,9,7,1,,0,,,,
2022,10,177.0,홍성,154.0,,68.8,4,5,5,3,2,,1.2,6.2,W,10,9,11,2,8,0,3,0,3,0
2022,10,184.0,제주,22.1,-73.0,12.1,9,6,4,1,0,,3.5,10.8,NNW,9,6,5,0,0,0,0,0,0,0
2022,10,185.0,고산,8.4,-48.5,5.9,9,7,1,0,0,,7.1,20.5,NNW,9,11,8,0,,9,,,,
2022,10,188.0,성산,36.2,-77.8,28.4,8,6,3,1,0,,3.4,9.3,W,23,5,6,2,,0,,,,
2022,10,189.0,서귀포,11.8,-88.6,7.1,9,6,2,0,0,,1.9,5.7,ENE,29,13,8,1,0,0,0,0,0,0
2022,10,192.0,진주,22.3,-46.0,16.9,4,6,3,1,0,,0.9,6.1,W,10,12,7,1,0,0,1,0,0,0
2022,10,201.0,강화,182.8,127.0,100.2,3,5,4,3,3,,1.5,7.9,WNW,9,13,8,3,,0,,,,
2022,10,202.0,양평,100.1,53.0,38.7,3,6,5,3,2,,1.0,5.9,WNW,10,8,8,3,,0,,,,
2022,10,203.0,이천,83.5,32.6,29.7,4,7,5,3,0,,0.7,5.4,S,3,12,9,4,,0,,,,
2022,10,211.0,인제,114.9,70.1,67.8,3,7,5,2,1,,1.2,6.3,S,10,3,10,3,,0,,,,
2022,10,212.0,홍천,143.1,93.4,67.1,4,6,4,3,2,,0.8,5.7,SSW,3,6,9,5,,0,,,,
2022,10,216.0,태백,69.7,4.2,44.7,4,11,9,1,1,,1.1,6.6,WSW,4,6,11,5,,0,,,,
2022,10,217.0,정선군,90.6,32.7,63.1,4,8,5,2,1,,1.1,7.6,NNE,10,3,13,3,,0,,,,
2022,10,221.0,제천,87.1,29.7,53.5,4,7,5,3,1,,0.9,5.0,WSW,10,5,8,3,,0,,,,
2022,10,226.0,보은,89.7,33.1,47.5,4,8,5,3,1,,1.0,6.1,W,10,8,9,1,,0,,,,
2022,10,232.0,천안,98.2,42.7,52.0,4,6,5,3,1,,1.0,6.6,W,10,7,9,3,,0,,,,
2022,10,235.0,보령,112.0,52.1,65.1,3,7,5,3,1,,1.1,9.2,SSW,4,11,10,4,,0,,,,
2022,10,236.0,부여,103.7,40.1,45.7,3,5,5,3,2,,,5.7,S,4,9,7,2,,0,,,,
2022,10,238.0,금산,59.3,3.6,29.0,4,5,4,2,0,,0.9,5.9,SSW,4,8,8,1,,0,,,,
2022,10,239.0,세종,100.7,,45.5,4,6,6,3,1,,1.1,5.3,NNW,24,8,8,1,,0,,,,
2022,10,243.0,부안,37.6,-18.4,21.2,4,5,4,2,0,,1.3,6.9,WNW,10,7,6,1,,0,,,,
2022,10,244.0,임실,49.0,-9.1,32.1,4,6,3,1,1,,0.9,5.0,SSW,4,6,5,2,,0,,,,
2022,10,245.0,정읍,45.0,-16.0,24.9,4,5,3,2,0,,1.5,7.6,N,17,6,7,1,,0,,,,
2022,10,247.0,남원,53.2,-9.8,45.6,4,5,3,1,1,,1.6,6.5,ESE,10,10,6,1,,0,,,,
2022,10,248.0,장수,66.3,2.7,38.6,4,7,4,2,1,,1.2,7.1,WNW,10,8,6,2,,0,,,,
2022,10,251.0,고창군,53.7,,24.1,4,5,3,2,0,,1.4,7.3,WSW,10,6,6,1,,0,,,,
2022,10,252.0,영광군,59.1,-15.9,35.9,4,5,3,3,1,,1.7,8.4,E,18,7,6,1,,0,,,,
2022,10,253.0,김해시,12.7,-77.1,10.5,4,4,2,1,0,,1.4,9.4,NW,10,8,7,2,,0,,,,
2022,10,254.0,순창군,54.6,-34.0,42.6,4,6,3,1,1,,1.6,8.3,NW,17,5,6,1,,0,,,,
2022,10,255.0,북창원,13.3,,11.3,4,3,2,1,0,,1.7,7.5,NW,24,10,7,1,0,0,1,0,0,0
2022,10,257.0,양산시,22.8,-89.6,20.3,4,5,3,1,0,,1.9,6.5,W,10,6,7,2,,0,,,,
2022,10,258.0,보성군,15.7,,13.1,4,4,2,1,0,,2.9,10.5,NW,23,13,7,1,,0,,,,
2022,10,259.0,강진군,23.5,-82.8,16.3,4,5,3,1,0,,1.6,7.3,NW,17,10,8,1,,0,,,,
2022,10,260.0,장흥,22.1,-41.3,14.9,4,3,3,1,0,,1.5,8.8,N,17,11,7,1,,0,,,,
2022,10,261.0,해남,27.0,-38.1,19.8,4,5,2,1,0,,1.7,8.9,SW,4,8,7,1,,0,,,,
2022,10,262.0,고흥,13.2,-53.6,12.2,4,3,1,1,0,,1.5,7.8,WNW,10,13,5,1,,0,,,,
2022,10,263.0,의령군,24.4,-85.3,21.0,4,3,2,1,0,,1.5,8.7,WNW,10,10,7,1,0,0,1,0,0,0
2022,10,264.0,함양군,20.3,-95.3,16.1,4,4,3,1,0,,1.1,7.2,SSW,17,9,8,1,,0,,,,
2022,10,266.0,광양시,19.1,,15.5,4,3,3,1,0,,2.1,7.0,WNW,17,12,6,1,,0,,,,
2022,10,268.0,진도군,27.2,-48.8,20.4,4,6,2,1,0,,2.7,10.1,N,18,9,7,2,,0,,,,
2022,10,271.0,봉화,83.2,35.1,64.4,4,7,6,1,1,,1.1,7.0,WNW,10,5,12,2,,0,,,,
2022,10,272.0,영주,58.3,0.1,37.5,4,7,5,1,1,,1.9,9.6,NW,10,5,9,3,,0,,,,
2022,10,273.0,문경,59.0,0.2,38.2,4,6,4,2,1,,1.5,8.0,WNW,10,5,8,2,,0,,,,
2022,10,276.0,청송군,32.6,-51.2,21.6,4,7,5,1,0,,1.4,8.9,WNW,10,3,10,1,,0,,,,
2022,10,277.0,영덕,62.8,-23.4,26.7,4,12,9,3,0,,2.3,10.7,W,11,4,10,4,,0,,,,
2022,10,278.0,의성,35.2,-6.3,21.7,4,6,5,1,0,,0.9,6.7,W,10,6,9,1,,0,,,,
2022,10,279.0,구미,32.0,-21.3,20.2,4,5,3,1,0,,0.6,4.3,W,10,7,8,1,,0,,,,
2022,10,281.0,영천,22.9,-25.7,13.5,4,4,3,1,0,,1.4,6.6,WNW,10,5,8,2,,0,,,,
2022,10,283.0,경주시,21.2,-87.0,15.8,4,4,3,1,0,,2.2,10.4,WSW,10,6,6,2,,0,,,,
2022,10,284.0,거창,22.5,-38.3,16.2,4,5,4,1,0,,1.2,6.8,W,10,7,8,1,,0,,,,
2022,10,285.0,합천,19.5,-45.0,15.0,4,3,3,1,0,,0.7,4.8,NW,10,9,7,1,,0,,,,
2022,10,288.0,밀양,28.7,-24.6,23.7,4,3,3,1,0,,1.0,5.1,WNW,10,9,7,1,,0,,,,
2022,10,289.0,산청,28.5,-45.7,25.5,4,5,2,1,0,,1.5,13.1,W,9,11,7,1,,0,,,,
2022,10,294.0,거제,14.1,-82.3,5.5,4,4,4,0,0,,1.3,5.5,SE,4,10,7,3,,0,,,,
2022,10,295.0,남해,18.1,-77.8,8.4,4,4,4,0,0,,1.5,6.7,WNW,17,11,6,1,,0,,,,
2022,11,90.0,속초,38.4,-53.6,9.8,28,7,6,0,0,,1.9,10.3,W,25,,,1,,0,,,,
2022,11,93.0,북춘천,64.0,,36.1,12,9,6,2,1,,0.9,7.0,SSW,13,10,5,1,7,0,0,1,12,11
2022,11,95.0,철원,85.2,37.1,37.1,12,10,7,2,2,,0.9,5.7,SSW,25,9,7,1,,0,,,,
2022,11,98.0,동두천,88.7,41.3,45.7,28,6,5,2,2,,0.9,6.6,WNW,29,8,5,0,,0,,,,
2022,11,99.0,파주,89.2,36.5,42.5,28,5,5,2,2,,0.9,6.1,WNW,29,9,7,1,,0,,,,
2022,11,100.0,대관령,40.0,-29.4,11.4,28,8,6,1,0,,2.5,12.0,W,25,9,6,1,,0,,,,
2022,11,101.0,춘천,69.5,21.2,39.5,12,9,5,2,1,,0.9,5.7,WSW,30,9,4,1,,0,,,,
2022,11,102.0,백령도,40.9,-1.0,22.4,28,9,4,2,0,,4.5,17.1,NNW,29,7,7,6,6,4,0,2,0,3
2022,11,104.0,북강릉,53.4,,30.5,13,7,6,2,1,,1.3,10.8,W,25,13,5,1,0,0,0,0,0,2
2022,11,105.0,강릉,62.3,-18.8,28.7,13,7,6,2,0,,2.2,11.1,W,25,10,6,2,,0,,,,
2022,11,106.0,동해,55.7,-15.9,24.8,23,6,4,3,0,,1.8,8.7,NE,13,12,5,2,,0,,,,
2022,11,108.0,서울,84.5,33.4,57.9,12,5,5,2,1,,2.1,6.5,WNW,30,12,5,1,0,0,2,1,5,7
2022,11,112.0,인천,81.3,30.5,47.7,12,5,4,2,2,,2.7,10.1,NW,29,10,5,0,3,0,1,1,1,3
2022,11,114.0,원주,54.6,12.5,25.0,12,8,5,2,0,,0.7,4.5,WSW,29,10,4,1,,0,,,,
2022,11,115.0,울릉도,70.9,-46.0,24.3,29,10,9,3,0,,3.3,17.3,ENE,13,3,5,1,2,1,0,1,0,1
2022,11,119.0,수원,51.4,2.5,34.7,12,8,4,2,1,,1.5,6.4,WNW,29,12,5,1,3,0,0,0,4,5
2022,11,121.0,영월,53.9,16.5,13.8,29,7,7,2,0,,0.7,6.5,WNW,26,9,3,2,,0,,,,
2022,11,127.0,충주,79.5,40.1,28.9,12,7,4,3,0,,0.9,5.2,W,30,10,4,1,,0,,,,
2022,11,129.0,서산,72.9,18.8,56.0,12,5,3,2,1,,1.6,7.1,SSE,25,8,6,1,,0,,,,
2022,11,130.0,울진,200.6,139.6,146.7,22,5,5,3,2,,2.4,10.8,E,23,12,5,2,,0,,,,
2022,11,131.0,청주,56.7,10.1,27.4,28,6,4,2,0,,0.9,5.3,WNW,29,11,3,1,3,0,0,1,7,3
2022,11,133.0,대전,45.8,-2.2,30.1,28,7,6,1,1,,1.5,7.4,NW,30,10,3,2,2,0,0,1,8,3
2022,11,135.0,추풍령,38.7,-4.3,19.8,29,6,4,1,0,,2.2,9.4,W,30,9,6,1,,0,,,,
2022,11,136.0,안동,35.6,4.7,16.8,29,6,5,1,0,,1.2,6.3,W,26,7,3,1,10,0,0,0,8,7
2022,11,137.0,상주,29.8,-5.4,12.6,28,7,3,2,0,,1.1,6.2,W,26,8,5,1,,0,,,,
2022,11,138.0,포항,84.3,44.2,52.7,22,4,4,3,1,,2.3,7.1,N,13,12,4,2,0,0,1,0,1,1
2022,11,140.0,군산,75.4,21.5,51.5,28,5,3,2,1,,1.9,9.9,WNW,30,5,6,1,,0,,,,
2022,11,143.0,대구,46.6,16.9,17.7,29,7,3,3,0,,1.7,8.1,SW,30,12,4,2,0,0,0,0,8,3
2022,11,146.0,전주,77.0,27.2,37.9,28,8,4,2,1,,1.5,6.5,NNW,29,9,4,1,2,0,0,0,5,3
2022,11,152.0,울산,44.9,0.7,23.2,29,6,3,2,0,,1.9,5.4,NNW,30,15,5,1,0,0,0,0,0,1
2022,11,155.0,창원,46.0,-1.9,17.8,13,6,5,2,0,,1.3,6.4,NE,30,16,5,1,0,0,0,0,0,1
2022,11,156.0,광주,46.7,-3.5,21.1,12,7,5,2,0,,1.0,6.0,NE,30,10,5,3,1,0,0,0,4,2
2022,11,159.0,부산,61.3,10.9,24.8,13,6,5,3,0,,2.7,12.3,SW,13,14,4,2,0,0,0,0,0,1
2022,11,162.0,통영,46.9,-1.7,17.4,13,7,4,2,0,,2.4,11.5,SSW,29,13,5,1,,0,,,,
2022,11,165.0,목포,33.1,-15.8,9.7,12,8,7,0,0,,3.6,17.9,NW,29,11,4,3,3,2,0,1,0,1
2022,11,168.0,여수,59.6,12.8,24.5,28,7,5,3,0,,3.7,18.8,NW,30,13,6,3,0,1,0,0,0,0
2022,11,169.0,흑산도,35.4,-10.7,18.2,12,7,6,1,0,,5.5,19.6,N,29,7,6,2,3,4,0,1,0,0
2022,11,170.0,완도,36.1,-26.6,16.0,13,8,7,1,0,,1.8,7.4,SSE,28,11,7,3,,0,,,,
2022,11,172.0,고창,75.8,16.7,32.1,12,7,6,4,1,,2.5,10.7,ESE,28,5,6,3,,0,,,,
2022,11,174.0,순천,51.3,,30.6,28,6,6,2,1,,1.7,8.0,WNW,29,9,7,3,,0,,,,
2022,11,177.0,홍성,53.6,,33.7,12,6,3,2,1,,1.1,7.3,WSW,12,8,7,2,9,0,1,2,5,3
2022,11,184.0,제주,87.8,18.3,23.3,20,8,7,3,0,,3.1,8.7,NE,30,5,7,5,0,0,1,1,0,0
2022,11,185.0,고산,68.4,8.2,46.4,28,8,7,1,1,,6.2,17.8,NNW,30,6,8,3,,4,,,,
2022,11,188.0,성산,173.8,71.0,97.5,28,8,7,3,1,,3.1,10.4,W,13,7,9,3,,0,,,,
2022,11,189.0,서귀포,79.9,-6.3,41.1,28,7,6,2,1,,1.7,5.9,SSW,28,10,8,3,0,0,1,0,0,0
2022,11,192.0,진주,87.8,43.1,39.5,29,6,4,3,2,,0.6,4.9,N,30,11,4,0,,0,,,,
2022,11,201.0,강화,100.2,53.9,56.1,28,7,4,2,2,,1.4,9.9,SSW,12,9,7,0,,0,,,,
2022,11,202.0,양평,45.0,-1.4,26.6,12,7,5,2,0,,0.9,5.1,WNW,29,7,4,1,,0,,,,
2022,11,203.0,이천,47.6,2.5,25.1,12,7,4,2,0,,0.7,5.2,SW,13,7,4,1,,0,,,,
2022,11,211.0,인제,61.8,20.9,28.7,12,8,4,2,0,,1.1,5.9,SW,26,9,3,1,,0,,,,
2022,11,212.0,홍천,41.5,0.6,17.7,12,9,5,2,0,,0.7,4.4,WNW,26,8,5,1,,0,,,,
2022,11,216.0,태백,65.0,19.8,16.1,13,6,6,4,0,,1.0,6.8,SW,28,10,3,1,,0,,,,
2022,11,217.0,정선군,58.8,11.5,14.4,29,6,6,4,0,,1.2,9.2,NNE,26,10,3,1,,0,,,,
2022,11,221.0,제천,60.0,16.6,26.9,28,7,6,2,0,,0.9,5.5,WSW,26,11,4,1,,0,,,,
2022,11,226.0,보은,39.9,-5.3,19.6,28,6,4,2,0,,0.9,5.5,WNW,30,8,5,2,,0,,,,
2022,11,232.0,천안,43.2,-4.4,20.5,28,7,4,2,0,,0.9,5.0,W,13,5,3,1,,0,,,,
2022,11,235.0,보령,23.3,-30.4,11.7,28,5,3,1,0,,1.3,9.3,SSW,12,5,6,2,,0,,,,
2022,11,236.0,부여,36.4,-15.4,24.0,28,6,4,1,0,,0.9,4.9,NNW,29,6,7,2,,0,,,,
2022,11,238.0,금산,54.2,7.0,23.8,28,6,5,3,0,,0.8,5.6,S,12,7,6,1,,0,,,,
2022,11,239.0,세종,39.8,,24.8,28,7,5,1,0,,1.0,6.1,NNW,30,4,5,1,,0,,,,
2022,11,243.0,부안,63.7,11.4,41.5,28,8,6,2,1,,1.1,6.3,W,13,3,7,2,,0,,,,
2022,11,244.0,임실,74.6,23.9,28.7,13,8,6,3,0,,0.8,4.8,WNW,13,7,5,3,,0,,,,
2022,11,245.0,정읍,77.6,22.0,28.2,12,8,6,4,0,,1.4,7.9,NNE,30,4,6,2,,0,,,,
2022,11,247.0,남원,54.0,8.7,24.5,13,7,5,3,0,,1.4,5.1,SSE,12,6,6,0,,0,,,,
2022,11,248.0,장수,89.3,37.2,46.1,13,7,7,3,1,,1.1,6.0,N,30,7,5,2,,0,,,,
2022,11,251.0,고창군,91.0,,48.7,12,8,6,3,1,,1.4,7.4,ESE,28,5,6,3,,0,,,,
2022,11,252.0,영광군,69.1,11.8,28.4,12,9,7,3,0,,1.5,9.5,NNE,29,5,7,4,,0,,,,
2022,11,253.0,김해시,42.1,-4.9,22.0,13,6,5,2,0,,1.4,6.7,S,29,11,5,1,,0,,,,
2022,11,254.0,순창군,51.5,-7.7,19.1,12,7,5,2,0,,1.5,10.0,NW,29,5,5,1,,0,,,,
2022,11,255.0,북창원,39.6,,14.4,29,6,5,2,0,,1.5,9.5,NW,30,13,5,1,,0,,,,
2022,11,257.0,양산시,53.9,1.7,26.2,13,6,5,2,0,,1.4,6.6,NNW,30,11,5,1,,0,,,,
2022,11,258.0,보성군,81.7,,43.3,28,7,6,2,1,,2.6,10.8,NNW,29,10,7,3,,0,,,,
2022,11,259.0,강진군,44.3,-20.6,19.1,28,7,6,2,0,,1.6,8.2,NNW,30,9,6,3,,0,,,,
2022,11,260.0,장흥,35.3,-19.5,12.4,13,7,6,1,0,,1.4,7.3,NNE,30,9,6,3,,0,,,,
2022,11,261.0,해남,30.7,-20.4,12.2,29,7,5,2,0,,1.6,7.3,SW,13,10,7,3,,0,,,,
2022,11,262.0,고흥,60.5,9.1,35.6,28,6,5,2,1,,1.3,7.6,WNW,13,12,6,3,,0,,,,
2022,11,263.0,의령군,56.2,8.1,29.7,29,6,4,2,0,,1.2,7.5,SW,13,14,6,2,,0,,,,
2022,11,264.0,함양군,44.1,-6.8,18.8,13,7,5,2,0,,1.3,7.6,SSW,30,8,6,1,,0,,,,
2022,11,266.0,광양시,120.3,,60.6,28,7,5,3,2,,1.8,10.5,WNW,30,11,6,4,,0,,,,
2022,11,268.0,진도군,39.6,-12.5,14.0,29,8,5,2,0,,2.4,12.3,NNE,29,10,5,3,,0,,,,
2022,11,271.0,봉화,78.7,45.5,27.9,13,6,6,2,0,,1.0,6.8,WSW,26,10,3,0,,0,,,,
2022,11,272.0,영주,55.8,13.6,25.0,13,6,6,2,0,,2.2,9.8,WNW,26,10,3,1,,0,,,,
2022,11,273.0,문경,31.6,-9.3,12.4,29,7,6,1,0,,1.6,8.1,WNW,30,9,4,1,,0,,,,
2022,11,276.0,청송군,66.3,28.7,27.0,29,6,5,2,0,,1.3,7.1,WNW,26,8,6,0,,0,,,,
2022,11,277.0,영덕,172.2,122.4,108.4,22,6,5,3,2,,2.5,9.6,WNW,30,10,6,2,,0,,,,
2022,11,278.0,의성,58.0,27.5,29.6,29,7,5,3,0,,0.7,5.6,WNW,26,9,5,2,,0,,,,
2022,11,279.0,구미,55.0,22.2,21.4,13,6,3,3,0,,0.5,3.9,WNW,30,8,7,2,,0,,,,
2022,11,281.0,영천,45.1,13.5,27.8,29,7,4,2,0,,1.2,6.8,WNW,30,10,5,1,,0,,,,
2022,11,283.0,경주시,27.9,-9.9,12.2,13,5,3,1,0,,2.2,9.1,NNW,30,10,5,3,,0,,,,
2022,11,284.0,거창,61.8,24.0,37.7,13,6,5,1,1,,1.0,5.8,SW,13,12,4,2,,0,,,,
2022,11,285.0,합천,77.5,42.8,25.2,28,6,4,4,0,,0.5,4.6,NNW,26,11,5,3,,0,,,,
2022,11,288.0,밀양,37.9,-2.2,23.6,29,5,4,2,0,,0.8,6.2,NNW,30,12,4,1,,0,,,,
2022,11,289.0,산청,71.5,27.9,39.6,28,8,5,3,1,,1.2,8.7,WNW,30,9,5,3,,0,,,,
2022,11,294.0,거제,68.1,9.1,22.7,12,7,5,3,0,,1.0,6.0,NW,30,13,3,2,,0,,,,
2022,11,295.0,남해,56.9,-6.0,18.9,28,7,5,3,0,,1.2,5.9,WNW,13,12,4,4,,0,,,,
2022,12,90.0,속초,0.7,-39.4,0.7,13,1,0,0,0,,2.4,8.8,WNW,31,,,0,,0,,,,
2022,12,93.0,북춘천,10.7,,4.6,21,5,4,0,0,,1.0,6.8,WSW,28,11,4,2,3,0,0,10,24,31
2022,12,95.0,철원,8.1,-14.0,3.1,21,6,3,0,0,,0.9,7.4,WNW,13,5,5,1,,0,,,,
2022,12,98.0,동두천,12.0,-10.2,5.9,21,7,4,0,0,,0.9,7.5,WNW,13,12,4,1,,0,,,,
2022,12,99.0,파주,8.4,-11.6,3.9,21,9,4,0,0,,0.9,6.9,NNW,13,15,4,1,,0,,,,
2022,12,100.0,대관령,2.3,-32.4,0.9,15,3,0,0,0,,4.4,12.9,W,13,13,2,1,,0,,,,
2022,12,101.0,춘천,10.7,-13.5,4.1,21,6,4,0,0,,1.2,7.6,W,13,12,5,2,,0,,,,
2022,12,102.0,백령도,25.1,3.5,6.3,20,12,6,0,0,,5.8,17.0,NNW,22,3,13,1,0,4,1,22,3,27
2022,12,104.0,북강릉,0.0,,0.0,24,0,0,0,0,,1.8,7.5,WSW,22,18,0,0,0,0,0,3,14,30
2022,12,105.0,강릉,,,-999.0,,0,0,0,0,,3.1,7.5,WNW,14,12,1,0,,0,,,,
2022,12,106.0,동해,0.4,-22.1,0.4,13,1,0,0,0,,2.4,9.1,WNW,14,12,1,0,,0,,,,
2022,12,108.0,서울,13.6,-9.0,5.4,12,9,4,0,0,,2.3,7.4,WNW,13,16,2,2,0,0,0,11,12,31
2022,12,112.0,인천,14.0,-8.3,3.9,21,11,6,0,0,,3.0,11.1,WNW,13,10,1,0,0,0,0,10,4,28
2022,12,114.0,원주,6.1,-17.4,2.8,21,4,2,0,0,,0.9,4.8,W,23,10,4,1,,0,,,,
2022,12,115.0,울릉도,108.9,-20.4,25.1,23,19,13,3,0,,3.7,11.3,NW,23,0,17,6,0,0,3,20,0,19
2022,12,119.0,수원,19.7,-6.1,4.1,21,11,5,0,0,,1.8,7.8,NW,13,13,3,0,0,0,0,13,20,30
2022,12,121.0,영월,14.4,-7.9,7.3,21,5,3,0,0,,0.9,7.0,W,13,12,4,1,,0,,,,
2022,12,127.0,충주,18.8,-6.1,9.9,13,7,4,0,0,,0.9,6.3,W,22,8,5,1,,0,,,,
2022,12,129.0,서산,31.9,-2.3,6.9,17,14,7,0,0,,1.8,9.8,WSW,13,1,11,0,,0,,,,
2022,12,130.0,울진,3.9,-29.3,3.6,11,2,1,0,0,,3.1,9.2,W,18,14,2,0,,0,,,,
2022,12,131.0,청주,20.0,-6.7,5.3,23,10,7,0,0,,1.0,4.7,WNW,23,9,6,1,2,0,0,11,13,30
2022,12,133.0,대전,14.7,-15.0,5.8,21,7,4,0,0,,1.6,8.1,NW,13,11,4,1,2,0,0,13,15,28
2022,12,135.0,추풍령,11.5,-14.3,6.6,21,7,3,0,0,,3.4,11.8,WSW,23,8,5,1,,0,,,,
2022,12,136.0,안동,3.8,-14.8,3.2,21,2,1,0,0,,1.8,8.0,WNW,22,14,5,1,2,0,0,8,18,31
2022,12,137.0,상주,12.1,-11.2,6.5,21,6,2,0,0,,2.0,7.6,WNW,23,13,5,1,,0,,,,
2022,12,138.0,포항,6.5,-19.6,5.5,21,2,2,0,0,,3.0,8.9,WSW,23,15,3,0,0,0,0,3,5,26
2022,12,140.0,군산,47.4,10.2,15.0,23,12,7,2,0,,2.0,14.0,NW,13,3,8,1,,1,,,,
2022,12,143.0,대구,3.6,-15.1,2.5,21,2,2,0,0,,2.4,9.0,WSW,23,10,2,0,0,0,0,5,21,29
2022,12,146.0,전주,30.0,-4.0,9.6,21,10,6,0,0,,1.6,7.2,WSW,13,6,7,1,2,0,0,9,21,30
2022,12,152.0,울산,9.7,-18.7,7.0,21,3,2,0,0,,2.5,6.6,WNW,22,16,1,0,0,0,0,4,4,27
2022,12,155.0,창원,12.1,-15.6,10.8,21,2,2,1,0,,1.6,7.2,NE,5,17,3,0,0,0,0,3,4,22
2022,12,156.0,광주,30.6,-6.5,13.9,23,10,6,1,0,,1.2,5.3,NE,4,5,5,1,0,0,0,9,13,28
2022,12,159.0,부산,21.4,-12.4,19.4,21,2,2,1,0,,3.3,14.7,W,23,17,1,0,0,1,0,2,0,21
2022,12,162.0,통영,18.1,-14.3,15.9,21,2,2,1,0,,2.7,9.5,NNE,1,12,5,0,,0,,,,
2022,12,165.0,목포,22.8,-14.4,6.9,17,10,6,0,0,,4.1,14.4,NW,23,3,9,2,0,3,0,11,8,21
2022,12,168.0,여수,4.5,-21.9,3.2,21,4,1,0,0,,4.5,13.7,NW,23,11,4,0,0,0,0,5,1,20
2022,12,169.0,흑산도,15.7,-17.4,4.0,21,11,7,0,0,,6.7,19.1,N,23,0,15,4,0,6,0,11,1,9
2022,12,170.0,완도,16.8,-20.4,7.6,22,6,5,0,0,,2.3,10.1,WNW,18,4,7,1,,0,,,,
2022,12,172.0,고창,34.0,-9.1,10.3,18,11,6,1,0,,3.0,13.7,W,17,2,10,2,,0,,,,
2022,12,174.0,순천,7.8,,2.9,21,7,3,0,0,,2.6,8.5,WNW,13,8,7,0,,0,,,,
2022,12,177.0,홍성,28.2,,6.5,15,12,7,0,0,,1.3,7.7,WNW,13,3,7,0,2,0,1,18,15,31
2022,12,181.0,서청주(예),23.3,,7.0,23,9,6,0,0,,1.4,8.0,NW,13,6,5,1,,0,,,,
2022,12,184.0,제주,35.3,-20.3,17.7,21,11,8,1,0,,4.5,12.4,NNW,23,0,18,5,0,0,2,7,0,4
2022,12,185.0,고산,22.9,-17.8,7.5,21,12,6,0,0,,9.9,26.3,NW,18,0,21,1,,15,,,,
2022,12,188.0,성산,54.8,-24.0,23.0,22,10,9,1,0,,3.0,11.2,W,17,0,16,2,,0,,,,
2022,12,189.0,서귀포,24.3,-31.3,7.5,18,9,6,0,0,,1.5,4.8,S,5,3,11,2,0,0,0,7,1,6
2022,12,192.0,진주,6.6,-19.5,5.8,21,2,1,0,0,,0.9,6.3,W,17,12,2,1,,0,,,,
2022,12,201.0,강화,12.5,-8.8,5.7,21,8,4,0,0,,1.4,7.5,SSW,13,6,5,0,,0,,,,
2022,12,202.0,양평,10.7,-10.7,3.7,21,8,4,0,0,,1.2,6.4,WNW,13,12,4,2,,0,,,,
2022,12,203.0,이천,14.8,-8.1,5.2,21,9,5,0,0,,0.9,5.1,WSW,13,8,5,3,,0,,,,
2022,12,211.0,인제,5.4,-15.4,2.4,21,5,2,0,0,,1.3,6.1,SSW,17,11,4,2,,0,,,,
2022,12,212.0,홍천,7.6,-11.5,3.2,21,6,2,0,0,,0.9,7.0,WNW,13,13,3,2,,0,,,,
2022,12,216.0,태백,5.0,-14.4,2.7,13,2,2,0,0,,1.4,6.5,SW,12,12,3,0,,0,,,,
2022,12,217.0,정선군,12.1,-8.9,6.6,21,4,3,0,0,,1.8,9.9,NNE,7,11,5,2,,0,,,,
2022,12,221.0,제천,19.6,-5.0,9.5,21,7,4,0,0,,1.2,6.3,WNW,13,10,5,2,,0,,,,
2022,12,226.0,보은,18.0,-10.2,6.8,13,8,4,0,0,,1.1,6.4,WNW,23,10,6,2,,0,,,,
2022,12,232.0,천안,28.8,0.9,11.2,13,13,6,1,0,,1.0,5.8,W,23,4,4,1,,0,,,,
2022,12,235.0,보령,14.0,-21.0,4.8,21,10,6,0,0,,1.4,7.3,N,17,2,11,1,,0,,,,
2022,12,236.0,부여,17.8,-13.6,4.8,21,8,5,0,0,,1.0,6.9,NW,23,6,7,1,,0,,,,
2022,12,238.0,금산,18.0,-11.3,11.0,21,7,4,1,0,,1.0,6.3,WNW,23,9,7,2,,0,,,,
2022,12,239.0,세종,19.0,,5.6,21,10,4,0,0,,1.1,6.3,NW,23,9,6,1,,0,,,,
2022,12,243.0,부안,57.0,14.6,17.0,23,10,8,2,0,,1.2,6.9,WNW,22,1,13,3,,0,,,,
2022,12,244.0,임실,41.8,8.5,12.9,22,9,6,1,0,,0.9,5.5,W,13,4,8,4,,0,,,,
2022,12,245.0,정읍,66.7,21.4,23.3,23,11,7,2,0,,1.5,7.8,N,22,3,9,3,,0,,,,
2022,12,247.0,남원,28.8,-1.2,8.8,21,8,5,0,0,,1.3,7.6,SE,13,2,8,3,,0,,,,
2022,12,248.0,장수,26.9,-9.5,9.1,21,9,5,0,0,,1.4,6.7,NW,23,6,8,1,,0,,,,
2022,12,251.0,고창군,20.3,,7.5,23,9,6,0,0,,1.5,7.8,WNW,22,1,10,3,,0,,,,
2022,12,252.0,영광군,35.1,-11.1,8.8,18,11,8,0,0,,1.6,9.3,NNW,22,2,12,0,,0,,,,
2022,12,253.0,김해시,12.4,-19.7,10.7,21,2,2,1,0,,2.2,9.8,NW,23,13,1,0,,0,,,,
2022,12,254.0,순창군,46.2,10.3,15.2,22,8,6,2,0,,1.5,10.3,W,13,6,5,4,,0,,,,
2022,12,255.0,북창원,13.2,,10.6,21,2,2,1,0,,1.9,8.1,WNW,22,16,2,0,,0,,,,
2022,12,257.0,양산시,11.3,-22.3,10.0,21,2,2,1,0,,1.8,7.6,NW,23,14,1,0,,0,,,,
2022,12,258.0,보성군,12.1,,4.3,18,5,4,0,0,,3.4,12.4,NW,17,6,6,0,,0,,,,
2022,12,259.0,강진군,21.7,-14.8,8.9,22,9,6,0,0,,1.9,7.7,W,23,4,6,2,,0,,,,
2022,12,260.0,장흥,10.0,-21.8,4.0,22,7,4,0,0,,1.8,6.8,N,25,5,9,0,,0,,,,
2022,12,261.0,해남,28.5,-6.1,8.0,22,11,6,0,0,,1.7,9.5,W,23,2,11,1,,0,,,,
2022,12,262.0,고흥,3.7,-22.9,1.9,18,5,1,0,0,,1.8,8.5,NW,17,5,5,0,,0,,,,
2022,12,263.0,의령군,6.3,-22.3,5.8,21,2,1,0,0,,1.9,10.4,NW,23,12,2,1,,0,,,,
2022,12,264.0,함양군,7.5,-14.9,5.3,21,6,1,0,0,,2.2,7.5,SW,25,5,8,1,,0,,,,
2022,12,266.0,광양시,7.3,,3.4,21,5,3,0,0,,2.1,8.1,WNW,13,10,4,0,,0,,,,
2022,12,268.0,진도군,21.5,-21.7,5.5,22,10,6,0,0,,2.8,9.0,NW,23,1,9,2,,0,,,,
2022,12,271.0,봉화,12.2,-8.1,5.8,21,7,3,0,0,,1.3,7.2,WSW,4,12,4,1,,0,,,,
2022,12,272.0,영주,11.7,-11.6,6.4,13,4,3,0,0,,3.7,13.8,NW,23,9,5,1,,0,,,,
2022,12,273.0,문경,10.3,-12.6,5.4,21,4,3,0,0,,2.3,8.4,W,23,10,6,1,,0,,,,
2022,12,276.0,청송군,4.9,-12.8,4.2,21,4,1,0,0,,2.2,8.6,WNW,22,14,3,1,,0,,,,
2022,12,277.0,영덕,3.1,-21.2,3.0,21,2,1,0,0,,3.4,14.9,WNW,23,13,4,0,,1,,,,
2022,12,278.0,의성,5.6,-10.7,4.4,21,2,2,0,0,,0.9,7.2,W,23,12,5,1,,0,,,,
2022,12,279.0,구미,5.2,-13.1,2.7,21,5,2,0,0,,1.0,6.9,WNW,23,9,3,1,,0,,,,
2022,12,281.0,영천,5.8,-13.0,3.8,21,3,2,0,0,,2.2,8.6,W,22,11,2,1,,0,,,,
2022,12,283.0,경주시,5.6,-18.8,4.6,21,3,1,0,0,,3.2,11.4,W,23,14,2,0,,0,,,,
2022,12,284.0,거창,5.9,-16.4,4.6,21,3,2,0,0,,1.5,7.9,WNW,23,8,6,0,,0,,,,
2022,12,285.0,합천,2.3,-17.8,1.9,21,4,1,0,0,,0.8,4.6,WNW,23,11,2,0,,0,,,,
2022,12,288.0,밀양,9.2,-13.4,7.6,21,2,2,0,0,,1.0,7.0,WNW,23,14,2,0,,0,,,,
2022,12,289.0,산청,3.5,-20.4,1.3,21,6,2,0,0,,2.4,12.9,WNW,23,7,4,0,,0,,,,
2022,12,294.0,거제,17.3,-19.7,15.5,21,2,2,1,0,,1.4,5.8,NW,1,10,3,1,,0,,,,
2022,12,295.0,남해,7.8,-27.4,6.5,21,2,2,0,0,,1.6,8.1,WNW,17,10,4,0,,0,,,,
2023,1,90.0,속초,94.7,51.2,47.7,15,4,4,3,1,,2.0,8.7,WNW,1,,,3,,0,,,,
2023,1,93.0,북춘천,43.8,,25.5,13,9,6,1,0,,0.8,6.2,W,20,11,9,4,1,0,0,13,26,30
2023,1,95.0,철원,42.2,24.0,28.9,13,8,6,1,0,,0.9,5.0,WNW,24,4,4,3,,0,,,,
2023,1,98.0,동두천,49.8,31.4,32.8,13,8,5,1,1,,0.8,7.3,WNW,27,16,4,5,,0,,,,
2023,1,99.0,파주,42.9,25.5,31.3,13,10,5,1,1,,1.0,6.7,NW,24,15,5,4,,0,,,,
2023,1,100.0,대관령,27.0,-26.1,12.8,13,5,4,1,0,,3.5,15.6,W,20,14,6,5,,1,,,,
2023,1,101.0,춘천,52.3,33.7,28.6,13,9,7,2,0,,1.2,5.8,WNW,28,11,2,4,,0,,,,
2023,1,102.0,백령도,37.7,24.4,14.5,13,8,4,2,0,,5.5,15.7,NNW,24,10,9,3,1,4,0,10,8,27
2023,1,104.0,북강릉,97.3,,51.2,14,4,4,3,2,,1.6,7.6,W,20,17,4,3,1,0,0,6,10,26
2023,1,105.0,강릉,77.9,30.0,43.4,14,4,3,2,1,,2.6,7.1,W,11,17,6,3,,0,,,,
2023,1,106.0,동해,63.7,17.3,33.2,14,4,3,2,1,,2.2,8.2,NE,9,14,6,3,,0,,,,
2023,1,108.0,서울,47.9,31.1,37.3,13,7,5,1,1,,2.4,7.5,WNW,27,15,6,4,3,0,0,11,18,29
2023,1,112.0,인천,47.2,31.3,36.0,13,6,6,1,1,,2.9,10.2,NW,24,16,5,4,3,0,1,6,11,29
2023,1,114.0,원주,28.0,10.0,16.8,13,7,4,1,0,,0.9,5.3,WNW,20,18,6,4,,0,,,,
2023,1,115.0,울릉도,186.5,69.1,91.9,24,17,10,5,1,,3.7,13.3,ENE,14,2,11,5,1,0,1,20,0,19
2023,1,119.0,수원,38.9,20.8,25.2,13,8,5,1,0,,1.8,7.8,NW,27,17,6,4,2,0,0,10,21,29
2023,1,121.0,영월,28.1,9.0,16.6,13,7,4,1,0,,0.9,7.5,W,20,16,2,5,0,0,0,0,0,1
2023,1,127.0,충주,23.0,3.0,9.5,13,7,6,0,0,,1.0,6.7,W,24,18,3,5,,0,,,,
2023,1,129.0,서산,30.5,7.0,20.1,13,9,3,1,0,,2.0,8.7,WNW,24,11,7,4,,0,,,,
2023,1,130.0,울진,41.0,-7.9,25.3,14,3,3,2,0,,2.9,9.6,NW,28,17,6,3,,0,,,,
2023,1,131.0,청주,28.0,7.4,15.9,13,7,5,1,0,,1.1,5.5,WNW,27,13,5,5,1,0,0,10,20,28
2023,1,133.0,대전,28.4,2.9,21.6,13,7,3,1,0,,1.7,8.2,NW,27,15,5,4,2,0,0,11,16,29
2023,1,135.0,추풍령,23.4,-0.7,15.6,13,9,4,1,0,,3.1,12.1,WSW,24,12,5,3,,0,,,,
2023,1,136.0,안동,22.9,6.2,16.7,13,3,3,1,0,,1.7,7.8,WNW,20,14,5,3,4,0,0,4,18,29
2023,1,137.0,상주,26.5,4.8,18.0,13,7,5,1,0,,1.9,9.5,WNW,24,17,5,3,,0,,,,
2023,1,138.0,포항,11.4,-28.4,9.0,13,3,2,0,0,,2.8,8.6,WNW,24,18,4,2,0,0,0,3,1,25
2023,1,140.0,군산,27.0,-1.2,22.2,13,5,3,1,0,,2.4,11.5,WNW,24,13,4,5,,0,,,,
2023,1,143.0,대구,11.5,-7.1,10.1,13,2,2,1,0,,2.4,11.1,WSW,24,15,4,2,2,0,0,5,18,29
2023,1,146.0,전주,26.8,-0.1,21.5,13,7,2,1,0,,1.8,6.7,NNW,27,10,5,5,2,0,0,7,25,29
2023,1,152.0,울산,41.3,2.7,39.4,13,4,2,1,1,,2.5,9.6,NW,24,19,4,3,0,0,0,0,3,27
2023,1,155.0,창원,68.6,39.0,62.6,13,4,3,1,1,,1.5,7.7,NE,16,19,3,2,2,0,0,0,9,26
2023,1,156.0,광주,26.8,-5.8,24.2,13,4,2,1,0,,1.2,5.5,NE,27,10,6,5,0,0,0,7,19,29
2023,1,159.0,부산,79.2,44.7,77.1,13,4,2,1,1,,3.2,10.8,W,24,21,3,3,0,0,0,0,0,21
2023,1,162.0,통영,74.8,42.6,70.7,13,6,3,1,1,,2.6,11.9,N,24,17,5,2,,0,,,,
2023,1,165.0,목포,35.2,3.4,31.1,13,7,3,1,1,,4.2,16.5,NW,24,8,7,3,2,2,0,7,8,26
2023,1,168.0,여수,76.2,51.7,58.3,13,6,4,1,1,,4.6,15.3,NW,16,19,5,2,3,3,0,1,3,21
2023,1,169.0,흑산도,21.2,-1.8,11.4,13,6,4,1,0,,6.7,20.7,N,24,6,11,2,2,11,0,8,4,7
2023,1,170.0,완도,63.0,29.0,56.3,13,6,4,1,1,,2.2,10.2,SSE,13,9,6,2,,0,,,,
2023,1,172.0,고창,28.2,-2.9,16.6,13,7,3,1,0,,2.9,10.9,NNW,27,6,6,6,,0,,,,
2023,1,174.0,순천,59.4,,51.9,13,7,3,1,1,,2.7,9.2,WNW,24,11,6,3,,0,,,,
2023,1,177.0,홍성,31.5,,22.3,13,9,4,1,0,,1.3,6.4,W,20,11,6,3,3,0,0,5,15,29
2023,1,184.0,제주,42.1,-25.4,17.7,13,12,8,1,0,,4.0,13.0,NNW,24,5,19,6,0,0,0,4,3,8
2023,1,185.0,고산,56.1,15.5,34.1,13,11,6,2,1,,8.2,27.4,NW,24,7,17,6,,12,,,,
2023,1,188.0,성산,69.4,-8.1,36.7,13,11,7,2,1,,3.1,10.0,WNW,7,6,11,3,,0,,,,
2023,1,189.0,서귀포,71.2,10.5,45.7,13,7,7,2,1,,1.5,8.5,S,13,8,10,3,0,0,0,4,0,6
2023,1,192.0,진주,67.3,39.3,58.8,13,5,3,1,1,,0.9,7.4,NW,24,17,4,1,,0,,,,
2023,1,201.0,강화,45.8,30.2,31.3,13,7,3,2,1,,1.5,6.9,NW,20,9,6,3,,0,,,,
2023,1,202.0,양평,43.5,26.3,28.0,13,7,5,1,0,,1.1,5.9,WNW,20,17,4,4,,0,,,,
2023,1,203.0,이천,43.9,24.7,25.2,13,8,5,1,0,,0.9,4.9,WSW,24,15,6,4,,0,,,,
2023,1,211.0,인제,43.4,26.8,28.3,13,8,5,1,0,,1.1,6.4,NNE,14,11,3,5,,0,,,,
2023,1,212.0,홍천,49.9,34.1,29.5,13,9,5,2,0,,0.7,5.0,WNW,27,17,2,5,,0,,,,
2023,1,216.0,태백,17.2,-9.4,7.3,13,6,3,0,0,,1.2,5.5,NNW,17,18,5,3,,0,,,,
2023,1,217.0,정선군,32.5,15.0,22.3,13,6,3,1,0,,1.5,11.2,NNE,20,17,5,5,,0,,,,
2023,1,221.0,제천,32.6,12.3,19.8,13,8,5,1,0,,1.2,6.6,W,24,19,4,5,,0,,,,
2023,1,226.0,보은,27.3,3.9,13.5,13,11,5,1,0,,1.2,8.4,WNW,24,14,5,3,,0,,,,
2023,1,232.0,천안,31.0,12.0,14.9,13,9,6,1,0,,1.1,6.0,NW,24,12,6,5,,0,,,,
2023,1,235.0,보령,19.2,-3.4,14.5,13,6,3,1,0,,1.4,7.3,SSW,6,9,6,5,,0,,,,
2023,1,236.0,부여,35.7,10.8,23.0,13,6,5,1,0,,1.1,6.9,NW,24,13,6,3,,0,,,,
2023,1,238.0,금산,28.7,3.2,22.3,13,11,3,1,0,,1.1,6.3,WNW,24,15,5,4,,0,,,,
2023,1,239.0,세종,26.3,,17.5,13,8,4,1,0,,1.3,7.2,WNW,27,13,6,5,,0,,,,
2023,1,243.0,부안,35.4,3.7,27.8,13,8,4,1,0,,1.2,6.1,NW,24,7,5,5,,0,,,,
2023,1,244.0,임실,21.6,-6.9,17.2,13,11,2,1,0,,1.0,4.9,W,23,8,4,3,,0,,,,
2023,1,245.0,정읍,22.1,-14.4,15.0,13,8,4,1,0,,1.6,8.2,N,20,11,5,4,,0,,,,
2023,1,247.0,남원,26.4,-2.1,22.1,13,9,3,1,0,,1.3,6.2,ESE,20,12,4,3,,0,,,,
2023,1,248.0,장수,28.5,-3.4,21.2,13,11,4,1,0,,1.4,7.5,NNW,24,8,5,3,,0,,,,
2023,1,251.0,고창군,24.6,,15.9,13,11,3,1,0,,1.5,7.4,ESE,13,5,6,6,,0,,,,
2023,1,252.0,영광군,30.5,-2.2,18.2,13,8,3,1,0,,1.7,8.7,NNE,27,5,10,6,,0,,,,
2023,1,253.0,김해시,81.9,55.5,79.4,13,5,2,1,1,,2.0,8.5,NW,24,21,3,2,,0,,,,
2023,1,254.0,순창군,29.4,3.5,26.3,13,8,2,1,0,,1.8,11.2,NW,27,9,4,4,,0,,,,
2023,1,255.0,북창원,63.5,,58.3,13,5,3,1,1,,2.0,11.9,NW,24,20,2,2,,0,,,,
2023,1,257.0,양산시,72.5,45.5,70.7,13,4,2,1,1,,1.8,8.8,NW,24,20,3,3,,0,,,,
2023,1,258.0,보성군,69.9,,63.2,13,5,3,1,1,,3.3,12.5,NNW,27,15,5,3,,0,,,,
2023,1,259.0,강진군,76.0,46.3,62.9,13,7,4,1,1,,1.9,7.8,NW,24,9,5,5,,0,,,,
2023,1,260.0,장흥,63.1,34.9,55.8,13,4,3,1,1,,1.9,9.2,N,24,12,4,2,,0,,,,
2023,1,261.0,해남,50.4,20.0,43.2,13,7,3,1,1,,1.7,7.8,W,24,7,6,5,,0,,,,
2023,1,262.0,고흥,53.7,27.8,48.4,13,5,3,1,1,,1.9,8.8,NW,24,17,5,2,,0,,,,
2023,1,263.0,의령군,53.1,30.6,46.5,13,5,3,1,1,,1.7,12.3,WNW,24,18,5,1,,0,,,,
2023,1,264.0,함양군,27.7,4.9,21.0,13,7,3,1,0,,2.3,9.1,W,24,10,4,2,,0,,,,
2023,1,266.0,광양시,84.7,,73.0,13,6,4,1,1,,2.3,10.0,WNW,24,12,6,2,,0,,,,
2023,1,268.0,진도군,64.1,32.2,54.9,13,6,4,1,1,,2.9,9.4,WNW,23,6,8,5,,0,,,,
2023,1,271.0,봉화,24.2,7.7,16.2,13,5,3,1,0,,1.3,7.7,WSW,20,16,6,3,,0,,,,
2023,1,272.0,영주,30.0,11.6,22.3,13,6,4,1,0,,3.2,12.7,WNW,20,11,5,5,,0,,,,
2023,1,273.0,문경,30.9,12.0,19.2,13,7,5,1,0,,2.2,8.9,WNW,24,12,5,4,,0,,,,
2023,1,276.0,청송군,18.2,1.4,12.0,13,7,2,1,0,,1.8,8.4,NW,24,14,6,3,,0,,,,
2023,1,277.0,영덕,22.9,-14.5,10.4,13,3,3,1,0,,3.3,12.6,WNW,24,16,4,3,,0,,,,
2023,1,278.0,의성,19.6,4.1,13.6,13,7,2,1,0,,1.0,7.3,WNW,24,17,5,3,,0,,,,
2023,1,279.0,구미,21.5,3.1,15.3,13,5,3,1,0,,0.8,5.7,NNW,27,16,4,3,,0,,,,
2023,1,281.0,영천,18.3,-3.8,14.7,13,4,2,1,0,,2.0,9.5,W,24,15,4,2,,0,,,,
2023,1,283.0,경주시,16.3,-15.9,14.2,13,3,2,1,0,,3.1,13.7,W,24,19,4,2,,0,,,,
2023,1,284.0,거창,26.7,3.0,21.8,13,5,2,1,0,,1.4,9.4,NW,24,11,4,2,,0,,,,
2023,1,285.0,합천,36.3,16.6,31.6,13,5,3,1,1,,0.7,7.1,NNW,24,15,3,3,,0,,,,
2023,1,288.0,밀양,38.0,16.8,37.1,13,5,1,1,1,,1.0,7.1,NW,24,18,5,2,,0,,,,
2023,1,289.0,산청,38.0,13.6,33.6,13,6,3,1,1,,2.3,12.9,WNW,24,11,4,1,,0,,,,
2023,1,294.0,거제,113.8,73.4,108.9,13,6,2,1,1,,1.4,7.4,WNW,24,19,5,4,,0,,,,
2023,1,295.0,남해,108.5,74.9,89.0,13,6,4,1,1,,1.6,9.1,NW,24,17,4,3,,0,,,,
2023,2,90.0,속초,43.4,-2.5,26.0,13,6,5,1,0,,1.9,9.1,WNW,28,,,3,,0,,,,
2023,2,93.0,북춘천,1.1,,1.1,10,1,1,0,0,,1.0,6.2,W,24,11,4,1,1,0,0,3,26,27
2023,2,95.0,철원,0.0,-26.3,0.0,19,0,0,0,0,,1.0,5.0,WNW,19,10,1,1,,0,,,,
2023,2,98.0,동두천,0.5,-25.5,0.4,10,2,0,0,0,,0.9,6.8,WNW,19,9,1,1,,0,,,,
2023,2,99.0,파주,1.0,-26.9,0.7,10,2,0,0,0,,1.1,7.2,NW,19,9,2,1,,0,,,,
2023,2,100.0,대관령,3.5,-45.7,2.2,10,2,2,0,0,,2.7,11.4,W,19,7,4,2,,0,,,,
2023,2,101.0,춘천,1.1,-26.5,1.1,10,1,1,0,0,,1.3,6.7,WSW,1,12,4,1,,0,,,,
2023,2,102.0,백령도,1.6,-15.8,1.2,10,3,1,0,0,,4.4,15.1,NNW,1,12,5,1,2,1,0,0,15,26
2023,2,104.0,북강릉,50.4,,21.5,15,6,6,2,0,,1.5,7.8,WNW,1,9,4,2,0,0,0,6,16,24
2023,2,105.0,강릉,38.5,-9.5,15.1,13,6,5,2,0,,2.3,8.6,WNW,28,8,4,3,,0,,,,
2023,2,106.0,동해,70.7,26.7,23.4,15,8,6,3,0,,2.0,8.9,NE,24,5,4,3,,0,,,,
2023,2,108.0,서울,1.0,-27.2,0.6,10,2,0,0,0,,2.3,6.8,WNW,19,10,1,1,1,0,0,3,17,27
2023,2,112.0,인천,0.5,-24.6,0.3,19,2,0,0,0,,2.8,9.1,NW,20,11,1,1,1,0,0,1,16,27
2023,2,114.0,원주,0.0,-28.5,0.0,19,0,0,0,0,,0.9,4.8,WNW,20,9,1,1,,0,,,,
2023,2,115.0,울릉도,43.2,-48.1,15.2,10,9,7,1,0,,4.0,13.5,NE,1,3,5,4,1,0,0,9,1,13
2023,2,119.0,수원,0.7,-27.6,0.5,10,2,0,0,0,,1.7,7.3,WSW,19,11,2,1,3,0,0,1,24,26
2023,2,121.0,영월,3.0,-25.2,2.8,10,2,1,0,0,,1.0,6.9,W,20,9,3,1,,0,,,,
2023,2,127.0,충주,3.3,-26.1,2.9,10,2,1,0,0,,1.0,7.1,WSW,20,9,3,2,,0,,,,
2023,2,129.0,서산,0.1,-31.0,0.1,18,1,0,0,0,,1.8,9.3,WNW,20,9,3,2,,0,,,,
2023,2,130.0,울진,65.5,28.6,21.0,15,6,6,3,0,,2.8,8.8,NE,24,5,5,4,,0,,,,
2023,2,131.0,청주,2.8,-26.2,1.8,10,3,1,0,0,,1.2,6.4,WNW,20,9,3,2,2,0,0,1,15,26
2023,2,133.0,대전,5.4,-31.8,3.0,10,4,2,0,0,,1.5,7.8,ESE,9,11,3,2,2,0,0,0,14,25
2023,2,135.0,추풍령,8.2,-26.0,5.9,10,4,2,0,0,,2.7,10.1,WSW,19,8,4,2,,0,,,,
2023,2,136.0,안동,3.3,-21.6,3.3,10,1,1,0,0,,1.5,8.0,WNW,1,9,5,2,3,0,0,1,16,24
2023,2,137.0,상주,6.8,-26.5,6.1,10,2,1,0,0,,1.6,7.2,WNW,1,8,3,1,,0,,,,
2023,2,138.0,포항,35.0,-1.5,17.3,10,4,4,2,0,,2.7,8.0,WNW,19,8,7,5,0,0,0,2,7,16
2023,2,140.0,군산,4.9,-31.0,2.2,10,4,2,0,0,,1.9,11.1,WNW,20,9,3,2,,0,,,,
2023,2,143.0,대구,11.2,-14.2,10.3,10,3,1,1,0,,2.2,8.9,WNW,20,9,4,3,1,0,0,2,13,19
2023,2,146.0,전주,9.6,-27.2,3.6,10,6,3,0,0,,1.5,7.7,W,20,8,5,1,4,0,0,2,23,25
2023,2,152.0,울산,28.0,-11.9,22.1,10,6,4,1,0,,2.4,6.9,NW,24,8,5,2,1,0,0,2,6,14
2023,2,155.0,창원,24.0,-22.0,18.2,10,5,3,1,0,,1.5,6.6,NE,24,8,4,2,1,0,0,0,6,12
2023,2,156.0,광주,14.8,-28.8,6.6,10,7,5,0,0,,1.1,5.6,NNE,20,9,5,3,2,0,0,2,17,20
2023,2,159.0,부산,30.0,-19.6,16.8,10,6,4,1,0,,3.0,9.2,WSW,28,8,5,1,0,0,0,0,3,6
2023,2,162.0,통영,35.5,-14.0,21.0,10,8,5,1,0,,2.6,8.8,SW,28,8,6,1,,0,,,,
2023,2,165.0,목포,26.8,-10.0,11.3,9,7,4,1,0,,4.0,15.6,NW,1,8,7,2,1,1,0,2,13,20
2023,2,168.0,여수,36.7,-7.9,21.0,10,9,5,2,0,,4.2,15.0,NW,25,10,5,2,1,1,0,0,3,10
2023,2,169.0,흑산도,12.0,-20.8,6.6,9,5,4,0,0,,6.3,16.0,N,1,4,7,2,1,6,0,2,5,4
2023,2,170.0,완도,42.5,-10.1,14.2,10,8,8,2,0,,,7.3,ESE,9,9,6,1,,0,,,,
2023,2,172.0,고창,7.7,-25.4,5.9,10,5,1,0,0,,2.4,9.5,NW,20,8,6,3,,0,,,,
2023,2,174.0,순천,30.4,,17.0,10,8,6,1,0,,2.1,8.9,WNW,20,8,4,1,,0,,,,
2023,2,177.0,홍성,0.4,,0.3,10,2,0,0,0,,1.4,5.9,SW,28,10,2,2,4,0,0,0,14,25
2023,2,184.0,제주,89.6,32.4,28.1,12,12,10,3,0,,3.1,10.6,NE,10,2,13,6,0,0,0,0,3,1
2023,2,185.0,고산,55.4,7.6,20.6,12,13,11,2,0,,7.0,19.0,NW,19,3,7,5,,4,,,,
2023,2,188.0,성산,108.1,24.9,39.1,12,14,11,3,1,,3.1,10.3,NW,3,3,7,4,,0,,,,
2023,2,189.0,서귀포,59.6,-18.3,16.0,12,13,11,2,0,,1.6,6.7,ENE,12,6,8,4,0,0,0,0,0,2
2023,2,192.0,진주,27.3,-18.3,19.5,10,9,3,1,0,,0.9,5.1,N,19,8,5,1,,0,,,,
2023,2,201.0,강화,0.8,-21.7,0.6,10,3,0,0,0,,1.8,7.0,SSW,19,10,3,1,,0,,,,
2023,2,202.0,양평,0.8,-27.2,0.7,10,2,0,0,0,,1.1,6.0,WNW,1,10,1,1,,0,,,,
2023,2,203.0,이천,0.6,-29.0,0.6,10,1,0,0,0,,1.1,5.2,WNW,20,9,1,1,,0,,,,
2023,2,211.0,인제,0.9,-21.9,0.7,10,3,0,0,0,,1.2,5.9,NNE,14,10,3,2,,0,,,,
2023,2,212.0,홍천,1.0,-25.2,0.8,10,2,0,0,0,,0.7,4.9,WNW,19,12,3,2,,0,,,,
2023,2,216.0,태백,6.6,-22.2,5.4,10,3,2,0,0,,1.2,6.2,ENE,25,7,4,1,,0,,,,
2023,2,217.0,정선군,3.7,-32.0,3.7,10,1,1,0,0,,1.4,11.4,NNE,1,7,2,2,,0,,,,
2023,2,221.0,제천,2.2,-30.0,1.9,10,4,1,0,0,,1.3,6.3,WSW,1,10,2,2,,0,,,,
2023,2,226.0,보은,5.3,-27.7,3.4,10,4,1,0,0,,1.1,7.0,WNW,20,10,5,3,,0,,,,
2023,2,232.0,천안,3.1,-23.9,1.4,10,4,2,0,0,,1.2,6.5,W,20,11,3,1,,0,,,,
2023,2,235.0,보령,0.4,-29.8,0.2,10,3,0,0,0,,1.2,5.5,N,1,9,3,2,,0,,,,
2023,2,236.0,부여,4.3,-33.3,2.7,10,3,2,0,0,,1.1,6.3,NW,20,9,1,2,,0,,,,
2023,2,238.0,금산,8.7,-29.2,4.5,10,4,4,0,0,,1.0,5.7,WNW,20,9,5,3,,0,,,,
2023,2,239.0,세종,4.1,,2.9,10,4,1,0,0,,1.4,7.8,NW,20,11,3,1,,0,,,,
2023,2,243.0,부안,4.8,-31.6,2.2,10,6,2,0,0,,1.2,5.6,WNW,19,7,4,1,,0,,,,
2023,2,244.0,임실,14.0,-22.9,7.4,10,7,4,0,0,,0.9,5.9,WNW,20,9,1,1,,0,,,,
2023,2,245.0,정읍,7.9,-31.1,3.9,10,6,2,0,0,,1.2,6.4,N,20,8,5,2,,0,,,,
2023,2,247.0,남원,19.9,-19.5,9.7,10,8,6,0,0,,1.5,6.7,NNE,13,8,2,1,,0,,,,
2023,2,248.0,장수,13.6,-31.9,7.7,10,8,4,0,0,,1.2,8.1,W,20,8,2,1,,0,,,,
2023,2,251.0,고창군,6.2,,4.0,10,5,1,0,0,,1.3,7.2,WNW,20,9,2,3,,0,,,,
2023,2,252.0,영광군,9.1,-29.3,5.9,10,6,2,0,0,,1.5,8.1,NNE,1,7,5,2,,0,,,,
2023,2,253.0,김해시,24.2,-27.9,18.6,10,6,3,1,0,,1.7,7.6,WNW,20,8,4,1,,0,,,,
2023,2,254.0,순창군,16.7,-30.0,9.6,10,7,4,0,0,,1.6,10.2,NW,20,8,2,3,,0,,,,
2023,2,255.0,북창원,23.0,,16.2,10,6,3,1,0,,1.7,7.2,NW,20,8,2,1,,0,,,,
2023,2,257.0,양산시,32.7,-21.9,24.9,10,7,4,1,0,,1.7,6.8,NE,13,8,2,1,,0,,,,
2023,2,258.0,보성군,31.5,,18.3,10,8,4,1,0,,3.0,10.4,NW,20,8,3,1,,0,,,,
2023,2,259.0,강진군,39.7,-5.0,17.6,9,9,6,2,0,,1.8,7.7,W,20,8,2,2,,0,,,,
2023,2,260.0,장흥,26.5,-15.9,12.4,10,9,6,1,0,,1.6,8.5,N,20,9,2,1,,0,,,,
2023,2,261.0,해남,33.9,-5.4,10.7,10,9,6,2,0,,1.9,8.2,E,9,7,6,2,,0,,,,
2023,2,262.0,고흥,37.1,-9.4,17.1,10,9,5,2,0,,1.4,7.6,NW,19,8,6,1,,0,,,,
2023,2,263.0,의령군,25.6,-9.1,19.6,10,6,3,1,0,,1.6,9.9,WNW,1,8,2,2,,0,,,,
2023,2,264.0,함양군,24.4,-6.1,17.9,10,6,3,1,0,,1.7,9.0,WNW,20,8,1,2,,0,,,,
2023,2,266.0,광양시,51.4,,36.6,10,8,2,2,1,,2.1,8.6,WNW,19,8,4,1,,0,,,,
2023,2,268.0,진도군,33.3,-13.1,13.8,9,9,5,1,0,,2.8,8.8,NW,1,4,5,2,,0,,,,
2023,2,271.0,봉화,6.7,-19.2,5.8,10,2,1,0,0,,1.2,6.6,WSW,4,7,4,2,,0,,,,
2023,2,272.0,영주,9.0,-21.2,7.8,10,3,2,0,0,,2.7,10.8,NW,23,9,3,1,,0,,,,
2023,2,273.0,문경,7.0,-22.7,6.2,10,3,1,0,0,,2.0,8.0,WNW,1,9,2,2,,0,,,,
2023,2,276.0,청송군,5.7,-18.4,5.0,10,3,1,0,0,,1.5,8.4,WNW,20,8,3,3,,0,,,,
2023,2,277.0,영덕,45.3,14.8,14.2,10,5,4,3,0,,2.7,11.3,NE,14,6,5,2,,0,,,,
2023,2,278.0,의성,4.4,-18.2,4.0,10,2,1,0,0,,0.9,7.0,NNW,1,9,6,2,,0,,,,
2023,2,279.0,구미,10.0,-17.0,9.4,10,3,1,0,0,,0.7,4.5,NNW,20,8,5,2,,0,,,,
2023,2,281.0,영천,11.3,-14.7,10.3,10,3,1,1,0,,1.5,8.1,W,20,10,2,2,,0,,,,
2023,2,283.0,경주시,22.2,-8.6,16.9,10,6,2,1,0,,2.5,9.6,WNW,1,8,5,2,,0,,,,
2023,2,284.0,거창,11.1,-23.0,7.0,10,4,2,0,0,,1.2,8.8,NW,20,8,4,2,,0,,,,
2023,2,285.0,합천,21.0,-10.3,17.3,10,5,3,1,0,,0.7,4.7,NW,20,8,2,1,,0,,,,
2023,2,288.0,밀양,21.9,-11.1,18.2,10,6,3,1,0,,1.0,5.7,NNW,20,8,4,2,,0,,,,
2023,2,289.0,산청,23.5,-17.4,17.1,10,5,4,1,0,,1.4,10.0,W,20,8,2,1,,0,,,,
2023,2,294.0,거제,41.4,-19.1,21.0,10,7,7,1,0,,1.2,5.0,NNW,25,8,6,1,,0,,,,
2023,2,295.0,남해,34.5,-30.7,22.7,10,8,3,1,0,,1.3,7.1,NW,20,8,5,1,,0,,,,
2023,3,90.0,속초,10.1,-42.2,6.3,12,3,3,0,0,,2.1,8.2,N,23,,,3,,0,,,,
2023,3,93.0,북춘천,8.4,,6.1,12,3,2,0,0,,1.3,7.2,WSW,26,17,2,0,0,0,0,0,15,17
2023,3,95.0,철원,12.5,-18.3,9.2,12,3,2,0,0,,1.2,5.7,WNW,12,16,2,0,,0,,,,
2023,3,98.0,동두천,14.4,-17.6,8.4,12,3,3,0,0,,1.4,7.9,WNW,12,12,4,1,,0,,,,
2023,3,99.0,파주,14.7,-16.8,9.7,8,5,2,0,0,,1.5,8.2,SSW,8,12,4,2,,0,,,,
2023,3,100.0,대관령,17.8,-54.8,10.6,12,2,2,1,0,,3.1,12.3,W,15,13,2,4,,0,,,,
2023,3,101.0,춘천,9.3,-24.2,6.9,12,3,2,0,0,,1.5,7.2,W,12,16,2,0,,0,,,,
2023,3,102.0,백령도,2.4,-15.8,1.7,22,5,1,0,0,,4.6,15.4,NNW,12,7,9,2,14,3,0,0,3,3
2023,3,104.0,북강릉,9.3,,5.5,23,2,2,0,0,,1.5,6.9,W,8,12,5,3,1,0,0,1,5,6
2023,3,105.0,강릉,8.8,-56.3,5.5,23,3,2,0,0,,2.3,7.8,W,8,14,6,4,,0,,,,
2023,3,106.0,동해,9.4,-48.2,8.9,23,2,1,0,0,,2.0,9.1,NE,2,10,5,4,,0,,,,
2023,3,108.0,서울,10.5,-26.4,5.6,12,3,3,0,0,,2.3,7.3,W,12,13,2,0,0,0,1,0,6,10
2023,3,112.0,인천,10.0,-23.8,4.5,12,3,3,0,0,,2.9,9.6,WNW,12,11,4,0,5,0,1,0,6,8
2023,3,114.0,원주,13.8,-30.0,10.7,12,2,2,1,0,,1.1,4.9,WNW,12,12,3,0,,0,,,,
2023,3,115.0,울릉도,46.9,-29.5,17.8,23,7,6,2,0,,4.1,14.0,SSW,16,10,6,2,3,2,1,3,0,2
2023,3,119.0,수원,5.5,-35.2,5.2,12,3,1,0,0,,1.9,8.1,WSW,15,15,1,0,3,0,0,0,11,15
2023,3,121.0,영월,16.7,-28.4,10.1,23,2,2,1,0,,1.1,6.6,WNW,12,12,4,0,,0,,,,
2023,3,127.0,충주,16.7,-24.8,10.2,12,2,2,1,0,,1.3,6.3,W,12,12,2,0,,0,,,,
2023,3,129.0,서산,6.4,-35.1,6.3,12,2,1,0,0,,2.3,9.5,WNW,12,10,3,0,,0,,,,
2023,3,130.0,울진,20.3,-35.7,19.4,23,4,1,1,0,,2.6,9.6,SW,8,10,7,3,,0,,,,
2023,3,131.0,청주,18.8,-24.1,9.8,23,2,2,0,0,,1.1,5.3,W,15,16,3,0,0,0,0,1,1,5
2023,3,133.0,대전,23.8,-27.8,12.4,12,2,2,2,0,,1.6,6.8,NNW,1,17,3,1,1,0,0,0,2,4
2023,3,135.0,추풍령,32.3,-20.6,18.7,23,3,3,2,0,,2.4,9.7,W,12,15,5,3,,0,,,,
2023,3,136.0,안동,28.6,-15.9,24.5,23,3,2,1,0,,1.6,7.4,WNW,12,13,4,1,1,0,0,0,7,12
2023,3,137.0,상주,31.7,-15.2,23.4,23,4,2,1,0,,1.5,6.9,W,12,13,6,2,,0,,,,
2023,3,138.0,포항,50.2,-10.3,38.2,23,3,3,1,1,,2.8,8.6,NE,24,12,6,2,0,0,3,0,0,3
2023,3,140.0,군산,19.6,-25.1,12.3,12,2,2,1,0,,2.3,12.5,NW,12,12,4,0,,0,,,,
2023,3,143.0,대구,27.3,-21.7,19.3,23,3,3,1,0,,2.1,9.7,W,13,13,4,2,0,0,1,0,7,6
2023,3,146.0,전주,27.0,-26.7,12.2,23,3,3,2,0,,1.7,7.1,W,15,13,5,3,4,0,0,0,8,9
2023,3,152.0,울산,68.3,-0.1,50.8,23,3,3,2,1,,2.3,9.6,SW,15,11,6,1,0,0,2,0,0,2
2023,3,155.0,창원,57.6,-20.9,39.6,23,6,5,1,1,,1.4,6.8,NE,16,14,5,3,2,0,1,0,0,2
2023,3,156.0,광주,34.8,-27.1,22.5,23,3,3,2,0,,1.2,5.9,SSW,15,11,4,2,0,0,1,0,4,6
2023,3,159.0,부산,76.2,-13.5,56.0,23,6,4,1,1,,3.3,13.2,SW,12,11,6,2,2,0,1,0,0,1
2023,3,162.0,통영,60.6,-31.8,46.9,23,7,5,1,1,,2.4,12.0,SW,12,10,6,2,0,0,1,0,0,0
2023,3,165.0,목포,22.6,-42.3,13.1,23,3,3,1,0,,3.8,13.0,NNW,12,9,5,3,5,0,1,0,4,1
2023,3,168.0,여수,48.7,-35.2,23.9,23,8,4,2,0,,3.1,16.0,NW,12,11,6,2,4,1,1,0,0,2
2023,3,169.0,흑산도,15.9,-34.9,13.6,23,3,2,1,0,,5.9,18.4,N,12,10,9,4,10,6,0,0,2,1
2023,3,170.0,완도,35.9,-67.8,13.2,24,7,4,2,0,,1.8,7.3,W,12,10,6,4,,0,,,,
2023,3,172.0,고창,26.1,-20.9,13.0,12,3,2,2,0,,2.8,9.5,WNW,12,12,4,1,,0,,,,
2023,3,174.0,순천,54.0,,30.4,23,8,5,2,1,,1.9,8.5,WNW,12,12,6,3,,0,,,,
2023,3,177.0,홍성,3.7,,2.7,12,2,2,0,0,,1.8,8.2,SW,7,12,4,0,3,0,0,0,11,15
2023,3,184.0,제주,49.6,-41.0,19.2,17,8,6,1,0,,2.7,8.8,W,12,8,9,4,3,0,0,0,0,0
2023,3,185.0,고산,42.7,-33.5,12.2,17,8,7,1,0,,5.9,20.9,NNW,13,7,10,6,,6,,,,
2023,3,188.0,성산,62.1,-77.3,20.9,21,10,9,2,0,,3.1,11.3,WNW,12,7,10,4,,0,,,,
2023,3,189.0,서귀포,56.1,-74.2,13.4,17,12,10,3,0,,1.7,6.6,S,12,7,10,4,1,0,1,0,0,0
2023,3,192.0,진주,48.0,-29.6,22.7,23,5,5,1,0,,0.9,6.7,W,12,14,6,3,0,0,1,0,0,0
2023,3,201.0,강화,6.4,-25.0,3.5,8,4,2,0,0,,2.1,7.9,SSW,14,10,5,1,,0,,,,
2023,3,202.0,양평,9.2,-28.8,7.6,12,3,1,0,0,,1.3,7.4,WNW,12,13,2,1,,0,,,,
2023,3,203.0,이천,4.6,-38.3,3.8,12,2,1,0,0,,1.3,5.8,SSW,15,15,3,0,,0,,,,
2023,3,211.0,인제,18.3,-13.8,16.4,12,2,2,1,0,,1.4,6.4,NNE,23,15,1,0,,0,,,,
2023,3,212.0,홍천,8.9,-27.8,6.6,12,3,2,0,0,,1.0,5.1,WNW,12,15,3,1,,0,,,,
2023,3,216.0,태백,26.3,-28.5,20.0,23,2,2,1,0,,1.3,6.7,SW,15,12,6,3,,0,,,,
2023,3,217.0,정선군,14.1,-22.9,7.3,23,3,2,0,0,,1.7,9.6,NE,15,12,4,2,,0,,,,
2023,3,221.0,제천,14.0,-35.7,8.6,12,3,2,0,0,,1.4,6.6,WSW,15,12,3,2,,0,,,,
2023,3,226.0,보은,25.0,-22.5,15.7,23,2,2,1,0,,1.3,6.8,WNW,12,12,5,1,,0,,,,
2023,3,232.0,천안,16.4,-21.9,10.2,12,3,2,1,0,,1.4,7.1,WSW,15,13,4,0,,0,,,,
2023,3,235.0,보령,7.2,-34.8,4.9,12,2,2,0,0,,1.7,8.9,SSW,8,14,2,0,,0,,,,
2023,3,236.0,부여,13.2,-37.7,9.0,23,2,2,0,0,,1.2,7.1,WSW,15,14,3,1,,0,,,,
2023,3,238.0,금산,22.0,-30.3,14.2,23,3,2,1,0,,1.2,6.2,WSW,7,14,4,1,,0,,,,
2023,3,239.0,세종,18.5,,9.4,23,2,2,0,0,,1.6,6.9,NNW,18,12,4,1,,0,,,,
2023,3,243.0,부안,19.8,-27.5,10.1,23,3,3,1,0,,1.7,7.6,WNW,15,7,5,1,,0,,,,
2023,3,244.0,임실,35.4,-18.4,18.4,23,4,3,2,0,,1.2,6.2,WNW,1,12,4,3,,0,,,,
2023,3,245.0,정읍,30.9,-25.1,15.6,12,3,3,2,0,,1.6,8.0,WSW,7,9,3,0,,0,,,,
2023,3,247.0,남원,45.5,-11.2,31.2,23,5,3,2,1,,1.7,6.8,SSE,15,14,6,3,,0,,,,
2023,3,248.0,장수,31.4,-33.1,15.8,23,6,4,2,0,,1.5,7.7,WNW,12,11,4,3,,0,,,,
2023,3,251.0,고창군,26.6,,13.0,23,3,2,2,0,,1.7,6.6,W,12,11,5,2,,0,,,,
2023,3,252.0,영광군,36.2,-22.0,18.2,12,3,3,2,0,,1.9,8.0,NNW,12,10,4,1,,0,,,,
2023,3,253.0,김해시,60.7,-23.9,38.3,23,6,4,2,1,,1.8,8.0,NW,12,13,5,2,0,0,1,0,0,0
2023,3,254.0,순창군,37.2,-24.9,21.8,23,6,3,2,0,,1.9,9.9,W,15,14,5,4,,0,,,,
2023,3,255.0,북창원,53.4,,36.9,23,4,4,1,1,,1.5,7.6,NW,1,13,4,2,0,0,1,0,0,0
2023,3,257.0,양산시,66.7,-16.4,43.1,23,5,4,2,1,,1.9,7.5,WNW,12,13,5,1,0,0,1,0,0,0
2023,3,258.0,보성군,47.9,,18.4,24,6,4,2,0,,2.7,10.8,NW,12,11,6,3,,0,,,,
2023,3,259.0,강진군,38.2,-42.2,24.0,23,5,3,1,0,,1.7,7.3,NW,12,11,6,2,,0,,,,
2023,3,260.0,장흥,44.0,-34.7,27.5,23,4,3,1,0,,1.6,7.3,NNW,12,12,5,2,,0,,,,
2023,3,261.0,해남,32.2,-46.1,18.0,23,6,4,1,0,,1.8,7.7,SSW,8,8,6,3,,0,,,,
2023,3,262.0,고흥,47.5,-39.2,19.9,24,6,4,3,0,,1.4,7.6,WNW,2,11,5,3,,0,,,,
2023,3,263.0,의령군,25.9,-47.6,15.5,24,4,3,1,0,,1.8,11.9,W,12,14,5,2,0,0,1,0,0,0
2023,3,264.0,함양군,46.9,-13.6,25.1,23,6,5,2,0,,1.6,7.1,SSW,12,13,4,3,0,0,1,0,0,0
2023,3,266.0,광양시,54.3,,20.4,24,6,5,3,0,,1.8,10.5,WNW,12,13,5,4,,0,,,,
2023,3,268.0,진도군,27.2,-48.7,15.9,23,6,2,1,0,,2.5,9.1,NW,26,9,6,3,,0,,,,
2023,3,271.0,봉화,31.1,-15.5,25.2,23,2,2,1,0,,1.3,6.6,WSW,3,12,6,3,,0,,,,
2023,3,272.0,영주,31.8,-21.5,26.0,23,2,2,1,0,,2.4,11.4,WNW,12,12,4,2,,0,,,,
2023,3,273.0,문경,31.7,-17.0,21.1,23,3,3,1,0,,2.0,8.6,WNW,12,12,5,2,,0,,,,
2023,3,276.0,청송군,41.8,-4.6,29.1,23,4,3,2,0,,1.6,7.9,NW,12,11,4,3,,0,,,,
2023,3,277.0,영덕,30.6,-18.5,25.3,23,4,3,1,0,,2.5,9.5,NW,12,10,7,2,,0,,,,
2023,3,278.0,의성,35.3,-6.2,26.1,23,3,3,1,0,,1.0,6.8,NW,12,14,5,3,,0,,,,
2023,3,279.0,구미,27.5,-20.2,17.8,23,3,3,1,0,,0.7,5.2,WNW,12,14,4,3,,0,,,,
2023,3,281.0,영천,43.2,-6.8,22.6,23,4,3,2,0,,1.6,7.9,WNW,12,13,5,2,,0,,,,
2023,3,283.0,경주시,51.5,-8.2,39.7,23,3,3,1,1,,2.5,14.2,WNW,12,13,5,2,,1,,,,
2023,3,284.0,거창,30.5,-24.9,20.0,23,5,4,1,0,,1.3,6.8,W,12,12,5,3,0,0,1,0,0,0
2023,3,285.0,합천,21.9,-32.1,17.1,23,5,2,1,0,,0.9,6.0,SSW,15,14,5,2,0,0,1,0,0,0
2023,3,288.0,밀양,43.7,-15.3,24.4,23,4,4,2,0,,1.0,6.2,W,12,12,5,2,0,0,1,0,0,0
2023,3,289.0,산청,27.2,-39.6,16.6,23,6,5,1,0,,1.5,10.6,W,12,14,5,3,0,0,1,0,0,0
2023,3,294.0,거제,80.4,-31.8,63.4,23,7,5,1,1,,1.5,5.7,NW,12,12,6,3,0,0,1,0,0,0
2023,3,295.0,남해,62.4,-50.7,36.5,23,7,5,2,1,,1.3,6.6,WNW,12,12,6,3,0,0,1,0,0,0
2023,3,296.0,북부산,61.5,,40.0,23,4,4,2,1,,2.0,6.7,S,6,12,6,3,0,0,1,0,0,0
2023,4,90.0,속초,57.0,-16.3,28.0,5,10,8,2,0,,2.2,11.3,W,11,,,2,,0,,,,
2023,4,93.0,북춘천,95.7,,40.6,5,10,9,2,2,,1.6,10.1,NNW,16,7,10,3,2,0,5,0,2,2
2023,4,95.0,철원,97.5,28.5,39.3,5,14,10,2,1,,1.6,6.2,SSW,7,7,9,3,,0,,,,
2023,4,98.0,동두천,94.6,21.4,47.3,5,10,9,2,1,,1.5,8.6,SSW,11,6,7,5,,0,,,,
2023,4,99.0,파주,102.3,28.1,57.5,5,10,9,2,1,,1.7,8.4,SW,11,6,7,4,,0,,,,
2023,4,100.0,대관령,54.5,-39.0,24.2,5,10,8,1,0,,4.0,13.9,W,30,10,9,3,,1,,,,
2023,4,101.0,춘천,90.6,19.1,40.4,5,10,9,2,1,,1.8,7.8,W,16,8,7,5,,0,,,,
2023,4,102.0,백령도,52.4,4.9,22.1,5,8,5,2,0,,4.3,12.1,ESE,5,8,8,4,7,0,0,0,0,0
2023,4,104.0,북강릉,32.7,,15.6,5,6,5,1,0,,1.8,11.7,WSW,11,9,7,2,0,0,2,0,0,0
2023,4,105.0,강릉,33.4,-48.5,14.0,5,6,5,1,0,,2.6,13.9,W,11,7,8,0,,1,,,,
2023,4,106.0,동해,11.4,-60.9,9.4,5,6,1,0,0,,2.4,17.4,W,11,10,7,1,,1,,,,
2023,4,108.0,서울,96.9,24.0,50.3,5,11,8,2,1,,2.5,9.3,S,11,8,9,5,0,0,0,0,2,0
2023,4,112.0,인천,70.4,6.9,40.5,5,8,7,3,1,,3.1,11.6,SSW,11,10,10,5,6,0,0,0,0,0
2023,4,114.0,원주,39.1,-33.9,11.3,5,10,10,1,0,,1.3,5.3,W,8,8,11,4,,0,,,,
2023,4,115.0,울릉도,68.9,-28.9,26.0,5,9,7,2,0,,4.4,14.8,WSW,11,9,8,4,6,2,1,0,0,0
2023,4,119.0,수원,67.4,-4.2,35.7,5,8,7,2,1,,2.2,9.1,SW,11,9,10,4,0,0,1,0,2,1
2023,4,121.0,영월,52.3,-21.2,20.7,5,9,8,1,0,,1.4,7.1,W,29,8,9,5,,0,,,,
2023,4,127.0,충주,32.1,-41.7,8.9,15,11,8,0,0,,1.6,7.8,SW,11,8,10,5,,0,,,,
2023,4,129.0,서산,54.6,-20.1,29.0,5,9,6,2,0,,2.4,8.7,S,11,8,10,4,,0,,,,
2023,4,130.0,울진,35.7,-40.7,12.8,5,8,8,1,0,,2.7,16.1,WSW,11,12,8,3,,1,,,,
2023,4,131.0,청주,30.1,-45.4,9.1,5,8,6,0,0,,1.5,5.8,E,2,8,7,5,0,0,1,0,0,0
2023,4,133.0,대전,54.5,-27.1,18.5,5,8,7,2,0,,2.0,8.9,SE,3,10,9,5,1,0,1,0,2,1
2023,4,135.0,추풍령,43.9,-36.4,9.7,5,9,9,0,0,,2.8,9.8,W,7,11,7,5,,0,,,,
2023,4,136.0,안동,46.6,-27.4,18.6,5,9,8,2,0,,1.9,8.1,WNW,8,10,9,5,3,0,2,0,1,1
2023,4,137.0,상주,45.6,-41.0,12.6,5,10,9,2,0,,1.4,6.8,WNW,12,11,8,5,,0,,,,
2023,4,138.0,포항,33.6,-47.6,10.6,5,9,8,1,0,,3.1,9.5,WSW,11,10,7,3,1,0,2,0,0,0
2023,4,140.0,군산,66.1,-15.5,38.7,5,10,7,2,1,,2.5,9.8,S,11,7,8,5,,0,,,,
2023,4,143.0,대구,30.8,-39.8,8.7,29,9,7,0,0,,2.6,8.3,NW,8,11,9,3,0,0,0,0,0,0
2023,4,146.0,전주,45.0,-33.4,13.8,5,11,6,1,0,,1.8,6.6,WSW,11,10,11,4,5,0,2,0,2,1
2023,4,152.0,울산,57.7,-39.2,22.7,5,10,8,1,0,,2.6,9.2,SSW,11,14,8,6,0,0,2,0,0,0
2023,4,155.0,창원,116.3,-17.5,62.6,5,9,8,3,1,,1.6,7.3,ENE,2,12,10,4,1,0,0,0,0,0
2023,4,156.0,광주,66.5,-20.1,34.2,5,8,6,2,1,,1.4,7.4,S,4,12,10,4,1,0,0,0,3,0
2023,4,159.0,부산,101.6,-39.3,44.8,5,12,8,3,1,,3.8,14.1,SSW,11,10,9,5,0,1,1,0,0,0
2023,4,162.0,통영,104.0,-34.8,45.8,5,11,8,4,1,,2.8,14.1,SSW,5,12,9,5,,1,,,,
2023,4,165.0,목포,88.8,8.5,52.7,5,10,7,2,1,,3.5,10.4,NNW,15,8,10,8,2,0,0,0,0,0
2023,4,168.0,여수,84.1,-41.1,46.4,5,11,6,2,1,,4.3,12.3,ENE,2,10,11,6,3,0,0,0,0,0
2023,4,169.0,흑산도,82.8,-6.0,31.8,5,11,7,3,1,,5.0,21.7,SSE,4,9,12,5,10,4,0,0,0,0
2023,4,170.0,완도,163.5,21.8,98.8,5,11,9,3,1,,2.8,11.1,SSE,5,9,10,5,,0,,,,
2023,4,172.0,고창,52.4,-31.4,21.4,5,9,6,2,0,,3.1,14.0,ESE,18,9,9,3,,1,,,,
2023,4,174.0,순천,101.7,,58.8,5,11,7,2,1,,2.0,7.9,ESE,4,11,9,7,,0,,,,
2023,4,177.0,홍성,42.8,,23.0,5,8,6,1,0,,2.0,9.0,SW,11,9,11,4,0,0,2,0,0,0
2023,4,184.0,제주,62.1,-27.6,19.8,14,9,8,1,0,,3.6,14.0,SW,18,7,11,7,1,1,0,0,0,0
2023,4,185.0,고산,102.7,8.0,54.9,5,11,8,2,1,,6.9,24.4,WNW,16,6,8,7,,6,,,,
2023,4,188.0,성산,183.1,21.8,110.4,5,10,9,3,2,,4.0,12.3,SW,18,7,8,6,,0,,,,
2023,4,189.0,서귀포,191.1,4.1,130.4,5,12,9,2,2,,2.2,7.5,SSW,5,7,11,6,2,0,0,0,0,0
2023,4,192.0,진주,101.5,-24.9,60.0,5,9,8,3,1,,1.1,5.6,WNW,8,12,9,4,,0,,,,
2023,4,201.0,강화,109.5,44.6,65.1,5,9,8,3,1,,2.4,9.3,SSW,11,7,11,4,,0,,,,
2023,4,202.0,양평,73.5,1.0,42.8,5,11,8,2,1,,1.4,7.0,WSW,11,5,8,4,,0,,,,
2023,4,203.0,이천,56.7,-21.8,28.4,5,12,9,1,0,,1.4,6.1,SSW,11,6,9,5,,0,,,,
2023,4,211.0,인제,83.8,14.0,32.1,5,10,9,3,1,,1.7,6.3,S,11,6,9,5,,0,,,,
2023,4,212.0,홍천,59.8,-15.0,33.1,5,11,8,2,1,,1.1,6.4,SSW,11,6,8,4,,0,,,,
2023,4,216.0,태백,49.1,-36.7,27.6,5,10,8,1,0,,1.6,9.1,SW,11,10,9,3,,0,,,,
2023,4,217.0,정선군,48.1,-33.3,22.8,5,9,8,1,0,,2.0,10.4,NE,30,11,8,6,,0,,,,
2023,4,221.0,제천,48.6,-36.5,21.3,5,10,8,1,0,,1.6,6.6,W,29,7,9,5,,0,,,,
2023,4,226.0,보은,51.9,-30.3,13.3,5,9,8,1,0,,1.6,7.6,S,4,8,8,5,,0,,,,
2023,4,232.0,천안,29.6,-37.9,10.2,5,9,6,1,0,,1.6,7.0,WSW,30,7,8,5,,0,,,,
2023,4,235.0,보령,42.4,-30.3,28.8,5,8,5,1,0,,1.8,10.7,SSW,11,7,9,5,,0,,,,
2023,4,236.0,부여,60.6,-24.7,34.5,5,7,5,2,1,,1.5,7.6,SSW,11,8,9,5,,0,,,,
2023,4,238.0,금산,46.1,-38.6,10.3,29,10,9,1,0,,1.3,6.0,S,11,10,8,5,,0,,,,
2023,4,239.0,세종,48.8,,15.6,5,9,7,2,0,,1.8,7.0,NW,16,8,8,5,,0,,,,
2023,4,243.0,부안,48.6,-31.4,19.2,5,10,6,2,0,,1.9,9.0,SSE,5,9,9,6,,0,,,,
2023,4,244.0,임실,62.6,-21.0,23.9,5,10,8,2,0,,1.4,7.3,S,5,8,11,4,,0,,,,
2023,4,245.0,정읍,47.9,-34.6,12.2,5,10,6,2,0,,1.7,8.9,WSW,11,9,9,4,,0,,,,
2023,4,247.0,남원,37.9,-43.9,10.0,5,10,8,1,0,,2.2,8.9,NNE,22,8,10,5,,0,,,,
2023,4,248.0,장수,64.2,-32.4,18.8,5,11,10,3,0,,1.6,7.3,WNW,7,9,8,5,,0,,,,
2023,4,251.0,고창군,63.7,,21.1,5,11,6,3,0,,1.8,8.6,ESE,5,10,9,4,,0,,,,
2023,4,252.0,영광군,65.2,-24.9,31.2,5,9,6,2,1,,1.8,8.0,SW,11,8,9,5,,0,,,,
2023,4,253.0,김해시,106.8,-21.6,69.4,5,9,7,3,1,,2.0,8.7,W,11,12,10,5,,0,,,,
2023,4,254.0,순창군,57.4,-47.4,26.0,5,9,8,2,0,,2.0,9.6,NW,16,8,11,5,,0,,,,
2023,4,255.0,북창원,107.4,,60.9,5,10,7,3,1,,1.8,6.5,SSE,5,11,10,4,,0,,,,
2023,4,257.0,양산시,86.9,-39.9,42.6,5,10,8,2,1,,2.5,8.3,WSW,11,10,10,6,,0,,,,
2023,4,258.0,보성군,100.8,,62.0,5,12,7,2,1,,2.8,10.9,NNW,26,10,8,8,,0,,,,
2023,4,259.0,강진군,95.7,-29.2,55.9,5,12,6,2,1,,2.0,7.5,E,3,10,9,7,,0,,,,
2023,4,260.0,장흥,109.5,1.0,69.5,5,11,6,2,1,,1.9,8.1,SSE,4,10,10,7,,0,,,,
2023,4,261.0,해남,91.9,-2.6,57.3,5,8,7,2,1,,2.5,10.8,SE,4,8,9,7,,0,,,,
2023,4,262.0,고흥,88.3,-39.9,54.7,5,11,8,1,1,,1.7,7.6,SSE,5,9,9,6,,0,,,,
2023,4,263.0,의령군,57.7,-60.7,25.6,5,9,6,3,0,,2.0,9.4,SW,11,12,9,4,,0,,,,
2023,4,264.0,함양군,36.6,-68.1,12.5,5,10,7,1,0,,1.9,7.3,SW,8,11,9,7,,0,,,,
2023,4,266.0,광양시,111.0,,67.1,5,11,7,2,1,,2.2,7.3,W,12,12,11,6,,0,,,,
2023,4,268.0,진도군,140.0,13.5,102.2,5,10,6,3,1,,2.4,8.9,ESE,18,9,8,7,,0,,,,
2023,4,271.0,봉화,59.9,-20.8,29.6,5,9,9,2,0,,1.5,7.0,NW,15,9,7,5,,0,,,,
2023,4,272.0,영주,93.5,-1.3,66.8,5,9,8,1,1,,2.6,11.3,NW,8,9,9,4,,0,,,,
2023,4,273.0,문경,63.4,-26.1,35.0,5,10,8,1,1,,1.9,8.1,WNW,8,8,9,5,,0,,,,
2023,4,276.0,청송군,41.4,-40.3,18.6,5,10,8,1,0,,2.1,9.6,W,8,10,7,3,,0,,,,
2023,4,277.0,영덕,37.3,-42.2,25.2,5,9,5,1,0,,2.6,10.6,W,30,11,7,3,,0,,,,
2023,4,278.0,의성,40.4,-33.2,14.5,5,9,9,1,0,,1.4,6.9,NW,8,11,8,4,,0,,,,
2023,4,279.0,구미,44.9,-34.1,12.9,5,9,8,2,0,,0.9,4.8,WNW,30,9,9,4,,0,,,,
2023,4,281.0,영천,31.7,-44.7,7.2,25,9,8,0,0,,2.0,8.1,W,8,13,8,3,,0,,,,
2023,4,283.0,경주시,31.0,-65.1,9.4,25,9,7,0,0,,2.9,10.1,WSW,11,10,7,4,,0,,,,
2023,4,284.0,거창,47.9,-36.9,21.6,5,9,9,1,0,,1.7,7.0,S,5,11,8,2,,0,,,,
2023,4,285.0,합천,44.6,-37.3,19.7,5,8,7,1,0,,1.2,5.8,SSW,11,13,8,2,,0,,,,
2023,4,288.0,밀양,52.5,-38.0,17.9,5,9,8,3,0,,1.3,6.5,WNW,8,11,10,4,,0,,,,
2023,4,289.0,산청,84.2,-22.3,55.6,5,9,7,1,1,,1.9,8.8,W,7,12,10,4,,0,,,,
2023,4,294.0,거제,136.5,-40.7,64.2,5,11,8,4,1,,1.8,8.6,ESE,5,12,8,5,,0,,,,
2023,4,295.0,남해,144.7,-35.0,91.4,5,11,9,3,1,,1.8,7.0,ESE,5,11,10,5,,0,,,,
2023,4,296.0,북부산,83.0,,48.0,5,7,7,3,1,,2.7,8.4,S,5,10,8,6,,0,,,,
2023,5,90.0,속초,81.0,-7.5,48.4,6,7,6,1,1,,1.9,8.2,N,5,4,5,3,,0,,,,
2023,5,93.0,북춘천,112.4,,37.4,5,9,7,4,1,,1.4,8.0,SSW,18,4,7,3,0,0,1,0,0,0
2023,5,95.0,철원,161.9,59.5,75.5,5,10,8,4,1,,1.5,5.8,NNE,6,5,6,3,,0,,,,
2023,5,98.0,동두천,158.7,63.5,69.3,5,8,6,4,2,,1.2,6.8,WSW,17,4,6,4,,0,,,,
2023,5,99.0,파주,139.2,37.2,47.0,5,7,5,4,3,,1.4,6.2,NNE,22,6,5,4,,0,,,,
2023,5,100.0,대관령,92.5,-15.7,53.3,6,8,7,3,1,,2.6,10.7,W,20,4,7,4,,0,,,,
2023,5,101.0,춘천,115.6,16.2,41.7,5,7,5,4,2,,1.6,7.4,SW,17,6,6,4,,0,,,,
2023,5,102.0,백령도,136.7,62.4,76.0,27,7,6,3,2,,3.7,9.0,SE,15,3,12,4,12,0,0,0,0,0
2023,5,104.0,북강릉,91.4,,65.0,6,10,6,1,1,,1.3,6.5,W,21,5,8,2,5,0,0,0,0,0
2023,5,105.0,강릉,91.1,11.9,66.4,6,11,5,1,1,,2.1,7.9,W,20,2,7,2,,0,,,,
2023,5,106.0,동해,73.6,10.3,40.9,6,10,6,2,1,,1.8,8.8,NE,1,3,9,2,,0,,,,
2023,5,108.0,서울,155.6,52.0,47.5,6,8,6,4,4,,2.3,8.6,NE,6,7,6,4,0,0,0,0,0,0
2023,5,112.0,인천,133.8,37.5,47.5,6,7,5,4,2,,2.4,7.7,ENE,6,6,7,3,5,0,0,0,0,0
2023,5,114.0,원주,130.7,44.6,48.7,6,8,6,4,2,,1.1,4.5,SSE,5,4,8,5,,0,,,,
2023,5,115.0,울릉도,152.6,44.1,44.3,6,7,6,4,3,,4.7,16.1,ENE,6,5,11,6,6,2,0,0,0,0
2023,5,119.0,수원,120.3,25.3,46.8,6,7,7,3,2,,1.9,6.9,WSW,17,5,8,3,0,0,2,0,0,0
2023,5,121.0,영월,119.2,40.8,39.2,6,10,5,4,1,,1.1,6.7,SE,18,4,11,4,,0,,,,
2023,5,127.0,충주,123.8,36.4,37.5,5,7,6,4,3,,1.4,8.1,E,6,6,11,5,,0,,,,
2023,5,129.0,서산,132.9,31.8,61.5,28,9,8,5,1,,2.1,7.5,NE,6,6,9,4,,0,,,,
2023,5,130.0,울진,109.5,39.0,51.9,6,9,6,4,1,,2.3,9.0,WNW,6,5,12,4,,0,,,,
2023,5,131.0,청주,202.4,119.6,65.6,28,10,6,4,3,,1.5,8.3,NE,6,7,6,4,0,0,1,0,0,0
2023,5,133.0,대전,192.9,101.1,83.3,5,8,6,4,3,,1.3,7.8,SE,18,7,11,4,0,0,1,0,0,0
2023,5,135.0,추풍령,144.8,64.7,61.1,29,7,6,4,2,,2.0,8.1,WSW,1,6,11,6,,0,,,,
2023,5,136.0,안동,131.8,46.7,40.0,5,6,6,4,3,,1.4,6.1,WNW,1,5,11,6,3,0,1,0,0,0
2023,5,137.0,상주,148.2,60.6,46.8,29,6,4,4,3,,1.0,4.2,NW,1,7,10,6,,0,,,,
2023,5,138.0,포항,137.7,53.1,66.6,29,8,7,3,1,,2.9,9.6,NE,7,6,13,7,0,0,0,0,0,0
2023,5,140.0,군산,336.0,250.2,143.7,29,9,5,4,3,,2.2,8.7,W,25,4,10,4,,0,,,,
2023,5,143.0,대구,200.0,122.1,100.8,29,9,6,4,3,,2.1,7.4,E,6,7,11,6,0,0,0,0,0,0
2023,5,146.0,전주,240.7,157.9,131.2,29,9,7,4,2,,1.6,6.4,WSW,25,5,13,5,1,0,3,0,0,0
2023,5,152.0,울산,195.2,87.8,62.4,6,10,10,4,3,,2.1,8.2,S,5,7,14,7,1,0,0,0,0,0
2023,5,155.0,창원,299.4,153.0,136.5,5,13,9,5,3,,1.4,6.4,S,5,7,12,6,1,0,1,0,0,0
2023,5,156.0,광주,190.1,98.7,95.7,5,9,9,4,2,,1.2,5.3,SSW,17,5,12,6,2,0,1,0,0,0
2023,5,159.0,부산,290.7,134.8,98.9,6,11,10,6,4,,3.0,12.5,SSW,5,6,13,8,2,0,0,0,0,0
2023,5,162.0,통영,241.1,81.5,73.3,5,15,10,8,3,,2.6,14.9,SSW,5,6,14,8,,1,,,,
2023,5,165.0,목포,158.1,66.8,73.9,5,12,7,4,2,,3.2,10.9,SE,4,5,14,7,3,0,2,0,0,0
2023,5,168.0,여수,339.2,195.7,152.0,5,13,10,5,4,,3.3,16.1,SSW,5,4,13,8,6,2,1,0,0,0
2023,5,169.0,흑산도,102.1,5.4,33.8,4,14,11,3,1,,5.2,18.2,SSW,4,4,17,8,15,2,1,0,0,0
2023,5,170.0,완도,-,-,-,-,-,-,-,-,,2.5,13.5,SE,4,5,13,6,,0,,,,
2023,5,172.0,고창,174.2,104.6,74.3,29,10,9,2,2,,2.9,17.1,ESE,4,4,12,7,,1,,,,
2023,5,174.0,순천,271.3,,166.5,5,11,9,5,1,,1.6,6.4,ESE,4,5,12,7,,0,,,,
2023,5,177.0,홍성,139.0,,69.2,28,10,8,4,1,,1.8,6.5,SW,17,4,11,5,2,0,1,0,0,0
2023,5,181.0,서청주,183.8,,66.0,28,9,6,4,3,,1.8,7.5,NNE,22,6,9,5,0,0,1,0,0,0
2023,5,184.0,제주,269.3,173.7,74.0,4,14,12,8,3,,2.7,8.7,ENE,18,4,13,5,1,0,3,0,0,0
2023,5,185.0,고산,298.9,181.2,116.4,4,15,10,6,4,,5.4,20.2,WNW,15,3,15,8,,3,,,,
2023,5,188.0,성산,489.8,311.8,193.0,4,16,13,8,5,,3.1,12.0,ESE,4,3,11,6,,0,,,,
2023,5,189.0,서귀포,574.3,350.7,287.8,4,16,13,7,5,,1.8,9.2,S,5,3,16,10,4,0,3,0,0,0
2023,5,192.0,진주,364.0,226.7,255.1,5,11,8,5,3,,0.9,3.6,S,5,3,13,8,,0,,,,
2023,5,201.0,강화,148.1,37.2,53.8,27,8,6,4,3,,2.0,7.4,SW,17,6,7,3,,0,,,,
2023,5,202.0,양평,143.5,49.1,43.0,6,7,5,5,3,,1.3,7.4,WSW,17,7,8,4,,0,,,,
2023,5,203.0,이천,169.1,75.9,46.2,6,9,8,5,3,,1.1,4.5,SW,1,7,8,4,,0,,,,
2023,5,211.0,인제,104.8,12.2,31.8,6,8,6,4,1,,1.5,7.6,NNE,6,4,5,3,,0,,,,
2023,5,212.0,홍천,135.0,33.7,53.3,6,8,5,4,2,,1.1,4.9,W,1,5,6,4,,0,,,,
2023,5,216.0,태백,130.5,40.3,64.6,6,11,8,4,1,,1.4,6.2,N,23,4,9,5,,0,,,,
2023,5,217.0,정선군,128.3,61.5,42.9,5,10,9,4,2,,1.4,9.8,NE,17,3,7,4,,0,,,,
2023,5,221.0,제천,167.1,70.2,52.8,6,7,5,4,3,,1.3,7.2,NE,6,6,11,5,,0,,,,
2023,5,226.0,보은,146.4,53.6,57.3,5,8,5,4,3,,1.2,7.2,SSE,12,6,11,7,,0,,,,
2023,5,232.0,천안,116.9,38.2,35.5,28,9,7,4,2,,1.3,8.1,ENE,6,5,8,5,,0,,,,
2023,5,235.0,보령,190.8,103.3,102.4,28,7,7,4,1,,1.4,7.2,SSW,5,4,11,6,,0,,,,
2023,5,236.0,부여,248.1,150.6,98.4,5,8,7,4,4,,1.2,5.3,SSE,4,4,9,5,,0,,,,
2023,5,238.0,금산,211.5,129.9,95.0,29,10,7,4,3,,1.1,5.8,SSE,12,6,10,6,,0,,,,
2023,5,239.0,세종,194.2,,72.8,5,8,6,4,3,,1.4,5.1,WNW,1,5,10,5,,0,,,,
2023,5,243.0,부안,236.7,151.8,131.8,5,10,7,3,2,,1.7,6.9,SE,4,5,11,5,,0,,,,
2023,5,244.0,임실,222.0,136.1,107.4,29,10,8,4,2,,1.2,5.3,S,27,6,10,6,,0,,,,
2023,5,245.0,정읍,202.1,114.9,97.0,29,9,7,3,2,,1.4,8.9,S,5,5,11,5,,0,,,,
2023,5,247.0,남원,172.6,82.1,76.3,5,10,7,2,2,,2.0,8.4,NNE,7,5,13,6,,0,,,,
2023,5,248.0,장수,239.2,138.7,104.9,29,11,7,4,2,,1.4,5.9,WSW,17,5,11,6,,0,,,,
2023,5,251.0,고창군,173.0,,66.9,29,11,8,4,2,,1.6,9.1,E,4,5,12,7,,0,,,,
2023,5,252.0,영광군,199.4,105.6,98.4,5,11,8,2,2,,1.8,7.6,SSE,5,8,10,8,,0,,,,
2023,5,253.0,김해시,291.6,181.0,96.4,5,13,9,4,3,,1.6,9.1,S,5,7,13,7,,0,,,,
2023,5,254.0,순창군,195.1,107.8,96.0,5,11,8,4,2,,1.6,7.4,NW,9,5,10,7,,0,,,,
2023,5,255.0,북창원,305.7,,155.9,5,12,9,4,3,,1.3,5.6,NW,1,7,13,7,,0,,,,
2023,5,257.0,양산시,294.4,184.2,85.1,6,12,9,4,3,,2.2,6.3,WSW,5,6,13,8,,0,,,,
2023,5,258.0,보성군,335.7,,184.0,5,12,10,4,2,,2.6,9.3,SW,5,5,13,8,,0,,,,
2023,5,259.0,강진군,321.7,198.8,143.2,5,11,10,4,3,,1.6,6.0,ESE,27,5,12,5,,0,,,,
2023,5,260.0,장흥,286.2,164.6,106.9,5,12,10,4,3,,1.8,7.2,SSE,4,5,13,6,,0,,,,
2023,5,261.0,해남,263.6,161.2,115.0,5,12,11,4,3,,2.3,10.2,ESE,4,4,13,6,,0,,,,
2023,5,262.0,고흥,288.4,155.1,92.9,5,14,9,4,4,,1.4,8.4,S,5,6,13,6,,0,,,,
2023,5,263.0,의령군,304.7,216.7,184.5,5,9,7,4,3,,1.7,7.3,SW,17,5,13,8,,0,,,,
2023,5,264.0,함양군,151.7,87.3,62.7,29,9,7,4,2,,1.3,6.3,SSW,21,5,12,6,,0,,,,
2023,5,266.0,광양시,258.7,,150.2,5,12,8,5,2,,1.7,7.4,ENE,7,5,14,7,,0,,,,
2023,5,268.0,진도군,185.1,39.5,94.1,4,11,9,4,2,,2.3,9.0,S,5,4,13,8,,0,,,,
2023,5,271.0,봉화,145.0,43.5,58.6,5,10,6,4,2,,1.3,6.2,NW,1,5,10,6,,0,,,,
2023,5,272.0,영주,160.2,41.7,63.2,5,6,4,4,2,,1.7,8.6,NW,21,7,10,7,,0,,,,
2023,5,273.0,문경,173.7,65.6,74.3,5,7,4,4,3,,1.5,7.1,WNW,12,6,11,7,,0,,,,
2023,5,276.0,청송군,158.7,102.0,49.4,29,10,8,4,2,,1.5,6.4,NW,1,5,11,6,,0,,,,
2023,5,277.0,영덕,115.5,41.0,33.9,6,9,7,3,2,,2.4,10.1,NNE,6,7,10,6,,0,,,,
2023,5,278.0,의성,152.8,74.2,51.4,29,8,7,5,3,,1.0,5.6,NNW,1,7,12,6,,0,,,,
2023,5,279.0,구미,161.1,82.4,81.7,29,7,6,4,1,,0.7,3.5,ESE,17,6,9,5,,0,,,,
2023,5,281.0,영천,166.9,81.1,75.5,29,9,6,4,2,,1.5,6.3,E,23,5,10,6,,0,,,,
2023,5,283.0,경주시,141.8,86.5,73.0,29,9,6,4,1,,2.6,7.9,NE,19,5,11,8,,0,,,,
2023,5,284.0,거창,211.3,122.6,99.1,29,8,7,4,3,,1.2,6.8,NW,1,5,12,7,,0,,,,
2023,5,285.0,합천,221.4,127.3,93.8,5,9,7,3,3,,1.0,5.1,NNW,1,5,11,7,,0,,,,
2023,5,288.0,밀양,284.2,177.5,120.4,5,9,6,4,3,,1.2,5.7,SSE,5,6,12,6,,0,,,,
2023,5,289.0,산청,180.1,74.6,90.6,5,8,6,4,2,,1.5,6.2,NE,5,4,12,6,,0,,,,
2023,5,294.0,거제,345.6,142.6,97.9,6,13,10,9,4,,1.5,7.7,ESE,5,7,14,9,,0,,,,
2023,5,295.0,남해,415.5,219.2,258.3,5,13,10,6,3,,1.4,7.5,SSE,5,4,15,8,,0,,,,
2023,5,296.0,북부산,262.5,,75.5,5,12,10,4,3,,2.3,7.7,SSW,5,7,13,7,,0,,,,
2023,6,90.0,속초,200.1,80.6,38.2,21,14,12,8,3,,1.8,9.0,N,9,3,8,2,,0,,,,
2023,6,93.0,북춘천,280.7,,83.1,29,12,11,6,3,,1.3,7.0,NNW,10,3,8,3,0,0,7,0,0,0
2023,6,95.0,철원,220.4,101.4,60.9,29,12,11,5,5,,1.3,5.4,N,13,3,6,2,,0,,,,
2023,6,98.0,동두천,218.4,87.9,79.5,29,14,12,6,1,,1.1,5.9,WNW,3,4,8,4,,0,,,,
2023,6,99.0,파주,212.0,104.6,62.9,29,13,10,6,3,,1.1,5.1,SSW,29,3,5,4,,0,,,,
2023,6,100.0,대관령,194.3,31.8,45.0,26,11,9,6,3,,2.7,12.5,W,27,3,7,2,,0,,,,
2023,6,101.0,춘천,263.2,140.3,75.4,29,11,9,7,3,,1.6,6.8,WNW,10,4,8,3,,0,,,,
2023,6,102.0,백령도,95.7,23.7,44.5,29,11,6,4,1,,3.2,9.6,NNE,26,4,10,4,20,0,3,0,0,0
2023,6,104.0,북강릉,171.3,,45.1,21,11,9,5,3,,1.2,5.9,WNW,3,3,7,3,2,0,4,0,0,0
2023,6,105.0,강릉,160.0,41.5,40.6,21,9,9,4,4,,2.0,7.1,NE,9,3,6,2,,0,,,,
2023,6,106.0,동해,111.6,5.7,38.5,21,12,11,3,1,,1.7,8.3,N,9,3,8,1,,0,,,,
2023,6,108.0,서울,195.6,66.1,63.8,29,11,10,5,4,,2.2,7.5,WNW,10,3,8,4,2,0,5,0,0,0
2023,6,112.0,인천,116.2,10.2,44.0,29,9,8,5,1,,2.2,9.6,WSW,10,3,7,2,5,0,4,0,0,0
2023,6,114.0,원주,140.0,3.3,50.0,26,11,8,4,2,,1.1,4.6,S,10,2,7,2,,0,,,,
2023,6,115.0,울릉도,125.3,8.5,42.3,29,10,8,4,1,,3.6,12.7,SW,27,4,10,4,8,0,3,0,0,0
2023,6,119.0,수원,131.5,8.6,58.6,29,9,7,4,2,,2.0,6.2,W,5,4,7,3,0,0,5,0,0,0
2023,6,121.0,영월,180.8,43.7,37.1,26,12,10,6,2,,1.0,5.9,W,11,2,9,3,,0,,,,
2023,6,127.0,충주,239.6,104.9,88.2,26,12,11,6,3,,1.3,8.4,NNW,11,1,7,3,,0,,,,
2023,6,129.0,서산,138.1,-0.1,91.9,29,9,5,3,1,,2.1,7.0,SSW,26,2,7,2,,0,,,,
2023,6,130.0,울진,144.1,39.8,40.4,29,10,9,5,2,,2.1,7.0,S,23,2,9,1,,0,,,,
2023,6,131.0,청주,100.5,-39.5,39.0,29,9,7,2,2,,1.5,5.6,SE,28,2,10,2,0,0,2,0,0,0
2023,6,133.0,대전,147.5,-19.8,54.5,26,10,8,3,2,,1.6,8.2,SSE,28,1,7,2,0,0,4,0,0,0
2023,6,135.0,추풍령,254.9,118.3,65.2,26,12,8,7,4,,2.1,8.2,SSE,8,1,10,2,,0,,,,
2023,6,136.0,안동,247.7,124.6,53.0,26,11,10,8,3,,1.5,10.6,WNW,11,0,8,4,4,0,7,0,0,0
2023,6,137.0,상주,174.8,59.6,61.9,26,12,9,4,2,,1.1,5.0,W,5,2,7,4,,0,,,,
2023,6,138.0,포항,101.5,-25.3,34.9,26,11,9,3,1,,2.6,7.7,NE,19,3,9,2,0,0,2,0,0,0
2023,6,140.0,군산,179.1,36.9,56.8,28,9,7,4,4,,2.5,10.5,W,10,3,9,3,,0,,,,
2023,6,143.0,대구,178.7,49.5,48.0,27,11,8,5,3,,2.2,6.7,W,2,2,9,3,2,0,5,0,0,0
2023,6,146.0,전주,169.9,10.9,60.1,28,11,7,4,3,,1.6,6.4,W,8,1,9,2,1,0,4,0,0,0
2023,6,152.0,울산,141.4,-14.1,23.0,26,12,11,8,0,,1.8,7.8,SSW,29,3,11,2,1,0,3,0,0,0
2023,6,155.0,창원,209.1,18.4,48.1,27,13,12,7,2,,1.4,6.0,S,26,3,11,3,2,0,4,0,0,0
2023,6,156.0,광주,441.2,288.6,153.3,28,10,9,6,4,,1.1,5.6,SW,30,4,12,4,1,0,4,0,0,0
2023,6,159.0,부산,153.9,-34.5,34.8,25,12,10,7,1,,3.2,11.9,SW,26,3,11,4,2,0,2,0,0,0
2023,6,162.0,통영,237.5,41.7,52.9,27,12,11,8,3,,2.4,11.5,SW,27,2,9,5,,0,,,,
2023,6,165.0,목포,168.8,18.6,59.5,26,10,9,4,3,,3.2,10.3,NNW,3,1,11,5,2,0,3,0,0,0
2023,6,168.0,여수,298.2,103.9,100.8,28,13,12,6,4,,3.3,12.7,NNE,28,2,11,5,5,0,4,0,0,0
2023,6,169.0,흑산도,85.0,-72.5,31.6,29,9,6,3,1,,4.1,15.2,SSE,25,2,16,2,17,2,2,0,0,0
2023,6,170.0,완도,158.6,-48.6,48.9,25,13,12,4,2,,2.4,9.5,SE,20,2,7,4,,0,,,,
2023,6,172.0,고창,-,-,-,-,-,-,-,-,,2.6,10.1,W,10,4,12,2,,0,,,,
2023,6,174.0,순천,-,-,-,-,-,-,-,-,,1.6,6.9,WNW,5,1,10,3,,0,,,,
2023,6,177.0,홍성,100.3,,45.7,29,8,6,4,1,,1.7,5.5,SW,29,1,10,1,1,0,3,0,0,0
2023,6,181.0,서청주,110.0,,47.1,29,9,7,3,2,,1.9,7.5,NNW,3,2,7,2,,0,,,,
2023,6,184.0,제주,213.0,41.8,80.9,25,11,8,5,2,,3.1,10.9,SW,29,2,16,4,3,0,2,0,0,0
2023,6,185.0,고산,272.3,114.2,65.7,30,13,8,5,4,,4.7,12.3,ESE,25,2,13,9,,0,,,,
2023,6,188.0,성산,265.5,33.6,71.5,25,14,8,5,5,,2.7,12.8,ESE,25,2,12,7,,0,,,,
2023,6,189.0,서귀포,418.5,150.9,146.1,25,13,8,6,5,,1.4,4.5,SSW,26,2,16,6,7,0,1,0,0,0
2023,6,192.0,진주,303.3,129.0,105.1,27,11,9,7,4,,1.0,3.5,S,27,2,11,4,,0,,,,
2023,6,201.0,강화,168.4,58.4,50.5,29,12,9,6,2,,1.9,7.3,WSW,27,3,7,4,,0,,,,
2023,6,202.0,양평,161.1,26.9,59.2,29,11,7,3,3,,1.3,5.3,WSW,5,3,7,2,,0,,,,
2023,6,203.0,이천,156.0,27.8,46.4,21,12,8,3,3,,1.1,4.9,SSE,29,3,7,2,,0,,,,
2023,6,211.0,인제,229.0,112.2,80.7,26,10,8,6,3,,1.3,5.6,S,27,3,9,4,,0,,,,
2023,6,212.0,홍천,164.9,40.0,48.1,29,11,9,5,2,,1.1,6.0,WNW,10,3,6,4,,0,,,,
2023,6,216.0,태백,255.0,114.6,73.2,29,13,12,5,4,,1.3,6.3,SSW,10,2,9,0,,0,,,,
2023,6,217.0,정선군,-,-,-,-,-,-,-,-,,1.3,8.2,NNE,8,2,7,2,,0,,,,
2023,6,221.0,제천,231.3,83.8,123.6,26,13,9,4,2,,1.2,5.0,WSW,10,3,12,3,,0,,,,
2023,6,226.0,보은,169.3,12.9,72.6,26,12,10,4,2,,1.3,6.0,SE,20,1,5,2,,0,,,,
2023,6,232.0,천안,178.9,51.9,92.9,29,8,7,3,2,,1.3,5.8,ESE,25,2,8,2,,0,,,,
2023,6,235.0,보령,95.1,-38.9,48.3,29,10,6,3,1,,1.5,8.4,SSW,29,3,9,2,,0,,,,
2023,6,236.0,부여,122.2,-34.9,60.7,29,8,5,3,2,,1.3,6.6,SE,28,1,7,2,,0,,,,
2023,6,238.0,금산,196.9,35.1,80.9,29,9,7,5,2,,1.2,5.1,SSE,25,1,8,2,,0,,,,
2023,6,239.0,세종,112.6,,46.4,26,7,7,2,2,,1.5,5.8,WNW,3,2,7,2,,0,,,,
2023,6,243.0,부안,247.2,115.4,117.3,28,9,7,4,3,,1.8,7.4,W,10,2,10,3,,0,,,,
2023,6,244.0,임실,208.1,65.7,67.3,26,11,11,6,3,,1.2,4.5,WNW,10,2,10,4,,0,,,,
2023,6,245.0,정읍,230.8,94.7,113.2,28,13,8,4,3,,1.5,7.1,WSW,27,3,10,3,,0,,,,
2023,6,247.0,남원,-,-,-,-,-,-,-,-,,1.5,6.6,WSW,14,2,11,3,,0,,,,
2023,6,248.0,장수,348.0,183.1,162.1,26,13,10,6,4,,1.4,5.9,SW,30,1,11,3,,0,,,,
2023,6,251.0,고창군,-,-,-,-,-,-,-,-,,1.5,6.6,ESE,29,4,10,5,,0,,,,
2023,6,252.0,영광군,136.5,31.8,43.5,28,11,8,5,2,,1.8,6.6,S,10,2,15,4,,0,,,,
2023,6,253.0,김해시,131.8,-9.0,28.2,25,12,10,5,0,,1.6,5.4,W,27,3,12,4,,0,,,,
2023,6,254.0,순창군,383.7,261.4,97.5,28,11,9,6,4,,1.6,7.1,NW,27,1,10,3,,0,,,,
2023,6,255.0,북창원,153.8,,35.5,27,14,12,7,1,,1.2,4.6,NW,2,2,10,4,,0,,,,
2023,6,257.0,양산시,122.8,-24.9,31.7,28,12,10,6,1,,2.0,6.6,SSW,27,3,11,3,,0,,,,
2023,6,258.0,보성군,374.0,,139.0,28,10,9,8,5,,2.6,8.5,NNW,3,2,9,5,,0,,,,
2023,6,259.0,강진군,171.5,14.9,37.1,29,11,9,6,3,,1.7,5.1,W,3,1,9,7,,0,,,,
2023,6,260.0,장흥,219.1,32.1,43.8,28,10,9,7,4,,1.5,5.5,SE,9,1,10,6,,0,,,,
2023,6,261.0,해남,153.7,-7.2,44.8,29,12,10,5,2,,2.3,9.3,SW,27,1,7,7,,0,,,,
2023,6,262.0,고흥,267.9,81.0,85.5,28,11,9,7,3,,1.4,6.3,WNW,22,1,9,5,,0,,,,
2023,6,263.0,의령군,197.4,75.9,38.3,26,13,12,9,1,,1.6,7.3,SW,27,2,10,3,,0,,,,
2023,6,264.0,함양군,241.9,127.9,66.6,26,12,9,6,4,,1.5,7.5,SSW,14,1,12,3,,0,,,,
2023,6,266.0,광양시,284.1,,83.6,27,12,11,8,4,,1.6,4.8,W,3,2,9,3,,0,,,,
2023,6,268.0,진도군,133.5,-20.4,47.9,30,9,7,5,1,,2.2,7.1,SW,29,1,8,5,,0,,,,
2023,6,271.0,봉화,301.6,158.4,117.5,26,9,9,4,3,,1.2,6.9,S,10,0,8,3,,0,,,,
2023,6,272.0,영주,483.2,324.7,122.0,29,15,13,8,5,,1.8,7.7,NW,27,0,9,4,,0,,,,
2023,6,273.0,문경,231.0,76.2,105.0,26,13,9,4,3,,1.4,5.9,WNW,3,2,6,3,,0,,,,
2023,6,276.0,청송군,168.2,74.5,38.3,30,11,9,5,2,,1.6,8.7,NW,11,2,6,2,,0,,,,
2023,6,277.0,영덕,113.4,0.0,24.3,26,8,8,4,0,,2.1,8.1,NNE,18,1,8,1,,0,,,,
2023,6,278.0,의성,206.6,90.8,33.7,30,12,11,9,2,,1.0,6.4,NW,11,2,8,4,,0,,,,
2023,6,279.0,구미,164.3,44.0,47.0,26,11,10,5,2,,0.8,3.7,NNW,10,2,9,1,,0,,,,
2023,6,281.0,영천,247.6,121.6,45.3,14,14,11,7,4,,1.6,5.8,NE,15,2,9,2,,0,,,,
2023,6,283.0,경주시,118.8,18.2,31.4,26,11,10,5,1,,2.2,7.0,SW,27,2,10,3,,0,,,,
2023,6,284.0,거창,180.2,30.8,62.5,26,12,10,5,2,,1.3,5.3,SE,10,1,9,1,,0,,,,
2023,6,285.0,합천,196.3,49.6,57.2,26,11,11,5,2,,0.9,3.8,ENE,12,1,8,2,,0,,,,
2023,6,288.0,밀양,279.2,123.3,66.6,26,15,13,8,3,,1.0,4.8,NNW,2,3,11,3,,0,,,,
2023,6,289.0,산청,258.8,86.4,66.6,26,11,10,6,4,,1.5,5.3,WNW,22,2,11,2,,0,,,,
2023,6,294.0,거제,280.5,43.4,75.1,27,12,12,8,3,,1.5,6.2,SSW,7,3,10,5,,0,,,,
2023,6,295.0,남해,364.9,121.1,129.3,27,13,9,6,4,,1.2,5.5,SW,29,2,10,6,,0,,,,
2023,6,296.0,북부산,125.5,,34.0,28,11,10,4,1,,1.9,6.4,S,27,3,11,2,,0,,,,
2023,7,90.0,속초,108.2,-157.4,29.4,9,13,10,4,0,,1.5,7.7,W,5,,,4,,0,,,,
2023,7,93.0,북춘천,318.1,,58.2,13,16,14,8,5,,1.1,6.6,SSW,5,0,14,5,0,0,5,0,0,0
2023,7,95.0,철원,383.4,-16.6,74.0,26,15,14,9,6,,1.3,6.7,N,9,2,12,3,,0,,,,
2023,7,98.0,동두천,355.6,-76.1,65.3,11,15,12,9,6,,1.1,6.4,SW,5,2,9,6,,0,,,,
2023,7,99.0,파주,441.0,45.8,76.0,26,13,12,9,6,,1.2,6.4,S,14,3,10,7,,0,,,,
2023,7,100.0,대관령,181.9,-154.4,35.6,9,15,13,8,1,,2.6,13.3,W,5,2,15,3,,0,,,,
2023,7,101.0,춘천,313.5,-84.7,68.0,13,17,15,8,4,,1.3,7.5,NW,9,3,12,5,,0,,,,
2023,7,102.0,백령도,141.9,-59.1,43.4,4,9,8,5,2,,3.2,10.8,WNW,5,4,17,4,17,0,1,0,0,0
2023,7,104.0,북강릉,109.1,,26.0,9,13,13,3,0,,1.1,9.3,WNW,5,3,12,2,3,0,2,0,0,0
2023,7,105.0,강릉,104.7,-145.5,32.7,9,14,12,4,1,,1.8,7.7,WNW,6,1,14,4,,0,,,,
2023,7,106.0,동해,75.4,-155.4,17.2,15,13,11,3,0,,1.3,7.8,WSW,6,2,13,4,,0,,,,
2023,7,108.0,서울,459.9,45.5,91.6,13,19,16,10,6,,2.1,7.0,SW,5,3,13,7,1,0,5,0,0,0
2023,7,112.0,인천,370.8,33.1,109.9,13,15,11,6,5,,2.4,9.3,WSW,5,4,13,6,6,0,3,0,0,0
2023,7,114.0,원주,463.3,105.5,105.8,14,18,17,11,4,,1.0,5.3,NNE,9,2,17,6,,0,,,,
2023,7,115.0,울릉도,222.5,47.5,83.2,15,12,10,5,3,,4.3,15.3,SW,14,2,11,9,16,2,2,0,0,0
2023,7,119.0,수원,490.5,105.4,86.3,23,18,15,11,6,,2.0,7.4,SE,7,4,13,7,0,0,5,0,0,0
2023,7,121.0,영월,491.5,196.7,142.8,14,18,15,9,5,,0.7,6.2,E,21,0,16,5,,0,,,,
2023,7,127.0,충주,554.2,260.9,172.3,15,18,16,12,4,,1.1,5.7,SE,10,1,14,6,,0,,,,
2023,7,129.0,서산,507.0,232.4,208.1,14,17,12,9,4,,2.2,9.2,S,14,3,12,6,0,0,0,0,0,0
2023,7,130.0,울진,187.0,-16.0,54.6,18,14,13,6,2,,2.1,6.4,WSW,6,1,15,4,,0,,,,
2023,7,131.0,청주,698.5,404.7,256.8,15,19,17,10,5,,1.2,4.9,WNW,25,1,14,7,0,0,4,0,0,0
2023,7,133.0,대전,776.3,469.4,221.8,14,22,19,11,9,,1.2,7.2,S,17,1,16,6,0,0,5,0,0,0
2023,7,135.0,추풍령,390.3,129.6,111.4,14,15,14,10,4,,1.5,8.1,ENE,7,1,16,6,,0,,,,
2023,7,136.0,안동,418.3,183.1,86.7,7,17,16,12,5,,1.1,6.3,W,5,0,16,6,5,0,7,0,0,0
2023,7,137.0,상주,517.5,238.2,121.1,14,20,17,12,6,,0.7,5.8,NW,11,0,16,7,,0,,,,
2023,7,138.0,포항,204.3,3.7,74.1,18,13,11,5,3,,2.4,9.0,WSW,11,3,13,2,2,0,2,0,0,0
2023,7,140.0,군산,870.3,593.0,372.8,14,17,17,14,9,,2.2,8.7,S,14,2,16,8,,0,,,,
2023,7,143.0,대구,298.7,74.8,74.2,18,14,11,8,4,,1.6,8.4,W,5,1,15,4,1,0,2,0,0,0
2023,7,146.0,전주,735.0,432.2,251.5,14,20,17,14,11,,1.4,5.8,WSW,5,0,16,8,0,0,7,0,0,0
2023,7,152.0,울산,266.9,32.8,86.7,18,14,13,7,3,,1.8,8.9,SW,14,3,13,5,3,0,3,0,0,0
2023,7,155.0,창원,471.7,167.2,117.9,16,19,16,9,6,,1.3,6.9,S,14,2,18,7,9,0,5,0,0,0
2023,7,156.0,광주,684.6,390.4,100.3,24,19,18,12,10,,1.3,7.6,SW,15,0,20,5,1,0,5,0,0,0
2023,7,159.0,부산,701.7,374.9,259.2,16,18,16,10,5,,3.5,16.5,SW,14,3,15,6,10,1,8,0,0,0
2023,7,162.0,통영,586.4,297.3,168.9,16,19,18,11,5,,2.4,12.9,SW,15,1,12,6,,0,,,,
2023,7,165.0,목포,629.2,408.5,146.6,24,19,17,13,7,,3.3,11.5,SSW,14,0,21,9,4,0,6,0,0,0
2023,7,168.0,여수,482.4,205.6,124.9,16,20,18,9,5,,2.8,13.3,SSW,23,1,23,8,14,0,6,0,0,0
2023,7,169.0,흑산도,590.5,382.4,95.3,17,20,19,14,8,,5.3,16.5,SSE,23,1,25,7,26,4,6,0,0,0
2023,7,170.0,완도,433.0,175.8,87.9,16,19,17,13,5,,2.3,8.7,S,13,0,19,5,,0,,,,
2023,7,172.0,고창,377.0,92.4,108.5,23,11,9,8,4,,,11.1,S,14,0,17,2,,0,,,,
2023,7,174.0,순천,598.7,,93.1,18,20,18,12,10,,1.2,6.8,WNW,10,1,20,10,,0,,,,
2023,7,177.0,홍성,562.2,,182.2,14,20,15,10,4,,1.6,6.7,SW,5,0,15,5,2,0,2,0,0,0
2023,7,184.0,제주,273.2,63.0,52.0,22,17,12,8,5,,3.0,10.8,SW,14,0,17,4,1,0,9,0,0,0
2023,7,185.0,고산,170.8,3.1,56.2,8,19,13,6,1,,5.6,14.3,WSW,8,0,18,7,,1,,,,
2023,7,188.0,성산,344.2,72.9,72.8,3,19,17,7,5,,3.1,12.0,SSW,14,0,19,8,,0,,,,
2023,7,189.0,서귀포,378.8,103.0,112.1,22,22,17,10,4,,1.4,6.6,S,22,0,25,10,6,0,7,0,0,0
2023,7,192.0,진주,504.5,192.3,112.3,18,18,15,11,7,,0.8,4.1,WSW,24,1,17,7,,0,,,,
2023,7,201.0,강화,381.2,25.6,118.1,13,15,12,8,5,,1.8,9.0,WSW,5,4,10,7,,0,,,,
2023,7,202.0,양평,526.3,117.3,114.5,14,16,14,10,9,,1.2,7.5,WSW,26,1,12,6,,0,,,,
2023,7,203.0,이천,547.2,182.9,120.9,14,18,16,12,8,,1.0,5.3,SSE,5,2,14,5,,0,,,,
2023,7,211.0,인제,245.1,-87.3,52.4,13,20,14,9,2,,1.3,5.4,SSW,5,1,13,5,,0,,,,
2023,7,212.0,홍천,452.0,56.3,77.9,11,19,15,12,6,,0.9,4.7,WNW,9,3,12,6,,0,,,,
2023,7,216.0,태백,267.2,-7.0,84.8,15,15,13,6,3,,1.4,6.4,SW,14,1,16,4,,0,,,,
2023,7,217.0,정선군,378.2,45.5,122.5,14,17,15,9,3,,1.1,7.3,NNE,9,1,16,6,,0,,,,
2023,7,221.0,제천,605.3,249.3,200.7,14,19,16,9,7,,0.9,8.9,WNW,9,2,14,5,,0,,,,
2023,7,226.0,보은,796.9,490.9,211.4,14,21,17,14,8,,1.1,5.6,S,26,2,15,6,,0,,,,
2023,7,232.0,천안,574.9,290.8,165.3,14,20,14,10,5,,1.1,6.3,SE,7,2,14,5,,0,,,,
2023,7,235.0,보령,772.2,524.1,227.4,15,17,13,12,8,,2.1,11.8,SSW,14,0,14,7,,0,,,,
2023,7,236.0,부여,880.3,584.6,272.5,14,18,17,11,7,,1.2,7.0,SSE,14,1,15,6,,0,,,,
2023,7,238.0,금산,624.5,326.7,195.1,14,18,17,13,8,,1.0,5.5,SSW,15,1,16,7,,0,,,,
2023,7,239.0,세종,866.5,,283.7,15,20,17,12,6,,1.3,7.5,SE,30,1,14,5,,0,,,,
2023,7,243.0,부안,647.2,371.7,194.5,14,19,17,13,6,,1.9,9.7,SSW,10,0,14,7,,0,,,,
2023,7,244.0,임실,708.5,396.5,128.5,14,21,19,13,7,,1.3,5.0,S,15,0,16,8,,0,,,,
2023,7,245.0,정읍,705.4,421.4,149.7,14,19,18,13,11,,1.7,8.7,SSW,10,1,15,6,,0,,,,
2023,7,247.0,남원,628.9,325.7,94.1,15,20,16,12,9,,1.6,6.8,W,11,0,17,6,,0,,,,
2023,7,248.0,장수,761.8,422.1,163.3,14,20,16,14,9,,1.4,7.0,WSW,5,0,16,6,,0,,,,
2023,7,251.0,고창군,526.2,,103.0,14,22,19,13,6,,1.6,7.7,SW,10,1,18,9,,0,,,,
2023,7,252.0,영광군,538.1,278.2,88.3,14,24,21,14,7,,2.1,7.8,SW,14,0,19,10,,0,,,,
2023,7,253.0,김해시,448.9,157.8,130.9,16,19,17,8,3,,1.6,7.5,WNW,5,0,15,6,,0,,,,
2023,7,254.0,순창군,738.2,371.6,129.8,17,19,17,12,9,,1.3,8.8,W,11,1,18,8,,0,,,,
2023,7,255.0,북창원,416.1,,105.3,16,19,17,10,4,,1.1,5.4,S,14,0,13,6,,0,,,,
2023,7,257.0,양산시,474.3,161.0,137.1,16,17,15,9,4,,2.0,6.5,SW,24,1,14,7,,0,,,,
2023,7,258.0,보성군,553.2,,122.1,18,20,18,13,5,,1.8,9.4,SW,14,0,20,10,,0,,,,
2023,7,259.0,강진군,562.6,328.9,160.7,16,18,16,12,7,,1.4,7.6,W,15,0,19,10,,0,,,,
2023,7,260.0,장흥,575.2,299.9,130.7,16,20,17,12,8,,1.5,5.7,WNW,12,0,19,8,,0,,,,
2023,7,261.0,해남,526.0,299.4,166.4,16,19,16,11,7,,2.4,10.7,SW,12,0,19,7,,0,,,,
2023,7,262.0,고흥,414.6,149.7,91.4,18,19,18,12,6,,1.2,6.6,SSW,12,0,19,8,,0,,,,
2023,7,263.0,의령군,437.1,169.9,114.6,18,20,15,11,4,,1.5,8.3,SW,14,1,15,6,,0,,,,
2023,7,264.0,함양군,473.4,188.3,79.9,18,18,17,11,8,,0.8,5.6,W,11,0,17,6,,0,,,,
2023,7,266.0,광양시,743.3,,154.6,12,19,16,12,7,,1.2,5.9,W,15,1,17,9,,0,,,,
2023,7,268.0,진도군,507.7,275.1,108.5,16,20,16,11,7,,2.4,10.1,SW,12,0,19,10,,0,,,,
2023,7,271.0,봉화,551.9,274.2,170.1,15,20,16,11,4,,0.9,8.0,NNW,9,1,15,5,,0,,,,
2023,7,272.0,영주,616.7,317.9,161.6,15,19,17,12,8,,1.2,8.8,WNW,5,1,15,7,,0,,,,
2023,7,273.0,문경,728.1,418.6,189.8,14,18,17,12,7,,1.0,6.2,NW,26,1,16,7,,0,,,,
2023,7,276.0,청송군,367.0,170.4,94.4,18,16,14,7,5,,1.3,7.4,SSW,31,2,15,5,,0,,,,
2023,7,277.0,영덕,260.3,66.0,95.0,18,16,13,7,2,,1.6,6.7,NE,19,2,13,5,,0,,,,
2023,7,278.0,의성,457.6,236.2,96.0,18,15,15,10,6,,0.8,6.8,WNW,17,1,14,6,,0,,,,
2023,7,279.0,구미,481.3,247.4,93.7,18,16,15,11,7,,0.7,3.4,W,5,2,15,6,,0,,,,
2023,7,281.0,영천,234.1,4.3,81.9,18,13,12,5,4,,1.3,7.6,W,11,1,14,5,,0,,,,
2023,7,283.0,경주시,187.7,-2.4,67.3,18,11,10,6,2,,2.0,7.5,S,24,1,10,4,,0,,,,
2023,7,284.0,거창,482.1,195.9,97.7,18,19,15,11,6,,1.0,4.9,WSW,11,0,16,7,,0,,,,
2023,7,285.0,합천,422.9,133.4,120.9,18,16,13,10,5,,0.8,4.9,NNW,11,1,17,9,,0,,,,
2023,7,288.0,밀양,415.2,155.9,87.8,18,18,15,11,6,,0.9,5.4,WNW,5,1,15,5,,0,,,,
2023,7,289.0,산청,464.2,135.7,151.4,18,18,17,12,5,,1.3,7.4,W,11,1,17,7,,0,,,,
2023,7,294.0,거제,636.8,269.2,169.6,16,21,18,11,5,,1.3,5.2,SSW,6,2,14,10,,0,,,,
2023,7,295.0,남해,709.8,355.9,237.8,16,21,18,11,5,,1.1,7.3,W,5,2,18,8,,0,,,,
2023,7,296.0,북부산,478.0,,153.5,16,18,16,10,5,,1.9,7.4,S,24,1,14,6,,0,,,,
2023,8,90.0,속초,669.6,371.6,368.7,10,17,12,8,5,,1.4,11.2,N,10,,,3,,0,,,,
2023,8,93.0,북춘천,203.6,,68.5,23,12,11,6,2,,1.1,6.2,NNW,10,1,13,5,0,0,2,0,0,0
2023,8,95.0,철원,241.6,-105.8,73.7,23,13,10,5,3,,1.5,6.4,NNE,7,0,12,4,,0,,,,
2023,8,98.0,동두천,255.9,-91.6,55.7,10,12,11,8,4,,1.0,4.7,N,10,0,12,6,,0,,,,
2023,8,99.0,파주,247.8,-35.1,60.5,23,9,8,7,4,,1.2,5.5,SSW,11,0,12,7,,0,,,,
2023,8,100.0,대관령,303.8,-64.6,101.1,10,15,14,6,4,,2.1,12.7,NNE,10,0,13,7,,0,,,,
2023,8,101.0,춘천,215.2,-104.7,76.8,23,13,10,5,2,,1.6,6.7,WNW,10,0,12,5,,0,,,,
2023,8,102.0,백령도,249.1,90.6,89.6,28,9,8,5,4,,2.7,12.9,SE,28,5,9,4,6,0,2,0,0,0
2023,8,104.0,북강릉,502.9,,242.0,10,16,13,8,5,,1.0,7.6,N,10,1,18,7,6,0,3,0,0,0
2023,8,105.0,강릉,520.8,227.9,270.5,10,15,12,8,3,,1.6,9.5,NW,10,1,13,8,,0,,,,
2023,8,106.0,동해,392.8,165.6,203.5,10,13,11,5,3,,1.6,10.1,N,10,1,10,6,,0,,,,
2023,8,108.0,서울,298.1,-50.1,86.1,10,13,10,6,5,,2.2,8.9,NNW,10,1,12,5,0,0,2,0,0,0
2023,8,112.0,인천,297.5,22.9,81.0,23,11,9,7,4,,2.1,9.4,S,10,0,11,5,0,0,3,0,0,0
2023,8,114.0,원주,233.0,-56.8,56.6,23,14,12,9,2,,1.0,4.7,E,14,0,8,5,,0,,,,
2023,8,115.0,울릉도,41.1,-135.6,19.8,31,11,7,1,0,,2.6,11.1,WSW,25,1,13,3,10,0,1,0,0,0
2023,8,119.0,수원,200.7,-95.6,91.6,10,12,7,5,2,,1.9,6.3,SW,11,0,9,4,1,0,3,0,0,0
2023,8,121.0,영월,290.1,9.7,79.6,10,11,8,8,4,,1.0,5.9,NE,6,0,10,2,,0,,,,
2023,8,127.0,충주,248.0,-25.0,91.3,10,14,12,7,2,,1.2,4.9,E,28,0,9,2,,0,,,,
2023,8,129.0,서산,225.0,-58.5,73.5,23,10,9,6,3,,1.8,7.4,S,22,1,9,6,,0,,,,
2023,8,130.0,울진,250.1,37.1,144.1,10,11,9,4,3,,2.1,11.9,NW,10,2,11,4,,0,,,,
2023,8,131.0,청주,297.7,23.5,109.8,10,11,10,6,3,,1.5,7.2,ENE,23,0,8,3,0,0,3,0,0,0
2023,8,133.0,대전,326.9,27.1,143.3,10,12,11,5,4,,1.3,9.4,WNW,10,0,9,3,0,0,3,0,0,0
2023,8,135.0,추풍령,288.0,24.1,121.3,10,13,11,5,3,,1.9,9.7,NNW,10,0,9,5,,0,,,,
2023,8,136.0,안동,296.5,70.1,91.5,30,10,7,6,5,,1.4,6.3,ESE,10,0,10,3,4,0,2,0,0,0
2023,8,137.0,상주,333.2,79.3,136.2,10,12,9,5,5,,0.8,5.5,N,10,0,8,4,,0,,,,
2023,8,138.0,포항,272.5,42.3,154.2,10,11,9,4,2,,2.8,12.8,NE,10,4,15,5,0,0,2,0,0,0
2023,8,140.0,군산,178.8,-87.7,80.1,10,12,11,4,2,,1.9,9.9,WNW,10,1,7,2,,0,,,,
2023,8,143.0,대구,312.8,67.5,93.4,10,13,11,6,5,,2.1,8.9,NE,10,1,10,1,0,0,3,0,0,0
2023,8,146.0,전주,274.8,-14.8,152.1,10,11,11,7,2,,1.4,5.6,WSW,10,1,9,2,0,0,4,0,0,0
2023,8,152.0,울산,403.3,169.2,146.3,10,11,8,6,5,,2.1,12.1,ESE,10,4,11,2,3,0,2,0,0,0
2023,8,155.0,창원,506.8,223.0,190.2,10,9,8,7,5,,1.5,6.8,NE,10,6,11,3,5,0,4,0,0,0
2023,8,156.0,광주,341.2,14.8,92.4,10,15,12,6,5,,1.0,6.2,NE,10,2,7,1,0,0,4,0,0,0
2023,8,159.0,부산,299.9,33.4,108.9,10,10,8,6,3,,3.1,13.7,SSE,10,3,11,4,2,0,4,0,0,0
2023,8,162.0,통영,391.6,147.7,136.3,10,9,8,7,4,,2.5,13.1,S,24,3,7,3,,0,,,,
2023,8,165.0,목포,152.9,-56.1,89.8,23,9,7,3,2,,3.0,14.5,NNW,10,5,6,1,1,1,3,0,0,0
2023,8,168.0,여수,247.0,-17.8,58.9,10,11,11,7,3,,3.4,16.2,NNE,9,3,7,2,0,2,5,0,0,0
2023,8,169.0,흑산도,118.8,-92.4,39.6,23,6,6,3,2,,3.4,14.3,SSE,28,7,8,3,5,2,2,0,0,0
2023,8,170.0,완도,191.8,-47.0,72.3,30,7,7,5,3,,1.7,10.8,SSE,28,3,4,1,,0,,,,
2023,8,172.0,고창,164.3,-120.9,76.2,23,11,9,5,1,,2.4,12.0,NNE,10,1,7,3,,0,,,,
2023,8,174.0,순천,325.8,,75.2,10,9,9,9,5,,1.4,7.2,WNW,10,1,7,2,,0,,,,
2023,8,177.0,홍성,199.2,,76.6,10,12,11,4,3,,1.4,6.9,WNW,10,0,10,4,2,0,2,0,0,0
2023,8,184.0,제주,182.5,-89.8,58.2,23,14,9,4,3,,3.1,12.1,NNE,9,6,5,3,0,0,2,0,0,0
2023,8,185.0,고산,203.6,1.7,80.9,30,11,10,6,2,,5.1,22.0,NNW,10,4,4,2,,4,,,,
2023,8,188.0,성산,179.7,-163.5,64.4,30,13,11,6,1,,3.0,10.7,NW,10,4,5,1,,0,,,,
2023,8,189.0,서귀포,218.9,-96.8,75.6,30,13,11,6,2,,1.9,6.8,S,28,6,7,1,0,0,4,0,0,0
2023,8,192.0,진주,439.6,142.8,113.1,24,11,10,8,4,,0.9,5.4,WSW,10,0,7,1,,0,,,,
2023,8,201.0,강화,201.1,-99.3,47.5,11,9,8,7,3,,1.7,7.6,WSW,11,1,11,8,,0,,,,
2023,8,202.0,양평,207.7,-123.2,73.0,23,11,8,6,3,,1.2,6.9,N,10,0,12,5,,0,,,,
2023,8,203.0,이천,253.9,-34.1,91.8,10,14,10,7,3,,0.9,5.6,SSE,11,0,10,5,,0,,,,
2023,8,211.0,인제,219.8,-67.8,67.1,10,13,10,5,2,,1.1,5.8,NNE,10,0,11,4,,0,,,,
2023,8,212.0,홍천,144.6,-167.9,57.0,10,14,12,4,1,,1.0,5.1,SSW,11,0,11,5,,0,,,,
2023,8,216.0,태백,356.9,78.2,182.3,10,14,10,7,3,,1.3,7.4,NE,23,0,13,5,,0,,,,
2023,8,217.0,정선군,255.2,52.5,50.8,30,13,11,8,4,,1.2,5.4,NW,20,0,10,5,,0,,,,
2023,8,221.0,제천,240.9,-60.0,66.4,10,11,8,7,4,,1.1,4.9,NE,9,0,9,5,,0,,,,
2023,8,226.0,보은,242.9,-53.7,65.9,10,10,9,8,3,,1.2,8.7,NNW,10,0,7,3,,0,,,,
2023,8,232.0,천안,196.5,-103.2,122.3,10,11,10,5,1,,1.2,7.8,ENE,7,1,9,4,,0,,,,
2023,8,235.0,보령,107.8,-162.5,40.0,10,10,7,5,1,,1.2,6.4,SSW,22,0,8,5,,0,,,,
2023,8,236.0,부여,300.6,15.8,164.1,10,11,11,6,2,,1.0,5.3,SSW,11,0,8,2,,0,,,,
2023,8,238.0,금산,248.7,-35.6,84.4,10,11,9,6,4,,1.0,5.3,S,23,1,8,2,,0,,,,
2023,8,239.0,세종,301.6,,162.9,10,9,9,6,2,,1.5,9.6,NW,10,1,8,3,,0,,,,
2023,8,243.0,부안,168.5,-91.8,71.9,10,11,10,4,2,,1.4,6.1,NNE,10,1,7,2,,0,,,,
2023,8,244.0,임실,328.2,16.1,104.4,10,13,9,7,3,,1.1,5.5,S,7,0,8,2,,0,,,,
2023,8,245.0,정읍,260.2,-37.9,121.6,10,10,9,6,2,,1.4,8.0,NNE,10,1,7,3,,0,,,,
2023,8,247.0,남원,294.2,-19.1,92.1,30,11,10,7,2,,1.6,8.5,ENE,8,0,8,3,,0,,,,
2023,8,248.0,장수,296.2,-40.3,135.8,10,14,11,6,3,,1.2,8.4,N,10,0,7,2,,0,,,,
2023,8,251.0,고창군,190.2,,84.6,23,14,9,5,2,,1.4,8.6,N,10,1,7,4,,0,,,,
2023,8,252.0,영광군,143.1,-143.6,75.0,23,10,9,4,2,,1.4,7.2,NNE,10,0,7,4,,0,,,,
2023,8,253.0,김해시,347.0,159.0,151.4,10,12,8,6,3,,1.4,10.2,SE,10,0,7,3,,0,,,,
2023,8,254.0,순창군,304.5,-31.6,86.9,10,15,14,6,4,,1.4,12.4,NW,10,0,8,2,,0,,,,
2023,8,255.0,북창원,528.9,,261.1,10,9,9,6,4,,1.3,6.7,ENE,10,0,6,4,,0,,,,
2023,8,257.0,양산시,531.4,316.8,229.3,10,12,11,8,3,,2.0,8.6,NE,10,0,7,3,,0,,,,
2023,8,258.0,보성군,162.1,,46.1,30,9,8,7,1,,2.2,16.2,NNW,10,1,6,1,,1,,,,
2023,8,259.0,강진군,349.2,72.0,78.3,30,9,8,7,6,,1.4,6.6,NW,10,2,6,3,,0,,,,
2023,8,260.0,장흥,356.2,39.7,107.8,23,10,10,6,4,,1.3,6.0,NNW,10,1,7,1,,0,,,,
2023,8,261.0,해남,199.8,-48.6,46.6,23,11,11,6,2,,1.5,7.8,N,10,2,5,0,,0,,,,
2023,8,262.0,고흥,222.2,-42.7,70.6,30,11,10,7,2,,1.2,7.0,WNW,10,2,6,0,,0,,,,
2023,8,263.0,의령군,439.6,185.2,106.4,24,9,8,7,5,,1.4,9.4,NW,24,1,8,2,,0,,,,
2023,8,264.0,함양군,406.1,117.0,129.5,30,10,9,6,4,,1.0,6.6,SW,10,1,8,3,,0,,,,
2023,8,266.0,광양시,371.2,,157.6,30,11,9,6,5,,1.6,7.2,ENE,9,0,7,1,,0,,,,
2023,8,268.0,진도군,165.3,-70.0,92.9,23,9,5,4,2,,1.8,8.4,W,10,2,5,2,,0,,,,
2023,8,271.0,봉화,361.6,114.8,94.4,30,13,9,7,4,,1.0,8.3,N,10,0,12,1,,0,,,,
2023,8,272.0,영주,318.2,34.5,108.8,10,15,11,6,4,,1.3,7.3,ESE,10,0,11,3,,0,,,,
2023,8,273.0,문경,264.1,-10.6,95.3,10,13,11,6,4,,1.1,10.5,WNW,10,0,9,5,,0,,,,
2023,8,276.0,청송군,314.5,140.0,97.4,10,11,10,8,5,,1.4,6.7,ESE,10,1,10,3,,0,,,,
2023,8,277.0,영덕,216.6,3.0,156.7,10,9,7,4,1,,2.3,11.1,NE,10,3,9,3,,0,,,,
2023,8,278.0,의성,321.6,92.0,97.7,10,12,11,7,4,,0.9,5.6,NE,10,1,11,3,,0,,,,
2023,8,279.0,구미,498.3,242.2,166.8,30,14,11,6,4,,0.8,4.3,WSW,10,0,9,3,,0,,,,
2023,8,281.0,영천,267.1,33.9,111.6,10,11,11,6,2,,1.4,9.0,ESE,10,1,9,3,,0,,,,
2023,8,283.0,경주시,255.0,63.1,134.2,10,9,8,3,2,,2.2,10.3,SE,10,1,9,5,,0,,,,
2023,8,284.0,거창,334.8,49.5,100.3,10,11,9,6,4,,1.2,6.8,N,10,0,8,3,,0,,,,
2023,8,285.0,합천,503.0,208.2,170.0,30,9,8,8,6,,0.8,7.1,N,10,1,9,2,,0,,,,
2023,8,288.0,밀양,381.8,141.2,111.1,10,11,9,8,5,,1.0,5.7,SSE,24,1,8,2,,0,,,,
2023,8,289.0,산청,503.1,140.8,152.7,10,15,13,6,6,,1.2,7.9,W,10,1,7,4,,0,,,,
2023,8,294.0,거제,427.5,97.1,162.1,10,9,8,6,4,,1.4,6.1,SE,24,3,6,2,,0,,,,
2023,8,295.0,남해,404.2,84.5,130.2,10,12,11,8,5,,,7.4,SW,10,3,7,1,,0,,,,
2023,8,296.0,북부산,414.0,,179.0,10,11,11,5,3,,2.4,9.9,ENE,10,0,8,2,,0,,,,
2023,9,90.0,속초,208.2,7.6,76.8,13,13,10,5,2,,1.4,8.1,ENE,20,,,6,,0,,,,
2023,9,93.0,북춘천,119.5,,26.6,17,11,10,4,0,,0.9,5.6,N,30,3,13,3,1,0,0,0,0,0
2023,9,95.0,철원,102.9,-18.3,30.5,17,11,7,5,1,,1.2,5.5,NNE,21,3,11,2,,0,,,,
2023,9,98.0,동두천,56.3,-81.6,16.5,13,11,10,2,0,,0.8,3.6,WSW,19,3,12,3,,0,,,,
2023,9,99.0,파주,43.1,-91.4,30.7,4,4,2,2,1,,1.2,5.3,W,30,4,13,4,,0,,,,
2023,9,100.0,대관령,190.2,-59.4,62.4,20,15,12,5,2,,1.7,6.5,W,28,4,13,6,,0,,,,
2023,9,101.0,춘천,122.8,-5.3,29.2,13,11,10,6,0,,1.5,4.9,NNW,30,2,12,5,,0,,,,
2023,9,102.0,백령도,18.1,-72.5,5.7,26,6,4,0,0,,2.3,7.7,NNW,30,5,11,4,1,0,0,0,0,0
2023,9,104.0,북강릉,240.1,,95.7,20,14,12,5,2,,0.8,3.6,N,21,5,13,7,1,0,1,0,0,0
2023,9,105.0,강릉,236.8,7.5,92.1,20,14,10,8,2,,1.7,4.7,WSW,30,4,12,8,,0,,,,
2023,9,106.0,동해,261.2,41.4,140.8,20,14,9,6,2,,1.6,8.8,NE,20,5,12,6,,0,,,,
2023,9,108.0,서울,134.5,-7.0,38.7,16,11,9,4,2,,2.0,5.2,NE,21,5,12,3,0,0,1,0,0,0
2023,9,112.0,인천,129.2,-1.1,29.5,20,10,8,5,0,,1.6,8.1,WSW,30,5,11,3,1,0,0,0,0,0
2023,9,114.0,원주,158.6,11.6,55.2,20,12,11,6,2,,0.8,4.0,NNE,21,3,11,5,,0,,,,
2023,9,115.0,울릉도,292.0,118.4,75.9,21,16,14,7,3,,3.7,16.1,NE,21,1,13,4,10,1,2,0,0,0
2023,9,119.0,수원,135.6,2.1,36.6,20,11,9,3,3,,1.6,5.6,E,24,6,14,4,2,0,2,0,0,0
2023,9,121.0,영월,166.8,27.4,64.1,20,13,11,5,1,,0.8,5.2,NNE,21,4,13,5,,0,,,,
2023,9,127.0,충주,242.5,102.3,61.5,20,11,11,6,3,,1.1,6.9,ENE,20,3,11,5,,0,,,,
2023,9,129.0,서산,166.1,21.7,70.6,20,11,7,5,2,,1.6,6.3,NE,20,4,12,6,,0,,,,
2023,9,130.0,울진,274.9,93.7,133.5,20,12,11,6,2,,2.0,7.0,WNW,21,4,10,5,,0,,,,
2023,9,131.0,청주,270.6,128.3,84.4,16,12,10,5,3,,1.4,5.5,NE,21,4,14,5,2,0,1,0,0,0
2023,9,133.0,대전,310.2,157.7,152.7,20,11,11,5,3,,1.3,6.1,SE,20,4,14,5,2,0,1,0,0,0
2023,9,135.0,추풍령,199.8,64.2,94.5,20,13,10,4,2,,1.7,6.6,ENE,20,5,12,7,,0,,,,
2023,9,136.0,안동,206.4,86.6,87.6,20,14,13,5,2,,1.1,5.3,ESE,24,3,13,6,4,0,1,0,0,0
2023,9,137.0,상주,225.1,86.6,88.7,20,12,12,5,2,,0.7,3.3,W,28,4,12,7,,0,,,,
2023,9,138.0,포항,142.1,-47.2,27.2,20,14,10,6,0,,2.6,8.8,NE,23,2,14,4,0,0,1,0,0,0
2023,9,140.0,군산,199.3,61.8,64.8,20,11,9,5,3,,1.7,6.9,NW,20,4,10,3,,0,,,,
2023,9,143.0,대구,123.6,-18.8,36.6,20,11,10,5,1,,1.9,6.7,E,24,3,13,6,0,0,0,0,0,0
2023,9,146.0,전주,203.4,75.2,56.9,3,11,11,6,3,,1.2,5.8,WNW,3,4,13,4,3,0,2,0,0,0
2023,9,152.0,울산,276.7,106.4,61.9,17,15,11,7,4,,1.9,6.1,NE,23,2,13,5,4,0,2,0,0,0
2023,9,155.0,창원,268.7,95.8,128.0,16,11,10,6,3,,1.1,6.8,S,20,5,12,5,4,0,4,0,0,0
2023,9,156.0,광주,152.5,7.5,42.8,15,12,10,5,3,,1.0,5.7,SW,20,4,11,3,1,0,2,0,0,0
2023,9,159.0,부산,322.7,162.1,117.4,1,12,11,4,3,,2.7,13.2,SW,21,2,13,6,1,0,4,0,0,0
2023,9,162.0,통영,283.7,106.6,73.7,16,11,10,8,3,,2.2,14.0,SSW,20,4,11,4,,1,,,,
2023,9,165.0,목포,146.7,9.0,66.1,15,10,7,4,1,,2.8,10.3,NW,21,4,10,4,0,0,0,0,0,0
2023,9,168.0,여수,203.2,51.5,64.3,16,13,11,5,2,,3.4,14.1,SSW,20,3,11,4,0,1,4,0,0,0
2023,9,169.0,흑산도,163.8,43.3,67.8,15,9,6,4,3,,3.3,16.9,NNW,21,4,15,2,7,2,1,0,0,0
2023,9,170.0,완도,110.2,-66.2,36.8,13,11,9,3,2,,1.6,7.6,S,20,2,9,1,,0,,,,
2023,9,172.0,고창,174.3,50.5,57.9,15,11,11,4,3,,1.9,8.7,SE,20,3,14,3,,0,,,,
2023,9,174.0,순천,217.5,,61.6,20,12,11,6,2,,1.1,5.3,WNW,21,4,10,3,,0,,,,
2023,9,177.0,홍성,269.3,,117.1,20,13,11,5,3,,1.2,6.0,NE,21,4,14,3,6,0,1,0,0,0
2023,9,184.0,제주,84.5,-143.3,43.0,16,14,6,2,1,,2.8,9.2,WSW,20,4,10,0,0,0,2,0,0,0
2023,9,185.0,고산,76.1,-44.3,19.9,3,11,8,4,0,,4.4,19.9,W,16,3,10,1,,3,,,,
2023,9,188.0,성산,219.4,-29.2,137.9,17,9,6,4,2,,2.6,8.9,WNW,21,2,9,4,,0,,,,
2023,9,189.0,서귀포,126.4,-82.4,37.4,16,11,9,5,1,,1.7,6.7,SSW,20,5,11,0,0,0,2,0,0,0
2023,9,192.0,진주,278.4,97.7,79.3,16,11,10,6,5,,0.7,4.0,ENE,24,3,11,4,,0,,,,
2023,9,201.0,강화,81.3,-50.2,17.6,26,11,8,4,0,,1.5,6.3,WSW,30,5,11,4,,0,,,,
2023,9,202.0,양평,133.4,-11.1,34.9,13,12,11,5,1,,1.0,5.6,ENE,20,4,11,6,,0,,,,
2023,9,203.0,이천,167.9,14.8,62.2,20,12,11,5,2,,0.7,3.0,N,20,5,10,7,,0,,,,
2023,9,211.0,인제,128.8,1.4,41.4,13,13,12,4,1,,1.1,6.9,NNE,20,3,12,5,,0,,,,
2023,9,212.0,홍천,154.0,12.7,47.7,13,13,12,5,1,,0.8,3.9,NE,23,3,11,5,,0,,,,
2023,9,216.0,태백,228.9,30.5,90.7,20,15,12,6,2,,1.1,5.7,NE,23,3,13,6,,0,,,,
2023,9,217.0,정선군,175.5,56.3,53.3,20,13,10,5,2,,1.0,4.6,NNW,23,2,13,6,,0,,,,
2023,9,221.0,제천,234.6,89.3,69.2,20,13,11,7,3,,1.0,4.8,NE,20,3,12,5,,0,,,,
2023,9,226.0,보은,243.2,105.8,97.6,20,12,10,5,3,,0.9,4.2,S,25,5,14,6,,0,,,,
2023,9,232.0,천안,180.1,33.7,61.7,20,11,9,5,3,,1.1,6.0,ENE,20,5,9,5,,0,,,,
2023,9,235.0,보령,288.4,153.0,157.3,20,10,9,5,3,,1.2,6.0,N,21,4,12,3,,0,,,,
2023,9,236.0,부여,303.0,157.0,154.3,20,11,8,5,3,,0.9,4.6,ENE,20,3,12,4,,0,,,,
2023,9,238.0,금산,218.5,88.0,91.2,20,12,12,6,2,,0.8,3.5,E,7,4,12,6,,0,,,,
2023,9,239.0,세종,373.1,,161.4,20,12,10,5,3,,1.2,4.2,ENE,20,4,13,5,,0,,,,
2023,9,243.0,부안,191.2,51.8,61.8,20,13,9,4,2,,1.1,4.9,SSW,20,3,11,3,,0,,,,
2023,9,244.0,임실,151.6,13.3,39.9,16,13,11,4,3,,0.8,4.1,N,1,3,13,4,,0,,,,
2023,9,245.0,정읍,198.8,50.3,50.0,15,13,10,6,3,,1.1,7.9,SSW,20,4,12,4,,0,,,,
2023,9,247.0,남원,107.1,-37.1,31.6,15,14,11,3,1,,1.5,6.7,ENE,24,3,12,4,,0,,,,
2023,9,248.0,장수,165.6,11.8,35.6,20,15,11,5,2,,1.0,5.4,N,6,4,14,5,,0,,,,
2023,9,251.0,고창군,190.5,,55.3,15,13,12,5,3,,1.2,6.1,ESE,20,3,12,4,,0,,,,
2023,9,252.0,영광군,166.0,31.2,56.4,15,14,11,4,1,,1.1,6.7,S,20,4,10,2,,0,,,,
2023,9,253.0,김해시,238.1,53.2,54.5,17,11,9,7,4,,0.8,6.3,WNW,16,2,11,5,,0,,,,
2023,9,254.0,순창군,123.0,-14.8,37.2,15,11,9,5,1,,1.1,5.8,NW,30,4,12,4,,0,,,,
2023,9,255.0,북창원,294.7,,117.0,16,11,9,7,3,,1.3,6.8,E,16,2,12,5,,0,,,,
2023,9,257.0,양산시,338.3,130.5,108.3,17,12,9,7,5,,1.9,6.5,SW,21,2,11,5,,0,,,,
2023,9,258.0,보성군,156.3,,41.9,16,12,10,7,1,,2.0,7.7,NW,21,2,11,3,,0,,,,
2023,9,259.0,강진군,124.4,-39.9,29.6,16,11,9,6,0,,1.2,5.7,ESE,24,3,11,4,,0,,,,
2023,9,260.0,장흥,152.9,-10.7,38.8,16,12,10,5,2,,0.9,6.0,ESE,24,3,9,3,,0,,,,
2023,9,261.0,해남,124.7,-25.7,45.2,16,10,6,4,2,,1.3,7.4,SW,20,2,11,1,,0,,,,
2023,9,262.0,고흥,121.0,-46.2,30.1,16,13,12,5,1,,0.9,6.2,S,20,3,10,2,,0,,,,
2023,9,263.0,의령군,219.5,31.1,63.1,17,11,9,5,3,,1.1,5.0,NNE,7,3,12,7,,0,,,,
2023,9,264.0,함양군,117.6,-47.5,33.8,16,11,10,5,1,,0.7,4.8,SW,28,3,12,6,,0,,,,
2023,9,266.0,광양시,181.5,,45.0,16,12,10,6,2,,1.4,5.8,ENE,23,3,10,3,,0,,,,
2023,9,268.0,진도군,126.3,-29.0,41.9,16,11,8,4,1,,1.6,8.0,S,20,3,8,3,,0,,,,
2023,9,271.0,봉화,187.3,52.2,84.3,20,13,13,5,1,,0.9,5.8,NNW,18,3,12,5,,0,,,,
2023,9,272.0,영주,270.9,116.8,102.0,20,12,10,6,4,,1.3,6.0,WNW,30,3,12,5,,0,,,,
2023,9,273.0,문경,259.5,121.1,101.6,20,14,13,6,2,,0.9,5.6,ESE,24,4,12,8,,0,,,,
2023,9,276.0,청송군,228.1,90.5,97.3,20,14,12,4,2,,1.1,5.1,SSE,3,3,11,6,,0,,,,
2023,9,277.0,영덕,232.6,73.0,115.3,20,13,11,5,2,,2.2,9.2,NNE,21,4,10,7,,0,,,,
2023,9,278.0,의성,222.4,98.1,75.8,20,13,11,6,3,,0.8,4.6,NE,24,4,12,6,,0,,,,
2023,9,279.0,구미,219.0,71.4,73.8,20,12,9,5,3,,0.6,3.6,E,24,4,12,6,,0,,,,
2023,9,281.0,영천,140.3,2.7,43.6,20,13,11,5,1,,1.2,5.8,E,24,3,10,7,,0,,,,
2023,9,283.0,경주시,113.1,-81.0,23.9,16,14,11,5,0,,1.9,7.8,NNE,7,1,13,7,,0,,,,
2023,9,284.0,거창,125.6,-40.6,43.5,16,12,8,4,1,,0.9,4.5,ESE,7,4,11,5,,0,,,,
2023,9,285.0,합천,160.3,1.7,59.4,20,12,10,4,2,,0.6,3.8,ENE,5,3,12,7,,0,,,,
2023,9,288.0,밀양,210.3,65.9,63.1,17,11,10,5,2,,0.8,3.9,NNE,7,2,11,3,,0,,,,
2023,9,289.0,산청,170.6,-36.6,48.1,20,11,9,5,3,,0.8,5.1,W,28,4,10,6,,0,,,,
2023,9,294.0,거제,377.2,167.7,133.0,1,11,10,8,5,,1.0,5.9,ESE,20,2,11,6,,0,,,,
2023,9,295.0,남해,280.9,59.0,102.2,16,11,10,6,4,,1.4,5.8,SSW,20,3,11,5,,0,,,,
2023,9,296.0,북부산,323.5,,123.0,17,10,8,7,4,,2.2,7.6,S,20,2,11,6,,0,,,,
2023,10,90.0,속초,31.4,-56.5,18.7,8,7,4,1,0,,1.8,6.8,NNE,27,,,1,,0,,,,
2023,10,93.0,북춘천,25.9,,11.2,26,5,5,1,0,,0.8,7.0,WSW,20,3,7,1,7,0,2,0,2,2
2023,10,95.0,철원,30.5,-19.4,12.5,19,8,4,1,0,,0.9,4.9,NNW,4,12,5,0,,0,,,,
2023,10,98.0,동두천,38.5,-16.6,23.1,26,5,4,1,0,,0.8,5.5,WNW,20,11,7,0,0,0,0,0,0,0
2023,10,99.0,파주,46.5,-3.6,17.5,4,5,5,2,0,,1.0,5.3,NNW,21,11,5,0,,0,,,,
2023,10,100.0,대관령,31.2,-66.4,16.8,27,7,6,1,0,,2.1,9.4,WNW,26,12,6,2,,0,,,,
2023,10,101.0,춘천,28.2,-21.1,11.9,26,7,5,1,0,,1.1,6.1,WNW,20,5,8,2,,0,,,,
2023,10,102.0,백령도,19.9,-11.1,8.4,14,5,5,0,0,,4.0,15.2,NNW,5,13,5,1,3,3,2,0,0,0
2023,10,104.0,북강릉,21.3,,14.8,27,5,3,1,0,,1.2,5.0,W,14,11,4,1,0,0,1,0,0,0
2023,10,105.0,강릉,26.1,-87.8,22.0,27,5,2,1,0,,2.4,6.8,WSW,31,10,3,2,,0,,,,
2023,10,106.0,동해,31.2,-71.7,17.9,27,7,4,1,0,,1.9,7.4,NE,27,9,3,2,,0,,,,
2023,10,108.0,서울,31.0,-21.2,14.7,4,5,5,1,0,,1.9,6.4,W,20,13,5,2,0,0,2,0,0,0
2023,10,112.0,인천,16.8,-34.3,8.1,14,6,4,0,0,,2.3,9.4,NW,4,15,3,2,1,0,1,0,0,0
2023,10,114.0,원주,37.8,-14.9,23.6,26,6,4,1,0,,0.7,4.9,WNW,20,7,4,1,,0,,,,
2023,10,115.0,울릉도,49.1,-51.8,18.5,20,10,6,2,0,,3.3,12.4,NE,27,6,4,0,0,0,5,0,0,0
2023,10,119.0,수원,35.8,-18.3,24.1,19,5,5,1,0,,1.5,7.4,WNW,20,13,5,2,2,0,3,0,0,0
2023,10,121.0,영월,21.2,-28.2,12.2,26,6,4,1,0,,0.7,7.1,NW,26,8,6,1,,0,,,,
2023,10,127.0,충주,31.3,-25.4,16.9,4,7,5,1,0,,0.8,5.8,WNW,20,8,5,1,,0,,,,
2023,10,129.0,서산,39.6,-13.4,37.3,19,5,2,1,1,,1.6,7.6,NW,20,8,5,2,,0,,,,
2023,10,130.0,울진,11.8,-85.5,3.8,27,6,3,0,0,,2.1,8.0,NW,27,11,2,1,,0,,,,
2023,10,131.0,청주,17.4,-40.6,11.9,14,3,2,1,0,,1.1,4.6,NE,2,12,4,0,1,0,1,0,0,0
2023,10,133.0,대전,12.2,-47.1,11.1,19,2,2,1,0,,1.3,7.3,NW,20,13,5,0,0,0,0,0,1,0
2023,10,135.0,추풍령,12.2,-45.9,6.2,19,5,3,0,0,,1.9,7.6,WNW,20,10,3,0,,0,,,,
2023,10,136.0,안동,8.5,-38.0,3.1,19,4,4,0,0,,1.0,6.3,WNW,20,5,7,0,16,0,0,0,2,0
2023,10,137.0,상주,5.2,-51.9,2.4,14,4,2,0,0,,1.0,4.9,WNW,20,9,5,0,,0,,,,
2023,10,138.0,포항,4.4,-72.3,3.8,14,4,1,0,0,,2.5,6.8,WNW,20,12,5,2,0,0,1,0,0,0
2023,10,140.0,군산,20.5,-34.7,11.1,19,5,3,1,0,,1.9,11.3,WNW,20,10,4,1,,0,,,,
2023,10,143.0,대구,5.7,-44.4,3.2,20,5,2,0,0,,1.7,7.9,W,5,14,3,0,0,0,0,0,0,0
2023,10,146.0,전주,18.2,-39.1,11.1,19,5,3,1,0,,1.4,5.9,WSW,1,13,5,0,1,0,1,0,0,0
2023,10,152.0,울산,4.3,-70.5,3.1,14,4,1,0,0,,1.9,6.7,NW,20,15,5,0,0,0,1,0,0,0
2023,10,155.0,창원,4.0,-68.3,3.0,20,2,2,0,0,,1.2,5.5,NE,5,16,6,0,0,0,0,0,0,0
2023,10,156.0,광주,11.5,-47.5,5.4,19,7,4,0,0,,0.9,5.1,NE,5,13,5,0,0,0,0,0,0,0
2023,10,159.0,부산,4.2,-75.4,2.5,7,4,1,0,0,,2.8,9.3,WNW,20,16,5,2,0,0,0,0,0,0
2023,10,162.0,통영,4.1,-72.3,1.0,20,5,2,0,0,,2.1,10.3,NNE,20,14,7,1,,0,,,,
2023,10,165.0,목포,7.1,-51.8,2.7,14,6,4,0,0,,3.3,13.9,ENE,5,11,7,0,2,1,0,0,0,0
2023,10,168.0,여수,3.1,-63.5,2.0,7,3,1,0,0,,3.3,11.9,NW,20,14,6,2,0,0,0,0,0,0
2023,10,169.0,흑산도,12.7,-46.0,5.0,8,6,4,0,0,,4.6,16.7,NNE,5,12,6,1,1,3,0,0,0,0
2023,10,170.0,완도,8.1,-64.9,4.8,7,3,3,0,0,,1.6,6.9,WNW,16,11,7,2,,0,,,,
2023,10,172.0,고창,14.1,-62.0,4.5,4,9,4,0,0,,2.0,9.1,NW,20,10,5,0,,0,,,,
2023,10,174.0,순천,8.6,,4.0,19,6,3,0,0,,1.4,7.7,WNW,20,9,6,2,,0,,,,
2023,10,177.0,홍성,7.7,,5.2,19,5,2,0,0,,1.3,5.9,NW,20,8,5,2,7,0,1,0,0,0
2023,10,181.0,서청주,12.7,,5.8,19,4,3,0,0,,1.3,9.5,NW,20,7,4,0,,0,,,,
2023,10,184.0,제주,36.0,-59.1,11.4,7,5,4,2,0,,3.0,9.8,NNE,20,9,7,2,0,0,0,0,0,0
2023,10,185.0,고산,2.8,-54.1,1.4,7,4,1,0,0,,5.5,18.0,NNW,20,12,6,2,,5,,,,
2023,10,188.0,성산,40.5,-73.5,33.0,7,5,3,1,1,,2.4,8.5,W,16,14,6,2,,0,,,,
2023,10,189.0,서귀포,5.9,-94.5,4.0,20,3,2,0,0,,1.7,5.9,NE,8,14,5,1,0,0,0,0,0,0
2023,10,192.0,진주,7.1,-61.2,3.0,20,5,3,0,0,,0.7,4.6,NW,27,14,6,1,,0,,,,
2023,10,201.0,강화,59.6,3.8,21.1,19,5,5,3,0,,1.4,6.2,SW,19,15,4,0,,0,,,,
2023,10,202.0,양평,53.9,6.8,25.2,26,6,4,3,0,,0.8,6.3,NNE,4,7,5,2,,0,,,,
2023,10,203.0,이천,38.7,-12.2,18.7,4,6,5,2,0,,0.6,3.7,WSW,20,7,4,1,,0,,,,
2023,10,211.0,인제,6.7,-38.1,2.9,9,5,3,0,0,,1.0,5.4,S,20,6,6,2,,0,,,,
2023,10,212.0,홍천,35.3,-14.4,18.5,26,6,4,1,0,,0.7,5.0,WNW,20,8,5,1,,0,,,,
2023,10,216.0,태백,16.9,-48.6,7.7,26,7,3,0,0,,1.0,4.8,ENE,10,8,3,0,,0,,,,
2023,10,217.0,정선군,25.1,-32.8,8.7,9,7,4,0,0,,1.1,6.0,NW,20,6,5,2,,0,,,,
2023,10,221.0,제천,33.8,-23.6,18.8,26,6,4,1,0,,0.9,5.7,W,21,7,6,1,,0,,,,
2023,10,226.0,보은,14.5,-42.1,6.6,19,3,3,0,0,,0.8,6.1,WNW,20,5,4,0,,0,,,,
2023,10,232.0,천안,28.7,-26.8,18.2,14,5,3,1,0,,0.9,5.2,NNW,5,8,4,2,,0,,,,
2023,10,235.0,보령,25.5,-34.4,18.0,19,7,4,1,0,,1.1,5.7,SSW,19,9,5,2,,0,,,,
2023,10,236.0,부여,16.7,-46.9,12.7,19,4,3,1,0,,0.8,7.2,W,21,7,5,1,,0,,,,
2023,10,238.0,금산,7.6,-48.1,2.5,20,4,4,0,0,,0.8,4.4,W,20,9,4,0,,0,,,,
2023,10,239.0,세종,5.3,,3.3,19,2,2,0,0,,1.2,7.1,NW,20,9,5,1,,0,,,,
2023,10,243.0,부안,13.3,-42.7,6.9,20,6,3,0,0,,1.1,5.8,W,21,8,5,0,,0,,,,
2023,10,244.0,임실,11.1,-47.0,5.4,19,7,2,0,0,,0.8,4.8,W,21,10,5,0,,0,,,,
2023,10,245.0,정읍,16.7,-44.3,5.6,20,9,5,0,0,,1.2,7.7,NNE,5,10,4,0,,0,,,,
2023,10,247.0,남원,9.9,-53.1,5.4,19,5,2,0,0,,1.4,7.7,WNW,20,11,6,0,,0,,,,
2023,10,248.0,장수,15.9,-47.7,6.8,19,7,3,0,0,,1.1,7.3,NNW,20,9,6,0,,0,,,,
2023,10,251.0,고창군,11.5,,5.1,20,9,3,0,0,,1.1,7.1,WNW,20,11,4,0,,0,,,,
2023,10,252.0,영광군,15.2,-59.8,4.7,20,9,7,0,0,,1.2,7.6,N,5,8,6,0,,0,,,,
2023,10,253.0,김해시,3.8,-86.0,2.3,20,2,2,0,0,,1.2,7.3,WNW,21,10,6,0,,0,,,,
2023,10,254.0,순창군,9.1,-79.5,4.4,19,6,3,0,0,,1.2,9.7,NW,20,10,5,1,,0,,,,
2023,10,255.0,북창원,5.0,,4.1,20,2,1,0,0,,1.4,7.9,NW,5,13,5,1,,0,,,,
2023,10,257.0,양산시,2.6,-109.8,1.4,3,2,2,0,0,,1.5,6.2,NNE,21,12,5,0,,0,,,,
2023,10,258.0,보성군,7.0,,4.3,7,4,2,0,0,,2.5,9.9,NNW,20,10,6,2,,0,,,,
2023,10,259.0,강진군,6.3,-100.0,4.2,7,4,2,0,0,,1.4,6.4,W,21,7,4,2,,0,,,,
2023,10,260.0,장흥,7.5,-55.9,3.9,7,4,3,0,0,,1.2,7.5,NNW,20,13,5,2,,0,,,,
2023,10,261.0,해남,4.9,-60.2,3.7,7,4,1,0,0,,1.5,7.8,E,8,9,6,2,,0,,,,
2023,10,262.0,고흥,4.5,-62.3,2.8,7,3,2,0,0,,1.2,6.9,NW,20,14,5,2,,0,,,,
2023,10,263.0,의령군,11.0,-98.7,7.1,20,5,3,0,0,,1.2,8.3,NNW,20,12,8,0,,0,,,,
2023,10,264.0,함양군,5.4,-110.2,2.1,19,4,3,0,0,,1.2,8.1,W,20,11,8,0,,0,,,,
2023,10,266.0,광양시,3.3,,1.5,7,5,1,0,0,,1.4,6.8,WNW,20,13,7,2,,0,,,,
2023,10,268.0,진도군,5.7,-70.3,3.1,7,6,2,0,0,,2.0,10.4,NW,5,11,6,2,,0,,,,
2023,10,271.0,봉화,24.3,-23.8,9.1,26,5,4,0,0,,1.0,6.2,N,15,10,3,0,,0,,,,
2023,10,272.0,영주,30.2,-28.0,10.5,26,5,5,1,0,,1.8,8.6,NW,20,9,5,0,,0,,,,
2023,10,273.0,문경,8.3,-50.5,6.0,19,4,2,0,0,,1.4,6.6,WNW,5,9,4,0,,0,,,,
2023,10,276.0,청송군,7.4,-76.4,3.8,20,5,2,0,0,,1.2,6.9,NW,20,7,6,0,,0,,,,
2023,10,277.0,영덕,9.9,-76.3,3.5,20,6,4,0,0,,2.2,8.4,WNW,15,13,4,0,,0,,,,
2023,10,278.0,의성,6.8,-34.7,3.0,20,3,3,0,0,,0.7,5.8,NW,20,11,6,0,,0,,,,
2023,10,279.0,구미,3.4,-49.9,1.9,19,2,2,0,0,,0.6,4.2,WNW,20,8,4,0,,0,,,,
2023,10,281.0,영천,5.5,-43.1,2.9,20,4,2,0,0,,1.2,7.4,W,20,13,4,1,,0,,,,
2023,10,283.0,경주시,3.9,-104.3,1.1,3,7,1,0,0,,2.0,9.4,NW,20,12,5,1,,0,,,,
2023,10,284.0,거창,9.5,-51.3,4.5,14,4,3,0,0,,1.1,7.4,NNW,20,11,7,0,,0,,,,
2023,10,285.0,합천,6.3,-58.2,2.8,20,4,2,0,0,,0.5,4.9,N,20,12,7,0,,0,,,,
2023,10,288.0,밀양,9.2,-44.1,5.3,20,4,4,0,0,,0.7,5.8,WNW,20,11,6,0,,0,,,,
2023,10,289.0,산청,8.0,-66.2,2.5,20,5,4,0,0,,1.2,9.3,W,20,12,8,0,,0,,,,
2023,10,294.0,거제,4.2,-92.2,1.7,8,5,2,0,0,,1.0,5.3,NNW,20,14,6,1,,0,,,,
2023,10,295.0,남해,4.5,-91.4,2.7,7,5,2,0,0,,1.5,6.3,WNW,20,14,7,2,,0,,,,
2023,10,296.0,북부산,2.5,,1.0,20,3,2,0,0,,1.6,6.0,S,18,12,5,0,,0,,,,
2023,11,90.0,속초,60.1,-31.9,27.7,3,5,4,2,0,,2.4,12.2,W,6,,,3,,0,,,,
2023,11,93.0,북춘천,80.3,,51.9,6,9,7,2,1,,1.3,8.2,WSW,7,12,8,3,0,0,1,3,17,20
2023,11,95.0,철원,104.9,56.8,62.8,6,10,7,3,1,,1.3,6.3,N,9,13,4,3,,0,,,,
2023,11,98.0,동두천,93.4,46.0,54.8,6,10,7,2,1,,1.5,9.4,W,6,12,7,4,,0,,,,
2023,11,99.0,파주,75.5,22.8,33.7,6,10,6,2,1,,1.6,8.1,SW,6,13,5,2,,0,,,,
2023,11,100.0,대관령,39.9,-29.5,23.9,6,9,4,1,0,,4.6,17.0,W,7,12,4,4,,2,,,,
2023,11,101.0,춘천,86.2,37.9,54.4,6,8,6,1,1,,1.5,8.0,SSW,6,13,4,3,,0,,,,
2023,11,102.0,백령도,107.7,65.8,55.1,5,10,8,4,1,,5.9,16.1,NNW,17,2,12,2,2,8,0,7,0,8
2023,11,104.0,북강릉,59.9,,35.8,4,4,4,2,1,,1.8,9.7,WSW,6,17,4,2,1,0,2,2,6,10
2023,11,105.0,강릉,41.0,-40.1,30.0,4,4,3,1,1,,2.9,13.3,SW,6,11,4,3,,0,,,,
2023,11,106.0,동해,74.6,3.0,73.2,4,3,2,1,1,,2.1,9.4,WSW,7,15,4,2,,0,,,,
2023,11,108.0,서울,81.9,30.8,45.8,6,7,6,2,1,,2.6,9.1,SW,6,13,6,3,0,0,4,3,15,19
2023,11,112.0,인천,63.1,12.3,27.1,6,6,6,3,0,,3.3,14.6,W,6,11,7,3,0,1,0,4,13,14
2023,11,114.0,원주,66.7,24.6,44.6,6,11,5,1,1,,1.1,5.8,WNW,28,12,4,3,,0,,,,
2023,11,115.0,울릉도,115.5,-1.4,41.3,12,14,12,3,2,,4.6,14.6,WSW,7,6,10,4,0,1,2,6,0,4
2023,11,119.0,수원,99.0,50.1,54.5,6,8,7,3,1,,2.2,9.4,WSW,6,11,8,2,0,0,3,4,13,19
2023,11,121.0,영월,37.3,-0.1,17.9,6,9,5,1,0,,1.2,7.2,W,7,14,5,3,,0,,,,
2023,11,127.0,충주,50.8,11.4,22.9,6,9,7,2,0,,1.5,7.9,W,6,14,5,3,,0,,,,
2023,11,129.0,서산,122.9,68.8,56.5,6,10,8,3,2,,2.5,9.2,S,6,7,4,3,,0,,,,
2023,11,130.0,울진,37.4,-23.6,34.9,4,3,2,1,1,,2.5,7.8,NW,10,14,3,2,,0,,,,
2023,11,131.0,청주,41.5,-5.1,14.4,6,10,6,1,0,,1.3,6.4,WNW,6,10,7,2,0,0,0,4,15,13
2023,11,133.0,대전,40.3,-7.7,11.5,6,9,6,1,0,,1.8,8.0,NW,23,8,4,1,0,0,0,4,14,14
2023,11,135.0,추풍령,36.6,-6.4,10.8,9,10,7,1,0,,3.2,12.1,WSW,6,13,3,3,,0,,,,
2023,11,136.0,안동,32.1,1.2,13.8,6,8,7,1,0,,1.8,9.0,WNW,6,13,4,2,7,0,0,0,17,18
2023,11,137.0,상주,35.9,0.7,8.6,6,11,7,0,0,,1.7,7.6,WNW,29,16,3,2,,0,,,,
2023,11,138.0,포항,13.1,-27.0,7.4,6,4,3,0,0,,2.9,9.5,WSW,18,19,2,1,0,0,0,0,0,6
2023,11,140.0,군산,80.2,26.3,22.3,9,11,6,4,0,,2.8,12.3,WNW,6,6,5,1,,0,,,,
2023,11,143.0,대구,31.6,1.9,10.9,10,8,4,1,0,,2.6,9.9,W,18,18,3,0,1,0,0,1,7,10
2023,11,146.0,전주,92.2,42.4,24.4,9,10,9,3,0,,1.9,8.8,WSW,6,7,8,1,0,0,2,3,10,9
2023,11,152.0,울산,33.1,-11.1,21.0,6,4,3,1,0,,2.3,9.7,SSW,6,18,2,2,0,0,0,1,2,5
2023,11,155.0,창원,51.2,3.3,26.4,6,6,5,2,0,,1.5,8.5,S,6,17,3,0,0,0,0,1,0,3
2023,11,156.0,광주,71.9,21.7,26.8,6,10,7,3,0,,1.3,5.6,W,6,7,5,1,0,0,1,3,7,3
2023,11,159.0,부산,28.5,-21.9,11.7,16,5,4,2,0,,3.5,13.3,SSW,6,16,3,1,0,0,0,1,0,3
2023,11,162.0,통영,47.8,-0.8,25.1,6,4,4,2,0,,2.7,12.2,SSW,6,14,4,0,,0,,,,
2023,11,165.0,목포,75.7,26.8,30.9,6,9,6,3,1,,4.6,17.0,NW,18,5,11,1,0,2,0,2,2,1
2023,11,168.0,여수,45.5,-1.3,17.4,6,9,5,2,0,,4.1,21.4,SSW,6,15,2,0,0,2,0,1,0,4
2023,11,169.0,흑산도,90.3,44.2,27.7,5,11,9,3,0,,6.2,20.6,SSE,6,4,15,0,2,10,3,3,0,0
2023,11,170.0,완도,110.1,47.4,59.2,6,9,7,4,1,,2.3,10.7,SSE,5,4,8,2,,0,,,,
2023,11,172.0,고창,70.2,11.1,21.1,9,10,7,3,0,,3.5,13.4,WNW,18,4,8,2,,0,,,,
2023,11,174.0,순천,104.8,,47.5,5,9,7,3,1,,2.3,8.9,WNW,6,9,3,0,,0,,,,
2023,11,177.0,홍성,96.0,,41.5,5,10,5,3,2,,1.8,9.5,WSW,6,6,8,2,0,0,1,4,7,12
2023,11,181.0,서청주,42.2,,13.9,6,10,6,1,0,,1.8,10.3,WNW,23,13,4,2,,0,,,,
2023,11,184.0,제주,69.1,-0.4,27.3,16,8,7,3,0,,3.9,12.6,NNW,18,6,14,4,0,0,2,0,0,0
2023,11,185.0,고산,44.6,-15.6,22.5,6,12,7,1,0,,9.0,30.0,NW,17,5,15,0,,15,,,,
2023,11,188.0,성산,64.1,-38.7,16.0,17,10,9,4,0,,2.9,11.5,SSW,6,4,11,2,,0,,,,
2023,11,189.0,서귀포,45.2,-41.0,12.3,6,8,7,1,0,,1.6,9.9,SSW,6,9,6,0,0,0,3,0,0,0
2023,11,192.0,진주,65.1,20.4,30.5,6,8,4,3,1,,1.1,7.2,WSW,6,15,3,1,,0,,,,
2023,11,201.0,강화,86.1,39.8,33.6,6,6,5,3,1,,2.1,11.1,SW,6,12,8,3,,0,,,,
2023,11,202.0,양평,89.9,43.5,59.5,6,8,5,2,1,,1.4,8.1,WSW,6,12,5,4,,0,,,,
2023,11,203.0,이천,95.1,50.0,45.5,6,11,7,2,2,,1.2,6.4,SSW,6,12,4,3,,0,,,,
2023,11,211.0,인제,84.9,44.0,49.4,6,7,6,3,1,,1.6,8.1,S,6,14,5,3,,0,,,,
2023,11,212.0,홍천,89.9,49.0,43.6,6,7,7,3,1,,1.0,5.7,WNW,28,13,5,4,,0,,,,
2023,11,216.0,태백,49.5,4.3,38.9,6,6,5,1,1,,1.6,9.9,SW,6,14,2,2,,0,,,,
2023,11,217.0,정선군,58.2,10.9,35.6,6,6,5,2,1,,1.6,6.4,NW,28,13,4,4,,0,,,,
2023,11,221.0,제천,49.8,6.4,27.8,6,9,4,1,0,,1.5,7.8,W,6,12,6,4,,0,,,,
2023,11,226.0,보은,39.6,-5.6,11.0,6,10,6,2,0,,1.4,7.5,SW,6,12,5,2,,0,,,,
2023,11,232.0,천안,56.9,9.3,21.0,6,8,6,2,0,,1.4,8.1,W,6,10,4,2,,0,,,,
2023,11,235.0,보령,65.2,11.5,23.4,6,11,4,2,0,,2.1,12.1,SSW,6,5,8,2,,0,,,,
2023,11,236.0,부여,58.1,6.3,17.0,6,8,7,3,0,,1.3,7.4,S,6,9,4,2,,0,,,,
2023,11,238.0,금산,60.0,12.8,17.0,9,9,9,2,0,,1.3,7.8,S,6,10,5,1,,0,,,,
2023,11,239.0,세종,40.0,,15.5,6,11,6,1,0,,1.6,7.1,NW,29,10,3,2,,0,,,,
2023,11,243.0,부안,104.7,52.4,29.5,9,15,7,5,0,,1.7,8.7,S,6,5,12,1,,0,,,,
2023,11,244.0,임실,91.5,40.8,18.2,6,12,8,5,0,,1.2,7.1,W,6,6,4,2,,0,,,,
2023,11,245.0,정읍,90.9,35.3,22.0,16,14,9,4,0,,1.9,11.5,SSW,6,5,8,1,,0,,,,
2023,11,247.0,남원,83.5,38.2,23.3,6,10,9,3,0,,1.4,9.1,S,6,7,4,2,,0,,,,
2023,11,248.0,장수,94.8,42.7,32.7,6,11,8,4,1,,1.7,9.5,WSW,6,8,2,2,,0,,,,
2023,11,251.0,고창군,67.5,,15.5,16,15,7,4,0,,2.0,8.8,WNW,18,6,6,2,,0,,,,
2023,11,252.0,영광군,61.1,3.8,15.2,6,14,5,3,0,,2.1,9.3,NW,18,4,12,4,,0,,,,
2023,11,253.0,김해시,64.8,17.8,49.9,6,6,5,1,1,,1.9,9.2,S,6,15,3,1,,0,,,,
2023,11,254.0,순창군,83.3,24.1,20.1,6,10,9,4,0,,1.8,11.0,W,6,5,3,1,,0,,,,
2023,11,255.0,북창원,56.2,,30.6,6,6,4,2,1,,1.7,8.7,NW,18,14,4,1,,0,,,,
2023,11,257.0,양산시,62.2,10.0,44.4,6,6,4,1,1,,2.0,9.3,SSW,6,16,4,2,,0,,,,
2023,11,258.0,보성군,109.8,,44.7,5,8,7,3,1,,3.1,12.6,NNW,18,9,5,1,,0,,,,
2023,11,259.0,강진군,85.7,20.8,23.1,6,9,8,5,0,,1.9,6.7,WNW,23,4,4,1,,0,,,,
2023,11,260.0,장흥,93.0,38.2,27.0,5,8,7,4,0,,1.8,7.7,N,12,6,6,1,,0,,,,
2023,11,261.0,해남,81.6,30.5,24.9,6,11,8,3,0,,2.1,8.4,WSW,6,3,8,2,,0,,,,
2023,11,262.0,고흥,105.2,53.8,51.9,6,8,6,3,1,,1.7,8.6,WNW,7,10,4,0,,0,,,,
2023,11,263.0,의령군,88.7,40.6,50.2,6,7,4,3,1,,1.8,9.2,WNW,23,15,4,0,,0,,,,
2023,11,264.0,함양군,48.2,-2.7,11.0,16,9,8,2,0,,2.2,7.8,WSW,6,11,5,1,,0,,,,
2023,11,266.0,광양시,71.6,,31.0,6,9,8,3,1,,2.0,7.3,WNW,18,12,4,0,,0,,,,
2023,11,268.0,진도군,80.4,28.3,25.0,6,12,10,4,0,,3.0,11.8,NNE,10,6,14,2,,0,,,,
2023,11,271.0,봉화,34.5,1.3,20.2,6,9,5,1,0,,1.4,6.3,NW,7,13,4,2,,0,,,,
2023,11,272.0,영주,67.9,25.7,38.0,6,11,6,2,1,,3.1,11.0,NW,29,13,3,3,,0,,,,
2023,11,273.0,문경,36.4,-4.5,13.4,5,9,6,2,0,,2.1,9.2,WNW,29,15,3,4,,0,,,,
2023,11,276.0,청송군,27.3,-10.3,10.4,4,8,5,1,0,,2.1,8.3,NW,23,17,4,1,,0,,,,
2023,11,277.0,영덕,9.1,-40.7,5.5,4,6,2,0,0,,2.8,10.8,WNW,18,16,4,2,,0,,,,
2023,11,278.0,의성,26.4,-4.1,7.6,6,9,6,0,0,,1.1,7.0,W,6,17,4,1,,0,,,,
2023,11,279.0,구미,40.5,7.7,14.1,6,8,6,1,0,,0.8,4.4,W,6,14,5,1,,0,,,,
2023,11,281.0,영천,24.7,-6.9,10.6,10,7,4,1,0,,2.1,9.4,W,18,17,3,0,,0,,,,
2023,11,283.0,경주시,28.8,-9.0,18.5,6,5,4,1,0,,2.8,10.0,NW,18,16,2,1,,0,,,,
2023,11,284.0,거창,44.2,6.4,12.7,6,8,6,1,0,,1.5,6.5,W,23,14,3,1,,0,,,,
2023,11,285.0,합천,46.5,11.8,13.0,6,8,5,2,0,,0.8,5.2,WSW,6,14,4,1,,0,,,,
2023,11,288.0,밀양,61.7,21.6,35.7,6,6,5,2,1,,1.0,7.3,WNW,6,15,3,1,,0,,,,
2023,11,289.0,산청,83.6,40.0,26.7,5,8,7,3,0,,2.3,10.3,W,6,14,4,1,,0,,,,
2023,11,294.0,거제,53.3,-5.7,36.6,6,4,3,2,1,,1.6,8.8,ESE,6,15,3,1,,0,,,,
2023,11,295.0,남해,79.7,16.8,36.8,6,6,4,3,1,,1.7,7.0,WNW,23,16,4,0,,0,,,,
2023,11,296.0,북부산,45.5,,33.0,6,4,4,1,1,,1.7,12.1,S,6,15,4,2,,0,,,,
2023,12,90.0,속초,205.0,164.9,66.6,11,9,6,6,3,,2.3,11.7,W,26,,,6,,0,,,,
2023,12,93.0,북춘천,77.3,,31.1,15,10,6,3,1,,1.1,7.0,WSW,16,10,7,5,3,0,0,6,21,26
2023,12,95.0,철원,69.4,47.3,21.9,11,8,7,3,0,,1.4,7.1,N,11,8,4,3,,0,,,,
2023,12,98.0,동두천,76.6,54.4,20.0,15,11,7,4,0,,1.3,9.2,WNW,16,11,4,5,,0,,,,
2023,12,99.0,파주,72.0,52.0,17.7,11,11,5,4,0,,1.5,6.9,NNW,16,11,4,6,,0,,,,
2023,12,100.0,대관령,155.2,120.5,92.2,11,9,7,4,1,,3.8,13.6,WNW,16,11,7,7,,0,,,,
2023,12,101.0,춘천,91.8,67.6,36.7,15,9,6,3,1,,1.4,7.3,WSW,16,10,5,5,,0,,,,
2023,12,102.0,백령도,74.8,53.2,27.6,11,16,10,2,0,,4.9,14.2,NW,16,4,17,8,1,1,0,12,5,18
2023,12,104.0,북강릉,248.4,,94.4,11,9,7,6,3,,1.6,8.1,WNW,7,16,7,6,0,0,1,4,12,20
2023,12,105.0,강릉,229.2,192.3,91.2,11,9,7,6,3,,2.7,7.8,WSW,16,14,6,6,,0,,,,
2023,12,106.0,동해,181.2,158.7,86.1,11,8,6,5,1,,2.1,9.3,NE,11,13,5,5,,0,,,,
2023,12,108.0,서울,85.9,63.3,31.1,15,12,8,4,1,,2.4,9.0,W,16,9,5,5,1,0,1,8,14,21
2023,12,112.0,인천,75.9,53.6,27.3,15,11,7,4,0,,3.0,10.8,NW,16,8,5,6,1,0,1,7,12,19
2023,12,114.0,원주,80.7,57.2,33.7,15,9,7,3,1,,1.0,7.4,WNW,16,13,6,6,,0,,,,
2023,12,115.0,울릉도,183.8,54.5,40.7,15,19,17,6,2,,3.9,15.7,NNE,15,3,15,6,2,2,0,11,0,11
2023,12,119.0,수원,83.5,57.7,30.7,15,11,9,3,1,,1.8,9.0,WNW,16,9,8,6,2,0,1,7,14,22
2023,12,121.0,영월,100.5,78.2,43.1,15,9,7,3,1,,1.0,6.6,WNW,16,13,4,6,,0,,,,
2023,12,127.0,충주,96.3,71.4,45.4,15,11,8,3,1,,1.4,7.9,E,11,10,6,6,,0,,,,
2023,12,129.0,서산,106.5,72.3,38.8,15,14,9,3,1,,2.1,10.4,WNW,16,5,11,7,,0,,,,
2023,12,130.0,울진,139.7,106.5,80.2,11,8,7,3,1,,3.1,15.8,ESE,11,15,4,3,,1,,,,
2023,12,131.0,청주,97.3,70.6,39.4,15,10,6,3,1,,1.2,6.2,E,11,10,7,6,1,0,1,10,13,21
2023,12,133.0,대전,124.1,94.4,47.0,15,10,7,3,2,,1.6,9.2,NW,16,8,8,4,2,0,1,8,17,22
2023,12,135.0,추풍령,117.1,91.3,39.5,15,11,7,3,2,,2.8,12.0,W,16,9,5,4,,0,,,,
2023,12,136.0,안동,76.0,57.4,35.0,15,6,4,3,1,,1.6,8.4,WNW,16,11,6,3,6,0,0,4,18,23
2023,12,137.0,상주,120.1,96.8,45.9,11,9,6,3,2,,1.6,8.8,WNW,16,10,5,3,,0,,,,
2023,12,138.0,포항,106.4,80.3,51.2,15,6,4,3,1,,2.9,10.2,NE,11,10,5,3,0,0,0,2,7,16
2023,12,140.0,군산,139.0,101.8,55.3,15,16,10,3,2,,2.1,12.6,W,16,2,9,5,,0,,,,
2023,12,143.0,대구,89.9,71.2,31.5,15,9,4,3,2,,2.3,10.6,WNW,16,12,6,2,1,0,0,1,15,22
2023,12,146.0,전주,144.0,110.0,63.8,15,12,10,3,2,,1.6,6.8,WNW,16,8,12,5,0,0,1,9,12,19
2023,12,152.0,울산,126.7,98.3,50.6,15,6,5,3,2,,2.5,9.6,SW,8,11,4,2,0,0,1,3,7,17
2023,12,155.0,창원,83.7,56.0,33.1,11,8,5,3,1,,1.3,7.1,NE,23,11,5,4,0,0,1,3,8,16
2023,12,156.0,광주,80.2,43.1,27.1,15,12,5,3,0,,1.2,5.1,SW,8,6,14,4,0,0,1,8,8,14
2023,12,159.0,부산,102.8,69.0,46.2,11,6,5,3,2,,3.2,10.7,W,16,10,5,4,3,0,1,2,2,12
2023,12,162.0,통영,67.2,34.8,29.1,14,7,5,2,0,,2.7,11.4,SW,15,9,5,4,,0,,,,
2023,12,165.0,목포,66.0,28.8,15.8,14,13,10,3,0,,3.6,12.5,NNW,17,2,16,6,2,0,0,9,4,15
2023,12,168.0,여수,71.1,44.7,37.2,14,11,4,2,1,,3.9,14.5,NW,31,9,6,3,0,1,0,7,2,12
2023,12,169.0,흑산도,71.8,38.7,26.6,11,15,10,2,0,,6.0,16.6,NNW,22,2,22,8,5,7,0,10,1,6
2023,12,170.0,완도,78.7,41.5,39.8,14,11,7,2,1,,2.1,10.4,WNW,16,6,11,4,,0,,,,
2023,12,172.0,고창,109.9,66.8,40.5,15,15,11,4,1,,2.8,11.3,W,31,4,15,6,,0,,,,
2023,12,174.0,순천,65.1,,32.3,14,14,6,2,1,,2.0,8.6,WNW,16,6,8,4,,0,,,,
2023,12,177.0,홍성,132.7,,44.2,15,13,9,3,3,,1.4,7.0,W,16,5,11,6,3,0,1,10,10,22
2023,12,181.0,서청주,98.3,,38.5,15,9,6,3,1,,1.4,7.5,SW,8,8,7,7,,0,,,,
2023,12,184.0,제주,73.9,18.3,13.8,10,16,12,2,0,,4.0,11.7,NNW,16,3,17,10,0,0,2,5,0,3
2023,12,185.0,고산,74.0,33.3,16.0,10,17,10,3,0,,8.9,27.5,WNW,16,3,19,6,,16,,,,
2023,12,188.0,성산,73.2,-5.6,17.3,11,16,11,2,0,,2.9,11.0,WNW,11,2,17,5,,0,,,,
2023,12,189.0,서귀포,74.7,19.1,42.9,11,12,6,2,1,,1.6,6.4,W,20,3,12,3,0,0,0,5,0,5
2023,12,192.0,진주,98.7,72.6,46.6,14,7,4,2,2,,0.8,5.8,W,16,9,5,3,,0,,,,
2023,12,201.0,강화,89.0,67.7,25.4,14,10,5,4,0,,1.9,8.3,SW,8,7,7,4,,0,,,,
2023,12,202.0,양평,95.6,74.2,35.5,15,12,7,4,1,,1.1,6.8,WNW,16,10,5,5,,0,,,,
2023,12,203.0,이천,99.7,76.8,33.8,15,13,8,4,1,,0.9,5.4,WSW,16,12,6,5,,0,,,,
2023,12,211.0,인제,60.1,39.3,21.1,15,11,7,1,0,,1.6,7.0,NNE,11,9,6,9,,0,,,,
2023,12,212.0,홍천,97.1,78.0,37.3,15,10,7,3,1,,0.8,6.0,W,16,11,6,6,,0,,,,
2023,12,216.0,태백,121.7,102.3,51.9,11,9,7,3,2,,1.4,6.9,SW,8,14,6,5,,0,,,,
2023,12,217.0,정선군,99.2,78.2,41.3,15,8,7,4,1,,1.4,7.2,NW,16,12,5,5,,0,,,,
2023,12,221.0,제천,105.5,80.9,47.9,15,11,8,3,1,,1.4,7.8,WSW,16,13,5,5,,0,,,,
2023,12,226.0,보은,108.1,79.9,44.5,15,9,7,3,1,,1.2,7.3,WNW,16,11,5,5,,0,,,,
2023,12,232.0,천안,89.5,61.6,35.0,15,9,7,3,1,,1.3,6.6,ENE,11,9,6,5,,0,,,,
2023,12,235.0,보령,112.5,77.5,38.4,15,13,10,3,1,,1.8,9.5,SSW,8,3,18,6,,0,,,,
2023,12,236.0,부여,122.2,90.8,41.8,11,14,7,3,2,,1.1,6.2,W,16,4,7,6,,0,,,,
2023,12,238.0,금산,127.7,98.4,41.3,11,12,8,3,2,,1.0,6.4,WNW,16,7,6,4,,0,,,,
2023,12,239.0,세종,112.3,,41.5,15,11,6,3,2,,1.4,6.1,WNW,16,7,6,6,,0,,,,
2023,12,243.0,부안,136.2,93.8,47.0,15,16,13,4,2,,1.5,7.7,SSW,8,1,14,5,,0,,,,
2023,12,244.0,임실,129.8,96.5,51.6,15,13,9,4,1,,1.0,5.9,S,8,8,6,7,,0,,,,
2023,12,245.0,정읍,124.0,78.7,46.5,15,17,10,4,1,,1.5,8.4,SSW,8,5,10,5,,0,,,,
2023,12,247.0,남원,106.8,76.8,38.4,15,12,9,3,1,,1.4,6.2,SW,8,6,7,7,,0,,,,
2023,12,248.0,장수,108.9,72.5,43.6,11,11,8,2,2,,1.4,8.9,W,15,6,7,6,,0,,,,
2023,12,251.0,고창군,110.8,,41.5,15,17,11,3,1,,1.5,7.1,SSE,8,5,7,8,,0,,,,
2023,12,252.0,영광군,95.7,49.5,31.8,15,15,11,3,1,,1.6,7.4,NW,16,4,19,7,,0,,,,
2023,12,253.0,김해시,80.0,47.9,27.8,11,8,5,3,0,,1.7,10.2,WNW,16,10,4,4,,0,,,,
2023,12,254.0,순창군,119.7,83.8,40.5,15,15,9,3,2,,1.4,7.3,NW,1,4,7,6,,0,,,,
2023,12,255.0,북창원,79.3,,30.3,11,8,4,3,1,,1.7,8.1,W,16,11,5,4,,0,,,,
2023,12,257.0,양산시,87.2,53.6,35.3,15,7,4,3,1,,2.1,8.4,NW,16,11,4,4,,0,,,,
2023,12,258.0,보성군,67.4,,30.6,14,13,6,2,1,,2.6,10.0,NNW,20,5,7,4,,0,,,,
2023,12,259.0,강진군,62.3,25.8,24.1,14,15,10,2,0,,1.6,7.3,W,6,4,8,6,,0,,,,
2023,12,260.0,장흥,51.9,20.1,22.0,14,12,6,2,0,,1.4,6.3,NNW,31,5,8,5,,0,,,,
2023,12,261.0,해남,56.6,22.0,21.1,14,14,9,1,0,,1.9,9.0,WNW,16,2,13,6,,0,,,,
2023,12,262.0,고흥,51.6,25.0,28.9,14,8,5,2,0,,1.4,8.2,WNW,17,5,9,4,,0,,,,
2023,12,263.0,의령군,79.6,51.0,35.3,14,7,3,3,2,,1.7,10.8,NW,16,10,6,4,,0,,,,
2023,12,264.0,함양군,121.1,98.7,45.7,11,8,7,3,2,,1.7,7.2,WSW,16,5,9,4,,0,,,,
2023,12,266.0,광양시,59.5,,33.9,14,8,5,2,1,,1.9,9.0,WNW,16,7,6,3,,0,,,,
2023,12,268.0,진도군,72.2,29.0,23.5,14,13,12,2,0,,2.5,8.4,NW,16,1,16,6,,0,,,,
2023,12,271.0,봉화,100.6,80.3,40.0,15,7,6,3,2,,1.3,7.0,N,17,11,3,3,,0,,,,
2023,12,272.0,영주,104.5,81.2,38.4,11,9,7,3,2,,2.9,12.3,NW,16,12,6,3,,0,,,,
2023,12,273.0,문경,108.6,85.7,37.4,15,8,6,3,2,,1.8,9.2,WNW,31,11,6,4,,0,,,,
2023,12,276.0,청송군,103.9,86.2,54.8,15,5,3,3,1,,1.9,8.3,WNW,20,12,6,3,,0,,,,
2023,12,277.0,영덕,135.2,110.9,56.6,11,6,5,3,2,,3.1,11.4,NNE,12,10,4,3,,0,,,,
2023,12,278.0,의성,81.5,65.2,38.9,15,5,4,3,1,,0.9,7.8,WNW,16,11,4,3,,0,,,,
2023,12,279.0,구미,100.8,82.5,39.7,11,9,4,3,2,,0.8,5.6,W,16,12,4,3,,0,,,,
2023,12,281.0,영천,105.3,86.5,53.3,15,8,4,3,1,,1.9,7.8,WNW,31,11,4,4,,0,,,,
2023,12,283.0,경주시,176.4,152.0,75.3,15,7,5,3,2,,2.7,10.7,WNW,22,11,5,3,,0,,,,
2023,12,284.0,거창,121.5,99.2,44.6,11,7,7,3,2,,1.2,7.2,NNW,22,7,7,4,,0,,,,
2023,12,285.0,합천,90.9,70.8,39.5,11,5,4,3,2,,0.6,5.2,SSW,8,12,6,4,,0,,,,
2023,12,288.0,밀양,76.3,53.7,33.8,11,7,4,3,1,,0.9,7.6,WNW,16,12,5,3,,0,,,,
2023,12,289.0,산청,96.9,73.0,45.4,11,8,5,3,2,,1.9,12.0,WNW,7,8,6,4,,0,,,,
2023,12,294.0,거제,88.3,51.3,39.6,11,7,5,3,2,,1.3,5.1,WNW,21,11,4,4,,0,,,,
2023,12,295.0,남해,89.6,54.4,44.6,14,8,5,2,2,,1.6,7.9,W,15,6,4,4,,0,,,,
2023,12,296.0,북부산,81.0,,27.5,15,7,5,3,0,,1.7,7.1,NNE,12,9,5,5,,0,,,,
2024,1,90.0,속초,11.6,-31.9,9.3,20,3,2,0,0,,2.0,11.5,W,11,,,5,,0,,,,
2024,1,93.0,북춘천,8.9,,4.2,17,4,3,0,0,,1.1,7.0,WSW,7,14,6,3,1,0,0,8,20,29
2024,1,95.0,철원,7.2,-11.0,3.8,14,4,2,0,0,,1.2,6.1,NNE,20,13,3,3,,0,,,,
2024,1,98.0,동두천,13.2,-5.2,6.4,17,7,3,0,0,,1.1,6.3,WNW,7,14,3,3,,0,,,,
2024,1,99.0,파주,12.1,-5.3,6.4,17,7,3,0,0,,1.2,6.2,NNW,7,16,2,4,,0,,,,
2024,1,100.0,대관령,16.8,-36.3,13.6,20,6,3,1,0,,3.7,13.5,WNW,5,9,2,7,,0,,,,
2024,1,101.0,춘천,9.3,-9.3,4.5,17,5,3,0,0,,1.3,6.4,SSW,22,14,4,3,,0,,,,
2024,1,102.0,백령도,15.2,1.9,9.3,17,6,3,0,0,,4.9,16.2,NNW,22,3,8,6,0,2,0,10,10,25
2024,1,104.0,북강릉,31.3,,23.9,20,5,4,1,0,,1.4,6.9,W,14,20,7,5,0,0,0,5,24,29
2024,1,105.0,강릉,46.8,-1.1,38.8,20,5,5,1,1,,2.6,8.9,WSW,22,16,3,6,,0,,,,
2024,1,106.0,동해,55.2,8.8,50.7,20,6,4,1,1,,1.9,6.7,NNW,7,16,5,4,,0,,,,
2024,1,108.0,서울,18.9,2.1,9.7,17,9,4,0,0,,2.3,7.2,NE,20,13,5,4,1,0,0,8,18,28
2024,1,112.0,인천,16.3,0.4,9.9,17,7,4,0,0,,3.0,8.9,NW,23,12,5,4,1,0,0,6,19,28
2024,1,114.0,원주,12.4,-5.6,4.7,17,5,4,0,0,,0.9,5.1,W,22,13,5,3,,0,,,,
2024,1,115.0,울릉도,135.7,18.3,30.3,3,19,16,3,1,,4.2,11.5,ENE,21,1,12,2,1,0,0,13,0,20
2024,1,119.0,수원,21.2,3.1,10.4,17,8,6,1,0,,1.8,7.7,NW,24,13,8,4,0,0,0,8,19,28
2024,1,121.0,영월,21.1,2.0,9.1,18,5,4,0,0,,1.1,6.0,W,7,12,4,4,,0,,,,
2024,1,127.0,충주,34.6,14.6,9.5,18,8,6,0,0,,1.3,6.2,W,7,13,3,6,,0,,,,
2024,1,129.0,서산,34.4,10.9,20.0,17,8,5,1,0,,2.0,8.1,WNW,24,7,6,4,,0,,,,
2024,1,130.0,울진,35.5,-13.4,27.9,20,7,4,1,0,,2.9,8.2,WSW,17,17,5,3,,0,,,,
2024,1,131.0,청주,37.2,16.6,10.6,18,11,7,1,0,,1.3,5.2,NE,20,10,12,7,1,0,0,7,17,23
2024,1,133.0,대전,47.8,22.3,15.2,18,10,5,3,0,,1.7,6.9,NW,23,8,7,5,3,0,0,10,22,24
2024,1,135.0,추풍령,42.5,18.4,20.1,20,10,6,1,0,,3.3,11.6,WSW,23,12,6,4,,0,,,,
2024,1,136.0,안동,13.4,-3.3,5.5,20,5,4,0,0,,1.7,8.7,WNW,22,15,7,5,2,0,0,5,19,25
2024,1,137.0,상주,29.2,7.5,14.8,20,7,5,1,0,,1.9,8.0,W,7,18,3,4,,0,,,,
2024,1,138.0,포항,27.4,-12.4,17.2,20,7,5,1,0,,3.0,10.0,NE,20,18,7,3,0,0,0,0,6,19
2024,1,140.0,군산,57.4,29.2,17.3,20,9,6,2,0,,2.1,10.7,WNW,22,9,6,3,,0,,,,
2024,1,143.0,대구,21.4,2.8,11.0,20,8,5,1,0,,2.5,9.8,WNW,7,17,5,4,0,0,0,2,15,24
2024,1,146.0,전주,54.6,27.7,18.1,18,11,7,2,0,,1.6,6.3,W,24,8,11,4,2,0,0,4,22,24
2024,1,152.0,울산,42.3,3.7,22.5,20,10,4,1,0,,2.5,7.1,NW,3,18,5,3,0,0,0,0,9,22
2024,1,155.0,창원,34.1,4.5,13.4,20,7,4,2,0,,1.4,6.3,NE,15,19,5,3,0,0,0,0,4,21
2024,1,156.0,광주,31.1,-1.5,15.7,20,11,6,1,0,,1.2,5.9,ENE,20,9,9,5,0,0,0,4,16,18
2024,1,159.0,부산,40.6,6.1,20.0,20,7,4,2,0,,3.2,9.7,W,5,17,6,2,0,0,0,0,2,15
2024,1,162.0,통영,35.2,3.0,16.7,20,8,4,2,0,,2.4,8.2,NNE,7,15,7,4,,0,,,,
2024,1,165.0,목포,55.9,24.1,33.5,20,11,7,1,1,,4.1,14.5,WNW,22,5,11,5,0,1,0,4,7,17
2024,1,168.0,여수,42.6,18.1,24.1,20,8,4,1,0,,4.9,14.7,NNW,23,15,7,5,0,2,0,2,0,17
2024,1,169.0,흑산도,66.2,43.2,39.2,20,14,7,1,1,,6.3,19.7,N,22,1,16,5,2,7,0,4,1,3
2024,1,170.0,완도,64.3,30.3,38.6,20,12,7,1,1,,2.0,7.2,WNW,3,9,9,4,,0,,,,
2024,1,172.0,고창,48.4,17.3,14.3,20,14,11,1,0,,2.8,8.9,NNW,23,7,10,5,,0,,,,
2024,1,174.0,순천,29.0,,15.2,20,14,6,1,0,,2.5,8.6,NW,22,14,6,5,,0,,,,
2024,1,177.0,홍성,38.9,,18.3,17,10,5,1,0,,1.5,6.3,NE,20,9,9,4,3,0,0,6,16,25
2024,1,181.0,서청주,34.5,,10.0,18,10,6,1,0,,1.4,7.5,NNW,24,13,4,6,,0,,,,
2024,1,184.0,제주,93.4,25.9,41.1,20,14,9,2,1,,3.9,11.3,NNW,23,2,19,8,0,0,0,3,2,2
2024,1,185.0,고산,40.1,-0.5,11.0,20,13,10,1,0,,8.3,25.7,NW,23,2,12,6,,13,,,,
2024,1,188.0,성산,98.3,20.8,51.1,20,13,8,2,1,,3.0,8.9,NW,3,5,12,4,,0,,,,
2024,1,189.0,서귀포,56.8,-3.9,28.2,20,10,8,2,0,,1.6,5.8,W,22,7,11,4,0,0,0,3,0,3
2024,1,192.0,진주,31.5,3.5,17.0,20,9,4,1,0,,0.8,5.5,N,24,17,4,4,,0,,,,
2024,1,201.0,강화,14.1,-1.5,6.3,17,6,4,0,0,,1.8,6.6,W,22,13,5,4,,0,,,,
2024,1,202.0,양평,17.1,-0.1,7.8,17,8,5,0,0,,1.1,4.7,WNW,23,15,2,6,,0,,,,
2024,1,203.0,이천,25.8,6.6,9.1,17,8,7,0,0,,1.0,4.9,WSW,7,14,3,6,,0,,,,
2024,1,211.0,인제,6.8,-9.8,2.9,14,7,2,0,0,,1.5,6.7,NNE,20,13,4,7,,0,,,,
2024,1,212.0,홍천,11.6,-4.2,4.6,17,7,3,0,0,,0.7,4.7,WNW,22,15,4,5,,0,,,,
2024,1,216.0,태백,16.1,-10.5,13.9,20,3,3,1,0,,1.4,5.4,SW,22,18,2,3,,0,,,,
2024,1,217.0,정선군,14.1,-3.4,3.8,18,5,4,0,0,,1.4,6.2,NW,22,15,1,4,,0,,,,
2024,1,221.0,제천,24.8,4.5,8.2,18,8,5,0,0,,1.4,7.6,WSW,22,15,4,6,,0,,,,
2024,1,226.0,보은,34.1,10.7,10.2,17,10,5,1,0,,1.3,6.6,NW,7,12,6,4,,0,,,,
2024,1,232.0,천안,34.9,15.9,8.1,17,8,7,0,0,,1.2,5.7,ENE,19,11,3,7,,0,,,,
2024,1,235.0,보령,29.5,6.9,10.5,17,9,6,1,0,,1.5,6.3,SSW,14,7,10,3,,0,,,,
2024,1,236.0,부여,43.9,19.0,15.1,20,7,5,3,0,,1.1,6.8,W,23,13,5,2,,0,,,,
2024,1,238.0,금산,54.3,28.8,16.6,20,8,6,2,0,,1.1,5.6,SSW,14,10,6,3,,0,,,,
2024,1,239.0,세종,42.5,,13.2,20,11,5,3,0,,1.3,6.0,WNW,24,11,4,4,,0,,,,
2024,1,243.0,부안,54.7,23.0,16.6,20,13,8,1,0,,1.2,6.2,W,18,6,12,6,,0,,,,
2024,1,244.0,임실,48.1,19.6,21.1,20,14,7,1,0,,1.0,5.7,N,7,8,4,5,,0,,,,
2024,1,245.0,정읍,67.9,31.4,17.2,20,14,10,3,0,,1.3,6.8,N,22,9,6,5,,0,,,,
2024,1,247.0,남원,34.3,5.8,14.0,20,12,7,1,0,,1.6,8.8,ENE,20,10,6,6,,0,,,,
2024,1,248.0,장수,56.5,24.6,17.8,20,12,6,2,0,,1.5,7.3,WNW,23,9,7,7,,0,,,,
2024,1,251.0,고창군,48.1,,16.2,20,15,9,1,0,,1.4,6.5,WNW,22,7,9,7,,0,,,,
2024,1,252.0,영광군,40.0,7.3,13.8,20,13,10,1,0,,1.7,6.7,N,7,5,10,5,,0,,,,
2024,1,253.0,김해시,34.7,8.3,15.1,20,9,4,2,0,,1.8,10.1,NW,23,18,4,2,,0,,,,
2024,1,254.0,순창군,38.9,13.0,15.4,20,12,8,1,0,,1.6,7.8,NW,7,9,6,5,,0,,,,
2024,1,255.0,북창원,50.9,,30.1,20,8,4,2,1,,1.8,7.5,NW,22,20,4,4,,0,,,,
2024,1,257.0,양산시,31.3,4.3,14.6,20,8,3,2,0,,2.0,6.7,W,24,17,4,3,,0,,,,
2024,1,258.0,보성군,40.1,,25.7,20,9,4,1,0,,,11.4,NNW,24,12,7,6,,0,,,,
2024,1,259.0,강진군,52.3,22.6,32.0,20,14,9,1,1,,1.8,7.2,NW,24,10,5,5,,0,,,,
2024,1,260.0,장흥,42.9,14.7,25.8,20,14,8,1,0,,1.9,8.1,NNW,24,12,6,4,,0,,,,
2024,1,261.0,해남,43.3,12.9,24.2,20,12,9,1,0,,2.1,8.5,E,20,8,10,5,,0,,,,
2024,1,262.0,고흥,38.5,12.6,26.4,20,8,5,1,0,,1.9,7.4,NW,7,11,8,5,,0,,,,
2024,1,263.0,의령군,24.3,1.8,15.8,20,7,3,1,0,,1.6,10.3,W,23,19,5,3,,0,,,,
2024,1,264.0,함양군,31.8,9.0,21.6,20,9,6,1,0,,2.3,7.2,WSW,23,16,5,4,,0,,,,
2024,1,266.0,광양시,29.4,,14.5,20,8,4,1,0,,2.3,9.2,WNW,22,13,4,5,,0,,,,
2024,1,268.0,진도군,58.3,26.4,36.3,20,13,8,1,1,,2.7,9.0,NNW,21,5,12,6,,0,,,,
2024,1,271.0,봉화,12.0,-4.5,4.5,18,5,5,0,0,,1.3,6.9,NW,22,16,4,4,,0,,,,
2024,1,272.0,영주,18.6,0.2,5.9,20,5,4,0,0,,3.3,11.0,NW,11,12,5,5,,0,,,,
2024,1,273.0,문경,25.2,6.3,7.7,20,8,5,0,0,,2.1,7.4,WNW,23,14,3,5,,0,,,,
2024,1,276.0,청송군,20.1,3.3,13.4,20,9,4,1,0,,1.9,8.7,WNW,22,16,4,3,,0,,,,
2024,1,277.0,영덕,20.6,-16.8,17.8,20,6,2,1,0,,3.2,10.7,WNW,24,16,5,4,,0,,,,
2024,1,278.0,의성,17.6,2.1,8.5,20,8,5,0,0,,1.0,6.4,WNW,7,17,5,4,,0,,,,
2024,1,279.0,구미,26.8,8.4,16.6,20,8,6,1,0,,1.0,4.6,WNW,7,17,5,4,,0,,,,
2024,1,281.0,영천,19.6,-2.5,8.3,20,7,5,0,0,,2.1,8.9,W,22,19,4,3,,0,,,,
2024,1,283.0,경주시,31.8,-0.4,12.1,20,7,6,2,0,,2.8,9.9,WNW,25,20,4,3,,0,,,,
2024,1,284.0,거창,29.8,6.1,20.2,20,6,5,1,0,,1.2,6.9,W,22,16,5,4,,0,,,,
2024,1,285.0,합천,19.2,-0.5,15.2,20,6,2,1,0,,0.6,4.4,NNW,7,18,5,4,,0,,,,
2024,1,288.0,밀양,27.1,5.9,14.7,20,7,4,1,0,,0.9,6.0,WNW,23,18,3,3,,0,,,,
2024,1,289.0,산청,28.4,4.0,23.4,20,8,2,1,0,,2.1,12.2,W,24,17,4,4,,0,,,,
2024,1,294.0,거제,37.2,-3.2,17.3,20,8,4,2,0,,1.3,6.0,NNW,22,16,5,3,,0,,,,
2024,1,295.0,남해,53.0,19.4,28.0,20,10,5,2,0,,1.7,7.0,NW,23,14,6,4,,0,,,,
2024,1,296.0,북부산,29.0,,12.0,20,6,3,2,0,,1.8,7.3,NNE,19,17,4,2,,0,,,,
2024,2,90.0,속초,125.7,79.8,39.2,15,12,10,5,1,,1.7,7.5,W,14,6,16,9,,0,,,,
2024,2,93.0,북춘천,45.0,,16.9,19,11,7,2,0,,1.1,6.4,ENE,5,2,12,5,1,0,0,10,19,23
2024,2,95.0,철원,48.2,21.9,16.1,15,8,6,3,0,,1.5,5.6,NNE,5,5,10,5,,0,,,,
2024,2,98.0,동두천,58.2,32.2,12.3,18,10,9,4,0,,1.1,6.3,WNW,11,8,11,7,,0,,,,
2024,2,99.0,파주,71.9,44.0,24.1,18,11,8,4,0,,1.5,6.4,E,5,6,10,6,,0,,,,
2024,2,100.0,대관령,119.6,70.4,31.1,21,11,10,5,1,,2.6,12.3,W,13,6,16,0,,0,,,,
2024,2,101.0,춘천,54.3,26.7,18.1,19,10,9,2,0,,1.5,6.2,NE,5,4,13,7,,0,,,,
2024,2,102.0,백령도,53.3,35.9,13.2,5,11,8,3,0,,4.8,16.9,NNW,15,6,9,6,2,3,0,7,10,23
2024,2,104.0,북강릉,165.6,,33.0,20,14,9,6,1,,1.1,5.8,W,14,8,17,13,1,0,1,17,12,22
2024,2,105.0,강릉,175.3,127.3,35.6,21,16,10,5,3,,1.8,7.9,SW,13,7,15,13,,0,,,,
2024,2,106.0,동해,153.6,109.6,30.6,5,16,12,6,1,,1.8,8.7,NE,5,7,17,12,,0,,,,
2024,2,108.0,서울,74.7,46.5,17.8,21,11,9,3,0,,2.5,8.8,NE,5,7,11,7,2,0,0,10,16,22
2024,2,112.0,인천,63.8,38.7,18.1,21,10,8,3,0,,2.9,8.6,WNW,29,9,14,6,3,0,0,9,16,21
2024,2,114.0,원주,62.4,33.9,18.3,18,9,8,3,0,,1.0,4.5,SSE,18,3,14,9,,0,,,,
2024,2,115.0,울릉도,95.7,4.4,21.1,19,14,13,4,0,,5.3,18.9,NE,15,3,14,11,2,1,0,14,0,15
2024,2,119.0,수원,74.8,46.5,21.5,21,10,9,3,0,,1.9,6.5,E,5,6,15,7,2,0,0,9,17,23
2024,2,121.0,영월,66.4,38.2,22.2,19,11,9,2,0,,1.0,6.1,E,22,3,13,7,,0,,,,
2024,2,127.0,충주,86.6,57.2,21.8,18,11,9,3,0,,1.4,5.6,E,5,5,15,9,,0,,,,
2024,2,129.0,서산,86.4,55.3,21.7,21,12,10,3,0,,2.1,8.0,S,13,7,14,7,,0,,,,
2024,2,130.0,울진,112.5,75.6,37.2,5,14,11,4,1,,3.2,13.0,E,5,7,17,8,,0,,,,
2024,2,131.0,청주,79.1,50.1,21.7,18,13,8,3,0,,1.5,5.6,ESE,24,4,13,10,1,0,0,9,18,16
2024,2,133.0,대전,93.9,56.7,28.4,18,13,11,4,0,,1.9,8.6,SE,24,6,14,9,2,0,1,6,15,12
2024,2,135.0,추풍령,100.0,65.8,31.0,19,15,12,4,1,,2.5,7.7,W,29,5,13,11,,0,,,,
2024,2,136.0,안동,62.3,37.4,22.2,19,14,8,2,0,,1.3,7.4,WNW,15,6,15,8,3,0,0,6,14,20
2024,2,137.0,상주,93.1,59.8,24.1,19,15,10,4,0,,1.3,6.3,WNW,15,5,14,12,,0,,,,
2024,2,138.0,포항,113.9,77.4,27.1,5,17,15,3,0,,3.3,13.0,NE,5,6,17,12,0,0,0,2,6,5
2024,2,140.0,군산,138.9,103.0,40.9,18,14,11,4,2,,2.0,10.6,WNW,15,7,14,8,,0,,,,
2024,2,143.0,대구,56.8,31.4,14.4,19,13,11,2,0,,2.3,8.2,W,15,6,13,7,1,0,0,3,9,11
2024,2,146.0,전주,113.4,76.6,36.7,19,15,12,4,1,,1.6,6.5,WSW,15,6,14,11,1,0,1,1,13,11
2024,2,152.0,울산,105.4,65.5,39.8,19,13,13,2,1,,2.6,7.8,SW,13,6,14,10,1,0,0,4,8,8
2024,2,155.0,창원,160.2,114.2,74.3,19,13,11,4,2,,1.5,5.8,ENE,24,7,15,8,1,0,0,0,6,4
2024,2,156.0,광주,111.3,67.7,37.7,18,14,12,3,1,,1.3,5.6,ENE,5,5,14,12,0,0,0,0,12,10
2024,2,159.0,부산,137.1,87.5,63.5,19,14,12,4,1,,3.5,9.7,SSW,19,7,13,9,1,0,0,0,4,2
2024,2,162.0,통영,116.6,67.1,33.1,18,14,12,5,1,,2.8,12.3,SSW,19,7,13,8,,0,,,,
2024,2,165.0,목포,108.5,71.7,27.3,18,16,12,3,0,,3.6,15.3,NW,15,5,16,11,3,1,0,0,8,8
2024,2,168.0,여수,147.4,102.8,39.3,18,15,12,5,1,,4.6,14.9,SSW,19,8,17,9,1,1,0,0,2,5
2024,2,169.0,흑산도,102.3,69.5,22.1,21,15,12,4,0,,6.3,19.2,NNW,15,4,21,11,7,3,1,0,2,0
2024,2,170.0,완도,-,-,-,-,-,-,-,-,,2.4,9.3,ESE,21,6,16,10,,0,,,,
2024,2,172.0,고창,97.1,64.0,17.7,5,16,10,5,0,,2.8,10.6,ESE,18,7,15,11,,0,,,,
2024,2,174.0,순천,160.8,,62.6,18,16,13,4,1,,1.6,8.4,NW,15,8,15,12,,0,,,,
2024,2,177.0,홍성,132.4,,36.1,18,13,10,5,1,,1.7,6.6,NE,5,6,15,8,3,0,1,6,15,17
2024,2,181.0,서청주,89.4,,25.0,18,12,9,3,0,,1.5,6.5,SSW,13,6,14,10,,0,,,,
2024,2,184.0,제주,205.4,148.2,28.3,22,17,15,10,0,,3.6,12.1,SW,19,4,19,13,0,0,1,0,0,0
2024,2,185.0,고산,94.9,47.1,15.1,1,15,15,3,0,,6.7,27.7,NNW,5,3,19,10,,5,,,,
2024,2,188.0,성산,321.4,238.2,48.4,21,16,15,13,3,,3.7,10.4,SSW,19,3,16,10,,0,,,,
2024,2,189.0,서귀포,147.7,69.8,33.0,18,16,11,7,1,,2.1,8.3,S,19,2,16,12,0,0,2,0,0,0
2024,2,192.0,진주,201.2,155.6,74.3,19,14,13,5,2,,0.9,5.5,N,15,7,14,8,,0,,,,
2024,2,201.0,강화,78.1,55.6,31.2,18,11,9,3,1,,2.1,7.6,SW,13,7,9,5,,0,,,,
2024,2,202.0,양평,66.0,38.0,21.9,19,13,9,3,0,,1.1,5.7,ENE,5,6,13,8,,0,,,,
2024,2,203.0,이천,91.6,62.0,24.2,18,11,9,3,0,,1.0,4.6,SW,11,4,15,8,,0,,,,
2024,2,211.0,인제,48.4,25.6,18.9,15,11,8,2,0,,1.5,6.3,NNE,21,2,14,7,,0,,,,
2024,2,212.0,홍천,71.0,44.8,23.3,19,13,9,3,0,,0.7,4.9,NE,5,4,12,9,,0,,,,
2024,2,216.0,태백,89.0,60.2,25.0,19,11,11,3,0,,1.3,7.1,NE,15,6,18,12,,0,,,,
2024,2,217.0,정선군,80.7,45.0,29.9,19,11,9,3,0,,1.0,5.8,NW,11,2,16,9,,0,,,,
2024,2,221.0,제천,78.9,46.7,20.5,19,11,9,3,0,,1.5,6.9,ENE,5,4,14,8,,0,,,,
2024,2,226.0,보은,79.6,46.6,22.8,19,14,10,3,0,,1.2,5.1,SE,18,5,14,10,,0,,,,
2024,2,232.0,천안,89.7,62.7,24.4,18,12,10,3,0,,1.6,7.2,SE,24,6,14,10,,0,,,,
2024,2,235.0,보령,92.6,62.4,20.2,5,12,11,3,0,,1.7,8.9,SSW,13,6,14,9,,0,,,,
2024,2,236.0,부여,135.8,98.2,33.4,18,15,11,4,1,,1.1,5.7,WNW,15,7,11,9,,0,,,,
2024,2,238.0,금산,95.7,57.8,20.3,18,15,13,4,0,,1.0,4.6,SSW,13,7,14,8,,0,,,,
2024,2,239.0,세종,104.0,,27.4,18,16,10,4,0,,1.5,6.9,NW,15,7,15,10,,0,,,,
2024,2,243.0,부안,130.9,94.5,37.2,18,14,11,4,1,,1.5,7.4,WNW,15,6,14,9,,0,,,,
2024,2,244.0,임실,108.5,71.6,28.2,18,15,12,4,0,,1.1,6.8,W,15,7,15,11,,0,,,,
2024,2,245.0,정읍,106.0,67.0,20.3,5,15,13,4,0,,1.4,7.0,NNW,15,6,15,10,,0,,,,
2024,2,247.0,남원,111.6,72.2,37.9,18,14,13,3,1,,2.2,8.2,E,21,7,14,11,,0,,,,
2024,2,248.0,장수,127.7,82.2,33.4,19,14,14,4,1,,1.3,6.4,NE,5,5,14,11,,0,,,,
2024,2,251.0,고창군,87.8,,21.7,5,16,10,3,0,,1.6,6.5,SSE,13,7,15,12,,0,,,,
2024,2,252.0,영광군,105.2,66.8,21.0,18,15,11,4,0,,1.6,7.6,SE,15,7,14,11,,0,,,,
2024,2,253.0,김해시,137.2,85.1,91.5,19,12,11,2,1,,1.5,7.3,W,13,7,13,7,,0,,,,
2024,2,254.0,순창군,109.5,62.8,32.8,18,13,12,3,1,,1.5,9.6,WNW,11,7,15,12,,0,,,,
2024,2,255.0,북창원,141.3,,68.1,19,13,12,3,1,,1.8,9.2,NW,15,7,13,8,,0,,,,
2024,2,257.0,양산시,139.9,85.3,87.2,19,12,11,3,1,,2.5,8.0,E,5,6,14,7,,0,,,,
2024,2,258.0,보성군,206.8,,109.9,18,15,13,4,1,,,9.5,NNW,11,7,14,12,,0,,,,
2024,2,259.0,강진군,163.5,118.8,74.2,18,15,13,3,1,,1.8,7.7,WNW,15,7,16,13,,0,,,,
2024,2,260.0,장흥,145.4,103.0,68.4,18,15,13,2,1,,1.6,7.1,N,15,7,15,13,,0,,,,
2024,2,261.0,해남,110.6,71.3,35.2,18,16,15,2,1,,2.3,9.7,E,4,4,16,9,,0,,,,
2024,2,262.0,고흥,149.5,103.0,43.4,18,15,14,4,1,,1.5,8.8,WNW,15,8,15,11,,0,,,,
2024,2,263.0,의령군,148.8,114.1,60.2,19,13,12,4,1,,1.7,8.6,WNW,15,8,13,8,,0,,,,
2024,2,264.0,함양군,125.6,95.1,23.2,5,14,13,5,0,,1.3,7.7,WSW,15,8,13,10,,0,,,,
2024,2,266.0,광양시,200.2,,59.7,19,16,13,5,2,,2.3,7.7,ENE,21,8,16,11,,0,,,,
2024,2,268.0,진도군,147.0,100.6,50.1,18,16,14,2,1,,2.6,9.4,SSW,19,6,16,13,,0,,,,
2024,2,271.0,봉화,53.7,27.8,20.6,19,12,9,1,0,,1.2,5.0,WNW,11,4,13,7,,0,,,,
2024,2,272.0,영주,91.8,61.6,25.1,19,12,11,3,0,,1.7,9.8,NW,15,5,13,8,,0,,,,
2024,2,273.0,문경,109.3,79.6,27.3,19,14,11,4,0,,1.6,9.3,WNW,15,6,14,7,,0,,,,
2024,2,276.0,청송군,70.2,46.1,17.6,19,13,10,2,0,,1.4,7.4,NW,15,6,15,7,,0,,,,
2024,2,277.0,영덕,117.7,87.2,27.2,5,15,15,4,0,,3.2,12.2,NE,15,7,15,9,,0,,,,
2024,2,278.0,의성,52.6,30.0,12.2,19,13,10,2,0,,0.9,5.5,WNW,15,6,15,11,,0,,,,
2024,2,279.0,구미,77.6,50.6,14.3,21,13,11,4,0,,0.7,3.2,WNW,15,5,15,10,,0,,,,
2024,2,281.0,영천,63.7,37.7,15.1,19,14,10,2,0,,1.6,7.4,WNW,15,6,15,8,,0,,,,
2024,2,283.0,경주시,71.5,40.7,18.4,5,15,12,3,0,,2.6,8.6,WSW,13,7,15,10,,0,,,,
2024,2,284.0,거창,117.8,83.7,22.4,18,14,11,5,0,,0.9,8.3,WSW,15,7,13,8,,0,,,,
2024,2,285.0,합천,98.2,66.9,21.6,18,13,12,4,0,,0.8,4.4,WSW,15,7,13,10,,0,,,,
2024,2,288.0,밀양,83.1,50.1,38.9,19,12,10,2,1,,1.0,6.6,WNW,15,7,13,8,,0,,,,
2024,2,289.0,산청,118.5,77.6,29.7,18,13,12,4,0,,1.2,8.6,WNW,15,8,13,10,,0,,,,
2024,2,294.0,거제,139.9,79.4,48.1,19,14,12,4,1,,1.4,6.8,ESE,19,6,14,11,,0,,,,
2024,2,295.0,남해,196.0,130.8,59.3,18,16,13,6,2,,1.7,6.1,W,15,8,16,10,,0,,,,
2024,2,296.0,북부산,91.0,,58.5,19,11,10,1,1,,2.8,7.9,NNE,22,6,13,6,,0,,,,
2024,3,90.0,속초,58.6,6.3,18.5,26,11,9,2,0,,2.2,11.2,W,15,9,8,4,,0,,,,
2024,3,93.0,북춘천,40.9,,18.5,22,11,8,1,0,,1.5,7.9,NNW,19,9,6,1,2,0,0,4,16,18
2024,3,95.0,철원,42.4,11.6,25.5,22,9,6,1,0,,1.6,6.5,N,17,11,5,0,,0,,,,
2024,3,98.0,동두천,38.0,6.0,17.5,22,10,5,2,0,,1.6,9.0,SW,2,11,5,2,,0,,,,
2024,3,99.0,파주,20.4,-11.1,12.4,26,8,5,1,0,,1.9,7.7,NNW,19,11,3,2,,0,,,,
2024,3,100.0,대관령,52.7,-19.9,18.0,26,11,9,1,0,,3.5,13.6,W,29,9,6,2,,0,,,,
2024,3,101.0,춘천,44.3,10.8,18.8,22,11,8,2,0,,1.6,7.0,SW,2,10,6,2,,0,,,,
2024,3,102.0,백령도,28.5,10.3,8.4,28,6,5,0,0,,4.6,17.9,NNW,1,10,6,1,3,2,1,0,8,12
2024,3,104.0,북강릉,-,-,-,-,-,-,-,-,,1.5,8.0,W,29,12,7,3,0,0,0,6,14,14
2024,3,105.0,강릉,66.0,0.9,32.1,26,9,7,1,1,,2.3,8.5,W,17,11,7,4,,0,,,,
2024,3,106.0,동해,71.2,13.6,28.3,20,12,9,2,0,,2.1,9.9,SSE,22,10,7,4,,0,,,,
2024,3,108.0,서울,29.9,-7.0,11.5,26,10,7,1,0,,2.7,8.4,SSW,22,12,4,3,0,0,0,2,10,11
2024,3,112.0,인천,19.2,-14.6,11.9,26,5,3,1,0,,3.3,11.1,W,19,10,4,2,1,0,1,0,6,8
2024,3,114.0,원주,-,-,-,-,-,-,-,-,,1.3,6.8,SSE,22,8,6,3,,0,,,,
2024,3,115.0,울릉도,89.9,13.5,25.1,28,16,11,3,0,,4.6,15.8,ENE,20,5,5,3,3,1,2,8,1,8
2024,3,119.0,수원,30.2,-10.5,15.7,26,8,7,1,0,,2.3,7.7,WNW,1,11,6,3,0,0,0,1,14,14
2024,3,121.0,영월,45.6,0.5,14.7,28,11,6,2,0,,1.4,6.4,WNW,1,9,5,2,,0,,,,
2024,3,127.0,충주,50.8,9.3,18.1,26,10,8,2,0,,1.7,7.4,E,25,8,4,2,,0,,,,
2024,3,129.0,서산,26.1,-15.4,19.2,26,7,4,1,0,,2.5,9.7,W,19,13,2,1,0,0,0,0,1,1
2024,3,130.0,울진,63.5,7.5,27.9,26,9,6,2,0,,2.9,10.1,NNW,20,11,5,2,,0,,,,
2024,3,131.0,청주,37.9,-5.0,17.7,26,6,6,2,0,,1.7,6.0,NE,26,10,7,3,1,0,0,2,7,7
2024,3,133.0,대전,57.9,6.3,21.3,28,9,7,2,0,,2.2,8.5,NW,8,10,5,3,1,0,0,2,13,7
2024,3,135.0,추풍령,65.6,12.7,26.3,28,8,4,3,0,,3.2,11.1,W,1,11,6,3,,0,,,,
2024,3,136.0,안동,55.7,11.2,24.5,28,11,5,2,0,,1.8,7.9,WNW,8,8,8,3,4,0,0,3,14,14
2024,3,137.0,상주,72.3,25.4,27.6,28,10,6,4,0,,1.9,10.4,WNW,8,11,6,3,,0,,,,
2024,3,138.0,포항,84.5,24.0,24.9,26,10,6,4,0,,3.2,10.3,NE,26,9,6,4,0,0,1,0,3,6
2024,3,140.0,군산,54.7,10.0,22.6,26,6,5,2,0,,2.8,12.4,WNW,1,11,7,3,,0,,,,
2024,3,143.0,대구,70.9,21.9,27.0,28,9,5,3,0,,2.6,9.1,WNW,1,12,7,4,1,0,1,1,10,11
2024,3,146.0,전주,79.6,25.9,29.1,28,8,6,3,0,,2.0,7.9,W,20,10,6,3,0,0,1,2,12,11
2024,3,152.0,울산,80.2,11.8,30.8,28,13,7,4,1,,2.7,9.8,SW,29,10,6,4,1,0,0,0,5,8
2024,3,155.0,창원,117.2,38.7,67.6,28,9,8,3,1,,1.8,8.0,SE,29,10,8,4,0,0,0,0,3,5
2024,3,156.0,광주,79.5,17.6,24.0,28,8,6,3,0,,1.5,6.9,S,22,10,6,4,1,0,0,2,13,9
2024,3,159.0,부산,102.0,12.3,51.6,28,9,8,2,1,,3.7,13.4,WSW,23,10,10,4,0,0,0,0,1,3
2024,3,162.0,통영,113.2,20.8,69.2,28,9,8,3,1,,2.9,11.7,SSW,23,10,9,4,,0,,,,
2024,3,165.0,목포,73.3,8.4,24.6,25,10,7,3,0,,3.9,15.5,NNE,1,4,7,4,1,1,1,2,3,4
2024,3,168.0,여수,93.2,9.3,55.3,28,10,6,3,1,,4.7,14.8,NNW,19,9,8,4,0,3,1,0,0,4
2024,3,169.0,흑산도,77.1,26.3,18.6,25,9,8,4,0,,6.1,18.8,NNW,1,4,9,4,7,9,1,2,1,2
2024,3,170.0,완도,103.1,-0.6,40.0,28,13,9,4,1,,2.7,10.2,WNW,19,9,7,4,,0,,,,
2024,3,172.0,고창,61.3,14.3,23.4,26,7,4,3,0,,3.1,14.3,ESE,22,11,7,4,,1,,,,
2024,3,174.0,순천,91.8,,39.3,28,9,7,3,1,,2.3,8.9,W,29,11,8,4,,0,,,,
2024,3,177.0,홍성,34.9,,20.6,26,10,5,1,0,,2.2,7.6,NE,26,11,4,2,2,0,0,1,10,11
2024,3,181.0,서청주,40.7,,19.1,26,7,4,2,0,,2.2,10.0,NNW,8,11,4,3,,0,,,,
2024,3,184.0,제주,98.1,7.5,19.7,25,10,9,3,0,,3.7,11.5,W,29,4,9,4,0,0,1,2,1,0
2024,3,185.0,고산,74.8,-1.4,26.0,28,11,10,2,0,,7.0,21.1,NNW,19,3,11,3,,14,,,,
2024,3,188.0,성산,135.7,-3.7,42.7,28,10,8,7,1,,3.4,11.2,SSW,22,8,11,4,,0,,,,
2024,3,189.0,서귀포,155.5,25.2,79.8,28,12,9,4,1,,1.9,7.3,SSW,22,6,10,4,1,0,2,0,1,2
2024,3,192.0,진주,99.4,21.8,48.8,28,8,6,3,1,,1.2,6.7,NW,20,9,9,4,,0,,,,
2024,3,201.0,강화,24.8,-6.6,16.1,26,5,4,1,0,,2.4,9.2,SW,22,10,2,3,,0,,,,
2024,3,202.0,양평,27.7,-10.3,10.9,26,10,7,1,0,,1.5,6.6,WNW,19,8,5,2,,0,,,,
2024,3,203.0,이천,37.9,-5.0,15.8,26,10,7,1,0,,1.5,5.7,SW,19,10,4,3,,0,,,,
2024,3,211.0,인제,38.3,6.2,11.2,22,11,9,1,0,,1.7,7.1,S,13,8,8,2,,0,,,,
2024,3,212.0,홍천,35.0,-1.7,13.9,26,9,7,1,0,,1.0,5.3,NW,1,10,6,3,,0,,,,
2024,3,216.0,태백,-,-,-,-,-,-,-,-,,1.6,6.7,WSW,29,10,6,4,,0,,,,
2024,3,217.0,정선군,50.2,13.2,11.5,28,11,8,2,0,,1.6,6.2,NW,17,9,6,3,,0,,,,
2024,3,221.0,제천,52.2,2.5,16.4,26,10,7,2,0,,1.8,6.7,NE,25,8,5,2,,0,,,,
2024,3,226.0,보은,50.7,3.2,20.7,28,8,7,2,0,,1.5,7.2,W,8,10,6,3,,0,,,,
2024,3,232.0,천안,41.3,3.0,20.4,26,11,5,1,0,,1.7,7.7,W,19,9,5,2,,0,,,,
2024,3,235.0,보령,35.8,-6.2,19.4,26,7,6,1,0,,2.0,9.9,SSW,29,12,6,2,,0,,,,
2024,3,236.0,부여,49.8,-1.1,20.0,26,8,5,2,0,,1.5,7.9,WNW,8,12,5,3,,0,,,,
2024,3,238.0,금산,72.7,20.4,31.5,28,11,6,3,1,,1.4,7.4,SSW,29,10,8,3,,0,,,,
2024,3,239.0,세종,48.8,,19.0,26,7,6,2,0,,1.8,8.0,NW,8,12,4,3,,0,,,,
2024,3,243.0,부안,75.2,27.9,28.5,28,5,4,3,0,,1.9,8.2,S,22,10,7,4,,0,,,,
2024,3,244.0,임실,73.6,19.8,25.9,28,12,6,3,0,,1.3,7.4,W,20,9,8,4,,0,,,,
2024,3,245.0,정읍,69.3,13.3,26.6,26,7,4,3,0,,2.0,9.4,N,30,8,5,5,,0,,,,
2024,3,247.0,남원,65.0,8.3,26.6,28,8,4,3,0,,2.0,10.2,ENE,25,9,9,4,,0,,,,
2024,3,248.0,장수,74.1,9.6,28.2,26,9,8,2,0,,1.8,8.6,W,8,7,10,4,,0,,,,
2024,3,251.0,고창군,58.7,,20.6,26,8,6,3,0,,1.9,7.8,ESE,22,9,6,5,,0,,,,
2024,3,252.0,영광군,63.7,5.5,21.4,26,13,5,3,0,,1.9,7.9,SE,1,9,8,5,,0,,,,
2024,3,253.0,김해시,112.6,28.0,68.8,28,9,8,3,1,,1.9,8.3,WNW,19,10,7,5,,0,,,,
2024,3,254.0,순창군,78.3,16.2,27.7,28,8,7,3,0,,2.1,10.0,W,19,10,6,4,,0,,,,
2024,3,255.0,북창원,116.9,,64.9,28,9,7,3,1,,2.0,8.7,NW,1,10,7,4,,0,,,,
2024,3,257.0,양산시,100.7,17.6,53.1,28,9,7,4,1,,2.5,7.5,SW,29,10,8,4,,0,,,,
2024,3,258.0,보성군,88.2,,42.2,28,12,6,3,1,,3.1,12.2,NNW,8,11,10,5,,0,,,,
2024,3,259.0,강진군,73.3,-7.1,27.7,28,13,8,3,0,,2.0,7.9,W,19,7,8,4,,0,,,,
2024,3,260.0,장흥,68.2,-10.5,25.0,28,13,9,3,0,,1.9,8.4,NNW,1,10,8,4,,0,,,,
2024,3,261.0,해남,65.1,-13.2,24.2,28,13,8,3,0,,2.4,8.9,WNW,19,6,7,4,,0,,,,
2024,3,262.0,고흥,87.9,1.2,35.1,28,12,7,3,1,,2.0,8.1,WNW,17,10,8,5,,0,,,,
2024,3,263.0,의령군,92.8,19.3,46.5,28,8,7,2,1,,2.2,10.2,SW,29,11,9,4,,0,,,,
2024,3,264.0,함양군,83.0,22.5,29.1,26,8,5,4,0,,2.2,9.2,WSW,19,11,9,4,,0,,,,
2024,3,266.0,광양시,86.2,,44.0,28,9,6,3,1,,2.4,8.5,WNW,8,10,8,4,,0,,,,
2024,3,268.0,진도군,79.4,3.5,25.8,28,13,9,3,0,,2.7,10.6,NNE,1,6,7,5,,0,,,,
2024,3,271.0,봉화,46.5,-0.1,20.1,28,11,9,1,0,,1.5,6.8,NW,17,10,5,2,,0,,,,
2024,3,272.0,영주,53.9,0.6,19.8,28,10,8,2,0,,3.0,10.9,NW,1,11,5,2,,0,,,,
2024,3,273.0,문경,57.4,8.7,21.0,28,10,7,2,0,,2.1,8.2,WNW,17,11,5,3,,0,,,,
2024,3,276.0,청송군,62.7,16.3,26.5,28,10,6,2,0,,2.1,8.1,W,8,10,7,3,,0,,,,
2024,3,277.0,영덕,55.4,6.3,23.3,28,7,4,2,0,,3.2,11.6,NE,17,10,6,3,,0,,,,
2024,3,278.0,의성,55.3,13.8,27.2,28,8,4,2,0,,1.3,7.0,WNW,19,9,7,4,,0,,,,
2024,3,279.0,구미,71.5,23.8,26.7,28,7,5,3,0,,1.1,5.0,W,29,9,7,5,,0,,,,
2024,3,281.0,영천,71.4,21.4,25.9,28,9,7,3,0,,2.0,8.9,W,8,10,8,5,,0,,,,
2024,3,283.0,경주시,73.7,14.0,20.6,28,10,7,3,0,,3.1,10.9,WSW,29,11,7,4,,0,,,,
2024,3,284.0,거창,79.4,24.0,23.4,28,11,6,4,0,,1.6,8.6,NW,8,12,8,3,,0,,,,
2024,3,285.0,합천,86.2,32.2,34.7,28,9,6,3,1,,1.0,5.0,NNW,20,11,7,4,,0,,,,
2024,3,288.0,밀양,79.7,20.7,41.8,28,10,7,4,1,,1.3,6.9,NNW,20,10,7,4,,0,,,,
2024,3,289.0,산청,89.9,23.1,35.8,28,7,6,4,1,,2.1,11.6,WNW,19,11,9,4,,0,,,,
2024,3,294.0,거제,127.3,15.1,75.2,28,10,8,3,1,,1.7,6.2,NNW,23,10,8,4,,0,,,,
2024,3,295.0,남해,149.9,36.8,93.0,28,10,7,3,1,,1.9,6.1,WNW,19,10,7,4,,0,,,,
2024,3,296.0,북부산,90.0,,53.0,28,9,8,2,1,,2.5,8.3,NNE,6,10,8,4,,0,,,,
2024,4,90.0,속초,63.4,-9.9,32.7,20,5,4,2,1,,2.2,7.9,NNW,28,11,6,3,,0,,,,
2024,4,93.0,북춘천,27.6,,17.0,15,6,3,1,0,,1.4,6.9,NE,23,9,7,3,0,0,0,0,0,0
2024,4,95.0,철원,17.9,-51.1,11.2,15,4,4,1,0,,1.7,6.5,NNE,29,10,6,0,,0,,,,
2024,4,98.0,동두천,22.2,-51.0,13.0,15,6,3,1,0,,1.3,6.1,SSE,15,8,7,2,,0,,,,
2024,4,99.0,파주,23.3,-50.9,14.0,15,5,3,1,0,,1.5,5.8,E,24,8,6,2,,0,,,,
2024,4,100.0,대관령,53.9,-39.6,18.9,20,7,6,2,0,,2.4,9.3,W,25,8,8,5,,0,,,,
2024,4,101.0,춘천,31.4,-40.1,18.8,15,6,3,1,0,,1.7,7.2,NE,30,9,7,3,,0,,,,
2024,4,102.0,백령도,70.7,23.2,38.9,15,3,3,3,1,,3.3,11.5,SSE,15,7,7,2,10,0,1,0,1,0
2024,4,104.0,북강릉,38.7,,20.8,20,7,5,2,0,,1.3,5.3,N,8,8,7,3,0,0,0,0,1,0
2024,4,105.0,강릉,41.9,-40.0,20.5,20,6,6,1,0,,1.9,7.4,WNW,8,10,7,3,,0,,,,
2024,4,106.0,동해,33.6,-38.7,15.2,20,6,5,1,0,,2.4,9.6,NNE,9,9,9,4,,0,,,,
2024,4,108.0,서울,33.2,-39.7,17.1,15,4,4,1,0,,2.4,7.9,NE,9,7,8,2,0,0,0,0,0,0
2024,4,112.0,인천,35.3,-28.2,19.0,15,5,5,1,0,,2.4,7.5,SSE,15,6,7,2,4,0,0,0,0,0
2024,4,114.0,원주,41.4,-31.6,16.4,15,5,5,2,0,,1.1,4.6,SSE,10,9,9,5,,0,,,,
2024,4,115.0,울릉도,45.2,-52.6,13.8,15,8,7,2,0,,4.2,12.9,NE,9,8,10,3,9,0,0,0,0,0
2024,4,119.0,수원,55.0,-16.6,18.4,24,6,5,2,0,,1.8,6.6,E,9,6,7,3,1,0,1,0,0,0
2024,4,121.0,영월,40.2,-33.3,14.8,15,5,5,1,0,,1.2,6.3,E,21,7,9,6,,0,,,,
2024,4,127.0,충주,59.0,-14.8,30.7,15,6,5,2,1,,1.4,8.6,E,9,6,7,5,,0,,,,
2024,4,129.0,서산,45.0,-29.7,18.1,15,6,5,2,0,,1.8,6.3,WNW,24,6,7,4,,0,,,,
2024,4,130.0,울진,54.0,-22.4,13.6,20,8,7,3,0,,2.7,10.1,W,9,8,9,5,,0,,,,
2024,4,131.0,청주,49.1,-26.4,14.8,20,6,6,3,0,,1.4,5.3,NE,9,6,8,5,0,0,0,0,0,0
2024,4,133.0,대전,32.7,-48.9,16.0,3,7,4,1,0,,1.9,7.0,ESE,20,5,8,5,0,0,0,0,0,0
2024,4,135.0,추풍령,49.3,-31.0,18.6,3,9,8,2,0,,2.3,7.3,ENE,20,6,8,6,,0,,,,
2024,4,136.0,안동,59.1,-14.9,20.3,15,9,8,2,0,,1.4,6.3,SE,23,6,10,5,1,0,0,0,0,0
2024,4,137.0,상주,73.2,-13.4,22.4,3,10,8,3,0,,1.1,4.6,WNW,1,7,6,6,,0,,,,
2024,4,138.0,포항,65.0,-16.2,32.4,3,9,7,1,1,,3.0,9.1,ENE,9,7,11,6,0,0,0,0,0,0
2024,4,140.0,군산,53.4,-28.2,21.0,3,7,5,2,0,,1.8,8.6,SSE,2,5,8,5,,0,,,,
2024,4,143.0,대구,60.6,-10.0,29.4,3,9,8,2,0,,2.2,8.5,ESE,9,5,12,5,0,0,0,0,0,0
2024,4,146.0,전주,53.4,-25.0,27.7,3,11,6,1,0,,1.4,6.1,SSE,15,5,10,7,0,0,0,0,0,0
2024,4,152.0,울산,99.1,2.2,49.4,3,9,8,3,1,,1.9,6.5,W,16,5,11,6,1,0,0,0,0,0
2024,4,155.0,창원,149.7,15.9,56.3,3,8,6,4,2,,1.5,6.6,ESE,10,5,11,6,0,0,0,0,0,0
2024,4,156.0,광주,79.6,-7.0,31.8,3,10,9,3,1,,1.2,5.7,S,15,5,10,6,1,0,0,0,0,0
2024,4,159.0,부산,166.8,25.9,58.1,3,7,7,4,2,,2.7,8.4,ESE,20,6,11,5,0,0,0,0,0,0
2024,4,162.0,통영,195.7,56.9,70.5,29,7,6,5,3,,1.9,6.7,S,20,5,12,5,,0,,,,
2024,4,165.0,목포,81.7,1.4,27.3,3,11,8,3,0,,2.8,10.7,SE,3,5,12,6,6,0,0,0,0,0
2024,4,168.0,여수,210.5,85.3,76.7,29,10,7,5,3,,2.8,10.6,E,29,5,12,8,1,0,0,0,0,0
2024,4,169.0,흑산도,82.9,-5.9,28.1,20,8,8,4,0,,4.6,20.9,SE,15,5,10,3,9,4,0,0,0,0
2024,4,170.0,완도,216.6,74.9,56.8,29,11,6,5,5,,2.6,11.6,SE,15,6,12,7,,0,,,,
2024,4,172.0,고창,64.5,-19.3,30.1,3,10,8,2,1,,2.3,15.0,ESE,15,5,10,6,,1,,,,
2024,4,174.0,순천,155.9,,43.6,29,9,8,5,3,,1.4,6.9,W,24,5,10,7,,0,,,,
2024,4,177.0,홍성,63.4,,25.2,15,8,5,3,0,,1.4,5.9,NE,3,5,9,4,4,0,1,0,0,0
2024,4,181.0,서청주,44.7,,13.5,20,7,5,3,0,,1.5,6.7,NE,9,6,6,4,,0,,,,
2024,4,184.0,제주,80.2,-9.5,35.8,29,14,8,3,1,,2.7,9.3,NE,15,5,15,8,0,0,1,0,0,0
2024,4,185.0,고산,118.8,24.1,51.9,29,15,10,4,1,,4.5,15.5,SSE,20,4,15,7,,2,,,,
2024,4,188.0,성산,226.0,64.7,79.8,29,14,11,4,2,,2.6,13.3,SE,15,2,15,9,,0,,,,
2024,4,189.0,서귀포,-,-,-,-,-,-,-,-,,1.6,5.9,ENE,23,3,17,9,2,0,1,0,0,0
2024,4,192.0,진주,175.8,49.4,57.5,3,9,7,5,3,,0.8,4.1,WSW,24,6,11,7,,0,,,,
2024,4,201.0,강화,28.4,-36.5,17.5,15,6,4,1,0,,2.1,6.5,WSW,6,8,6,2,,0,,,,
2024,4,202.0,양평,48.1,-24.4,21.9,15,6,5,2,0,,1.2,5.4,ENE,9,7,8,3,,0,,,,
2024,4,203.0,이천,71.7,-6.8,32.1,15,5,5,2,1,,1.2,4.3,E,23,7,7,3,,0,,,,
2024,4,211.0,인제,19.9,-49.9,9.8,15,5,3,0,0,,1.7,6.6,NE,9,11,7,2,,0,,,,
2024,4,212.0,홍천,38.3,-36.5,21.5,15,6,3,1,0,,1.1,5.2,NE,21,8,6,3,,0,,,,
2024,4,216.0,태백,52.8,-33.0,23.0,20,9,7,1,0,,1.3,5.8,NNE,28,8,9,6,,0,,,,
2024,4,217.0,정선군,35.9,-45.5,12.0,20,6,5,2,0,,1.3,6.5,N,23,8,11,6,,0,,,,
2024,4,221.0,제천,54.7,-30.4,29.5,15,5,5,2,0,,1.6,6.5,NE,9,6,8,5,,0,,,,
2024,4,226.0,보은,45.8,-36.4,16.5,3,8,6,2,0,,1.3,5.2,SE,15,6,8,6,,0,,,,
2024,4,232.0,천안,48.2,-19.3,20.1,15,6,4,2,0,,1.4,6.3,ENE,9,6,6,4,,0,,,,
2024,4,235.0,보령,48.8,-23.9,22.4,15,7,6,2,0,,1.5,8.3,SSW,24,6,7,4,,0,,,,
2024,4,236.0,부여,58.7,-26.6,21.0,15,9,5,3,0,,1.1,5.2,N,20,6,8,5,,0,,,,
2024,4,238.0,금산,46.4,-38.3,19.1,3,9,6,1,0,,1.0,4.5,S,2,7,7,6,,0,,,,
2024,4,239.0,세종,43.3,,14.1,3,7,5,2,0,,1.5,5.4,ENE,23,6,7,5,,0,,,,
2024,4,243.0,부안,56.6,-23.4,29.9,3,9,6,1,0,,1.4,7.3,SSE,15,5,8,6,,0,,,,
2024,4,244.0,임실,74.3,-9.3,36.2,3,9,8,1,1,,1.1,6.2,SSW,15,6,8,5,,0,,,,
2024,4,245.0,정읍,70.8,-11.7,35.1,3,11,7,2,1,,1.7,11.5,SE,2,6,9,6,,0,,,,
2024,4,247.0,남원,75.6,-6.2,31.1,3,8,8,3,1,,1.9,6.3,SSE,15,6,9,6,,0,,,,
2024,4,248.0,장수,75.7,-20.9,41.2,3,9,8,1,1,,1.2,6.8,W,24,6,9,5,,0,,,,
2024,4,251.0,고창군,63.9,,30.4,3,9,7,2,1,,1.4,7.3,ESE,15,5,9,6,,0,,,,
2024,4,252.0,영광군,73.6,-16.5,27.1,3,10,8,2,0,,1.5,6.4,SSW,2,5,8,5,,0,,,,
2024,4,253.0,김해시,133.3,4.9,53.9,3,8,6,3,2,,1.3,6.3,SSE,1,7,10,6,,0,,,,
2024,4,254.0,순창군,87.3,-17.5,33.8,3,9,8,3,1,,1.5,7.2,W,24,6,10,6,,0,,,,
2024,4,255.0,북창원,114.1,,48.7,3,7,6,3,2,,1.2,5.2,E,9,6,9,5,,0,,,,
2024,4,257.0,양산시,106.2,-20.6,39.7,3,6,6,3,2,,2.1,6.8,NE,9,7,12,4,,0,,,,
2024,4,258.0,보성군,198.4,,64.9,29,9,7,5,3,,2.1,7.1,NW,24,6,11,7,,0,,,,
2024,4,259.0,강진군,151.4,26.5,59.4,29,10,8,5,1,,1.4,7.6,ESE,15,5,11,6,,0,,,,
2024,4,260.0,장흥,162.9,54.4,60.5,29,10,7,5,2,,1.4,6.5,SSE,15,4,12,5,,0,,,,
2024,4,261.0,해남,91.4,-3.1,31.0,29,11,6,4,1,,2.0,9.0,ESE,15,5,10,6,,0,,,,
2024,4,262.0,고흥,200.1,71.9,65.3,29,10,7,5,3,,1.3,6.8,WNW,24,5,12,6,,0,,,,
2024,4,263.0,의령군,123.8,5.4,45.6,3,7,6,4,2,,1.4,6.7,SW,1,6,10,7,,0,,,,
2024,4,264.0,함양군,106.0,1.3,50.2,3,9,8,3,1,,1.3,6.2,WSW,16,6,10,7,,0,,,,
2024,4,266.0,광양시,182.4,,52.8,15,8,8,5,3,,1.6,5.4,ENE,29,6,10,7,,0,,,,
2024,4,268.0,진도군,106.5,-20.0,24.0,2,11,7,5,0,,1.8,8.0,SE,3,5,10,6,,0,,,,
2024,4,271.0,봉화,45.3,-35.4,20.2,15,7,6,1,0,,1.3,5.4,NE,9,6,10,4,,0,,,,
2024,4,272.0,영주,55.8,-39.0,19.6,20,7,5,3,0,,1.8,8.7,NW,1,7,9,6,,0,,,,
2024,4,273.0,문경,75.6,-13.9,23.0,15,8,6,3,0,,1.6,6.2,ESE,23,8,8,5,,0,,,,
2024,4,276.0,청송군,50.7,-31.0,19.9,3,7,6,1,0,,1.5,6.1,WNW,16,7,9,4,,0,,,,
2024,4,277.0,영덕,66.6,-12.9,16.7,3,7,6,3,0,,3.2,12.6,NNE,9,8,11,6,,0,,,,
2024,4,278.0,의성,48.0,-25.6,18.8,3,7,7,2,0,,1.0,5.1,ENE,9,8,8,6,,0,,,,
2024,4,279.0,구미,63.3,-15.7,22.3,3,9,7,2,0,,0.8,3.4,ESE,28,6,10,6,,0,,,,
2024,4,281.0,영천,57.0,-19.4,29.9,3,8,7,2,0,,1.5,6.7,ESE,9,8,11,6,,0,,,,
2024,4,283.0,경주시,65.4,-30.7,40.6,3,9,7,1,1,,2.4,9.6,NNE,9,7,10,5,,0,,,,
2024,4,284.0,거창,98.4,13.6,36.8,3,10,7,3,1,,1.1,5.6,SE,14,6,10,7,,0,,,,
2024,4,285.0,합천,110.8,28.9,42.5,3,9,8,3,1,,0.6,3.8,ENE,23,6,10,6,,0,,,,
2024,4,288.0,밀양,93.2,2.7,41.2,3,8,6,3,1,,1.0,4.2,SSE,13,6,10,5,,0,,,,
2024,4,289.0,산청,132.8,26.3,41.9,3,9,7,4,2,,1.2,6.1,W,24,6,10,6,,0,,,,
2024,4,294.0,거제,187.6,10.4,64.0,3,9,7,5,3,,1.2,5.8,SE,9,7,12,5,,0,,,,
2024,4,295.0,남해,251.4,71.7,92.8,29,7,7,6,3,,1.2,4.9,SW,26,5,12,9,,0,,,,
2024,4,296.0,북부산,129.5,,54.5,3,6,6,3,2,,2.3,8.9,NNE,9,7,11,5,,0,,,,
2024,5,90.0,속초,-,-,-,-,-,-,-,-,,2.6,10.2,NNW,16,14,7,2,,0,,,,
2024,5,93.0,북춘천,126.9,,37.2,15,8,7,4,2,,1.4,6.5,WSW,27,12,7,2,0,0,0,0,0,0
2024,5,95.0,철원,156.5,54.1,53.7,5,8,6,4,2,,1.5,5.9,NE,7,15,8,2,,0,,,,
2024,5,98.0,동두천,140.6,45.4,48.9,5,8,6,5,2,,1.3,6.0,SW,11,15,7,3,,0,,,,
2024,5,99.0,파주,130.7,28.7,52.1,5,7,6,4,1,,1.4,5.7,WSW,11,15,7,4,,0,,,,
2024,5,100.0,대관령,64.9,-43.3,25.6,15,9,7,2,0,,3.1,12.8,W,11,10,8,4,,0,,,,
2024,5,101.0,춘천,117.8,18.4,38.5,15,8,6,4,2,,1.6,5.8,SW,31,12,6,3,,0,,,,
2024,5,102.0,백령도,64.1,-10.2,47.8,5,7,6,1,1,,3.5,13.3,N,15,10,10,5,12,0,0,0,0,0
2024,5,104.0,북강릉,84.6,,35.3,15,7,4,3,1,,1.5,9.3,W,11,10,7,3,0,0,0,0,0,0
2024,5,105.0,강릉,76.8,-2.4,29.1,15,5,3,3,0,,2.4,7.9,SW,10,10,8,4,,0,,,,
2024,5,106.0,동해,57.9,-5.4,27.5,16,7,5,3,0,,2.5,10.1,N,16,11,7,4,,0,,,,
2024,5,108.0,서울,125.1,21.5,48.3,5,8,7,4,2,,2.4,9.1,SSW,11,12,7,3,0,0,1,0,0,0
2024,5,112.0,인천,122.6,26.3,51.0,5,6,6,4,1,,2.6,10.3,S,11,13,10,3,9,0,0,0,0,0
2024,5,114.0,원주,97.8,11.7,26.0,15,10,6,5,0,,1.2,5.2,S,11,10,6,3,,0,,,,
2024,5,115.0,울릉도,84.3,-24.2,21.8,16,8,8,4,0,,4.8,15.7,NE,16,11,8,2,8,2,1,0,0,0
2024,5,119.0,수원,109.4,14.4,45.5,5,7,6,4,1,,2.1,9.3,SSW,11,14,8,3,1,0,0,0,0,0
2024,5,121.0,영월,114.7,36.3,31.7,5,10,8,4,1,,1.1,6.0,NE,15,11,5,3,,0,,,,
2024,5,127.0,충주,128.7,41.3,35.7,26,9,8,5,2,,1.5,5.9,W,15,10,5,3,,0,,,,
2024,5,129.0,서산,157.4,56.3,44.7,5,7,6,5,3,,2.2,8.4,S,11,11,6,3,,0,,,,
2024,5,130.0,울진,38.3,-32.2,16.2,16,7,5,2,0,,2.3,9.7,NW,16,11,6,2,,0,,,,
2024,5,131.0,청주,122.7,39.9,37.2,5,10,8,5,2,,1.5,6.2,NE,28,12,5,3,0,0,0,0,0,0
2024,5,133.0,대전,126.8,35.0,55.4,5,9,9,3,2,,1.9,7.2,NW,15,11,6,3,0,0,0,0,0,0
2024,5,135.0,추풍령,78.5,-1.6,16.1,5,11,10,4,0,,2.4,11.0,W,15,10,7,3,,0,,,,
2024,5,136.0,안동,107.8,22.7,36.5,15,8,8,4,1,,1.6,6.5,WNW,16,12,5,2,1,0,0,0,0,0
2024,5,137.0,상주,96.1,8.5,29.8,5,10,9,4,0,,1.2,5.2,W,16,12,6,2,,0,,,,
2024,5,138.0,포항,62.9,-21.7,14.9,16,9,8,4,0,,3.0,8.9,ENE,28,10,5,3,0,0,0,0,0,0
2024,5,140.0,군산,108.3,22.5,59.2,5,10,7,3,1,,2.5,11.2,NW,15,11,5,3,,0,,,,
2024,5,143.0,대구,59.8,-18.1,16.7,15,10,10,2,0,,2.4,9.3,WNW,16,11,7,2,0,0,1,0,0,0
2024,5,146.0,전주,113.7,30.9,42.5,5,11,9,5,1,,1.7,6.4,SE,5,11,6,2,1,0,0,0,0,0
2024,5,152.0,울산,69.3,-38.1,30.1,6,9,8,3,1,,2.2,8.8,SSW,11,9,6,1,0,0,0,0,0,0
2024,5,155.0,창원,169.1,22.7,94.9,5,10,6,4,2,,1.9,8.2,SSE,26,11,8,1,0,0,0,0,0,0
2024,5,156.0,광주,102.0,10.6,61.9,5,10,7,2,1,,1.4,6.7,SSW,11,13,7,2,0,0,1,0,0,0
2024,5,159.0,부산,148.4,-7.5,53.1,5,10,6,3,2,,3.5,10.4,SW,12,10,10,1,0,0,0,0,0,0
2024,5,162.0,통영,147.9,-11.7,69.9,5,10,6,3,2,,2.5,12.8,SSW,6,12,6,1,,0,,,,
2024,5,165.0,목포,101.6,10.3,67.6,5,10,8,2,1,,3.6,11.5,NNW,15,11,8,2,1,0,0,0,0,0
2024,5,168.0,여수,155.9,12.4,106.5,5,11,7,3,1,,3.6,17.2,NW,16,12,7,1,2,1,0,0,0,0
2024,5,169.0,흑산도,62.6,-34.1,50.3,5,6,5,1,1,,5.1,20.8,SSE,5,10,9,2,10,4,1,0,0,0
2024,5,170.0,완도,192.6,45.6,139.9,5,10,8,2,1,,3.0,15.4,SSE,5,11,8,3,,1,,,,
2024,5,172.0,고창,-,-,-,-,-,-,-,-,,,9.7,ESE,5,11,5,3,,0,,,,
2024,5,174.0,순천,203.1,,154.1,5,13,10,1,1,,1.8,9.1,W,16,12,8,2,,0,,,,
2024,5,177.0,홍성,156.0,,55.6,5,8,7,5,2,,1.8,7.0,SSW,11,11,8,2,2,0,0,0,0,0
2024,5,181.0,서청주,122.4,,42.9,5,9,8,5,1,,1.8,9.2,NNW,15,12,4,3,,0,,,,
2024,5,184.0,제주,42.9,-52.7,21.6,5,8,7,1,0,,3.1,10.2,W,16,13,10,1,1,0,0,0,0,0
2024,5,185.0,고산,135.3,17.6,83.3,5,8,6,3,1,,5.4,20.7,NW,16,14,10,1,,5,,,,
2024,5,188.0,성산,122.7,-55.3,74.1,5,10,8,3,1,,3.0,10.4,SSE,5,14,9,3,,0,,,,
2024,5,189.0,서귀포,214.3,-9.3,98.1,5,10,7,4,3,,2.0,7.9,S,5,13,11,2,1,0,0,0,0,0
2024,5,192.0,진주,203.1,65.8,143.3,5,10,8,4,1,,1.1,5.8,WSW,16,12,6,1,,0,,,,
2024,5,201.0,강화,141.0,30.1,70.5,5,7,7,4,1,,2.3,7.8,SW,5,13,6,3,,0,,,,
2024,5,202.0,양평,107.0,12.6,42.3,5,7,5,4,1,,1.4,5.4,NE,7,12,7,3,,0,,,,
2024,5,203.0,이천,99.2,6.0,34.1,5,7,7,4,1,,1.2,6.4,SSE,11,14,5,3,,0,,,,
2024,5,211.0,인제,92.4,-0.2,22.9,5,9,7,4,0,,1.5,6.7,S,11,12,8,2,,0,,,,
2024,5,212.0,홍천,99.5,-1.8,36.5,15,7,7,3,1,,1.1,5.1,W,27,12,7,3,,0,,,,
2024,5,216.0,태백,80.9,-9.3,21.6,15,9,9,4,0,,1.6,6.6,SSW,5,9,6,3,,0,,,,
2024,5,217.0,정선군,77.0,10.2,22.0,5,10,8,3,0,,1.5,5.8,WNW,16,10,5,3,,0,,,,
2024,5,221.0,제천,128.7,31.8,33.7,15,9,8,5,1,,1.4,6.0,W,16,10,6,3,,0,,,,
2024,5,226.0,보은,128.4,35.6,49.1,26,10,8,3,2,,1.4,5.8,S,11,11,5,4,,0,,,,
2024,5,232.0,천안,107.7,29.0,36.4,5,8,7,3,1,,1.3,6.2,N,15,11,5,3,,0,,,,
2024,5,235.0,보령,130.9,43.4,44.9,5,9,8,4,2,,1.9,10.1,S,11,12,6,3,,0,,,,
2024,5,236.0,부여,134.0,36.5,60.3,5,7,7,4,2,,1.3,6.6,S,11,11,6,3,,0,,,,
2024,5,238.0,금산,83.2,1.6,28.4,5,9,9,3,0,,1.2,6.7,S,26,11,5,3,,0,,,,
2024,5,239.0,세종,128.8,,52.9,5,9,9,4,1,,1.5,7.0,NW,15,12,4,3,,0,,,,
2024,5,243.0,부안,88.3,3.4,61.9,5,9,6,2,1,,1.8,7.9,SSW,11,11,5,2,,0,,,,
2024,5,244.0,임실,104.5,18.6,49.4,5,10,9,2,1,,1.4,7.6,WNW,15,11,6,3,,0,,,,
2024,5,245.0,정읍,83.9,-3.3,45.5,5,9,7,2,1,,2.2,9.0,S,11,9,5,2,,0,,,,
2024,5,247.0,남원,91.1,0.6,34.2,5,11,9,3,1,,2.0,7.1,SW,11,11,6,3,,0,,,,
2024,5,248.0,장수,112.2,11.7,46.3,5,10,9,5,1,,1.5,7.3,WNW,15,12,7,3,,0,,,,
2024,5,251.0,고창군,81.0,,43.3,5,9,7,2,1,,1.7,8.1,WNW,15,12,7,3,,0,,,,
2024,5,252.0,영광군,95.6,1.8,55.7,5,10,8,2,1,,1.9,7.3,NW,15,11,5,3,,0,,,,
2024,5,253.0,김해시,134.0,23.4,68.2,5,11,7,2,2,,1.7,8.8,WNW,16,14,6,1,,0,,,,
2024,5,254.0,순창군,116.5,29.2,61.8,5,11,10,3,1,,2.0,9.1,WNW,15,12,5,2,,0,,,,
2024,5,255.0,북창원,160.3,,87.9,5,9,6,3,2,,1.4,5.9,W,16,13,7,1,,0,,,,
2024,5,257.0,양산시,130.8,20.6,47.7,5,12,8,4,2,,2.2,6.7,SW,11,11,6,1,,0,,,,
2024,5,258.0,보성군,239.2,,186.7,5,12,9,3,1,,2.8,12.6,NNW,15,11,7,1,,0,,,,
2024,5,259.0,강진군,174.4,51.5,129.2,5,9,8,3,1,,1.7,7.8,W,16,10,7,2,,0,,,,
2024,5,260.0,장흥,163.5,41.9,117.8,5,10,9,3,1,,1.7,7.7,SE,5,10,8,1,,0,,,,
2024,5,261.0,해남,129.2,26.8,86.7,5,9,8,2,1,,2.2,8.2,SW,16,12,7,2,,0,,,,
2024,5,262.0,고흥,178.4,45.1,128.4,5,11,9,3,1,,1.9,9.1,S,5,13,4,2,,0,,,,
2024,5,263.0,의령군,132.1,44.1,83.3,5,10,8,4,1,,1.8,9.0,WNW,16,11,6,1,,0,,,,
2024,5,264.0,함양군,65.6,1.2,17.6,5,11,9,2,0,,1.6,7.1,WSW,15,13,7,1,,0,,,,
2024,5,266.0,광양시,271.7,,198.6,5,11,8,5,1,,1.7,6.9,WNW,15,12,8,1,,0,,,,
2024,5,268.0,진도군,140.9,-4.7,112.8,5,9,6,2,1,,2.3,7.9,NW,15,14,7,2,,0,,,,
2024,5,271.0,봉화,109.0,7.5,40.6,5,8,8,4,1,,1.4,6.4,NW,16,10,5,2,,0,,,,
2024,5,272.0,영주,129.0,10.5,57.9,5,9,8,4,1,,2.3,13.1,NW,16,11,5,3,,0,,,,
2024,5,273.0,문경,151.9,43.8,48.7,5,10,9,5,2,,1.6,7.9,WNW,16,12,4,2,,0,,,,
2024,5,276.0,청송군,125.6,68.9,42.7,16,9,9,3,1,,1.7,7.3,WNW,16,11,5,3,,0,,,,
2024,5,277.0,영덕,87.4,12.9,36.8,15,10,9,3,1,,3.0,12.2,NE,28,10,5,2,,0,,,,
2024,5,278.0,의성,94.7,16.1,23.4,15,9,8,5,0,,1.2,6.6,WNW,16,12,6,2,,0,,,,
2024,5,279.0,구미,72.1,-6.6,18.0,15,11,9,3,0,,1.0,4.2,W,16,11,5,3,,0,,,,
2024,5,281.0,영천,82.6,-3.2,19.8,5,11,9,3,0,,1.8,7.5,W,16,12,5,2,,0,,,,
2024,5,283.0,경주시,46.5,-8.8,12.7,15,9,9,2,0,,2.7,9.0,NNE,28,11,5,1,,0,,,,
2024,5,284.0,거창,92.3,3.6,35.2,5,11,7,3,1,,1.5,8.2,W,16,11,7,2,,0,,,,
2024,5,285.0,합천,102.5,8.4,59.6,5,10,8,3,1,,1.0,4.8,W,16,10,6,2,,0,,,,
2024,5,288.0,밀양,128.8,22.1,64.8,5,10,8,2,2,,1.3,5.9,SSE,5,12,5,1,,0,,,,
2024,5,289.0,산청,118.4,12.9,79.1,5,13,8,3,1,,1.7,10.5,W,15,12,6,1,,0,,,,
2024,5,294.0,거제,182.6,-20.4,57.4,6,9,7,4,3,,1.6,6.8,ESE,5,12,6,2,,0,,,,
2024,5,295.0,남해,323.8,127.5,242.1,5,11,8,5,1,,1.7,7.9,NW,16,13,8,1,,0,,,,
2024,5,296.0,북부산,121.0,,46.5,5,10,7,4,2,,2.4,7.7,S,11,12,7,1,,0,,,,
2024,6,90.0,속초,133.8,14.3,64.8,30,8,7,5,1,,2.1,7.0,NNW,30,,,1,,0,,,,
2024,6,93.0,북춘천,124.5,,61.5,30,7,6,4,1,,1.3,6.3,NNW,23,9,6,1,0,0,2,0,0,0
2024,6,95.0,철원,98.1,-20.9,39.1,30,8,5,4,1,,1.3,5.1,NNE,3,9,5,1,,0,,,,
2024,6,98.0,동두천,96.7,-33.8,36.7,29,7,5,4,1,,1.1,5.6,SW,23,10,4,1,,0,,,,
2024,6,99.0,파주,56.7,-50.7,19.2,29,9,5,3,0,,1.2,4.9,SW,30,14,1,1,,0,,,,
2024,6,100.0,대관령,110.9,-51.6,25.9,30,9,9,5,0,,2.2,9.3,W,30,7,6,1,,0,,,,
2024,6,101.0,춘천,141.8,18.9,72.9,30,7,6,4,1,,1.4,5.3,NE,3,9,4,1,,0,,,,
2024,6,102.0,백령도,45.6,-26.4,21.1,29,8,5,1,0,,2.8,10.3,NNW,30,12,10,0,17,0,1,0,0,0
2024,6,104.0,북강릉,89.1,,19.1,29,9,9,5,0,,1.0,5.3,WNW,25,9,6,0,1,0,3,0,0,0
2024,6,105.0,강릉,93.8,-24.7,19.6,29,9,8,5,0,,1.8,6.4,S,30,9,6,2,,0,,,,
2024,6,106.0,동해,81.7,-24.2,30.3,22,8,7,4,1,,2.0,7.9,NNW,24,9,5,1,,0,,,,
2024,6,108.0,서울,115.9,-13.6,38.3,29,7,6,4,2,,2.2,7.2,SSW,30,9,4,2,0,0,2,0,0,0
2024,6,112.0,인천,101.8,-4.2,57.7,29,8,6,2,1,,2.4,8.3,WSW,30,9,4,1,2,0,0,0,0,0
2024,6,114.0,원주,125.0,-11.7,55.9,22,10,7,3,2,,1.1,4.3,SSE,29,9,4,1,,0,,,,
2024,6,115.0,울릉도,86.9,-29.9,37.3,22,8,5,2,2,,3.6,13.0,SSW,30,5,6,3,6,0,0,0,0,0
2024,6,119.0,수원,137.5,14.6,72.8,22,6,6,4,1,,1.9,6.6,SW,30,8,3,1,0,0,0,0,0,0
2024,6,121.0,영월,143.6,6.5,69.3,22,8,7,5,1,,1.0,5.8,E,13,9,6,1,,0,,,,
2024,6,127.0,충주,126.1,-8.6,47.0,22,7,6,4,2,,1.3,5.5,W,25,9,5,1,,0,,,,
2024,6,129.0,서산,120.4,-17.8,61.6,22,6,5,3,2,,1.9,7.7,SSW,30,9,5,1,,0,,,,
2024,6,130.0,울진,80.2,-24.1,27.2,15,9,6,3,0,,1.9,5.1,SSE,7,9,6,1,,0,,,,
2024,6,131.0,청주,84.7,-55.3,44.9,29,6,6,2,1,,1.4,5.3,E,20,9,6,1,0,0,0,0,0,0
2024,6,133.0,대전,76.9,-90.4,45.1,29,6,6,3,1,,1.8,5.8,SE,20,9,5,1,0,0,0,0,0,0
2024,6,135.0,추풍령,95.4,-41.2,30.5,30,6,6,4,2,,2.0,6.8,W,24,7,11,1,,0,,,,
2024,6,136.0,안동,86.0,-37.1,26.1,30,8,7,4,0,,1.3,5.8,ESE,3,6,6,2,1,0,2,0,0,0
2024,6,137.0,상주,116.2,1.0,42.9,29,8,6,4,2,,1.1,4.0,W,30,7,7,2,,0,,,,
2024,6,138.0,포항,97.7,-29.1,29.3,22,11,8,4,0,,2.5,7.0,SSW,29,5,12,1,1,0,0,0,0,0
2024,6,140.0,군산,73.7,-68.5,49.7,29,6,4,2,1,,2.4,8.1,WNW,14,6,7,1,,0,,,,
2024,6,143.0,대구,98.3,-30.9,24.4,30,8,7,4,0,,1.9,6.8,WNW,18,5,10,3,0,0,0,0,0,0
2024,6,146.0,전주,101.9,-57.1,37.1,30,6,6,3,2,,1.6,7.0,SW,30,7,10,2,0,0,1,0,0,0
2024,6,152.0,울산,124.6,-30.9,35.9,29,7,6,5,2,,1.5,7.4,E,3,3,11,2,3,0,1,0,0,0
2024,6,155.0,창원,177.7,-13.0,75.0,29,7,4,4,3,,1.6,6.5,ESE,3,4,13,4,2,0,1,0,0,0
2024,6,156.0,광주,149.1,-3.5,61.2,30,5,4,3,3,,1.3,5.3,SSW,30,4,10,3,0,0,0,0,0,0
2024,6,159.0,부산,173.7,-14.7,68.9,29,10,8,4,3,,3.0,15.8,SW,29,3,14,4,1,2,1,0,0,0
2024,6,162.0,통영,208.2,12.4,62.3,22,9,7,4,3,,2.1,12.2,SE,30,3,13,5,,0,,,,
2024,6,165.0,목포,143.3,-6.9,52.9,29,9,5,3,3,,3.0,10.8,SSW,30,2,13,5,3,0,1,0,0,0
2024,6,168.0,여수,180.1,-14.2,54.5,8,9,5,4,4,,3.2,14.1,SSW,29,4,13,6,2,1,0,0,0,0
2024,6,169.0,흑산도,119.6,-37.9,54.0,29,6,5,4,2,,3.8,18.2,SSE,29,3,16,3,8,2,0,0,0,0
2024,6,170.0,완도,224.3,17.1,64.7,30,9,7,5,3,,2.4,11.3,SE,20,2,15,6,,0,,,,
2024,6,172.0,고창,100.4,11.4,36.8,29,7,5,3,2,,2.4,9.1,SW,30,6,10,3,,0,,,,
2024,6,174.0,순천,245.6,,105.0,30,7,6,4,3,,1.5,5.8,WNW,16,4,16,5,,0,,,,
2024,6,177.0,홍성,120.2,,56.8,29,5,5,2,2,,1.7,6.4,WSW,30,7,6,1,0,0,1,0,0,0
2024,6,181.0,서청주,89.3,,39.9,29,6,6,2,2,,1.6,7.1,SW,30,10,4,1,,0,,,,
2024,6,184.0,제주,271.8,100.6,92.9,20,11,8,5,3,,2.8,12.0,SW,30,2,17,7,2,0,2,0,0,0
2024,6,185.0,고산,375.3,217.2,127.0,20,13,12,6,4,,4.3,14.0,SW,30,2,17,7,,1,,,,
2024,6,188.0,성산,468.4,236.5,139.0,20,11,9,7,6,,2.5,10.2,SE,20,3,18,8,,0,,,,
2024,6,189.0,서귀포,615.6,348.0,223.0,20,14,10,7,6,,1.5,7.7,SW,30,2,17,8,6,0,3,0,0,0
2024,6,192.0,진주,204.1,29.8,84.0,29,7,5,4,4,,0.9,3.9,SSW,4,4,12,5,,0,,,,
2024,6,201.0,강화,68.3,-41.7,28.4,29,7,5,3,0,,2.0,7.1,WSW,30,13,2,1,,0,,,,
2024,6,202.0,양평,134.6,0.4,35.3,29,9,7,5,2,,1.3,5.7,WSW,30,9,4,1,,0,,,,
2024,6,203.0,이천,175.0,46.8,91.0,22,7,6,3,2,,1.1,4.8,S,29,9,3,1,,0,,,,
2024,6,211.0,인제,159.0,42.2,75.3,30,8,7,6,1,,1.2,5.7,SSW,30,10,5,2,,0,,,,
2024,6,212.0,홍천,135.9,11.0,33.1,30,9,9,6,2,,1.1,4.6,NE,3,9,4,1,,0,,,,
2024,6,216.0,태백,113.1,-27.3,47.5,22,8,7,4,1,,1.2,5.9,NNE,3,7,6,2,,0,,,,
2024,6,217.0,정선군,163.5,56.1,60.6,22,11,10,6,1,,1.3,5.3,N,1,9,7,0,,0,,,,
2024,6,221.0,제천,171.7,24.2,77.1,22,8,7,4,2,,1.1,5.6,WSW,30,7,5,1,,0,,,,
2024,6,226.0,보은,70.1,-86.3,37.4,29,7,6,3,1,,1.1,5.0,ESE,29,9,7,1,,0,,,,
2024,6,232.0,천안,106.4,-20.6,52.1,29,6,5,2,2,,1.2,5.4,SSE,29,10,4,1,,0,,,,
2024,6,235.0,보령,89.0,-45.0,50.0,22,6,5,2,2,,1.6,11.4,SSW,30,7,5,1,,0,,,,
2024,6,236.0,부여,91.2,-65.9,65.1,29,6,4,2,1,,1.2,6.2,SSW,30,9,5,1,,0,,,,
2024,6,238.0,금산,119.7,-42.1,48.5,29,5,4,3,2,,1.1,4.9,SSE,29,7,8,1,,0,,,,
2024,6,239.0,세종,104.3,,55.0,29,6,6,2,2,,1.3,5.6,NW,15,9,5,1,,0,,,,
2024,6,243.0,부안,77.7,-54.1,32.1,30,6,5,3,2,,1.6,6.2,SSW,30,8,9,1,,0,,,,
2024,6,244.0,임실,100.4,-42.0,36.3,30,7,5,3,2,,1.1,4.9,W,24,5,11,3,,0,,,,
2024,6,245.0,정읍,76.3,-59.8,27.2,29,5,5,3,0,,2.0,9.3,SW,30,7,11,2,,0,,,,
2024,6,247.0,남원,191.0,33.7,72.9,30,6,4,4,3,,1.6,5.3,E,5,4,11,3,,0,,,,
2024,6,248.0,장수,183.3,18.4,69.5,30,8,6,4,3,,1.2,5.3,ENE,3,5,11,4,,0,,,,
2024,6,251.0,고창군,82.6,,33.8,22,4,4,3,2,,1.4,7.0,E,29,6,12,4,,0,,,,
2024,6,252.0,영광군,88.3,-16.4,34.6,29,6,5,3,2,,1.5,6.3,SSW,30,5,11,4,,0,,,,
2024,6,253.0,김해시,178.5,37.7,67.5,29,8,5,5,3,,1.5,6.1,SSE,29,5,11,4,,0,,,,
2024,6,254.0,순창군,158.7,36.4,57.5,30,6,4,3,3,,1.6,7.2,W,30,5,10,4,,0,,,,
2024,6,255.0,북창원,159.1,,60.9,29,8,5,5,2,,1.0,4.7,NW,16,7,12,5,,0,,,,
2024,6,257.0,양산시,160.6,12.9,69.9,29,6,5,4,3,,1.9,7.4,SW,29,5,11,4,,0,,,,
2024,6,258.0,보성군,243.0,,91.1,29,8,6,4,3,,2.4,7.5,SSW,4,4,15,6,,0,,,,
2024,6,259.0,강진군,228.2,71.6,90.9,30,7,6,4,3,,1.5,5.9,ESE,29,4,15,6,,0,,,,
2024,6,260.0,장흥,222.9,35.9,98.8,30,6,5,4,3,,1.5,7.1,SE,29,4,16,5,,0,,,,
2024,6,261.0,해남,185.8,24.9,70.4,30,7,6,3,3,,1.9,8.9,S,22,4,13,5,,0,,,,
2024,6,262.0,고흥,175.3,-11.6,52.2,30,7,6,4,4,,1.5,6.2,WNW,16,3,14,6,,0,,,,
2024,6,263.0,의령군,225.5,104.0,72.2,29,6,5,5,4,,1.5,6.9,SW,22,4,13,4,,0,,,,
2024,6,264.0,함양군,161.3,47.3,66.7,30,7,5,3,3,,1.4,7.0,WSW,30,6,12,4,,0,,,,
2024,6,266.0,광양시,263.2,,107.1,29,6,5,4,4,,1.5,5.2,ENE,20,3,13,6,,0,,,,
2024,6,268.0,진도군,240.2,86.3,106.1,29,8,6,3,3,,1.9,7.2,SW,22,4,14,5,,0,,,,
2024,6,271.0,봉화,124.3,-18.9,39.5,29,7,7,4,2,,1.1,6.1,NW,25,9,7,2,,0,,,,
2024,6,272.0,영주,130.3,-28.2,49.5,29,8,7,4,1,,1.8,8.8,NW,24,7,6,2,,0,,,,
2024,6,273.0,문경,116.1,-38.7,65.5,29,6,6,3,1,,1.4,6.0,NW,2,8,6,2,,0,,,,
2024,6,276.0,청송군,67.3,-26.4,19.1,30,9,6,4,0,,1.5,6.0,WNW,25,7,8,1,,0,,,,
2024,6,277.0,영덕,71.9,-41.5,22.7,22,8,7,3,0,,2.1,7.4,NE,3,8,8,2,,0,,,,
2024,6,278.0,의성,66.6,-49.2,17.4,22,8,8,4,0,,1.0,4.8,WNW,25,7,9,2,,0,,,,
2024,6,279.0,구미,63.5,-56.8,24.3,22,6,5,2,0,,0.9,3.5,ESE,29,8,8,3,,0,,,,
2024,6,281.0,영천,99.0,-27.0,32.6,30,10,7,4,1,,1.4,5.8,W,25,6,11,1,,0,,,,
2024,6,283.0,경주시,73.8,-26.8,36.6,29,9,4,3,1,,2.1,8.1,WNW,16,5,12,2,,0,,,,
2024,6,284.0,거창,146.2,-3.2,43.6,30,9,7,4,3,,1.2,5.7,N,2,6,11,3,,0,,,,
2024,6,285.0,합천,153.8,7.1,68.9,30,7,5,4,2,,0.8,4.1,WNW,25,4,11,4,,0,,,,
2024,6,288.0,밀양,139.1,-16.8,47.4,29,6,5,4,2,,0.9,4.7,SE,18,6,12,2,,0,,,,
2024,6,289.0,산청,154.4,-18.0,59.4,30,8,7,4,2,,1.4,5.4,W,25,4,13,5,,0,,,,
2024,6,294.0,거제,288.2,51.1,92.0,22,9,7,4,4,,1.4,5.9,NW,30,4,13,5,,0,,,,
2024,6,295.0,남해,206.6,-37.2,56.4,29,8,5,4,4,,1.4,5.0,WSW,30,3,13,6,,0,,,,
2024,6,296.0,북부산,177.0,,55.5,29,7,5,5,3,,1.9,8.0,S,29,4,12,4,,0,,,,
2024,7,90.0,속초,109.3,-156.3,44.5,2,18,11,2,2,,2.4,11.6,W,21,2,14,5,,0,,,,
2024,7,93.0,북춘천,411.1,,98.4,17,21,20,11,3,,1.4,6.5,WSW,25,0,22,2,1,0,9,0,0,0
2024,7,95.0,철원,759.5,359.5,194.9,17,22,21,10,6,,1.7,6.3,SSW,5,2,18,4,,0,,,,
2024,7,98.0,동두천,-,-,114.9,22,-,-,-,-,,1.5,8.4,SSW,5,1,13,8,,0,,,,
2024,7,99.0,파주,871.0,475.8,385.7,17,23,18,9,4,,1.5,6.6,W,21,2,14,7,,0,,,,
2024,7,100.0,대관령,211.6,-124.7,47.5,2,23,16,6,2,,3.9,13.7,W,21,1,16,5,,0,,,,
2024,7,101.0,춘천,439.9,41.7,83.6,18,21,19,12,5,,1.3,7.0,SSW,21,1,20,5,,0,,,,
2024,7,102.0,백령도,178.3,-22.7,46.7,4,17,10,7,1,,4.1,12.8,SSE,2,0,22,4,20,0,3,0,0,0
2024,7,104.0,북강릉,116.6,,45.5,2,17,13,3,1,,1.3,7.2,WSW,21,3,19,6,1,0,2,0,0,0
2024,7,105.0,강릉,115.7,-134.5,43.8,2,17,14,3,1,,2.4,9.0,SW,21,2,16,6,,0,,,,
2024,7,106.0,동해,135.3,-95.5,49.6,2,16,14,3,1,,1.9,11.4,WSW,5,2,15,5,,0,,,,
2024,7,108.0,서울,557.3,142.9,128.8,18,22,18,11,5,,2.5,8.3,SW,21,1,22,6,0,0,6,0,0,0
2024,7,112.0,인천,342.9,5.2,124.9,18,21,15,6,4,,3.0,12.3,WSW,21,0,21,6,8,0,7,0,0,0
2024,7,114.0,원주,490.7,132.9,98.4,18,21,20,10,6,,1.2,5.6,NNE,24,1,18,4,,0,,,,
2024,7,115.0,울릉도,208.2,33.2,37.3,18,12,11,6,4,,5.2,15.4,SW,5,2,12,5,13,1,4,0,0,0
2024,7,119.0,수원,403.3,18.2,151.9,18,20,17,9,4,,2.3,8.0,SSW,20,0,20,5,0,0,6,0,0,0
2024,7,121.0,영월,495.3,200.5,82.6,24,20,16,14,7,,0.9,8.4,SE,10,3,19,6,,0,,,,
2024,7,127.0,충주,503.2,209.9,85.8,10,17,16,11,5,,1.4,8.2,ESE,10,2,15,7,,0,,,,
2024,7,129.0,서산,556.1,281.5,153.0,18,17,16,9,6,,2.8,11.3,SSW,21,1,14,6,,0,,,,
2024,7,130.0,울진,225.2,22.2,57.4,10,14,10,5,3,,2.1,8.4,WNW,5,3,15,6,,0,,,,
2024,7,131.0,청주,520.6,226.8,116.1,8,19,15,9,6,,1.6,8.7,NE,10,0,17,6,0,0,8,0,0,0
2024,7,133.0,대전,485.1,178.2,137.5,8,22,18,9,6,,1.9,7.2,SE,10,0,17,6,0,0,10,0,0,0
2024,7,135.0,추풍령,443.6,182.9,118.4,10,20,15,10,4,,1.9,8.1,W,18,5,14,6,,0,,,,
2024,7,136.0,안동,386.1,150.9,211.2,8,18,12,6,4,,1.4,5.5,W,8,2,14,3,3,0,4,0,0,0
2024,7,137.0,상주,534.6,255.3,196.1,8,18,14,9,5,,1.0,4.6,WSW,5,5,13,4,,0,,,,
2024,7,138.0,포항,270.6,70.0,123.4,9,11,9,6,2,,2.7,6.4,W,30,5,16,6,4,0,3,0,0,0
2024,7,140.0,군산,606.5,329.2,209.5,10,19,12,9,7,,2.6,9.2,NW,16,3,14,7,,0,,,,
2024,7,143.0,대구,372.2,148.3,191.3,9,17,14,6,2,,2.0,7.3,W,7,3,14,6,1,0,5,0,0,0
2024,7,146.0,전주,398.3,95.5,84.5,9,17,17,10,6,,1.8,8.0,SW,18,0,16,5,1,0,9,0,0,0
2024,7,152.0,울산,209.2,-24.9,61.3,9,9,8,4,3,,2.3,9.3,SSW,6,5,14,4,1,0,4,0,0,0
2024,7,155.0,창원,227.0,-77.5,54.4,2,16,13,6,4,,2.0,9.1,SSE,10,3,16,5,1,0,4,0,0,0
2024,7,156.0,광주,250.4,-43.8,49.7,16,19,17,6,2,,1.9,6.8,SW,10,0,18,5,1,0,7,0,0,0
2024,7,159.0,부산,362.4,35.6,176.3,24,16,11,5,5,,4.4,14.9,SW,10,4,14,7,7,1,5,0,0,0
2024,7,162.0,통영,458.0,168.9,230.5,14,19,11,7,3,,3.0,11.9,ESE,10,5,15,8,,0,,,,
2024,7,165.0,목포,197.8,-22.9,46.0,21,18,14,5,3,,3.8,12.8,SSW,10,2,18,4,2,0,8,0,0,0
2024,7,168.0,여수,375.5,98.7,123.5,16,18,15,8,4,,3.7,12.6,SW,10,2,17,5,8,0,6,0,0,0
2024,7,169.0,흑산도,258.3,50.2,99.4,16,16,14,6,2,,6.9,16.7,SSE,27,1,23,9,25,7,7,0,0,0
2024,7,170.0,완도,343.5,86.3,114.9,16,14,13,7,4,,3.2,11.5,S,10,5,16,2,,0,,,,
2024,7,172.0,고창,291.4,6.8,56.6,9,18,15,8,3,,3.3,9.3,SSW,10,4,16,3,,0,,,,
2024,7,174.0,순천,290.3,,111.9,16,18,16,9,1,,1.5,5.2,ESE,26,4,14,5,,0,,,,
2024,7,177.0,홍성,555.5,,105.4,8,19,15,11,7,,1.9,8.5,ENE,10,0,17,6,0,0,9,0,0,0
2024,7,184.0,제주,156.0,-54.2,61.7,10,10,9,3,3,,3.5,12.5,SW,2,5,14,3,1,0,4,0,0,0
2024,7,185.0,고산,66.7,-101.0,24.1,19,13,10,2,0,,6.0,16.0,WNW,19,5,14,10,,2,,,,
2024,7,188.0,성산,274.6,3.3,68.5,26,16,14,5,3,,3.8,10.8,SSW,2,6,15,4,,0,,,,
2024,7,189.0,서귀포,193.7,-82.1,44.1,26,15,12,6,3,,1.9,6.0,SSW,26,3,26,10,4,0,3,0,0,0
2024,7,192.0,진주,228.3,-83.9,88.7,16,19,12,6,2,,1.1,6.0,SW,21,5,13,5,,0,,,,
2024,7,201.0,강화,610.3,254.7,196.5,18,20,15,6,4,,2.5,10.9,WSW,21,0,14,7,,0,,,,
2024,7,202.0,양평,464.6,55.6,108.0,18,21,21,11,4,,1.3,7.9,WSW,5,1,16,6,,0,,,,
2024,7,203.0,이천,550.4,186.1,180.9,18,21,19,11,6,,1.2,6.5,S,23,1,15,9,,0,,,,
2024,7,211.0,인제,321.6,-10.8,72.4,18,22,19,10,4,,1.8,8.1,SSW,23,2,16,8,,0,,,,
2024,7,212.0,홍천,423.2,27.5,86.4,18,19,19,12,4,,1.0,6.1,SSW,23,1,16,3,,0,,,,
2024,7,216.0,태백,303.6,29.4,67.9,8,18,16,8,4,,1.8,7.0,SSW,21,2,16,7,,0,,,,
2024,7,217.0,정선군,341.0,8.3,68.3,10,16,16,8,4,,1.3,7.1,SSE,18,1,18,2,,0,,,,
2024,7,221.0,제천,467.8,111.8,81.6,18,19,17,12,5,,1.2,6.5,SW,21,2,17,5,,0,,,,
2024,7,226.0,보은,513.8,207.8,154.8,8,18,17,9,6,,1.3,5.9,WSW,5,0,15,6,,0,,,,
2024,7,232.0,천안,509.9,225.8,108.7,7,20,14,9,7,,1.3,8.6,ESE,10,0,12,6,,0,,,,
2024,7,235.0,보령,557.3,309.2,89.5,10,16,14,9,8,,3.4,13.4,SSW,18,1,17,7,,0,,,,
2024,7,236.0,부여,470.8,175.1,135.6,10,20,18,9,4,,1.1,7.9,ESE,10,4,15,6,,0,,,,
2024,7,238.0,금산,501.5,203.7,192.8,10,17,15,10,4,,1.3,6.9,SW,18,3,15,5,,0,,,,
2024,7,239.0,세종,542.1,,131.6,8,19,17,11,6,,1.5,5.5,E,10,3,15,7,,0,,,,
2024,7,243.0,부안,325.5,50.0,110.2,9,20,13,9,3,,2.1,10.3,SSW,10,5,16,3,,0,,,,
2024,7,244.0,임실,369.7,57.7,141.3,9,20,19,12,3,,1.5,6.3,SSW,10,3,15,3,,0,,,,
2024,7,245.0,정읍,307.4,23.4,101.9,9,18,18,7,2,,3.0,12.7,S,10,3,16,2,,0,,,,
2024,7,247.0,남원,312.8,9.6,53.7,11,18,17,11,3,,1.9,6.7,S,10,2,16,3,,0,,,,
2024,7,248.0,장수,470.2,130.5,180.3,9,22,17,12,4,,1.6,6.6,SSE,10,1,16,2,,0,,,,
2024,7,251.0,고창군,287.2,,55.6,9,19,16,9,3,,2.0,8.3,ESE,10,4,15,6,,0,,,,
2024,7,252.0,영광군,206.0,-53.9,45.1,19,18,13,7,1,,2.4,8.0,SSW,10,5,14,7,,0,,,,
2024,7,253.0,김해시,210.6,-80.5,53.1,2,20,12,7,3,,1.8,6.3,WSW,10,6,13,5,,0,,,,
2024,7,254.0,순창군,318.9,-47.7,48.5,20,21,19,12,3,,1.8,8.2,W,10,4,16,6,,0,,,,
2024,7,255.0,북창원,211.0,,59.2,2,17,13,6,3,,1.2,5.2,S,10,5,13,3,,0,,,,
2024,7,257.0,양산시,211.3,-102.0,73.4,2,15,10,6,3,,2.5,7.0,SW,10,6,14,5,,0,,,,
2024,7,258.0,보성군,383.3,,157.3,16,15,13,8,3,,2.2,8.2,SW,10,4,17,2,,0,,,,
2024,7,259.0,강진군,243.5,9.8,56.9,16,18,14,7,3,,1.5,5.7,WNW,21,5,14,6,,0,,,,
2024,7,260.0,장흥,-,-,76.3,21,-,-,-,-,,1.6,6.1,SSE,25,5,18,3,,0,,,,
2024,7,261.0,해남,269.8,43.2,96.7,16,18,14,8,2,,2.7,9.2,SSE,10,4,13,6,,0,,,,
2024,7,262.0,고흥,264.8,-0.1,86.3,16,17,13,8,3,,1.9,6.8,SW,6,6,14,3,,0,,,,
2024,7,263.0,의령군,176.7,-90.5,35.5,10,19,16,5,2,,2.0,7.8,SW,6,4,14,6,,0,,,,
2024,7,264.0,함양군,233.2,-51.9,48.9,9,17,17,9,2,,1.3,5.5,SW,18,4,16,3,,0,,,,
2024,7,266.0,광양시,403.4,,188.9,16,18,11,9,3,,1.7,5.5,WSW,10,5,15,4,,0,,,,
2024,7,268.0,진도군,273.9,41.3,117.4,16,16,12,6,2,,2.8,7.7,SSW,10,4,16,5,,0,,,,
2024,7,271.0,봉화,437.7,160.0,94.3,7,17,15,10,4,,1.1,5.6,WNW,18,2,17,5,,0,,,,
2024,7,272.0,영주,-,-,63.4,10,-,-,-,-,,1.6,8.6,NW,8,4,3,5,,0,,,,
2024,7,273.0,문경,435.5,126.0,107.1,8,18,14,11,5,,1.1,5.8,WNW,8,4,16,7,,0,,,,
2024,7,276.0,청송군,223.8,27.2,75.2,8,15,12,6,2,,1.5,7.2,WNW,8,4,15,2,,0,,,,
2024,7,277.0,영덕,-,-,44.1,10,-,-,-,-,,2.2,10.5,W,5,4,14,5,,0,,,,
2024,7,278.0,의성,290.5,69.1,71.8,8,16,12,8,4,,1.1,5.4,WNW,8,3,13,3,,0,,,,
2024,7,279.0,구미,299.4,65.5,133.0,10,17,12,7,3,,0.8,3.2,WNW,5,4,13,9,,0,,,,
2024,7,281.0,영천,366.3,136.5,158.8,9,16,11,6,3,,1.6,6.0,W,20,5,13,9,,0,,,,
2024,7,283.0,경주시,223.9,33.8,110.3,9,10,8,4,2,,2.5,10.9,W,20,5,14,6,,0,,,,
2024,7,284.0,거창,321.8,35.6,143.2,9,16,15,10,2,,1.3,5.8,SSW,18,4,15,3,,0,,,,
2024,7,285.0,합천,262.3,-27.2,115.7,9,19,15,7,2,,1.0,5.1,SSW,6,4,15,4,,0,,,,
2024,7,288.0,밀양,182.0,-77.3,60.6,9,15,9,5,3,,1.3,5.4,WNW,20,4,14,3,,0,,,,
2024,7,289.0,산청,317.9,-10.6,59.3,20,18,16,13,3,,1.5,7.3,WNW,29,4,14,1,,0,,,,
2024,7,294.0,거제,383.0,15.4,147.6,14,21,18,7,5,,1.7,6.0,ESE,4,5,14,10,,0,,,,
2024,7,295.0,남해,473.6,119.7,207.1,16,17,16,8,4,,1.7,5.1,WSW,7,5,16,5,,0,,,,
2024,8,90.0,속초,46.4,-251.6,23.8,20,8,5,2,0,,2.1,7.6,WSW,23,8,2,1,,0,,,,
2024,8,93.0,북춘천,92.7,,51.1,21,6,4,2,2,,1.1,6.3,SE,5,6,3,0,0,0,4,0,0,0
2024,8,95.0,철원,232.9,-114.5,90.5,6,10,7,5,2,,1.2,5.0,SE,6,7,4,0,,0,,,,
2024,8,98.0,동두천,146.5,-201.0,107.2,21,11,7,2,1,,0.9,4.6,SW,22,6,3,1,,0,,,,
2024,8,99.0,파주,92.1,-190.8,75.9,21,10,4,1,1,,1.1,5.7,SSW,22,9,2,0,,0,,,,
2024,8,100.0,대관령,95.2,-273.2,38.0,29,11,7,3,1,,2.1,8.8,W,22,3,6,1,,0,,,,
2024,8,101.0,춘천,76.4,-243.5,49.2,21,7,4,3,1,,0.9,7.7,S,5,8,3,0,,0,,,,
2024,8,102.0,백령도,130.8,-27.7,57.9,22,8,7,4,2,,2.6,11.3,WSW,5,7,9,0,6,0,8,0,0,0
2024,8,104.0,북강릉,77.4,,40.7,29,10,8,2,1,,1.0,4.7,WSW,22,8,6,1,0,0,1,0,0,0
2024,8,105.0,강릉,87.2,-205.7,40.4,29,10,7,3,1,,1.9,6.8,WSW,2,7,5,2,,0,,,,
2024,8,106.0,동해,72.7,-154.5,24.0,29,9,7,3,0,,1.9,7.5,NNE,31,7,4,3,,0,,,,
2024,8,108.0,서울,72.8,-275.4,42.2,21,11,8,2,1,,2.1,8.2,NW,15,4,4,1,0,0,10,0,0,0
2024,8,112.0,인천,86.7,-187.9,66.3,21,10,5,1,1,,2.2,9.7,SSE,21,8,2,0,0,0,5,0,0,0
2024,8,114.0,원주,106.5,-183.3,67.5,5,11,7,2,1,,1.0,4.9,NNE,29,6,5,0,,0,,,,
2024,8,115.0,울릉도,33.7,-143.0,12.7,26,7,6,2,0,,3.2,13.3,NE,27,8,4,1,0,0,0,0,0,0
2024,8,119.0,수원,127.6,-168.7,50.4,21,11,10,3,2,,1.7,6.2,S,22,5,3,0,0,0,6,0,0,0
2024,8,121.0,영월,58.6,-221.8,35.6,27,10,4,2,1,,1.0,5.9,E,5,7,4,0,,0,,,,
2024,8,127.0,충주,71.4,-201.6,23.4,5,11,8,2,0,,1.2,6.3,WSW,5,9,4,0,,0,,,,
2024,8,129.0,서산,197.6,-85.9,123.0,21,10,8,5,1,,1.7,9.3,S,21,7,2,0,,0,,,,
2024,8,130.0,울진,54.0,-159.0,19.1,29,8,5,3,0,,1.7,5.9,W,30,10,4,1,,0,,,,
2024,8,131.0,청주,113.1,-161.1,59.4,5,8,7,4,1,,1.5,6.2,E,29,4,4,0,0,0,5,0,0,0
2024,8,133.0,대전,87.3,-212.5,34.3,5,12,7,3,1,,1.7,7.3,SSW,22,6,4,1,0,0,7,0,0,0
2024,8,135.0,추풍령,20.6,-243.3,5.9,26,6,6,0,0,,1.8,7.9,SE,20,9,5,1,,0,,,,
2024,8,136.0,안동,58.6,-167.8,45.7,27,7,5,1,1,,1.4,5.7,SE,27,5,3,0,1,0,4,0,0,0
2024,8,137.0,상주,61.7,-192.2,23.6,21,6,6,3,0,,0.8,4.3,SW,20,5,4,1,,0,,,,
2024,8,138.0,포항,18.9,-211.3,8.0,20,8,4,0,0,,2.6,8.3,ENE,29,8,6,0,2,0,1,0,0,0
2024,8,140.0,군산,19.0,-247.5,5.8,21,8,5,0,0,,2.0,7.5,SSE,20,10,4,1,,0,,,,
2024,8,143.0,대구,118.3,-127.0,58.0,8,8,7,4,1,,2.3,8.3,WSW,5,7,4,0,0,0,6,0,0,0
2024,8,146.0,전주,129.1,-160.5,31.9,17,11,8,5,1,,1.4,6.1,WSW,16,7,3,0,0,0,5,0,0,0
2024,8,152.0,울산,89.1,-145.0,51.4,20,9,8,2,1,,2.1,8.2,NE,30,10,5,0,1,0,4,0,0,0
2024,8,155.0,창원,133.4,-150.4,41.8,21,7,7,5,1,,1.8,7.9,NNE,29,8,4,0,1,0,7,0,0,0
2024,8,156.0,광주,132.1,-194.3,29.8,16,12,11,5,0,,1.3,5.9,SW,10,6,2,0,0,0,7,0,0,0
2024,8,159.0,부산,86.5,-180.0,49.5,20,9,7,2,1,,3.2,11.0,SW,22,9,5,0,0,0,4,0,0,0
2024,8,162.0,통영,44.3,-199.6,24.4,21,4,2,2,0,,2.4,9.2,WNW,29,8,3,0,,0,,,,
2024,8,165.0,목포,186.7,-22.3,59.6,27,10,10,4,2,,2.6,9.2,ESE,15,9,1,0,2,0,7,0,0,0
2024,8,168.0,여수,35.3,-229.5,18.9,20,3,3,2,0,,3.2,12.9,NE,29,12,2,0,0,0,2,0,0,0
2024,8,169.0,흑산도,17.5,-193.7,9.2,20,5,4,0,0,,3.9,14.9,SSE,22,8,3,0,4,1,2,0,0,0
2024,8,170.0,완도,21.8,-217.0,16.0,20,4,2,1,0,,2.1,9.8,SSE,20,11,3,0,,0,,,,
2024,8,172.0,고창,-,-,12.1,5,-,-,-,-,,2.3,10.2,E,5,10,2,0,,0,,,,
2024,8,174.0,순천,105.0,,29.0,20,10,8,5,0,,1.2,5.4,ESE,20,11,3,0,,0,,,,
2024,8,177.0,홍성,109.5,,70.8,21,10,8,3,1,,1.4,6.3,NE,29,6,4,0,3,0,7,0,0,0
2024,8,181.0,서청주,104.7,,24.5,21,10,8,5,0,,1.5,11.0,NNW,24,7,5,0,,0,,,,
2024,8,184.0,제주,47.0,-225.3,31.9,15,6,5,1,1,,2.9,9.2,NE,28,10,2,0,0,0,6,0,0,0
2024,8,185.0,고산,61.7,-140.2,15.4,10,11,8,2,0,,4.2,13.8,SSE,20,9,1,0,,0,,,,
2024,8,188.0,성산,79.7,-263.5,17.2,18,13,13,2,0,,2.7,10.1,SSW,20,9,2,0,,0,,,,
2024,8,189.0,서귀포,124.5,-191.2,28.2,16,12,10,5,0,,2.0,7.5,SSW,20,9,4,0,0,0,9,0,0,0
2024,8,192.0,진주,126.5,-170.3,38.8,21,6,5,4,2,,0.9,4.5,NNE,29,8,2,0,,0,,,,
2024,8,201.0,강화,172.4,-128.0,128.3,21,12,7,3,1,,1.7,8.9,SW,21,8,3,0,,0,,,,
2024,8,202.0,양평,100.0,-230.9,38.6,5,10,7,3,2,,1.2,5.2,WNW,7,8,4,1,,0,,,,
2024,8,203.0,이천,139.4,-148.6,50.9,5,10,9,5,2,,0.8,5.6,S,22,6,5,4,,0,,,,
2024,8,211.0,인제,61.1,-226.5,28.4,21,8,4,2,0,,1.3,4.9,SSW,22,8,3,1,,0,,,,
2024,8,212.0,홍천,106.9,-205.6,41.6,21,6,4,4,1,,1.0,5.3,SE,5,8,4,0,,0,,,,
2024,8,216.0,태백,144.1,-134.6,62.8,29,13,11,5,1,,1.4,5.2,NNE,31,2,7,2,,0,,,,
2024,8,217.0,정선군,75.7,-127.0,33.2,27,11,7,2,1,,1.3,5.3,S,9,5,4,0,,0,,,,
2024,8,221.0,제천,99.1,-201.8,43.4,17,10,7,3,1,,0.9,6.2,ESE,17,7,5,0,,0,,,,
2024,8,226.0,보은,47.6,-249.0,25.6,5,9,6,2,0,,1.1,5.3,SSE,22,5,4,0,,0,,,,
2024,8,232.0,천안,66.4,-233.3,22.1,21,8,6,2,0,,1.0,5.9,SE,20,5,3,0,,0,,,,
2024,8,235.0,보령,149.7,-120.6,40.9,21,10,8,5,2,,1.8,9.5,S,22,11,3,1,,0,,,,
2024,8,236.0,부여,40.8,-244.0,13.2,20,10,7,2,0,,0.6,3.4,SE,17,9,3,2,,0,,,,
2024,8,238.0,금산,56.7,-227.6,39.4,5,8,5,1,1,,1.0,8.4,SSE,5,6,3,1,,0,,,,
2024,8,239.0,세종,70.7,,27.8,13,10,8,2,0,,1.3,5.8,SE,13,5,4,1,,0,,,,
2024,8,243.0,부안,37.2,-223.1,15.4,22,7,4,2,0,,1.4,7.1,SSE,20,8,3,0,,0,,,,
2024,8,244.0,임실,107.9,-204.2,36.8,16,10,8,3,1,,1.1,5.0,N,29,5,3,0,,0,,,,
2024,8,245.0,정읍,126.9,-171.2,55.9,5,8,6,4,1,,1.6,8.1,SE,5,8,1,0,,0,,,,
2024,8,247.0,남원,146.9,-166.4,112.7,26,9,7,2,1,,1.7,9.0,ENE,28,7,3,0,,0,,,,
2024,8,248.0,장수,67.8,-268.7,21.5,15,11,9,2,0,,1.1,6.6,W,15,4,4,0,,0,,,,
2024,8,251.0,고창군,55.9,,21.3,16,7,6,2,0,,1.3,6.3,ESE,20,11,2,0,,0,,,,
2024,8,252.0,영광군,57.4,-229.3,25.1,13,10,6,2,0,,1.3,7.8,SSE,20,10,4,0,,0,,,,
2024,8,253.0,김해시,66.9,-121.1,19.8,21,8,5,3,0,,1.4,8.2,SE,21,7,4,0,,0,,,,
2024,8,254.0,순창군,117.5,-218.6,51.3,17,12,8,4,1,,1.4,8.8,W,16,8,3,0,,0,,,,
2024,8,255.0,북창원,85.5,,26.5,15,11,9,3,0,,1.3,7.0,NW,29,7,2,0,,0,,,,
2024,8,257.0,양산시,111.1,-103.5,29.2,6,9,7,5,0,,2.0,7.0,SW,22,8,5,0,,0,,,,
2024,8,258.0,보성군,34.2,,13.9,27,7,5,1,0,,2.1,7.5,E,27,10,2,0,,0,,,,
2024,8,259.0,강진군,65.5,-211.7,28.1,20,6,5,2,0,,1.4,6.7,W,17,9,1,0,,0,,,,
2024,8,260.0,장흥,58.3,-258.2,34.2,20,5,5,2,1,,1.2,6.6,SSE,20,9,1,0,,0,,,,
2024,8,261.0,해남,42.4,-206.0,21.5,20,8,6,1,0,,1.5,7.4,NNE,28,10,2,0,,0,,,,
2024,8,262.0,고흥,49.9,-215.0,26.1,22,4,3,2,0,,1.4,6.4,S,22,9,2,0,,0,,,,
2024,8,263.0,의령군,83.6,-170.8,33.4,21,9,7,3,1,,1.4,8.3,NW,3,8,2,0,,0,,,,
2024,8,264.0,함양군,79.1,-210.0,18.5,4,11,8,3,0,,1.0,5.6,SE,6,7,4,0,,0,,,,
2024,8,266.0,광양시,76.2,,21.3,20,10,9,3,0,,1.5,5.5,ENE,29,6,3,0,,0,,,,
2024,8,268.0,진도군,50.1,-185.2,27.0,15,7,3,2,0,,1.7,8.4,SSW,20,10,2,0,,0,,,,
2024,8,271.0,봉화,87.9,-158.9,36.7,6,13,11,2,1,,1.0,4.5,SE,28,7,3,0,,0,,,,
2024,8,272.0,영주,66.8,-216.9,18.7,21,7,6,3,0,,1.3,6.4,NW,23,5,4,1,,0,,,,
2024,8,273.0,문경,95.9,-178.8,39.8,5,7,6,4,1,,1.0,7.6,NW,5,6,4,1,,0,,,,
2024,8,276.0,청송군,19.1,-155.4,8.1,29,6,3,0,0,,1.5,5.4,W,23,7,3,0,,0,,,,
2024,8,277.0,영덕,28.9,-184.7,15.5,29,7,4,1,0,,2.3,9.7,NE,31,8,4,0,,0,,,,
2024,8,278.0,의성,69.6,-160.0,61.2,5,7,4,1,1,,1.0,5.6,ENE,29,9,4,0,,0,,,,
2024,8,279.0,구미,63.1,-193.0,37.0,26,9,4,1,1,,0.8,3.9,ENE,29,6,4,0,,0,,,,
2024,8,281.0,영천,58.4,-174.8,28.5,8,7,6,3,0,,1.5,6.0,E,29,10,2,0,,0,,,,
2024,8,283.0,경주시,113.9,-78.0,77.8,29,11,7,2,1,,2.0,7.9,NNE,29,8,5,1,,0,,,,
2024,8,284.0,거창,49.2,-236.1,24.8,21,8,6,2,0,,1.1,6.3,NNE,5,6,3,0,,0,,,,
2024,8,285.0,합천,44.8,-250.0,22.1,21,5,5,2,0,,0.9,4.5,ENE,29,8,5,0,,0,,,,
2024,8,288.0,밀양,59.0,-181.6,21.9,21,10,7,2,0,,1.0,5.3,NNE,29,5,2,0,,0,,,,
2024,8,289.0,산청,111.4,-250.9,48.8,21,5,4,2,2,,1.1,6.5,WNW,5,5,4,0,,0,,,,
2024,8,294.0,거제,109.5,-220.9,65.9,20,8,7,2,1,,1.4,5.5,ESE,20,7,3,1,,0,,,,
2024,8,295.0,남해,68.3,-251.4,40.3,21,3,3,3,1,,1.4,4.8,N,28,8,3,0,,0,,,,
2024,8,296.0,북부산,73.5,,38.0,20,8,8,2,1,,2.3,8.7,NE,29,8,5,0,0,0,6,0,0,0
2024,9,90.0,속초,457.9,257.3,128.2,20,17,13,8,5,,2.2,9.4,NNE,20,,,10,,0,,,,
2024,9,93.0,북춘천,184.9,,48.8,21,11,9,7,3,,1.0,6.7,NE,20,4,12,3,1,0,3,0,0,0
2024,9,95.0,철원,179.2,58.0,81.0,20,10,8,3,2,,1.5,6.7,NNE,21,4,11,2,,0,,,,
2024,9,98.0,동두천,178.0,40.1,85.1,20,11,6,5,1,,0.8,4.4,ENE,20,3,10,5,,0,,,,
2024,9,99.0,파주,114.2,-20.3,69.2,20,11,8,3,1,,1.3,6.2,ENE,20,4,10,4,,0,,,,
2024,9,100.0,대관령,249.0,-0.6,92.2,21,18,15,6,2,,1.8,7.8,W,5,3,14,4,,0,,,,
2024,9,101.0,춘천,207.4,79.3,76.3,21,12,10,6,2,,1.4,7.9,NE,20,3,12,5,,0,,,,
2024,9,102.0,백령도,77.5,-13.1,41.3,13,9,6,2,1,,2.7,8.7,NNW,22,10,10,1,1,0,1,0,0,0
2024,9,104.0,북강릉,546.3,,178.7,21,18,16,9,5,,0.9,4.7,W,5,3,14,6,0,0,2,0,0,0
2024,9,105.0,강릉,479.5,250.2,137.4,21,17,14,8,6,,1.7,7.8,NW,20,2,12,7,,0,,,,
2024,9,106.0,동해,413.4,193.6,109.3,21,16,12,7,5,,2.3,10.5,NNW,20,4,13,5,,0,,,,
2024,9,108.0,서울,143.9,2.4,54.5,20,11,8,3,2,,2.3,7.1,NE,20,5,8,4,0,0,2,0,0,0
2024,9,112.0,인천,122.9,-7.4,56.9,20,10,8,5,1,,2.3,8.1,ENE,21,7,8,3,0,0,1,0,0,0
2024,9,114.0,원주,219.3,72.3,75.1,12,11,7,5,3,,0.9,4.1,N,21,6,12,3,,0,,,,
2024,9,115.0,울릉도,543.4,369.8,208.8,12,14,10,8,3,,3.6,12.4,NE,20,4,11,6,8,0,1,0,0,0
2024,9,119.0,수원,219.4,85.9,94.8,20,10,8,3,3,,1.8,5.5,WSW,5,5,10,2,0,0,2,0,0,0
2024,9,121.0,영월,177.4,38.0,66.5,21,8,6,4,3,,1.0,6.1,ENE,20,3,12,3,,0,,,,
2024,9,127.0,충주,211.4,71.2,105.2,21,9,6,4,3,,1.2,6.8,E,20,4,9,4,,0,,,,
2024,9,129.0,서산,354.2,209.8,221.8,20,9,8,4,3,,1.6,6.1,ENE,21,8,7,4,,0,,,,
2024,9,130.0,울진,241.5,60.3,75.3,21,14,11,9,1,,1.8,5.8,WNW,28,4,14,6,,0,,,,
2024,9,131.0,청주,328.0,185.7,153.0,21,8,7,4,4,,1.5,5.6,E,15,4,7,3,0,0,4,0,0,0
2024,9,133.0,대전,204.6,52.1,131.2,21,6,5,3,2,,1.7,7.2,S,18,5,5,4,0,0,4,0,0,0
2024,9,135.0,추풍령,221.3,85.7,132.0,21,7,6,3,2,,1.7,8.4,NW,18,2,10,5,,0,,,,
2024,9,136.0,안동,154.1,34.3,81.6,21,6,5,3,2,,1.3,6.3,ESE,15,5,9,5,2,0,2,0,0,0
2024,9,137.0,상주,261.9,123.4,157.5,21,7,5,3,2,,0.6,3.3,WSW,5,2,11,5,,0,,,,
2024,9,138.0,포항,151.0,-38.3,89.9,21,13,9,3,1,,2.7,8.6,NE,15,3,11,4,0,0,2,0,0,0
2024,9,140.0,군산,188.6,51.1,145.0,21,6,5,3,1,,1.7,10.5,NW,21,9,6,3,,0,,,,
2024,9,143.0,대구,151.5,9.1,87.6,21,8,6,4,1,,1.9,6.9,ESE,21,3,8,3,0,0,3,0,0,0
2024,9,146.0,전주,185.0,56.8,114.7,21,10,6,4,1,,1.2,4.9,SW,15,6,7,3,0,0,3,0,0,0
2024,9,152.0,울산,237.0,66.7,158.4,21,11,8,4,1,,1.9,5.9,NE,21,4,9,4,0,0,2,0,0,0
2024,9,155.0,창원,541.0,368.1,397.7,21,6,4,3,2,,1.7,6.0,ESE,20,8,8,3,0,0,2,0,0,0
2024,9,156.0,광주,181.4,36.4,87.1,20,9,7,3,2,,1.1,4.9,SSW,21,6,8,2,0,0,3,0,0,0
2024,9,159.0,부산,420.3,259.7,378.5,21,7,3,3,1,,2.8,10.6,SSW,21,6,6,1,0,0,3,0,0,0
2024,9,162.0,통영,283.7,106.6,206.8,21,4,3,3,3,,,12.4,WSW,21,9,5,1,,0,,,,
2024,9,165.0,목포,124.1,-13.6,80.1,21,8,5,2,1,,2.6,8.9,SW,21,7,6,2,0,0,3,0,0,0
2024,9,168.0,여수,184.3,32.6,143.5,21,4,4,2,2,,3.7,16.2,SW,21,10,5,1,0,1,1,0,0,0
2024,9,169.0,흑산도,128.4,7.9,66.1,21,7,5,3,2,,4.4,17.1,NNW,21,8,6,0,3,3,1,0,0,0
2024,9,170.0,완도,362.6,186.2,125.7,21,7,7,6,4,,2.4,12.6,S,20,7,6,3,,0,,,,
2024,9,172.0,고창,165.7,41.9,67.2,21,6,6,4,3,,1.9,7.2,SSE,18,7,9,3,,0,,,,
2024,9,174.0,순천,466.3,,200.8,20,11,8,4,3,,0.9,6.3,ESE,20,6,10,4,,0,,,,
2024,9,177.0,홍성,333.0,,102.7,20,7,6,4,4,,1.0,5.0,NW,20,8,9,4,3,0,3,0,0,0
2024,9,181.0,서청주,304.9,,146.6,21,9,7,4,4,,1.4,6.7,ENE,21,8,7,2,,0,,,,
2024,9,184.0,제주,126.2,-101.6,26.6,19,14,10,6,0,,2.9,9.2,WSW,21,4,8,1,0,0,2,0,0,0
2024,9,185.0,고산,104.0,-16.4,40.6,12,10,10,4,1,,4.3,16.0,SSW,21,7,6,1,,2,,,,
2024,9,188.0,성산,157.3,-91.3,64.9,20,11,8,4,2,,3.2,11.1,SE,19,6,7,1,,0,,,,
2024,9,189.0,서귀포,119.5,-89.3,37.2,20,11,9,4,1,,2.3,8.8,SSW,21,6,7,1,0,0,4,0,0,0
2024,9,192.0,진주,350.3,169.6,202.1,21,7,4,4,3,,0.7,4.6,W,21,5,8,1,,0,,,,
2024,9,201.0,강화,107.1,-24.4,56.4,20,10,8,3,1,,1.7,6.3,ENE,21,8,10,5,,0,,,,
2024,9,202.0,양평,199.4,54.9,66.2,12,10,8,5,4,,1.2,5.0,S,21,4,8,3,,0,,,,
2024,9,203.0,이천,285.8,132.7,141.2,12,11,9,5,3,,0.8,5.0,SSE,18,6,9,4,,0,,,,
2024,9,211.0,인제,227.0,99.6,55.5,20,12,9,7,3,,1.3,5.5,NNE,20,5,13,2,,0,,,,
2024,9,212.0,홍천,171.4,30.1,54.0,21,10,7,6,3,,0.9,4.6,ENE,20,5,11,3,,0,,,,
2024,9,216.0,태백,289.7,91.3,92.0,21,17,11,6,4,,1.3,6.3,NNE,20,3,16,6,,0,,,,
2024,9,217.0,정선군,243.9,124.7,64.3,21,11,9,5,4,,1.1,5.5,NNE,20,1,13,3,,0,,,,
2024,9,221.0,제천,195.6,50.3,74.6,21,12,8,4,3,,1.1,7.3,NE,20,5,10,3,,0,,,,
2024,9,226.0,보은,148.1,10.7,98.6,21,9,6,3,1,,1.0,5.7,SSE,18,6,8,4,,0,,,,
2024,9,232.0,천안,318.0,171.6,152.5,21,10,5,4,3,,1.2,5.5,SE,18,4,10,4,,0,,,,
2024,9,235.0,보령,234.9,99.5,136.4,21,7,6,4,2,,1.6,7.9,SSW,20,8,6,3,,0,,,,
2024,9,236.0,부여,162.6,16.6,109.6,21,7,6,2,2,,0.6,4.0,ESE,18,6,5,4,,0,,,,
2024,9,238.0,금산,264.8,134.3,138.8,21,8,8,4,3,,0.9,5.4,S,19,5,8,3,,0,,,,
2024,9,239.0,세종,232.1,,109.7,21,8,6,5,3,,1.4,4.2,ESE,18,5,9,3,,0,,,,
2024,9,243.0,부안,165.1,25.7,83.3,11,7,4,3,2,,1.1,5.6,S,18,7,6,3,,0,,,,
2024,9,244.0,임실,276.6,138.3,127.3,21,9,9,5,2,,1.0,4.5,SW,20,6,7,4,,0,,,,
2024,9,245.0,정읍,153.6,5.1,84.6,21,8,6,2,2,,1.5,8.5,SW,21,6,8,3,,0,,,,
2024,9,247.0,남원,223.0,78.8,120.9,20,6,6,4,2,,1.8,6.5,ENE,28,7,7,2,,0,,,,
2024,9,248.0,장수,278.9,125.1,192.1,21,11,7,3,2,,1.0,6.3,WSW,19,3,9,4,,0,,,,
2024,9,251.0,고창군,165.1,,86.5,21,9,4,3,2,,1.1,6.3,SE,18,8,8,3,,0,,,,
2024,9,252.0,영광군,113.9,-20.9,50.6,21,12,8,3,2,,1.1,5.9,SSE,20,8,9,1,,0,,,,
2024,9,253.0,김해시,440.3,255.4,368.7,21,5,4,2,2,,1.1,4.6,SSE,1,5,8,3,,0,,,,
2024,9,254.0,순창군,209.1,71.3,90.0,20,9,6,4,3,,1.2,5.4,NNW,13,9,10,4,,0,,,,
2024,9,255.0,북창원,489.7,,357.5,21,7,4,2,2,,1.4,5.3,NW,24,3,8,3,,0,,,,
2024,9,257.0,양산시,390.7,182.9,336.0,21,8,4,2,2,,2.0,5.9,ENE,21,5,7,2,,0,,,,
2024,9,258.0,보성군,239.2,,154.5,21,8,5,3,2,,2.0,11.3,NW,21,7,8,3,,0,,,,
2024,9,259.0,강진군,432.7,268.4,247.4,21,11,8,5,4,,1.3,6.6,E,29,5,7,2,,0,,,,
2024,9,260.0,장흥,423.3,259.7,231.7,21,10,9,4,3,,1.0,5.3,SSE,20,5,7,2,,0,,,,
2024,9,261.0,해남,328.8,178.4,205.7,21,9,9,5,3,,1.7,8.1,SSE,21,9,6,2,,0,,,,
2024,9,262.0,고흥,285.3,118.1,205.7,21,7,7,4,2,,1.3,10.8,SSW,21,6,6,3,,0,,,,
2024,9,263.0,의령군,266.8,78.4,172.5,21,9,6,3,2,,1.2,6.0,NE,21,2,8,3,,0,,,,
2024,9,264.0,함양군,169.7,4.6,67.8,21,9,5,5,2,,0.9,4.5,SW,5,2,12,4,,0,,,,
2024,9,266.0,광양시,276.5,,182.6,21,5,4,4,2,,1.6,7.6,ENE,21,6,7,1,,0,,,,
2024,9,268.0,진도군,342.1,186.8,287.6,21,7,7,3,1,,1.6,7.1,ESE,19,10,7,2,,0,,,,
2024,9,271.0,봉화,186.0,50.9,94.5,21,11,6,3,3,,1.1,4.3,NNE,15,4,12,7,,0,,,,
2024,9,272.0,영주,277.0,122.9,128.0,21,9,7,4,4,,1.1,5.5,NW,1,4,11,3,,0,,,,
2024,9,273.0,문경,190.8,52.4,102.5,21,5,5,3,2,,0.9,5.1,NW,18,2,8,4,,0,,,,
2024,9,276.0,청송군,223.7,86.1,93.9,21,10,6,5,2,,1.4,5.6,NE,17,2,10,4,,0,,,,
2024,9,277.0,영덕,128.8,-30.8,64.5,21,11,10,3,1,,2.4,9.5,NE,22,2,11,4,,0,,,,
2024,9,278.0,의성,199.4,75.1,94.5,21,7,7,4,2,,0.9,5.0,NNE,21,2,10,4,,0,,,,
2024,9,279.0,구미,168.3,20.7,103.9,21,9,7,3,2,,0.6,3.7,ENE,21,2,9,3,,0,,,,
2024,9,281.0,영천,205.4,67.8,112.0,21,8,5,4,2,,1.3,5.1,ENE,29,2,9,1,,0,,,,
2024,9,283.0,경주시,228.3,34.2,102.2,21,13,8,6,1,,1.8,7.3,NE,23,3,11,7,,0,,,,
2024,9,284.0,거창,143.7,-22.5,72.2,21,6,4,3,2,,0.9,4.1,SE,15,4,10,5,,0,,,,
2024,9,285.0,합천,216.4,57.8,94.0,21,6,5,3,3,,0.8,3.9,ENE,28,5,10,3,,0,,,,
2024,9,288.0,밀양,206.2,61.8,122.6,21,5,5,2,2,,1.0,3.9,SE,14,4,9,2,,0,,,,
2024,9,289.0,산청,233.8,26.6,91.0,20,9,6,3,3,,0.7,4.2,NE,20,3,10,3,,0,,,,
2024,9,294.0,거제,390.9,181.4,348.2,21,5,3,2,2,,1.4,6.4,NW,21,6,5,3,,0,,,,
2024,9,295.0,남해,302.2,80.3,228.6,21,6,5,2,2,,1.5,7.0,N,21,8,5,2,,0,,,,
2024,9,296.0,북부산,418.5,,369.0,21,7,7,2,2,,2.4,7.0,NNE,21,7,6,2,0,0,3,0,0,0
2024,10,90.0,속초,143.2,55.3,44.7,18,9,6,4,3,,2.1,12.6,WSW,23,7,14,6,,0,,,,
2024,10,93.0,북춘천,68.5,,35.7,18,7,2,2,2,,0.9,5.8,ENE,19,4,9,3,3,0,0,0,0,0
2024,10,95.0,철원,66.7,16.8,27.6,18,7,5,2,0,,0.9,5.1,SW,23,9,8,3,,0,,,,
2024,10,98.0,동두천,57.2,2.1,32.3,18,7,3,2,1,,0.7,4.6,WSW,23,10,6,5,,0,,,,
2024,10,99.0,파주,52.4,2.3,32.3,18,7,3,2,1,,1.0,4.9,NNW,1,9,6,3,,0,,,,
2024,10,100.0,대관령,163.6,66.0,56.7,19,12,9,4,2,,1.7,16.2,W,23,6,13,5,,1,,,,
2024,10,101.0,춘천,64.9,15.6,33.3,18,6,3,2,1,,1.2,6.7,NE,20,5,9,6,,0,,,,
2024,10,102.0,백령도,113.8,82.8,85.8,18,6,5,2,1,,3.6,15.4,N,19,8,7,4,0,1,0,0,0,0
2024,10,104.0,북강릉,163.1,,55.0,19,7,7,5,2,,0.9,7.8,WSW,23,7,14,6,0,0,1,0,0,0
2024,10,105.0,강릉,167.4,53.5,61.5,19,8,7,4,2,,1.9,12.2,SW,23,7,14,6,,0,,,,
2024,10,106.0,동해,122.4,19.5,41.1,18,12,8,3,2,,2.3,11.6,WSW,23,7,14,6,,0,,,,
2024,10,108.0,서울,74.0,21.8,47.1,18,6,5,2,1,,2.0,8.0,WSW,23,10,7,5,0,0,0,0,0,0
2024,10,112.0,인천,82.1,31.0,67.4,18,9,3,2,1,,2.2,8.8,WSW,22,10,7,5,0,0,0,0,0,0
2024,10,114.0,원주,116.2,63.5,58.1,18,7,6,3,1,,0.6,4.2,SW,23,5,11,6,,0,,,,
2024,10,115.0,울릉도,227.2,126.3,63.8,18,16,12,7,2,,3.8,15.3,NE,19,2,12,7,5,1,1,0,0,0
2024,10,119.0,수원,97.2,43.1,55.0,18,9,6,2,1,,1.6,6.8,ESE,20,9,8,5,1,0,0,0,0,0
2024,10,121.0,영월,120.5,71.1,69.4,18,11,5,4,1,,0.8,6.2,W,23,4,13,4,,0,,,,
2024,10,127.0,충주,122.8,66.1,79.2,18,12,7,4,1,,1.1,6.5,E,19,5,12,6,,0,,,,
2024,10,129.0,서산,150.3,97.3,109.2,18,10,7,3,1,,1.6,7.3,ENE,20,10,9,5,,0,,,,
2024,10,130.0,울진,77.3,-20.0,24.1,19,12,10,3,0,,1.9,8.5,W,23,6,13,6,,0,,,,
2024,10,131.0,청주,112.7,54.7,69.5,18,12,9,2,1,,1.3,7.0,E,20,6,10,8,4,0,1,0,0,0
2024,10,133.0,대전,109.2,49.9,41.6,18,12,9,3,2,,1.5,7.5,ESE,20,6,11,6,4,0,1,0,0,0
2024,10,135.0,추풍령,74.9,16.8,22.8,22,13,11,3,0,,1.9,8.8,W,23,5,13,6,,0,,,,
2024,10,136.0,안동,62.5,16.0,21.6,22,10,7,2,0,,1.0,6.1,W,23,2,11,7,14,0,0,0,0,0
2024,10,137.0,상주,95.2,38.1,40.2,18,11,10,3,1,,0.7,5.1,W,23,4,13,5,,0,,,,
2024,10,138.0,포항,132.9,56.2,31.1,22,13,12,4,1,,2.8,10.8,NE,19,5,14,7,0,0,1,0,0,0
2024,10,140.0,군산,111.6,56.4,54.9,18,12,9,4,1,,1.6,10.2,NW,23,6,10,6,,0,,,,
2024,10,143.0,대구,94.9,44.8,23.0,22,12,10,3,0,,1.7,7.4,W,23,6,12,4,1,0,1,0,0,0
2024,10,146.0,전주,80.2,22.9,28.8,22,13,11,2,0,,1.2,5.8,W,22,7,11,3,3,0,1,0,0,0
2024,10,152.0,울산,174.3,99.5,58.3,22,14,12,5,2,,2.1,6.2,NE,19,4,16,7,0,0,1,0,0,0
2024,10,155.0,창원,200.4,128.1,88.2,22,13,11,4,2,,1.7,6.4,NNE,20,6,11,3,1,0,2,0,0,0
2024,10,156.0,광주,98.2,39.2,33.3,22,13,9,3,1,,1.2,5.4,SSE,18,7,10,4,0,0,1,0,0,0
2024,10,159.0,부산,208.8,129.2,105.7,22,13,9,5,2,,3.1,12.6,S,18,4,15,3,0,0,1,0,0,0
2024,10,162.0,통영,216.1,139.7,130.8,22,10,8,4,2,,,10.6,SSW,18,6,12,3,,0,,,,
2024,10,165.0,목포,142.1,83.2,45.3,22,13,10,4,3,,3.1,12.7,NNE,1,6,11,5,0,0,0,0,0,0
2024,10,168.0,여수,176.3,109.7,113.9,22,10,8,4,1,,4.4,12.8,SSW,18,6,12,5,0,0,1,0,0,0
2024,10,169.0,흑산도,106.0,47.3,64.5,14,13,9,2,1,,5.7,16.7,NNW,1,4,12,7,1,4,0,0,0,0
2024,10,170.0,완도,123.1,50.1,67.3,22,14,10,3,1,,2.2,8.5,WNW,22,4,16,5,,0,,,,
2024,10,172.0,고창,89.2,13.1,39.1,14,12,10,2,1,,2.1,10.0,SE,18,6,11,6,,0,,,,
2024,10,174.0,순천,119.7,,60.3,22,11,9,4,1,,1.2,6.4,WNW,1,6,13,4,,0,,,,
2024,10,177.0,홍성,113.8,,52.3,18,10,5,3,1,,1.0,6.5,ENE,20,7,9,5,15,0,1,0,0,0
2024,10,181.0,서청주,112.0,,68.7,18,12,8,2,1,,1.3,7.5,ESE,20,5,11,7,,0,,,,
2024,10,184.0,제주,135.2,40.1,32.6,22,16,12,5,1,,3.2,10.3,NNE,1,2,18,6,1,0,1,0,0,0
2024,10,185.0,고산,110.4,53.5,40.9,22,13,11,4,1,,5.4,21.4,WNW,23,3,17,2,,5,,,,
2024,10,188.0,성산,149.2,35.2,37.2,9,15,11,6,1,,3.4,11.3,ENE,20,2,21,5,,0,,,,
2024,10,189.0,서귀포,126.0,25.6,43.2,9,18,13,4,1,,2.4,7.7,ENE,25,3,18,4,0,0,3,0,0,0
2024,10,192.0,진주,151.0,82.7,70.0,22,10,9,4,1,,0.6,3.9,WSW,23,7,14,4,,0,,,,
2024,10,201.0,강화,41.9,-13.9,27.5,18,10,3,2,0,,1.4,6.7,NE,18,11,7,5,,0,,,,
2024,10,202.0,양평,105.0,57.9,51.3,18,8,6,2,2,,0.9,5.2,W,23,6,10,6,,0,,,,
2024,10,203.0,이천,137.7,86.8,75.0,18,11,6,4,1,,0.6,4.4,ENE,20,5,11,7,,0,,,,
2024,10,211.0,인제,89.5,44.7,42.9,22,7,5,2,2,,1.1,6.5,S,23,6,10,6,,0,,,,
2024,10,212.0,홍천,106.2,56.5,53.3,18,8,5,2,2,,0.7,5.1,NE,19,6,12,5,,0,,,,
2024,10,216.0,태백,149.8,84.3,72.5,18,16,8,3,2,,1.2,5.9,NNE,19,5,14,3,,0,,,,
2024,10,217.0,정선군,156.2,98.3,92.9,18,8,6,3,1,,1.0,5.7,WNW,23,4,15,4,,0,,,,
2024,10,221.0,제천,114.1,56.7,69.6,18,10,7,2,1,,0.9,6.0,NE,19,5,14,6,,0,,,,
2024,10,226.0,보은,99.4,42.8,26.8,18,12,9,3,0,,0.9,5.4,SE,18,5,13,6,,0,,,,
2024,10,232.0,천안,99.7,44.2,62.1,18,11,7,2,1,,1.0,6.9,ESE,20,5,11,7,,0,,,,
2024,10,235.0,보령,58.3,-1.6,20.2,18,11,7,2,0,,1.6,7.2,SSW,18,9,9,7,,0,,,,
2024,10,236.0,부여,84.5,20.9,36.9,18,12,6,3,1,,0.6,4.1,E,20,7,10,5,,0,,,,
2024,10,238.0,금산,81.0,25.3,24.7,22,12,11,2,0,,0.8,5.5,E,20,1,13,6,,0,,,,
2024,10,239.0,세종,97.1,,52.1,18,13,9,3,1,,1.1,6.2,E,20,7,11,5,,0,,,,
2024,10,243.0,부안,71.6,15.6,17.4,22,14,11,3,0,,1.0,5.5,W,23,6,11,4,,0,,,,
2024,10,244.0,임실,83.1,25.0,23.2,19,12,11,3,0,,0.8,5.5,ESE,20,6,13,4,,0,,,,
2024,10,245.0,정읍,87.8,26.8,24.0,14,12,11,3,0,,1.6,7.6,SE,14,6,11,5,,0,,,,
2024,10,247.0,남원,100.9,37.9,34.9,14,12,9,3,2,,1.6,9.3,ENE,20,6,13,4,,0,,,,
2024,10,248.0,장수,101.8,38.2,30.1,19,12,10,3,1,,1.1,7.1,WNW,23,6,12,2,,0,,,,
2024,10,251.0,고창군,110.6,,32.7,14,14,9,3,1,,1.3,6.1,ESE,18,6,11,6,,0,,,,
2024,10,252.0,영광군,102.8,27.8,40.6,14,14,11,2,2,,1.2,6.1,N,2,6,11,6,,0,,,,
2024,10,253.0,김해시,182.4,92.6,75.4,22,11,9,3,2,,1.4,7.1,WNW,23,6,13,3,,0,,,,
2024,10,254.0,순창군,87.5,-1.1,33.9,14,13,9,2,2,,1.3,6.5,W,23,5,11,1,,0,,,,
2024,10,255.0,북창원,217.4,,80.6,22,11,9,4,2,,1.6,6.2,NW,2,6,12,2,,0,,,,
2024,10,257.0,양산시,197.9,85.5,71.7,22,10,9,4,2,,1.9,6.0,NE,19,6,13,4,,0,,,,
2024,10,258.0,보성군,150.1,,82.0,22,11,9,3,1,,2.3,9.0,ESE,20,5,13,5,,0,,,,
2024,10,259.0,강진군,127.5,21.2,85.4,22,13,9,3,1,,1.3,6.9,E,20,5,14,4,,0,,,,
2024,10,260.0,장흥,139.8,76.4,85.9,22,13,10,3,1,,1.2,5.8,NNW,2,4,15,4,,0,,,,
2024,10,261.0,해남,126.1,61.0,75.6,22,12,9,3,1,,1.7,7.1,NE,20,4,12,4,,0,,,,
2024,10,262.0,고흥,140.3,73.5,90.0,22,11,10,3,1,,1.5,7.1,NW,23,5,12,4,,0,,,,
2024,10,263.0,의령군,136.0,26.3,63.3,22,10,9,4,1,,1.3,8.4,WNW,23,6,14,3,,0,,,,
2024,10,264.0,함양군,100.2,-15.4,39.8,22,13,9,2,1,,1.0,6.5,WSW,23,5,15,6,,0,,,,
2024,10,266.0,광양시,-,-,94.8,22,-,-,-,-,,1.7,6.4,ENE,20,5,11,4,,0,,,,
2024,10,268.0,진도군,159.4,83.4,85.7,22,13,10,3,2,,2.0,8.9,N,1,3,13,5,,0,,,,
2024,10,271.0,봉화,105.7,57.6,39.8,18,11,8,3,1,,1.0,5.0,WNW,23,5,13,5,,0,,,,
2024,10,272.0,영주,138.0,79.8,54.5,18,11,7,4,2,,1.3,7.9,NW,1,5,13,8,,0,,,,
2024,10,273.0,문경,100.8,42.0,31.2,18,10,8,3,1,,1.2,7.2,WNW,23,6,12,7,,0,,,,
2024,10,276.0,청송군,51.5,-32.3,15.1,22,11,10,1,0,,1.3,7.3,NW,23,5,13,8,,0,,,,
2024,10,277.0,영덕,119.2,33.0,34.8,22,14,11,3,2,,2.4,12.4,W,23,6,14,7,,0,,,,
2024,10,278.0,의성,48.5,7.0,13.3,22,9,9,1,0,,0.8,6.1,WNW,23,5,13,7,,0,,,,
2024,10,279.0,구미,56.4,3.1,18.3,22,12,8,1,0,,0.6,4.6,WNW,23,5,13,5,,0,,,,
2024,10,281.0,영천,79.8,31.2,24.7,22,12,11,3,0,,1.2,6.8,WNW,23,7,15,5,,0,,,,
2024,10,283.0,경주시,100.8,-7.4,35.0,22,12,9,5,1,,2.0,8.4,NNE,19,5,13,6,,0,,,,
2024,10,284.0,거창,94.4,33.6,31.9,22,10,10,2,1,,0.9,6.0,W,23,5,11,5,,0,,,,
2024,10,285.0,합천,116.1,51.6,47.9,22,9,8,3,2,,0.8,4.7,NE,19,6,13,6,,0,,,,
2024,10,288.0,밀양,125.8,72.5,60.1,22,11,9,3,1,,0.8,5.3,WNW,23,7,14,2,,0,,,,
2024,10,289.0,산청,122.6,48.4,58.9,22,10,9,3,1,,1.0,8.3,WNW,23,6,13,7,,0,,,,
2024,10,294.0,거제,238.8,142.4,137.9,22,13,10,3,2,,1.4,6.7,ESE,18,6,15,7,,0,,,,
2024,10,295.0,남해,217.5,121.6,132.8,22,11,9,5,1,,1.6,5.6,SSW,18,5,13,3,,0,,,,
2024,10,296.0,북부산,185.0,,75.5,22,12,10,3,2,,2.2,8.8,NE,20,6,13,2,0,0,1,0,0,0
2024,11,90.0,속초,17.6,-74.4,9.7,5,7,2,0,0,,2.5,9.5,W,26,9,2,1,,0,,,,
2024,11,93.0,북춘천,27.7,,21.5,26,7,3,1,0,,1.0,7.4,WSW,26,10,5,0,3,0,0,3,15,15
2024,11,95.0,철원,29.8,-18.3,17.3,26,6,3,1,0,,0.9,6.3,SW,26,12,6,0,0,0,0,0,0,0
2024,11,98.0,동두천,34.2,-13.2,17.3,26,7,5,1,0,,1.0,8.2,WSW,26,11,5,1,,0,,,,
2024,11,99.0,파주,22.3,-30.4,13.3,26,6,3,1,0,,1.1,5.8,W,26,11,5,3,,0,,,,
2024,11,100.0,대관령,29.3,-40.1,16.8,26,8,4,1,0,,2.6,14.5,W,26,6,6,3,,1,,,,
2024,11,101.0,춘천,29.7,-18.6,21.6,26,7,4,1,0,,1.1,9.3,SW,26,9,4,1,,0,,,,
2024,11,102.0,백령도,67.1,25.2,23.2,25,11,10,2,0,,4.7,14.7,NNW,17,7,9,3,0,5,0,3,0,2
2024,11,104.0,북강릉,54.7,,42.8,5,8,4,1,1,,1.2,6.7,WNW,29,6,6,2,0,0,0,2,4,4
2024,11,105.0,강릉,32.9,-48.2,21.8,5,8,6,1,0,,2.2,7.2,WSW,30,6,5,2,,0,,,,
2024,11,106.0,동해,64.5,-7.1,56.9,5,10,3,1,1,,2.5,8.7,NNE,2,7,4,2,,0,,,,
2024,11,108.0,서울,60.0,8.9,26.0,26,6,4,2,0,,2.0,8.1,W,26,13,6,1,0,0,1,4,8,10
2024,11,112.0,인천,62.2,11.4,25.1,27,8,4,2,0,,2.6,10.4,WSW,26,12,4,1,0,0,2,4,6,8
2024,11,114.0,원주,57.2,15.1,32.9,26,7,6,1,1,,0.6,5.0,W,26,10,6,3,,0,,,,
2024,11,115.0,울릉도,264.6,147.7,61.2,6,15,13,8,3,,4.1,14.0,SSW,26,1,10,4,2,1,1,5,0,2
2024,11,119.0,수원,98.1,49.2,35.4,26,9,6,3,1,,1.6,7.0,WNW,26,11,5,2,1,0,2,3,11,10
2024,11,121.0,영월,31.2,-6.2,17.4,26,8,4,1,0,,0.9,7.6,ESE,25,7,5,3,,0,,,,
2024,11,127.0,충주,49.1,9.7,22.4,26,11,5,2,0,,1.0,6.6,WSW,26,8,5,2,,0,,,,
2024,11,129.0,서산,62.1,8.0,27.6,26,10,8,2,0,,1.9,9.4,W,27,11,5,1,,0,,,,
2024,11,130.0,울진,19.0,-42.0,9.3,26,9,5,0,0,,2.4,8.3,NW,18,8,4,2,,0,,,,
2024,11,131.0,청주,41.2,-5.4,21.2,26,8,6,1,0,,1.2,5.2,W,27,9,4,1,0,0,0,3,11,8
2024,11,133.0,대전,34.6,-13.4,18.0,26,10,5,1,0,,1.5,6.5,NW,27,10,5,1,1,0,0,2,9,8
2024,11,135.0,추풍령,31.2,-11.8,16.6,26,10,6,1,0,,2.4,10.5,WSW,26,9,5,1,,0,,,,
2024,11,136.0,안동,23.3,-7.6,15.7,26,5,4,1,0,,1.3,8.0,WNW,28,4,4,1,9,0,0,2,11,9
2024,11,137.0,상주,33.7,-1.5,17.6,26,8,6,1,0,,1.2,7.9,W,26,7,3,1,,0,,,,
2024,11,138.0,포항,64.0,23.9,27.0,2,6,6,3,0,,2.5,9.3,ENE,2,7,6,3,0,0,0,1,0,0
2024,11,140.0,군산,48.1,-5.8,24.2,26,8,7,1,0,,2.4,14.1,WNW,27,11,6,1,,1,,,,
2024,11,143.0,대구,50.4,20.7,18.9,2,4,3,3,0,,1.9,8.3,WNW,28,9,3,3,4,0,0,1,6,3
2024,11,146.0,전주,34.4,-15.4,15.7,26,11,5,1,0,,1.6,9.1,W,27,9,6,1,1,0,0,2,7,5
2024,11,152.0,울산,67.5,23.3,26.8,1,5,3,3,0,,2.1,8.3,NW,30,8,5,3,0,0,0,0,0,0
2024,11,155.0,창원,107.0,59.1,51.2,1,5,3,3,2,,1.6,6.1,SE,26,11,4,1,0,0,0,0,0,0
2024,11,156.0,광주,66.5,16.3,18.3,29,10,7,3,0,,1.3,7.6,SW,28,9,7,1,0,0,0,1,2,1
2024,11,159.0,부산,99.1,48.7,42.3,1,5,3,3,1,,3.2,10.7,SW,27,12,4,2,0,0,0,0,0,0
2024,11,162.0,통영,117.6,69.0,58.1,1,5,3,3,2,,2.8,10.3,S,26,9,3,1,,0,,,,
2024,11,165.0,목포,61.3,12.4,35.4,1,10,7,1,1,,4.1,15.3,E,18,8,5,2,1,2,0,0,0,0
2024,11,168.0,여수,109.2,62.4,61.3,1,6,3,3,2,,4.5,13.1,NNW,17,9,4,2,0,0,0,0,0,0
2024,11,169.0,흑산도,62.1,16.0,30.8,1,12,9,2,1,,7.3,22.0,SE,25,3,9,1,0,7,0,0,0,0
2024,11,170.0,완도,161.5,98.8,90.1,1,11,7,4,1,,2.6,10.6,WNW,27,8,6,2,,0,,,,
2024,11,172.0,고창,55.0,-4.1,16.8,1,10,6,3,0,,2.9,15.0,W,27,7,9,1,,2,,,,
2024,11,174.0,순천,100.1,,41.3,1,8,7,3,1,,1.7,8.0,WNW,26,7,8,3,,0,,,,
2024,11,177.0,홍성,52.7,,26.5,26,10,7,1,0,,1.4,9.5,W,27,10,5,1,2,0,0,2,11,10
2024,11,181.0,서청주,40.1,,21.9,26,8,6,1,0,,1.4,8.0,NW,4,8,4,1,,0,,,,
2024,11,184.0,제주,335.7,266.2,238.4,1,12,10,4,2,,3.7,11.8,NW,28,5,13,5,0,0,1,0,0,0
2024,11,185.0,고산,229.3,169.1,138.4,1,13,10,5,1,,7.8,28.2,WNW,28,5,8,4,,11,,,,
2024,11,188.0,성산,409.6,306.8,242.1,1,13,12,7,2,,3.2,9.7,WNW,28,7,11,4,,0,,,,
2024,11,189.0,서귀포,220.9,134.7,126.0,1,11,11,5,1,,2.2,9.1,SW,26,10,8,4,0,0,2,0,0,0
2024,11,192.0,진주,85.3,40.6,42.6,1,6,3,3,1,,0.6,6.2,W,28,9,4,2,,0,,,,
2024,11,201.0,강화,41.8,-4.5,17.1,26,10,4,2,0,,1.5,7.3,WSW,26,11,6,2,,0,,,,
2024,11,202.0,양평,71.7,25.3,36.0,26,6,6,2,1,,0.9,6.5,WSW,26,13,5,1,,0,,,,
2024,11,203.0,이천,87.4,42.3,41.2,26,10,5,3,1,,0.7,6.1,SW,26,9,5,2,,0,,,,
2024,11,211.0,인제,24.7,-16.2,17.9,26,7,2,1,0,,1.3,7.4,SSW,28,9,6,1,,0,,,,
2024,11,212.0,홍천,43.3,2.4,27.0,26,7,3,2,0,,0.6,4.9,WSW,26,11,4,1,,0,,,,
2024,11,216.0,태백,38.3,-6.9,20.7,26,9,5,1,0,,1.4,5.8,NNE,18,4,8,0,,0,,,,
2024,11,217.0,정선군,23.5,-23.8,17.4,26,5,3,1,0,,1.2,5.4,NW,29,5,6,2,,0,,,,
2024,11,221.0,제천,42.1,-1.3,20.5,26,10,5,2,0,,1.0,7.0,WSW,26,8,5,3,,0,,,,
2024,11,226.0,보은,29.6,-15.6,14.2,26,10,5,1,0,,1.0,6.4,W,26,9,5,1,,0,,,,
2024,11,232.0,천안,-,-,23.1,26,-,-,-,-,,0.9,7.1,W,26,8,5,1,,0,,,,
2024,11,235.0,보령,49.0,-4.7,19.5,26,11,7,1,0,,1.8,6.4,N,18,8,6,1,,0,,,,
2024,11,236.0,부여,46.0,-5.8,25.4,26,12,7,1,0,,0.7,5.9,W,27,10,6,1,,0,,,,
2024,11,238.0,금산,32.7,-14.5,16.9,26,10,4,1,0,,0.9,5.5,WSW,28,8,7,2,,0,,,,
2024,11,239.0,세종,43.1,,24.6,26,10,5,1,0,,1.2,6.5,NW,28,9,5,2,,0,,,,
2024,11,243.0,부안,50.4,-1.9,18.8,26,11,6,2,0,,1.3,9.6,W,27,8,6,1,,0,,,,
2024,11,244.0,임실,69.5,18.8,19.4,26,11,7,3,0,,0.9,6.6,NW,26,7,8,2,,0,,,,
2024,11,245.0,정읍,47.2,-8.4,15.0,29,10,7,3,0,,1.9,12.2,SE,26,7,6,1,,0,,,,
2024,11,247.0,남원,60.1,14.8,17.8,1,10,7,2,0,,1.3,6.8,W,27,8,9,1,,0,,,,
2024,11,248.0,장수,79.2,27.1,27.2,26,11,7,3,0,,1.1,7.7,WNW,26,7,8,3,,0,,,,
2024,11,251.0,고창군,64.5,,22.1,29,10,6,3,0,,1.5,8.5,NNE,27,7,8,1,,0,,,,
2024,11,252.0,영광군,79.8,22.5,30.5,29,10,7,3,1,,1.7,8.2,N,17,9,9,1,,0,,,,
2024,11,253.0,김해시,89.5,42.5,41.9,1,4,3,3,1,,1.5,8.2,WNW,27,9,4,1,,0,,,,
2024,11,254.0,순창군,65.9,6.7,15.8,1,9,7,3,0,,1.6,12.1,NW,27,6,10,1,,0,,,,
2024,11,255.0,북창원,106.4,,56.2,1,5,3,3,2,,1.5,6.9,NW,6,10,5,1,,0,,,,
2024,11,257.0,양산시,88.9,36.7,41.0,1,3,3,3,1,,1.6,7.1,W,26,8,4,1,,0,,,,
2024,11,258.0,보성군,103.9,,53.9,1,8,7,3,1,,2.6,10.5,NNW,17,9,8,2,,0,,,,
2024,11,259.0,강진군,106.9,42.0,52.9,1,10,7,3,1,,1.8,7.9,WNW,27,9,7,2,,0,,,,
2024,11,260.0,장흥,104.2,49.4,60.9,1,9,7,3,1,,1.5,7.0,N,5,8,7,2,,0,,,,
2024,11,261.0,해남,101.9,50.8,69.4,1,10,7,2,1,,2.1,9.8,WSW,27,9,7,2,,0,,,,
2024,11,262.0,고흥,126.7,75.3,68.3,1,9,7,3,2,,1.6,7.6,WNW,26,9,7,2,,0,,,,
2024,11,263.0,의령군,81.6,33.5,40.8,1,6,3,3,1,,1.3,9.0,WNW,26,8,4,3,,0,,,,
2024,11,264.0,함양군,63.5,12.6,22.7,1,7,6,3,0,,1.5,7.4,WSW,26,8,9,1,,0,,,,
2024,11,266.0,광양시,91.7,,46.1,1,7,3,3,2,,1.7,6.9,ENE,1,8,4,2,,0,,,,
2024,11,268.0,진도군,105.4,53.3,62.5,1,12,7,2,1,,2.7,11.7,NNW,18,7,9,3,,0,,,,
2024,11,271.0,봉화,30.6,-2.6,21.4,26,6,4,1,0,,1.0,5.3,WNW,26,7,5,2,,0,,,,
2024,11,272.0,영주,32.4,-9.8,23.2,26,6,5,1,0,,2.3,10.1,NW,26,8,5,2,,0,,,,
2024,11,273.0,문경,37.0,-3.9,20.5,26,9,5,1,0,,1.7,7.0,WNW,30,8,5,2,,0,,,,
2024,11,276.0,청송군,32.4,-5.2,19.2,26,6,4,1,0,,1.5,7.8,NW,26,6,3,2,,0,,,,
2024,11,277.0,영덕,30.3,-19.5,10.2,2,9,5,1,0,,2.4,10.5,W,28,7,5,3,,0,,,,
2024,11,278.0,의성,25.6,-4.9,16.7,26,7,4,1,0,,0.8,6.7,W,26,8,5,2,,0,,,,
2024,11,279.0,구미,31.2,-1.6,13.8,26,7,4,2,0,,0.7,4.1,WNW,26,7,4,1,,0,,,,
2024,11,281.0,영천,44.1,12.5,19.0,2,5,3,3,0,,1.3,7.7,W,28,9,6,3,,0,,,,
2024,11,283.0,경주시,55.8,18.0,23.6,2,4,3,3,0,,2.2,10.1,WSW,28,6,5,4,,0,,,,
2024,11,284.0,거창,52.6,14.8,17.8,1,6,5,3,0,,1.1,6.4,WNW,26,8,9,1,,0,,,,
2024,11,285.0,합천,56.9,22.2,21.2,1,4,3,3,0,,0.7,4.8,WSW,26,10,5,2,,0,,,,
2024,11,288.0,밀양,76.9,36.8,40.5,1,4,3,3,1,,0.8,5.9,NW,26,7,4,1,,0,,,,
2024,11,289.0,산청,84.4,40.8,42.5,1,6,4,3,1,,1.6,8.2,WNW,26,8,9,2,,0,,,,
2024,11,294.0,거제,128.4,69.4,57.8,1,6,3,3,3,,1.3,5.8,NW,18,9,3,2,,0,,,,
2024,11,295.0,남해,132.8,69.9,56.6,1,5,3,3,2,,1.6,6.6,NW,26,9,5,2,,0,,,,
2024,11,296.0,북부산,82.0,,38.5,1,3,3,3,1,,1.7,9.0,NNE,2,10,3,1,1,0,0,0,1,1
2024,12,90.0,속초,3.2,-36.9,3.1,11,2,1,0,0,,2.8,9.6,W,15,19,2,1,,0,,,,
2024,12,93.0,북춘천,3.6,,2.2,21,5,1,0,0,,1.0,7.8,WSW,15,16,5,2,2,0,0,7,26,29
2024,12,95.0,철원,7.3,-14.8,3.5,21,4,3,0,0,,1.0,5.1,NNW,3,13,3,0,,0,,,,
2024,12,98.0,동두천,7.6,-14.6,5.0,21,5,2,0,0,,1.1,7.8,SW,30,17,2,0,,0,,,,
2024,12,99.0,파주,5.5,-14.5,3.5,21,5,2,0,0,,1.0,5.9,W,30,17,2,2,,0,,,,
2024,12,100.0,대관령,2.2,-32.5,2.2,21,1,1,0,0,,4.5,12.3,W,15,16,4,0,,0,,,,
2024,12,101.0,춘천,2.4,-21.8,1.9,21,5,1,0,0,,1.2,5.9,SW,21,15,1,1,,0,,,,
2024,12,102.0,백령도,13.0,-8.6,6.5,21,6,3,0,0,,5.6,14.1,NNW,21,2,6,1,0,1,0,12,6,25
2024,12,104.0,북강릉,16.1,,15.9,11,2,1,1,0,,1.5,6.6,W,31,19,3,0,0,0,0,3,20,29
2024,12,105.0,강릉,16.9,-20.0,16.9,11,1,1,1,0,,2.8,8.3,SW,27,18,3,1,,0,,,,
2024,12,106.0,동해,13.5,-9.0,7.4,11,2,2,0,0,,3.0,9.2,N,31,18,4,1,,0,,,,
2024,12,108.0,서울,5.7,-16.9,2.9,21,5,2,0,0,,2.2,6.9,SW,30,15,2,0,0,0,0,7,21,30
2024,12,112.0,인천,5.0,-17.3,2.3,1,4,2,0,0,,2.8,7.9,NNW,22,15,1,0,0,0,0,7,18,30
2024,12,114.0,원주,3.5,-20.0,2.8,21,2,1,0,0,,0.9,4.0,WSW,7,13,4,0,,0,,,,
2024,12,115.0,울릉도,138.8,9.5,35.3,18,16,9,5,2,,3.7,12.4,NE,18,0,10,0,0,0,1,19,0,11
2024,12,119.0,수원,4.5,-21.3,1.9,21,6,2,0,0,,1.7,6.6,WNW,6,14,2,0,2,0,1,7,25,29
2024,12,121.0,영월,2.1,-20.2,1.5,21,4,1,0,0,,1.2,5.4,W,17,15,4,0,,0,,,,
2024,12,127.0,충주,4.3,-20.6,1.8,21,6,2,0,0,,1.3,5.8,W,6,12,4,0,,0,,,,
2024,12,129.0,서산,16.1,-18.1,5.4,15,11,3,0,0,,1.8,8.4,NW,21,4,6,1,,0,,,,
2024,12,130.0,울진,16.3,-16.9,12.9,11,2,2,1,0,,2.7,8.5,WNW,21,20,3,0,,0,,,,
2024,12,131.0,청주,8.6,-18.1,3.6,21,9,4,0,0,,1.1,4.5,W,30,6,3,0,1,0,0,12,22,30
2024,12,133.0,대전,3.7,-26.0,1.9,21,5,2,0,0,,1.6,8.2,NNW,28,7,3,0,0,0,0,11,24,29
2024,12,135.0,추풍령,8.6,-17.2,4.4,21,9,2,0,0,,3.6,9.7,WSW,31,10,5,1,,0,,,,
2024,12,136.0,안동,1.7,-16.9,1.7,21,1,1,0,0,,1.9,7.1,WNW,6,14,2,0,3,0,0,3,27,29
2024,12,137.0,상주,2.7,-20.6,2.2,21,4,1,0,0,,2.1,7.0,W,28,11,2,0,,0,,,,
2024,12,138.0,포항,0.6,-25.5,0.4,11,2,0,0,0,,2.9,8.5,W,4,18,0,0,0,0,0,3,3,19
2024,12,140.0,군산,17.3,-19.9,3.6,27,15,6,0,0,,2.2,12.0,NW,21,3,7,0,,0,,,,
2024,12,143.0,대구,1.3,-17.4,1.3,21,1,1,0,0,,2.8,9.1,WNW,8,15,1,0,0,0,0,3,15,22
2024,12,146.0,전주,14.3,-19.7,4.5,21,12,5,0,0,,1.5,6.1,WNW,21,6,5,0,0,0,0,9,18,26
2024,12,152.0,울산,0.0,-28.4,0.0,21,0,0,0,0,,2.5,8.8,NW,29,17,0,0,0,0,0,1,1,23
2024,12,155.0,창원,0.0,-27.7,0.0,21,0,0,0,0,,1.8,6.4,NNE,12,15,1,0,0,0,0,0,2,16
2024,12,156.0,광주,9.8,-27.3,3.2,28,10,4,0,0,,1.2,5.6,SW,27,4,4,0,0,0,0,10,16,14
2024,12,159.0,부산,0.0,-33.8,0.0,1,0,0,0,0,,3.4,10.7,W,22,19,1,0,0,0,0,0,0,10
2024,12,162.0,통영,0.0,-32.4,0.0,21,0,0,0,0,,2.6,7.8,NNE,22,19,0,0,,0,,,,
2024,12,165.0,목포,8.9,-28.3,3.5,7,8,2,0,0,,4.2,12.6,NW,28,3,8,0,0,0,0,8,4,8
2024,12,168.0,여수,0.1,-26.3,0.1,7,1,0,0,0,,4.4,13.9,NNW,18,14,0,0,0,1,0,2,3,14
2024,12,169.0,흑산도,19.9,-13.2,9.9,13,4,3,0,0,,7.5,18.8,NNW,21,1,10,2,0,12,1,7,0,1
2024,12,170.0,완도,2.9,-34.3,1.8,7,4,1,0,0,,2.6,9.1,WNW,28,3,1,0,,0,,,,
2024,12,172.0,고창,18.5,-24.6,5.8,28,15,6,0,0,,2.8,10.9,NW,21,3,10,0,,0,,,,
2024,12,174.0,순천,3.0,,1.6,28,6,1,0,0,,2.7,8.8,WNW,21,6,5,0,,0,,,,
2024,12,177.0,홍성,12.5,,3.5,15,11,4,0,0,,1.7,7.2,W,21,3,3,0,2,0,0,14,8,26
2024,12,181.0,서청주,7.9,,3.2,21,7,3,0,0,,1.5,7.5,NW,26,6,3,0,,0,,,,
2024,12,184.0,제주,5.8,-49.8,2.2,18,9,1,0,0,,4.4,11.8,NW,28,0,14,3,0,0,0,3,0,0
2024,12,185.0,고산,3.8,-36.9,1.1,7,7,1,0,0,,10.0,24.8,NW,8,1,10,2,,19,,,,
2024,12,188.0,성산,12.4,-66.4,2.9,7,9,5,0,0,,2.7,8.0,NW,27,4,5,0,,0,,,,
2024,12,189.0,서귀포,1.5,-54.1,0.4,13,5,0,0,0,,1.8,5.8,SW,31,5,2,0,0,0,0,2,0,0
2024,12,192.0,진주,0.1,-26.0,0.1,1,1,0,0,0,,0.5,4.5,N,31,13,1,0,,0,,,,
2024,12,201.0,강화,11.3,-10.0,4.9,21,5,3,0,0,,1.5,5.7,WSW,5,14,2,0,,0,,,,
2024,12,202.0,양평,6.0,-15.4,4.5,21,6,1,0,0,,1.2,5.5,WNW,27,14,3,0,,0,,,,
2024,12,203.0,이천,4.8,-18.1,3.8,21,4,1,0,0,,1.0,4.2,WSW,28,11,2,0,,0,,,,
2024,12,211.0,인제,5.4,-15.4,3.3,21,7,1,0,0,,1.5,5.8,SSW,27,15,5,1,,0,,,,
2024,12,212.0,홍천,2.4,-16.7,1.6,21,6,1,0,0,,0.8,4.9,WNW,3,14,2,0,,0,,,,
2024,12,216.0,태백,2.3,-17.1,1.7,21,3,1,0,0,,1.6,5.1,NW,20,15,3,1,,0,,,,
2024,12,217.0,정선군,3.2,-17.8,3.2,21,1,1,0,0,,1.7,6.5,NNW,6,16,5,1,,0,,,,
2024,12,221.0,제천,3.1,-21.5,2.1,21,4,1,0,0,,1.4,6.2,WSW,6,13,5,0,,0,,,,
2024,12,226.0,보은,5.6,-22.6,3.1,21,7,2,0,0,,1.2,5.6,NNW,21,6,6,1,,0,,,,
2024,12,232.0,천안,15.2,-12.7,6.3,21,10,3,0,0,,1.0,5.8,WSW,26,6,2,0,,0,,,,
2024,12,235.0,보령,18.5,-16.5,3.6,27,14,7,0,0,,1.8,6.1,N,22,3,9,3,,0,,,,
2024,12,236.0,부여,16.1,-15.3,4.3,15,12,6,0,0,,0.6,4.1,W,26,5,4,0,,0,,,,
2024,12,238.0,금산,7.5,-21.8,3.0,21,9,4,0,0,,1.0,5.5,WNW,21,6,3,0,,0,,,,
2024,12,239.0,세종,6.0,,1.7,21,8,3,0,0,,1.3,6.4,NNW,22,5,4,1,,0,,,,
2024,12,243.0,부안,35.0,-7.4,16.4,28,14,7,1,0,,1.2,6.2,S,21,5,11,2,,0,,,,
2024,12,244.0,임실,23.7,-9.6,7.2,21,13,7,0,0,,0.9,4.7,NNW,21,4,8,0,,0,,,,
2024,12,245.0,정읍,29.6,-15.7,12.6,28,16,8,1,0,,1.9,9.1,NW,21,4,10,1,,0,,,,
2024,12,247.0,남원,3.7,-26.3,1.2,27,7,2,0,0,,1.2,6.2,WNW,26,4,10,0,,0,,,,
2024,12,248.0,장수,16.9,-19.5,7.0,21,14,5,0,0,,1.5,7.2,W,26,1,10,0,,0,,,,
2024,12,251.0,고창군,30.7,,10.1,28,17,7,1,0,,1.5,7.7,ENE,21,2,9,0,,0,,,,
2024,12,252.0,영광군,25.4,-20.8,6.4,28,14,5,0,0,,1.7,7.4,N,31,3,14,0,,0,,,,
2024,12,253.0,김해시,0.0,-32.1,0.0,21,0,0,0,0,,2.0,7.9,WNW,21,14,0,0,,0,,,,
2024,12,254.0,순창군,11.2,-24.7,4.9,28,10,3,0,0,,1.6,8.2,NNE,26,3,5,1,,0,,,,
2024,12,255.0,북창원,,,,,0,0,0,0,,1.9,6.6,WNW,21,12,1,0,,0,,,,
2024,12,257.0,양산시,,,,,0,0,0,0,,1.9,6.9,NW,23,15,0,0,,0,,,,
2024,12,258.0,보성군,1.8,,1.1,7,3,1,0,0,,3.2,10.7,NNW,21,8,2,0,,0,,,,
2024,12,259.0,강진군,4.0,-32.5,1.6,13,6,2,0,0,,2.0,7.3,W,21,5,2,0,,0,,,,
2024,12,260.0,장흥,2.3,-29.5,1.0,7,5,1,0,0,,1.8,7.6,N,22,5,2,0,,0,,,,
2024,12,261.0,해남,9.6,-25.0,3.8,7,5,4,0,0,,1.7,8.2,WSW,28,3,2,0,,0,,,,
2024,12,262.0,고흥,0.1,-26.5,0.1,7,1,0,0,0,,2.0,8.8,NW,22,9,1,0,,0,,,,
2024,12,263.0,의령군,0.0,-28.6,0.0,21,0,0,0,0,,1.8,9.2,WNW,21,13,1,0,,0,,,,
2024,12,264.0,함양군,2.4,-20.0,1.1,21,6,1,0,0,,2.3,6.7,WSW,26,7,7,0,,0,,,,
2024,12,266.0,광양시,0.0,,0.0,28,0,0,0,0,,2.1,8.0,W,18,11,0,0,,0,,,,
2024,12,268.0,진도군,16.1,-27.1,7.6,7,9,3,0,0,,2.8,8.2,NW,21,4,7,1,,0,,,,
2024,12,271.0,봉화,3.0,-17.3,3.0,21,1,1,0,0,,1.6,7.2,NNW,23,15,3,0,,0,,,,
2024,12,272.0,영주,2.6,-20.7,2.2,21,4,1,0,0,,4.2,10.6,NW,26,13,4,0,,0,,,,
2024,12,273.0,문경,4.5,-18.4,2.7,21,6,1,0,0,,2.5,8.2,WNW,28,12,5,0,,0,,,,
2024,12,276.0,청송군,1.6,-16.1,1.6,21,1,1,0,0,,2.5,7.7,W,28,15,2,0,,0,,,,
2024,12,277.0,영덕,0.0,-24.3,0.0,21,0,0,0,0,,3.2,10.8,WNW,4,16,2,0,,0,,,,
2024,12,278.0,의성,1.6,-14.7,1.4,21,3,1,0,0,,1.1,5.9,W,28,15,4,1,,0,,,,
2024,12,279.0,구미,2.5,-15.8,1.8,21,5,1,0,0,,1.1,3.6,NNW,27,12,4,1,,0,,,,
2024,12,281.0,영천,0.6,-18.2,0.5,21,2,0,0,0,,2.4,7.6,W,28,14,0,1,,0,,,,
2024,12,283.0,경주시,0.4,-24.0,0.4,21,1,0,0,0,,3.2,10.9,WNW,21,18,0,0,,0,,,,
2024,12,284.0,거창,0.4,-21.9,0.4,21,1,0,0,0,,1.7,6.6,NNW,28,9,4,0,,0,,,,
2024,12,285.0,합천,0.0,-20.1,0.0,21,0,0,0,0,,0.9,4.9,NNW,31,11,1,0,,0,,,,
2024,12,288.0,밀양,0.0,-22.6,0.0,21,0,0,0,0,,0.9,5.9,N,31,12,1,0,,0,,,,
2024,12,289.0,산청,1.0,-22.9,0.9,21,2,0,0,0,,2.7,9.5,WNW,21,8,1,0,,0,,,,
2024,12,294.0,거제,0.0,-37.0,0.0,1,0,0,0,0,,1.6,6.0,NNW,22,18,1,0,,0,,,,
2024,12,295.0,남해,0.0,-35.2,0.0,21,0,0,0,0,,1.9,6.9,WNW,21,14,0,0,,0,,,,
2024,12,296.0,북부산,0.0,,0.0,28,0,0,0,0,,1.5,5.5,W,21,17,1,0,0,0,0,1,11,28
2025,1,90.0,속초,14.5,-29.0,7.9,24,3,3,0,0,,3.0,12.4,W,28,16,3,1,,0,,,,
2025,1,93.0,북춘천,16.6,,6.4,27,8,3,0,0,,1.0,7.7,WSW,8,12,6,4,1,0,0,11,22,31
2025,1,95.0,철원,11.2,-7.0,5.1,27,7,2,0,0,,0.9,5.0,WNW,9,9,8,3,,0,,,,
2025,1,98.0,동두천,19.1,0.7,7.5,27,7,3,0,0,,1.1,6.2,WSW,27,11,5,2,,0,,,,
2025,1,99.0,파주,20.2,2.8,10.5,5,5,3,1,0,,1.1,6.0,NNW,8,11,5,2,,0,,,,
2025,1,100.0,대관령,15.6,-37.5,6.8,6,7,5,0,0,,3.9,12.9,W,28,9,8,1,,0,,,,
2025,1,101.0,춘천,17.8,-0.8,7.0,27,7,4,0,0,,1.2,6.9,WSW,9,10,7,3,,0,,,,
2025,1,102.0,백령도,16.0,2.7,8.3,26,7,4,0,0,,4.9,15.4,N,8,6,9,3,0,2,0,15,9,29
2025,1,104.0,북강릉,17.8,,11.6,25,4,2,1,0,,1.7,10.6,WSW,28,16,3,0,0,0,0,6,15,31
2025,1,105.0,강릉,16.5,-31.4,8.9,25,4,2,0,0,,2.8,11.5,WSW,28,15,3,1,,0,,,,
2025,1,106.0,동해,25.7,-20.7,13.2,25,5,2,2,0,,3.0,15.9,WSW,28,16,4,1,,1,,,,
2025,1,108.0,서울,19.5,2.7,6.7,5,9,5,0,0,,2.3,7.6,WNW,9,14,5,2,0,0,0,13,16,31
2025,1,112.0,인천,19.6,3.7,7.8,5,6,5,0,0,,2.8,11.0,SW,27,15,6,1,5,0,0,10,16,30
2025,1,114.0,원주,12.0,-6.0,5.9,27,6,4,0,0,,0.8,6.0,W,9,12,8,3,,0,,,,
2025,1,115.0,울릉도,97.5,-19.9,24.6,10,18,10,3,0,,3.7,12.7,WSW,28,1,11,0,0,0,1,20,0,17
2025,1,119.0,수원,20.5,2.4,6.2,27,8,6,0,0,,1.7,8.4,NW,9,14,5,3,3,0,0,13,18,30
2025,1,121.0,영월,15.2,-3.9,4.6,27,8,6,0,0,,1.0,7.0,W,9,9,9,4,,0,,,,
2025,1,127.0,충주,19.6,-0.4,9.6,27,8,3,0,0,,1.2,8.2,SW,9,10,8,3,,0,,,,
2025,1,129.0,서산,38.9,15.4,11.1,27,11,6,1,0,,1.8,9.5,WNW,9,7,5,0,,0,,,,
2025,1,130.0,울진,27.1,-21.8,19.3,25,4,4,1,0,,2.7,11.9,WNW,28,16,2,0,,0,,,,
2025,1,131.0,청주,10.9,-9.7,5.1,27,9,2,0,0,,1.1,4.6,W,9,11,5,2,0,0,0,15,20,29
2025,1,133.0,대전,12.5,-13.0,4.5,27,8,3,0,0,,1.6,8.5,NW,9,10,8,0,0,0,0,15,16,29
2025,1,135.0,추풍령,19.8,-4.3,6.8,6,9,3,0,0,,2.9,9.5,W,28,8,7,1,,0,,,,
2025,1,136.0,안동,4.8,-11.9,3.4,27,3,2,0,0,,1.7,8.7,W,28,15,4,1,2,0,0,7,21,31
2025,1,137.0,상주,13.5,-8.2,4.6,27,7,3,0,0,,1.8,7.8,WNW,9,11,6,1,,0,,,,
2025,1,138.0,포항,14.9,-24.9,9.3,25,3,3,0,0,,3.0,10.3,WSW,28,19,4,0,0,0,0,3,4,25
2025,1,140.0,군산,35.1,6.9,8.8,8,12,8,0,0,,2.3,11.3,WNW,28,7,4,0,,0,,,,
2025,1,143.0,대구,4.3,-14.3,3.7,27,2,1,0,0,,2.5,8.8,W,28,14,2,0,0,0,0,7,11,30
2025,1,146.0,전주,37.0,10.1,11.4,28,13,8,1,0,,1.6,6.9,NNW,9,8,5,0,0,0,0,16,18,30
2025,1,152.0,울산,6.4,-32.2,3.5,25,2,2,0,0,,2.4,8.0,WNW,3,20,3,1,0,0,0,1,5,26
2025,1,155.0,창원,4.8,-24.8,4.1,27,3,1,0,0,,1.7,6.3,N,26,21,2,0,0,0,0,3,8,25
2025,1,156.0,광주,19.0,-13.6,4.6,7,9,8,0,0,,1.2,6.4,NNE,26,7,5,1,1,0,0,13,20,29
2025,1,159.0,부산,7.6,-26.9,7.1,27,2,1,0,0,,3.4,13.1,SW,28,21,2,0,0,0,0,1,1,19
2025,1,162.0,통영,7.4,-24.8,5.0,27,2,2,0,0,,2.6,9.8,NE,15,19,2,0,,0,,,,
2025,1,165.0,목포,19.8,-12.0,5.4,27,10,8,0,0,,3.5,14.7,W,9,8,5,0,0,1,0,13,10,26
2025,1,168.0,여수,6.1,-18.4,3.5,27,3,2,0,0,,4.0,12.5,NNW,10,18,1,1,1,0,0,7,5,25
2025,1,169.0,흑산도,31.1,8.1,15.6,31,11,6,1,0,,6.4,20.7,NNW,9,4,10,1,0,6,0,11,2,9
2025,1,170.0,완도,13.6,-20.4,4.2,5,7,4,0,0,,2.4,11.2,WNW,7,9,5,1,,0,,,,
2025,1,172.0,고창,34.2,3.1,10.3,7,12,9,1,0,,2.5,11.2,WNW,28,6,7,0,,0,,,,
2025,1,174.0,순천,6.4,,1.9,7,8,2,0,0,,2.2,8.7,WNW,28,14,3,1,,0,,,,
2025,1,177.0,홍성,21.0,,6.7,27,9,5,0,0,,1.8,8.3,W,28,7,6,1,1,0,0,16,12,30
2025,1,181.0,서청주,9.4,,5.8,27,7,2,0,0,,1.5,8.9,NNW,9,10,5,1,,0,,,,
2025,1,184.0,제주,25.4,-42.1,9.4,27,10,4,0,0,,4.2,11.7,NNW,9,3,12,5,0,0,1,9,0,3
2025,1,185.0,고산,21.9,-18.7,9.6,27,10,6,0,0,,9.2,25.5,NW,9,6,13,0,,13,,,,
2025,1,188.0,성산,16.9,-60.6,5.1,8,11,6,0,0,,2.8,11.0,WNW,9,5,10,2,,0,,,,
2025,1,189.0,서귀포,14.1,-46.6,7.5,31,8,3,0,0,,2.0,6.1,SW,19,6,7,1,0,0,0,7,0,6
2025,1,192.0,진주,2.5,-25.5,2.2,27,3,1,0,0,,0.5,5.7,WSW,8,19,2,1,,0,,,,
2025,1,201.0,강화,31.5,15.9,15.7,5,5,4,1,0,,1.6,7.4,W,28,14,6,2,,0,,,,
2025,1,202.0,양평,23.7,6.5,8.0,27,7,6,0,0,,1.0,6.0,WNW,9,13,7,2,,0,,,,
2025,1,203.0,이천,23.4,4.2,10.4,27,8,5,1,0,,0.9,5.1,WSW,28,12,7,3,,0,,,,
2025,1,211.0,인제,15.0,-1.6,5.5,6,6,4,0,0,,1.3,6.4,SSW,29,9,7,3,,0,,,,
2025,1,212.0,홍천,-,-,3.5,6,-,-,-,-,,0.6,5.6,WNW,9,10,7,2,,0,,,,
2025,1,216.0,태백,23.3,-3.3,7.5,28,9,5,0,0,,1.5,5.7,SSW,28,8,8,1,,0,,,,
2025,1,217.0,정선군,19.8,2.3,6.0,27,6,5,0,0,,1.3,7.3,NW,9,8,8,3,,0,,,,
2025,1,221.0,제천,21.7,1.4,8.2,27,9,6,0,0,,1.3,7.2,W,9,9,9,4,,0,,,,
2025,1,226.0,보은,13.7,-9.7,6.4,27,8,4,0,0,,1.1,7.0,NW,9,10,7,1,,0,,,,
2025,1,232.0,천안,8.0,-11.0,2.5,27,7,3,0,0,,1.1,6.3,W,28,7,6,1,,0,,,,
2025,1,235.0,보령,-,-,16.3,28,-,-,-,-,,1.8,7.8,S,5,8,8,0,,0,,,,
2025,1,236.0,부여,29.9,5.0,18.6,28,7,5,1,0,,0.6,4.4,W,27,10,5,1,,0,,,,
2025,1,238.0,금산,21.3,-4.2,7.6,28,7,5,0,0,,1.0,5.8,WNW,9,9,7,1,,0,,,,
2025,1,239.0,세종,19.0,,9.1,27,8,3,0,0,,1.3,6.3,NW,9,9,5,0,,0,,,,
2025,1,243.0,부안,44.8,13.1,9.9,28,13,8,0,0,,1.2,6.6,S,28,7,7,0,,0,,,,
2025,1,244.0,임실,52.6,24.1,21.1,28,11,9,1,0,,0.9,4.8,NNW,28,8,8,1,,0,,,,
2025,1,245.0,정읍,42.4,5.9,8.4,9,13,8,0,0,,1.7,8.5,NNW,9,6,5,0,,0,,,,
2025,1,247.0,남원,24.0,-4.5,7.2,28,10,8,0,0,,1.4,6.7,ENE,25,10,6,0,,0,,,,
2025,1,248.0,장수,38.1,6.2,10.5,27,11,8,1,0,,1.3,6.9,W,28,8,9,1,,0,,,,
2025,1,251.0,고창군,46.9,,9.6,27,14,10,0,0,,1.3,6.9,ENE,6,6,7,1,,0,,,,
2025,1,252.0,영광군,-,-,8.0,27,-,-,-,-,,1.5,7.8,N,9,7,7,1,,0,,,,
2025,1,253.0,김해시,3.3,-23.1,3.3,27,1,1,0,0,,1.9,8.7,WNW,29,22,2,0,,0,,,,
2025,1,254.0,순창군,36.1,10.2,10.6,28,10,8,1,0,,1.5,10.2,NW,9,7,6,0,,0,,,,
2025,1,255.0,북창원,3.7,,3.6,27,2,1,0,0,,1.7,8.0,WNW,9,21,2,0,,0,,,,
2025,1,257.0,양산시,3.2,-23.8,3.0,27,3,1,0,0,,1.9,7.2,W,28,20,2,0,,0,,,,
2025,1,258.0,보성군,5.6,,1.2,28,8,3,0,0,,2.8,9.9,NNW,15,13,2,2,,0,,,,
2025,1,259.0,강진군,13.4,-16.3,3.8,5,9,4,0,0,,1.8,8.5,W,7,10,4,2,,0,,,,
2025,1,260.0,장흥,9.6,-18.6,2.8,27,9,4,0,0,,1.5,7.4,NNW,9,12,3,0,,0,,,,
2025,1,261.0,해남,17.5,-12.9,5.6,27,10,5,0,0,,1.6,9.2,SW,7,7,7,1,,0,,,,
2025,1,262.0,고흥,3.9,-22.0,1.6,27,4,2,0,0,,1.8,9.0,WNW,27,14,1,0,,0,,,,
2025,1,263.0,의령군,2.6,-19.9,2.2,27,2,1,0,0,,1.7,9.7,WNW,29,19,2,0,,0,,,,
2025,1,264.0,함양군,12.5,-10.3,3.3,27,9,4,0,0,,1.9,7.0,NW,9,10,6,1,,0,,,,
2025,1,266.0,광양시,2.8,,2.1,27,5,1,0,0,,2.0,8.0,NW,9,17,2,1,,0,,,,
2025,1,268.0,진도군,24.7,-7.2,7.1,27,11,8,0,0,,2.2,8.7,NW,9,9,9,1,,0,,,,
2025,1,271.0,봉화,12.3,-4.2,7.0,27,7,2,0,0,,1.4,7.8,WNW,9,11,6,2,,0,,,,
2025,1,272.0,영주,10.7,-7.7,7.7,27,6,2,0,0,,3.4,12.5,NW,9,9,8,0,,0,,,,
2025,1,273.0,문경,15.9,-3.0,10.1,27,5,3,1,0,,2.0,8.6,WNW,28,11,6,2,,0,,,,
2025,1,276.0,청송군,6.8,-10.0,3.8,27,5,2,0,0,,2.2,9.7,WNW,9,13,3,0,,0,,,,
2025,1,277.0,영덕,11.8,-25.6,5.4,26,5,3,0,0,,3.1,11.8,W,29,17,3,0,,0,,,,
2025,1,278.0,의성,7.4,-8.1,3.8,27,5,2,0,0,,1.0,7.0,W,9,12,3,0,,0,,,,
2025,1,279.0,구미,8.9,-9.5,3.9,27,6,3,0,0,,1.2,6.7,WNW,28,12,3,0,,0,,,,
2025,1,281.0,영천,5.5,-16.6,4.4,27,4,1,0,0,,2.0,8.9,W,9,13,1,0,,0,,,,
2025,1,283.0,경주시,5.1,-27.1,2.5,27,3,2,0,0,,2.9,9.5,WNW,29,19,2,0,,0,,,,
2025,1,284.0,거창,6.1,-17.6,2.0,27,5,3,0,0,,1.3,6.5,WSW,30,11,5,1,,0,,,,
2025,1,285.0,합천,4.3,-15.4,2.9,27,4,1,0,0,,0.9,5.2,WSW,27,15,2,0,,0,,,,
2025,1,288.0,밀양,4.8,-16.4,4.7,27,2,1,0,0,,0.9,6.2,WNW,27,19,2,0,,0,,,,
2025,1,289.0,산청,1.3,-23.1,0.7,8,3,0,0,0,,2.2,9.2,WNW,29,12,3,1,,0,,,,
2025,1,294.0,거제,7.4,-33.0,6.4,27,3,1,0,0,,1.4,6.5,NW,9,20,2,0,,0,,,,
2025,1,295.0,남해,8.6,-25.0,5.0,27,3,2,0,0,,1.8,8.4,WNW,27,17,3,1,,0,,,,
2025,1,296.0,북부산,3.5,,3.5,27,1,1,0,0,,1.6,6.9,NNE,25,21,2,0,0,0,0,3,9,29
2025,2,90.0,속초,,,,,0,0,0,0,,3.0,12.8,W,25,21,0,0,,0,,,,
2025,2,93.0,북춘천,1.5,,1.3,12,2,1,0,0,,1.5,8.0,WNW,7,18,1,1,0,0,0,3,18,28
2025,2,95.0,철원,2.0,-24.3,2.0,12,1,1,0,0,,1.3,6.5,WNW,26,15,2,1,,0,,,,
2025,2,98.0,동두천,3.5,-22.5,2.4,12,3,2,0,0,,1.5,7.1,WNW,7,16,1,1,,0,,,,
2025,2,99.0,파주,2.9,-25.0,2.2,6,3,1,0,0,,1.6,6.9,NNW,7,15,0,1,,0,,,,
2025,2,100.0,대관령,0.4,-48.8,0.3,25,2,0,0,0,,4.5,15.0,W,25,15,3,1,,1,,,,
2025,2,101.0,춘천,1.7,-25.9,1.6,12,2,1,0,0,,1.7,8.3,WNW,7,19,1,1,,0,,,,
2025,2,102.0,백령도,14.2,-3.2,8.5,12,6,3,0,0,,6.2,15.7,NNW,12,10,6,0,3,5,0,11,6,25
2025,2,104.0,북강릉,0.0,,0.0,16,0,0,0,0,,1.9,8.8,W,5,20,1,1,0,0,0,1,13,26
2025,2,105.0,강릉,,,,,0,0,0,0,,3.1,8.4,SW,25,20,1,1,,0,,,,
2025,2,106.0,동해,0.3,-43.7,0.3,7,1,0,0,0,,3.2,9.5,WSW,7,21,2,1,,0,,,,
2025,2,108.0,서울,5.2,-23.0,2.5,12,3,2,0,0,,2.6,8.0,W,3,19,1,1,0,0,0,5,16,27
2025,2,112.0,인천,3.5,-21.6,2.5,12,3,1,0,0,,3.2,10.0,NNW,7,19,0,0,0,0,0,3,17,27
2025,2,114.0,원주,3.5,-25.0,1.5,7,5,1,0,0,,1.2,5.8,WNW,7,15,2,1,,0,,,,
2025,2,115.0,울릉도,112.2,20.9,25.5,2,16,14,2,0,,3.8,11.9,NE,23,5,9,4,1,0,0,19,0,20
2025,2,119.0,수원,5.4,-22.9,2.2,12,4,3,0,0,,2.2,8.3,NW,7,18,1,1,0,0,0,6,21,28
2025,2,121.0,영월,6.8,-21.4,2.9,7,6,2,0,0,,1.4,6.8,WNW,3,17,2,1,,0,,,,
2025,2,127.0,충주,7.5,-21.9,3.0,7,5,2,0,0,,1.7,7.1,WSW,3,15,2,0,,0,,,,
2025,2,129.0,서산,10.2,-20.9,3.2,12,6,4,0,0,,2.4,9.9,WNW,7,13,1,0,,0,,,,
2025,2,130.0,울진,1.2,-35.7,1.2,7,1,1,0,0,,2.9,7.7,NW,5,22,1,1,,0,,,,
2025,2,131.0,청주,8.9,-20.1,5.8,12,6,3,0,0,,1.5,5.3,WNW,7,13,2,1,1,0,0,11,14,27
2025,2,133.0,대전,11.1,-26.1,8.3,12,6,2,0,0,,2.1,9.8,NW,7,13,2,1,1,0,0,11,10,25
2025,2,135.0,추풍령,14.9,-19.3,9.1,12,9,3,0,0,,3.9,10.8,WSW,3,11,3,2,,0,,,,
2025,2,136.0,안동,2.3,-22.6,1.9,12,3,1,0,0,,2.4,8.5,NW,7,21,3,2,1,0,0,4,11,27
2025,2,137.0,상주,9.1,-24.2,7.3,12,4,2,0,0,,2.4,10.0,WNW,7,18,2,2,,0,,,,
2025,2,138.0,포항,8.8,-27.7,4.9,12,3,2,0,0,,3.2,9.2,WNW,7,20,2,1,0,0,0,2,4,22
2025,2,140.0,군산,17.9,-18.0,6.5,12,10,5,0,0,,3.0,13.4,NW,7,9,2,1,,0,,,,
2025,2,143.0,대구,12.7,-12.7,5.9,1,4,3,0,0,,3.3,11.5,W,7,16,2,2,1,0,0,4,7,25
2025,2,146.0,전주,23.5,-13.3,8.7,12,7,4,0,0,,1.9,7.9,NNW,7,12,4,1,1,0,0,9,10,25
2025,2,152.0,울산,16.1,-23.8,8.1,12,2,2,0,0,,2.7,9.0,WSW,7,19,2,2,1,0,0,2,2,24
2025,2,155.0,창원,24.8,-21.2,14.1,12,2,2,2,0,,2.0,6.6,N,23,15,2,2,0,0,0,2,2,24
2025,2,156.0,광주,25.7,-17.9,10.6,1,9,4,1,0,,1.5,6.1,NNW,17,8,6,2,2,0,0,13,11,24
2025,2,159.0,부산,32.0,-17.6,20.6,1,3,2,2,0,,3.6,11.1,SW,7,15,2,1,0,0,0,1,0,19
2025,2,162.0,통영,28.7,-20.8,18.9,1,3,2,1,0,,3.1,10.1,NNE,7,15,2,1,,0,,,,
2025,2,165.0,목포,42.3,5.5,22.1,1,10,6,1,0,,4.7,16.5,WNW,7,3,7,1,0,1,0,11,6,23
2025,2,168.0,여수,39.2,-5.4,30.8,1,3,2,1,1,,5.5,14.9,NW,12,12,2,2,0,3,0,4,1,21
2025,2,169.0,흑산도,37.4,4.6,15.0,1,12,6,2,0,,8.2,21.7,NNW,7,1,13,1,2,13,0,10,3,12
2025,2,170.0,완도,58.3,5.7,37.9,1,8,4,2,1,,2.9,9.6,WNW,12,6,3,3,,0,,,,
2025,2,172.0,고창,44.3,11.2,9.5,7,12,7,0,0,,3.2,12.4,NW,7,3,9,1,,0,,,,
2025,2,174.0,순천,34.0,,16.3,1,9,3,2,0,,3.0,10.1,WNW,12,10,5,2,,0,,,,
2025,2,177.0,홍성,11.5,,5.7,12,7,2,0,0,,2.2,7.7,NW,7,11,1,1,1,0,0,12,9,27
2025,2,181.0,서청주,8.7,,6.1,12,7,2,0,0,,2.2,10.0,NNW,7,14,3,1,,0,,,,
2025,2,184.0,제주,61.4,4.2,40.3,1,12,10,1,1,,4.4,11.9,NW,7,0,16,4,0,0,0,10,1,7
2025,2,185.0,고산,62.4,14.6,27.5,1,13,7,2,0,,10.7,27.9,NNW,7,1,12,3,,16,,,,
2025,2,188.0,성산,93.9,10.7,49.1,1,12,7,2,1,,3.2,10.2,WNW,5,2,10,2,,0,,,,
2025,2,189.0,서귀포,94.6,16.7,39.0,1,11,7,2,2,,2.0,7.3,NE,1,2,4,2,0,0,0,9,0,13
2025,2,192.0,진주,29.8,-15.8,15.2,1,3,2,2,0,,0.9,6.0,W,7,15,3,2,,0,,,,
2025,2,201.0,강화,7.6,-14.9,3.9,12,3,3,0,0,,2.0,6.7,WSW,3,18,0,0,,0,,,,
2025,2,202.0,양평,4.3,-23.7,2.6,12,3,2,0,0,,1.6,8.5,WNW,7,17,1,1,,0,,,,
2025,2,203.0,이천,7.7,-21.9,3.4,12,5,3,0,0,,1.3,5.9,W,3,16,0,1,,0,,,,
2025,2,211.0,인제,1.6,-21.2,0.6,7,4,0,0,0,,1.5,6.7,SW,5,18,1,1,,0,,,,
2025,2,212.0,홍천,2.7,-23.5,1.6,12,3,2,0,0,,1.1,6.5,WNW,7,16,1,1,,0,,,,
2025,2,216.0,태백,3.3,-25.5,2.8,7,4,1,0,0,,1.6,5.1,SSW,25,15,3,1,,0,,,,
2025,2,217.0,정선군,3.2,-32.5,1.9,7,3,1,0,0,,1.8,6.6,SE,27,15,3,1,,0,,,,
2025,2,221.0,제천,6.9,-25.3,2.8,12,5,2,0,0,,1.8,7.5,W,7,18,2,1,,0,,,,
2025,2,226.0,보은,10.1,-22.9,7.6,12,8,1,0,0,,1.7,7.5,NNW,17,12,3,1,,0,,,,
2025,2,232.0,천안,13.2,-13.8,6.1,7,5,3,0,0,,1.4,6.5,W,3,11,2,1,,0,,,,
2025,2,235.0,보령,10.0,-20.2,5.6,12,10,2,0,0,,1.9,6.8,N,7,10,3,1,,0,,,,
2025,2,236.0,부여,11.7,-25.9,7.6,12,6,2,0,0,,1.1,6.0,W,23,12,2,1,,0,,,,
2025,2,238.0,금산,15.2,-22.7,9.6,12,7,3,0,0,,1.4,6.2,WNW,7,11,3,1,,0,,,,
2025,2,239.0,세종,10.3,,7.6,12,5,3,0,0,,1.7,7.8,SW,3,12,2,1,,0,,,,
2025,2,243.0,부안,35.6,-0.8,9.0,7,11,9,0,0,,1.4,6.3,S,7,7,8,1,,0,,,,
2025,2,244.0,임실,27.5,-9.4,9.1,12,10,5,0,0,,1.2,5.6,NNW,19,8,4,2,,0,,,,
2025,2,245.0,정읍,40.4,1.4,8.9,7,10,9,0,0,,2.2,9.5,NNW,7,8,8,4,,0,,,,
2025,2,247.0,남원,22.6,-16.8,10.3,12,8,3,1,0,,1.5,7.5,WNW,17,9,6,2,,0,,,,
2025,2,248.0,장수,26.2,-19.3,10.2,12,9,4,1,0,,1.8,7.1,W,17,8,6,2,,0,,,,
2025,2,251.0,고창군,41.2,,8.8,7,12,7,0,0,,1.8,8.2,E,7,5,8,2,,0,,,,
2025,2,252.0,영광군,45.2,6.8,10.4,1,13,8,1,0,,2.1,8.4,NW,7,3,9,1,,0,,,,
2025,2,253.0,김해시,23.3,-28.8,11.9,1,2,2,2,0,,2.3,9.3,WNW,7,16,1,1,,0,,,,
2025,2,254.0,순창군,36.6,-10.1,12.1,1,10,6,2,0,,2.1,9.7,ENE,3,6,7,2,,0,,,,
2025,2,255.0,북창원,24.9,,12.5,1,2,2,2,0,,2.4,8.3,NW,7,16,3,2,,0,,,,
2025,2,257.0,양산시,20.3,-34.3,10.5,1,2,2,1,0,,2.4,7.8,W,7,16,2,2,,0,,,,
2025,2,258.0,보성군,32.6,,22.8,1,4,2,1,0,,3.6,10.6,NNW,3,10,4,3,,0,,,,
2025,2,259.0,강진군,48.4,3.7,33.7,1,9,4,1,1,,2.4,7.5,W,17,6,6,3,,0,,,,
2025,2,260.0,장흥,30.3,-12.1,20.3,1,5,3,1,0,,2.3,8.4,NNW,7,8,5,3,,0,,,,
2025,2,261.0,해남,40.9,1.6,24.2,1,9,6,1,0,,2.0,8.0,SW,12,5,7,2,,0,,,,
2025,2,262.0,고흥,42.3,-4.2,33.3,1,5,2,1,1,,2.7,9.1,WNW,7,11,2,2,,0,,,,
2025,2,263.0,의령군,22.8,-11.9,12.5,1,2,2,2,0,,2.4,11.1,WNW,7,15,2,2,,0,,,,
2025,2,264.0,함양군,22.9,-7.6,12.2,1,4,3,1,0,,2.8,8.0,N,7,11,3,2,,0,,,,
2025,2,266.0,광양시,30.9,,15.8,1,5,2,2,0,,2.6,9.0,WNW,23,13,2,1,,0,,,,
2025,2,268.0,진도군,45.0,-1.4,22.8,1,10,7,1,0,,3.2,9.4,WNW,3,3,9,2,,0,,,,
2025,2,271.0,봉화,7.3,-18.6,5.8,7,4,2,0,0,,1.7,7.2,NNW,7,18,2,0,,0,,,,
2025,2,272.0,영주,7.4,-22.8,4.8,7,4,2,0,0,,4.4,11.7,NW,3,16,3,2,,0,,,,
2025,2,273.0,문경,7.8,-21.9,5.4,12,4,2,0,0,,2.9,8.1,WNW,7,20,1,1,,0,,,,
2025,2,276.0,청송군,4.1,-20.0,3.2,12,4,1,0,0,,2.9,9.2,WNW,3,20,2,2,,0,,,,
2025,2,277.0,영덕,1.2,-29.3,1.1,12,2,1,0,0,,3.6,12.1,W,13,23,2,1,,0,,,,
2025,2,278.0,의성,4.8,-17.8,3.5,12,3,1,0,0,,1.5,8.7,NNW,7,17,1,2,,0,,,,
2025,2,279.0,구미,8.8,-18.2,5.5,12,3,2,0,0,,1.9,7.7,WNW,7,15,2,2,,0,,,,
2025,2,281.0,영천,10.7,-15.3,5.1,12,4,2,0,0,,2.7,10.3,W,7,20,2,2,,0,,,,
2025,2,283.0,경주시,12.3,-18.5,7.0,1,3,2,0,0,,3.5,10.2,WNW,17,20,2,2,,0,,,,
2025,2,284.0,거창,18.6,-15.5,8.8,1,4,3,0,0,,1.8,8.4,NNW,3,13,2,2,,0,,,,
2025,2,285.0,합천,17.2,-14.1,10.5,1,2,2,1,0,,1.2,5.3,NNW,7,16,2,2,,0,,,,
2025,2,288.0,밀양,14.8,-18.2,7.9,1,2,2,0,0,,1.3,7.8,NNW,7,16,2,2,,0,,,,
2025,2,289.0,산청,-,-,11.1,12,-,-,-,-,,3.2,12.4,WNW,3,13,3,2,,0,,,,
2025,2,294.0,거제,32.4,-28.1,22.3,1,2,2,2,0,,1.9,7.0,WNW,13,17,3,2,,0,,,,
2025,2,295.0,남해,31.9,-33.3,20.8,1,4,2,2,0,,2.1,8.2,NW,7,15,2,2,,0,,,,
2025,2,296.0,북부산,22.0,,11.0,12,2,2,2,0,,1.9,7.2,W,7,16,1,2,0,0,0,2,4,25
2025,3,90.0,속초,98.4,46.1,17.2,28,12,10,5,0,,2.8,9.4,W,22,10,9,3,,0,,,,
2025,3,93.0,북춘천,26.2,,6.4,16,8,6,0,0,,1.6,9.9,WSW,25,5,9,1,0,0,0,7,14,18
2025,3,95.0,철원,33.0,2.2,14.0,2,7,6,1,0,,1.7,7.1,NNE,2,7,7,0,,0,,,,
2025,3,98.0,동두천,37.7,5.7,11.3,2,7,6,1,0,,1.6,10.5,SW,25,8,6,0,,0,,,,
2025,3,99.0,파주,35.3,3.8,15.2,2,8,5,1,0,,1.8,8.3,W,25,9,4,1,,0,,,,
2025,3,100.0,대관령,115.5,42.9,23.4,18,11,10,5,0,,3.4,14.8,W,22,10,10,4,,1,,,,
2025,3,101.0,춘천,33.7,0.2,7.6,3,9,5,0,0,,1.8,8.6,W,29,8,9,1,,0,,,,
2025,3,102.0,백령도,15.3,-2.9,8.2,2,8,4,0,0,,4.7,16.3,NNW,16,9,4,1,8,5,0,4,4,9
2025,3,104.0,북강릉,117.7,,23.4,28,9,9,6,0,,1.6,8.9,W,25,9,8,4,0,0,0,9,8,13
2025,3,105.0,강릉,119.8,54.7,23.7,28,9,9,7,0,,2.3,8.2,SW,21,9,10,3,,0,,,,
2025,3,106.0,동해,86.7,29.1,19.9,17,9,9,4,0,,3.2,12.8,NNE,18,10,10,3,,0,,,,
2025,3,108.0,서울,38.2,1.3,11.8,2,8,4,2,0,,2.8,8.7,WNW,29,7,7,0,0,0,1,8,9,14
2025,3,112.0,인천,26.5,-7.3,10.6,2,8,5,1,0,,3.3,9.6,SW,25,11,7,1,4,0,0,7,6,8
2025,3,114.0,원주,31.2,-12.6,9.9,2,6,5,0,0,,1.2,5.4,W,25,6,11,1,,0,,,,
2025,3,115.0,울릉도,91.5,15.1,33.1,18,12,8,2,1,,5.0,14.8,ENE,18,7,11,5,2,2,1,10,0,7
2025,3,119.0,수원,37.5,-3.2,15.4,2,8,5,2,0,,2.4,11.1,WSW,25,8,8,1,2,0,0,7,11,14
2025,3,121.0,영월,49.1,4.0,28.8,3,9,6,1,0,,1.5,8.2,E,3,7,9,3,,0,,,,
2025,3,127.0,충주,51.3,9.8,33.4,3,7,6,1,1,,1.8,10.7,SW,25,7,9,2,,0,,,,
2025,3,129.0,서산,39.7,-1.8,14.6,3,8,6,1,0,,2.7,11.6,WNW,16,9,7,1,,0,,,,
2025,3,130.0,울진,93.1,37.1,31.6,3,11,8,4,1,,3.0,9.6,W,25,9,10,4,,0,,,,
2025,3,131.0,청주,50.2,7.3,34.6,3,8,8,1,1,,1.8,8.3,W,25,8,7,2,2,0,0,6,10,11
2025,3,133.0,대전,37.7,-13.9,23.0,3,7,4,1,0,,2.4,10.5,SE,15,10,7,2,1,0,1,4,8,9
2025,3,135.0,추풍령,45.5,-7.4,18.3,3,10,5,2,0,,3.2,14.0,WSW,25,8,8,1,,1,,,,
2025,3,136.0,안동,32.8,-11.7,19.5,3,7,4,1,0,,1.9,9.9,WNW,25,9,7,2,1,0,1,4,9,15
2025,3,137.0,상주,38.7,-8.2,20.9,3,7,3,1,0,,1.9,8.8,W,25,9,9,2,,0,,,,
2025,3,138.0,포항,44.8,-15.7,18.2,3,9,7,2,0,,3.4,11.8,ENE,4,8,9,4,0,0,1,1,4,6
2025,3,140.0,군산,41.7,-3.0,26.5,3,7,5,1,0,,3.2,14.3,WNW,18,8,8,2,,2,,,,
2025,3,143.0,대구,25.4,-23.6,13.4,3,8,5,1,0,,2.7,11.1,WNW,16,10,8,4,0,0,0,4,7,8
2025,3,146.0,전주,35.1,-18.6,16.6,3,9,4,1,0,,2.1,10.5,WSW,25,8,8,2,0,0,0,2,9,7
2025,3,152.0,울산,71.7,3.3,22.8,4,10,7,4,0,,2.6,8.3,NE,3,8,8,4,0,0,0,3,4,7
2025,3,155.0,창원,39.9,-38.6,11.9,3,8,7,2,0,,2.1,6.4,NNE,3,8,8,5,2,0,1,1,1,4
2025,3,156.0,광주,34.2,-27.7,13.4,3,7,7,1,0,,1.7,8.3,SW,25,10,9,1,0,0,0,3,8,4
2025,3,159.0,부산,52.0,-37.7,11.3,3,11,8,1,0,,3.7,11.8,SW,24,8,9,4,4,0,0,1,0,4
2025,3,162.0,통영,58.6,-33.8,19.4,3,11,7,2,0,,2.7,9.6,NE,4,11,8,4,,0,,,,
2025,3,165.0,목포,33.2,-31.7,9.4,4,8,6,0,0,,4.0,16.0,NW,16,7,12,3,1,2,1,5,4,5
2025,3,168.0,여수,47.4,-36.5,15.6,2,11,5,2,0,,4.7,18.6,NNW,16,11,8,4,4,4,0,1,0,5
2025,3,169.0,흑산도,43.8,-7.0,12.0,4,10,9,2,0,,6.5,22.0,NNW,27,9,11,5,5,10,0,4,2,0
2025,3,170.0,완도,62.0,-41.7,14.1,1,9,6,4,0,,3.1,10.9,SE,2,8,9,7,,0,,,,
2025,3,172.0,고창,31.8,-15.2,14.2,3,8,4,1,0,,3.3,12.5,ENE,3,9,10,3,,0,,,,
2025,3,174.0,순천,30.7,,7.6,3,8,7,0,0,,2.1,9.7,WNW,16,11,8,4,,0,,,,
2025,3,177.0,홍성,46.7,,25.1,3,8,6,1,0,,2.7,11.5,SW,25,8,9,5,3,0,0,4,7,12
2025,3,181.0,서청주,48.4,,34.6,3,8,7,1,1,,2.4,11.8,WSW,25,6,8,3,,0,,,,
2025,3,184.0,제주,82.5,-8.1,25.5,3,11,8,3,0,,4.0,12.1,NW,16,7,13,5,2,0,1,4,0,0
2025,3,185.0,고산,54.3,-21.9,15.8,3,10,8,1,0,,7.4,25.7,NW,18,6,13,4,,11,,,,
2025,3,188.0,성산,133.2,-6.2,31.7,3,10,7,5,1,,3.9,12.3,NW,27,6,13,6,,0,,,,
2025,3,189.0,서귀포,91.5,-38.8,21.4,1,11,8,4,0,,2.5,8.4,ENE,15,6,15,4,2,0,2,3,0,1
2025,3,192.0,진주,47.4,-30.2,18.4,3,8,5,2,0,,1.0,5.9,WSW,18,9,8,3,,0,,,,
2025,3,201.0,강화,37.7,6.3,14.9,2,8,6,2,0,,2.4,8.9,WSW,25,8,5,1,,0,,,,
2025,3,202.0,양평,32.9,-5.1,12.2,2,9,6,1,0,,1.5,7.5,WSW,25,5,7,0,,0,,,,
2025,3,203.0,이천,50.4,7.5,20.2,3,8,5,2,0,,1.5,7.5,SSW,25,7,9,3,,0,,,,
2025,3,211.0,인제,47.0,14.9,9.6,18,9,8,0,0,,1.7,7.4,S,25,7,9,2,,0,,,,
2025,3,212.0,홍천,36.2,-0.5,10.5,2,8,7,1,0,,1.1,5.9,WNW,29,7,10,0,,0,,,,
2025,3,216.0,태백,109.5,54.7,33.6,3,13,12,5,1,,1.7,6.3,NNW,18,9,10,5,,0,,,,
2025,3,217.0,정선군,-,-,13.2,3,-,-,-,-,,1.6,6.3,WNW,22,9,10,3,,0,,,,
2025,3,221.0,제천,51.4,1.7,26.0,3,7,5,1,0,,1.7,9.2,WSW,25,6,10,3,,0,,,,
2025,3,226.0,보은,45.9,-1.6,24.4,3,8,6,1,0,,1.5,8.8,WSW,25,8,10,2,,0,,,,
2025,3,232.0,천안,49.5,11.2,30.7,3,8,7,1,1,,1.8,9.3,WSW,25,7,8,3,,0,,,,
2025,3,235.0,보령,49.5,7.5,23.5,3,9,6,1,0,,2.6,11.7,SSW,25,8,6,2,,0,,,,
2025,3,236.0,부여,55.8,4.9,31.8,3,9,6,2,1,,1.1,6.2,SSW,25,11,5,3,,0,,,,
2025,3,238.0,금산,36.5,-15.8,20.7,3,6,4,1,0,,1.6,8.4,SW,25,8,8,2,,0,,,,
2025,3,239.0,세종,55.0,,30.9,3,8,6,1,1,,1.9,6.7,WNW,28,7,8,3,,0,,,,
2025,3,243.0,부안,43.0,-4.3,23.6,3,9,5,1,0,,2.1,10.8,NW,3,9,8,3,,0,,,,
2025,3,244.0,임실,38.4,-15.4,11.0,3,10,8,1,0,,1.5,8.0,NNW,16,10,9,4,,0,,,,
2025,3,245.0,정읍,42.3,-13.7,20.4,3,10,5,1,0,,2.5,11.1,SSW,25,9,9,3,,0,,,,
2025,3,247.0,남원,22.0,-34.7,7.8,3,10,5,0,0,,2.4,11.8,ENE,3,9,10,2,,0,,,,
2025,3,248.0,장수,46.0,-18.5,13.8,3,10,6,3,0,,1.8,8.5,N,13,10,9,2,,0,,,,
2025,3,251.0,고창군,40.8,,17.3,3,9,5,1,0,,1.9,8.4,WNW,18,10,10,4,,0,,,,
2025,3,252.0,영광군,38.7,-19.5,17.1,3,11,6,1,0,,2.1,8.3,NW,16,9,11,3,,0,,,,
2025,3,253.0,김해시,30.4,-54.2,9.2,3,8,6,0,0,,1.8,8.5,NW,18,9,7,3,,0,,,,
2025,3,254.0,순창군,42.8,-19.3,16.6,2,8,6,2,0,,2.3,11.4,WNW,25,9,10,2,,0,,,,
2025,3,255.0,북창원,45.4,,12.2,3,8,7,1,0,,1.8,7.8,NW,29,9,8,3,,0,,,,
2025,3,257.0,양산시,45.0,-38.1,10.2,27,8,7,1,0,,2.6,7.9,W,18,10,8,3,,0,,,,
2025,3,258.0,보성군,46.7,,12.6,2,7,6,2,0,,3.1,12.8,NNW,16,10,8,3,,0,,,,
2025,3,259.0,강진군,-,-,11.7,1,-,-,-,-,,2.0,8.3,WNW,27,9,9,6,,0,,,,
2025,3,260.0,장흥,40.6,-38.1,14.1,15,9,7,1,0,,1.9,8.9,N,16,10,8,4,,0,,,,
2025,3,261.0,해남,36.5,-41.8,11.6,1,10,5,1,0,,2.4,11.9,NE,2,9,10,2,,0,,,,
2025,3,262.0,고흥,54.4,-32.3,12.6,2,11,7,2,0,,2.1,8.9,WNW,16,10,8,4,,0,,,,
2025,3,263.0,의령군,39.2,-34.3,12.4,2,8,5,2,0,,2.3,10.1,SW,25,9,7,4,,0,,,,
2025,3,264.0,함양군,33.3,-27.2,11.1,3,6,6,1,0,,2.1,9.3,WNW,25,10,8,2,,0,,,,
2025,3,266.0,광양시,33.6,,8.2,2,9,5,0,0,,2.3,10.1,W,16,11,9,5,,0,,,,
2025,3,268.0,진도군,39.3,-36.6,12.6,4,10,5,1,0,,2.7,9.4,NW,16,9,8,3,,0,,,,
2025,3,271.0,봉화,69.5,22.9,45.9,3,10,6,1,1,,1.5,7.3,SSW,25,9,8,5,,0,,,,
2025,3,272.0,영주,52.3,-1.0,29.5,3,9,5,1,0,,2.7,11.7,WNW,17,9,11,3,,0,,,,
2025,3,273.0,문경,40.8,-7.9,23.0,3,7,6,1,0,,2.1,9.7,WNW,27,8,9,3,,0,,,,
2025,3,276.0,청송군,49.1,2.7,19.2,3,9,6,1,0,,2.2,12.8,WNW,25,7,8,4,,0,,,,
2025,3,277.0,영덕,56.7,7.6,17.2,3,10,9,2,0,,3.4,14.0,W,25,8,8,7,,1,,,,
2025,3,278.0,의성,31.1,-10.4,15.7,3,7,5,1,0,,1.4,7.7,W,25,8,9,5,,0,,,,
2025,3,279.0,구미,31.4,-16.3,14.2,3,7,4,1,0,,1.6,6.8,WNW,25,9,7,6,,0,,,,
2025,3,281.0,영천,23.0,-27.0,10.2,3,8,5,1,0,,2.1,8.1,WNW,29,8,7,3,,0,,,,
2025,3,283.0,경주시,55.7,-4.0,18.6,3,9,8,2,0,,3.2,10.8,WNW,25,8,7,4,,0,,,,
2025,3,284.0,거창,33.3,-22.1,15.2,3,6,5,2,0,,1.7,7.8,SW,25,9,7,2,,0,,,,
2025,3,285.0,합천,30.9,-23.1,13.8,3,5,4,1,0,,1.4,6.0,W,25,9,8,3,,0,,,,
2025,3,288.0,밀양,29.8,-29.2,9.1,3,9,6,0,0,,1.3,5.8,WNW,29,9,9,2,,0,,,,
2025,3,289.0,산청,42.7,-24.1,20.8,3,9,5,1,0,,2.1,10.5,WNW,16,10,7,3,,0,,,,
2025,3,294.0,거제,84.9,-27.3,24.0,27,11,8,4,0,,1.9,6.7,ESE,24,11,8,5,,0,,,,
2025,3,295.0,남해,65.7,-47.4,21.2,3,9,5,2,0,,1.9,9.0,WNW,18,11,9,5,,0,,,,
2025,3,296.0,북부산,27.0,,8.0,3,8,5,0,0,,2.6,9.7,NE,3,8,7,3,3,0,1,1,5,9
2025,4,90.0,속초,48.2,-25.1,24.3,22,6,5,2,0,,2.6,10.1,SE,12,12,7,1,,0,,,,
2025,4,93.0,북춘천,94.1,,40.6,22,9,6,4,1,,1.6,8.8,WSW,13,10,7,2,0,0,0,2,5,4
2025,4,95.0,철원,128.1,59.1,39.7,22,9,6,4,2,,1.5,7.0,SSW,19,10,7,2,,0,,,,
2025,4,98.0,동두천,128.5,55.3,51.3,22,9,6,4,1,,1.7,9.7,SW,13,13,7,3,,0,,,,
2025,4,99.0,파주,140.5,66.3,49.5,22,7,6,5,1,,1.6,8.2,W,13,14,6,2,,0,,,,
2025,4,100.0,대관령,47.9,-45.6,16.2,22,9,6,2,0,,3.8,13.9,W,13,11,8,1,,1,,,,
2025,4,101.0,춘천,81.3,9.8,38.2,22,8,6,2,1,,1.4,8.9,WSW,13,11,7,2,,0,,,,
2025,4,102.0,백령도,80.6,33.1,31.4,12,10,8,2,1,,4.2,12.5,S,30,11,5,4,7,0,1,1,1,0
2025,4,104.0,북강릉,27.3,,12.1,22,7,5,1,0,,2.1,9.2,WSW,13,9,6,1,0,0,2,0,0,0
2025,4,105.0,강릉,26.2,-55.7,12.9,22,7,5,1,0,,2.2,8.5,WSW,13,10,7,1,,0,,,,
2025,4,106.0,동해,23.5,-48.8,10.9,22,8,6,1,0,,2.8,12.2,WSW,27,9,7,1,,0,,,,
2025,4,108.0,서울,94.6,21.7,34.8,22,7,6,3,1,,2.5,9.0,WSW,13,14,4,3,1,0,3,2,2,1
2025,4,112.0,인천,106.2,42.7,42.3,22,7,6,4,1,,3.0,14.1,W,13,13,6,3,5,1,5,2,2,0
2025,4,114.0,원주,72.3,-0.7,22.6,22,9,6,3,0,,1.7,6.2,SW,19,9,7,1,,0,,,,
2025,4,115.0,울릉도,77.0,-20.8,28.5,22,9,7,3,0,,4.9,15.5,W,13,8,5,1,5,3,1,0,0,0
2025,4,119.0,수원,64.9,-6.7,20.4,5,7,6,3,0,,2.2,9.3,W,13,10,5,2,1,0,0,2,4,5
2025,4,121.0,영월,65.7,-7.8,25.1,22,10,7,3,0,,1.7,8.2,SW,13,11,7,1,,0,,,,
2025,4,127.0,충주,76.7,2.9,23.6,22,8,7,5,0,,1.6,7.9,WSW,13,10,7,1,,0,,,,
2025,4,129.0,서산,65.9,-8.8,22.1,12,7,5,3,0,,2.4,9.4,SW,13,14,5,1,,0,,,,
2025,4,130.0,울진,40.7,-35.7,15.3,22,9,8,1,0,,2.5,9.1,SW,13,12,5,1,,0,,,,
2025,4,131.0,청주,63.0,-12.5,27.4,22,7,6,2,0,,1.6,6.9,W,13,11,4,1,0,0,0,1,3,0
2025,4,133.0,대전,67.2,-14.4,25.6,22,8,6,3,0,,2.0,7.8,NW,25,12,5,1,1,0,0,1,2,1
2025,4,135.0,추풍령,45.6,-34.7,17.4,22,10,6,1,0,,2.8,11.6,WSW,12,11,5,2,,0,,,,
2025,4,136.0,안동,45.5,-28.5,20.3,22,7,6,1,0,,1.9,10.7,WNW,13,12,5,1,0,0,0,0,7,6
2025,4,137.0,상주,65.6,-21.0,21.2,22,9,7,3,0,,1.6,7.9,W,12,12,5,1,,0,,,,
2025,4,138.0,포항,28.4,-52.8,9.4,22,5,4,0,0,,3.0,9.6,SW,13,12,5,2,0,0,1,0,0,0
2025,4,140.0,군산,62.1,-19.5,19.1,12,8,6,3,0,,2.8,11.9,WNW,13,12,5,1,,0,,,,
2025,4,143.0,대구,41.8,-28.8,14.2,13,5,5,1,0,,2.5,9.7,WNW,13,11,5,2,0,0,0,0,0,0
2025,4,146.0,전주,67.1,-11.3,19.8,12,7,7,3,0,,2.0,9.4,WSW,13,13,4,1,0,0,0,0,1,0
2025,4,152.0,울산,56.1,-40.8,25.4,13,5,4,2,0,,2.3,9.9,SW,17,13,4,2,0,0,0,0,0,0
2025,4,155.0,창원,86.8,-47.0,28.6,12,7,6,3,0,,2.1,7.0,ESE,13,12,8,3,0,0,0,0,0,0
2025,4,156.0,광주,56.2,-30.4,20.1,12,8,5,3,0,,1.7,7.1,SW,13,10,7,1,0,0,0,0,1,0
2025,4,159.0,부산,75.3,-65.6,33.3,22,5,5,3,1,,3.8,12.9,SW,17,12,6,3,2,0,0,0,0,0
2025,4,162.0,통영,72.7,-66.1,30.1,12,10,4,3,1,,2.7,11.0,SSW,12,13,7,4,,0,,,,
2025,4,165.0,목포,43.5,-36.8,25.0,12,7,6,1,0,,3.8,15.9,W,12,10,6,1,4,1,0,0,2,0
2025,4,168.0,여수,68.0,-57.2,29.8,22,8,5,2,0,,3.6,21.1,NNW,13,12,7,4,6,1,0,0,0,0
2025,4,169.0,흑산도,57.3,-31.5,32.8,12,8,5,2,1,,6.2,20.6,NNW,12,6,7,4,9,8,0,0,1,0
2025,4,170.0,완도,112.6,-29.1,55.7,22,6,5,2,2,,3.2,11.6,WNW,14,8,5,2,,0,,,,
2025,4,172.0,고창,60.9,-22.9,27.5,12,7,6,2,0,,3.3,12.8,W,14,15,6,0,,0,,,,
2025,4,174.0,순천,72.6,,34.3,12,7,5,2,1,,2.0,10.5,WNW,12,11,6,2,,0,,,,
2025,4,177.0,홍성,72.4,,24.3,22,6,6,3,0,,2.6,9.4,WSW,13,10,6,2,2,0,0,0,3,2
2025,4,181.0,서청주,56.5,,26.3,22,7,6,1,0,,2.3,9.6,WSW,13,12,4,1,,0,,,,
2025,4,184.0,제주,23.9,-65.8,8.7,22,6,4,0,0,,3.3,11.6,W,13,6,6,1,2,0,0,0,0,0
2025,4,185.0,고산,73.1,-21.6,32.0,22,9,5,2,1,,6.9,29.9,NW,12,6,4,4,,5,,,,
2025,4,188.0,성산,122.0,-39.3,54.9,12,7,6,2,2,,3.3,13.8,WNW,12,7,7,2,,0,,,,
2025,4,189.0,서귀포,193.8,6.8,115.4,12,11,7,2,2,,2.1,8.4,W,14,6,8,2,2,0,1,0,0,0
2025,4,192.0,진주,91.8,-34.6,39.7,22,8,4,3,1,,0.8,5.5,WSW,13,14,5,3,,0,,,,
2025,4,201.0,강화,154.4,89.5,50.0,22,6,5,5,3,,2.4,8.4,SW,19,15,3,3,,0,,,,
2025,4,202.0,양평,72.7,0.2,23.9,5,8,8,3,0,,1.5,10.3,WSW,13,10,5,2,,0,,,,
2025,4,203.0,이천,78.5,0.0,29.3,22,10,7,3,0,,1.5,6.4,WSW,13,10,8,2,,0,,,,
2025,4,211.0,인제,86.6,16.8,35.2,22,8,6,4,1,,1.7,7.7,SSW,19,10,7,2,,0,,,,
2025,4,212.0,홍천,73.1,-1.7,24.8,22,8,7,2,0,,1.1,5.7,WNW,13,11,6,2,,0,,,,
2025,4,216.0,태백,43.6,-42.2,12.0,22,8,5,1,0,,1.8,9.0,NE,28,12,5,2,,0,,,,
2025,4,217.0,정선군,75.6,-5.8,23.3,22,9,5,4,0,,1.7,6.6,NW,28,9,6,1,,0,,,,
2025,4,221.0,제천,70.5,-14.6,27.4,22,9,7,3,0,,1.6,7.8,W,13,10,8,2,,0,,,,
2025,4,226.0,보은,59.4,-22.8,23.7,22,10,6,2,0,,1.5,8.5,W,13,12,5,1,,0,,,,
2025,4,232.0,천안,61.9,-5.6,27.7,22,6,6,2,0,,1.5,9.2,WSW,13,13,5,1,,0,,,,
2025,4,235.0,보령,84.0,11.3,32.8,22,7,5,3,1,,2.4,10.3,SSW,19,13,4,2,,0,,,,
2025,4,236.0,부여,78.9,-6.4,36.9,22,8,6,2,1,,0.9,5.2,W,13,11,3,1,,0,,,,
2025,4,238.0,금산,55.9,-28.8,19.1,22,7,6,3,0,,1.4,6.7,SW,13,13,4,1,,0,,,,
2025,4,239.0,세종,72.4,,33.4,22,7,6,2,1,,1.7,8.2,NW,13,13,4,1,,0,,,,
2025,4,243.0,부안,62.6,-17.4,20.5,12,8,5,3,0,,2.1,8.6,SSE,13,13,4,0,,0,,,,
2025,4,244.0,임실,59.3,-24.3,20.7,12,7,5,3,0,,1.6,8.1,NNW,12,11,5,1,,0,,,,
2025,4,245.0,정읍,66.7,-15.8,26.4,12,8,7,3,0,,2.4,10.2,SW,13,12,5,1,,0,,,,
2025,4,247.0,남원,60.5,-21.3,17.2,22,7,6,3,0,,1.9,9.4,WSW,13,10,5,5,,0,,,,
2025,4,248.0,장수,67.0,-29.6,17.0,22,7,7,4,0,,1.8,7.7,WNW,6,12,6,1,,0,,,,
2025,4,251.0,고창군,67.4,,31.3,12,9,5,2,1,,2.0,7.7,S,19,14,3,2,,0,,,,
2025,4,252.0,영광군,62.7,-27.4,29.8,12,7,5,2,0,,2.2,7.7,WSW,13,12,6,1,,0,,,,
2025,4,253.0,김해시,67.5,-60.9,23.7,22,5,4,3,0,,2.1,9.6,NW,13,12,4,3,,0,,,,
2025,4,254.0,순창군,70.4,-34.4,19.1,14,7,6,3,0,,2.3,10.0,NW,13,12,6,1,,0,,,,
2025,4,255.0,북창원,58.3,,17.7,12,7,5,3,0,,1.5,8.9,NW,13,12,6,3,,0,,,,
2025,4,257.0,양산시,55.3,-71.5,19.6,13,5,4,3,0,,2.5,9.6,NW,13,13,6,4,,0,,,,
2025,4,258.0,보성군,120.7,,69.5,22,7,3,2,2,,2.9,14.6,NNW,13,13,5,1,,1,,,,
2025,4,259.0,강진군,68.4,-56.5,28.7,12,6,4,3,0,,2.0,8.9,NW,12,11,6,1,,0,,,,
2025,4,260.0,장흥,81.6,-26.9,35.7,12,6,4,3,2,,1.9,7.7,W,13,10,7,1,,0,,,,
2025,4,261.0,해남,49.1,-45.4,29.4,12,7,5,2,0,,2.6,11.5,W,12,8,6,1,,0,,,,
2025,4,262.0,고흥,76.7,-51.5,33.5,22,9,3,2,2,,2.1,9.9,WNW,12,11,5,2,,0,,,,
2025,4,263.0,의령군,62.7,-55.7,23.3,22,7,4,3,0,,2.0,9.4,SW,13,11,5,2,,0,,,,
2025,4,264.0,함양군,37.8,-66.9,12.1,14,7,6,2,0,,2.1,8.0,WNW,13,11,4,1,,0,,,,
2025,4,266.0,광양시,85.5,,47.7,22,7,5,2,1,,2.0,11.3,WNW,13,13,6,3,,0,,,,
2025,4,268.0,진도군,71.0,-55.5,37.9,12,7,7,2,1,,2.6,9.3,NW,12,11,4,1,,0,,,,
2025,4,271.0,봉화,63.7,-17.0,28.1,22,7,6,2,0,,1.5,6.8,WSW,13,13,4,1,,0,,,,
2025,4,272.0,영주,78.0,-16.8,34.2,22,6,6,3,1,,2.6,12.6,NW,13,11,5,2,,0,,,,
2025,4,273.0,문경,71.6,-17.9,30.5,22,9,8,3,1,,2.0,10.7,WNW,13,13,5,2,,0,,,,
2025,4,276.0,청송군,41.4,-40.3,15.9,22,7,7,1,0,,2.3,8.2,WNW,6,11,4,1,,0,,,,
2025,4,277.0,영덕,41.8,-37.7,13.3,22,7,6,2,0,,2.8,11.5,NE,28,12,4,1,,0,,,,
2025,4,278.0,의성,40.4,-33.2,15.2,22,7,7,2,0,,1.4,7.5,NW,13,11,5,1,,0,,,,
2025,4,279.0,구미,50.4,-28.6,17.9,22,10,6,2,0,,1.6,6.7,W,13,13,5,2,,0,,,,
2025,4,281.0,영천,35.4,-41.0,14.4,22,6,5,2,0,,2.0,8.3,WNW,13,11,5,5,,0,,,,
2025,4,283.0,경주시,34.4,-61.7,14.1,13,7,4,1,0,,3.1,13.3,WNW,13,11,5,2,,0,,,,
2025,4,284.0,거창,42.5,-42.3,14.2,22,8,6,2,0,,2.1,9.8,NNW,28,12,7,1,,0,,,,
2025,4,285.0,합천,64.8,-17.1,25.0,22,7,5,3,0,,1.3,5.9,SSW,19,13,6,2,,0,,,,
2025,4,288.0,밀양,48.8,-41.7,19.0,13,6,5,2,0,,1.4,6.7,WNW,25,12,4,2,,0,,,,
2025,4,289.0,산청,64.5,-42.0,29.1,12,9,6,3,0,,2.1,13.4,WNW,13,14,7,2,,0,,,,
2025,4,294.0,거제,62.5,-114.7,23.9,12,12,7,2,0,,1.9,7.5,WNW,13,13,6,4,,0,,,,
2025,4,295.0,남해,126.4,-53.3,67.5,22,7,6,2,2,,1.8,7.3,NW,28,14,6,2,,0,,,,
2025,4,296.0,북부산,57.5,,24.0,22,4,4,2,0,,2.5,7.8,S,10,9,7,4,0,0,0,0,2,1
2025,5,90.0,속초,72.2,-16.3,47.2,9,10,6,2,1,,2.4,10.9,W,4,8,7,2,,0,,,,
2025,5,93.0,북춘천,69.3,,15.5,9,14,8,3,0,,1.3,10.0,WSW,4,4,11,2,1,0,3,0,0,0
2025,5,95.0,철원,86.7,-15.7,23.9,10,13,9,4,0,,1.4,6.7,SW,4,6,10,3,,0,,,,
2025,5,98.0,동두천,104.0,8.8,21.9,10,12,9,4,0,,1.2,8.5,WSW,4,7,8,4,,0,,,,
2025,5,99.0,파주,98.2,-3.8,27.5,9,11,9,4,0,,1.4,7.9,W,4,7,7,5,,0,,,,
2025,5,100.0,대관령,83.2,-25.0,17.8,9,13,12,3,0,,3.1,13.0,W,4,5,10,2,,0,,,,
2025,5,101.0,춘천,85.0,-14.4,20.7,9,13,9,3,0,,1.1,7.4,WSW,4,4,8,3,,0,,,,
2025,5,102.0,백령도,83.5,9.2,22.6,23,14,8,3,0,,3.6,12.3,S,1,5,10,5,15,0,1,0,0,0
2025,5,104.0,북강릉,58.0,,20.6,9,11,8,2,0,,1.9,9.1,W,4,5,9,2,1,0,0,0,0,0
2025,5,105.0,강릉,53.8,-25.4,17.0,24,11,7,2,0,,2.2,7.1,SW,20,6,8,2,,0,,,,
2025,5,106.0,동해,39.0,-24.3,12.9,9,8,5,2,0,,2.5,10.2,WSW,2,7,7,2,,0,,,,
2025,5,108.0,서울,123.6,20.0,51.3,16,12,11,4,1,,2.3,7.2,WSW,4,7,9,5,0,0,3,0,0,0
2025,5,112.0,인천,98.2,1.9,30.1,16,10,8,4,1,,2.6,10.4,WSW,4,6,10,4,7,0,2,0,0,0
2025,5,114.0,원주,64.1,-22.0,15.5,16,11,9,3,0,,1.5,6.1,W,4,5,10,4,,0,,,,
2025,5,115.0,울릉도,88.4,-20.1,38.0,9,11,8,4,1,,4.6,13.8,NW,18,7,7,2,9,0,0,0,0,0
2025,5,119.0,수원,74.3,-20.7,20.9,16,10,8,3,0,,2.0,7.1,WNW,4,5,11,6,2,0,1,0,0,0
2025,5,121.0,영월,103.3,24.9,22.1,16,12,10,5,0,,1.4,7.9,ESE,9,5,8,6,,0,,,,
2025,5,127.0,충주,114.0,26.6,28.0,16,12,9,5,0,,1.5,7.5,NE,29,6,9,6,,0,,,,
2025,5,129.0,서산,73.7,-27.4,26.4,3,10,9,3,0,,2.2,7.8,S,9,7,8,5,,0,,,,
2025,5,130.0,울진,92.3,21.8,29.9,9,8,7,5,0,,2.1,6.5,ESE,24,7,8,2,,0,,,,
2025,5,131.0,청주,103.5,20.7,35.0,16,13,10,4,1,,1.5,5.7,NE,24,6,7,5,0,0,2,0,0,0
2025,5,133.0,대전,93.4,1.6,35.9,1,10,6,4,1,,1.9,7.4,SE,9,6,6,5,0,0,2,0,0,0
2025,5,135.0,추풍령,116.2,36.1,25.8,16,11,10,5,0,,2.3,9.6,NE,29,8,9,5,,0,,,,
2025,5,136.0,안동,106.6,21.5,21.5,1,10,8,6,0,,1.6,6.8,WNW,4,7,11,3,0,0,1,0,0,0
2025,5,137.0,상주,105.5,17.9,23.3,9,12,8,4,0,,1.0,5.1,WSW,10,6,9,4,,0,,,,
2025,5,138.0,포항,89.7,5.1,26.0,9,9,6,4,0,,2.9,9.6,SSW,1,8,8,6,0,0,0,0,0,0
2025,5,140.0,군산,81.1,-4.7,21.4,16,8,7,5,0,,2.5,10.2,WNW,10,9,7,5,,0,,,,
2025,5,143.0,대구,103.6,25.7,28.1,1,13,8,5,0,,2.1,8.2,SE,28,6,9,4,0,0,2,0,0,0
2025,5,146.0,전주,121.8,39.0,41.6,16,9,8,4,2,,1.7,6.7,WSW,10,7,10,3,1,0,3,0,0,0
2025,5,152.0,울산,107.1,-0.3,35.4,16,9,7,3,2,,2.2,9.7,SW,19,7,8,5,1,0,0,0,0,0
2025,5,155.0,창원,137.4,-9.0,63.5,16,12,6,3,2,,1.8,7.4,ESE,18,6,11,4,1,0,3,0,0,0
2025,5,156.0,광주,102.8,11.4,40.1,16,9,5,3,1,,1.4,6.6,SE,1,8,11,4,0,0,1,0,0,0
2025,5,159.0,부산,132.7,-23.2,58.0,16,11,8,3,2,,3.2,14.1,SW,1,7,10,5,2,1,0,0,0,0
2025,5,162.0,통영,166.7,7.1,79.2,16,11,8,3,2,,2.3,9.9,SSW,1,8,11,6,,0,,,,
2025,5,165.0,목포,109.5,18.2,45.8,16,10,6,3,2,,3.4,12.4,NW,3,9,11,5,3,0,1,0,0,0
2025,5,168.0,여수,180.3,36.8,75.0,16,8,5,4,3,,3.2,13.6,WSW,1,7,11,5,4,0,2,0,0,0
2025,5,169.0,흑산도,111.4,14.7,58.1,16,7,5,2,2,,5.6,22.1,SE,9,8,10,7,11,6,2,0,0,0
2025,5,170.0,완도,197.2,50.2,77.1,9,9,6,4,2,,2.7,12.4,ESE,9,10,9,6,,0,,,,
2025,5,172.0,고창,86.7,17.1,43.4,16,8,6,3,1,,2.8,15.3,SE,9,8,11,3,,1,,,,
2025,5,174.0,순천,148.3,,48.6,16,13,10,4,3,,,7.2,WNW,10,6,11,5,,0,,,,
2025,5,177.0,홍성,76.4,,18.8,3,9,8,4,0,,2.3,8.3,WSW,10,5,10,4,1,0,1,0,0,0
2025,5,181.0,서청주,90.2,,25.3,16,11,8,4,0,,2.0,8.3,WSW,10,6,7,5,,0,,,,
2025,5,184.0,제주,81.8,-13.8,31.2,16,8,8,3,1,,2.9,13.4,SSW,3,8,12,4,1,0,0,0,0,0
2025,5,185.0,고산,159.4,41.7,56.6,9,9,6,4,3,,5.6,17.4,WNW,9,7,13,5,,5,,,,
2025,5,188.0,성산,337.5,159.5,160.7,9,10,8,7,4,,2.8,10.4,NW,10,9,10,6,,0,,,,
2025,5,189.0,서귀포,372.9,149.3,157.3,9,11,8,6,3,,1.9,6.4,WSW,10,5,12,6,3,0,1,0,0,0
2025,5,192.0,진주,-,-,74.4,16,-,-,-,-,,0.6,6.4,WSW,10,5,8,4,,0,,,,
2025,5,201.0,강화,113.2,2.3,39.5,9,10,9,4,1,,2.2,7.9,WSW,4,6,9,6,,0,,,,
2025,5,202.0,양평,79.1,-15.3,26.0,16,13,8,3,0,,1.2,7.8,W,4,8,9,6,,0,,,,
2025,5,203.0,이천,75.9,-17.3,20.5,1,11,8,4,0,,1.1,5.9,WSW,4,6,8,5,,0,,,,
2025,5,211.0,인제,70.8,-21.8,12.3,1,14,11,4,0,,1.5,6.9,SSW,4,6,11,4,,0,,,,
2025,5,212.0,홍천,125.7,24.4,39.7,16,13,11,4,1,,1.0,6.4,WSW,4,5,10,4,,0,,,,
2025,5,216.0,태백,107.5,17.3,20.0,9,12,7,7,0,,1.6,5.9,S,1,4,9,3,,0,,,,
2025,5,217.0,정선군,-,-,37.4,16,-,-,-,-,,1.5,6.0,SSE,5,4,8,4,,0,,,,
2025,5,221.0,제천,140.3,43.4,45.0,16,12,11,6,1,,1.4,6.9,W,4,5,10,5,,0,,,,
2025,5,226.0,보은,83.5,-9.3,19.7,3,11,8,4,0,,1.2,5.9,ESE,22,6,10,5,,0,,,,
2025,5,232.0,천안,78.2,-0.5,24.9,1,10,7,3,0,,1.3,6.3,WSW,4,7,8,4,,0,,,,
2025,5,235.0,보령,76.7,-10.8,32.8,1,10,6,3,1,,2.2,9.7,SSW,19,7,8,5,,0,,,,
2025,5,236.0,부여,86.8,-10.7,22.8,3,8,6,5,0,,0.8,4.6,W,4,7,6,4,,0,,,,
2025,5,238.0,금산,104.0,22.4,27.9,16,10,10,4,0,,1.2,5.9,SSE,1,7,7,3,,0,,,,
2025,5,239.0,세종,78.5,,21.9,16,8,6,4,0,,1.4,5.5,NW,4,7,7,4,,0,,,,
2025,5,243.0,부안,82.9,-2.0,32.7,16,8,4,3,1,,1.8,7.8,S,1,9,7,3,,0,,,,
2025,5,244.0,임실,131.4,45.5,54.7,16,8,7,4,2,,1.3,5.8,WSW,1,6,9,4,,0,,,,
2025,5,245.0,정읍,112.9,25.7,59.8,16,8,6,3,1,,2.2,9.7,SE,9,10,10,2,,0,,,,
2025,5,247.0,남원,128.7,38.2,41.9,16,10,8,4,2,,1.9,8.7,SE,1,6,9,4,,0,,,,
2025,5,248.0,장수,149.6,49.1,44.4,16,11,10,5,2,,1.6,7.8,WSW,10,7,10,5,,0,,,,
2025,5,251.0,고창군,106.6,,55.1,16,10,7,3,1,,1.7,10.2,SE,9,9,11,5,,0,,,,
2025,5,252.0,영광군,100.8,7.0,53.6,16,9,7,3,1,,1.9,7.0,SSW,19,9,12,4,,0,,,,
2025,5,253.0,김해시,118.7,8.1,52.5,16,11,7,3,2,,1.7,8.2,W,10,6,10,5,,0,,,,
2025,5,254.0,순창군,139.2,51.9,52.8,16,9,8,3,3,,1.9,7.3,NW,10,7,9,2,,0,,,,
2025,5,255.0,북창원,101.9,,40.5,16,11,8,3,1,,1.2,6.1,NW,3,7,10,4,,0,,,,
2025,5,257.0,양산시,99.8,-10.4,34.5,16,9,8,3,1,,2.2,6.5,NE,24,7,11,5,,0,,,,
2025,5,258.0,보성군,198.3,,73.0,16,10,7,4,3,,2.5,8.7,ESE,9,6,9,4,,0,,,,
2025,5,259.0,강진군,231.2,108.3,132.1,15,7,7,4,3,,1.7,9.0,ESE,9,9,11,6,,0,,,,
2025,5,260.0,장흥,299.7,178.1,179.2,15,8,6,4,4,,1.6,7.2,SE,9,7,11,5,,0,,,,
2025,5,261.0,해남,86.2,-16.2,30.8,16,10,6,3,1,,2.2,12.0,NE,9,9,12,5,,0,,,,
2025,5,262.0,고흥,302.9,169.6,108.2,15,12,9,5,4,,1.8,8.1,WNW,2,5,10,5,,0,,,,
2025,5,263.0,의령군,133.5,45.5,54.6,16,12,9,3,2,,1.6,8.9,SW,19,6,8,5,,0,,,,
2025,5,264.0,함양군,128.1,63.7,46.1,16,10,8,4,1,,1.6,6.6,W,2,5,9,4,,0,,,,
2025,5,266.0,광양시,169.1,,65.3,16,14,8,4,2,,1.6,5.8,WNW,2,8,10,4,,0,,,,
2025,5,268.0,진도군,110.0,-35.6,57.7,9,8,5,3,2,,2.2,7.7,SW,10,10,12,5,,0,,,,
2025,5,271.0,봉화,121.4,19.9,22.5,9,12,11,5,0,,1.3,5.9,WNW,4,6,8,7,,0,,,,
2025,5,272.0,영주,133.1,14.6,31.0,9,12,11,5,1,,1.9,9.5,NW,4,7,10,3,,0,,,,
2025,5,273.0,문경,106.3,-1.8,29.1,9,10,10,4,0,,1.5,6.7,WNW,4,8,8,3,,0,,,,
2025,5,276.0,청송군,94.6,37.9,28.7,1,12,8,4,0,,1.9,7.6,NW,10,7,8,2,,0,,,,
2025,5,277.0,영덕,135.9,61.4,37.5,17,10,9,4,2,,2.5,9.1,W,10,9,6,3,,0,,,,
2025,5,278.0,의성,113.7,35.1,30.2,1,12,10,5,1,,1.2,7.5,NE,28,8,10,4,,0,,,,
2025,5,279.0,구미,133.6,54.9,32.6,1,12,9,5,1,,1.4,5.5,WSW,1,7,11,4,,0,,,,
2025,5,281.0,영천,73.6,-12.2,24.0,1,12,6,4,0,,1.7,7.3,WNW,2,7,10,4,,0,,,,
2025,5,283.0,경주시,76.8,21.5,24.8,16,9,7,4,0,,2.7,10.9,S,1,8,7,5,,0,,,,
2025,5,284.0,거창,136.6,47.9,42.2,16,11,9,4,2,,1.7,7.5,SSW,1,5,9,4,,0,,,,
2025,5,285.0,합천,135.9,41.8,42.5,16,9,6,4,2,,1.1,5.0,W,10,4,9,4,,0,,,,
2025,5,288.0,밀양,92.2,-14.5,30.7,16,10,8,4,1,,1.6,6.1,WNW,29,4,9,4,,0,,,,
2025,5,289.0,산청,158.2,52.7,55.0,16,9,8,3,2,,1.5,8.6,W,10,5,8,3,,0,,,,
2025,5,294.0,거제,161.1,-41.9,63.3,16,12,9,3,3,,1.7,6.4,NW,9,7,11,5,,0,,,,
2025,5,295.0,남해,204.4,8.1,94.7,16,10,8,4,3,,1.5,7.1,W,10,7,9,3,,0,,,,
2025,5,296.0,북부산,101.2,,39.1,16,11,8,3,1,,2.2,8.2,SSW,1,6,10,5,0,0,0,0,0,0
2025,6,90.0,속초,30.2,-89.3,11.0,16,7,6,1,0,,2.1,8.1,W,11,6,12,3,,0,,,,
2025,6,93.0,북춘천,123.9,,74.0,20,8,5,2,2,,1.3,6.8,WSW,4,4,11,1,1,0,0,0,0,0
2025,6,95.0,철원,198.0,79.0,120.5,20,9,7,3,2,,1.4,5.9,SSW,20,5,12,3,,0,,,,
2025,6,98.0,동두천,203.4,72.9,117.0,20,11,9,4,1,,1.1,8.6,SSW,20,6,11,5,,0,,,,
2025,6,99.0,파주,159.7,52.3,103.7,20,11,8,3,1,,1.2,7.1,SW,20,5,9,5,,0,,,,
2025,6,100.0,대관령,74.2,-88.3,25.6,21,12,8,2,0,,2.9,12.1,W,4,5,10,3,,0,,,,
2025,6,101.0,춘천,121.4,-1.5,69.3,20,6,4,3,2,,1.4,5.3,W,11,5,10,3,,0,,,,
2025,6,102.0,백령도,101.7,29.7,77.7,20,9,5,2,1,,3.2,9.8,SSE,20,7,15,5,15,0,0,0,0,0
2025,6,104.0,북강릉,17.0,,5.3,28,9,4,0,0,,1.7,7.8,W,4,3,9,3,2,0,0,0,0,0
2025,6,105.0,강릉,-,-,6.5,21,-,-,-,-,,2.1,7.8,WSW,10,3,10,4,,0,,,,
2025,6,106.0,동해,17.7,-88.2,6.7,21,7,4,0,0,,1.9,8.6,W,4,4,7,4,,0,,,,
2025,6,108.0,서울,98.1,-31.4,51.1,20,12,7,3,1,,2.3,8.3,S,20,5,13,5,0,0,2,0,0,0
2025,6,112.0,인천,147.9,41.9,113.5,20,11,6,2,1,,2.4,10.0,SSW,20,5,13,4,7,0,3,0,0,0
2025,6,114.0,원주,139.2,2.5,32.9,20,11,8,4,3,,1.5,7.9,SSW,20,4,11,5,,0,,,,
2025,6,115.0,울릉도,162.2,45.4,54.4,21,9,7,3,3,,3.8,12.3,WSW,16,2,8,3,10,0,0,0,0,0
2025,6,119.0,수원,78.2,-44.7,45.7,20,12,6,2,1,,2.0,7.7,WNW,4,4,10,4,0,0,1,0,0,0
2025,6,121.0,영월,138.6,1.5,55.0,21,11,7,5,1,,1.1,7.4,W,3,3,11,4,,0,,,,
2025,6,127.0,충주,146.9,12.2,57.1,21,11,10,4,1,,1.3,6.9,SW,4,3,10,4,,0,,,,
2025,6,129.0,서산,99.9,-38.3,54.0,20,11,9,2,1,,2.3,9.7,S,20,4,10,5,,0,,,,
2025,6,130.0,울진,56.4,-47.9,27.6,14,11,6,2,0,,1.8,5.1,S,20,6,11,3,,0,,,,
2025,6,131.0,청주,209.6,69.6,65.7,21,11,9,7,2,,1.4,5.8,W,16,2,9,6,0,0,0,0,0,0
2025,6,133.0,대전,300.1,132.8,78.3,21,10,9,7,5,,1.7,6.9,SSW,20,3,9,5,0,0,1,0,0,0
2025,6,135.0,추풍령,252.9,116.3,78.6,14,11,7,5,3,,1.9,10.1,WSW,4,3,9,4,,0,,,,
2025,6,136.0,안동,148.6,25.5,65.1,14,11,8,3,2,,1.4,7.3,WNW,4,3,7,2,1,0,0,0,0,0
2025,6,137.0,상주,237.0,121.8,77.8,21,9,7,6,3,,1.0,5.2,WNW,4,4,8,4,,0,,,,
2025,6,138.0,포항,149.5,22.7,59.0,14,9,7,6,1,,2.5,7.3,W,4,4,9,3,0,0,0,0,0,0
2025,6,140.0,군산,303.0,160.8,87.2,21,9,7,5,4,,2.4,8.2,S,20,4,6,5,,0,,,,
2025,6,143.0,대구,163.7,34.5,74.1,21,10,7,3,3,,1.8,8.4,WNW,4,3,7,4,0,0,0,0,0,0
2025,6,146.0,전주,320.6,161.6,112.6,21,9,8,5,3,,1.8,8.7,SW,16,3,9,4,0,0,0,0,0,0
2025,6,152.0,울산,163.1,7.6,68.7,14,10,9,5,2,,1.7,8.4,SW,20,5,10,4,2,0,0,0,0,0
2025,6,155.0,창원,188.2,-2.5,75.1,14,12,11,4,2,,1.8,6.2,SSE,17,6,11,3,3,0,0,0,0,0
2025,6,156.0,광주,246.4,93.8,133.5,21,11,8,4,2,,1.6,6.8,SSE,21,6,9,4,0,0,0,0,0,0
2025,6,159.0,부산,292.7,104.3,166.7,14,11,11,4,3,,3.3,13.1,SW,22,5,12,5,5,0,1,0,0,0
2025,6,162.0,통영,227.2,31.4,83.7,14,11,10,6,3,,2.2,11.3,SW,21,5,12,4,,0,,,,
2025,6,165.0,목포,207.4,57.2,69.0,21,9,8,3,3,,3.1,10.1,SW,16,1,10,5,1,0,0,0,0,0
2025,6,168.0,여수,154.5,-39.8,56.7,14,9,9,6,2,,3.1,11.6,NNW,4,2,11,4,10,0,0,0,0,0
2025,6,169.0,흑산도,216.1,58.6,84.0,13,10,7,5,3,,5.2,13.5,SSE,19,1,18,9,20,0,0,0,0,0
2025,6,170.0,완도,106.7,-100.5,32.8,14,12,7,6,1,,2.3,9.0,S,20,4,14,3,,0,,,,
2025,6,172.0,고창,302.3,213.3,122.2,21,9,8,4,3,,2.5,9.8,NE,21,5,8,5,,0,,,,
2025,6,174.0,순천,204.8,,67.7,14,10,9,5,3,,1.4,7.6,NW,4,7,10,5,,0,,,,
2025,6,177.0,홍성,174.6,,82.2,20,10,10,4,2,,2.3,7.7,SW,20,3,12,5,1,0,2,0,0,0
2025,6,181.0,서청주,190.3,,65.9,21,11,9,6,2,,1.8,10.5,SW,16,5,8,3,,0,,,,
2025,6,184.0,제주,85.1,-86.1,22.8,15,9,7,5,0,,2.7,9.8,SW,21,5,15,3,6,0,1,0,0,0
2025,6,185.0,고산,116.5,-41.6,24.7,13,13,8,5,0,,4.8,12.6,NW,3,4,15,7,,0,,,,
2025,6,188.0,성산,180.9,-51.0,47.8,22,12,9,5,3,,2.6,8.9,WNW,3,5,18,7,,0,,,,
2025,6,189.0,서귀포,198.1,-69.5,48.1,13,13,9,6,3,,1.8,6.6,SW,14,1,21,7,6,0,1,0,0,0
2025,6,192.0,진주,186.8,12.5,66.3,14,12,8,4,3,,0.6,5.5,WSW,4,5,10,3,,0,,,,
2025,6,201.0,강화,147.8,37.8,82.2,20,11,7,3,2,,2.1,9.8,SW,20,7,10,6,,0,,,,
2025,6,202.0,양평,98.7,-35.5,73.0,20,10,5,2,1,,1.3,6.9,W,4,5,11,4,,0,,,,
2025,6,203.0,이천,109.5,-18.7,52.4,20,13,8,3,1,,1.2,5.8,S,20,4,10,4,,0,,,,
2025,6,211.0,인제,69.0,-47.8,28.6,20,9,7,2,0,,1.4,6.4,SSW,20,4,10,6,,0,,,,
2025,6,212.0,홍천,77.7,-47.2,29.4,20,10,6,3,0,,1.0,5.2,SSW,20,6,10,5,,0,,,,
2025,6,216.0,태백,73.4,-67.0,30.6,21,11,8,2,1,,1.4,5.1,SSW,4,2,9,3,,0,,,,
2025,6,217.0,정선군,129.5,22.1,60.1,21,9,7,3,2,,1.3,5.4,NNW,4,4,13,3,,0,,,,
2025,6,221.0,제천,187.9,40.4,77.7,21,12,9,4,2,,1.2,7.4,WSW,4,3,12,4,,0,,,,
2025,6,226.0,보은,225.8,69.4,75.1,21,14,11,5,3,,1.1,5.9,W,4,4,10,4,,0,,,,
2025,6,232.0,천안,140.6,13.6,56.6,21,9,9,3,2,,1.1,6.7,W,4,4,9,4,,0,,,,
2025,6,235.0,보령,252.2,118.2,93.8,20,10,9,5,2,,2.2,11.5,SSW,20,3,10,5,,0,,,,
2025,6,236.0,부여,270.5,113.4,105.9,20,11,10,4,4,,0.8,5.2,SSE,20,4,8,5,,0,,,,
2025,6,238.0,금산,262.3,100.5,100.3,21,10,7,4,3,,1.1,5.6,WNW,4,5,9,4,,0,,,,
2025,6,239.0,세종,222.9,,71.4,21,11,9,5,3,,1.3,7.3,SSW,20,6,8,5,,0,,,,
2025,6,243.0,부안,317.6,185.8,109.2,21,10,7,5,4,,1.7,8.7,SSW,20,4,8,4,,0,,,,
2025,6,244.0,임실,302.0,159.6,152.3,21,11,8,4,3,,1.3,5.6,NNW,4,6,9,4,,0,,,,
2025,6,245.0,정읍,331.0,194.9,136.3,21,10,8,4,3,,2.2,9.2,SSE,20,4,8,4,,0,,,,
2025,6,247.0,남원,292.8,135.5,174.9,21,9,9,5,3,,1.7,6.1,WSW,19,4,9,4,,0,,,,
2025,6,248.0,장수,317.9,153.0,151.7,21,12,7,4,3,,1.4,6.0,W,4,5,11,4,,0,,,,
2025,6,251.0,고창군,323.5,,132.1,21,10,8,4,3,,1.6,5.8,SSE,20,4,8,5,,0,,,,
2025,6,252.0,영광군,303.4,198.7,119.9,21,9,8,5,4,,1.9,7.5,S,20,5,10,5,,0,,,,
2025,6,253.0,김해시,-,-,89.0,14,-,-,-,-,,1.5,6.5,WNW,4,5,9,6,,0,,,,
2025,6,254.0,순창군,276.9,154.6,148.5,21,10,9,4,3,,1.7,7.9,SE,11,5,9,3,,0,,,,
2025,6,255.0,북창원,171.3,,76.7,14,11,11,4,1,,1.1,5.3,W,4,6,10,4,,0,,,,
2025,6,257.0,양산시,204.0,56.3,96.5,14,11,11,4,2,,2.1,5.9,SSW,4,7,10,5,,0,,,,
2025,6,258.0,보성군,145.4,,44.4,14,10,7,4,2,,2.4,9.1,NNW,4,7,11,4,,0,,,,
2025,6,259.0,강진군,182.1,25.5,82.6,14,9,8,4,2,,1.6,5.9,SW,16,4,12,4,,0,,,,
2025,6,260.0,장흥,186.4,-0.6,87.0,14,9,8,4,2,,1.5,6.1,NNW,4,3,12,5,,0,,,,
2025,6,261.0,해남,185.8,24.9,95.9,14,10,8,4,2,,2.0,8.1,SSE,20,4,12,3,,0,,,,
2025,6,262.0,고흥,112.8,-74.1,28.2,13,11,7,4,0,,1.7,8.7,NW,3,5,13,4,,0,,,,
2025,6,263.0,의령군,185.9,64.4,61.7,21,11,9,4,3,,1.6,8.5,NW,4,6,10,4,,0,,,,
2025,6,264.0,함양군,208.2,94.2,111.1,21,11,9,5,2,,1.3,7.5,NW,4,4,9,3,,0,,,,
2025,6,266.0,광양시,188.3,,73.2,14,10,8,3,3,,1.4,6.2,NW,4,5,10,4,,0,,,,
2025,6,268.0,진도군,213.7,59.8,95.7,14,11,9,3,3,,2.0,6.8,SSW,21,2,13,4,,0,,,,
2025,6,271.0,봉화,121.2,-22.0,48.7,21,11,9,3,1,,1.1,6.0,NNW,11,2,10,4,,0,,,,
2025,6,272.0,영주,165.5,7.0,53.3,21,12,9,5,3,,1.8,10.2,NW,4,4,8,4,,0,,,,
2025,6,273.0,문경,221.0,66.2,73.0,21,11,7,6,3,,1.3,8.7,WNW,4,4,7,3,,0,,,,
2025,6,276.0,청송군,221.0,127.3,101.2,14,9,8,3,3,,1.7,8.0,WNW,4,4,9,2,,0,,,,
2025,6,277.0,영덕,150.2,36.8,79.5,14,10,8,3,2,,1.9,7.9,WNW,4,6,7,3,,0,,,,
2025,6,278.0,의성,213.0,97.2,89.9,21,9,7,3,2,,1.1,6.4,W,4,4,9,4,,0,,,,
2025,6,279.0,구미,238.9,118.6,102.0,21,10,8,4,2,,1.3,5.7,W,4,4,9,3,,0,,,,
2025,6,281.0,영천,181.0,55.0,58.1,14,9,7,5,3,,1.5,6.8,WNW,4,6,10,2,,0,,,,
2025,6,283.0,경주시,130.8,30.2,47.1,14,10,7,5,2,,2.4,8.1,W,4,6,8,4,,0,,,,
2025,6,284.0,거창,206.6,57.2,106.4,21,11,9,4,2,,1.6,8.8,NW,4,5,9,5,,0,,,,
2025,6,285.0,합천,197.3,50.6,77.5,21,11,9,6,3,,1.0,4.5,WSW,4,5,9,4,,0,,,,
2025,6,288.0,밀양,163.0,7.1,61.0,14,11,10,4,2,,1.6,6.2,WNW,4,6,10,3,,0,,,,
2025,6,289.0,산청,242.1,69.7,87.9,21,11,11,5,4,,1.5,8.4,WNW,4,5,10,4,,0,,,,
2025,6,294.0,거제,338.5,101.4,140.6,14,11,11,7,3,,1.7,6.1,ESE,16,5,13,4,,0,,,,
2025,6,295.0,남해,221.3,-22.5,95.7,14,11,9,4,2,,1.3,5.4,W,4,5,11,5,,0,,,,
2025,6,296.0,북부산,228.3,,107.2,14,12,9,4,2,,2.0,6.4,S,10,6,10,4,3,0,0,0,0,0
2025,7,90.0,속초,148.6,-117.0,75.6,14,8,6,5,1,,1.9,11.1,NNE,15,8,11,2,,0,,,,
2025,7,93.0,북춘천,288.5,,136.7,20,12,10,7,3,,1.1,4.9,NNW,1,8,13,1,1,0,3,0,0,0
2025,7,95.0,철원,205.7,-194.3,93.2,20,11,10,5,2,,1.3,6.0,NNE,10,9,14,0,,0,,,,
2025,7,98.0,동두천,259.4,-172.3,86.0,20,13,11,7,3,,0.9,4.9,SW,2,9,10,3,,0,,,,
2025,7,99.0,파주,262.6,-132.6,70.4,20,12,10,8,3,,1.2,4.4,W,1,9,10,4,,0,,,,
2025,7,100.0,대관령,147.6,-188.7,32.4,17,9,8,4,2,,2.5,8.2,W,4,5,12,0,,0,,,,
2025,7,101.0,춘천,286.0,-112.2,94.7,20,10,9,7,4,,1.5,6.1,NNE,10,7,12,2,,0,,,,
2025,7,102.0,백령도,94.5,-106.5,68.1,16,6,4,2,1,,2.7,8.3,SSE,3,7,16,4,16,0,1,0,0,0
2025,7,104.0,북강릉,131.9,,43.9,14,8,7,4,2,,1.6,7.4,W,4,7,12,2,0,0,2,0,0,0
2025,7,105.0,강릉,128.2,-122.0,39.7,15,7,7,4,2,,2.1,6.6,SW,4,6,10,4,,0,,,,
2025,7,106.0,동해,80.1,-150.7,39.8,14,8,8,3,1,,1.8,6.8,NNE,10,9,11,1,,0,,,,
2025,7,108.0,서울,293.9,-120.5,84.0,19,10,8,7,3,,2.3,6.8,SSW,8,5,13,3,0,0,4,0,0,0
2025,7,112.0,인천,260.1,-77.6,64.0,16,11,8,7,4,,2.4,8.9,S,19,7,14,1,2,0,5,0,0,0
2025,7,114.0,원주,235.4,-122.4,74.3,19,10,9,5,3,,1.4,5.7,SSE,17,8,12,2,,0,,,,
2025,7,115.0,울릉도,168.3,-6.7,117.7,14,7,4,3,2,,4.1,16.2,NE,14,7,6,4,5,1,1,0,0,0
2025,7,119.0,수원,208.6,-176.5,68.1,17,12,10,5,3,,2.0,6.9,NW,8,6,10,3,0,0,2,0,0,0
2025,7,121.0,영월,149.0,-145.8,63.5,17,10,8,5,1,,1.2,5.9,ESE,8,9,11,3,,0,,,,
2025,7,127.0,충주,-,-,42.2,16,-,-,-,-,,1.2,7.3,N,8,10,11,2,,0,,,,
2025,7,129.0,서산,597.3,322.7,438.9,17,9,7,3,3,,2.0,7.5,ENE,17,8,8,2,,0,,,,
2025,7,130.0,울진,148.5,-54.5,69.7,14,7,6,5,1,,1.9,5.5,SSE,1,10,9,1,,0,,,,
2025,7,131.0,청주,346.7,52.9,256.8,17,7,5,3,2,,1.5,7.2,NE,14,8,8,3,0,0,4,0,0,0
2025,7,133.0,대전,300.8,-6.1,168.4,17,8,7,4,3,,1.9,7.3,SE,10,9,6,3,0,0,4,0,0,0
2025,7,135.0,추풍령,143.5,-117.2,49.0,17,7,7,4,3,,1.8,10.5,W,14,10,6,3,,0,,,,
2025,7,136.0,안동,151.6,-83.6,44.3,17,7,7,6,2,,1.4,5.5,ESE,10,9,7,4,1,0,0,0,0,0
2025,7,137.0,상주,165.5,-113.8,58.9,17,7,6,5,2,,0.8,4.4,SSW,18,10,6,3,,0,,,,
2025,7,138.0,포항,262.8,62.2,71.6,17,6,5,5,4,,2.6,7.9,NE,14,8,6,1,0,0,4,0,0,0
2025,7,140.0,군산,169.8,-107.5,77.4,17,7,7,4,2,,2.1,9.1,SE,18,9,6,2,,0,,,,
2025,7,143.0,대구,248.0,24.1,102.3,17,8,7,5,3,,1.9,7.6,ESE,11,11,6,1,0,0,4,0,0,0
2025,7,146.0,전주,198.7,-104.1,91.2,17,9,8,3,2,,2.0,6.2,SSE,16,7,7,2,0,0,4,0,0,0
2025,7,152.0,울산,285.1,51.0,101.9,19,7,7,5,3,,1.8,6.4,NE,10,10,6,1,1,0,3,0,0,0
2025,7,155.0,창원,256.4,-48.1,88.0,19,7,7,5,3,,1.8,7.7,SSE,17,11,5,1,0,0,3,0,0,0
2025,7,156.0,광주,622.8,328.6,426.4,17,8,7,5,4,,1.6,8.7,ESE,28,8,6,3,0,0,4,0,0,0
2025,7,159.0,부산,241.8,-85.0,111.0,13,6,5,4,3,,3.1,9.0,SSW,19,13,5,2,0,0,2,0,0,0
2025,7,162.0,통영,83.6,-205.5,62.0,13,7,5,1,1,,2.5,10.6,SSW,17,14,5,1,,0,,,,
2025,7,165.0,목포,273.2,52.5,135.6,17,5,5,4,2,,2.8,10.8,SW,17,9,5,3,1,0,3,0,0,0
2025,7,168.0,여수,112.5,-164.3,46.0,13,8,7,4,1,,3.6,12.5,SW,17,16,5,2,2,0,1,0,0,0
2025,7,169.0,흑산도,365.2,157.1,165.1,17,6,5,3,3,,4.6,19.1,SE,17,7,12,3,15,3,3,0,0,0
2025,7,170.0,완도,101.4,-155.8,61.6,13,7,5,2,2,,3.0,9.7,SE,9,14,7,1,,0,,,,
2025,7,172.0,고창,357.6,73.0,196.7,17,8,6,4,2,,2.5,11.5,ESE,16,10,6,1,,0,,,,
2025,7,174.0,순천,479.0,,253.7,17,8,6,5,3,,1.3,6.8,WNW,17,12,6,4,,0,,,,
2025,7,177.0,홍성,467.8,,353.3,17,7,5,3,2,,2.0,7.5,NE,17,7,7,3,0,0,4,0,0,0
2025,7,181.0,서청주,323.1,,240.3,17,7,7,3,2,,1.6,8.6,NNE,14,9,8,2,,0,,,,
2025,7,184.0,제주,141.9,-68.3,71.3,13,6,3,2,2,,3.2,8.7,WSW,17,8,8,4,0,0,1,0,0,0
2025,7,185.0,고산,68.9,-98.8,46.3,18,7,5,2,1,,5.0,13.3,NW,14,14,6,3,,0,,,,
2025,7,188.0,성산,44.7,-226.6,24.9,18,4,4,2,0,,3.2,9.2,SSW,17,13,7,4,,0,,,,
2025,7,189.0,서귀포,19.1,-256.7,11.8,18,6,4,1,0,,2.4,6.5,ENE,11,7,9,3,0,0,1,0,0,0
2025,7,192.0,진주,441.8,129.6,191.5,19,7,7,6,4,,0.7,3.5,ESE,3,10,5,3,,0,,,,
2025,7,201.0,강화,229.3,-126.3,84.2,20,10,7,5,2,,1.8,5.6,WSW,20,7,9,4,,0,,,,
2025,7,202.0,양평,282.5,-126.5,94.9,19,12,10,7,3,,1.2,9.1,NNE,8,9,10,4,,0,,,,
2025,7,203.0,이천,297.2,-67.1,97.6,19,12,10,6,3,,0.9,4.0,SSE,16,9,10,4,,0,,,,
2025,7,211.0,인제,183.6,-148.8,53.1,20,11,9,5,3,,1.3,5.1,SSW,4,8,13,4,,0,,,,
2025,7,212.0,홍천,220.7,-175.0,70.5,19,12,8,4,3,,0.9,4.8,NE,10,7,12,1,,0,,,,
2025,7,216.0,태백,116.5,-157.7,33.9,17,8,7,5,1,,1.5,4.7,SSW,19,8,11,2,,0,,,,
2025,7,217.0,정선군,144.8,-187.9,63.4,17,9,8,4,1,,1.3,6.1,NNW,10,9,12,3,,0,,,,
2025,7,221.0,제천,216.6,-139.4,77.5,17,12,11,6,3,,,5.2,NE,10,9,10,2,,0,,,,
2025,7,226.0,보은,235.1,-70.9,134.1,17,8,8,4,3,,1.2,6.2,ESE,16,10,8,3,,0,,,,
2025,7,232.0,천안,404.0,119.9,301.1,17,10,7,3,2,,1.2,5.5,ESE,11,11,7,3,,0,,,,
2025,7,235.0,보령,279.0,30.9,133.8,16,9,9,3,2,,2.2,9.8,S,17,8,7,1,,0,,,,
2025,7,236.0,부여,385.4,89.7,179.8,17,7,6,4,2,,0.2,2.2,ESE,17,8,7,3,,0,,,,
2025,7,238.0,금산,222.1,-75.7,96.8,17,9,5,5,3,,1.1,4.7,S,17,9,6,2,,0,,,,
2025,7,239.0,세종,278.9,,192.9,17,7,6,3,2,,1.2,6.1,NNE,14,9,7,3,,0,,,,
2025,7,243.0,부안,209.0,-66.5,78.7,19,9,9,5,2,,1.5,6.5,SSW,19,11,6,1,,0,,,,
2025,7,244.0,임실,342.1,30.1,158.3,19,7,7,5,2,,1.2,6.6,NW,17,6,6,2,,0,,,,
2025,7,245.0,정읍,218.5,-65.5,100.8,19,7,7,4,2,,1.8,9.4,SSE,17,9,6,2,,0,,,,
2025,7,247.0,남원,343.4,40.2,225.4,17,7,7,2,2,,1.9,7.0,WSW,17,10,6,2,,0,,,,
2025,7,248.0,장수,249.9,-89.8,134.8,19,8,8,5,2,,1.1,7.6,NE,7,9,7,4,,0,,,,
2025,7,251.0,고창군,304.8,,121.8,17,9,9,6,2,,1.5,7.3,SSE,18,9,6,3,,0,,,,
2025,7,252.0,영광군,-,-,119.0,19,-,-,-,-,,1.6,6.1,S,17,12,6,2,,0,,,,
2025,7,253.0,김해시,327.4,36.3,142.5,13,6,6,5,2,,1.4,6.8,SSE,17,13,6,1,,0,,,,
2025,7,254.0,순창군,482.1,115.5,332.1,17,7,7,4,2,,1.4,6.1,NW,17,11,6,2,,0,,,,
2025,7,255.0,북창원,260.1,,119.4,13,7,7,5,3,,1.3,5.2,E,9,12,5,2,,0,,,,
2025,7,257.0,양산시,338.6,25.3,127.9,19,8,6,5,4,,1.9,6.4,SW,19,14,5,2,,0,,,,
2025,7,258.0,보성군,180.6,,106.4,19,6,6,3,2,,2.3,7.4,SW,19,15,5,2,,0,,,,
2025,7,259.0,강진군,259.1,25.4,83.5,13,7,7,5,4,,1.7,5.8,E,11,12,6,3,,0,,,,
2025,7,260.0,장흥,274.6,-0.7,67.2,21,7,6,5,5,,1.5,6.4,ESE,19,12,5,2,,0,,,,
2025,7,261.0,해남,159.6,-67.0,98.9,13,6,6,4,1,,2.3,8.0,NNE,11,13,5,2,,0,,,,
2025,7,262.0,고흥,68.7,-196.2,22.8,18,7,6,3,0,,1.8,7.6,S,18,16,5,2,,0,,,,
2025,7,263.0,의령군,434.0,166.8,214.6,19,7,7,5,4,,1.4,6.9,SW,19,10,5,3,,0,,,,
2025,7,264.0,함양군,391.4,106.3,165.0,19,9,7,4,2,,1.3,6.8,WNW,21,11,6,3,,0,,,,
2025,7,266.0,광양시,308.7,,103.7,19,8,7,7,5,,1.8,5.3,ENE,11,13,6,3,,0,,,,
2025,7,268.0,진도군,86.5,-146.1,37.2,18,6,5,2,2,,2.1,7.0,SSW,17,15,6,3,,0,,,,
2025,7,271.0,봉화,177.3,-100.4,53.8,17,8,8,6,2,,1.1,6.3,SSE,18,10,10,2,,0,,,,
2025,7,272.0,영주,153.0,-145.8,74.9,17,8,7,5,1,,1.7,8.4,NW,4,9,10,3,,0,,,,
2025,7,273.0,문경,195.3,-114.2,89.1,17,10,9,4,3,,1.2,4.6,ESE,11,11,8,4,,0,,,,
2025,7,276.0,청송군,204.3,7.7,57.1,19,8,6,5,4,,1.7,6.1,W,4,9,8,2,,0,,,,
2025,7,277.0,영덕,-,-,43.0,14,-,-,-,-,,2.2,8.8,NE,10,11,7,1,,0,,,,
2025,7,278.0,의성,217.7,-3.7,44.9,17,8,7,6,4,,1.0,4.9,SSW,18,9,8,4,,0,,,,
2025,7,279.0,구미,142.0,-91.9,46.9,17,7,6,4,3,,1.3,4.7,ESE,17,10,5,3,,0,,,,
2025,7,281.0,영천,308.9,79.1,96.4,17,7,6,5,4,,1.5,5.6,ESE,11,11,7,2,,0,,,,
2025,7,283.0,경주시,310.5,120.4,107.3,13,8,8,6,5,,2.3,7.7,N,11,10,6,1,,0,,,,
2025,7,284.0,거창,314.3,28.1,157.1,19,8,7,6,2,,1.5,6.5,NW,14,9,6,2,,0,,,,
2025,7,285.0,합천,587.0,297.5,280.1,19,7,6,6,4,,0.9,4.1,ENE,11,10,5,3,,0,,,,
2025,7,288.0,밀양,473.9,214.6,138.8,17,8,8,5,5,,1.5,5.4,WSW,14,10,5,1,,0,,,,
2025,7,289.0,산청,-,-,289.2,17,-,-,-,-,,1.1,5.7,NE,16,9,4,2,,0,,,,
2025,7,294.0,거제,136.7,-230.9,90.8,13,7,6,2,1,,1.9,6.8,ESE,17,13,6,2,,0,,,,
2025,7,295.0,남해,146.2,-207.7,57.9,13,8,7,5,2,,1.5,5.2,SSW,17,15,6,4,,0,,,,
2025,7,296.0,북부산,300.9,,137.9,13,6,5,5,4,,2.3,8.9,S,17,13,5,2,0,0,1,0,0,0
2025,8,90.0,속초,97.4,-200.6,42.9,6,8,6,4,1,,1.9,7.3,SE,28,6,10,1,,0,,,,
2025,8,93.0,북춘천,238.9,,67.4,6,13,10,5,4,,1.0,5.4,NNW,6,1,11,1,0,0,5,0,0,0
2025,8,95.0,철원,430.9,83.5,128.1,13,15,11,8,4,,1.1,5.5,WNW,31,2,8,1,,0,,,,
2025,8,98.0,동두천,354.7,7.2,149.9,13,15,11,5,4,,1.0,5.2,WSW,29,2,11,1,,0,,,,
2025,8,99.0,파주,379.3,96.4,167.4,14,12,10,4,2,,1.1,6.2,E,13,3,10,1,,0,,,,
2025,8,100.0,대관령,52.2,-316.2,24.4,6,10,7,2,0,,2.5,8.9,W,29,5,8,1,,0,,,,
2025,8,101.0,춘천,252.9,-67.0,70.9,6,12,9,4,4,,1.3,5.3,SW,19,2,11,1,,0,,,,
2025,8,102.0,백령도,130.0,-28.5,60.8,13,10,5,4,2,,2.8,8.5,NNW,26,1,12,3,7,0,5,0,0,0
2025,8,104.0,북강릉,42.5,,27.2,6,10,7,1,0,,1.5,5.4,WSW,14,5,7,2,0,0,1,0,0,0
2025,8,105.0,강릉,41.1,-251.8,22.7,6,7,5,1,0,,1.9,5.6,WSW,13,5,7,1,,0,,,,
2025,8,106.0,동해,34.7,-192.5,10.5,7,11,7,1,0,,1.8,8.2,SE,12,3,9,2,,0,,,,
2025,8,108.0,서울,290.3,-57.9,126.7,13,12,12,6,3,,2.3,6.3,SW,29,2,10,2,0,0,6,0,0,0
2025,8,112.0,인천,310.2,35.6,189.9,13,10,8,4,3,,2.5,8.4,SSW,13,2,11,1,0,0,7,0,0,0
2025,8,114.0,원주,110.9,-178.9,67.6,13,13,8,3,1,,1.3,4.9,W,13,2,9,1,,0,,,,
2025,8,115.0,울릉도,22.4,-154.3,10.0,4,6,4,1,0,,3.2,10.1,WSW,14,5,9,1,1,0,1,0,0,0
2025,8,119.0,수원,169.7,-126.6,59.6,13,12,10,4,2,,1.9,6.4,SSW,13,1,5,1,0,0,3,0,0,0
2025,8,121.0,영월,80.3,-200.1,39.5,13,9,7,3,1,,1.1,5.5,ESE,12,3,10,1,,0,,,,
2025,8,127.0,충주,-,-,22.9,13,-,-,-,-,,1.1,4.8,ENE,3,1,9,3,,0,,,,
2025,8,129.0,서산,-,-,35.0,14,-,-,-,-,,1.8,6.7,SSW,25,4,7,3,,0,,,,
2025,8,130.0,울진,13.4,-199.6,6.2,4,6,3,0,0,,1.6,4.5,SSE,20,4,9,1,,0,,,,
2025,8,131.0,청주,144.1,-130.1,38.6,15,9,7,5,2,,1.3,4.9,W,13,1,10,3,0,0,2,0,0,0
2025,8,133.0,대전,105.5,-194.3,46.7,3,8,6,3,2,,1.6,7.6,S,31,0,7,2,0,0,1,0,0,0
2025,8,135.0,추풍령,109.7,-154.2,41.4,3,10,9,3,1,,1.3,7.1,W,26,6,8,3,,0,,,,
2025,8,136.0,안동,66.5,-159.9,40.1,4,9,6,2,1,,1.3,4.8,W,26,5,8,1,1,0,1,0,0,0
2025,8,137.0,상주,77.4,-176.5,29.7,3,10,8,3,0,,0.9,4.2,NW,31,5,7,2,,0,,,,
2025,8,138.0,포항,93.3,-136.9,32.0,4,10,9,3,1,,2.3,6.4,SW,4,7,6,2,0,0,0,0,0,0
2025,8,140.0,군산,152.9,-113.6,76.9,26,9,7,3,2,,2.2,7.4,SSE,31,4,7,1,,0,,,,
2025,8,143.0,대구,158.0,-87.3,91.0,4,10,8,4,1,,1.4,6.8,W,6,3,6,1,0,0,2,0,0,0
2025,8,146.0,전주,181.0,-108.6,69.7,26,13,11,4,2,,1.8,9.7,WSW,26,2,8,3,0,0,3,0,0,0
2025,8,152.0,울산,199.0,-35.1,82.0,3,10,8,4,4,,1.7,7.0,SW,3,8,7,2,0,0,3,0,0,0
2025,8,155.0,창원,160.8,-123.0,54.7,12,10,9,4,2,,1.5,7.3,SSE,4,9,8,1,0,0,2,0,0,0
2025,8,156.0,광주,432.6,106.2,186.7,3,14,13,9,5,,1.2,5.4,SSE,13,2,8,2,0,0,4,0,0,0
2025,8,159.0,부산,158.7,-107.8,74.1,12,9,8,4,2,,3.3,10.6,SSW,4,9,8,1,0,0,1,0,0,0
2025,8,162.0,통영,293.9,50.0,80.4,10,11,10,5,4,,2.3,10.9,SW,6,8,9,1,,0,,,,
2025,8,165.0,목포,188.0,-21.0,61.2,12,8,7,5,3,,2.7,9.5,SSW,3,8,6,2,0,0,3,0,0,0
2025,8,168.0,여수,315.8,51.0,81.6,12,9,8,6,6,,3.2,15.5,SSW,3,10,9,2,0,2,1,0,0,0
2025,8,169.0,흑산도,397.8,186.6,117.0,10,11,9,4,4,,4.2,17.0,SSE,3,1,8,3,5,3,3,0,0,0
2025,8,170.0,완도,344.8,106.0,101.2,10,12,10,4,4,,2.0,8.4,SSE,3,8,8,3,,0,,,,
2025,8,172.0,고창,-,-,71.8,3,-,-,-,-,,2.3,7.8,SE,31,5,5,3,,0,,,,
2025,8,174.0,순천,233.0,,51.0,10,12,12,8,4,,1.0,6.1,NW,26,5,7,3,,0,,,,
2025,8,177.0,홍성,168.2,,40.6,13,12,9,5,3,,1.9,6.7,SW,25,2,9,1,5,0,4,0,0,0
2025,8,181.0,서청주,126.3,,31.3,26,10,8,5,1,,1.5,8.1,NW,15,4,9,2,,0,,,,
2025,8,184.0,제주,72.1,-200.2,59.8,11,11,5,1,1,,2.8,10.8,WSW,5,2,8,1,0,0,4,0,0,0
2025,8,185.0,고산,100.1,-101.8,41.1,11,14,10,4,1,,4.7,15.2,SW,10,6,7,2,,1,,,,
2025,8,188.0,성산,129.5,-213.7,31.3,11,13,9,4,2,,2.6,10.3,SSW,6,2,7,3,,0,,,,
2025,8,189.0,서귀포,104.1,-211.6,35.1,11,17,10,3,1,,2.0,6.5,SW,6,2,11,3,0,0,3,0,0,0
2025,8,192.0,진주,167.6,-129.2,35.7,10,12,10,7,1,,0.5,3.7,W,5,7,8,2,,0,,,,
2025,8,201.0,강화,297.7,-2.7,183.0,13,11,10,3,2,,1.9,8.0,WSW,6,2,8,2,,0,,,,
2025,8,202.0,양평,306.1,-24.8,108.6,14,12,9,5,5,,1.1,4.4,WSW,29,2,12,2,,0,,,,
2025,8,203.0,이천,148.5,-139.5,72.8,13,12,9,3,2,,0.9,4.2,WSW,13,1,10,1,,0,,,,
2025,8,211.0,인제,214.4,-73.2,50.8,14,14,11,6,3,,1.2,4.9,WSW,31,2,11,5,,0,,,,
2025,8,212.0,홍천,181.5,-131.0,46.6,6,11,8,5,4,,0.9,4.2,W,5,1,10,2,,0,,,,
2025,8,216.0,태백,43.4,-235.3,15.4,4,11,7,2,0,,1.4,5.2,NE,7,6,11,1,,0,,,,
2025,8,217.0,정선군,62.9,-139.8,26.3,13,9,7,2,0,,1.3,6.4,SSE,31,3,10,1,,0,,,,
2025,8,221.0,제천,108.4,-192.5,52.5,13,14,9,3,1,,,5.5,WSW,19,3,9,2,,0,,,,
2025,8,226.0,보은,90.0,-206.6,34.1,3,9,7,3,1,,0.9,4.5,SE,12,3,8,3,,0,,,,
2025,8,232.0,천안,238.7,-61.0,105.0,26,11,10,7,2,,0.9,5.1,NE,4,2,10,4,,0,,,,
2025,8,235.0,보령,166.3,-104.0,78.4,3,10,8,5,2,,2.0,8.9,SSW,13,6,7,2,,0,,,,
2025,8,236.0,부여,112.4,-172.4,81.9,3,7,7,2,1,,0.4,2.3,SSW,13,5,8,2,,0,,,,
2025,8,238.0,금산,119.1,-165.2,35.8,3,10,10,4,1,,0.9,4.3,SW,14,5,8,3,,0,,,,
2025,8,239.0,세종,137.2,,45.8,3,9,6,3,3,,0.9,4.0,SSE,3,4,7,3,,0,,,,
2025,8,243.0,부안,183.0,-77.3,69.8,26,9,6,5,2,,1.3,8.3,S,31,8,7,3,,0,,,,
2025,8,244.0,임실,271.4,-40.7,87.2,3,11,11,6,4,,1.0,4.6,WNW,31,3,8,1,,0,,,,
2025,8,245.0,정읍,170.5,-127.6,76.6,3,12,9,3,2,,1.7,8.6,S,13,7,7,2,,0,,,,
2025,8,247.0,남원,408.7,95.4,142.7,3,13,11,9,5,,1.3,6.8,SW,2,6,9,2,,0,,,,
2025,8,248.0,장수,251.2,-85.3,98.3,4,15,13,4,2,,1.0,5.3,E,21,4,9,3,,0,,,,
2025,8,251.0,고창군,151.7,,49.0,3,12,9,6,1,,1.3,6.6,SSE,31,5,6,5,,0,,,,
2025,8,252.0,영광군,206.4,-80.3,79.6,3,9,7,6,2,,1.4,6.1,SSW,13,7,6,3,,0,,,,
2025,8,253.0,김해시,171.8,-16.2,65.9,12,10,9,4,2,,1.3,7.0,S,4,7,8,1,,0,,,,
2025,8,254.0,순창군,355.8,19.7,144.6,3,13,12,8,4,,1.3,8.3,NNE,26,5,9,2,,0,,,,
2025,8,255.0,북창원,146.8,,43.3,12,10,9,5,3,,0.9,4.6,NW,7,6,9,1,,0,,,,
2025,8,257.0,양산시,141.2,-73.4,46.9,12,11,11,3,2,,1.8,6.1,SW,6,5,7,1,,0,,,,
2025,8,258.0,보성군,231.0,,66.3,10,12,6,5,3,,1.8,8.5,SSW,3,7,7,2,,0,,,,
2025,8,259.0,강진군,324.8,47.6,106.9,10,10,10,4,3,,1.3,5.1,WSW,5,9,7,2,,0,,,,
2025,8,260.0,장흥,350.5,34.0,93.0,10,12,10,7,4,,1.0,5.0,SSE,3,8,8,2,,0,,,,
2025,8,261.0,해남,218.7,-29.7,64.5,10,9,7,5,3,,1.6,7.5,SE,3,5,8,2,,0,,,,
2025,8,262.0,고흥,222.3,-42.6,70.6,10,12,8,4,4,,1.5,8.5,S,3,8,7,2,,0,,,,
2025,8,263.0,의령군,240.6,-13.8,67.8,4,11,8,7,2,,1.3,6.6,SW,6,6,9,1,,0,,,,
2025,8,264.0,함양군,282.8,-6.3,106.9,4,11,9,3,3,,1.1,5.9,WNW,5,5,9,2,,0,,,,
2025,8,266.0,광양시,242.4,,61.9,12,11,11,7,3,,1.3,5.6,WNW,26,4,7,1,,0,,,,
2025,8,268.0,진도군,214.7,-20.6,75.6,9,9,9,5,2,,1.7,7.8,SSW,3,6,8,2,,0,,,,
2025,8,271.0,봉화,54.1,-192.7,29.3,4,10,6,1,0,,1.0,7.0,SSE,3,6,9,2,,0,,,,
2025,8,272.0,영주,47.1,-236.6,22.7,4,9,6,2,0,,1.5,6.5,NW,7,5,9,1,,0,,,,
2025,8,273.0,문경,70.1,-204.6,20.3,4,11,10,3,0,,1.0,4.7,WNW,7,5,7,2,,0,,,,
2025,8,276.0,청송군,66.4,-108.1,23.9,4,11,7,3,0,,1.5,5.5,NW,26,6,8,1,,0,,,,
2025,8,277.0,영덕,42.4,-171.2,19.6,4,9,6,1,0,,1.8,7.8,W,7,5,8,1,,0,,,,
2025,8,278.0,의성,59.3,-170.3,35.5,4,9,8,2,1,,1.0,5.2,WSW,26,6,8,1,,0,,,,
2025,8,279.0,구미,98.9,-157.2,45.7,3,11,7,2,2,,1.1,3.7,W,31,5,8,1,,0,,,,
2025,8,281.0,영천,100.9,-132.3,36.0,4,10,8,4,1,,1.3,4.9,W,26,7,7,3,,0,,,,
2025,8,283.0,경주시,192.3,0.4,65.9,4,11,10,7,2,,1.9,7.5,NE,21,8,7,1,,0,,,,
2025,8,284.0,거창,211.1,-74.2,77.0,4,11,11,4,2,,1.2,5.0,SSW,25,9,10,3,,0,,,,
2025,8,285.0,합천,295.2,0.4,136.8,4,9,8,4,3,,0.7,4.1,S,5,3,8,2,,0,,,,
2025,8,288.0,밀양,296.7,56.1,120.2,4,12,10,5,4,,1.3,6.5,SE,21,5,7,1,,0,,,,
2025,8,289.0,산청,310.0,-52.3,101.7,3,12,11,8,3,,0.9,6.9,W,20,8,10,2,,0,,,,
2025,8,294.0,거제,322.9,-7.5,92.9,10,9,8,6,4,,1.4,6.9,ESE,4,6,8,1,,0,,,,
2025,8,295.0,남해,336.6,16.9,74.8,12,11,9,5,5,,1.2,6.5,NW,26,8,8,2,,0,,,,
2025,8,296.0,북부산,175.8,,63.3,12,10,9,4,3,,1.8,8.3,S,4,11,9,1,0,0,1,0,0,0
2025,9,90.0,속초,379.1,178.5,118.8,13,14,12,7,3,,2.0,9.7,NNE,13,3,15,4,,0,,,,
2025,9,93.0,북춘천,305.5,,66.6,13,12,12,9,5,,0.8,5.6,S,6,3,15,0,3,0,3,0,0,0
2025,9,95.0,철원,269.6,148.4,73.8,17,12,11,9,2,,1.1,5.3,NNW,13,3,12,2,,0,,,,
2025,9,98.0,동두천,279.8,141.9,41.3,4,12,12,10,5,,0.7,4.0,SW,6,3,11,1,,0,,,,
2025,9,99.0,파주,270.5,136.0,69.4,17,12,11,10,2,,1.1,4.7,N,1,3,9,1,,0,,,,
2025,9,100.0,대관령,259.3,9.7,67.0,13,17,15,7,3,,1.9,8.5,W,1,3,16,5,,0,,,,
2025,9,101.0,춘천,381.4,253.3,66.4,13,12,12,10,7,,1.3,5.0,SSE,6,3,13,4,,0,,,,
2025,9,102.0,백령도,191.7,101.1,68.4,16,13,11,4,2,,2.9,9.2,N,17,5,10,1,0,0,1,0,0,0
2025,9,104.0,북강릉,376.3,,121.0,13,15,13,7,3,,1.5,5.5,W,6,2,13,5,0,0,4,0,0,0
2025,9,105.0,강릉,339.8,110.5,103.7,13,15,13,6,3,,1.7,5.9,WSW,16,3,16,6,,0,,,,
2025,9,106.0,동해,220.3,0.5,88.7,20,14,11,5,3,,1.9,8.2,NNW,20,1,16,5,,0,,,,
2025,9,108.0,서울,370.7,229.2,63.7,13,13,11,10,7,,2.0,7.1,SW,6,1,13,1,0,0,5,0,0,0
2025,9,112.0,인천,293.9,163.6,51.9,17,12,11,10,5,,2.2,9.2,WSW,6,1,12,2,3,0,5,0,0,0
2025,9,114.0,원주,274.2,127.2,73.7,20,17,12,8,4,,1.2,8.2,WNW,16,2,17,4,,0,,,,
2025,9,115.0,울릉도,265.9,92.3,150.0,20,14,10,5,2,,3.8,14.8,NE,20,0,12,3,3,1,2,0,0,0
2025,9,119.0,수원,369.5,236.0,72.3,20,15,11,9,6,,1.7,7.5,SW,6,2,11,3,1,0,4,0,0,0
2025,9,121.0,영월,234.2,94.8,63.5,20,15,13,7,1,,1.1,7.3,WSW,16,1,20,1,,0,,,,
2025,9,127.0,충주,194.5,54.3,55.7,20,15,13,7,1,,1.2,5.9,WNW,16,1,18,3,,0,,,,
2025,9,129.0,서산,392.5,248.1,68.7,6,13,12,10,7,,1.5,6.9,NW,16,1,17,2,,0,,,,
2025,9,130.0,울진,207.0,25.8,67.0,20,15,13,6,2,,1.6,6.7,NW,16,2,17,3,,0,,,,
2025,9,131.0,청주,206.2,63.9,48.9,20,14,13,7,2,,1.4,5.2,ENE,20,1,15,6,1,0,6,0,0,0
2025,9,133.0,대전,361.1,208.6,65.3,16,16,14,10,4,,1.6,6.4,SE,22,0,15,3,2,0,5,0,0,0
2025,9,135.0,추풍령,169.5,33.9,39.7,20,18,15,7,1,,1.5,6.8,W,6,0,15,2,,0,,,,
2025,9,136.0,안동,146.3,26.5,37.2,20,16,14,6,1,,1.2,6.0,NW,17,0,16,4,5,0,2,0,0,0
2025,9,137.0,상주,176.2,37.7,47.9,20,16,15,7,1,,0.7,5.8,W,1,0,16,5,,0,,,,
2025,9,138.0,포항,100.8,-88.5,38.5,9,18,12,3,1,,2.4,6.8,ENE,22,0,16,5,0,0,2,0,0,0
2025,9,140.0,군산,556.2,418.7,258.6,7,16,13,9,7,,1.8,9.3,WNW,24,1,15,4,,0,,,,
2025,9,143.0,대구,150.8,8.4,61.8,9,14,12,5,1,,1.8,6.3,E,22,0,13,3,0,0,2,0,0,0
2025,9,146.0,전주,465.0,336.8,179.0,7,17,14,7,6,,1.8,6.9,N,6,1,14,1,1,0,4,0,0,0
2025,9,152.0,울산,49.2,-121.1,17.2,9,14,6,2,0,,2.0,6.3,SW,17,1,13,2,1,0,2,0,0,0
2025,9,155.0,창원,135.5,-37.4,81.2,2,10,10,2,1,,1.5,6.2,W,2,1,11,1,0,0,4,0,0,0
2025,9,156.0,광주,238.7,93.7,38.1,4,17,15,8,2,,1.3,6.2,SSE,4,0,14,1,0,0,6,0,0,0
2025,9,159.0,부산,53.7,-106.9,28.7,13,10,7,1,0,,3.0,9.1,SSW,13,2,11,1,0,0,4,0,0,0
2025,9,162.0,통영,54.9,-122.2,23.1,20,10,8,2,0,,2.2,9.0,SW,17,3,10,1,,0,,,,
2025,9,165.0,목포,161.6,23.9,37.7,25,17,14,5,2,,2.6,10.8,SW,20,1,12,3,0,0,5,0,0,0
2025,9,168.0,여수,54.5,-97.2,11.3,13,12,9,2,0,,3.3,12.9,NW,17,3,11,2,0,0,6,0,0,0
2025,9,169.0,흑산도,200.0,79.5,44.2,8,18,17,7,3,,4.4,14.5,SE,19,1,12,2,4,1,3,0,0,0
2025,9,170.0,완도,101.4,-75.0,28.3,25,16,10,3,0,,2.1,7.9,SSE,19,3,10,2,,0,,,,
2025,9,172.0,고창,330.1,206.3,85.8,7,17,14,9,4,,2.3,14.2,WSW,17,0,17,4,,1,,,,
2025,9,174.0,순천,162.9,,41.7,28,17,11,6,2,,1.0,5.2,SSW,16,0,14,3,,0,,,,
2025,9,177.0,홍성,426.5,,87.1,1,18,13,10,6,,1.5,6.9,WNW,16,2,20,3,7,0,4,0,0,0
2025,9,181.0,서청주,226.1,,54.2,20,15,13,7,2,,1.4,8.1,NE,20,1,14,5,,0,,,,
2025,9,184.0,제주,326.6,98.8,94.4,28,20,18,6,4,,2.8,8.0,WSW,17,2,11,1,0,0,11,0,0,0
2025,9,185.0,고산,190.6,70.2,114.2,14,19,14,3,1,,4.7,19.8,WSW,20,4,8,0,,2,,,,
2025,9,188.0,성산,519.0,270.4,210.3,12,20,17,13,4,,2.8,8.6,NE,22,0,6,1,,0,,,,
2025,9,189.0,서귀포,404.2,195.4,80.9,14,22,17,11,5,,2.0,6.5,SW,20,0,10,1,1,0,13,0,0,0
2025,9,192.0,진주,114.8,-65.9,52.2,9,14,11,3,1,,0.5,5.4,W,17,0,12,1,,0,,,,
2025,9,201.0,강화,192.0,60.5,30.6,17,11,11,9,1,,1.4,7.2,SW,6,3,8,1,,0,,,,
2025,9,202.0,양평,384.8,240.3,74.7,4,15,11,9,5,,1.0,4.8,W,16,2,14,3,,0,,,,
2025,9,203.0,이천,366.6,213.5,81.8,13,16,13,9,5,,0.7,4.4,S,1,2,16,3,,0,,,,
2025,9,211.0,인제,340.8,213.4,86.2,17,12,12,8,5,,1.3,6.0,NNE,17,2,15,7,,0,,,,
2025,9,212.0,홍천,356.8,215.5,73.0,13,14,12,7,5,,0.8,5.0,WSW,16,2,16,2,,0,,,,
2025,9,216.0,태백,175.1,-23.3,67.7,20,17,12,5,1,,1.3,5.4,NNE,17,1,18,6,,0,,,,
2025,9,217.0,정선군,213.9,94.7,77.7,20,16,12,5,2,,1.2,5.7,N,11,1,20,3,,0,,,,
2025,9,221.0,제천,251.5,106.2,64.6,20,16,13,7,2,,1.1,7.9,WNW,16,1,18,1,,0,,,,
2025,9,226.0,보은,204.2,66.8,39.4,20,16,12,7,1,,1.0,5.5,S,1,1,16,3,,0,,,,
2025,9,232.0,천안,237.4,91.0,61.1,20,15,13,8,2,,1.1,5.5,ESE,22,2,16,4,,0,,,,
2025,9,235.0,보령,399.1,263.7,63.1,20,15,15,11,7,,1.8,8.5,SSW,1,1,17,3,,0,,,,
2025,9,236.0,부여,347.5,201.5,71.5,7,16,14,10,4,,0.4,2.8,W,1,1,16,4,,0,,,,
2025,9,238.0,금산,285.8,155.3,70.3,7,16,14,6,5,,0.9,4.2,WNW,24,0,15,3,,0,,,,
2025,9,239.0,세종,259.8,,67.5,20,15,13,8,3,,1.0,6.2,WNW,17,0,14,5,,0,,,,
2025,9,243.0,부안,348.1,208.7,177.2,7,17,12,7,3,,1.3,8.1,W,17,0,14,3,,0,,,,
2025,9,244.0,임실,299.0,160.7,102.6,7,19,17,7,4,,1.0,8.1,NNW,17,0,15,2,,0,,,,
2025,9,245.0,정읍,283.1,134.6,87.5,7,16,16,6,4,,1.8,10.0,SW,20,0,16,2,,0,,,,
2025,9,247.0,남원,244.5,100.3,48.5,9,19,17,8,2,,1.7,8.2,NW,17,0,13,3,,0,,,,
2025,9,248.0,장수,396.2,242.4,88.4,13,16,15,7,4,,1.1,6.4,W,1,0,17,4,,0,,,,
2025,9,251.0,고창군,324.0,,104.6,7,18,14,7,3,,1.4,8.5,S,20,0,18,3,,0,,,,
2025,9,252.0,영광군,-,-,43.5,2,-,-,-,-,,1.3,8.1,SSW,20,2,16,3,,0,,,,
2025,9,253.0,김해시,60.3,-124.6,15.8,13,12,8,3,0,,1.2,5.8,W,17,0,13,1,,0,,,,
2025,9,254.0,순창군,302.1,164.3,55.1,13,18,16,8,5,,1.2,9.0,WNW,17,0,15,2,,0,,,,
2025,9,255.0,북창원,74.4,,38.4,2,11,10,2,1,,1.3,5.0,WNW,20,0,15,1,,0,,,,
2025,9,257.0,양산시,134.4,-73.4,38.0,7,10,9,6,1,,2.0,6.0,NE,13,0,12,1,,0,,,,
2025,9,258.0,보성군,124.3,,22.4,20,16,12,6,0,,1.8,7.3,NW,17,0,13,2,,0,,,,
2025,9,259.0,강진군,165.1,0.8,33.6,13,16,13,6,1,,1.3,5.8,WSW,20,2,11,2,,0,,,,
2025,9,260.0,장흥,148.0,-15.6,24.7,13,18,15,8,0,,1.1,4.9,NNW,20,2,13,2,,0,,,,
2025,9,261.0,해남,166.5,16.1,38.7,13,19,15,5,2,,1.7,9.4,SSW,20,1,11,3,,0,,,,
2025,9,262.0,고흥,121.1,-46.1,44.3,13,12,10,4,1,,1.4,6.9,NW,20,1,10,2,,0,,,,
2025,9,263.0,의령군,98.6,-89.8,38.8,9,13,9,2,1,,1.2,6.7,WNW,17,1,15,1,,0,,,,
2025,9,264.0,함양군,167.3,2.2,80.7,9,15,14,4,1,,1.1,6.6,NW,13,0,14,4,,0,,,,
2025,9,266.0,광양시,152.6,,58.8,7,14,9,4,2,,1.5,5.3,W,17,0,13,2,,0,,,,
2025,9,268.0,진도군,224.1,68.8,49.9,25,17,12,7,3,,1.6,7.5,SW,13,2,11,2,,0,,,,
2025,9,271.0,봉화,171.4,36.3,57.7,20,16,11,5,1,,1.0,6.7,NNW,16,1,19,2,,0,,,,
2025,9,272.0,영주,199.1,45.0,60.3,20,15,12,6,1,,1.3,7.7,NW,20,1,19,5,,0,,,,
2025,9,273.0,문경,196.2,57.8,48.1,20,18,13,7,2,,1.0,6.0,NW,1,1,17,4,,0,,,,
2025,9,276.0,청송군,117.8,-19.8,24.5,20,15,12,4,0,,1.4,5.2,ESE,11,0,16,2,,0,,,,
2025,9,277.0,영덕,115.8,-43.8,31.0,20,14,9,5,1,,2.0,8.8,NNE,11,1,14,4,,0,,,,
2025,9,278.0,의성,134.0,9.7,34.1,20,16,11,5,1,,0.9,5.3,NW,17,0,15,3,,0,,,,
2025,9,279.0,구미,164.5,16.9,31.1,25,17,14,7,1,,0.9,4.3,W,17,0,16,4,,0,,,,
2025,9,281.0,영천,158.7,21.1,80.0,9,18,13,6,1,,1.3,7.3,NW,17,0,15,3,,0,,,,
2025,9,283.0,경주시,81.3,-112.8,39.7,9,15,7,3,1,,1.9,8.5,W,17,0,18,5,,0,,,,
2025,9,284.0,거창,170.9,4.7,66.1,9,16,13,5,1,,1.2,6.5,W,20,0,15,2,,0,,,,
2025,9,285.0,합천,119.8,-38.8,54.9,9,16,10,4,1,,0.6,4.5,NNW,17,0,15,1,,0,,,,
2025,9,288.0,밀양,53.5,-90.9,21.1,9,14,7,2,0,,1.3,6.8,W,17,0,15,2,,0,,,,
2025,9,289.0,산청,149.6,-57.6,62.9,9,19,14,3,2,,0.9,7.3,NW,17,0,15,3,,0,,,,
2025,9,294.0,거제,70.8,-138.7,17.2,13,10,7,4,0,,1.3,5.3,WNW,17,0,11,3,,0,,,,
2025,9,295.0,남해,81.9,-140.0,24.1,2,14,10,1,0,,1.2,6.0,WNW,17,3,14,2,,0,,,,
2025,9,296.0,북부산,63.8,,12.4,9,13,9,4,0,,2.2,7.0,NE,22,1,12,1,0,0,1,0,0,0
2025,10,90.0,속초,460.9,373.0,63.0,22,20,20,13,6,,2.1,9.1,NNE,20,,,14,,0,,,,
2025,10,93.0,북춘천,144.8,,33.9,11,14,11,4,2,,0.9,6.2,WNW,27,3,16,7,1,0,0,0,2,2
2025,10,95.0,철원,189.7,139.8,67.0,11,14,12,5,2,,1.5,5.2,NNW,7,3,15,6,,0,,,,
2025,10,98.0,동두천,187.0,131.9,49.1,11,14,12,7,2,,0.7,4.4,W,27,3,13,9,,0,,,,
2025,10,99.0,파주,197.3,147.2,44.8,11,15,12,7,3,,1.3,5.0,NNW,27,5,15,7,,0,,,,
2025,10,100.0,대관령,277.5,179.9,46.8,13,22,19,8,3,,1.8,8.6,W,27,3,24,10,,0,,,,
2025,10,101.0,춘천,158.3,109.0,34.5,10,15,11,5,3,,1.5,6.8,NW,27,3,14,11,,0,,,,
2025,10,102.0,백령도,178.6,147.6,30.2,10,16,14,8,1,,4.2,12.4,NNW,18,6,18,7,0,0,2,0,0,0
2025,10,104.0,북강릉,545.2,,92.2,6,23,20,13,7,,1.5,5.8,WNW,28,4,22,14,0,0,0,0,1,1
2025,10,105.0,강릉,486.2,372.3,77.5,6,22,20,14,8,,1.5,5.8,NW,28,3,21,15,,0,,,,
2025,10,106.0,동해,497.4,394.5,64.6,24,22,19,13,8,,2.2,13.4,NE,24,3,20,13,,0,,,,
2025,10,108.0,서울,186.3,134.1,49.3,10,15,10,7,2,,2.3,6.4,ENE,6,3,14,9,0,0,0,0,1,1
2025,10,112.0,인천,157.7,106.6,37.8,6,17,13,5,1,,2.5,7.6,W,19,4,16,8,0,0,0,0,1,0
2025,10,114.0,원주,155.9,103.2,50.3,6,15,14,5,2,,1.1,5.5,W,27,3,14,8,,0,,,,
2025,10,115.0,울릉도,298.4,197.5,44.8,14,18,16,11,3,,3.9,14.3,NE,20,1,18,14,6,1,1,0,0,0
2025,10,119.0,수원,167.3,113.2,53.8,6,14,12,5,2,,1.8,6.3,WNW,27,3,15,7,0,0,0,0,1,1
2025,10,121.0,영월,146.3,96.9,30.5,13,16,12,6,1,,1.1,7.0,W,27,3,16,9,,0,,,,
2025,10,127.0,충주,203.9,147.2,57.3,13,15,13,8,1,,1.2,5.7,SW,27,3,15,7,,0,,,,
2025,10,129.0,서산,179.4,126.4,41.9,6,19,14,5,1,,1.7,6.0,NW,27,4,11,6,,0,,,,
2025,10,130.0,울진,323.8,226.5,44.3,16,21,19,11,4,,1.9,11.7,ESE,7,4,22,12,,0,,,,
2025,10,131.0,청주,184.1,126.1,30.0,13,16,13,7,1,,1.4,4.9,NE,6,2,15,8,0,0,0,0,2,0
2025,10,133.0,대전,211.2,151.9,58.3,13,13,11,8,3,,1.6,6.2,SE,9,3,14,8,1,0,0,0,2,0
2025,10,135.0,추풍령,185.7,127.6,30.2,6,13,12,7,1,,1.6,6.9,W,26,4,17,8,,0,,,,
2025,10,136.0,안동,161.6,115.1,48.6,13,12,11,5,2,,1.0,5.8,WNW,27,3,19,7,6,0,0,0,2,1
2025,10,137.0,상주,216.6,159.5,42.3,13,15,11,7,3,,0.7,4.5,WNW,27,3,16,10,,0,,,,
2025,10,138.0,포항,190.6,113.9,51.7,14,18,15,7,1,,2.3,8.6,ENE,22,3,21,10,0,0,0,0,0,0
2025,10,140.0,군산,109.9,54.7,27.0,16,15,12,4,0,,1.8,7.7,WNW,27,6,12,4,,0,,,,
2025,10,143.0,대구,99.6,49.5,50.0,14,11,9,3,1,,1.8,7.9,WNW,27,5,14,6,0,0,0,0,1,1
2025,10,146.0,전주,112.5,55.2,32.6,13,14,11,4,1,,1.6,6.0,WNW,27,5,13,4,1,0,1,0,0,0
2025,10,152.0,울산,173.2,98.4,45.6,3,20,11,7,2,,1.9,5.0,NW,27,5,19,9,0,0,0,0,0,0
2025,10,155.0,창원,110.8,38.5,58.6,3,11,8,3,1,,1.4,5.8,NNE,26,6,11,5,0,0,0,0,0,0
2025,10,156.0,광주,132.4,73.4,77.8,3,14,8,3,1,,1.1,4.5,NNW,28,8,14,3,0,0,0,0,1,0
2025,10,159.0,부산,125.7,46.1,70.7,3,11,8,3,1,,2.5,6.0,E,22,5,11,6,0,0,1,0,0,0
2025,10,162.0,통영,116.5,40.1,62.4,3,7,6,3,2,,2.4,6.9,NE,27,5,10,4,,0,,,,
2025,10,165.0,목포,124.6,65.7,44.0,16,13,7,4,2,,3.5,11.0,NW,18,8,11,5,0,0,2,0,0,0
2025,10,168.0,여수,161.3,94.7,100.2,3,8,5,3,2,,3.9,11.3,NNW,27,7,12,3,0,0,0,0,0,0
2025,10,169.0,흑산도,119.4,60.7,41.7,13,10,9,3,1,,6.3,17.3,SE,15,5,12,5,5,10,2,0,0,0
2025,10,170.0,완도,133.5,60.5,90.1,3,8,7,2,1,,2.1,8.2,E,3,8,8,6,,0,,,,
2025,10,172.0,고창,120.7,44.6,51.9,3,14,10,2,2,,2.4,10.4,SE,15,6,12,3,,0,,,,
2025,10,174.0,순천,150.2,,87.5,3,10,9,3,2,,1.2,6.5,NW,27,7,12,4,,0,,,,
2025,10,177.0,홍성,177.7,,43.1,6,16,15,7,1,,1.5,6.1,NNW,18,3,15,5,3,0,0,0,1,0
2025,10,181.0,서청주,183.4,,28.6,15,15,13,7,0,,1.5,8.2,WNW,27,2,13,7,,0,,,,
2025,10,184.0,제주,93.4,-1.7,65.5,3,9,5,1,1,,3.4,8.7,SE,3,4,12,4,0,0,1,0,0,0
2025,10,185.0,고산,52.8,-4.1,45.0,3,6,5,1,1,,6.0,17.0,NW,27,9,6,4,,4,,,,
2025,10,188.0,성산,154.6,40.6,69.3,15,10,6,2,2,,3.0,10.9,ESE,3,7,8,3,,0,,,,
2025,10,189.0,서귀포,68.3,-32.1,61.8,3,5,4,1,1,,2.2,7.0,ENE,9,6,8,0,0,0,1,0,0,0
2025,10,192.0,진주,168.8,100.5,88.8,3,11,7,3,2,,0.4,4.1,N,27,5,13,6,,0,,,,
2025,10,201.0,강화,209.1,153.3,44.8,10,16,15,9,3,,1.8,6.7,WSW,11,4,15,7,,0,,,,
2025,10,202.0,양평,140.5,93.4,31.1,6,14,12,5,1,,1.0,4.8,WNW,27,3,14,9,,0,,,,
2025,10,203.0,이천,180.9,130.0,54.1,6,15,14,6,2,,0.7,3.5,W,27,3,14,9,,0,,,,
2025,10,211.0,인제,123.8,79.0,26.1,13,14,11,4,0,,1.6,5.5,NNE,16,3,14,9,,0,,,,
2025,10,212.0,홍천,151.8,102.1,31.1,6,13,11,6,1,,0.7,5.0,WNW,27,3,15,10,,0,,,,
2025,10,216.0,태백,277.4,211.9,53.2,13,22,20,7,4,,1.2,5.3,NNW,24,4,24,12,,0,,,,
2025,10,217.0,정선군,179.4,121.5,38.7,6,15,11,7,2,,1.0,5.2,WNW,28,3,23,12,,0,,,,
2025,10,221.0,제천,194.3,136.9,38.7,13,14,14,8,2,,1.3,5.9,W,27,3,16,8,,0,,,,
2025,10,226.0,보은,204.2,147.6,52.1,13,13,13,7,3,,0.9,5.0,NW,27,3,13,6,,0,,,,
2025,10,232.0,천안,171.6,116.1,44.6,15,18,13,6,2,,1.2,5.7,ENE,6,2,14,7,,0,,,,
2025,10,235.0,보령,162.2,102.3,52.2,15,15,12,5,2,,1.7,6.0,N,20,4,12,5,,0,,,,
2025,10,236.0,부여,189.4,125.8,33.7,6,15,12,8,2,,0.4,1.8,W,26,5,10,5,,0,,,,
2025,10,238.0,금산,151.6,95.9,27.4,16,13,9,6,0,,0.8,4.5,WNW,27,3,15,5,,0,,,,
2025,10,239.0,세종,228.7,,45.9,13,15,12,8,3,,1.0,4.7,NW,27,3,14,8,,0,,,,
2025,10,243.0,부안,90.7,34.7,29.2,16,15,11,2,0,,1.1,4.9,SSW,7,5,11,3,,0,,,,
2025,10,244.0,임실,97.6,39.5,31.2,3,14,11,3,1,,0.9,4.7,ENE,27,5,12,4,,0,,,,
2025,10,245.0,정읍,118.2,57.2,39.8,16,16,13,3,2,,1.6,7.1,NNW,27,6,13,3,,0,,,,
2025,10,247.0,남원,103.5,40.5,42.3,3,12,8,3,1,,1.4,6.3,E,15,4,11,3,,0,,,,
2025,10,248.0,장수,146.2,82.6,42.6,3,16,9,4,2,,1.1,5.4,N,27,4,13,6,,0,,,,
2025,10,251.0,고창군,122.8,,45.8,3,17,9,2,2,,1.3,7.0,NNW,16,7,12,2,,0,,,,
2025,10,252.0,영광군,128.2,53.2,66.3,3,14,8,2,2,,1.3,7.1,N,18,7,12,2,,0,,,,
2025,10,253.0,김해시,102.7,12.9,44.0,3,9,7,3,2,,1.0,4.5,WNW,27,6,12,6,,0,,,,
2025,10,254.0,순창군,135.6,47.0,58.7,3,14,9,3,1,,1.2,8.2,NW,27,6,12,3,,0,,,,
2025,10,255.0,북창원,101.6,,43.4,3,10,8,4,1,,1.5,5.9,NW,27,5,11,5,,0,,,,
2025,10,257.0,양산시,92.4,-20.0,38.6,3,12,9,3,1,,2.0,5.9,NE,20,5,13,4,,0,,,,
2025,10,258.0,보성군,137.9,,92.2,3,8,5,3,1,,2.3,7.8,NNW,27,6,12,3,,0,,,,
2025,10,259.0,강진군,151.8,45.5,60.8,3,10,6,3,2,,1.5,6.3,WNW,27,7,12,5,,0,,,,
2025,10,260.0,장흥,154.0,90.6,67.5,3,9,8,4,2,,1.2,6.3,NNW,27,7,12,5,,0,,,,
2025,10,261.0,해남,133.8,68.7,44.6,3,12,8,4,2,,1.9,7.5,NNE,3,6,11,4,,0,,,,
2025,10,262.0,고흥,154.3,87.5,91.8,3,9,8,3,1,,1.4,6.7,NW,27,8,10,4,,0,,,,
2025,10,263.0,의령군,118.5,8.8,43.6,3,11,7,3,1,,1.1,5.7,N,27,4,13,6,,0,,,,
2025,10,264.0,함양군,144.6,29.0,69.4,3,10,8,4,1,,1.0,5.2,WNW,27,4,15,7,,0,,,,
2025,10,266.0,광양시,158.1,,82.5,3,8,7,3,2,,1.6,5.7,NW,27,8,13,5,,0,,,,
2025,10,268.0,진도군,99.1,23.1,32.0,3,11,7,3,1,,2.3,8.7,NW,20,7,9,4,,0,,,,
2025,10,271.0,봉화,126.9,78.8,36.2,16,16,10,5,1,,1.0,4.6,SE,8,4,19,11,,0,,,,
2025,10,272.0,영주,217.9,159.7,42.3,13,16,13,7,2,,1.2,8.0,WNW,27,4,20,10,,0,,,,
2025,10,273.0,문경,246.4,187.6,61.0,13,17,14,7,4,,1.0,6.1,W,27,4,18,8,,0,,,,
2025,10,276.0,청송군,130.1,46.3,32.0,14,15,12,4,1,,1.1,6.6,WNW,27,3,20,9,,0,,,,
2025,10,277.0,영덕,385.1,298.9,70.2,24,18,17,9,6,,1.9,7.7,WNW,27,4,21,12,,0,,,,
2025,10,278.0,의성,119.9,78.4,31.9,14,17,10,4,1,,0.7,5.4,W,27,4,19,8,,0,,,,
2025,10,279.0,구미,145.1,91.8,39.1,14,12,9,6,1,,0.8,4.6,SW,27,5,17,9,,0,,,,
2025,10,281.0,영천,125.8,77.2,49.7,14,15,10,4,1,,1.1,6.6,W,27,4,18,9,,0,,,,
2025,10,283.0,경주시,109.3,1.1,25.9,14,16,12,4,0,,1.7,6.6,NNE,20,5,17,11,,0,,,,
2025,10,284.0,거창,159.4,98.6,54.1,3,12,9,5,2,,1.1,6.3,NW,27,3,15,7,,0,,,,
2025,10,285.0,합천,101.9,37.4,41.0,3,11,7,4,1,,0.6,4.0,NNW,27,4,13,8,,0,,,,
2025,10,288.0,밀양,100.8,47.5,35.3,3,10,7,3,1,,1.1,6.0,NNW,27,4,11,4,,0,,,,
2025,10,289.0,산청,111.4,37.2,64.2,3,11,7,3,1,,0.9,6.6,WNW,27,5,13,5,,0,,,,
2025,10,294.0,거제,140.8,44.4,73.1,3,9,8,4,1,,1.1,4.6,SE,12,5,11,8,,0,,,,
2025,10,295.0,남해,158.2,62.3,104.1,3,10,7,3,2,,1.3,5.1,WNW,27,5,11,8,,0,,,,
2025,10,296.0,북부산,97.8,,44.7,3,8,7,3,1,,2.2,7.0,ENE,22,5,11,5,0,0,0,0,1,1
2025,11,90.0,속초,30.3,-61.7,23.7,8,4,3,1,0,,2.5,10.5,WSW,30,21,2,2,,0,,,,
2025,11,93.0,북춘천,20.6,,11.5,25,4,3,1,0,,1.0,6.7,WSW,2,14,4,2,4,0,0,0,17,17
2025,11,95.0,철원,16.7,-31.4,8.7,27,5,2,0,0,,,4.7,SW,21,13,2,2,,0,,,,
2025,11,98.0,동두천,21.9,-25.5,11.2,25,3,3,1,0,,1.1,6.3,WSW,20,14,2,3,,0,,,,
2025,11,99.0,파주,15.9,-36.8,8.1,25,2,2,0,0,,1.1,5.3,NNW,27,19,3,2,,0,,,,
2025,11,100.0,대관령,16.7,-52.7,9.9,8,5,4,0,0,,3.5,14.3,W,20,18,2,1,,1,,,,
2025,11,101.0,춘천,18.7,-29.6,8.5,25,5,3,0,0,,1.1,6.2,WSW,9,15,4,2,,0,,,,
2025,11,102.0,백령도,4.6,-37.3,4.5,27,2,1,0,0,,3.6,10.9,NNW,30,13,4,1,3,0,1,0,3,0
2025,11,104.0,북강릉,15.3,,12.7,8,3,2,1,0,,1.9,8.8,W,2,22,2,1,0,0,0,0,4,5
2025,11,105.0,강릉,17.3,-63.8,11.6,8,4,3,1,0,,2.5,7.0,WSW,2,22,2,1,,0,,,,
2025,11,106.0,동해,15.0,-56.6,12.0,8,3,2,1,0,,2.5,7.8,W,28,20,1,2,,0,,,,
2025,11,108.0,서울,20.8,-30.3,10.0,27,6,3,1,0,,2.1,6.8,WSW,2,13,3,1,0,0,2,0,13,10
2025,11,112.0,인천,16.8,-34.0,11.4,27,4,3,1,0,,2.7,8.8,NW,17,15,1,1,1,0,2,0,8,7
2025,11,114.0,원주,15.1,-27.0,7.5,27,5,3,0,0,,1.1,5.3,W,9,14,3,0,,0,,,,
2025,11,115.0,울릉도,77.0,-39.9,22.5,25,8,8,3,0,,3.6,16.1,NW,17,6,2,0,0,2,3,1,0,0
2025,11,119.0,수원,23.0,-25.9,9.9,27,4,3,0,0,,1.8,7.2,WNW,2,12,3,1,1,0,2,0,14,12
2025,11,121.0,영월,12.8,-24.6,7.5,25,2,2,0,0,,1.2,7.6,W,2,12,3,1,,0,,,,
2025,11,127.0,충주,-,-,4.3,27,-,-,-,-,,1.2,6.3,SW,2,15,2,0,,0,,,,
2025,11,129.0,서산,16.8,-37.3,6.8,27,3,3,0,0,,1.8,9.4,WNW,25,14,5,0,,0,,,,
2025,11,130.0,울진,4.8,-56.2,3.6,8,3,2,0,0,,2.2,11.4,ESE,8,19,1,0,,0,,,,
2025,11,131.0,청주,19.2,-27.4,9.0,27,5,3,0,0,,1.1,4.5,WNW,2,13,2,0,1,0,1,0,11,5
2025,11,133.0,대전,17.1,-30.9,7.0,25,6,3,0,0,,1.6,6.6,WNW,17,15,2,0,3,0,1,0,11,5
2025,11,135.0,추풍령,19.8,-23.2,7.5,25,6,6,0,0,,2.3,10.9,W,2,15,1,0,,0,,,,
2025,11,136.0,안동,8.8,-22.1,4.1,25,5,3,0,0,,1.2,6.5,WNW,2,15,0,0,11,0,0,0,15,12
2025,11,137.0,상주,18.7,-16.5,10.2,25,5,4,1,0,,1.2,7.7,W,25,15,2,1,,0,,,,
2025,11,138.0,포항,8.7,-31.4,6.3,9,2,2,0,0,,2.5,8.1,WNW,25,14,1,0,0,0,0,0,1,1
2025,11,140.0,군산,16.8,-37.1,7.0,27,7,5,0,0,,2.3,14.4,WSW,27,10,3,1,,1,,,,
2025,11,143.0,대구,12.3,-17.4,7.5,9,5,2,0,0,,2.0,8.5,W,27,16,1,0,0,0,0,0,10,9
2025,11,146.0,전주,27.6,-22.2,9.3,25,6,6,0,0,,2.1,8.9,W,2,10,2,0,0,0,3,0,2,2
2025,11,152.0,울산,18.1,-26.1,14.1,9,2,2,1,0,,2.0,8.8,WNW,18,17,1,0,0,0,0,0,1,3
2025,11,155.0,창원,26.2,-21.7,14.1,9,4,4,1,0,,1.6,6.8,NE,17,19,1,0,0,0,0,0,0,1
2025,11,156.0,광주,32.8,-17.4,10.5,8,5,5,1,0,,1.2,5.6,S,29,10,3,0,1,0,2,0,6,1
2025,11,159.0,부산,25.3,-25.1,11.7,9,4,3,2,0,,2.9,10.6,W,27,18,1,0,0,0,0,0,0,0
2025,11,162.0,통영,33.0,-15.6,20.0,8,3,3,1,0,,2.3,8.1,WNW,27,17,1,1,,0,,,,
2025,11,165.0,목포,18.6,-30.3,7.1,8,8,4,0,0,,3.6,13.1,NNE,17,11,4,1,0,0,2,1,1,1
2025,11,168.0,여수,28.3,-18.5,21.7,8,4,3,1,0,,3.8,13.4,NW,17,15,1,1,0,0,0,0,0,0
2025,11,169.0,흑산도,10.0,-36.1,7.8,8,5,2,0,0,,6.2,16.9,NNW,17,9,5,2,0,6,1,0,0,0
2025,11,170.0,완도,-,-,20.0,8,-,-,-,-,,2.3,8.8,WNW,27,12,2,1,,0,,,,
2025,11,172.0,고창,30.5,-28.6,8.3,8,7,6,0,0,,2.5,14.3,WNW,27,12,4,0,,1,,,,
2025,11,174.0,순천,33.9,,14.1,8,5,4,1,0,,1.6,6.7,NW,25,13,0,0,,0,,,,
2025,11,177.0,홍성,18.9,,8.6,1,4,3,0,0,,1.8,7.7,WNW,25,12,5,1,8,0,2,1,7,5
2025,11,181.0,서청주,18.1,,9.7,27,5,3,0,0,,1.5,9.0,NW,2,13,2,1,,0,,,,
2025,11,184.0,제주,53.0,-16.5,37.6,8,7,5,1,1,,3.4,10.2,WSW,27,5,7,1,0,0,2,0,0,0
2025,11,185.0,고산,16.9,-43.3,15.1,8,4,2,1,0,,7.8,24.3,WNW,25,9,4,1,,11,,,,
2025,11,188.0,성산,55.3,-47.5,48.8,8,7,3,1,1,,2.8,9.4,WNW,25,9,5,2,,0,,,,
2025,11,189.0,서귀포,34.0,-52.2,31.6,8,5,3,1,1,,2.0,7.3,SW,27,8,5,1,0,0,1,0,0,0
2025,11,192.0,진주,24.5,-20.2,15.8,8,5,3,1,0,,0.5,5.7,W,27,15,0,0,,0,,,,
2025,11,201.0,강화,20.4,-25.9,11.1,27,3,2,1,0,,1.6,6.5,WSW,27,20,2,1,,0,,,,
2025,11,202.0,양평,19.2,-27.2,8.8,27,4,3,0,0,,1.1,7.2,W,27,11,3,0,,0,,,,
2025,11,203.0,이천,15.5,-29.6,9.7,27,3,3,0,0,,0.8,4.5,WSW,27,14,2,1,,0,,,,
2025,11,211.0,인제,19.0,-21.9,9.9,25,4,3,0,0,,1.3,5.3,SSW,21,14,3,3,,0,,,,
2025,11,212.0,홍천,20.1,-20.8,12.1,25,4,3,1,0,,0.8,5.7,WNW,9,14,4,3,,0,,,,
2025,11,216.0,태백,9.8,-35.4,4.0,8,5,3,0,0,,1.4,6.2,SSW,27,17,2,1,,0,,,,
2025,11,217.0,정선군,9.6,-37.7,4.0,25,5,3,0,0,,1.3,6.6,NW,2,15,3,2,,0,,,,
2025,11,221.0,제천,14.6,-28.8,7.9,27,2,2,0,0,,1.3,7.2,WSW,2,14,2,1,,0,,,,
2025,11,226.0,보은,24.6,-20.6,13.2,25,6,4,1,0,,1.0,5.5,NNW,2,11,2,0,,0,,,,
2025,11,232.0,천안,18.3,-29.3,8.8,27,4,4,0,0,,1.0,5.2,W,2,14,2,6,,0,,,,
2025,11,235.0,보령,18.2,-35.5,9.5,27,5,4,0,0,,1.8,7.7,S,29,13,4,1,,0,,,,
2025,11,236.0,부여,15.9,-35.9,7.5,27,7,4,0,0,,0.3,2.3,W,27,13,3,1,,0,,,,
2025,11,238.0,금산,25.7,-21.5,11.0,27,7,5,1,0,,0.9,5.4,WNW,27,11,2,0,,0,,,,
2025,11,239.0,세종,19.5,,9.4,27,5,4,0,0,,1.0,5.3,NNW,17,15,2,0,,0,,,,
2025,11,243.0,부안,21.5,-30.8,7.7,27,9,6,0,0,,1.2,7.0,W,27,14,4,1,,0,,,,
2025,11,244.0,임실,28.0,-22.7,7.8,25,6,6,0,0,,0.9,5.7,NNW,25,12,4,0,,0,,,,
2025,11,245.0,정읍,29.4,-26.2,7.0,1,8,6,0,0,,1.8,8.9,S,27,12,6,0,,0,,,,
2025,11,247.0,남원,29.7,-15.6,10.2,8,7,5,1,0,,1.3,6.1,NW,2,11,2,0,,0,,,,
2025,11,248.0,장수,40.6,-11.5,12.1,25,6,6,1,0,,1.3,7.2,WNW,27,12,6,0,,0,,,,
2025,11,251.0,고창군,27.5,,8.0,8,7,6,0,0,,1.4,7.2,W,27,12,6,1,,0,,,,
2025,11,252.0,영광군,31.1,-26.2,8.9,8,7,6,0,0,,1.5,7.5,WNW,27,12,5,0,,0,,,,
2025,11,253.0,김해시,24.1,-22.9,14.3,9,5,3,1,0,,1.4,7.8,NW,27,17,1,0,,0,,,,
2025,11,254.0,순창군,36.3,-22.9,12.7,8,6,6,1,0,,1.5,8.2,NW,27,13,3,0,,0,,,,
2025,11,255.0,북창원,26.7,,18.0,9,5,3,1,0,,1.4,7.1,NW,17,17,0,0,,0,,,,
2025,11,257.0,양산시,23.3,-28.9,14.7,9,4,3,1,0,,1.5,5.9,W,2,18,1,0,,0,,,,
2025,11,258.0,보성군,23.7,,13.7,8,5,4,1,0,,2.7,10.8,NNW,25,12,2,0,,0,,,,
2025,11,259.0,강진군,22.3,-42.6,10.5,8,7,5,1,0,,1.5,6.6,NW,17,12,3,0,,0,,,,
2025,11,260.0,장흥,27.2,-27.6,11.6,8,7,5,1,0,,1.5,9.1,W,27,13,3,0,,0,,,,
2025,11,261.0,해남,25.1,-26.0,9.2,8,8,6,0,0,,1.7,9.8,W,25,12,3,1,,0,,,,
2025,11,262.0,고흥,26.1,-25.3,17.8,8,7,4,1,0,,1.7,8.9,WNW,2,14,2,0,,0,,,,
2025,11,263.0,의령군,20.1,-28.0,10.9,8,4,2,1,0,,1.4,9.7,WNW,27,14,0,0,,0,,,,
2025,11,264.0,함양군,24.0,-26.9,9.4,8,5,4,0,0,,1.6,7.1,NW,2,11,3,1,,0,,,,
2025,11,266.0,광양시,22.2,,12.1,8,4,4,1,0,,1.6,8.6,WNW,17,14,1,0,,0,,,,
2025,11,268.0,진도군,11.3,-40.8,7.4,8,7,3,0,0,,2.3,8.8,N,17,11,3,2,,0,,,,
2025,11,271.0,봉화,4.9,-28.3,2.2,27,5,2,0,0,,1.0,6.9,NNW,18,20,1,0,,0,,,,
2025,11,272.0,영주,9.5,-32.7,6.1,25,3,2,0,0,,2.6,10.0,NW,2,18,2,1,,0,,,,
2025,11,273.0,문경,19.8,-21.1,9.7,25,5,3,0,0,,1.8,8.4,WNW,10,19,1,1,,0,,,,
2025,11,276.0,청송군,12.9,-24.7,8.3,9,6,2,0,0,,1.7,8.4,WNW,2,17,1,0,,0,,,,
2025,11,277.0,영덕,7.4,-42.4,6.6,9,3,1,0,0,,2.4,10.4,W,28,18,2,0,,0,,,,
2025,11,278.0,의성,14.9,-15.6,7.0,9,6,3,0,0,,0.8,6.8,NW,18,16,1,0,,0,,,,
2025,11,279.0,구미,14.1,-18.7,7.9,9,6,2,0,0,,1.1,5.3,W,2,13,0,0,,0,,,,
2025,11,281.0,영천,12.0,-19.6,8.0,9,3,2,0,0,,1.5,8.0,W,27,17,0,0,,0,,,,
2025,11,283.0,경주시,12.4,-25.4,8.7,9,2,2,0,0,,2.4,9.3,NW,25,16,1,1,,0,,,,
2025,11,284.0,거창,18.7,-19.1,7.5,8,5,4,0,0,,1.6,8.5,WNW,2,12,2,0,,0,,,,
2025,11,285.0,합천,16.8,-17.9,8.6,8,3,2,0,0,,0.6,3.8,NW,25,16,1,0,,0,,,,
2025,11,288.0,밀양,18.3,-21.8,9.4,9,4,2,0,0,,1.1,7.0,NNW,18,17,0,0,,0,,,,
2025,11,289.0,산청,23.4,-20.2,11.2,8,5,4,1,0,,1.6,9.4,W,25,12,1,0,,0,,,,
2025,11,294.0,거제,31.0,-28.0,16.8,8,3,3,2,0,,1.2,6.7,WNW,27,17,1,1,,0,,,,
2025,11,295.0,남해,39.2,-23.7,25.1,8,4,3,2,0,,1.6,6.9,WNW,27,15,1,1,,0,,,,
2025,11,296.0,북부산,27.0,,15.6,9,5,3,1,0,,1.3,6.5,WSW,2,18,1,0,0,0,0,0,11,9
2025,12,,,,,,,,,,,,,,,,,,,,,,,,
2026,1,,,,,,,,,,,,,,,,,,,,,,,,
2026,2,,,,,,,,,,,,,,,,,,,,,,,,
2026,3,,,,,,,,,,,,,,,,,,,,,,,,
2026,4,,,,,,,,,,,,,,,,,,,,,,,,
2026,5,,,,,,,,,,,,,,,,,,,,,,,,
2026,6,,,,,,,,,,,,,,,,,,,,,,,,
2026,7,,,,,,,,,,,,,,,,,,,,,,,,
2026,8,,,,,,,,,,,,,,,,,,,,,,,,
2026,9,,,,,,,,,,,,,,,,,,,,,,,,
2026,10,,,,,,,,,,,,,,,,,,,,,,,,
2026,11,,,,,,,,,,,,,,,,,,,,,,,,
2026,12,,,,,,,,,,,,,,,,,,,,,,,,
